segment_index,z_lo,z_hi,ell_min,ell_max,ell_effective,theory_cl,ensemble_mean_theoretical_normalization_cl,ensemble_mean_measured_normalization_cl,realization_std_cl,ensemble_sem_cl,theoretical_normalization_mean_over_theory,measured_normalization_mean_over_theory,mean_minus_theory_over_sem,theory_model,linear_power_evolution
0,0.44933801,0.49256256,20,39,30.608333333333334,2.487423607055759e-05,2.458879919548325e-05,2.492045406224715e-05,9.407543174473692e-07,3.3260687864877834e-07,0.9885247983389449,1.0018580667787529,-0.8581809138582231,linear-baseline,scale_dependent_camb
0,0.44933801,0.49256256,40,59,50.165,2.0541165629446033e-05,2.0352029338165938e-05,2.062694443402193e-05,8.348312434437525e-07,2.951574166927374e-07,0.990792329184622,1.0041759462984385,-0.6407980304184206,linear-baseline,scale_dependent_camb
0,0.44933801,0.49256256,60,79,69.975,1.704139657082589e-05,1.674213462394358e-05,1.6969060087024477e-05,3.081093406949127e-07,1.0893310207614453e-07,0.9824391184350095,0.9957552490782798,-2.747208526872972,linear-baseline,scale_dependent_camb
0,0.44933801,0.49256256,80,99,89.86944444444444,1.4359994089897396e-05,1.4117325560304327e-05,1.4308741281975448e-05,4.828429467287113e-07,1.7071076093998335e-07,0.9831010703713456,0.996430861489142,-1.4215186450863717,linear-baseline,scale_dependent_camb
0,0.44933801,0.49256256,100,119,109.80227272727272,1.160999327587315e-05,1.1376592916729949e-05,1.1531156948659444e-05,2.2903177763375979e-07,8.097496153602049e-08,0.9798965982496964,0.9932096147396108,-2.882376906587066,linear-baseline,scale_dependent_camb
0,0.44933801,0.49256256,120,139,129.75576923076923,9.384456188821834e-06,9.169537154058661e-06,9.29362841944728e-06,1.192107570808246e-07,4.2147367361116656e-08,0.9770984028867682,0.9903214669505579,-5.099227976014653,linear-baseline,scale_dependent_camb
0,0.44933801,0.49256256,140,159,149.72166666666666,8.024935199791436e-06,7.87286426345966e-06,7.979162322162765e-06,1.7557330327372796e-07,6.207453667008765e-08,0.9810501975971434,0.9942961685684565,-2.449811863115458,linear-baseline,scale_dependent_camb
0,0.44933801,0.49256256,160,179,169.6955882352941,6.991730406018643e-06,6.901569355525622e-06,6.995032912801536e-06,9.924196533061823e-08,3.50873333317802e-08,0.987104615702086,1.0004723446973942,-2.5696182049650953,linear-baseline,scale_dependent_camb
0,0.44933801,0.49256256,180,199,189.675,5.910421964262967e-06,5.840314490319272e-06,5.9193404147741e-06,1.2052114467812586e-07,4.2610659339133884e-08,0.9881383301619417,1.001508936344149,-1.6453036641774808,linear-baseline,scale_dependent_camb
0,0.44933801,0.49256256,200,219,209.65833333333333,5.010689938867396e-06,4.9757044087376145e-06,5.0430793811997944e-06,7.274190743362257e-08,2.5718148011379322e-08,0.9930178217856981,1.0064640683673434,-1.3603440696547073,linear-baseline,scale_dependent_camb
0,0.44933801,0.49256256,220,239,229.64456521739132,4.419629666657915e-06,4.440397797439243e-06,4.500601829228605e-06,7.454717446985237e-08,2.635640629296464e-08,1.0046990658375756,1.0183210288367714,0.7879727816637703,linear-baseline,scale_dependent_camb
0,0.44933801,0.49256256,240,259,249.633,3.9542825000415826e-06,3.996356157201704e-06,4.050410646146315e-06,5.6652366062700946e-08,2.0029636106599233e-08,1.0106400231039838,1.0243098832983535,2.1005702218553473,linear-baseline,scale_dependent_camb
0,0.44933801,0.49256256,260,279,269.6231481481482,3.4754761431467874e-06,3.5732422983776842e-06,3.6216009196790035e-06,2.5223614198251543e-08,8.917894322808473e-09,1.0281302909886691,1.0420445344792126,10.962919237655617,linear-baseline,scale_dependent_camb
0,0.44933801,0.49256256,280,299,289.6146551724138,3.051636622293661e-06,3.1704154757890905e-06,3.2133718294548226e-06,4.872707315825364e-08,1.7227621928787074e-08,1.0389230004082706,1.0529994973777705,6.894674957833381,linear-baseline,scale_dependent_camb
0,0.44933801,0.49256256,300,319,309.60725806451615,2.742459674969992e-06,2.862724877921714e-06,2.90146104734488e-06,3.368538358678934e-08,1.1909581580544384e-08,1.0438530433279891,1.0579776518962407,10.098188768292967,linear-baseline,scale_dependent_camb
0,0.44933801,0.49256256,320,339,329.6007575757576,2.495496283545896e-06,2.6156503804355492e-06,2.6510527371395414e-06,2.2251961052023652e-08,7.867256277292432e-09,1.0481483774116962,1.062334876881729,15.272681180662515,linear-baseline,scale_dependent_camb
0,0.44933801,0.49256256,340,359,349.595,2.2539639151253054e-06,2.3733418440955817e-06,2.4055172468469467e-06,3.5973401388999775e-08,1.2718518032253653e-08,1.052963549313805,1.0672385794220738,9.386150860307675,linear-baseline,scale_dependent_camb
0,0.44933801,0.49256256,360,379,369.58986486486486,2.0319053577747207e-06,2.1899432317760022e-06,2.2195873603777104e-06,1.484599503730928e-08,5.248851882171611e-09,1.0777781668799573,1.092367492356304,30.109036709166276,linear-baseline,scale_dependent_camb
0,0.44933801,0.49256256,380,399,389.5852564102564,1.8542656562809262e-06,2.006083666977722e-06,2.033288284879908e-06,2.167623866689672e-08,7.66370767599036e-09,1.0818750054408575,1.0965463756461116,19.809994993993143,linear-baseline,scale_dependent_camb
0,0.44933801,0.49256256,400,419,409.5810975609756,1.7081854799838929e-06,1.850032954982969e-06,1.8750480410239521e-06,1.920880477527494e-08,6.791338057542723e-09,1.0830398552506217,1.0976840998798518,20.886528368520075,linear-baseline,scale_dependent_camb
0,0.44933801,0.49256256,420,439,429.57732558139537,1.5723494085925117e-06,1.7238364675291001e-06,1.747191183491725e-06,1.7488040803290313e-08,6.1829561208368086e-09,1.0963443990939596,1.1111977871736047,24.500749475816438,linear-baseline,scale_dependent_camb
0,0.44933801,0.49256256,440,459,449.5738888888889,1.4460513925321703e-06,1.6112979282323113e-06,1.6330586341046905e-06,2.7414034528607306e-08,9.692324857430191e-09,1.1142743173261491,1.129322680050156,17.049215552599026,linear-baseline,scale_dependent_camb
0,0.44933801,0.49256256,460,479,469.5707446808511,1.338185262436382e-06,1.5004741877609417e-06,1.5207372966566361e-06,2.6632258559935616e-08,9.415925313021974e-09,1.121275379336555,1.136417609238865,17.235579077939217,linear-baseline,scale_dependent_camb
0,0.44933801,0.49256256,480,499,489.5678571428571,1.2466404427660918e-06,1.4022738852861603e-06,1.421259906108466e-06,1.1495579509939535e-08,4.064301112573687e-09,1.124842285859701,1.1400720346878224,38.292793326406574,linear-baseline,scale_dependent_camb
0,0.44933801,0.49256256,500,519,509.56519607843137,1.1636314766249532e-06,1.3162605587021703e-06,1.3340701032497228e-06,1.1605735537269382e-08,4.103247149530439e-09,1.1311661682785594,1.14647130990227,37.19714570317399,linear-baseline,scale_dependent_camb
0,0.44933801,0.49256256,520,539,529.5627358490566,1.0869276392882503e-06,1.2468161269518828e-06,1.263660885974243e-06,1.6729977975578265e-08,5.9149404378164894e-09,1.1471013174053903,1.1625989075056757,27.03129293431324,linear-baseline,scale_dependent_camb
0,0.44933801,0.49256256,540,559,549.5604545454545,1.018798113385166e-06,1.1689602587132127e-06,1.1847688880458138e-06,1.2949387234351077e-08,4.578299762810079e-09,1.1473914638780613,1.162908404010659,32.79867049069762,linear-baseline,scale_dependent_camb
0,0.44933801,0.49256256,560,579,569.5583333333333,9.59285742192889e-07,1.1139847732748692e-06,1.1290655676912912e-06,5.499191951326976e-09,1.9442579599148935e-09,1.1612648080522332,1.1769856655122304,79.56713269094803,linear-baseline,scale_dependent_camb
0,0.44933801,0.49256256,580,599,589.5563559322034,9.057137000811669e-07,1.0489101663351217e-06,1.063109504260559e-06,9.143836799017687e-09,3.23283450332425e-09,1.1581034561375432,1.1737809687159273,44.29440050417337,linear-baseline,scale_dependent_camb
0,0.44933801,0.49256256,600,619,609.5545081967213,8.565412460830661e-07,9.915142989686433e-07,1.004938048277452e-06,7.184764453627927e-09,2.5401978331941836e-09,1.1575791632951762,1.1732512040406688,53.1348586798276,linear-baseline,scale_dependent_camb
0,0.44933801,0.49256256,620,639,629.5527777777778,8.120421143857297e-07,9.451116228233741e-07,9.579028966352485e-07,5.27241280102407e-09,1.8640794224094397e-09,1.163870205843086,1.179622189127291,71.3861796004613,linear-baseline,scale_dependent_camb
0,0.44933801,0.49256256,640,659,649.5511538461539,7.722312137302155e-07,9.018724008031032e-07,9.140752350022753e-07,6.755023779904234e-09,2.3882615609233343e-09,1.1678787191813498,1.1836807665244338,54.28265864764271,linear-baseline,scale_dependent_camb
0,0.44933801,0.49256256,660,679,669.5496268656716,7.362893150373107e-07,8.545237592032864e-07,8.66103206571479e-07,4.997616235504375e-09,1.7669241649465645e-09,1.1605815020689039,1.17630826481244,66.91540390447449,linear-baseline,scale_dependent_camb
0,0.44933801,0.49256256,680,699,689.5481884057971,7.033830419823703e-07,8.151988659401852e-07,8.262350226410353e-07,9.893608330166855e-09,3.4979187703323487e-09,1.1589686092554639,1.1746587184024606,31.966386671463777,linear-baseline,scale_dependent_camb
0,0.44933801,0.49256256,700,719,709.5468309859154,6.732861355877446e-07,7.819099230901433e-07,7.924949221364252e-07,3.376764079926585e-09,1.1938663896916206e-09,1.1613337654837874,1.177055163098847,90.98487773866941,linear-baseline,scale_dependent_camb
0,0.44933801,0.49256256,720,739,729.5455479452055,6.459364166275889e-07,7.515908466610513e-07,7.617737299430233e-07,5.38833100773694e-09,1.9050626974242668e-09,1.1635678486515444,1.179332377512042,55.45981776679162,linear-baseline,scale_dependent_camb
0,0.44933801,0.49256256,740,759,749.5443333333334,6.21042195410915e-07,7.211480844185299e-07,7.30907635878677e-07,6.496367547746793e-09,2.29681277304599e-09,1.1611901570413898,1.1769049531249145,43.58469709956218,linear-baseline,scale_dependent_camb
0,0.44933801,0.49256256,760,779,769.5431818181818,5.981750667119291e-07,6.907307150844827e-07,7.000710783125329e-07,7.807780168245434e-09,2.7604671514900943e-09,1.1547300339369158,1.1703447991583962,33.52898016648822,linear-baseline,scale_dependent_camb
0,0.44933801,0.49256256,780,799,789.5420886075949,5.771275631573068e-07,6.616527000774403e-07,6.705998875453222e-07,7.1946458020202584e-09,2.543691417421926e-09,1.1464583262281212,1.1619612895919473,33.22932032604849,linear-baseline,scale_dependent_camb
0,0.44933801,0.49256256,800,819,809.5410493827161,5.577699458856299e-07,6.379504078632545e-07,6.465901970320335e-07,8.39906056024163e-09,2.96951633887167e-09,1.1437518506851667,1.159241730038671,27.00118565708612,linear-baseline,scale_dependent_camb
0,0.44933801,0.49256256,820,839,829.5400602409638,5.399644428580918e-07,6.140770406417798e-07,6.223927114829456e-07,3.4466106120035948e-09,1.2185608679286292e-09,1.1372545891936918,1.1526549937039405,60.81977497740292,linear-baseline,scale_dependent_camb
0,0.44933801,0.49256256,840,859,849.5391176470588,5.235303695900366e-07,5.940199911182116e-07,6.020575542087403e-07,4.968878729991236e-09,1.7567639224352015e-09,1.1346428509646416,1.1499954714760794,40.12469781964975,linear-baseline,scale_dependent_camb
0,0.44933801,0.49256256,860,879,869.5382183908046,5.083061486184499e-07,5.722028205219317e-07,5.799465087533688e-07,4.589513368722385e-09,1.6226380126849568e-09,1.1257050934307005,1.1409393931779768,39.37826638102287,linear-baseline,scale_dependent_camb
0,0.44933801,0.49256256,880,899,889.5373595505617,4.941703359301077e-07,5.516012310884611e-07,5.590701705145383e-07,3.6711441252836488e-09,1.297945452850612e-09,1.1162168001247166,1.1313308992177336,44.24754139877049,linear-baseline,scale_dependent_camb
0,0.44933801,0.49256256,900,919,909.5365384615385,4.810176594870421e-07,5.301322059918585e-07,5.373129835664622e-07,2.645219926831232e-09,9.352264739960734e-10,1.1021054955803333,1.1170337990074075,52.51620636331839,linear-baseline,scale_dependent_camb
0,0.44933801,0.49256256,920,939,929.535752688172,4.6875392207042766e-07,5.167790531675317e-07,5.237766493043021e-07,4.720679764447135e-09,1.6690123366253412e-09,1.1024527557763848,1.117380835963667,28.77458125576736,linear-baseline,scale_dependent_camb
0,0.44933801,0.49256256,940,959,949.535,4.5729481218532337e-07,4.994048543891935e-07,5.061604497176006e-07,4.350223081405716e-09,1.53803612026811e-09,1.0920851080786034,1.106858062305054,27.379098350778342,linear-baseline,scale_dependent_camb
0,0.44933801,0.49256256,960,979,969.5342783505155,4.465648585597536e-07,4.836446400382965e-07,4.901922928331731e-07,3.149982835251517e-09,1.1136871117137874e-09,1.0830333618237034,1.0976956279410908,33.29461308166082,linear-baseline,scale_dependent_camb
0,0.44933801,0.49256256,980,999,989.5335858585859,4.3649646329598656e-07,4.699614223232484e-07,4.763243025636255e-07,3.2275489406535814e-09,1.1411108712738025e-09,1.0766671939895407,1.0912443573239947,29.326649907300833,linear-baseline,scale_dependent_camb
0,0.44933801,0.49256256,1000,1019,1009.5329207920792,4.2702906847871405e-07,4.5617706395665107e-07,4.6234639743604013e-07,4.5500692580270235e-09,1.6086924136096755e-09,1.0682576377804358,1.0827047420522065,18.119060692611267,linear-baseline,scale_dependent_camb
0,0.44933801,0.49256256,1020,1039,1029.532281553398,4.1810842136098704e-07,4.444256885250112e-07,4.5043748384872064e-07,3.477106545784824e-09,1.2293428087162907e-09,1.062943642891379,1.077322198827039,21.407590281107407,linear-baseline,scale_dependent_camb
0,0.44933801,0.49256256,1040,1059,1049.5316666666668,4.0968586779707177e-07,4.320931783554184e-07,4.3794246407497857e-07,3.3427879583688766e-09,1.1818540167156834e-09,1.0546938821171288,1.0689713717240132,18.959457125352497,linear-baseline,scale_dependent_camb
0,0.44933801,0.49256256,1060,1079,1069.5310747663552,4.0171773457868895e-07,4.1955890866911525e-07,4.252414482567924e-07,3.078481764331008e-09,1.0884076656587913e-09,1.0444122142357934,1.0585578172265024,16.391995989505826,linear-baseline,scale_dependent_camb
0,0.44933801,0.49256256,1080,1099,1089.530504587156,3.941645245155796e-07,4.059754650674156e-07,4.1146468951878605e-07,4.609923443169124e-09,1.6298540637078627e-09,1.0299644940557535,1.0438907205676817,7.246624599607718,linear-baseline,scale_dependent_camb
0,0.44933801,0.49256256,1100,1119,1109.529954954955,3.8699069332567863e-07,3.9706051268505186e-07,4.024378142108089e-07,4.01912904335698e-09,1.420976700510761e-09,1.0260208308185303,1.0399160009569803,7.086547834143722,linear-baseline,scale_dependent_camb
0,0.44933801,0.49256256,1120,1139,1129.529424778761,3.801644049321373e-07,3.8758864810761136e-07,3.9283563740750805e-07,2.156802743798427e-09,7.625449229108098e-10,1.0195290329109044,1.0333309281747003,9.736138753811424,linear-baseline,scale_dependent_camb
0,0.44933801,0.49256256,1140,1159,1149.5289130434783,3.736571149751338e-07,3.781087398109882e-07,3.83225379258029e-07,3.1555540493039457e-09,1.1156568333317445e-09,1.0119136627069196,1.0256070710269547,3.9901380987918116,linear-baseline,scale_dependent_camb
0,0.44933801,0.49256256,1160,1179,1169.5284188034188,3.6744321666330455e-07,3.684354143095165e-07,3.7342470443330027e-07,1.949783937203646e-09,6.893527219226518e-10,1.0027002747668659,1.0162786724553325,1.4393178044537926,linear-baseline,scale_dependent_camb
0,0.44933801,0.49256256,1180,1199,1189.5279411764707,3.6149971338264646e-07,3.59544085265282e-07,3.644079175140501e-07,2.5843775176633106e-09,9.137154339428917e-10,0.9945902360500782,1.0080448310849013,-2.140303254948315,linear-baseline,scale_dependent_camb
0,0.44933801,0.49256256,1200,1219,1209.527479338843,3.5580593116915784e-07,3.5269912274757605e-07,3.5747462079871307e-07,3.184613079189422e-09,1.1259307518751058e-09,0.9912682500503209,1.004689887051832,-2.7593246000322544,linear-baseline,scale_dependent_camb
0,0.44933801,0.49256256,1220,1239,1229.5270325203253,3.5034325860572624e-07,3.462870108818831e-07,3.5098054200949375e-07,1.7585772693570097e-09,6.217509562014316e-10,0.9884220757094457,1.001819025735799,-6.523910712779093,linear-baseline,scale_dependent_camb
0,0.44933801,0.49256256,1240,1259,1249.5266,3.4509492923446106e-07,3.358963654421265e-07,3.4044217935429637e-07,2.131614767312492e-09,7.536396284220238e-10,0.9733448306159116,0.9865174782762353,-12.205520311603804,linear-baseline,scale_dependent_camb
0,0.44933801,0.49256256,1260,1279,1269.5261811023622,3.4004579388495606e-07,3.2979679186371733e-07,3.3425917409471337e-07,3.5777348214775396e-09,1.2649202767770051e-09,0.969859935909967,0.9829828220366096,-8.10248851995084,linear-baseline,scale_dependent_camb
0,0.44933801,0.49256256,1280,1299,1289.5257751937984,3.351821728448457e-07,3.2282676639661334e-07,3.2719372758537396e-07,2.9495667466949022e-09,1.0428293240751544e-09,0.9631382351174398,0.976166855200949,-11.84796606979757,linear-baseline,scale_dependent_camb
0,0.44933801,0.49256256,1300,1319,1309.5253816793893,3.3049165866844433e-07,3.164094597651489e-07,3.206880647006863e-07,3.050413394728201e-09,1.0784839984172937e-09,0.9573901533247986,0.9703363346377429,-13.057401801010919,linear-baseline,scale_dependent_camb
0,0.44933801,0.49256256,1320,1339,1329.525,3.2596300888120643e-07,3.106019611772415e-07,3.1480436658778024e-07,3.000587104448625e-09,1.060867744548265e-09,0.9528748744936174,0.965767151519046,-14.479700964521198,linear-baseline,scale_dependent_camb
0,0.44933801,0.49256256,1340,1359,1349.5246296296295,3.215860158415637e-07,3.0518916478843905e-07,3.093225326299955e-07,1.6895703651314932e-09,5.973533312381549e-10,0.9490125495344831,0.9618656203707251,-27.44916650776575,linear-baseline,scale_dependent_camb
0,0.44933801,0.49256256,1360,1379,1369.5242700729927,3.17351395221651e-07,2.9828376059232636e-07,3.023198041693526e-07,2.2457028072698975e-09,7.939758417751055e-10,0.9399163359089471,0.9526342367526075,-24.015383877039383,linear-baseline,scale_dependent_camb
0,0.44933801,0.49256256,1380,1399,1389.5239208633093,3.1325066208338764e-07,2.9282068777720477e-07,2.967797182549422e-07,3.2879235939633842e-09,1.1624565346573767e-09,0.9347807466062295,0.9474192848663131,-17.57482856097016,linear-baseline,scale_dependent_camb
0,0.44933801,0.49256256,1400,1419,1409.5235815602837,3.0927604310367484e-07,2.879560735829286e-07,2.91853512282574e-07,2.727513481780829e-09,9.643216393724773e-10,0.9310649175836765,0.9436667300633418,-22.10877434485449,linear-baseline,scale_dependent_camb
0,0.44933801,0.49256256,1420,1439,1429.5232517482518,3.054204024216817e-07,2.8351190825518574e-07,2.8735023739908667e-07,2.08766502087632e-09,7.381010465538005e-10,0.928267745072748,0.9408351083316094,-29.68224238237692,linear-baseline,scale_dependent_camb
0,0.44933801,0.49256256,1440,1459,1449.5229310344828,3.016771749974069e-07,2.777928275427577e-07,2.815518996352055e-07,1.5869644445482656e-09,5.610766601210106e-10,0.9208281254461677,0.9332887038524728,-42.56877741002088,linear-baseline,scale_dependent_camb
0,0.44933801,0.49256256,1460,1479,1469.522619047619,2.980403048590131e-07,2.7391356936738e-07,2.7762014323268086e-07,3.0061167376429376e-09,1.0628227651128513e-09,0.9190487491178546,0.9314852344014615,-22.70061978684779,linear-baseline,scale_dependent_camb
0,0.44933801,0.49256256,1480,1499,1489.5223154362416,2.9450419091991886e-07,2.701924898372675e-07,2.738473788828713e-07,2.316239883881918e-09,8.189144643738227e-10,0.9174487092808056,0.9298590217934639,-29.687717265125052,linear-baseline,scale_dependent_camb
0,0.44933801,0.49256256,1500,1519,1509.5220198675497,2.9106364089647223e-07,2.6511016430748655e-07,2.6870016746230787e-07,1.8343873725301521e-09,6.48553875219522e-10,0.9108322959575118,0.9231663791283407,-40.017456653390546,linear-baseline,scale_dependent_camb
0,0.44933801,0.49256256,1520,1539,1529.5217320261438,2.877138372551588e-07,2.6070469427650436e-07,2.6423243658451083e-07,1.979365456657128e-09,6.998113684243311e-10,0.9061249773861192,0.9183862656914081,-38.59489027660012,linear-baseline,scale_dependent_camb
0,0.44933801,0.49256256,1540,1559,1549.5214516129033,2.8445029867641426e-07,2.568737243266014e-07,2.603470061548657e-07,2.784299082309776e-09,9.843983809763619e-10,0.9030531010931245,0.9152636062127393,-28.01363236951021,linear-baseline,scale_dependent_camb
0,0.44933801,0.49256256,1560,1579,1569.521178343949,2.8126883990461753e-07,2.536939793505708e-07,2.571269555759881e-07,2.132251728862404e-09,7.538648283376727e-10,0.9019626185275349,0.9141679386283376,-36.577990532933214,linear-baseline,scale_dependent_camb
0,0.44933801,0.49256256,1580,1599,1589.5209119496856,2.781655499564522e-07,2.495783388264705e-07,2.529520816048107e-07,2.695916974505743e-09,9.531505870944658e-10,0.897229505470907,0.9093580482716543,-29.992334387712518,linear-baseline,scale_dependent_camb
0,0.44933801,0.49256256,1600,1619,1609.520652173913,2.7513678059955817e-07,2.468407187375963e-07,2.50181460443522e-07,1.9870562054031975e-09,7.025304587197051e-10,0.8971563823626156,0.90929849472813,-40.277345289097845,linear-baseline,scale_dependent_camb
0,0.44933801,0.49256256,1620,1639,1629.520398773006,2.721790959783926e-07,2.429556910567392e-07,2.4624063146203707e-07,2.3931712031523476e-09,8.461137931446968e-10,0.8926317070140707,0.9047007470462952,-34.53838615848665,linear-baseline,scale_dependent_camb
0,0.44933801,0.49256256,1640,1659,1649.5201515151516,2.6928928687370734e-07,2.39784038059308e-07,2.430274349212343e-07,1.8790487530098816e-09,6.643440577167066e-10,0.8904328903799398,0.9024771751696551,-44.41260288502668,linear-baseline,scale_dependent_camb
0,0.44933801,0.49256256,1660,1679,1669.5199101796406,2.6646431710219803e-07,2.3564024609686066e-07,2.388289706450427e-07,1.643399557621169e-09,5.810294856964504e-10,0.884321955973132,0.8962887535648676,-53.05078617204793,linear-baseline,scale_dependent_camb
0,0.44933801,0.49256256,1680,1699,1689.519674556213,2.637013409737035e-07,2.3334342240242162e-07,2.3649883675417282e-07,2.0550221677074356e-09,7.26560055137303e-10,0.8848776481030136,0.8968435119856166,-41.78308228842134,linear-baseline,scale_dependent_camb
0,0.44933801,0.49256256,1700,1719,1709.5194444444444,2.609976699310672e-07,2.3036420763056862e-07,2.3348335315082198e-07,1.2132972919121542e-09,4.289653713531791e-10,0.882629364819275,0.8945802206298927,-71.41243640218497,linear-baseline,scale_dependent_camb
0,0.44933801,0.49256256,1720,1739,1729.519219653179,2.5835076688948254e-07,2.275246676313178e-07,2.3060256208604562e-07,1.7833963726517492e-09,6.305258343227715e-10,0.8806812163582562,0.8925948425177036,-48.88951027878836,linear-baseline,scale_dependent_camb
0,0.44933801,0.49256256,1740,1759,1749.519,2.5575824555660964e-07,2.2493710254445912e-07,2.2798200658260269e-07,1.3670667075824413e-09,4.833310696329556e-10,0.8794911071387977,0.8913965064408492,-63.768180753528384,linear-baseline,scale_dependent_camb
0,0.44933801,0.49256256,1760,1779,1769.5187853107345,2.5321785038086966e-07,2.2230236112102228e-07,2.25308222962558e-07,2.2213937568354234e-09,7.853812945718942e-10,0.8779095185692999,0.8897801739635169,-39.36366892554933,linear-baseline,scale_dependent_camb
0,0.44933801,0.49256256,1780,1799,1789.5185754189945,2.507274505294511e-07,2.199592439658408e-07,2.2293370677290096e-07,1.892688732323407e-09,6.691665186506257e-10,0.8772842522881387,0.8891475835698914,-45.97989544613558,linear-baseline,scale_dependent_camb
0,0.44933801,0.49256256,1800,1819,1809.5183701657459,2.482850305352735e-07,2.1676304726044355e-07,2.1969850131974245e-07,1.074672339885946e-09,3.799540495434833e-10,0.8730411446599409,0.8848640646844401,-82.96261959230011,linear-baseline,scale_dependent_camb
0,0.44933801,0.49256256,1820,1839,1829.518169398907,2.458886865743495e-07,2.1523093836039282e-07,2.1814348748137146e-07,1.3550834943943843e-09,4.79094363980116e-10,0.8753185897201224,0.8871635800755366,-63.99104334950828,linear-baseline,scale_dependent_camb
0,0.44933801,0.49256256,1840,1859,1849.517972972973,2.4353661927171376e-07,2.1235276811457926e-07,2.152267485425761e-07,1.2050485643955076e-09,4.2604900577158865e-10,0.8719541592948588,0.8837551789386041,-73.19310862059055,linear-baseline,scale_dependent_camb
0,0.44933801,0.49256256,1860,1879,1869.5177807486632,2.4122712269000785e-07,2.1018575101304685e-07,2.130293692935912e-07,1.7943594966028998e-09,6.34401883967195e-10,0.8713188992564027,0.8831070358839684,-48.93013791643493,linear-baseline,scale_dependent_camb
0,0.44933801,0.49256256,1880,1899,1889.5175925925926,2.3895858379628123e-07,2.0829759153211624e-07,2.111128517385441e-07,2.4924433532827585e-09,8.81211798414788e-10,0.8716890944988847,0.8834704674954201,-34.79412363670239,linear-baseline,scale_dependent_camb
0,0.44933801,0.49256256,1900,1919,1909.5174083769634,2.3672947397862433e-07,2.0579056582908403e-07,2.0857510133189506e-07,1.6525049008712325e-09,5.84248710675026e-10,0.8693069028137411,0.8810694242100522,-52.95503025380112,linear-baseline,scale_dependent_camb
0,0.44933801,0.49256256,1920,1939,1929.5172279792746,2.345383462154468e-07,2.0419971945035694e-07,2.0696350248829657e-07,1.4214625280799021e-09,5.02562896403936e-10,0.8706453454002749,0.8824292736258147,-60.36782058957476,linear-baseline,scale_dependent_camb
0,0.44933801,0.49256256,1940,1959,1949.5170512820512,2.3238382925870394e-07,2.0148374369075492e-07,2.0420909074037197e-07,1.5456503051285817e-09,5.464699060497382e-10,0.8670299664717671,0.878757749159189,-56.54489886060913,linear-baseline,scale_dependent_camb
0,0.44933801,0.49256256,1960,1979,1969.5168781725888,2.302646215737911e-07,1.9994264107544266e-07,2.0264813216865618e-07,1.4794007705084659e-09,5.230471584595697e-10,0.868316807457843,0.8800662940907538,-57.97179089482095,linear-baseline,scale_dependent_camb
0,0.44933801,0.49256256,1980,1999,1989.5167085427136,2.2817949191256596e-07,1.9832284700927006e-07,2.0100667577740743e-07,1.8696374435233303e-09,6.610166573378138e-10,0.869152811880498,0.8809147311732527,-45.167764793614886,linear-baseline,scale_dependent_camb
0,0.44933801,0.49256256,2000,2019,2009.5165422885573,2.2612726971585697e-07,1.9650170504636223e-07,1.9916085858500667e-07,1.1868110892613747e-09,4.1960108460205546e-10,0.8689872092529083,0.8807467530796472,-70.604118427366,linear-baseline,scale_dependent_camb
0,0.44933801,0.49256256,2020,2039,2029.5163793103447,2.241068466487755e-07,1.9487551941117947e-07,1.9751159092954994e-07,1.8481642620728213e-09,6.534247412291617e-10,0.8695652200068305,0.88132778575522,-44.735568449105216,linear-baseline,scale_dependent_camb
0,0.44933801,0.49256256,2040,2059,2049.516219512195,2.2211716910636326e-07,1.933552695907579e-07,1.959679822033424e-07,2.4632806470749127e-09,8.709012247561287e-10,0.8705102373160879,0.8822730047919032,-33.02544387127175,linear-baseline,scale_dependent_camb
0,0.44933801,0.49256256,2060,2079,2069.5160628019325,2.2015723702258382e-07,1.9070635477368585e-07,1.9328647056005695e-07,1.3446935102451327e-09,4.754209498559377e-10,0.866227962127464,0.8779473851237947,-61.94695933745072,linear-baseline,scale_dependent_camb
0,0.44933801,0.49256256,2080,2099,2089.515909090909,2.182261051984182e-07,1.8966608785608434e-07,1.9223273327262664e-07,1.2432077323833579e-09,4.3954030899591146e-10,0.8691264855028862,0.8808878896401622,-64.97701520840386,linear-baseline,scale_dependent_camb
0,0.44933801,0.49256256,2100,2119,2109.5157582938386,2.163228701446145e-07,1.8849764155424478e-07,1.9104721892977054e-07,1.5006980258929636e-09,5.305768753110898e-10,0.8713717667865252,0.8831577484250885,-52.44334965419502,linear-baseline,scale_dependent_camb
0,0.44933801,0.49256256,2120,2139,2129.5156103286386,2.1444667651240179e-07,1.8731619862633686e-07,1.8984991600781428e-07,1.4088459026437132e-09,4.98102245703126e-10,0.8734861349809917,0.8853012744025202,-54.46768835134899,linear-baseline,scale_dependent_camb
0,0.44933801,0.49256256,2140,2159,2149.515465116279,2.1259671373827037e-07,1.8502688494940832e-07,1.8753005371301038e-07,1.4603853062316422e-09,5.163241765907934e-10,0.870318650255321,0.882092909224741,-53.396354536216464,linear-baseline,scale_dependent_camb
0,0.44933801,0.49256256,2160,2179,2169.5153225806453,2.1077220724910653e-07,1.839220597702837e-07,1.8641134566271677e-07,1.1299491957932359e-09,3.9949736937084145e-10,0.8726105883253891,0.8844209020518619,-67.20982298608993,linear-baseline,scale_dependent_camb
0,0.44933801,0.49256256,2180,2199,2189.5151826484016,2.089724244937253e-07,1.82405565701407e-07,1.848730771909621e-07,1.481918626789053e-09,5.239373550845979e-10,0.8728690694158262,0.8846769024135679,-50.70617419143297,linear-baseline,scale_dependent_camb
0,0.44933801,0.49256256,2200,2219,2209.515045248869,2.0719666941808354e-07,1.8056219491912147e-07,1.8300517467753343e-07,1.4912377333347972e-09,5.272321568011457e-10,0.8714531726124479,0.8832438049873463,-50.51754555442964,linear-baseline,scale_dependent_camb
0,0.44933801,0.49256256,2220,2239,2229.5149103139015,2.054442748031592e-07,1.8007978659990232e-07,1.8251584219131968e-07,1.7362809067170538e-09,6.13868001592178e-10,0.8765383546094961,0.8883958551105512,-41.31912420499109,linear-baseline,scale_dependent_camb
0,0.44933801,0.49256256,2240,2259,2249.514777777778,2.0371461626393852e-07,1.7831336020391844e-07,1.807265945773359e-07,1.1501357533301822e-09,4.0663439523243507e-10,0.8753096045542973,0.8871557568710795,-62.46706220092508,linear-baseline,scale_dependent_camb
0,0.44933801,0.49256256,2260,2279,2269.5146475770925,2.0200708991969132e-07,1.7743895773843957e-07,1.7983842647427702e-07,1.6520085680627341e-09,5.840732305277186e-10,0.8783798519595579,0.8902579931514902,-42.06344495373309,linear-baseline,scale_dependent_camb
0,0.44933801,0.49256256,2280,2299,2289.514519650655,2.0032113050885304e-07,1.753621524858893e-07,1.7773326220211203e-07,1.9355207513671134e-09,6.843099242094837e-10,0.8754051658975602,0.8872417091029609,-36.47320773814057,linear-baseline,scale_dependent_camb
0,0.44933801,0.49256256,2300,2319,2309.514393939394,1.986561917430511e-07,1.7433474138673793e-07,1.7669371892726453e-07,1.3025071068225112e-09,4.6050580388893423e-10,0.8775701369138728,0.8894448110422171,-52.814644573250774,linear-baseline,scale_dependent_camb
0,0.44933801,0.49256256,2320,2339,2329.514270386266,1.9701176312327456e-07,1.7275742213198082e-07,1.7509490157221658e-07,1.2174648839129606e-09,4.304388376356736e-10,0.8768888689346064,0.8887535383491588,-56.34793812872151,linear-baseline,scale_dependent_camb
0,0.44933801,0.49256256,2340,2359,2349.5141489361704,1.9538735175252374e-07,1.7220454614611172e-07,1.7453422775533729e-07,1.4870378592058192e-09,5.257472770627805e-10,0.8813495070255356,0.8932729073292376,-44.094960863950824,linear-baseline,scale_dependent_camb
0,0.44933801,0.49256256,2360,2379,2369.514029535865,1.9378249202838195e-07,1.707752510350337e-07,1.7308548526360603e-07,1.3331048114927928e-09,4.713237261194839e-10,0.881272860347061,0.8931946506202192,-48.81409468344002,linear-baseline,scale_dependent_camb
0,0.44933801,0.49256256,2380,2399,2389.513912133891,1.9219674072098809e-07,1.697069770941097e-07,1.7200291578807963e-07,1.3697798052905987e-09,4.842902945266855e-10,0.8829857179548806,0.8949314912565358,-46.43860073400491,linear-baseline,scale_dependent_camb
0,0.44933801,0.49256256,2400,2419,2409.5137966804978,1.906296729494316e-07,1.6891528918498757e-07,1.7120047512736422e-07,1.4880870328688514e-09,5.261182159686668e-10,0.8860912709523233,0.8980788377724314,-41.27282254324612,linear-baseline,scale_dependent_camb
0,0.44933801,0.49256256,2420,2439,2429.513683127572,1.8908088828901687e-07,1.675343947390706e-07,1.6979996462382997e-07,1.6058932288251904e-09,5.67768995981926e-10,0.8860461586312642,0.8980281728118639,-37.94940143338183,linear-baseline,scale_dependent_camb
0,0.44933801,0.49256256,2440,2459,2449.5135714285716,1.8755000158895616e-07,1.6609844336717963e-07,1.683442714191681e-07,1.638595651127837e-09,5.793310482676398e-10,0.8856221912021583,0.8975967474962742,-37.02815218677236,linear-baseline,scale_dependent_camb
0,0.44933801,0.49256256,2460,2479,2469.5134615384613,1.860366445050643e-07,1.652306509374947e-07,1.6746560306631759e-07,1.5121901871022562e-09,5.346399678718797e-10,0.888161853150371,0.900175357988457,-38.91589633746858,linear-baseline,scale_dependent_camb
0,0.44933801,0.49256256,2480,2499,2489.513353413655,1.8454046916524238e-07,1.6409089403946236e-07,1.663119441587843e-07,1.223453105397124e-09,4.325559936450231e-10,0.8891865008348443,0.9012220729202992,-47.27613401783528,linear-baseline,scale_dependent_camb
0,0.44933801,0.49256256,2500,2519,2509.513247011952,1.8306114093669094e-07,1.6334942219450233e-07,1.655598795947827e-07,1.154552093037322e-09,4.08195807109906e-10,0.8923216656395383,0.9043966335380768,-48.28986089237624,linear-baseline,scale_dependent_camb
0,0.44933801,0.49256256,2520,2539,2529.51314229249,1.8159833897657204e-07,1.6203181073299095e-07,1.6422444900173177e-07,1.2473806491756317e-09,4.410156578764835e-10,0.8922538149090374,0.9043279246233542,-44.36696950352077,linear-baseline,scale_dependent_camb
0,0.44933801,0.49256256,2540,2559,2549.513039215686,1.80151756526122e-07,1.609679275425941e-07,1.6314594734563168e-07,1.097966612409684e-09,3.8818981857565455e-10,0.893512950673083,0.9056028677798406,-49.41868144279818,linear-baseline,scale_dependent_camb
0,0.44933801,0.49256256,2560,2579,2569.512937743191,1.7872110145154368e-07,1.603110272277637e-07,1.62481653752849e-07,7.040355315666125e-10,2.4891414928351363e-10,0.8969899241093728,0.9091352528224114,-73.96154166716686,linear-baseline,scale_dependent_camb
0,0.44933801,0.49256256,2580,2599,2589.5128378378377,1.7730609215767344e-07,1.5903782147196902e-07,1.611896654593382e-07,1.2123192958625261e-09,4.286195975338463e-10,0.8969676085948646,0.9091039314994132,-42.62117455854746,linear-baseline,scale_dependent_camb
0,0.44933801,0.49256256,2600,2619,2609.5127394636015,1.759064576842494e-07,1.577146527049168e-07,1.5984806090959061e-07,1.4808611220554806e-09,5.235634707004749e-10,0.8965825063001,0.9087105897869682,-34.74613107555767,linear-baseline,scale_dependent_camb
0,0.44933801,0.49256256,2620,2639,2629.5126425855515,1.7452193808044846e-07,1.57063326119144e-07,1.5918940546039073e-07,8.687720322112716e-10,3.0715729764090387e-10,0.8999632243755129,0.9121455285868417,-56.83932009883495,linear-baseline,scale_dependent_camb
0,0.44933801,0.49256256,2640,2659,2649.512547169811,1.7315228348490962e-07,1.5611696123838396e-07,1.5822883097371236e-07,1.2387428424695287e-09,4.3796173202825147e-10,0.9016165313926668,0.9138131348265017,-38.896828194630395,linear-baseline,scale_dependent_camb
0,0.44933801,0.49256256,2660,2679,2669.5124531835204,1.7179725367501443e-07,1.5511595412447527e-07,1.572152699867352e-07,7.542748888512758e-10,2.6667644439273325e-10,0.9029012443813865,0.9151209732615185,-62.552579732061695,linear-baseline,scale_dependent_camb
0,0.44933801,0.49256256,2680,2699,2689.5123605947956,1.704566162723058e-07,1.54238555711104e-07,1.5632452474728218e-07,1.391538197946156e-09,4.919830480239176e-10,0.9048552006025197,0.9170927369434138,-32.96467353162416,linear-baseline,scale_dependent_camb
0,0.44933801,0.49256256,2700,2719,2709.512269372694,1.6913014757761134e-07,1.5298217382164687e-07,1.550526899865348e-07,8.356266822522816e-10,2.9543864678050237e-10,0.9045233863551476,0.9167655335686583,-54.657621580434885,linear-baseline,scale_dependent_camb
0,0.44933801,0.49256256,2720,2739,2729.5121794871793,1.678176316763217e-07,1.5248419901721251e-07,1.5454580038840593e-07,1.549203950567138e-09,5.477263094435061e-10,0.9086303834350162,0.9209151556046636,-27.994698072269095,linear-baseline,scale_dependent_camb
0,0.44933801,0.49256256,2740,2759,2749.512090909091,1.6651886002371187e-07,1.515810578455808e-07,1.5363209497304774e-07,1.219548152058647e-09,4.31175384152096e-10,0.9102936317483559,0.9226107778492533,-34.64437611044559,linear-baseline,scale_dependent_camb
0,0.44933801,0.49256256,2760,2779,2769.5120036101084,1.6523362988120854e-07,1.5064687371022003e-07,1.5268571748189443e-07,7.72103647674423e-10,2.729798625247267e-10,0.9117204156231672,0.9240595730521978,-53.435282866944945,linear-baseline,scale_dependent_camb
0,0.44933801,0.49256256,2780,2799,2789.511917562724,1.639617456177537e-07,1.49517726694585e-07,1.515401034739867e-07,1.2751575327920616e-09,4.50836269259187e-10,0.9119061652536792,0.9242406080944896,-32.0382806532027,linear-baseline,scale_dependent_camb
0,0.44933801,0.49256256,2800,2819,2809.5118327402133,1.6270301777011514e-07,1.4872065201484437e-07,1.5073250161177653e-07,1.1247869862883556e-09,3.9767225269743823e-10,0.9140620380193156,0.9264272026272317,-35.16052643961811,linear-baseline,scale_dependent_camb
0,0.44933801,0.49256256,2820,2839,2829.511749116608,1.6145726217334337e-07,1.4809216572753874e-07,1.5009474079120075e-07,1.3593040682088818e-09,4.805865621624808e-10,0.9172220792926885,0.9296252071341107,-27.809967023768017,linear-baseline,scale_dependent_camb
0,0.44933801,0.49256256,2840,2859,2849.5116666666668,1.6022429971132635e-07,1.4709861979836924e-07,1.4908842899268617e-07,1.425929564827887e-09,5.041422323920907e-10,0.9180793429173637,0.9304982406619751,-26.035668249171323,linear-baseline,scale_dependent_camb
0,0.44933801,0.49256256,2860,2879,2869.5115853658535,1.5900395637862713e-07,1.454320369260575e-07,1.4739912420310252e-07,1.1876064546846192e-09,4.1988228874420424e-10,0.9146441399215779,0.927015450182317,-32.323152979757516,linear-baseline,scale_dependent_camb
0,0.44933801,0.49256256,2880,2899,2889.5115051903113,1.5779606307069166e-07,1.4515282106572165e-07,1.4711602602197158e-07,1.2019105981134455e-09,4.2493956715299827e-10,0.9198760618044955,0.9323174682505514,-29.75303544849202,linear-baseline,scale_dependent_camb
0,0.44933801,0.49256256,2900,2919,2909.5114261168383,1.566004549048585e-07,1.4478773850465616e-07,1.467468552457579e-07,9.57451511034406e-10,3.385102280548675e-10,0.9245678027731205,0.9370780904494365,-34.89618753347588,linear-baseline,scale_dependent_camb
0,0.44933801,0.49256256,2920,2939,2929.511348122867,1.554169706426723e-07,1.4357122052377334e-07,1.455145732469201e-07,7.56048835403677e-10,2.6730362921106593e-10,0.9237808453612562,0.9362849671126371,-44.31571001808363,linear-baseline,scale_dependent_camb
0,0.44933801,0.49256256,2940,2959,2949.511271186441,1.5424545326296897e-07,1.4240973936792466e-07,1.443366905635197e-07,1.1459634950447106e-09,4.051592791691757e-10,0.923267016014625,0.9357597745033296,-29.212496180057272,linear-baseline,scale_dependent_camb
0,0.44933801,0.49256256,2960,2979,2969.5111952861953,1.5308574952972852e-07,1.4192514919102883e-07,1.4384453045254198e-07,1.2334708440004e-09,4.3609779909428846e-10,0.9270957592526772,0.9396337078691186,-25.59196666866612,linear-baseline,scale_dependent_camb
0,0.44933801,0.49256256,2980,2999,2989.511120401338,1.519377091374253e-07,1.409728659756953e-07,1.4288005086473047e-07,9.852292811502706e-10,3.483311528624519e-10,0.9278332994226439,0.940385712512604,-31.478215691089094,linear-baseline,scale_dependent_camb
0,0.44933801,0.49256256,3000,3019,3009.5110465116277,1.5080118485656652e-07,1.398470654822118e-07,1.417384371296505e-07,1.2256555268429937e-09,4.333346672147256e-10,0.9273605218369229,0.9399026755954472,-25.278659205280583,linear-baseline,scale_dependent_camb
0,0.44933801,0.49256256,3020,3039,3029.5109735973597,1.4967603251361156e-07,1.3953215260562814e-07,1.4142010642219356e-07,8.65149895496006e-10,3.058766789240294e-10,0.9322277605998078,0.9448413620218908,-33.16329948287055,linear-baseline,scale_dependent_camb
0,0.44933801,0.49256256,3040,3059,3049.5109016393444,1.4856211109788875e-07,1.38319152472302e-07,1.4019120742024073e-07,6.926774873290777e-10,2.448984742328248e-10,0.9310526853052218,0.9436538454133008,-41.82532642424212,linear-baseline,scale_dependent_camb
0,0.44933801,0.49256256,3060,3079,3069.5108306188927,1.4745928151380366e-07,1.37936775807932e-07,1.398024732248202e-07,1.163079488207952e-09,4.11210696585411e-10,0.9354228122630568,0.9480751010693979,-23.157242223862653,linear-baseline,scale_dependent_camb
0,0.44933801,0.49256256,3080,3099,3089.5107605177996,1.4636740695570097e-07,1.3669030140473764e-07,1.385400672136394e-07,1.071146347231572e-09,3.7870742288532236e-10,0.9338848330223397,0.9465226589384714,-25.55298620036207,linear-baseline,scale_dependent_camb
0,0.44933801,0.49256256,3100,3119,3109.510691318328,1.452863528531258e-07,1.360559206068424e-07,1.3789666617895378e-07,9.958439078704407e-10,3.5208399012925e-10,0.9364673139285511,0.9491370901047914,-26.216563391294514,linear-baseline,scale_dependent_camb
0,0.44933801,0.49256256,3120,3139,3129.5106230031947,1.442159869894089e-07,1.3528679347686941e-07,1.371158756809817e-07,1.3059753394460655e-09,4.61732009292358e-10,0.9380845792554523,0.9507675157474142,-19.338476286762518,linear-baseline,scale_dependent_camb
0,0.44933801,0.49256256,3140,3159,3149.5105555555556,1.4315617890856777e-07,1.3454419041055705e-07,1.3636488172963554e-07,7.292954987694785e-10,2.5784489633436186e-10,0.9398420063760495,0.9525602231722756,-33.39987961926956,linear-baseline,scale_dependent_camb
0,0.44933801,0.49256256,3160,3179,3169.5104889589907,1.421068000203351e-07,1.3378940790737264e-07,1.3559969085551713e-07,9.272032604237666e-10,3.2781585649196086e-10,0.9414708366399619,0.9542097270230079,-25.372147040014912,linear-baseline,scale_dependent_camb
0,0.44933801,0.49256256,3180,3199,3189.510423197492,1.4106772265200673e-07,1.327653036836119e-07,1.3456119120587786e-07,9.600606628467805e-10,3.3943270252470507e-10,0.9411458637573976,0.9538765401198152,-24.459690850767593,linear-baseline,scale_dependent_camb
0,0.44933801,0.49256256,3200,3219,3209.5103582554516,1.4003882126312116e-07,1.3213587414219672e-07,1.3392366066917235e-07,1.1447863176920392e-09,4.047430841248091e-10,0.9435660265514841,0.9563323902701313,-19.525836094304804,linear-baseline,scale_dependent_camb
0,0.44933801,0.49256256,3220,3239,3229.510294117647,1.390199715564084e-07,1.3139414983339286e-07,1.3317077607890327e-07,1.245037324840156e-09,4.4018716761241633e-10,0.945145854673684,0.9579255022712202,-17.324043688911136,linear-baseline,scale_dependent_camb
0,0.44933801,0.49256256,3240,3259,3249.510230769231,1.3801105113017123e-07,1.3044051557825262e-07,1.3220658769981227e-07,4.365422085371326e-10,1.543409779653792e-10,0.9451454395142739,0.9579420388235126,-49.050716483193376,linear-baseline,scale_dependent_camb
0,0.44933801,0.49256256,3260,3279,3269.5101681957185,1.3701193776348817e-07,1.297384523191932e-07,1.3149413219206758e-07,8.261249283776699e-10,2.920792694815506e-10,0.946913491167094,0.9597275561422575,-24.902436442016718,linear-baseline,scale_dependent_camb
0,0.44933801,0.49256256,3280,3299,3289.510106382979,1.3602251080834178e-07,1.28787962987659e-07,1.3053076268216868e-07,7.259523039245839e-10,2.566628984615354e-10,0.9468135988838172,0.9596261817728753,-28.186963772510275,linear-baseline,scale_dependent_camb
0,0.44933801,0.49256256,3300,3319,3309.5100453172204,1.3504265133109372e-07,1.2831058151974157e-07,1.3004675511570143e-07,7.862222109538511e-10,2.779715284424742e-10,0.950148566064164,0.9630050493962571,-24.21855881813935,linear-baseline,scale_dependent_camb
0,0.44933801,0.49256256,3320,3339,3329.509984984985,1.3407224146030622e-07,1.2771605193978708e-07,1.294438617801034e-07,9.034125398594945e-10,3.1940456657180536e-10,0.9525913086013337,0.9654784642235349,-19.900120993073546,linear-baseline,scale_dependent_camb
0,0.44933801,0.49256256,3340,3359,3349.509925373134,1.331111632273087e-07,1.2698243911520624e-07,1.2870107208857773e-07,6.517833227912165e-10,2.304402037049848e-10,0.9539578502395275,0.96686911126154,-26.5957242424095,linear-baseline,scale_dependent_camb
0,0.44933801,0.49256256,3360,3379,3369.5098664688426,1.3215930082287159e-07,1.2631357864757562e-07,1.2802249147202683e-07,9.723595364384084e-10,3.437810109835032e-10,0.9557676066769544,0.9686983108635754,-17.0042032239427,linear-baseline,scale_dependent_camb
0,0.44933801,0.49256256,3380,3399,3389.509808259587,1.3121654016029315e-07,1.2549620099763388e-07,1.27194734518886e-07,7.138092332783741e-10,2.5236967466235426e-10,0.9564053498463582,0.9693498575980273,-22.666507655139313,linear-baseline,scale_dependent_camb
0,0.44933801,0.49256256,3400,3419,3409.509750733138,1.3028276630401363e-07,1.2449271401321215e-07,1.261767483799084e-07,9.150510132860559e-10,3.2351938831309584e-10,0.955557803575567,0.9684837984286896,-17.897079742243996,linear-baseline,scale_dependent_camb
0,0.44933801,0.49256256,3420,3439,3429.509693877551,1.2935786646175935e-07,1.239824981782103e-07,1.2566109662908886e-07,4.902504997324945e-10,1.7332972642047027e-10,0.9584457564848743,0.9714221490058099,-31.012385437621216,linear-baseline,scale_dependent_camb
0,0.44933801,0.49256256,3440,3459,3449.5096376811593,1.2844173002962832e-07,1.2314539135458228e-07,1.2481089951045715e-07,1.0457581853924395e-09,3.6973135218616633e-10,0.958764657920566,0.9717316909517364,-14.324829754711294,linear-baseline,scale_dependent_camb
0,0.44933801,0.49256256,3460,3479,3469.509582132565,1.275342454264377e-07,1.2240761155530954e-07,1.2406356221612717e-07,8.311651193049892e-10,2.938612460731418e-10,0.9598019037632898,0.9727862645934386,-17.44576373929941,linear-baseline,scale_dependent_camb
0,0.44933801,0.49256256,3480,3499,3489.5095272206304,1.266353034777782e-07,1.2198768831468825e-07,1.236376105867736e-07,1.0750808408139676e-09,3.8009847643164583e-10,0.9632992140781222,0.9763281422424938,-12.22739750688201,linear-baseline,scale_dependent_camb
0,0.44933801,0.49256256,3500,3519,3509.509472934473,1.2574479658454402e-07,1.2083179723944198e-07,1.2246683172001628e-07,7.270967307400179e-10,2.5706751444241794e-10,0.9609288059741001,0.9739316062885846,-19.11170828316593,linear-baseline,scale_dependent_camb
0,0.44933801,0.49256256,3520,3539,3529.509419263456,1.248626167344463e-07,1.2042114298007176e-07,1.2205060756540364e-07,7.156825505311354e-10,2.530319923287249e-10,0.9644291152105157,0.977479174771556,-17.553012619070003,linear-baseline,scale_dependent_camb
0,0.44933801,0.49256256,3540,3559,3549.509366197183,1.2398865961946647e-07,1.1991341195591488e-07,1.215354319802521e-07,8.720807928557556e-10,3.083271211854228e-10,0.9671320935635651,0.980214096621872,-13.217285744710102,linear-baseline,scale_dependent_camb
0,0.44933801,0.49256256,3560,3579,3569.5093137254903,1.231228198848567e-07,1.1911501336262435e-07,1.2072627096169372e-07,8.505991775428473e-10,3.0073222325612366e-10,0.9674487107590583,0.9805352986115474,-13.326827696874462,linear-baseline,scale_dependent_camb
0,0.44933801,0.49256256,3580,3599,3589.50926183844,1.2226499457959706e-07,1.1823763189318967e-07,1.1983759241718625e-07,6.407509955369376e-10,2.265396869980999e-10,0.9670603781543907,0.9801463847378611,-17.777735723812366,linear-baseline,scale_dependent_camb
0,0.44933801,0.49256256,3600,3619,3609.5092105263157,1.2141508293432865e-07,1.17875211683069e-07,1.1946990244494774e-07,7.753449617468868e-10,2.7412584010502396e-10,0.9708448805065322,0.9839790869275029,-12.913307442681983,linear-baseline,scale_dependent_camb
0,0.44933801,0.49256256,3620,3639,3629.5091597796145,1.205729836787272e-07,1.1682214389084127e-07,1.1840291125371906e-07,7.248423333817179e-10,2.5627046461264645e-10,0.9688915404309788,0.9820020011216575,-14.636254683329748,linear-baseline,scale_dependent_camb
0,0.44933801,0.49256256,3640,3659,3649.509109589041,1.1973859934410744e-07,1.1609479043655848e-07,1.1766636848263485e-07,6.643581560772971e-10,2.348860786494237e-10,0.9695686359494042,0.9826937105258985,-15.513090126501199,linear-baseline,scale_dependent_camb
0,0.44933801,0.49256256,3660,3679,3669.5090599455043,1.1891183123752402e-07,1.1575558130643656e-07,1.1732262348347005e-07,4.680825028476205e-10,1.6549215595916193e-10,0.9734572254229025,0.9866354109804301,-19.071900494584906,linear-baseline,scale_dependent_camb
0,0.44933801,0.49256256,3680,3699,3689.509010840108,1.1809258518413132e-07,1.1512341801726894e-07,1.1668095936121992e-07,7.85278161660078e-10,2.7763775661377355e-10,0.9748572938577572,0.9880464482955439,-10.694392589379836,linear-baseline,scale_dependent_camb
0,0.44933801,0.49256256,3700,3719,3709.508962264151,1.1728076584397035e-07,1.14492808258196e-07,1.1604259384024118e-07,4.826466707985834e-10,1.7064136691939475e-10,0.9762283477114786,0.9894426678166782,-16.338110952259864,linear-baseline,scale_dependent_camb
0,0.44933801,0.49256256,3720,3739,3729.508914209115,1.164762815289182e-07,1.135974496559097e-07,1.1513494866986071e-07,7.079326803261331e-10,2.502919994410885e-10,0.9752839648105202,0.9884840686751794,-11.501893306366329,linear-baseline,scale_dependent_camb
0,0.44933801,0.49256256,3740,3759,3749.5088666666666,1.1567904020614074e-07,1.1293144212663922e-07,1.1445891687336865e-07,9.307865696467955e-10,3.290827476173069e-10,0.9762480906255335,0.9894525116166436,-8.34926199989289,linear-baseline,scale_dependent_camb
0,0.44933801,0.49256256,3760,3779,3769.5088196286474,1.148889534384317e-07,1.1223819661380356e-07,1.1375805580407942e-07,3.5578854242652645e-10,1.2579024550913726e-10,0.9769276614914186,0.9901566025235115,-21.07283290448453,linear-baseline,scale_dependent_camb
0,0.44933801,0.49256256,3780,3799,3789.5087730870714,1.1410593243184156e-07,1.1192840777887294e-07,1.134425761045734e-07,8.141263864550276e-10,2.878371443026249e-10,0.9809166394195209,0.9941864869500594,-7.565127350899596,linear-baseline,scale_dependent_camb
0,0.44933801,0.49256256,3800,3819,3809.5087270341205,1.1332989176719051e-07,1.111186272447023e-07,1.1262237360843085e-07,5.924004881173559e-10,2.0944520116300155e-10,0.9804882499400006,0.9937570031372386,-10.557723500990038,linear-baseline,scale_dependent_camb
0,0.44933801,0.49256256,3820,3839,3829.508681462141,1.1256074560462396e-07,1.1037561536991017e-07,1.118690766290409e-07,7.739097259389468e-10,2.7361840761882586e-10,0.9805871023421505,0.9938551493074451,-7.986049819271916,linear-baseline,scale_dependent_camb
0,0.44933801,0.49256256,3840,3859,3849.5086363636365,1.1179841192038101e-07,1.0986097003203433e-07,1.1134747411383859e-07,7.061595588836227e-10,2.4966510634315534e-10,0.9826702199515458,0.9959665097312512,-7.760162870672622,linear-baseline,scale_dependent_camb
0,0.44933801,0.49256256,3860,3879,3869.5085917312663,1.1104280795299554e-07,1.0932737288450532e-07,1.1080681554381262e-07,8.560709033499122e-10,3.026667704676082e-10,0.9845515878055213,0.9978747618730714,-5.6677350666541075,linear-baseline,scale_dependent_camb
0,0.44933801,0.49256256,3880,3899,3889.5085475578408,1.1029385469654201e-07,1.0850181187725453e-07,1.0996944119042662e-07,8.953595772154138e-10,3.1655741432466964e-10,0.9837521063687724,0.997058643865445,-5.661035686403217,linear-baseline,scale_dependent_camb
0,0.44933801,0.49256256,3900,3919,3909.5085038363172,1.095514722090968e-07,1.0839417164909034e-07,1.098609590213789e-07,7.45519635558074e-10,2.6358099490541885e-10,0.9894360108844766,1.0028250356297486,-4.390682873102175,linear-baseline,scale_dependent_camb
0,0.44933801,0.49256256,3920,3939,3929.5084605597963,1.0881558466907728e-07,1.075808192924129e-07,1.0903579409894875e-07,9.927949320876476e-10,3.5100601440340673e-10,0.9886526789299578,1.0020236938536071,-3.5177897984542414,linear-baseline,scale_dependent_camb
0,0.44933801,0.49256256,3940,3959,3949.508417721519,1.080861152601968e-07,1.068008870444448e-07,1.0824594826723449e-07,7.453731077970137e-10,2.635291895186799e-10,0.9881092200172238,1.0014787561441443,-4.876986181680227,linear-baseline,scale_dependent_camb
0,0.44933801,0.49256256,3960,3979,3969.5083753148615,1.0736299040599783e-07,1.0613070159440042e-07,1.0756676471271907e-07,6.327163693636135e-10,2.236990176723717e-10,0.9885222197431587,1.0018979939544406,-5.5086912066919,linear-baseline,scale_dependent_camb
0,0.44933801,0.49256256,3980,3999,3989.508333333333,1.0664613689710354e-07,1.0565339670926649e-07,1.0708276412605401e-07,7.327314240094196e-10,2.5905967935276804e-10,0.990691269119341,1.0040941682620135,-3.832090699399109,linear-baseline,scale_dependent_camb
0,0.44933801,0.49256256,4000,4019,4009.5082917705736,1.0593548294869152e-07,1.0533676963329886e-07,1.0676151867419197e-07,8.452767766169956e-10,2.9885047036269205e-10,0.9943483212732165,1.0077975358445341,-2.003387562569494,linear-baseline,scale_dependent_camb
0,0.44933801,0.49256256,4020,4039,4029.5082506203476,1.0523095909295192e-07,1.0455084766163101e-07,1.0596590521455097e-07,5.786791941244709e-10,2.0459399114848996e-10,0.9935369644334405,1.006984124519381,-3.324200420076372,linear-baseline,scale_dependent_camb
0,0.44933801,0.49256256,4040,4059,4049.5082098765433,1.0453249529344785e-07,1.0397429195970928e-07,1.0538192117801096e-07,4.843410884186813e-10,1.7124043401406137e-10,0.9946600018284117,1.0081259505207312,-3.259763600533353,linear-baseline,scale_dependent_camb
0,0.44933801,0.49256256,4060,4079,4069.5081695331696,1.0384002473953233e-07,1.0337590391761859e-07,1.0477436820320939e-07,7.259038427148439e-10,2.5664576483651953e-10,0.9955304245826412,1.0089979125681134,-1.8084102116759397,linear-baseline,scale_dependent_camb
0,0.44933801,0.49256256,4080,4096,4088.005870123517,1.0320477692587981e-07,1.027521704712038e-07,1.0414295613760163e-07,7.010786875656254e-10,2.478687470615093e-10,0.9956144815370215,1.0090904630547828,-1.8259924255949274,linear-baseline,scale_dependent_camb
1,0.40720486,0.44933801,20,39,30.608333333333334,3.0450257755661075e-05,3.025751719159505e-05,2.9871997809506945e-05,1.0691901954545939e-06,3.780158187920567e-07,0.9936703142018497,0.9810096863286281,-0.5098743345765896,linear-baseline,scale_dependent_camb
1,0.40720486,0.44933801,40,59,50.165,2.458519564410607e-05,2.4701787617141537e-05,2.4387940167953877e-05,9.389108384630652e-07,3.3195511040339024e-07,1.004742365068932,0.9919766562362305,0.351228131098166,linear-baseline,scale_dependent_camb
1,0.40720486,0.44933801,60,79,69.975,2.028943652132969e-05,2.007614246534384e-05,1.9820807892038567e-05,7.497610289917338e-07,2.6508055393472927e-07,0.9894874332383936,0.9769028268084986,-0.8046386384056371,linear-baseline,scale_dependent_camb
1,0.40720486,0.44933801,80,99,89.86944444444444,1.6624379475194725e-05,1.673588124052457e-05,1.652350998105345e-05,3.7748257932977137e-07,1.334602458119351e-07,1.0067071234445903,0.9939324355359079,0.8354680051089428,linear-baseline,scale_dependent_camb
1,0.40720486,0.44933801,100,119,109.80227272727272,1.3074565643961797e-05,1.3099230002399643e-05,1.2932741679466799e-05,2.594493124205312e-07,9.172918409337238e-08,1.0018864380744639,0.9891526825167997,0.26888234842185027,linear-baseline,scale_dependent_camb
1,0.40720486,0.44933801,120,139,129.75576923076923,1.0695231526843267e-05,1.065504584534964e-05,1.0519784262425512e-05,1.649029741332959e-07,5.830200562374168e-08,0.9962426543649133,0.9835957488178342,-0.6892675657329697,linear-baseline,scale_dependent_camb
1,0.40720486,0.44933801,140,159,149.72166666666666,9.211814559135453e-06,9.166059848071926e-06,9.049627607897085e-06,1.0389802549994573e-07,3.673349919145223e-08,0.9950330403668242,0.982393593553452,-1.2455854212270037,linear-baseline,scale_dependent_camb
1,0.40720486,0.44933801,160,179,169.6955882352941,7.755805354838124e-06,7.811188772620999e-06,7.71211758316272e-06,1.4111454292283907e-07,4.9891525112389816e-08,1.0071408983656773,0.9943670876618698,1.1100766644858777,linear-baseline,scale_dependent_camb
1,0.40720486,0.44933801,180,199,189.675,6.4495478032149275e-06,6.552267769085094e-06,6.468950343067882e-06,7.757581488253139e-08,2.7427192379755118e-08,1.01592669269293,1.0030083566235888,3.7451870555291444,linear-baseline,scale_dependent_camb
1,0.40720486,0.44933801,200,219,209.65833333333333,5.593756813277449e-06,5.733038882548408e-06,5.660292309454605e-06,7.87572187456933e-08,2.7844881721236002e-08,1.0248995574745683,1.011894599353913,5.002070781458398,linear-baseline,scale_dependent_camb
1,0.40720486,0.44933801,220,239,229.64456521739132,4.956046477140274e-06,5.053267165257128e-06,4.989007913785012e-06,6.981322802156266e-08,2.468270347528483e-08,1.019616581193353,1.006650752126069,3.9388184610410297,linear-baseline,scale_dependent_camb
1,0.40720486,0.44933801,240,259,249.633,4.307051027755274e-06,4.470350849593569e-06,4.413536574748819e-06,5.237227667251125e-08,1.851639599065537e-08,1.037914531494047,1.0247235396811731,8.819201205283523,linear-baseline,scale_dependent_camb
1,0.40720486,0.44933801,260,279,269.6231481481482,3.7501419911761594e-06,3.958489842046621e-06,3.908137887460746e-06,5.060745583205075e-08,1.7892437598720887e-08,1.0555573232588769,1.0421306437613138,11.644464300680662,linear-baseline,scale_dependent_camb
1,0.40720486,0.44933801,280,299,289.6146551724138,3.355078406330475e-06,3.5591063806015063e-06,3.5138698621111134e-06,6.778597745006176e-08,2.3965962162148532e-08,1.0608116859165093,1.047328687008037,8.513239438943527,linear-baseline,scale_dependent_camb
1,0.40720486,0.44933801,300,319,309.60725806451615,3.02453160146207e-06,3.2122932514013546e-06,3.171474712196961e-06,3.179332199245109e-08,1.124063678865478e-08,1.062079579478859,1.048583757783803,16.703826791093668,linear-baseline,scale_dependent_camb
1,0.40720486,0.44933801,320,339,329.6007575757576,2.7014952062779446e-06,2.9412729382868744e-06,2.9038871764146064e-06,5.4661531818147115e-08,1.9325769909328028e-08,1.0887574153201218,1.0749185005645494,12.407150304174714,linear-baseline,scale_dependent_camb
1,0.40720486,0.44933801,340,359,349.595,2.4272043222361126e-06,2.6598127119135686e-06,2.6259818255700857e-06,3.360349773538063e-08,1.1880630560137217e-08,1.095833872553078,1.0818956614047412,19.578791588547595,linear-baseline,scale_dependent_camb
1,0.40720486,0.44933801,360,379,369.58986486486486,2.2137050892992832e-06,2.4406814013929614e-06,2.409691480015111e-06,3.07996674994973e-08,1.0889326873592728e-08,1.1025323170601393,1.0885331978786137,20.843924948575967,linear-baseline,scale_dependent_camb
1,0.40720486,0.44933801,380,399,389.5852564102564,2.0260483476912347e-06,2.2619648069883275e-06,2.233216371752857e-06,1.928420770464865e-08,6.817997018883463e-09,1.1164416730557931,1.1022522608099155,34.602018546456804,linear-baseline,scale_dependent_camb
1,0.40720486,0.44933801,400,419,409.5810975609756,1.850190808032329e-06,2.0732074675671953e-06,2.0468726375246704e-06,1.3599114824153249e-08,4.8080131551466326e-09,1.1205371135596787,1.1063035383369524,46.38436966341139,linear-baseline,scale_dependent_camb
1,0.40720486,0.44933801,420,439,429.57732558139537,1.6990512096606424e-06,1.924514858484683e-06,1.9000397206364962e-06,3.170673775566999e-08,1.1210024638168891e-08,1.1326997370897804,1.1182945574759915,20.11268093527306,linear-baseline,scale_dependent_camb
1,0.40720486,0.44933801,440,459,449.5738888888889,1.573255631777568e-06,1.7946581626620683e-06,1.7718451023405344e-06,1.9729544418441746e-08,6.9754473240006785e-09,1.1407288977153351,1.1262283551075467,31.740262753144524,linear-baseline,scale_dependent_camb
1,0.40720486,0.44933801,460,479,469.5707446808511,1.4608277276676165e-06,1.6813164391820002e-06,1.6599533920941514e-06,1.6902533754345645e-08,5.9759481184661595e-09,1.1509340953340337,1.1363101621465403,36.896021709602174,linear-baseline,scale_dependent_camb
1,0.40720486,0.44933801,480,499,489.5678571428571,1.3579445769189487e-06,1.5708050463278396e-06,1.5508328269030264e-06,1.7854337781682205e-08,6.3124616595113334e-09,1.1567519566165592,1.1420442728389721,33.72067521204859,linear-baseline,scale_dependent_camb
1,0.40720486,0.44933801,500,519,509.56519607843137,1.267915560204811e-06,1.4791967827465583e-06,1.4604262768118868e-06,1.1306556986267144e-08,3.997471558430815e-09,1.1666366666464905,1.1518324426714812,52.85371501797115,linear-baseline,scale_dependent_camb
1,0.40720486,0.44933801,520,539,529.5627358490566,1.1898771760671825e-06,1.3914702723129824e-06,1.3737791356045464e-06,1.3970628128974084e-08,4.939362943716551e-09,1.169423450000202,1.1545554139841576,40.81358234714256,linear-baseline,scale_dependent_camb
1,0.40720486,0.44933801,540,559,549.5604545454545,1.1196975409587318e-06,1.3137431161719906e-06,1.297072991783612e-06,8.12089624941567e-09,2.8711704036371097e-09,1.1733017784848476,1.1584137182912841,67.5841374539971,linear-baseline,scale_dependent_camb
1,0.40720486,0.44933801,560,579,569.5583333333333,1.0560094590680073e-06,1.238549854015406e-06,1.2228202740430196e-06,1.068739490857832e-08,3.778564706537156e-09,1.1728586741150042,1.1579633719590288,48.30945322481635,linear-baseline,scale_dependent_camb
1,0.40720486,0.44933801,580,599,589.5563559322034,9.993651865158992e-07,1.1752928413864969e-06,1.160354814297149e-06,1.4701737470433616e-08,5.197849130283984e-09,1.1760394070599325,1.1610918910858905,33.84624110107364,linear-baseline,scale_dependent_camb
1,0.40720486,0.44933801,600,619,609.5545081967213,9.490474195452028e-07,1.1156023029750965e-06,1.101444509192219e-06,8.47503539022319e-09,2.9963774976113973e-09,1.1754969035263898,1.1605790042820485,55.58541390818253,linear-baseline,scale_dependent_camb
1,0.40720486,0.44933801,620,639,629.5527777777778,9.035522448911441e-07,1.0593942873077242e-06,1.0459253244205715e-06,1.1210363069945156e-08,3.963461873160731e-09,1.1724770684791506,1.157570389907647,39.319677444582354,linear-baseline,scale_dependent_camb
1,0.40720486,0.44933801,640,659,649.5511538461539,8.622245142610809e-07,1.0061888155013291e-06,9.934070522338002e-07,1.0944797583805524e-08,3.869570295111513e-09,1.1669684622265981,1.1521442916583526,37.20420880378385,linear-baseline,scale_dependent_camb
1,0.40720486,0.44933801,660,679,669.5496268656716,8.249412673230043e-07,9.587628079643151e-07,9.465763100870777e-07,8.647995693782569e-09,3.057528199372858e-09,1.1622194766368905,1.1474469123829727,43.76788435467564,linear-baseline,scale_dependent_camb
1,0.40720486,0.44933801,680,699,689.5481884057971,7.913120208692307e-07,9.210835935706911e-07,9.09389599538798e-07,7.1148676822840085e-09,2.5154855926940184e-09,1.1639954522097498,1.149217471181422,51.589074124840636,linear-baseline,scale_dependent_camb
1,0.40720486,0.44933801,700,719,709.5468309859154,7.60660493789808e-07,8.798726244525101e-07,8.686784490162318e-07,1.0760928095849585e-08,3.8045626142180415e-09,1.1567218642692436,1.1420054756468951,31.333990986820456,linear-baseline,scale_dependent_camb
1,0.40720486,0.44933801,720,739,729.5455479452055,7.326472195017986e-07,8.467866302859347e-07,8.360282527222886e-07,5.0689281413415804e-09,1.792136731044977e-09,1.1557904100990803,1.1411061565084344,63.68900810240219,linear-baseline,scale_dependent_camb
1,0.40720486,0.44933801,740,759,749.5443333333334,7.070646377420001e-07,8.084695986134347e-07,7.982031761169613e-07,5.162861419224372e-09,1.8253471599299782e-09,1.1434168185744231,1.1288970392664675,55.55379442194687,linear-baseline,scale_dependent_camb
1,0.40720486,0.44933801,760,779,769.5431818181818,6.836774996708152e-07,7.745862139880143e-07,7.647401008527824e-07,7.3938761641003425e-09,2.614129987444465e-09,1.1329701714053348,1.118568478882219,34.775896666894575,linear-baseline,scale_dependent_camb
1,0.40720486,0.44933801,780,799,789.5420886075949,6.621970034534903e-07,7.43658633316247e-07,7.342123775282721e-07,3.3837924019069655e-09,1.1963512767579653e-09,1.12301721306185,1.1087521896040107,68.09173145492218,linear-baseline,scale_dependent_camb
1,0.40720486,0.44933801,800,819,809.5410493827161,6.423919318875167e-07,7.154294124327666e-07,7.063375535789772e-07,6.539305344806777e-09,2.311993576781153e-09,1.1136961361433144,1.0995430025149466,31.59069353771109,linear-baseline,scale_dependent_camb
1,0.40720486,0.44933801,820,839,829.5400602409638,6.240827276422513e-07,6.898842006819892e-07,6.811168747312201e-07,4.297192037665261e-09,1.519286814946972e-09,1.1054371001234597,1.0913887607568318,43.310764229882835,linear-baseline,scale_dependent_camb
1,0.40720486,0.44933801,840,859,849.5391176470588,6.071119887013304e-07,6.709158782132521e-07,6.623899306279956e-07,4.969907269301218e-09,1.7571275659956042e-09,1.1050941024050673,1.0910506512067237,36.3114726253639,linear-baseline,scale_dependent_camb
1,0.40720486,0.44933801,860,879,869.5382183908046,5.913405980719225e-07,6.462083002044916e-07,6.379935863590023e-07,6.270651543995611e-09,2.2170101146085953e-09,1.0927852785881207,1.078893599457221,24.74851231892366,linear-baseline,scale_dependent_camb
1,0.40720486,0.44933801,880,899,889.5373595505617,5.766454882906205e-07,6.250582273042893e-07,6.171155509500066e-07,6.188976803426511e-09,2.188133733154564e-09,1.083955809933034,1.0701818768743923,22.12512803953428,linear-baseline,scale_dependent_camb
1,0.40720486,0.44933801,900,919,909.5365384615385,5.629178281471896e-07,6.040832992421288e-07,5.964074921804894e-07,3.892342300038461e-09,1.3761508175282193e-09,1.0731287392876379,1.0594929887787157,29.913488093462583,linear-baseline,scale_dependent_camb
1,0.40720486,0.44933801,920,939,929.535752688172,5.500612804943789e-07,5.851704322554007e-07,5.77737770332997e-07,3.1794471703071043e-09,1.1241043272742665e-09,1.0638277097589321,1.050315284532922,31.233001162938862,linear-baseline,scale_dependent_camb
1,0.40720486,0.44933801,940,959,949.535,5.379905738137994e-07,5.666459919951526e-07,5.59444323723795e-07,4.989461151911978e-09,1.764040907491901e-09,1.0532637922969836,1.039877557255159,16.244191424163333,linear-baseline,scale_dependent_camb
1,0.40720486,0.44933801,960,979,969.5342783505155,5.266301914863735e-07,5.49885590938288e-07,5.428994615670411e-07,5.529068565424159e-09,1.9548209381283994e-09,1.0441588800411876,1.0308931586978498,11.896434603457768,linear-baseline,scale_dependent_camb
1,0.40720486,0.44933801,980,999,989.5335858585859,5.159130369101594e-07,5.344871081515402e-07,5.276975707240709e-07,3.776122552010632e-09,1.3350609315590844e-09,1.036002329680642,1.022842093474687,13.912526988330008,linear-baseline,scale_dependent_camb
1,0.40720486,0.44933801,1000,1019,1009.5329207920792,5.057791290157912e-07,5.173156508718759e-07,5.107431917415149e-07,2.4091350802559493e-09,8.517578760216896e-10,1.022809406703938,1.0098146847921214,13.54436769046199,linear-baseline,scale_dependent_camb
1,0.40720486,0.44933801,1020,1039,1029.532281553398,4.961751930608155e-07,5.060256488839837e-07,4.995965964718278e-07,2.44148375049733e-09,8.631948580667134e-10,1.019852777730387,1.0068955551564485,11.411624769440952,linear-baseline,scale_dependent_camb
1,0.40720486,0.44933801,1040,1059,1049.5316666666668,4.870540564080195e-07,4.929492799216737e-07,4.866884434715977e-07,3.7229861738291273e-09,1.3162743848891671e-09,1.0121038382415515,0.9992493380732352,4.478719316679983,linear-baseline,scale_dependent_camb
1,0.40720486,0.44933801,1060,1079,1069.5310747663552,4.783738802753873e-07,4.778292192071788e-07,4.7175675468505395e-07,3.980268402845224e-09,1.407237389297203e-09,0.9988614322590209,0.9861674605090812,-0.38704277782198154,linear-baseline,scale_dependent_camb
1,0.40720486,0.44933801,1080,1099,1089.530504587156,4.7009751347594033e-07,4.671613145763095e-07,4.612253851036779e-07,4.5484761845419465e-09,1.6081291770775622e-09,0.9937540641771951,0.9811270467978842,-1.8258476629139861,linear-baseline,scale_dependent_camb
1,0.40720486,0.44933801,1100,1119,1109.529954954955,4.621919304487741e-07,4.5542927288901444e-07,4.4964170822434594e-07,2.9691189932505986e-09,1.0497420871386366e-09,0.9853682915813928,0.9728462973980478,-6.442208655454742,linear-baseline,scale_dependent_camb
1,0.40720486,0.44933801,1120,1139,1129.529424778761,4.5462770533825327e-07,4.433431593203517e-07,4.377110788809248e-07,2.7096652994115854e-09,9.580113539799043e-10,0.9751784902560973,0.9627901549802336,-11.779135989382313,linear-baseline,scale_dependent_camb
1,0.40720486,0.44933801,1140,1159,1149.5289130434783,4.4737857802422663e-07,4.36137818910404e-07,4.3060005786114547e-07,3.791230344653072e-09,1.3404023428721993e-09,0.9748741677273293,0.9624959240623887,-8.386108226083863,linear-baseline,scale_dependent_camb
1,0.40720486,0.44933801,1160,1179,1169.5284188034188,4.4042105310627117e-07,4.246646402984948e-07,4.1926828538341454e-07,4.074947352932703e-09,1.440711453118443e-09,0.9642242061394499,0.9519714882527367,-10.936549975827107,linear-baseline,scale_dependent_camb
1,0.40720486,0.44933801,1180,1199,1189.5279411764707,4.337340650081724e-07,4.165019116450639e-07,4.1120623471454284e-07,3.5361556314441176e-09,1.2502198131625667e-09,0.9602702329530335,0.9480607309614819,-13.783298890071094,linear-baseline,scale_dependent_camb
1,0.40720486,0.44933801,1200,1219,1209.527479338843,4.2729868995182953e-07,4.0705519102366977e-07,4.0187968550935603e-07,3.764621291955388e-09,1.3309946220704582e-09,0.9526244769661197,0.9405123276990645,-15.209301820220384,linear-baseline,scale_dependent_camb
1,0.40720486,0.44933801,1220,1239,1229.5270325203253,4.2109787031318036e-07,3.976910213461786e-07,3.9263709932281533e-07,4.510494427958846e-09,1.5947005982569188e-09,0.9444147058981953,0.9324129305873761,-14.677895645481357,linear-baseline,scale_dependent_camb
1,0.40720486,0.44933801,1240,1259,1249.5266,4.151162282993409e-07,3.9039073328707276e-07,3.854305163363647e-07,3.206613735329132e-09,1.133709158448577e-09,0.9404371755988336,0.9284881921273148,-21.809381028643834,linear-baseline,scale_dependent_camb
1,0.40720486,0.44933801,1260,1279,1269.5261811023622,4.0933984690764393e-07,3.82781057505717e-07,3.779153876658225e-07,3.188354878581669e-09,1.1272536777371547e-09,0.9351179964458257,0.9232313700236677,-23.5606145506138,linear-baseline,scale_dependent_camb
1,0.40720486,0.44933801,1280,1299,1289.5257751937984,4.037560421244232e-07,3.755084286352905e-07,3.707374049680912e-07,2.767277499663819e-09,9.7838034271862e-10,0.9300379175986974,0.918221317549579,-28.871812173414295,linear-baseline,scale_dependent_camb
1,0.40720486,0.44933801,1300,1319,1309.5253816793893,3.9835325484119595e-07,3.6857531395316536e-07,3.6389228915635953e-07,4.0511631091676105e-09,1.4323024530925974e-09,0.9252474015810374,0.9134914419148543,-20.790260341825633,linear-baseline,scale_dependent_camb
1,0.40720486,0.44933801,1320,1339,1329.525,3.9312088946876096e-07,3.618348487336578e-07,3.5723651048792023e-07,2.3600164900572696e-09,8.343918319157848e-10,0.9204162343614425,0.9087192262173281,-37.49562200683294,linear-baseline,scale_dependent_camb
1,0.40720486,0.44933801,1340,1359,1349.5246296296295,3.880492119331951e-07,3.5646579584173646e-07,3.5193434439890576e-07,3.3535575213077257e-09,1.1856616322079213e-09,0.9186097661837389,0.906932248736259,-26.63779887407207,linear-baseline,scale_dependent_camb
1,0.40720486,0.44933801,1360,1379,1369.5242700729927,3.831292698729075e-07,3.513927705652658e-07,3.469276212524219e-07,2.5503102432782813e-09,9.016708335757931e-10,0.9171650359207236,0.9055106162144843,-35.19743361530608,linear-baseline,scale_dependent_camb
1,0.40720486,0.44933801,1380,1399,1389.5239208633093,3.7835278423512617e-07,3.44548167251998e-07,3.401689877739847e-07,1.9243485394767772e-09,6.803599508152289e-10,0.9106531829771857,0.8990788543070103,-49.686371078459885,linear-baseline,scale_dependent_camb
1,0.40720486,0.44933801,1400,1419,1409.5235815602837,3.7371209264332263e-07,3.393767968884768e-07,3.3506636032682525e-07,3.415497853694684e-09,1.2075608467378048e-09,0.9081236694483525,0.8965895589753325,-28.433594752265893,linear-baseline,scale_dependent_camb
1,0.40720486,0.44933801,1420,1439,1429.5232517482518,3.692000785123556e-07,3.3346933073144777e-07,3.292314514258302e-07,2.5346579288347996e-09,8.961369047336681e-10,0.9032211804372299,0.8917426365466286,-39.87197446301688,linear-baseline,scale_dependent_camb
1,0.40720486,0.44933801,1440,1459,1449.5229310344828,3.6481012230643854e-07,3.2940693464560743e-07,3.2521988702473496e-07,2.751567265053265e-09,9.728259360050429e-10,0.902954480985885,0.8914771469842934,-36.39210916416972,linear-baseline,scale_dependent_camb
1,0.40720486,0.44933801,1460,1479,1469.522619047619,3.605360513674802e-07,3.2483068065745444e-07,3.2070000851414914e-07,3.165886416774401e-09,1.1193098768837795e-09,0.9009658796267431,0.889508850218344,-31.899451123786648,linear-baseline,scale_dependent_camb
1,0.40720486,0.44933801,1480,1499,1489.5223154362416,3.563720987007217e-07,3.190070834947216e-07,3.149558134892241e-07,2.3260716224708317e-09,8.2239050888736e-10,0.8951516817892667,0.883783592030647,-45.43463817031704,linear-baseline,scale_dependent_camb
1,0.40720486,0.44933801,1500,1519,1509.5220198675497,3.5231287189421765e-07,3.1627356862758067e-07,3.122555695616754e-07,1.6937366724266942e-09,5.988263433086267e-10,0.8977065383025296,0.8863019051300246,-60.18322952780123,linear-baseline,scale_dependent_camb
1,0.40720486,0.44933801,1520,1539,1529.5217320261438,3.483533131347837e-07,3.1027734420731136e-07,3.063342943320242e-07,1.77622344734983e-09,6.279898222618056e-10,0.8906972677112442,0.8793781565484877,-60.6315063997943,linear-baseline,scale_dependent_camb
1,0.40720486,0.44933801,1540,1559,1549.5214516129033,3.444886704914977e-07,3.0706326572064804e-07,3.0316265773200166e-07,2.908065358783444e-09,1.0281563676647317e-09,0.8913595482909404,0.8800366563564068,-36.40049893952864,linear-baseline,scale_dependent_camb
1,0.40720486,0.44933801,1560,1579,1569.521178343949,3.4071448172069336e-07,3.004044752957141e-07,2.965879025283677e-07,1.7888888605494352e-09,6.324677220417909e-10,0.881689776667538,0.8704881020334816,-63.7344879748911,linear-baseline,scale_dependent_camb
1,0.40720486,0.44933801,1580,1599,1589.5209119496856,3.370265504873937e-07,2.984370081766831e-07,2.9464403220627345e-07,1.8089209805209697e-09,6.395501459784982e-10,0.8854999932352391,0.874245758324297,-60.33857165597142,linear-baseline,scale_dependent_camb
1,0.40720486,0.44933801,1600,1619,1609.520652173913,3.334209303682474e-07,2.9501270813837905e-07,2.9126265758222634e-07,2.2233102892183206e-09,7.860588910940493e-10,0.8848056053726192,0.8735584093672246,-48.86176171407609,linear-baseline,scale_dependent_camb
1,0.40720486,0.44933801,1620,1639,1629.520398773006,3.298939160133758e-07,2.9116699237388974e-07,2.874669556131106e-07,2.0716089522229583e-09,7.324243690418061e-10,0.882607948314161,0.8713921101880977,-52.87497969264802,linear-baseline,scale_dependent_camb
1,0.40720486,0.44933801,1640,1659,1649.5201515151516,3.2644200692443755e-07,2.8699474924289906e-07,2.83349057306919e-07,1.4681138296024772e-09,5.190566222328316e-10,0.8791599829532066,0.8679920209304024,-75.99798556051127,linear-baseline,scale_dependent_camb
1,0.40720486,0.44933801,1660,1679,1669.5199101796406,3.230619159843717e-07,2.842093734434989e-07,2.805996897760787e-07,1.7383684801859216e-09,6.146060702702088e-10,0.8797365439300115,0.8685631945229125,-63.21535764167031,linear-baseline,scale_dependent_camb
1,0.40720486,0.44933801,1680,1699,1689.519674556213,3.197505439787973e-07,2.8139512006029466e-07,2.7782047062434544e-07,1.4977438625945143e-09,5.295324208605568e-10,0.8800457899422808,0.8688662954792902,-72.43262623310247,linear-baseline,scale_dependent_camb
1,0.40720486,0.44933801,1700,1719,1709.5194444444444,3.165049661901218e-07,2.7920912184346234e-07,2.756617272159631e-07,1.4879967998474018e-09,5.260863137779898e-10,0.8821634782050902,0.8709554561945656,-70.89301388364656,linear-baseline,scale_dependent_camb
1,0.40720486,0.44933801,1720,1739,1729.519219653179,3.133224304528111e-07,2.747749440361342e-07,2.7128265837540996e-07,1.6521767701291163e-09,5.841326989385929e-10,0.8769718262399269,0.8658258458654059,-65.99097514438098,linear-baseline,scale_dependent_camb
1,0.40720486,0.44933801,1740,1759,1749.519,3.1020033926021e-07,2.7294987450708023e-07,2.6948136401431494e-07,1.614603570758675e-09,5.708485669057363e-10,0.8799148162056574,0.8687332987997214,-65.25454719987215,linear-baseline,scale_dependent_camb
1,0.40720486,0.44933801,1760,1779,1769.5187853107345,3.071362399973486e-07,2.6942163615871427e-07,2.6599714891653333e-07,2.162722765952403e-09,7.646379668157353e-10,0.8772056210658831,0.8660558875072171,-49.323477875017524,linear-baseline,scale_dependent_camb
1,0.40720486,0.44933801,1780,1799,1789.5185754189945,3.041278230170271e-07,2.6666511056754626e-07,2.632769257704288e-07,1.2801658222500058e-09,4.5260696697811576e-10,0.876819187150189,0.8656785267413327,-82.77095843134079,linear-baseline,scale_dependent_camb
1,0.40720486,0.44933801,1800,1819,1809.5183701657459,3.011729037339164e-07,2.6391889277403607e-07,2.6056617288567194e-07,1.4795644810841132e-09,5.231050388886658e-10,0.8763035767892522,0.8651713671953698,-71.21707532970107,linear-baseline,scale_dependent_camb
1,0.40720486,0.44933801,1820,1839,1829.518169398907,2.9826942267880993e-07,2.612466593562307e-07,2.579256209436924e-07,1.962051307060958e-09,6.936898921293661e-10,0.8758747611804412,0.864740403582832,-53.370769478755584,linear-baseline,scale_dependent_camb
1,0.40720486,0.44933801,1840,1859,1849.517972972973,2.9541543289234067e-07,2.596344275592773e-07,2.5633513638667633e-07,2.093146200699314e-09,7.400389362646716e-10,0.8788790247593355,0.8677107146263868,-48.350165889469444,linear-baseline,scale_dependent_camb
1,0.40720486,0.44933801,1860,1879,1869.5177807486632,2.9260909706150283e-07,2.559832512766099e-07,2.52729966048774e-07,2.0103358233911637e-09,7.107610465910666e-10,0.8748301192522575,0.8637119234732927,-51.530462960170404,linear-baseline,scale_dependent_camb
1,0.40720486,0.44933801,1880,1899,1889.5175925925926,2.8984867743051205e-07,2.5453378484349595e-07,2.512974890475261e-07,2.35700721003155e-09,8.33327890759447e-10,0.878160932455928,0.8669954656176474,-42.378147879860514,linear-baseline,scale_dependent_camb
1,0.40720486,0.44933801,1900,1919,1909.5174083769634,2.8713253062032587e-07,2.5276083678554805e-07,2.4954850930235693e-07,1.4990737127935133e-09,5.300025939073941e-10,0.8802932786455069,0.8691056661647784,-64.8519351223845,linear-baseline,scale_dependent_camb
1,0.40720486,0.44933801,1920,1939,1929.5172279792746,2.844591069777446e-07,2.502767039633348e-07,2.4709568929131206e-07,1.802306903853462e-09,6.37211716747057e-10,0.8798336837319672,0.8686510054699856,-53.64371388038777,linear-baseline,scale_dependent_camb
1,0.40720486,0.44933801,1940,1959,1949.5170512820512,2.8182693939676806e-07,2.4832142562406955e-07,2.451654333612089e-07,2.0229396576073513e-09,7.152171749126753e-10,0.8811131616998189,0.869914827468124,-46.84662917496267,linear-baseline,scale_dependent_camb
1,0.40720486,0.44933801,1960,1979,1969.5168781725888,2.7923464045717014e-07,2.457411018070688e-07,2.426180123861881e-07,1.8878312879436896e-09,6.674491527205583e-10,0.8800523509716959,0.868867888271196,-50.18140859656481,linear-baseline,scale_dependent_camb
1,0.40720486,0.44933801,1980,1999,1989.5167085427136,2.7668089684437594e-07,2.434941900235173e-07,2.404009219144675e-07,1.0200559889886284e-09,3.6064425350190466e-10,0.8800542169721061,0.8688743048627793,-92.02061726649241,linear-baseline,scale_dependent_camb
1,0.40720486,0.44933801,2000,2019,2009.5165422885573,2.7416446986955e-07,2.420645020862683e-07,2.3898994113763004e-07,1.6345366439608093e-09,5.778959725212949e-10,0.8829171124961773,0.8717028185721646,-55.54627356759934,linear-baseline,scale_dependent_camb
1,0.40720486,0.44933801,2020,2039,2029.5163793103447,2.7168418660312663e-07,2.4009121444027633e-07,2.370400183475289e-07,1.868154326351798e-09,6.604922962331715e-10,0.8837143502613901,0.8724836778733627,-47.83246124599331,linear-baseline,scale_dependent_camb
1,0.40720486,0.44933801,2040,2059,2049.516219512195,2.6923893512558375e-07,2.3756729802153088e-07,2.3454857720183558e-07,1.4325448454672093e-09,5.064810872918492e-10,0.8823660586486871,0.8711540070994294,-62.53271424881999,linear-baseline,scale_dependent_camb
1,0.40720486,0.44933801,2060,2079,2069.5160628019325,2.6682766537964706e-07,2.3690131504105173e-07,2.3389062473496993e-07,1.2599833354733505e-09,4.4547138034762535e-10,0.8878438999343805,0.8765606235102581,-67.1790639282869,linear-baseline,scale_dependent_camb
1,0.40720486,0.44933801,2080,2099,2089.515909090909,2.6444938409583945e-07,2.3411479869139862e-07,2.3113972797895526e-07,1.4265917482438497e-09,5.04376349583999e-10,0.8852915256045851,0.8740414683483915,-60.14275932933865,linear-baseline,scale_dependent_camb
1,0.40720486,0.44933801,2100,2119,2109.5157582938386,2.6210315452382503e-07,2.3261827994128331e-07,2.296627001078395e-07,1.4322575386892237e-09,5.06379509006352e-10,0.8875066016045925,0.8762302022845867,-58.226831967191345,linear-baseline,scale_dependent_camb
1,0.40720486,0.44933801,2120,2139,2129.5156103286386,2.5978808462082233e-07,2.3035077580895032e-07,2.274227814236126e-07,2.0153572714266727e-09,7.125363965697088e-10,0.8866872248785479,0.875416521722122,-41.31341073043993,linear-baseline,scale_dependent_camb
1,0.40720486,0.44933801,2140,2159,2149.515465116279,2.575033327921555e-07,2.2944815015210998e-07,2.2653293954206464e-07,1.325571177855549e-09,4.686601844035488e-10,0.891049244544379,0.8797281848189176,-59.862526354250924,linear-baseline,scale_dependent_camb
1,0.40720486,0.44933801,2160,2179,2169.5153225806453,2.552481064133796e-07,2.274708312500335e-07,2.2457887266393603e-07,1.8353073957265932e-09,6.488791525400482e-10,0.8911753918426325,0.8798454014786143,-42.80808692128801,linear-baseline,scale_dependent_camb
1,0.40720486,0.44933801,2180,2199,2189.5151826484016,2.530216486434267e-07,2.2621324789214037e-07,2.233390320913936e-07,1.3325223524225376e-09,4.711177957403134e-10,0.8940470078547851,0.882687443105457,-56.90381682389995,linear-baseline,scale_dependent_camb
1,0.40720486,0.44933801,2200,2219,2209.515045248869,2.5082324686934606e-07,2.242652290870449e-07,2.2141444508935287e-07,1.5475403991262517e-09,5.471381551911544e-10,0.8941166015758689,0.8827508927220281,-48.539875222232574,linear-baseline,scale_dependent_camb
1,0.40720486,0.44933801,2220,2239,2229.5149103139015,2.486522250571612e-07,2.2328413572956744e-07,2.2044702500174854e-07,1.7390332319003013e-09,6.148410954927304e-10,0.897977629913579,0.8865676747958772,-41.2595864420284,linear-baseline,scale_dependent_camb
1,0.40720486,0.44933801,2240,2259,2249.514777777778,2.465079405727175e-07,2.2107113426113945e-07,2.1826089718894321e-07,1.946535406803401e-09,6.882041929851998e-10,0.8968114120280257,0.8854112231916453,-36.96113242385474,linear-baseline,scale_dependent_camb
1,0.40720486,0.44933801,2260,2279,2269.5146475770925,2.4438978774494166e-07,2.194545243104482e-07,2.1666485811697348e-07,1.895430392635705e-09,6.701358419498936e-10,0.8979692905150471,0.8865544674194676,-37.20926694793601,linear-baseline,scale_dependent_camb
1,0.40720486,0.44933801,2280,2299,2289.514519650655,2.4229718580515124e-07,2.1868432165310166e-07,2.1590546859938577e-07,1.277278945538176e-09,4.515863019284236e-10,0.9025458588238066,0.8910770790916698,-52.28870772035114,linear-baseline,scale_dependent_camb
1,0.40720486,0.44933801,2300,2319,2309.514393939394,2.4022958754494236e-07,2.166530042447072e-07,2.1389979752345755e-07,1.5432603907293814e-09,5.456249437106732e-10,0.9018581202208307,0.8903973890536735,-43.210237310442764,linear-baseline,scale_dependent_camb
1,0.40720486,0.44933801,2320,2339,2329.514270386266,2.3818647037680917e-07,2.154017815745832e-07,2.1266344844975516e-07,1.5410834550115838e-09,5.448552807065423e-10,0.9043409612385591,0.8928443673283508,-41.817872761882526,linear-baseline,scale_dependent_camb
1,0.40720486,0.44933801,2340,2359,2349.5141489361704,2.3616733632629512e-07,2.1340757259260967e-07,2.1069544864413706e-07,1.2205069475759276e-09,4.315143695581162e-10,0.9036286554790967,0.8921447475405091,-52.743930073504,linear-baseline,scale_dependent_camb
1,0.40720486,0.44933801,2360,2379,2369.514029535865,2.341717126029918e-07,2.1261751764663e-07,2.0991592230446924e-07,1.3047640610879806e-09,4.613037577219049e-10,0.9079555992618794,0.896418785903295,-46.724516320449425,linear-baseline,scale_dependent_camb
1,0.40720486,0.44933801,2380,2399,2389.513912133891,2.3219914286733007e-07,2.1075752916368575e-07,2.0807859242816718e-07,1.7575895944303305e-09,6.214017603823003e-10,0.9076585148469077,0.8961212770154605,-34.50523489095517,linear-baseline,scale_dependent_camb
1,0.40720486,0.44933801,2400,2419,2409.5137966804978,2.3024919710935295e-07,2.097649512774808e-07,2.0709915339752473e-07,1.6315738772845657e-09,5.768484763173721e-10,0.9110344527188796,0.8994565713910677,-35.5106179054932,linear-baseline,scale_dependent_camb
1,0.40720486,0.44933801,2420,2439,2429.513683127572,2.28321459903095e-07,2.0838512754511587e-07,2.0573547806628628e-07,1.6987907432785689e-09,6.006132271946057e-10,0.9126830549943024,0.9010781472473295,-33.193295544121504,linear-baseline,scale_dependent_camb
1,0.40720486,0.44933801,2440,2459,2449.5135714285716,2.2641553229845434e-07,2.0686669029828957e-07,2.042381929493291e-07,1.4917516260488318e-09,5.274138453125938e-10,0.9136594481760374,0.9020502740072986,-37.065469884618466,linear-baseline,scale_dependent_camb
1,0.40720486,0.44933801,2460,2479,2469.5134615384613,2.2453103440854446e-07,2.055076071404583e-07,2.0289675102953526e-07,1.2312075615561946e-09,4.352976079122694e-10,0.915274842436827,0.903646801271825,-43.70211763699874,linear-baseline,scale_dependent_camb
1,0.40720486,0.44933801,2480,2499,2489.513353413655,2.2266760048368003e-07,2.0436624378547888e-07,2.0176868806356299e-07,1.4177096623979569e-09,5.012360580176431e-10,0.9178086229947832,0.9061430025081318,-36.512450382324566,linear-baseline,scale_dependent_camb
1,0.40720486,0.44933801,2500,2519,2509.513247011952,2.2082487684417206e-07,2.0260979833442327e-07,2.0003324932907972e-07,2.0007327779713647e-09,7.073658573228755e-10,0.9175134669152222,0.9058456283901192,-25.750576340631273,linear-baseline,scale_dependent_camb
1,0.40720486,0.44933801,2520,2539,2529.51314229249,2.1900252557765777e-07,2.015961338343254e-07,1.9903421631650386e-07,1.3058868369821867e-09,4.6170071894617787e-10,0.9205196757552455,0.9088215571556356,-37.700594842178496,linear-baseline,scale_dependent_camb
1,0.40720486,0.44933801,2540,2559,2549.513039215686,2.1720021924601872e-07,2.0026076746713562e-07,1.977150872499322e-07,1.27221503715627e-09,4.4979593995034693e-10,0.9220099692454911,0.9102895380873623,-37.66030387191366,linear-baseline,scale_dependent_camb
1,0.40720486,0.44933801,2560,2579,2569.512937743191,2.1541764305678692e-07,1.9860407844833498e-07,1.960804659444526e-07,8.828779590691795e-10,3.1214449590897795e-10,0.9219489900183354,0.9102340140856672,-53.86468391662692,linear-baseline,scale_dependent_camb
1,0.40720486,0.44933801,2580,2599,2589.5128378378377,2.1365449190922197e-07,1.9790667495869509e-07,1.9539091953875811e-07,1.3887989547156602e-09,4.910145792921161e-10,0.9262930687307157,0.9145181914629544,-32.07199463044485,linear-baseline,scale_dependent_camb
1,0.40720486,0.44933801,2600,2619,2609.5127394636015,2.1191047031093585e-07,1.9644306865901592e-07,1.939465233809774e-07,1.1983274293012182e-09,4.236727256703672e-10,0.9270097337369662,0.9152286014768407,-36.5079003550352,linear-baseline,scale_dependent_camb
1,0.40720486,0.44933801,2620,2639,2629.5126425855515,2.1018529329475262e-07,1.953185078398214e-07,1.9283740186140375e-07,5.557401916464721e-10,1.9648382904556595e-10,0.9292681936881149,0.9174638188932605,-75.66416802414567,linear-baseline,scale_dependent_camb
1,0.40720486,0.44933801,2640,2659,2649.512547169811,2.0847868440167432e-07,1.9400425604224952e-07,1.9153828760917219e-07,1.4120105967189167e-09,4.992211340236046e-10,0.9305711833276105,0.9187427873448051,-28.99402163278688,linear-baseline,scale_dependent_camb
1,0.40720486,0.44933801,2660,2679,2669.5124531835204,2.0679037496131352e-07,1.9280424488694627e-07,1.9035361401784155e-07,1.4355690223419258e-09,5.07550295279659e-10,0.9323656621978476,0.9205148646471241,-27.55614606954552,linear-baseline,scale_dependent_camb
1,0.40720486,0.44933801,2680,2699,2689.5123605947956,2.0512010350548147e-07,1.9117630799254036e-07,1.8874849745125772e-07,3.5555522179726104e-10,1.257077542095651e-10,0.9320213120282065,0.9201852681700394,-110.92231820238919,linear-baseline,scale_dependent_camb
1,0.40720486,0.44933801,2700,2719,2709.512269372694,2.0346761587971205e-07,1.899306710703632e-07,1.8751642706575383e-07,1.3872938504572618e-09,4.90482444578363e-10,0.9334687991952894,0.921603304068848,-27.599244293005672,linear-baseline,scale_dependent_camb
1,0.40720486,0.44933801,2720,2739,2729.5121794871793,2.0183266506519126e-07,1.8907023678109116e-07,1.8666733886452825e-07,1.167616884314175e-09,4.1281490836323084e-10,0.9367672805589825,0.9248618839979907,-30.91561865995061,linear-baseline,scale_dependent_camb
1,0.40720486,0.44933801,2740,2759,2749.512090909091,2.0021500976332505e-07,1.8809721565368344e-07,1.8570537802490407e-07,1.6419994029470331e-09,5.805344562640547e-10,0.9394760956035908,0.9275297503640068,-20.87351401607394,linear-baseline,scale_dependent_camb
1,0.40720486,0.44933801,2760,2779,2769.5120036101084,1.9861441383078884e-07,1.8668498862196149e-07,1.84312917659809e-07,1.2328222278035816e-09,4.358684786387096e-10,0.9399367599826328,0.9279936642304112,-27.369323072145402,linear-baseline,scale_dependent_camb
1,0.40720486,0.44933801,2780,2799,2789.511917562724,1.970306469123137e-07,1.850495947812765e-07,1.8269789122597313e-07,1.2108308560382482e-09,4.2809335458727877e-10,0.9391919362860883,0.9272562116048921,-27.98700798004218,linear-baseline,scale_dependent_camb
1,0.40720486,0.44933801,2800,2819,2809.5118327402133,1.9546348370870165e-07,1.8376537166089388e-07,1.814304427813398e-07,1.1580973169695877e-09,4.0944923305157097e-10,0.9401519310622672,0.9282063295859638,-28.570360141166436,linear-baseline,scale_dependent_camb
1,0.40720486,0.44933801,2820,2839,2829.511749116608,1.939127032720477e-07,1.8310948082463962e-07,1.8078209835579836e-07,1.3366202795530707e-09,4.725666317717175e-10,0.94428821699086,0.9322859993456545,-22.860739038863798,linear-baseline,scale_dependent_camb
1,0.40720486,0.44933801,2840,2859,2849.5116666666668,1.923780884796264e-07,1.8199893976884562e-07,1.796849040756065e-07,1.4666265348531214e-09,5.185307841313852e-10,0.9460481763135932,0.9340195938927621,-20.016456165022827,linear-baseline,scale_dependent_camb
1,0.40720486,0.44933801,2860,2879,2869.5115853658535,1.9085942605305524e-07,1.8044412534571708e-07,1.7815064419750945e-07,1.1409224607064536e-09,4.033770043867878e-10,0.945429466478418,0.9334128676882167,-25.82026390713934,linear-baseline,scale_dependent_camb
1,0.40720486,0.44933801,2880,2899,2889.5115051903113,1.8935650668981776e-07,1.7971257866056285e-07,1.7742833400052324e-07,1.1308110279130099e-09,3.9980207303890975e-10,0.9490699939609021,0.9370067979294004,-24.12175593775958,linear-baseline,scale_dependent_camb
1,0.40720486,0.44933801,2900,2919,2909.5114261168383,1.87869124185973e-07,1.779575324069451e-07,1.756953700489785e-07,1.1993918586448893e-09,4.240490582738691e-10,0.9472420397871428,0.9352008788578606,-23.373691287923005,linear-baseline,scale_dependent_camb
1,0.40720486,0.44933801,2920,2939,2929.511348122867,1.8639707496967993e-07,1.7728586741902202e-07,1.7503438380690017e-07,1.0058184003753601e-09,3.556105057738115e-10,0.9511193641201721,0.939040399831231,-25.621311526867984,linear-baseline,scale_dependent_camb
1,0.40720486,0.44933801,2940,2959,2949.511271186441,1.849401585139744e-07,1.7623887184845975e-07,1.7399953554501973e-07,1.0190600085588403e-09,3.6029212124398853e-10,0.95295079913724,0.9408423618922767,-24.15064374838821,linear-baseline,scale_dependent_camb
1,0.40720486,0.44933801,2960,2979,2969.5111952861953,1.8349817703523241e-07,1.7558483222660047e-07,1.733545713368073e-07,7.260594516300767e-10,2.5670078089610664e-10,0.9568750767092769,0.9447209456665202,-30.82711622850371,linear-baseline,scale_dependent_camb
1,0.40720486,0.44933801,2980,2999,2989.511120401338,1.8207093493101617e-07,1.7405796035090664e-07,1.718457024195529e-07,1.1331916828840814e-09,4.006437616757648e-10,0.9559898202140527,0.9438392925518977,-20.000247967405823,linear-baseline,scale_dependent_camb
1,0.40720486,0.44933801,3000,3019,3009.5110465116277,1.8065823876565036e-07,1.7211111304296205e-07,1.6992470830366767e-07,6.507336482385147e-10,2.3006908770785757e-10,0.95268897902976,0.9405865432137518,-37.15025694169515,linear-baseline,scale_dependent_camb
1,0.40720486,0.44933801,3020,3039,3029.5109735973597,1.7925989710499106e-07,1.7174139341669299e-07,1.6955981336474957e-07,9.077174110987236e-10,3.2092656839450227e-10,0.9580580832092381,0.945888155148498,-23.427489116625193,linear-baseline,scale_dependent_camb
1,0.40720486,0.44933801,3040,3059,3049.5109016393444,1.7787572108240028e-07,1.7113373060127214e-07,1.6895944697697934e-07,9.860887957781865e-10,3.486350371734161e-10,0.9620971853825686,0.9498735743632459,-19.338247055687013,linear-baseline,scale_dependent_camb
1,0.40720486,0.44933801,3060,3079,3069.5108306188927,1.765055233927183e-07,1.6935557771112982e-07,1.672023312161473e-07,1.3586226205374719e-09,4.803456340277419e-10,0.9594916604072491,0.9472923453173092,-14.885001913383773,linear-baseline,scale_dependent_camb
1,0.40720486,0.44933801,3080,3099,3089.5107605177996,1.7514911905234278e-07,1.6878889742490125e-07,1.6664380013568156e-07,1.1050497681202393e-09,3.9069409229322155e-10,0.9636868191980983,0.9514395564038239,-16.27928794650954,linear-baseline,scale_dependent_camb
1,0.40720486,0.44933801,3100,3119,3109.510691318328,1.7380632422229358e-07,1.6771784577626323e-07,1.6558652643647503e-07,1.073430136267397e-09,3.7951486424233805e-10,0.9649697531244987,0.9527071421445767,-16.042793101622955,linear-baseline,scale_dependent_camb
1,0.40720486,0.44933801,3120,3139,3129.5106230031947,1.7247695754791546e-07,1.6604360663455468e-07,1.639344234788934e-07,9.043328630241496e-10,3.1972994994711067e-10,0.9627002296143035,0.9504714473720418,-20.12120201571662,linear-baseline,scale_dependent_camb
1,0.40720486,0.44933801,3140,3159,3149.5105555555556,1.7116083933623963e-07,1.6529645571214635e-07,1.6319461697815376e-07,1.6851308347845464e-09,5.957837202313501e-10,0.9657375854965696,0.9534576811554628,-9.84314177268233,linear-baseline,scale_dependent_camb
1,0.40720486,0.44933801,3160,3179,3169.5104889589907,1.6985779186110091e-07,1.6385896201389664e-07,1.6177702287789455e-07,9.033458566154275e-10,3.193809904847697e-10,0.9646832224681824,0.9524262684998618,-18.78267657101007,linear-baseline,scale_dependent_camb
1,0.40720486,0.44933801,3180,3199,3189.510423197492,1.6856763976094056e-07,1.6311774529966487e-07,1.6104388349466668e-07,1.25315547048514e-09,4.430573655305304e-10,0.967669390940013,0.9553665443916524,-12.30065198160022,linear-baseline,scale_dependent_camb
1,0.40720486,0.44933801,3200,3219,3209.5103582554516,1.672902094916913e-07,1.622704859001267e-07,1.6020931738178468e-07,5.634849222765398e-10,1.9922200481905796e-10,0.9699939189100368,0.9576730035103561,-25.196632250156,linear-baseline,scale_dependent_camb
1,0.40720486,0.44933801,3220,3239,3229.510294117647,1.6602532925700254e-07,1.612757768805152e-07,1.5922656419403996e-07,9.809841731638203e-10,3.4683028054040783e-10,0.9713926037807451,0.9590498323756474,-13.694168712970768,linear-baseline,scale_dependent_camb
1,0.40720486,0.44933801,3240,3259,3249.510230769231,1.6477282951987082e-07,1.5996539470761227e-07,1.579331596571775e-07,8.326111350724834e-10,2.943724898505907e-10,0.970823862002814,0.9584903052121924,-16.331128002819053,linear-baseline,scale_dependent_camb
1,0.40720486,0.44933801,3260,3279,3269.5101681957185,1.6353254373779338e-07,1.587962047090286e-07,1.567781860786735e-07,1.001797920220732e-09,3.541890513833297e-10,0.9710373304266643,0.9586971650734561,-13.372347367222126,linear-baseline,scale_dependent_camb
1,0.40720486,0.44933801,3280,3299,3289.510106382979,1.6230430737867005e-07,1.5826844231348545e-07,1.5625774453221737e-07,7.848996553413013e-10,2.7750393442140906e-10,0.9751339620594999,0.962745518316125,-14.543451694114914,linear-baseline,scale_dependent_camb
1,0.40720486,0.44933801,3300,3319,3309.5100453172204,1.61087957527394e-07,1.57173646976095e-07,1.5517621660220422e-07,1.00763407711346e-09,3.5625244444078803e-10,0.975700787250758,0.9633011615769946,-10.987462998165011,linear-baseline,scale_dependent_camb
1,0.40720486,0.44933801,3320,3339,3329.509984984985,1.5988333443340513e-07,1.561961085955288e-07,1.5421077215524695e-07,1.294167934330342e-09,4.5755746117958564e-10,0.976938022646681,0.964520615621005,-8.058497895260285,linear-baseline,scale_dependent_camb
1,0.40720486,0.44933801,3340,3359,3349.509925373134,1.5869028154517331e-07,1.5547206079913478e-07,1.5349606914701578e-07,9.65276777616397e-10,3.412768775872267e-10,0.9797201144600501,0.9672682388134843,-9.429940782366637,linear-baseline,scale_dependent_camb
1,0.40720486,0.44933801,3360,3379,3369.5098664688426,1.575086434458913e-07,1.544258326309738e-07,1.524633519259938e-07,9.485423745592154e-10,3.353603726468056e-10,0.9804276721107275,0.9679681609242561,-9.192531576067454,linear-baseline,scale_dependent_camb
1,0.40720486,0.44933801,3380,3399,3389.509808259587,1.563382679469132e-07,1.531381780107083e-07,1.5119213927079426e-07,8.851245959851186e-10,3.129388020080402e-10,0.9795309876575355,0.9670833715653907,-10.225928889836611,linear-baseline,scale_dependent_camb
1,0.40720486,0.44933801,3400,3419,3409.509750733138,1.5517900662873253e-07,1.525921302035891e-07,1.5065263781647054e-07,9.436047260387798e-10,3.3361465027084776e-10,0.9833297268661311,0.9708313069493261,-7.754085208917706,linear-baseline,scale_dependent_camb
1,0.40720486,0.44933801,3420,3439,3429.509693877551,1.5403071167675457e-07,1.5106551195762158e-07,1.49145587816745e-07,9.449556236774696e-10,3.3409226471135097e-10,0.9807492954693626,0.968284741355598,-8.875391717598923,linear-baseline,scale_dependent_camb
1,0.40720486,0.44933801,3440,3459,3449.5096376811593,1.5289323907988493e-07,1.5041256637771195e-07,1.4850213224566792e-07,6.163174610952202e-10,2.1790112805205318e-10,0.9837751314766975,0.9712799149220541,-11.384395869581686,linear-baseline,scale_dependent_camb
1,0.40720486,0.44933801,3460,3479,3469.509582132565,1.5176644854512359e-07,1.4944831193758666e-07,1.4754910579876012e-07,7.995125649613139e-10,2.8267037816399757e-10,0.9847256318523676,0.9722116265696924,-8.200847299931802,linear-baseline,scale_dependent_camb
1,0.40720486,0.44933801,3480,3499,3489.5095272206304,1.5065019993144536e-07,1.482265553819468e-07,1.4634289018312765e-07,7.636503101866222e-10,2.699911563940855e-10,0.9839121053234482,0.9714085361302024,-8.976755319944486,linear-baseline,scale_dependent_camb
1,0.40720486,0.44933801,3500,3519,3509.509472934473,1.4954435770285765e-07,1.476772019446908e-07,1.4579998796423687e-07,9.304102367922355e-10,3.2894969386058556e-10,0.9875143683997971,0.9749614776770061,-5.676113378473511,linear-baseline,scale_dependent_camb
1,0.40720486,0.44933801,3520,3539,3529.509419263456,1.4844878875930498e-07,1.4660425481044094e-07,1.4474173520270079e-07,8.252570814025959e-10,2.917724392409971e-10,0.9875746109868584,0.9750280646437957,-6.321823794126429,linear-baseline,scale_dependent_camb
1,0.40720486,0.44933801,3540,3559,3549.509366197183,1.473633611886814e-07,1.4534646534799039e-07,1.4350018314140038e-07,4.607929664323163e-10,1.62914915643678e-10,0.9863134511562299,0.9737846774386838,-12.380056379259424,linear-baseline,scale_dependent_camb
1,0.40720486,0.44933801,3560,3579,3569.5093137254903,1.4628794773365122e-07,1.4475339069905117e-07,1.4291418668040843e-07,5.948420370833787e-10,2.103084190782384e-10,0.9895100241792028,0.9769375324111769,-7.296698065278933,linear-baseline,scale_dependent_camb
1,0.40720486,0.44933801,3580,3599,3589.50926183844,1.4522242120259495e-07,1.4364663918532626e-07,1.4182145707205775e-07,8.106478889008942e-10,2.866073096981906e-10,0.9891491823079415,0.9765809982895642,-5.498052436024933,linear-baseline,scale_dependent_camb
1,0.40720486,0.44933801,3600,3619,3609.5092105263157,1.4416665886346893e-07,1.42796327940273e-07,1.4098168138308322e-07,7.120685868133501e-10,2.5175426320282083e-10,0.9904948138910975,0.9779076694605096,-5.443128969347161,linear-baseline,scale_dependent_camb
1,0.40720486,0.44933801,3620,3639,3629.5091597796145,1.431205394898989e-07,1.415951513455179e-07,1.3979537795614353e-07,9.861415962944333e-10,3.4865370497496025e-10,0.9893419340800581,0.9767667062630794,-4.375080839856667,linear-baseline,scale_dependent_camb
1,0.40720486,0.44933801,3640,3659,3649.509109589041,1.420839435550584e-07,1.411084382511937e-07,1.393151218943032e-07,8.173055183386906e-10,2.889611371592371e-10,0.9931343030080898,0.9805127758177525,-3.375904848156572,linear-baseline,scale_dependent_camb
1,0.40720486,0.44933801,3660,3679,3669.5090599455043,1.4105675531903846e-07,1.4067152798705285e-07,1.38884122236344e-07,5.722519108195756e-10,2.0232160334374067e-10,0.9972689905484192,0.9845974545651469,-1.9040345945218327,linear-baseline,scale_dependent_camb
1,0.40720486,0.44933801,3680,3699,3689.509010840108,1.4003885926201158e-07,1.393337007311879e-07,1.3756338100976987e-07,7.30530675088319e-10,2.582815971098684e-10,0.9949645510214823,0.9823229190434198,-2.7301926994191685,linear-baseline,scale_dependent_camb
1,0.40720486,0.44933801,3700,3719,3709.508962264151,1.3903014446119363e-07,1.3862540325969026e-07,1.368638254743949e-07,6.797458152927345e-10,2.403264377383355e-10,0.9970888241318319,0.9844183504577787,-1.6841309899664108,linear-baseline,scale_dependent_camb
1,0.40720486,0.44933801,3720,3739,3729.508914209115,1.3803049917578886e-07,1.380208869624202e-07,1.3626717551079997e-07,7.391569332271325e-10,2.6133143992297875e-10,0.9999303616706013,0.9872251156409773,-0.0367816951970951,linear-baseline,scale_dependent_camb
1,0.40720486,0.44933801,3740,3759,3749.5088666666666,1.3703981667228696e-07,1.3692660549165965e-07,1.3518590264328734e-07,9.788831853143345e-10,3.4608746916262686e-10,0.9991738811144353,0.9864717125721715,-0.32711724842632145,linear-baseline,scale_dependent_camb
1,0.40720486,0.44933801,3760,3779,3769.5088196286474,1.3605798950421854e-07,1.3575757812098928e-07,1.3403239627757272e-07,6.810586199756786e-10,2.4079058428517706e-10,0.9977920342324333,0.9851122801826863,-1.247604361778008,linear-baseline,scale_dependent_camb
1,0.40720486,0.44933801,3780,3799,3789.5087730870714,1.3508491489007395e-07,1.3524866177821775e-07,1.33529625671295e-07,9.031695467317628e-10,3.1931865552760495e-10,1.0012121774535452,0.9884865810512996,0.512800881844021,linear-baseline,scale_dependent_camb
1,0.40720486,0.44933801,3800,3819,3809.5087270341205,1.3412048915008395e-07,1.3434513142347036e-07,1.3263854220576488e-07,7.745028771597408e-10,2.7382811824407214e-10,1.00167492882564,0.9889506297381547,0.8203769387414751,linear-baseline,scale_dependent_camb
1,0.40720486,0.44933801,3820,3839,3829.508681462141,1.3316461316591815e-07,1.3330543718849666e-07,1.316118192016768e-07,5.690248381594699e-10,2.0118066086306944e-10,1.0010575183543924,0.9883392897908498,0.6999878714702,linear-baseline,scale_dependent_camb
1,0.40720486,0.44933801,3840,3859,3849.5086363636365,1.3221718738669867e-07,1.32275013705311e-07,1.305943398712453e-07,8.591613374128665e-10,3.0375940390897067e-10,1.000437358559468,0.9877258959479528,0.19036881778205844,linear-baseline,scale_dependent_camb
1,0.40720486,0.44933801,3860,3879,3869.5085917312663,1.31278116416148e-07,1.3171424800857265e-07,1.3004017897274582e-07,7.903328278082746e-10,2.7942485096878545e-10,1.0033221956890526,0.9905701157420789,1.5608189139675843,linear-baseline,scale_dependent_camb
1,0.40720486,0.44933801,3880,3899,3889.5085475578408,1.3034730429964716e-07,1.3111075401422115e-07,1.2944461873880881e-07,6.438111197554386e-10,2.276216042911875e-10,1.0058570426038036,0.9930747661741955,3.354030110416681,linear-baseline,scale_dependent_camb
1,0.40720486,0.44933801,3900,3919,3909.5085038363172,1.2942465896213063e-07,1.3006801186096977e-07,1.2841493663462084e-07,6.897978089348111e-10,2.438803541727137e-10,1.0049708680246736,0.9921983775301642,2.6379857492888825,linear-baseline,scale_dependent_camb
1,0.40720486,0.44933801,3920,3939,3929.5084605597963,1.285100888396104e-07,1.2935950855675068e-07,1.2771642585362e-07,5.176085879140347e-10,1.8300227125720358e-10,1.0066097512250607,0.9938241192333082,4.641580190807847,linear-baseline,scale_dependent_camb
1,0.40720486,0.44933801,3940,3959,3949.508417721519,1.2760350482464307e-07,1.287411785932775e-07,1.2710492985410512e-07,7.208223712498915e-10,2.5484919337088266e-10,1.0089156937358255,0.9960927799653849,4.464105825042872,linear-baseline,scale_dependent_camb
1,0.40720486,0.44933801,3960,3979,3969.5083753148615,1.2670481961987766e-07,1.276136091780606e-07,1.259922649252647e-07,5.737542700491701e-10,2.028527675432529e-10,1.0071724939975397,0.9943762621125963,4.480045153878214,linear-baseline,scale_dependent_camb
1,0.40720486,0.44933801,3980,3999,3989.508333333333,1.2581394678435003e-07,1.2714729984981327e-07,1.2553153318804977e-07,7.408428306439066e-10,2.6192749467087166e-10,1.0105978160572981,0.9977553077101673,5.090542583697397,linear-baseline,scale_dependent_camb
1,0.40720486,0.44933801,4000,4019,4009.5082917705736,1.249308034885457e-07,1.2609856346534772e-07,1.2449628037371902e-07,7.65074086603242e-10,2.7049453737362817e-10,1.0093472541934712,0.996521889696591,4.317129610602894,linear-baseline,scale_dependent_camb
1,0.40720486,0.44933801,4020,4039,4029.5082506203476,1.2405530661131713e-07,1.2574169492045624e-07,1.241440124724102e-07,6.718637279170989e-10,2.3753969902172704e-10,1.0135938425788007,1.0007150509197562,7.099395663479652,linear-baseline,scale_dependent_camb
1,0.40720486,0.44933801,4040,4059,4049.5082098765433,1.2318737656849814e-07,1.246045202976221e-07,1.2302173241889166e-07,4.5286452125126525e-10,1.601117869677845e-10,1.011503968739329,0.9986553480216832,8.850964416561633,linear-baseline,scale_dependent_camb
1,0.40720486,0.44933801,4060,4079,4069.5081695331696,1.223269345943407e-07,1.2418145191739588e-07,1.2260378674342242e-07,6.328443092724304e-10,2.237442512609261e-10,1.0151603351232916,1.0022632149656967,8.288558533253529,linear-baseline,scale_dependent_camb
1,0.40720486,0.44933801,4080,4096,4088.005870123517,1.2153763681318502e-07,1.2352813090346693e-07,1.219586257847475e-07,6.280161555835755e-10,2.2203724115392605e-10,1.0163775941549817,1.003463856815067,8.964685743424486,linear-baseline,scale_dependent_camb
2,0.36610056,0.40720486,20,39,30.608333333333334,3.685727716341129e-05,3.53183680002622e-05,3.566285455000763e-05,1.3749924895531294e-06,4.861332567217955e-07,0.9582468027595704,0.9675933029966365,-3.1656117779857667,linear-baseline,scale_dependent_camb
2,0.36610056,0.40720486,40,59,50.165,2.9116075676204727e-05,2.8320340731107107e-05,2.8596655563187233e-05,9.21916181734422e-07,3.2594659189500963e-07,0.9726702542627357,0.9821603667062182,-2.441304694954239,linear-baseline,scale_dependent_camb
2,0.36610056,0.40720486,60,79,69.975,2.3749407181176176e-05,2.314587063377268e-05,2.3372719046761287e-05,7.577405178363588e-07,2.6790172927094766e-07,0.974587300525048,0.9841390510701483,-2.2528281136740906,linear-baseline,scale_dependent_camb
2,0.36610056,0.40720486,80,99,89.86944444444444,1.8696953655288536e-05,1.8360488074852016e-05,1.8540114902939287e-05,2.4425270477258663e-07,8.635637193392589e-08,0.9820042565949587,0.9916115344113887,-3.896244977660261,linear-baseline,scale_dependent_camb
2,0.36610056,0.40720486,100,119,109.80227272727272,1.452611178483803e-05,1.4362296904142284e-05,1.4502922009412467e-05,2.7771748412487654e-07,9.818795813938377e-08,0.9887227302720656,0.9984035799965572,-1.668380561119325,linear-baseline,scale_dependent_camb
2,0.36610056,0.40720486,120,139,129.75576923076923,1.2124777754784491e-05,1.186808665640527e-05,1.1984017163527983e-05,3.3184289627870185e-07,1.173241811236271e-07,0.9788292120836664,0.988390666278319,-2.187878883286138,linear-baseline,scale_dependent_camb
2,0.36610056,0.40720486,140,159,149.72166666666666,1.0181444932962933e-05,9.917119229792762e-06,1.0014126454944554e-05,1.1567045793940764e-07,4.089568259595423e-08,0.974038488160516,0.9835663327631743,-6.463413406781498,linear-baseline,scale_dependent_camb
2,0.36610056,0.40720486,160,179,169.6955882352941,8.302280435217726e-06,8.32171273617351e-06,8.402994655289102e-06,1.469766612465787e-07,5.196409692180692e-08,1.0023405979968292,1.0121309103995275,0.3739562911104794,linear-baseline,scale_dependent_camb
2,0.36610056,0.40720486,180,199,189.675,7.0471533562747375e-06,7.058390372231105e-06,7.127417594607286e-06,5.004191190407139e-08,1.7692487625454346e-08,1.0015945468174552,1.0113895972280895,0.6351292251407559,linear-baseline,scale_dependent_camb
2,0.36610056,0.40720486,200,219,209.65833333333333,6.1692412266036605e-06,6.206794544129946e-06,6.267550839881673e-06,5.558563922381797e-08,1.965249121587531e-08,1.0060871857894524,1.0159354464620498,1.9108680479119058,linear-baseline,scale_dependent_camb
2,0.36610056,0.40720486,220,239,229.64456521739132,5.290454739589017e-06,5.3860277350185925e-06,5.438585248687023e-06,7.881906220654181e-08,2.7866746686505016e-08,1.0180651758939345,1.0279995796938834,3.429643097730466,linear-baseline,scale_dependent_camb
2,0.36610056,0.40720486,240,259,249.633,4.564463947376876e-06,4.741379873451698e-06,4.7877089031723396e-06,6.299814644245169e-08,2.227320827582038e-08,1.0387594092350083,1.0489093480349996,7.942992490528662,linear-baseline,scale_dependent_camb
2,0.36610056,0.40720486,260,279,269.6231481481482,4.059183415252457e-06,4.25024788741186e-06,4.29175736964686e-06,5.75065124307417e-08,2.033162245108297e-08,1.0470696819073202,1.05729574907123,9.397404098915167,linear-baseline,scale_dependent_camb
2,0.36610056,0.40720486,280,299,289.6146551724138,3.6124299524974524e-06,3.8142227670277966e-06,3.851509744846412e-06,3.6007934694618235e-08,1.2730727399543453e-08,1.0558606857942905,1.0661825406977572,15.850847182351954,linear-baseline,scale_dependent_camb
2,0.36610056,0.40720486,300,319,309.60725806451615,3.194363373677032e-06,3.4317533949462976e-06,3.4652955159380314e-06,2.36465708565607e-08,8.360325302241128e-09,1.0743152839859937,1.0848156926959531,28.39483066593463,linear-baseline,scale_dependent_camb
2,0.36610056,0.40720486,320,339,329.6007575757576,2.8677993467690532e-06,3.1370313714093217e-06,3.167749289493987e-06,2.13623405180429e-08,7.55272792116214e-09,1.093881053757681,1.1045923743105897,35.646991054172865,linear-baseline,scale_dependent_camb
2,0.36610056,0.40720486,340,359,349.595,2.6040811160419043e-06,2.8548619431345682e-06,2.8827966218903363e-06,2.7565365216656906e-08,9.745828335290941e-09,1.096303001295843,1.1070302703442925,25.73212029443954,linear-baseline,scale_dependent_camb
2,0.36610056,0.40720486,360,379,369.58986486486486,2.360030905524835e-06,2.6225372720374393e-06,2.6481480263733544e-06,3.1655039911231596e-08,1.1191746689981335e-08,1.1112300546141478,1.122081927051903,23.455352750933454,linear-baseline,scale_dependent_camb
2,0.36610056,0.40720486,380,399,389.5852564102564,2.147422403798661e-06,2.4084167166967263e-06,2.431961821742309e-06,2.8306683111585065e-08,1.0007923790550259e-08,1.1215384138846562,1.1325027705030528,26.078767021038153,linear-baseline,scale_dependent_camb
2,0.36610056,0.40720486,400,419,409.5810975609756,1.9739151316825377e-06,2.2086293047227346e-06,2.230208987708578e-06,2.149462425499929e-08,7.599497284883419e-09,1.1189079354390123,1.1298403623906461,30.8854867949068,linear-baseline,scale_dependent_camb
2,0.36610056,0.40720486,420,439,429.57732558139537,1.821659881996037e-06,2.072587135984496e-06,2.092865618265834e-06,2.3178353553693018e-08,8.194785487277823e-09,1.137746489599097,1.14887836030765,30.620356613119007,linear-baseline,scale_dependent_camb
2,0.36610056,0.40720486,440,459,449.5738888888889,1.683997831414102e-06,1.9269220239183413e-06,1.945741363827683e-06,2.4597302215230942e-08,8.696459597642343e-09,1.1442544568482305,1.1554298512331143,27.933688390859345,linear-baseline,scale_dependent_camb
2,0.36610056,0.40720486,460,479,469.5707446808511,1.5656124232430169e-06,1.7897192239659925e-06,1.8072532939749029e-06,1.4769104137349195e-08,5.221666843784955e-09,1.143143218203877,1.1543427141637967,42.91863257988527,linear-baseline,scale_dependent_camb
2,0.36610056,0.40720486,480,499,489.5678571428571,1.463651896506386e-06,1.6819960167266127e-06,1.6984502285100165e-06,1.8857884235020626e-08,6.667268910706986e-09,1.1491776294222662,1.160419518168271,32.74865963027039,linear-baseline,scale_dependent_camb
2,0.36610056,0.40720486,500,519,509.56519607843137,1.3722664192782597e-06,1.580184735800502e-06,1.5956155512539434e-06,1.8537924065362488e-08,6.554145907869553e-09,1.1515145409093348,1.1627593074041365,31.723174833900952,linear-baseline,scale_dependent_camb
2,0.36610056,0.40720486,520,539,529.5627358490566,1.2908755028164467e-06,1.4880869672269922e-06,1.502647339256825e-06,9.207324670621662e-09,3.255280855591386e-09,1.1527734192648844,1.1640528741759621,60.58201217010449,linear-baseline,scale_dependent_camb
2,0.36610056,0.40720486,540,559,549.5604545454545,1.2196137564539039e-06,1.4079941609210517e-06,1.4217687253834468e-06,1.1346771330155495e-08,4.011689476063026e-09,1.1544590682667228,1.1657532705414213,46.957872884024844,linear-baseline,scale_dependent_camb
2,0.36610056,0.40720486,560,579,569.5583333333333,1.1563500834773617e-06,1.3263636299292237e-06,1.3393432640019309e-06,1.5690267791086652e-08,5.5473473768551215e-09,1.147026016498913,1.158250674375596,30.647719513870687,linear-baseline,scale_dependent_camb
2,0.36610056,0.40720486,580,599,589.5563559322034,1.0994080992046915e-06,1.2577250979955097e-06,1.2700227677952615e-06,9.372244494895723e-09,3.313588818639527e-09,1.1440020306429834,1.1551877494026033,47.778106293773355,linear-baseline,scale_dependent_camb
2,0.36610056,0.40720486,600,619,609.5545081967213,1.0484584172261398e-06,1.1957190188402474e-06,1.2073952691443462e-06,1.9670030885475382e-08,6.954406112634236e-09,1.1404544035267592,1.151590992362576,21.17515129675497,linear-baseline,scale_dependent_camb
2,0.36610056,0.40720486,620,639,629.5527777777778,1.0029797505883398e-06,1.1363557641111024e-06,1.1474573441439711e-06,1.2193186880213451e-08,4.3109425636368876e-09,1.1329797669838553,1.1440483653542177,30.93894468643563,linear-baseline,scale_dependent_camb
2,0.36610056,0.40720486,640,659,649.5511538461539,9.619067446610524e-07,1.0837281245720135e-06,1.0943195580649995e-06,8.675308234121566e-09,3.067184640615426e-09,1.126645727963876,1.137656601472948,39.71765452193898,linear-baseline,scale_dependent_camb
2,0.36610056,0.40720486,660,679,669.5496268656716,9.246764533258499e-07,1.0363958880173555e-06,1.0465348128197006e-06,5.263930532158068e-09,1.8610804874919405e-09,1.1208200276860911,1.1317848627544846,60.02934072027309,linear-baseline,scale_dependent_camb
2,0.36610056,0.40720486,680,699,689.5481884057971,8.909500281379063e-07,9.800087403215207e-07,9.895885368219374e-07,8.321362712451305e-09,2.9420460013436e-09,1.0999592674908467,1.110711606228002,30.271012806374284,linear-baseline,scale_dependent_camb
2,0.36610056,0.40720486,700,719,709.5468309859154,8.603200574738023e-07,9.484512206943528e-07,9.57723698101851e-07,8.753672484649412e-09,3.0948905870908465e-09,1.1024399727228655,1.113217912080371,28.476342132466954,linear-baseline,scale_dependent_camb
2,0.36610056,0.40720486,720,739,729.5455479452055,8.323386165526153e-07,9.035461462239086e-07,9.123689114453552e-07,1.0632447275957654e-08,3.759137784719046e-09,1.0855511546084706,1.0961511256370753,18.94251654215844,linear-baseline,scale_dependent_camb
2,0.36610056,0.40720486,740,759,749.5443333333334,8.066730113293532e-07,8.680574157476048e-07,8.765435588225522e-07,6.572254589636986e-09,2.3236428940083612e-09,1.0760957705986636,1.0866156999328094,26.41731419941277,linear-baseline,scale_dependent_camb
2,0.36610056,0.40720486,760,779,769.5431818181818,7.830535627570796e-07,8.417282970991071e-07,8.499578507251452e-07,5.5751248623200714e-09,1.9711042980541197e-09,1.0749306779672103,1.085440244639843,29.767442747677705,linear-baseline,scale_dependent_camb
2,0.36610056,0.40720486,780,799,789.5420886075949,7.61245628237804e-07,8.100865850778688e-07,8.180022525952943e-07,6.719099857806808e-09,2.3755605364623805e-09,1.0641592608592394,1.0745575701877925,20.55976098710472,linear-baseline,scale_dependent_camb
2,0.36610056,0.40720486,800,819,809.5410493827161,7.410447579912423e-07,7.770077307919778e-07,7.845953519814237e-07,7.006090799708666e-09,2.47702715704134e-09,1.0485300953996635,1.0587691816459701,14.518602550846115,linear-baseline,scale_dependent_camb
2,0.36610056,0.40720486,820,839,829.5400602409638,7.22272759039452e-07,7.488101157659832e-07,7.56123831437477e-07,7.889491935195523e-09,2.7893566237466656e-09,1.0367414614415518,1.046867436123499,9.513791280975129,linear-baseline,scale_dependent_camb
2,0.36610056,0.40720486,840,859,849.5391176470588,7.047742490166816e-07,7.277360964016836e-07,7.348388162599941e-07,1.0482545632708734e-08,3.7061395504928868e-09,1.0325804290055134,1.0426584360669524,6.195624064384804,linear-baseline,scale_dependent_camb
2,0.36610056,0.40720486,860,879,869.5382183908046,6.884136384656628e-07,7.023782704672916e-07,7.092414919850239e-07,7.086281520410536e-09,2.505378858239604e-09,1.020285234372685,1.0302548531225824,5.57386039867877,linear-baseline,scale_dependent_camb
2,0.36610056,0.40720486,880,899,889.5373595505617,6.730725816067684e-07,6.842641895760836e-07,6.909587088587499e-07,3.04952623957111e-09,1.0781703417035219e-09,1.0166276390914608,1.0265738461805762,10.380185334751785,linear-baseline,scale_dependent_camb
2,0.36610056,0.40720486,900,919,909.5365384615385,6.586472168464304e-07,6.577503744640852e-07,6.641784394540956e-07,5.38584572784385e-09,1.904184018291491e-09,0.9986383569847311,1.0083978531544526,-0.4709851431007681,linear-baseline,scale_dependent_camb
2,0.36610056,0.40720486,920,939,929.535752688172,6.450460052210925e-07,6.386590866892973e-07,6.449045739507077e-07,3.327690843869049e-09,1.1765163806960946e-09,0.9900985069590407,0.9997807423513361,-5.428669448712992,linear-baseline,scale_dependent_camb
2,0.36610056,0.40720486,940,959,949.535,6.321888198873626e-07,6.210663514426573e-07,6.271360100061129e-07,4.886476225776743e-09,1.7276302376767909e-09,0.9824064138832967,0.9920074355599171,-6.437991302850825,linear-baseline,scale_dependent_camb
2,0.36610056,0.40720486,960,979,969.5342783505155,6.20005604965229e-07,6.030198820731893e-07,6.089134010187625e-07,4.200767132948904e-09,1.4851954629468707e-09,0.972603920422635,0.9821095102082368,-11.436691880499865,linear-baseline,scale_dependent_camb
2,0.36610056,0.40720486,980,999,989.5335858585859,6.084349853239839e-07,5.883768620024821e-07,5.941290572642361e-07,2.803510829278651e-09,9.911907592564277e-10,0.9670332512013242,0.976487334875837,-20.23639055770557,linear-baseline,scale_dependent_camb
2,0.36610056,0.40720486,1000,1019,1009.5329207920792,5.974230716799132e-07,5.713159003921167e-07,5.768995348916079e-07,3.821625538506316e-09,1.3511486667167538e-09,0.9563003631339765,0.9656465614382878,-19.322204825347654,linear-baseline,scale_dependent_camb
2,0.36610056,0.40720486,1020,1039,1029.532281553398,5.869224247862558e-07,5.572315090929094e-07,5.626802523768047e-07,3.3099563843995466e-09,1.170246302420313e-09,0.9494125382853464,0.958696121692267,-25.371509939351505,linear-baseline,scale_dependent_camb
2,0.36610056,0.40720486,1040,1059,1049.5316666666668,5.768911693285725e-07,5.457865210900131e-07,5.511209777130717e-07,3.2256394384076546e-09,1.1404357602804097e-09,0.9460822943870656,0.9553291972808423,-27.274353647864793,linear-baseline,scale_dependent_camb
2,0.36610056,0.40720486,1060,1079,1069.5310747663552,5.672922307077664e-07,5.311337693290612e-07,5.363291544708814e-07,3.456047638029635e-09,1.2218973604772525e-09,0.9362613139728829,0.9454195306037336,-29.592061124170296,linear-baseline,scale_dependent_camb
2,0.36610056,0.40720486,1080,1099,1089.530504587156,5.580926549886427e-07,5.167399471511573e-07,5.217966755670724e-07,3.3776338308113235e-09,1.1941738930658914e-09,0.9259035081937659,0.9349642409783928,-34.62871536348658,linear-baseline,scale_dependent_camb
2,0.36610056,0.40720486,1100,1119,1109.529954954955,5.492630623145803e-07,5.069462387453307e-07,5.119034703278334e-07,2.6675730704675758e-09,9.431295037191214e-10,0.9229570920153859,0.9319823331477733,-44.86851848275144,linear-baseline,scale_dependent_camb
2,0.36610056,0.40720486,1120,1139,1129.529424778761,5.407771762118267e-07,4.978057125321167e-07,5.026740324679231e-07,2.878673671689829e-09,1.0177648370375276e-09,0.9205375789327362,0.9295400297571392,-42.22140726023685,linear-baseline,scale_dependent_camb
2,0.36610056,0.40720486,1140,1159,1149.5289130434783,5.326114594573826e-07,4.861214783295986e-07,4.908729962167409e-07,3.9664015470388485e-09,1.4023347154099911e-09,0.9127131414424553,0.9216343124063379,-33.1518435769395,linear-baseline,scale_dependent_camb
2,0.36610056,0.40720486,1160,1179,1169.5284188034188,5.247446567543062e-07,4.7591818412777944e-07,4.805707301796772e-07,3.6024200206622703e-09,1.2736478126462368e-09,0.9069519393898506,0.9158182441573447,-38.335929400358154,linear-baseline,scale_dependent_camb
2,0.36610056,0.40720486,1180,1199,1189.5279411764707,5.171575026098312e-07,4.6600283900174636e-07,4.705561975123749e-07,4.2454196512855296e-09,1.5009825122033127e-09,0.9010849434651277,0.9098895310185326,-34.080785880039485,linear-baseline,scale_dependent_camb
2,0.36610056,0.40720486,1200,1219,1209.527479338843,5.09832455075086e-07,4.589640800616689e-07,4.634496784283024e-07,5.226323655265771e-09,1.8477844486570454e-09,0.9002253102817366,0.9090234915704757,-27.529387992407823,linear-baseline,scale_dependent_camb
2,0.36610056,0.40720486,1220,1239,1229.5270325203253,5.027534854456016e-07,4.511535281235725e-07,4.555578952875957e-07,4.6678279352578975e-09,1.6503263932164299e-09,0.8973652917069389,0.9061257822684702,-31.266516450398953,linear-baseline,scale_dependent_camb
2,0.36610056,0.40720486,1240,1259,1249.5266,4.959058965946018e-07,4.4276856560207094e-07,4.470963756781465e-07,2.3527521532196645e-09,8.318235009964379e-10,0.8928479549095378,0.9015750341917056,-63.880535869541845,linear-baseline,scale_dependent_camb
2,0.36610056,0.40720486,1260,1279,1269.5261811023622,4.892761439259012e-07,4.3412385081315673e-07,4.3836876109524116e-07,1.868766520901469e-09,6.607087396919103e-10,0.8872777800482807,0.8959536787913172,-83.47444161017472,linear-baseline,scale_dependent_camb
2,0.36610056,0.40720486,1280,1299,1289.5257751937984,4.82851754145457e-07,4.265573159562252e-07,4.3072491394788256e-07,3.4041736193864973e-09,1.2035571253022727e-09,0.8834125842850861,0.8920438007109912,-46.77338283805473,linear-baseline,scale_dependent_camb
2,0.36610056,0.40720486,1300,1319,1309.5253816793893,4.7662115834687244e-07,4.2044104129034483e-07,4.245469640214461e-07,5.229992387797199e-09,1.8490815414827113e-09,0.8821283611256696,0.8907430074945852,-30.3827147673968,linear-baseline,scale_dependent_camb
2,0.36610056,0.40720486,1320,1339,1329.525,4.7057362502869523e-07,4.137886619017549e-07,4.178359856619022e-07,1.9892919958324557e-09,7.033209300066253e-10,0.879328206880533,0.887929036899216,-80.7383382240671,linear-baseline,scale_dependent_camb
2,0.36610056,0.40720486,1340,1359,1349.5246296296295,4.64699179854353e-07,4.061979853144522e-07,4.101675474618812e-07,2.8028783532875868e-09,9.909671452253181e-10,0.8741095377912301,0.8826517567567835,-59.034444100161636,linear-baseline,scale_dependent_camb
2,0.36610056,0.40720486,1360,1379,1369.5242700729927,4.5898852751095586e-07,4.005011743979916e-07,4.0441568902623854e-07,2.317906559920046e-09,8.195037233381234e-10,0.8725733877704205,0.8811019552478582,-71.36923414420248,linear-baseline,scale_dependent_camb
2,0.36610056,0.40720486,1380,1399,1389.5239208633093,4.5343299713946416e-07,3.959988769714046e-07,3.99873829180273e-07,2.353295000955853e-09,8.320154266541431e-10,0.8733349347524562,0.881880744680966,-69.03011450042993,linear-baseline,scale_dependent_camb
2,0.36610056,0.40720486,1400,1419,1409.5235815602837,4.480244732400747e-07,3.897168622681054e-07,3.935259481010115e-07,2.052136905727248e-09,7.25539960981458e-10,0.869856192117601,0.8783581514087065,-80.36443767080037,linear-baseline,scale_dependent_camb
2,0.36610056,0.40720486,1420,1439,1429.5232517482518,4.42755361195934e-07,3.8406937122691385e-07,3.878232558506721e-07,2.725662076171339e-09,9.636670686418788e-10,0.8674527851893143,0.8759312474570972,-60.89861517393954,linear-baseline,scale_dependent_camb
2,0.36610056,0.40720486,1440,1459,1449.5229310344828,4.3761855587426677e-07,3.790136053070397e-07,3.827172686346361e-07,3.1892556065787528e-09,1.1275721331745259e-09,0.8660821169930806,0.8745453397652442,-51.9744580794426,linear-baseline,scale_dependent_camb
2,0.36610056,0.40720486,1460,1479,1469.522619047619,4.3260740432191684e-07,3.7483824376671725e-07,3.7849739063549125e-07,4.21149906837796e-09,1.4889897751054413e-09,0.8664628483515003,0.8749212030449653,-38.79755356352849,linear-baseline,scale_dependent_camb
2,0.36610056,0.40720486,1480,1499,1489.5223154362416,4.2771567322754915e-07,3.7105511471176454e-07,3.7467852632915813e-07,4.167278673864294e-09,1.4733555046917626e-09,0.8675275140416924,0.8759990568075939,-38.45681394297192,linear-baseline,scale_dependent_camb
2,0.36610056,0.40720486,1500,1519,1509.5220198675497,4.229375230123893e-07,3.654990092840209e-07,3.690705832843591e-07,2.5519901358830665e-09,9.022647653020476e-10,0.8641914925891173,0.872636177219839,-63.660375465443295,linear-baseline,scale_dependent_camb
2,0.36610056,0.40720486,1520,1539,1529.5217320261438,4.1826748188071317e-07,3.603353664057692e-07,3.638535826005432e-07,4.064318431958912e-09,1.436953562069811e-09,0.8614950528440416,0.8699064554683972,-40.31592739259967,linear-baseline,scale_dependent_camb
2,0.36610056,0.40720486,1540,1559,1549.5214516129033,4.137004244116217e-07,3.567879927654089e-07,3.602733151718004e-07,3.297716106037476e-09,1.1659187105035974e-09,0.8624308115536611,0.8708555609634506,-48.81337878318335,linear-baseline,scale_dependent_camb
2,0.36610056,0.40720486,1560,1579,1569.521178343949,4.0923153224666353e-07,3.537741170291062e-07,3.572299076496934e-07,3.2952860399461152e-09,1.1650595523976312e-09,0.8644840124779767,0.8729285978734741,-47.600498277902524,linear-baseline,scale_dependent_camb
2,0.36610056,0.40720486,1580,1599,1589.5209119496856,4.048562949257805e-07,3.491895939407945e-07,3.5259887768168086e-07,4.56967364455443e-09,1.615623610936941e-09,0.862502567743967,0.8709235402806825,-34.45524106490586,linear-baseline,scale_dependent_camb
2,0.36610056,0.40720486,1600,1619,1609.520652173913,4.0057048305436914e-07,3.455110566548683e-07,3.4888477255715253e-07,3.757010771539617e-09,1.328303896773283e-09,0.8625474698493257,0.8709697476880708,-41.4509259012574,linear-baseline,scale_dependent_camb
2,0.36610056,0.40720486,1620,1639,1629.520398773006,3.963701196655609e-07,3.417940610620514e-07,3.4513630416480034e-07,2.0215008398832064e-09,7.147084760278582e-10,0.8623103612109856,0.8707424879958425,-76.36128636227647,linear-baseline,scale_dependent_camb
2,0.36610056,0.40720486,1640,1659,1649.5201515151516,3.922514791189288e-07,3.378611374592232e-07,3.4116300194068573e-07,2.8649387381420026e-09,1.0129088047121202e-09,0.8613380839713424,0.869755807440172,-53.69717531003591,linear-baseline,scale_dependent_camb
2,0.36610056,0.40720486,1660,1679,1669.5199101796406,3.8821105735133627e-07,3.343031355086945e-07,3.375717279323092e-07,2.4157972356094916e-09,8.541133036355935e-10,0.8611375930133428,0.8695572203313163,-63.115656451174466,linear-baseline,scale_dependent_camb
2,0.36610056,0.40720486,1680,1699,1689.519674556213,3.8424556754473687e-07,3.305142360832962e-07,3.337413500837443e-07,3.390463440518386e-09,1.1987098450778118e-09,0.8601640825559169,0.8685626543886873,-44.82430146217146,linear-baseline,scale_dependent_camb
2,0.36610056,0.40720486,1700,1719,1709.5194444444444,3.8035192530647726e-07,3.278226915752821e-07,3.3102664490690724e-07,1.7164686615455268e-09,6.068633151365194e-10,0.8618930778676392,0.870316732694793,-86.55859140106072,linear-baseline,scale_dependent_camb
2,0.36610056,0.40720486,1720,1739,1729.519219653179,3.7652722507835784e-07,3.2497254494684e-07,3.2814626728882547e-07,3.0626102162148937e-09,1.0827962260083748e-09,0.8630784795952299,0.8715074115040049,-47.61254139347093,linear-baseline,scale_dependent_camb
2,0.36610056,0.40720486,1740,1759,1749.519,3.7276874037533486e-07,3.2204106873021493e-07,3.251847781633541e-07,3.947504748330054e-09,1.3956536881551384e-09,0.8639165086803066,0.8723499128063441,-36.346890403861515,linear-baseline,scale_dependent_camb
2,0.36610056,0.40720486,1760,1779,1769.5187853107345,3.6907391246507875e-07,3.187701177667178e-07,3.218840774524526e-07,3.0692076703853733e-09,1.0851287782996317e-09,0.8637026541313167,0.872139879252259,-46.3574422725989,linear-baseline,scale_dependent_camb
2,0.36610056,0.40720486,1780,1799,1789.5185754189945,3.654403342228972e-07,3.158932842334861e-07,3.1898041748890524e-07,2.5746626663267155e-09,9.102807153137289e-10,0.8644182227592034,0.87286593081525,-54.430517043673355,linear-baseline,scale_dependent_camb
2,0.36610056,0.40720486,1800,1819,1809.5183701657459,3.6186574008227946e-07,3.1328930098996713e-07,3.163511171089568e-07,1.9933211854519865e-09,7.047454636579536e-10,0.8657611547275318,0.8742223484241041,-68.9276364266018,linear-baseline,scale_dependent_camb
2,0.36610056,0.40720486,1820,1839,1829.518169398907,3.58348001479147e-07,3.1166948998448287e-07,3.147167239273673e-07,2.3176530900404777e-09,8.194141082027889e-10,0.8697397186478227,0.8782432792378259,-56.965716146922986,linear-baseline,scale_dependent_camb
2,0.36610056,0.40720486,1840,1859,1849.517972972973,3.5488511886128295e-07,3.0758261829138794e-07,3.105889561125259e-07,1.7788728050859187e-09,6.289265116722943e-10,0.8667103858238008,0.8751816844535781,-75.21149083717152,linear-baseline,scale_dependent_camb
2,0.36610056,0.40720486,1860,1879,1869.5177807486632,3.514752104511315e-07,3.0661981928979e-07,3.096153906545063e-07,2.4737747517356637e-09,8.746114510401779e-10,0.8723796449150198,0.8809024973826844,-51.28607807272003,linear-baseline,scale_dependent_camb
2,0.36610056,0.40720486,1880,1899,1889.5175925925926,3.4811650607234096e-07,3.03791288823391e-07,3.0676023414918667e-07,1.5805527366277644e-09,5.588097790462237e-10,0.8726713141268317,0.881199910944297,-79.32076157400863,linear-baseline,scale_dependent_camb
2,0.36610056,0.40720486,1900,1919,1909.5174083769634,3.448073406166011e-07,3.0023433031177813e-07,3.0316742825483025e-07,2.3335781998736403e-09,8.250444847798738e-10,0.8707306804283361,0.879237163897647,-54.02497820067881,linear-baseline,scale_dependent_camb
2,0.36610056,0.40720486,1920,1939,1929.5172279792746,3.4154614996916545e-07,2.9897280104239647e-07,3.018954406951026e-07,1.5107547466172439e-09,5.341324630214087e-10,0.8753511086843975,0.8839081943168076,-79.70560090271576,linear-baseline,scale_dependent_camb
2,0.36610056,0.40720486,1940,1959,1949.5170512820512,3.38331461084448e-07,2.965871077344284e-07,2.9948569981605346e-07,1.9116228734313807e-09,6.758607484373212e-10,0.8766169920579743,0.8851843067036009,-61.764725125017286,linear-baseline,scale_dependent_camb
2,0.36610056,0.40720486,1960,1979,1969.5168781725888,3.351618882402004e-07,2.940742636370049e-07,2.9695066353292263e-07,1.943142365681236e-09,6.870045717920359e-10,0.8774096159353619,0.8859917369844481,-59.806915834663705,linear-baseline,scale_dependent_camb
2,0.36610056,0.40720486,1980,1999,1989.5167085427136,3.3203612520078225e-07,2.922980722352824e-07,2.9515681506848996e-07,1.5719824060978133e-09,5.557797096288545e-10,0.8803200918530468,0.8889298262049307,-71.49964685115373,linear-baseline,scale_dependent_camb
2,0.36610056,0.40720486,2000,2019,2009.5165422885573,3.2895294465146493e-07,2.8979991925826637e-07,2.9263193353981973e-07,2.3688294156821564e-09,8.375076716515098e-10,0.8809768204547239,0.8895859979301041,-46.74945283306048,linear-baseline,scale_dependent_camb
2,0.36610056,0.40720486,2020,2039,2029.5163793103447,3.2591118916511696e-07,2.8785774696249896e-07,2.906694924243956e-07,2.462317125187761e-09,8.705605683260154e-10,0.8832398411969252,0.8918671775860177,-43.711424095155444,linear-baseline,scale_dependent_camb
2,0.36610056,0.40720486,2040,2059,2049.516219512195,3.229097661811433e-07,2.8548217714006536e-07,2.882718849748159e-07,2.2408064937366095e-09,7.922447335240037e-10,0.8840927312799758,0.892732011125063,-47.24245862082964,linear-baseline,scale_dependent_camb
2,0.36610056,0.40720486,2060,2079,2069.5160628019325,3.199476475384493e-07,2.8355921814895286e-07,2.8632800705578646e-07,2.709255012364868e-09,9.578662956034209e-10,0.8862675513651854,0.8949214324864737,-37.9890487393891,linear-baseline,scale_dependent_camb
2,0.36610056,0.40720486,2080,2099,2089.515909090909,3.170238607036827e-07,2.8199750124392563e-07,2.847512930847522e-07,2.292983586732595e-09,8.10692121664035e-10,0.8895150687332785,0.8982014554131773,-43.20550123006206,linear-baseline,scale_dependent_camb
2,0.36610056,0.40720486,2100,2119,2109.5157582938386,3.141374861736169e-07,2.7816122380299643e-07,2.808762299550495e-07,3.1814817588669946e-09,1.1248236629580781e-09,0.8854760607884372,0.8941187929409207,-31.983913172674146,linear-baseline,scale_dependent_camb
2,0.36610056,0.40720486,2120,2139,2129.5156103286386,3.1128765544617555e-07,2.773418341815774e-07,2.8004937960799876e-07,2.729189752977326e-09,9.649142907375527e-10,0.8909503134136725,0.8996482022603747,-35.180141480390915,linear-baseline,scale_dependent_camb
2,0.36610056,0.40720486,2140,2159,2149.515465116279,3.084735457250172e-07,2.7516488048268967e-07,2.778533830830835e-07,1.9215894508365455e-09,6.793844656715276e-10,0.8920209991944661,0.900736503773878,-49.02771100219975,linear-baseline,scale_dependent_camb
2,0.36610056,0.40720486,2160,2179,2169.5153225806453,3.0569437445846444e-07,2.729902760207675e-07,2.7565862902690343e-07,2.054062776061305e-09,7.262208589679067e-10,0.8930170092412331,0.9017458352487868,-45.03326781907017,linear-baseline,scale_dependent_camb
2,0.36610056,0.40720486,2180,2199,2189.5151826484016,3.02949403539265e-07,2.7211478828483026e-07,2.747747200674107e-07,1.586910865234406e-09,5.610577169729299e-10,0.8982185972502227,0.9069987161463329,-54.95800934847934,linear-baseline,scale_dependent_camb
2,0.36610056,0.40720486,2200,2219,2209.515045248869,3.002379249978672e-07,2.703045493744077e-07,2.729436230199163e-07,2.7177671901834094e-09,9.60875804932499e-10,0.9003011507501187,0.9090910917461716,-31.152179573886055,linear-baseline,scale_dependent_camb
2,0.36610056,0.40720486,2220,2239,2229.5149103139015,2.9755926843970853e-07,2.673732913456107e-07,2.699863563992549e-07,1.6420293485863537e-09,5.8054504364637e-10,0.898554740867653,0.9073364033154274,-51.99592593970221,linear-baseline,scale_dependent_camb
2,0.36610056,0.40720486,2240,2259,2249.514777777778,2.949127957469237e-07,2.665892789749937e-07,2.6919395546435346e-07,1.907937898234868e-09,6.74557912962342e-10,0.9039596884896255,0.9127917111313114,-41.98826554053217,linear-baseline,scale_dependent_camb
2,0.36610056,0.40720486,2260,2279,2269.5146475770925,2.922978948458957e-07,2.635550028081775e-07,2.661307879313797e-07,1.6976380099113649e-09,6.002056744041807e-10,0.9016657576241803,0.9104779494621003,-47.88840436447221,linear-baseline,scale_dependent_camb
2,0.36610056,0.40720486,2280,2299,2289.514519650655,2.8971398401961185e-07,2.6191898998501063e-07,2.644777141607178e-07,2.045240974013632e-09,7.231018809428092e-10,0.9040605715714445,0.9128924689490111,-38.43855861412086,linear-baseline,scale_dependent_camb
2,0.36610056,0.40720486,2300,2319,2309.514393939394,2.8716050385670576e-07,2.597692288010412e-07,2.6230764211406796e-07,2.212921462180527e-09,7.823858860705503e-10,0.9046133619081093,0.9134530640222046,-35.0099299378141,linear-baseline,scale_dependent_camb
2,0.36610056,0.40720486,2320,2339,2329.514270386266,2.846369203153574e-07,2.57887933343537e-07,2.604083881132258e-07,1.423825064314049e-09,5.033981790999181e-10,0.906024183573289,0.914879165445972,-53.13683696601349,linear-baseline,scale_dependent_camb
2,0.36610056,0.40720486,2340,2359,2349.5141489361704,2.8214272115810276e-07,2.5640585635072925e-07,2.5891094538585153e-07,1.6949127227116172e-09,5.992421398743695e-10,0.9087806883632079,0.9176594892227152,-42.94902359965743,linear-baseline,scale_dependent_camb
2,0.36610056,0.40720486,2360,2379,2369.514029535865,2.7967741017164975e-07,2.5431403384748915e-07,2.5679880873533004e-07,1.9166296533008693e-09,6.776309124361331e-10,0.9093120309266521,0.9181964627665918,-37.42948537128772,linear-baseline,scale_dependent_camb
2,0.36610056,0.40720486,2380,2399,2389.513912133891,2.772405149515855e-07,2.5184620211630256e-07,2.543066691477855e-07,1.6127522200534849e-09,5.701940155867391e-10,0.9084033124101016,0.9172781589739691,-44.53626685147116,linear-baseline,scale_dependent_camb
2,0.36610056,0.40720486,2400,2419,2409.5137966804978,2.7483157540447245e-07,2.5086902711137587e-07,2.5332107223102455e-07,1.183589997306988e-09,4.1846225662016934e-10,0.9128100610061611,0.9217320530154125,-57.26334433752039,linear-baseline,scale_dependent_camb
2,0.36610056,0.40720486,2420,2439,2429.513683127572,2.724501498781646e-07,2.4867113019212696e-07,2.5110321794195335e-07,9.78556286384129e-10,3.459718929374714e-10,0.9127215760509906,0.9216483017324189,-68.73107374169054,linear-baseline,scale_dependent_camb
2,0.36610056,0.40720486,2440,2459,2449.5135714285716,2.7009581035168343e-07,2.471236062524946e-07,2.4953805092602863e-07,1.895295063941762e-09,6.700879960313055e-10,0.9149479435861022,0.9238871591570148,-34.282369233958946,linear-baseline,scale_dependent_camb
2,0.36610056,0.40720486,2460,2479,2469.5134615384613,2.6776813951077685e-07,2.4574730373994744e-07,2.481476466641698e-07,1.8270227796554813e-09,6.45950098438343e-10,0.9177615536670556,0.9267258125538965,-34.090614467073,linear-baseline,scale_dependent_camb
2,0.36610056,0.40720486,2480,2499,2489.513353413655,2.6546673482809167e-07,2.440414178981158e-07,2.464256411882673e-07,1.8681976262108707e-09,6.605076050451588e-10,0.9192918956725398,0.9282731463429691,-32.437653656555554,linear-baseline,scale_dependent_camb
2,0.36610056,0.40720486,2500,2519,2509.513247011952,2.631912047435499e-07,2.425269883507167e-07,2.4489712701949535e-07,1.4184426027826132e-09,5.014951915757411e-10,0.9214859158649767,0.9304913029222232,-41.205213409732714,linear-baseline,scale_dependent_camb
2,0.36610056,0.40720486,2520,2539,2529.51314229249,2.609411654950002e-07,2.4051408588296215e-07,2.4286449085492086e-07,1.2723267192056166e-09,4.498354255175619e-10,0.9217176807910386,0.9307250942725414,-45.41011768589697,linear-baseline,scale_dependent_camb
2,0.36610056,0.40720486,2540,2559,2549.513039215686,2.587162423779181e-07,2.398428570052188e-07,2.4218690276142117e-07,1.7289519411388381e-09,6.112768209624584e-10,0.927049862817928,0.9361101588962017,-30.875349310616883,linear-baseline,scale_dependent_camb
2,0.36610056,0.40720486,2560,2579,2569.512937743191,2.565160708922532e-07,2.373470493418956e-07,2.3966592426318506e-07,1.6541028017152696e-09,5.848136539362672e-10,0.925271654584132,0.9343115362306254,-32.77799931881657,linear-baseline,scale_dependent_camb
2,0.36610056,0.40720486,2580,2599,2589.5128378378377,2.5434029352917255e-07,2.3595752545693057e-07,2.3826295490165788e-07,1.722512604746679e-09,6.0900017174784e-10,0.9277237286425736,0.9367880786625317,-30.18516073564174,linear-baseline,scale_dependent_camb
2,0.36610056,0.40720486,2600,2619,2609.5127394636015,2.521885586772654e-07,2.3360232750624168e-07,2.3588418754471383e-07,2.112274857110326e-09,7.468019375962785e-10,0.9263002601366654,0.9353484899629533,-24.887765062376495,linear-baseline,scale_dependent_camb
2,0.36610056,0.40720486,2620,2639,2629.5126425855515,2.5006052120295745e-07,2.3220424609191985e-07,2.344721682764276e-07,1.9814660866929294e-09,7.005540532958708e-10,0.9285921863029917,0.9376616794544796,-25.488789947085213,linear-baseline,scale_dependent_camb
2,0.36610056,0.40720486,2640,2659,2649.512547169811,2.47955842364027e-07,2.307040476109102e-07,2.32958665868748e-07,1.26365808927623e-09,4.4677060201422887e-10,0.9304239231121273,0.9395167447869148,-38.61443585441494,linear-baseline,scale_dependent_camb
2,0.36610056,0.40720486,2660,2679,2669.5124531835204,2.458741885432486e-07,2.2930528514658842e-07,2.3154742782540363e-07,1.6269311191284133e-09,5.752070134295599e-10,0.9326122701417853,0.9417313350265518,-28.805113654423877,linear-baseline,scale_dependent_camb
2,0.36610056,0.40720486,2680,2699,2689.5123605947956,2.4381523136384065e-07,2.281691564609711e-07,2.3040031423696774e-07,1.1437517295640528e-09,4.0437730198429195e-10,0.93582814816224,0.9449791670034998,-38.69177331688446,linear-baseline,scale_dependent_camb
2,0.36610056,0.40720486,2700,2719,2709.512269372694,2.41778646973587e-07,2.2721415351592865e-07,2.2943512718742692e-07,1.4663201948462481e-09,5.184224765832808e-10,0.9397610432518904,0.9489470226561878,-28.093869605436932,linear-baseline,scale_dependent_camb
2,0.36610056,0.40720486,2720,2739,2729.5121794871793,2.397641164533551e-07,2.2462424673357556e-07,2.2681869064051038e-07,1.6131002020337406e-09,5.703170457957239e-10,0.936855147702117,0.9460076595099535,-26.546409284779333,linear-baseline,scale_dependent_camb
2,0.36610056,0.40720486,2740,2759,2749.512090909091,2.3777132538897707e-07,2.2294257978434274e-07,2.2512258724637127e-07,1.00486089596718e-09,3.552719768437914e-10,0.9376344242503777,0.9468029287303111,-41.73913669288458,linear-baseline,scale_dependent_camb
2,0.36610056,0.40720486,2760,2779,2769.5120036101084,2.357999626554486e-07,2.216445446751203e-07,2.2381080088058449e-07,1.376177847867253e-09,4.865523441728217e-10,0.9399685317125676,0.9491553703408228,-29.093309589112486,linear-baseline,scale_dependent_camb
2,0.36610056,0.40720486,2780,2799,2789.511917562724,2.338497219088923e-07,2.1920474746266707e-07,2.2134656533041875e-07,1.6718063869575802e-09,5.91072816524343e-10,0.9373744200904762,0.9465333699077702,-24.776937860789086,linear-baseline,scale_dependent_camb
2,0.36610056,0.40720486,2800,2819,2809.5118327402133,2.3192030105952096e-07,2.181750796765855e-07,2.203083273507712e-07,1.0673375214876856e-09,3.773607996293924e-10,0.9407329961191804,0.9499311890520113,-36.42461378191564,linear-baseline,scale_dependent_camb
2,0.36610056,0.40720486,2820,2839,2829.511749116608,2.300114021564093e-07,2.1692041036347475e-07,2.190408346295652e-07,1.2748860101727066e-09,4.5074027151649126e-10,0.9430854658934144,0.9523042448157242,-29.04331523094358,linear-baseline,scale_dependent_camb
2,0.36610056,0.40720486,2840,2859,2849.5116666666668,2.2812273034275652e-07,2.149051882462862e-07,2.170055056111553e-07,1.548299692871331e-09,5.474066060691835e-10,0.9420595129796543,0.9512664752219233,-24.145748242577525,linear-baseline,scale_dependent_camb
2,0.36610056,0.40720486,2860,2879,2869.5115853658535,2.262539953570427e-07,2.136746052853379e-07,2.1576225891203275e-07,1.4080355733258095e-09,4.97815751025284e-10,0.944401467687438,0.9536285030969139,-25.269168453984662,linear-baseline,scale_dependent_camb
2,0.36610056,0.40720486,2880,2899,2889.5115051903113,2.2440491154881255e-07,2.1269821972971173e-07,2.147766007368852e-07,1.6056597253536784e-09,5.676864400378577e-10,0.947832283445568,0.9570940281766828,-20.621757000783973,linear-baseline,scale_dependent_camb
2,0.36610056,0.40720486,2900,2919,2909.5114261168383,2.2257519678395492e-07,2.1082378170097467e-07,2.1288385621339176e-07,1.3302296266599165e-09,4.703071947732382e-10,0.9472024949195624,0.9564581287106749,-24.986679373778827,linear-baseline,scale_dependent_camb
2,0.36610056,0.40720486,2920,2939,2929.511348122867,2.2076457290860082e-07,2.0913821127729455e-07,2.1118343192177915e-07,6.538632673183603e-10,2.311755751448024e-10,0.9473359267833262,0.9566001878807413,-50.29234435352358,linear-baseline,scale_dependent_camb
2,0.36610056,0.40720486,2940,2959,2949.511271186441,2.18972766047327e-07,2.081207989796304e-07,2.101551154820359e-07,8.959670985776195e-10,3.167722055621353e-10,0.9504414760630501,0.9597317478129435,-34.257952172410455,linear-baseline,scale_dependent_camb
2,0.36610056,0.40720486,2960,2979,2969.5111952861953,2.1719950709635878e-07,2.064191064113515e-07,2.084369617695897e-07,9.912311330954064e-10,3.504531279674935e-10,0.9503663667145218,0.959656697918372,-30.76131963075881,linear-baseline,scale_dependent_camb
2,0.36610056,0.40720486,2980,2999,2989.511120401338,2.154445309883568e-07,2.0527045626258884e-07,2.072764927848224e-07,1.1115943389743454e-09,3.930079475086687e-10,0.9527763611399457,0.9620875119639225,-25.887707335851115,linear-baseline,scale_dependent_camb
2,0.36610056,0.40720486,3000,3019,3009.5110465116277,2.137075766751654e-07,2.0342587408633985e-07,2.0541490763986586e-07,6.841606817751204e-10,2.4188732875219957e-10,0.9518889187328454,0.961196186095431,-42.50616451000045,linear-baseline,scale_dependent_camb
2,0.36610056,0.40720486,3020,3039,3029.5109735973597,2.1198838762161517e-07,2.023811850252114e-07,2.043595671824623e-07,9.70039869530275e-10,3.4296088488308566e-10,0.9546805242296952,0.9640130267287574,-28.01253151559494,linear-baseline,scale_dependent_camb
2,0.36610056,0.40720486,3040,3059,3049.5109016393444,2.1028671211430815e-07,2.005777891239985e-07,2.025374244111429e-07,1.449959120900853e-09,5.126379634161391e-10,0.9538300689915582,0.963148942578203,-18.939141622697857,linear-baseline,scale_dependent_camb
2,0.36610056,0.40720486,3060,3079,3069.5108306188927,2.0860230238813192e-07,1.9903194121725982e-07,2.0097631875709827e-07,1.4551201495701586e-09,5.144626626011212e-10,0.9541214978870886,0.9634424762156052,-18.602635072649182,linear-baseline,scale_dependent_camb
2,0.36610056,0.40720486,3080,3099,3089.5107605177996,2.069349149268843e-07,1.982833282558434e-07,2.002214085057057e-07,1.0529869599512263e-09,3.722871099412598e-10,0.9581917499321091,0.9675574012072797,-23.23901752173471,linear-baseline,scale_dependent_camb
2,0.36610056,0.40720486,3100,3119,3109.510691318328,2.0528431091810395e-07,1.9670837069407111e-07,1.9862990751831802e-07,1.5075196079367505e-09,5.329886687718808e-10,0.958224083537226,0.9675844521677031,-16.090286204008095,linear-baseline,scale_dependent_camb
2,0.36610056,0.40720486,3120,3139,3129.5106230031947,2.036502560947162e-07,1.956042273588746e-07,1.9751664881111137e-07,1.4127323983798144e-09,4.994763294481509e-10,0.9604909471260402,0.9698816618195062,-16.108929015177342,linear-baseline,scale_dependent_camb
2,0.36610056,0.40720486,3140,3159,3149.5105555555556,2.0203252071967853e-07,1.9392259886662303e-07,1.958178585871696e-07,1.0670737885591565e-09,3.7726755595829985e-10,0.9598583345682843,0.9692392981566972,-21.496473059962533,linear-baseline,scale_dependent_camb
2,0.36610056,0.40720486,3160,3179,3169.5104889589907,2.0043087831489406e-07,1.9227272654293835e-07,1.9415288904465417e-07,1.0759466482102497e-09,3.8040458557220214e-10,0.9592969314880786,0.9686775345045555,-21.44598693436955,linear-baseline,scale_dependent_camb
2,0.36610056,0.40720486,3180,3199,3189.510423197492,1.9884510686264527e-07,1.9078431642896282e-07,1.9264782301319432e-07,1.6667251892687206e-09,5.892763418531721e-10,0.9594619623240187,0.9688336115118398,-13.679134662580639,linear-baseline,scale_dependent_camb
2,0.36610056,0.40720486,3200,3219,3209.5103582554516,1.9727498921003207e-07,1.8969367941024188e-07,1.9154685374973362e-07,1.3518386478605082e-09,4.779471374861093e-10,0.9615698379700904,0.9709637015658387,-15.862234973654441,linear-baseline,scale_dependent_camb
2,0.36610056,0.40720486,3220,3239,3229.510294117647,1.957203122043901e-07,1.8858943683037955e-07,1.9043242542931267e-07,1.3382393446973993e-09,4.731390577430863e-10,0.963565992238129,0.9729824323519609,-15.071415596136664,linear-baseline,scale_dependent_camb
2,0.36610056,0.40720486,3240,3259,3249.510230769231,1.9418086618310417e-07,1.8731839297055621e-07,1.8914742700453243e-07,1.6100179102678636e-09,5.692272910911004e-10,0.9646593748012384,0.9740786037393333,-12.055769847917695,linear-baseline,scale_dependent_camb
2,0.36610056,0.40720486,3260,3279,3269.5101681957185,1.9265644506205536e-07,1.8589813476112128e-07,1.8771414960206405e-07,1.442068812903383e-09,5.098483182708084e-10,0.9649204037853123,0.9743465864409604,-13.255531221237387,linear-baseline,scale_dependent_camb
2,0.36610056,0.40720486,3280,3299,3289.510106382979,1.9114684720743523e-07,1.8425309242033975e-07,1.860533678128216e-07,1.1248052490350379e-09,3.976787095534493e-10,0.9639347711573067,0.9733530556793012,-17.33498581011901,linear-baseline,scale_dependent_camb
2,0.36610056,0.40720486,3300,3319,3309.5100453172204,1.8965187559436708e-07,1.8290836004949073e-07,1.8469561728737249e-07,1.1937318700531276e-09,4.220479501165325e-10,0.9644426635711235,0.9738665473702186,-15.978079132985679,linear-baseline,scale_dependent_camb
2,0.36610056,0.40720486,3320,3339,3329.509984984985,1.8817133513741375e-07,1.815831887793114e-07,1.83356881043001e-07,1.279074203290415e-09,4.522210213937165e-10,0.9649885762180977,0.9744145191354625,-14.568421294963466,linear-baseline,scale_dependent_camb
2,0.36610056,0.40720486,3340,3359,3349.509925373134,1.8670503477446728e-07,1.8101181289744865e-07,1.827812551183911e-07,1.2160729011418558e-09,4.2994669740730213e-10,0.9695068647511523,0.9789840715285693,-13.241692310582545,linear-baseline,scale_dependent_camb
2,0.36610056,0.40720486,3360,3379,3369.5098664688426,1.8525278824463637e-07,1.7934943619904779e-07,1.811018544514734e-07,1.1188397907016445e-09,3.9556960153323514e-10,0.9681335320157617,0.9775931372882689,-14.923674677495653,linear-baseline,scale_dependent_camb
2,0.36610056,0.40720486,3380,3399,3389.509808259587,1.8381441206853991e-07,1.780246633469411e-07,1.7976415969823116e-07,1.110821333456997e-09,3.9273464878706286e-10,0.9685022047159177,0.9779655342324381,-14.742138844841175,linear-baseline,scale_dependent_camb
2,0.36610056,0.40720486,3400,3419,3409.509750733138,1.823897251086076e-07,1.7707199118184244e-07,1.7880160625288295e-07,1.3304755241227418e-09,4.703941326549583e-10,0.9708441145815718,0.9803271875453069,-11.30484748343112,linear-baseline,scale_dependent_camb
2,0.36610056,0.40720486,3420,3439,3429.509693877551,1.8097855141061315e-07,1.7591689814612557e-07,1.7763716090493171e-07,7.963434493891604e-10,2.8154992660828075e-10,0.9720317505857174,0.9815370911103144,-17.977817737206653,linear-baseline,scale_dependent_camb
2,0.36610056,0.40720486,3440,3459,3449.5096376811593,1.7958071776503368e-07,1.7461635140566193e-07,1.7632404086483824e-07,8.074963509034579e-10,2.8549307275361347e-10,0.9723557939785762,0.9818651081211485,-17.388745413294497,linear-baseline,scale_dependent_camb
2,0.36610056,0.40720486,3460,3479,3469.509582132565,1.7819605346037532e-07,1.7340035362058267e-07,1.7509519643557662e-07,1.181498203513945e-09,4.1772269583221705e-10,0.9730875081312671,0.9825986212119551,-11.480582423797468,linear-baseline,scale_dependent_camb
2,0.36610056,0.40720486,3480,3499,3489.5095272206304,1.7682439278231297e-07,1.7262651762389752e-07,1.7431366074790994e-07,8.315833114771263e-10,2.9400909933352044e-10,0.9762596376418302,0.9858009859675074,-14.278045026264428,linear-baseline,scale_dependent_camb
2,0.36610056,0.40720486,3500,3519,3509.509472934473,1.7546557163409193e-07,1.7120913220316232e-07,1.72883630880952e-07,3.6703187892388985e-10,1.2976536524936118e-10,0.9757420251090294,0.9852852002299106,-32.801043812810185,linear-baseline,scale_dependent_camb
2,0.36610056,0.40720486,3520,3539,3529.509419263456,1.7411943007484274e-07,1.696128070348055e-07,1.7127108445023897e-07,7.881631981651294e-10,2.786577710521198e-10,0.9741176327185304,0.9836414257536942,-16.172608511945405,linear-baseline,scale_dependent_camb
2,0.36610056,0.40720486,3540,3559,3549.509366197183,1.7278581248802261e-07,1.6863605312121336e-07,1.7028525818083063e-07,7.43509260793662e-10,2.628702200910978e-10,0.9759832169837619,0.9855280114079661,-15.786342649886896,linear-baseline,scale_dependent_camb
2,0.36610056,0.40720486,3560,3579,3569.5093137254903,1.7146456400760605e-07,1.6761178162940809e-07,1.6924927064469542e-07,1.2850717025607718e-09,4.5434145759583186e-10,0.9775301538221794,0.9870801679884575,-8.479926966350673,linear-baseline,scale_dependent_camb
2,0.36610056,0.40720486,3580,3599,3589.50926183844,1.701555358376444e-07,1.66388992881711e-07,1.680150806364535e-07,1.1499876164536745e-09,4.0658202093747383e-10,0.9778641174535322,0.9874205961583687,-9.263919115874119,linear-baseline,scale_dependent_camb
2,0.36610056,0.40720486,3600,3619,3609.5092105263157,1.6885858067254406e-07,1.6507329597187356e-07,1.6668591047438494e-07,1.1695843956729419e-09,4.1351052867515365e-10,0.9775831072037077,0.9871331963735238,-9.154022541573907,linear-baseline,scale_dependent_camb
2,0.36610056,0.40720486,3620,3639,3629.5091597796145,1.6757355542361996e-07,1.6422720731379266e-07,1.658329154978898e-07,8.557214987518911e-10,3.02543237287289e-10,0.9800305716414034,0.9896126813008778,-11.060726856206916,linear-baseline,scale_dependent_camb
2,0.36610056,0.40720486,3640,3659,3649.509109589041,1.6630032034623538e-07,1.6317609264660745e-07,1.647709665181669e-07,9.561496482201893e-10,3.3804995004281386e-10,0.9812133392580163,0.9908036627657458,-9.241911437147822,linear-baseline,scale_dependent_camb
2,0.36610056,0.40720486,3660,3679,3669.5090599455043,1.6503873782009325e-07,1.619124945512302e-07,1.634941499667195e-07,1.3165974455748724e-09,4.654874909294393e-10,0.9810575183126343,0.9906410587370252,-6.716062901327137,linear-baseline,scale_dependent_camb
2,0.36610056,0.40720486,3680,3699,3689.509010840108,1.6378867579858028e-07,1.6080108304033422e-07,1.6237237084900234e-07,9.848451117934807e-10,3.4819532848379684e-10,0.9817594669248071,0.9913528518215774,-8.580220680315884,linear-baseline,scale_dependent_camb
2,0.36610056,0.40720486,3700,3719,3709.508962264151,1.625500030101202e-07,1.5988183539149377e-07,1.6144536196582316e-07,5.621359621523278e-10,1.9874507539336767e-10,0.9835855578639373,0.9932043000686486,-13.425075380335592,linear-baseline,scale_dependent_camb
2,0.36610056,0.40720486,3720,3739,3729.508914209115,1.6132259379870543e-07,1.5881325174406036e-07,1.6036560959442195e-07,9.46849698373127e-10,3.347619212420376e-10,0.9844451914914276,0.9940678848402501,-7.495900505454381,linear-baseline,scale_dependent_camb
2,0.36610056,0.40720486,3740,3759,3749.5088666666666,1.6010632317639858e-07,1.5748252804881257e-07,1.5902161939307406e-07,9.634694381878617e-10,3.4063788660431505e-10,0.9836121704906357,0.993225103407506,-7.7025933719281605,linear-baseline,scale_dependent_camb
2,0.36610056,0.40720486,3760,3779,3769.5088196286474,1.58901072328067e-07,1.5634047713150527e-07,1.578686726499347e-07,7.028009160199774e-10,2.4847764677092163e-10,0.9838856015315295,0.9935028778408694,-10.30513299621842,linear-baseline,scale_dependent_camb
2,0.36610056,0.40720486,3780,3799,3789.5087730870714,1.5770672268795338e-07,1.5542212840113113e-07,1.5694213405949918e-07,4.0859298512732573e-10,1.4445943526439308e-10,0.9855136531412002,0.9951518323669242,-15.814780686640034,linear-baseline,scale_dependent_camb
2,0.36610056,0.40720486,3800,3819,3809.5087270341205,1.5652316130460478e-07,1.5448631583336758e-07,1.5599631602600505e-07,9.921640622383517e-10,3.507829682291651e-10,0.98698693883857,0.996634074636568,-5.806568892211824,linear-baseline,scale_dependent_camb
2,0.36610056,0.40720486,3820,3839,3829.508681462141,1.5535027571180537e-07,1.5331684142161774e-07,1.5481588732212066e-07,7.343688585959163e-10,2.596385999026986e-10,0.9869106489777983,0.9965601065898585,-7.831787303388904,linear-baseline,scale_dependent_camb
2,0.36610056,0.40720486,3840,3859,3849.5086363636365,1.5418795906894603e-07,1.522948968489659e-07,1.5378363471345711e-07,6.594443245992893e-10,2.3314877686957014e-10,0.9877223731904147,0.997377717702923,-8.119546005764242,linear-baseline,scale_dependent_camb
2,0.36610056,0.40720486,3860,3879,3869.5085917312663,1.530361049157569e-07,1.510121923887413e-07,1.5248729178217175e-07,1.08953781138608e-09,3.8520978739512336e-10,0.9867749343978031,0.9964138323182804,-5.254052709049108,linear-baseline,scale_dependent_camb
2,0.36610056,0.40720486,3880,3899,3889.5085475578408,1.5189461164987067e-07,1.49925896608879e-07,1.513918315584881e-07,5.599903941501852e-10,1.9798650255146174e-10,0.9870389408840274,0.9966899412301635,-9.943683107791376,linear-baseline,scale_dependent_camb
2,0.36610056,0.40720486,3900,3919,3909.5085038363172,1.5076337856934964e-07,1.49564146047023e-07,1.510266675490305e-07,4.538962045898646e-10,1.604765421101649e-10,0.9920455979846923,1.0017463722435735,-7.472945930648066,linear-baseline,scale_dependent_camb
2,0.36610056,0.40720486,3920,3939,3929.5084605597963,1.4964230912657274e-07,1.483800960355815e-07,1.4983021948718224e-07,7.081263995599579e-10,2.503604895330304e-10,0.9915651322252479,1.0012557301588454,-5.041582612917437,linear-baseline,scale_dependent_camb
2,0.36610056,0.40720486,3940,3959,3949.508417721519,1.485313085634538e-07,1.4726953319048955e-07,1.487085852595663e-07,9.906818089791414e-10,3.5025891256365336e-10,0.9915049871628565,1.0011935308308197,-3.6024076124970867,linear-baseline,scale_dependent_camb
2,0.36610056,0.40720486,3960,3979,3969.5083753148615,1.4743028415198515e-07,1.4614020453968877e-07,1.475685189105897e-07,6.773174223805809e-10,2.394678711905509e-10,0.9912495616506685,1.000937627973789,-5.38727640531713,linear-baseline,scale_dependent_camb
2,0.36610056,0.40720486,3980,3999,3989.508333333333,1.4633914669537074e-07,1.4583240950535188e-07,1.472579197122606e-07,7.498434185458208e-10,2.6510968304092624e-10,0.996537241049562,1.006278381674607,-1.9114246760297908,linear-baseline,scale_dependent_camb
2,0.36610056,0.40720486,4000,4019,4009.5082917705736,1.4525780773249086e-07,1.448748098971071e-07,1.462905406181841e-07,8.856821866055063e-10,3.131359400624413e-10,0.9973633235874723,1.0071096549081557,-1.2231040464642409,linear-baseline,scale_dependent_camb
2,0.36610056,0.40720486,4020,4039,4029.5082506203476,1.4418618274322256e-07,1.4355523279420298e-07,1.4495789895737132e-07,9.608101895033448e-10,3.3969770021547343e-10,0.9956240609397141,1.0053522202992438,-1.8573865781821965,linear-baseline,scale_dependent_camb
2,0.36610056,0.40720486,4040,4059,4049.5082098765433,1.4312418767507496e-07,1.4266812920151418e-07,1.4406292133388148e-07,6.3427829817583e-10,2.2425124289979614e-10,0.9968135471650945,1.0065588750165533,-2.033694296020313,linear-baseline,scale_dependent_camb
2,0.36610056,0.40720486,4060,4079,4069.5081695331696,1.4207174135678078e-07,1.4176137917820003e-07,1.4314728374741255e-07,6.52800451670135e-10,2.3079981306879678e-10,0.9978154545329226,1.0075704174550153,-1.3447245665152887,linear-baseline,scale_dependent_camb
2,0.36610056,0.40720486,4080,4096,4088.005870123517,1.411066701850595e-07,1.4093812374019434e-07,1.4231562777111258e-07,6.692499168425769e-10,2.366155772539596e-10,0.9988055387839276,1.0085676855988985,-0.7123218463519461,linear-baseline,scale_dependent_camb
3,0.32596586,0.36610056,20,39,30.608333333333334,4.544199123741624e-05,4.598234522765432e-05,4.639419690454641e-05,2.0549290095060904e-06,7.26527118739356e-07,1.0118910720134369,1.0209543121065112,0.7437492370218524,linear-baseline,scale_dependent_camb
3,0.32596586,0.36610056,40,59,50.165,3.5222644052386424e-05,3.499800980426413e-05,3.531065887483861e-05,7.383694684283759e-07,2.6105302907340546e-07,0.9936224478835775,1.0024988136132338,-0.8604927853916186,linear-baseline,scale_dependent_camb
3,0.32596586,0.36610056,60,79,69.975,2.8019242623154627e-05,2.772297351461477e-05,2.7971109004953325e-05,4.809704869776454e-07,1.7004874644624456e-07,0.9894262270924117,0.998282122795085,-1.7422598797781352,linear-baseline,scale_dependent_camb
3,0.32596586,0.36610056,80,99,89.86944444444444,2.1115169796502224e-05,2.0542949278735802e-05,2.0726785384533898e-05,4.102090236955182e-07,1.4503079117950704e-07,0.9729000276445225,0.9816063798817918,-3.9455105575351563,linear-baseline,scale_dependent_camb
3,0.32596586,0.36610056,100,119,109.80227272727272,1.6630906753111627e-05,1.6454046871428263e-05,1.66011565097783e-05,4.4424534753504523e-07,1.5706444887630248e-07,0.9893655899639824,0.9982111472468115,-1.1260338220945934,linear-baseline,scale_dependent_camb
3,0.32596586,0.36610056,120,139,129.75576923076923,1.3833273125325489e-05,1.348919902638812e-05,1.360958750262921e-05,2.920289499851061e-07,1.0324782541862782e-07,0.9751270653141773,0.9838298846072256,-3.3325069805808276,linear-baseline,scale_dependent_camb
3,0.32596586,0.36610056,140,159,149.72166666666666,1.1084998276460108e-05,1.1007669166467902e-05,1.1106188324047727e-05,1.1861808365519487e-07,4.193782566197073e-08,0.9930239853842449,1.001911596831965,-1.8438988853522895,linear-baseline,scale_dependent_camb
3,0.32596586,0.36610056,160,179,169.6955882352941,9.157935901782003e-06,9.216888873513669e-06,9.299521277692295e-06,1.1214571814469054e-07,3.964949889057296e-08,1.0064373645288558,1.015460402587306,1.4868528829170957,linear-baseline,scale_dependent_camb
3,0.32596586,0.36610056,180,199,189.675,7.895657182221033e-06,7.987846070960333e-06,8.059252933779492e-06,1.4277992531972138e-07,5.0480326705441905e-08,1.0116758981059721,1.020719713100872,1.8262339956164033,linear-baseline,scale_dependent_camb
3,0.32596586,0.36610056,200,219,209.65833333333333,6.662597110381087e-06,6.8283407855626894e-06,6.889570126159448e-06,1.1474540437985352e-07,4.05686267734935e-08,1.024876736869374,1.0340667478489298,4.085513569561959,linear-baseline,scale_dependent_camb
3,0.32596586,0.36610056,220,239,229.64456521739132,5.693035743045836e-06,5.9790629001689845e-06,6.0324954235832e-06,9.162029073243723e-08,3.239266443559468e-08,1.0502415881496154,1.0596271823784036,8.829997843858994,linear-baseline,scale_dependent_camb
3,0.32596586,0.36610056,240,259,249.633,5.017755329397322e-06,5.296314843399011e-06,5.34369637845479e-06,6.827020238958408e-08,2.4137161531326468e-08,1.0555147662082494,1.0649575413029588,11.540690633410247,linear-baseline,scale_dependent_camb
3,0.32596586,0.36610056,260,279,269.6231481481482,4.392970660904683e-06,4.7104522633367254e-06,4.75246332770837e-06,8.085914551625656e-08,2.8588025057747413e-08,1.0722703671247968,1.0818336143245841,11.105405210424092,linear-baseline,scale_dependent_camb
3,0.32596586,0.36610056,280,299,289.6146551724138,3.860300908084518e-06,4.1522859502553644e-06,4.189425267112374e-06,7.305293667846798e-08,2.5828113455468083e-08,1.0756378969212868,1.085258731602653,11.30493106568842,linear-baseline,scale_dependent_camb
3,0.32596586,0.36610056,300,319,309.60725806451615,3.4603767331869013e-06,3.7888953747575767e-06,3.822798806275104e-06,4.983902828957941e-08,1.762075743565489e-08,1.0949372472713743,1.1047348601128821,18.643843363165036,linear-baseline,scale_dependent_camb
3,0.32596586,0.36610056,320,339,329.6007575757576,3.1090909041160724e-06,3.41523193825008e-06,3.4458147510796376e-06,3.430004469495402e-08,1.2126897099401826e-08,1.0984664146451018,1.1083029918867224,25.24479523695377,linear-baseline,scale_dependent_camb
3,0.32596586,0.36610056,340,359,349.595,2.798286931047479e-06,3.1124951221119394e-06,3.140349400640335e-06,3.8177032064256107e-08,1.3497619129105874e-08,1.1122859087744956,1.12223995538042,23.278786285124248,linear-baseline,scale_dependent_camb
3,0.32596586,0.36610056,360,379,369.58986486486486,2.548997184616889e-06,2.8651716754785215e-06,2.8908328331274597e-06,2.4306458027951425e-08,8.593630649095324e-09,1.1240387760213055,1.1341059341193223,36.791724449423135,linear-baseline,scale_dependent_camb
3,0.32596586,0.36610056,380,399,389.5852564102564,2.3350210100028573e-06,2.631105976515367e-06,2.654664916725094e-06,3.047578692214307e-08,1.0774817797321833e-08,1.1268018425719206,1.1368912336775272,27.479347872230726,linear-baseline,scale_dependent_camb
3,0.32596586,0.36610056,400,419,409.5810975609756,2.1446007958947406e-06,2.4591121835238417e-06,2.481102985841811e-06,2.664403794533464e-08,9.420089954668904e-09,1.146652648936412,1.1569066795979992,33.38730194112627,linear-baseline,scale_dependent_camb
3,0.32596586,0.36610056,420,439,429.57732558139537,1.984158617166842e-06,2.2629613453976913e-06,2.283234214412348e-06,1.794965027665806e-08,6.346159715275951e-09,1.1405143348009892,1.1507316978884243,43.93251048500065,linear-baseline,scale_dependent_camb
3,0.32596586,0.36610056,440,459,449.5738888888889,1.8465576896790642e-06,2.1226238201653097e-06,2.141628905206928e-06,1.6533347165083083e-08,5.845420948070814e-09,1.1495031170860557,1.1597952867528054,47.22775877712565,linear-baseline,scale_dependent_camb
3,0.32596586,0.36610056,460,479,469.5707446808511,1.7244469681491819e-06,1.9817484305517667e-06,1.9994738114742695e-06,2.427789670341868e-08,8.583532695966938e-09,1.1492081039051854,1.1594869824383576,29.97617315810781,linear-baseline,scale_dependent_camb
3,0.32596586,0.36610056,480,499,489.5678571428571,1.6183283381596351e-06,1.8406435745667725e-06,1.8570981449959456e-06,1.7920367092293036e-08,6.335806546156329e-09,1.1373733816340104,1.1475410157544665,35.088703354114685,linear-baseline,scale_dependent_camb
3,0.32596586,0.36610056,500,519,509.56519607843137,1.5262098238124592e-06,1.7305207363389038e-06,1.7460479515040167e-06,1.7099927359317263e-08,6.045737296785305e-09,1.133868167625915,1.1440418769828147,33.79420945648477,linear-baseline,scale_dependent_camb
3,0.32596586,0.36610056,520,539,529.5627358490566,1.4444654348412662e-06,1.631898147843959e-06,1.6464617258968628e-06,2.4546007928822464e-08,8.678324328764563e-09,1.1297592233650713,1.1398415539640754,21.597799978671173,linear-baseline,scale_dependent_camb
3,0.32596586,0.36610056,540,559,549.5604545454545,1.372036500552034e-06,1.5383507714808972e-06,1.5521170402312465e-06,1.3200135557943849e-08,4.666952682801883e-09,1.1212170892406632,1.1312505458905486,35.63658820492126,linear-baseline,scale_dependent_camb
3,0.32596586,0.36610056,560,579,569.5583333333333,1.308159063948367e-06,1.4561674368437655e-06,1.4692111212715974e-06,1.9772961966490284e-08,6.990797745324485e-09,1.1131424892999406,1.1231135125396243,21.171885997472604,linear-baseline,scale_dependent_camb
3,0.32596586,0.36610056,580,599,589.5563559322034,1.2510909154292657e-06,1.3909166482839842e-06,1.4033535428808738e-06,1.8192034766918972e-08,6.431855573634919e-09,1.1117630470578093,1.1217038870427454,21.739563529362187,linear-baseline,scale_dependent_camb
3,0.32596586,0.36610056,600,619,609.5545081967213,1.1998641577469056e-06,1.3119480592771441e-06,1.3236893664435049e-06,7.429529065428927e-09,2.6267351915936733e-09,1.093413825895682,1.103199356274728,42.670422922318174,linear-baseline,scale_dependent_camb
3,0.32596586,0.36610056,620,639,629.5527777777778,1.1538866491717106e-06,1.2500500106118388e-06,1.2612156976103116e-06,1.4983491403869895e-08,5.297464188763373e-09,1.0833386550656052,1.0930152441885383,18.152715717097923,linear-baseline,scale_dependent_camb
3,0.32596586,0.36610056,640,659,649.5511538461539,1.1124196402217458e-06,1.1983694713851837e-06,1.2090750923295262e-06,1.6574756858697285e-08,5.8600614856515446e-09,1.0772638562425103,1.0868875814602783,14.667052790126425,linear-baseline,scale_dependent_camb
3,0.32596586,0.36610056,660,679,669.5496268656716,1.0747658778153781e-06,1.1482610148298542e-06,1.1585225688862767e-06,1.6611527902182883e-08,5.87306201275153e-09,1.0683824622008524,1.077930173258893,12.51393853068539,linear-baseline,scale_dependent_camb
3,0.32596586,0.36610056,680,699,689.5481884057971,1.040419140579604e-06,1.0916696138315024e-06,1.101423065444855e-06,1.298516656266802e-08,4.590949665649685e-09,1.049259448671184,1.058633989404757,11.163370758639251,linear-baseline,scale_dependent_camb
3,0.32596586,0.36610056,700,719,709.5468309859154,1.0089575830826047e-06,1.05330589038556e-06,1.0627422214413715e-06,7.253895859249772e-09,2.5646394760482655e-09,1.0439545804962986,1.0533071352657284,17.292218932576642,linear-baseline,scale_dependent_camb
3,0.32596586,0.36610056,720,739,729.5455479452055,9.800203166884524e-07,1.015092705161372e-06,1.0241588538044911e-06,1.354081450923321e-08,4.787400881133998e-09,1.0357874095829271,1.0450383898827582,7.325976943174208,linear-baseline,scale_dependent_camb
3,0.32596586,0.36610056,740,759,749.5443333333334,9.532984378874121e-07,9.710125105021905e-07,9.797048538121113e-07,1.346235695826601e-08,4.7596619479718994e-09,1.018581875214266,1.0277000516052643,3.7217081398662124,linear-baseline,scale_dependent_camb
3,0.32596586,0.36610056,760,779,769.5431818181818,9.285274303866337e-07,9.379996615552547e-07,9.463963549773633e-07,1.0271014189070945e-08,3.6313518913776567e-09,1.0102013477024334,1.0192443691009636,2.608458626968108,linear-baseline,scale_dependent_camb
3,0.32596586,0.36610056,780,799,789.5420886075949,9.054805285098723e-07,9.000294636821316e-07,9.080917608351463e-07,1.1594792837188941e-08,4.099378320814754e-09,0.993979920433285,1.0028838083681062,-1.3297296324329584,linear-baseline,scale_dependent_camb
3,0.32596586,0.36610056,800,819,809.5410493827161,8.839631131080175e-07,8.728059910664847e-07,8.806084381309279e-07,1.08922525556514e-08,3.850992822248804e-09,0.9873782945508842,0.9962049604476203,-2.8972066572218433,linear-baseline,scale_dependent_camb
3,0.32596586,0.36610056,820,839,829.5400602409638,8.63806959003029e-07,8.40731375817285e-07,8.4824912242793e-07,8.822133285432134e-09,3.1190951353303086e-09,0.9732861804998921,0.9819892206089017,-7.398165873289518,linear-baseline,scale_dependent_camb
3,0.32596586,0.36610056,840,859,849.5391176470588,8.448662717341223e-07,8.175607287376825e-07,8.248746199877626e-07,9.462319712573799e-09,3.345435217258038e-09,0.9676806331250578,0.9763374957490893,-8.162030116613561,linear-baseline,scale_dependent_camb
3,0.32596586,0.36610056,860,879,869.5382183908046,8.270155630687683e-07,7.964977505758779e-07,8.036409720141251e-07,7.751220654699907e-09,2.7404703437057675e-09,0.9630988655405113,0.9717362138048429,-11.135976188533764,linear-baseline,scale_dependent_camb
3,0.32596586,0.36610056,880,899,889.5373595505617,8.101466376892428e-07,7.688507229514109e-07,7.757130402577834e-07,1.1601751991752294e-08,4.10183875350629e-09,0.9490266171373383,0.9574970803684708,-10.067659218084028,linear-baseline,scale_dependent_camb
3,0.32596586,0.36610056,900,919,909.5365384615385,7.94165956070755e-07,7.518403798659082e-07,7.585646143796602e-07,7.928836222897185e-09,2.8032669300640657e-09,0.9467043684241284,0.9551714079167567,-15.09866069153803,linear-baseline,scale_dependent_camb
3,0.32596586,0.36610056,920,939,929.535752688172,7.789922928190159e-07,7.264992251051674e-07,7.33017346349801e-07,3.2553046167324215e-09,1.1509239846596851e-09,0.9326141372671523,0.9409815130482988,-45.60950020462917,linear-baseline,scale_dependent_camb
3,0.32596586,0.36610056,940,959,949.535,7.645548436133924e-07,7.058011034542734e-07,7.121174335706657e-07,7.510989494345872e-09,2.6555358024364415e-09,0.9231530077274238,0.931414455770236,-22.125003965381584,linear-baseline,scale_dependent_camb
3,0.32596586,0.36610056,960,979,969.5342783505155,7.507916237764186e-07,6.922926992469974e-07,6.984866732094041e-07,7.60612081923562e-09,2.6891698049028422e-09,0.9220836745152049,0.9303335986835801,-21.753525724841612,linear-baseline,scale_dependent_camb
3,0.32596586,0.36610056,980,999,989.5335858585859,7.376480683222731e-07,6.72987298184754e-07,6.790130397456722e-07,5.775360638830413e-09,2.0418983357574277e-09,0.9123419786286633,0.9205108355940496,-31.66698802050476,linear-baseline,scale_dependent_camb
3,0.32596586,0.36610056,1000,1019,1009.5329207920792,7.250759224107296e-07,6.597312682933357e-07,6.656183911430769e-07,9.333585981828797e-09,3.299920970269421e-09,0.9098788801314264,0.9179981993196402,-19.801884562119945,linear-baseline,scale_dependent_camb
3,0.32596586,0.36610056,1020,1039,1029.532281553398,7.13032369972895e-07,6.427286152106818e-07,6.484773852803486e-07,6.606397386576443e-09,2.3357141956306443e-09,0.9014017347278557,0.9094641598178769,-30.099468031546206,linear-baseline,scale_dependent_camb
3,0.32596586,0.36610056,1040,1059,1049.5316666666668,7.014792029243641e-07,6.312235870476319e-07,6.368718196207214e-07,4.854740481053772e-09,1.7164099575269817e-09,0.8998464735891716,0.9078983624399639,-40.93172238289567,linear-baseline,scale_dependent_camb
3,0.32596586,0.36610056,1060,1079,1069.5310747663552,6.903820887339151e-07,6.165133907430803e-07,6.220275295785577e-07,5.289667035610039e-09,1.8701797155494005e-09,0.8930031656436773,0.9009902483410133,-39.49818157937536,linear-baseline,scale_dependent_camb
3,0.32596586,0.36610056,1080,1099,1089.530504587156,6.797099617343869e-07,6.044171873415183e-07,6.098284183285996e-07,4.85144728267776e-09,1.7152456360752466e-09,0.8892280845777994,0.8971891728238415,-43.896205190266784,linear-baseline,scale_dependent_camb
3,0.32596586,0.36610056,1100,1119,1109.529954954955,6.694346085968375e-07,5.893708601734639e-07,5.946453749524227e-07,8.28235773716167e-09,2.928255660079943e-09,0.880400942235134,0.8882800012369004,-27.34178900936124,linear-baseline,scale_dependent_camb
3,0.32596586,0.36610056,1120,1139,1129.529424778761,6.595302923054888e-07,5.811519771698609e-07,5.863461535170263e-07,6.978875314326754e-09,2.467405029907923e-09,0.881160401500825,0.8890359705349755,-31.765484055348914,linear-baseline,scale_dependent_camb
3,0.32596586,0.36610056,1140,1159,1149.5289130434783,6.499734296429136e-07,5.706207134001976e-07,5.757191715129245e-07,6.907909106191715e-09,2.442314686404232e-09,0.8779139075172484,0.885758009876214,-32.49078289724625,linear-baseline,scale_dependent_camb
3,0.32596586,0.36610056,1160,1179,1169.5284188034188,6.407423378306654e-07,5.605345078507353e-07,5.655377589543935e-07,7.303165358480096e-09,2.5820588745539794e-09,0.8748204617608282,0.8826289844824537,-31.0635170910985,linear-baseline,scale_dependent_camb
3,0.32596586,0.36610056,1180,1199,1189.5279411764707,6.318170296035446e-07,5.50851805216342e-07,5.557825591865768e-07,3.695954336579114e-09,1.3067171871754594e-09,0.8718533679948338,0.8796574532587729,-61.96078629853591,linear-baseline,scale_dependent_camb
3,0.32596586,0.36610056,1200,1219,1209.527479338843,6.231790202670625e-07,5.417380033732057e-07,5.46579076214141e-07,7.194638197297973e-09,2.5436887287465772e-09,0.8693136093398084,0.8770819594984204,-32.01689576774102,linear-baseline,scale_dependent_camb
3,0.32596586,0.36610056,1220,1239,1229.5270325203253,6.148111878235442e-07,5.354357004970193e-07,5.402218177536716e-07,5.384970842586983e-09,1.903874699642546e-09,0.8708945300629333,0.878679224537338,-41.69155004866009,linear-baseline,scale_dependent_camb
3,0.32596586,0.36610056,1240,1259,1249.5266,6.066976532294856e-07,5.278897793625442e-07,5.32607714401173e-07,5.77464707628043e-09,2.041646053298481e-09,0.8701035458972972,0.8778799647008231,-38.600164675762215,linear-baseline,scale_dependent_camb
3,0.32596586,0.36610056,1260,1279,1269.5261811023622,5.988236382452427e-07,5.154393814841858e-07,5.200432979699553e-07,6.292317169570594e-09,2.2246700699899548e-09,0.8607532311092442,0.8684414988924941,-37.48162834834802,linear-baseline,scale_dependent_camb
3,0.32596586,0.36610056,1280,1299,1289.5257751937984,5.911754027993045e-07,5.091549240941589e-07,5.13705593218329e-07,5.148982596607083e-09,1.8204402551361928e-09,0.8612586411464918,0.8689563043148543,-45.05529828497963,linear-baseline,scale_dependent_camb
3,0.32596586,0.36610056,1300,1319,1309.5253816793893,5.837401345196582e-07,5.057996795883517e-07,5.103304587120578e-07,2.9427454364028214e-09,1.0404176266931004e-09,0.8664809042204348,0.8742425413870043,-74.91266288810884,linear-baseline,scale_dependent_camb
3,0.32596586,0.36610056,1320,1339,1329.525,5.765059209152299e-07,4.967888467264619e-07,5.012299903862525e-07,5.342129231951154e-09,1.8887279029437717e-09,0.8617237546108573,0.8694273071654263,-42.20675411451325,linear-baseline,scale_dependent_camb
3,0.32596586,0.36610056,1340,1359,1349.5246296296295,5.694616677456071e-07,4.909536032769395e-07,4.953358447107036e-07,7.087909391300244e-09,2.5059543975121085e-09,0.8621363492656733,0.8698317600052803,-31.328608591844187,linear-baseline,scale_dependent_camb
3,0.32596586,0.36610056,1360,1379,1369.5242700729927,5.625970444068976e-07,4.843493021382462e-07,4.886832066754557e-07,4.4048174027197766e-09,1.5573381276758347e-09,0.860916897721811,0.8686202878840866,-50.244542837609686,linear-baseline,scale_dependent_camb
3,0.32596586,0.36610056,1380,1399,1389.5239208633093,5.559024310193113e-07,4.777824689492927e-07,4.820490783748962e-07,6.5802550803875074e-09,2.3264714946396184e-09,0.859471810679481,0.8671469154955908,-33.57873167585046,linear-baseline,scale_dependent_camb
3,0.32596586,0.36610056,1400,1419,1409.5235815602837,5.493688646228881e-07,4.722313104530135e-07,4.7645114757944967e-07,4.72167316905879e-09,1.669363558194023e-09,0.8595887769817,0.8672700224948269,-46.20776210864742,linear-baseline,scale_dependent_camb
3,0.32596586,0.36610056,1420,1439,1429.5232517482518,5.429879953067752e-07,4.6699105315922444e-07,4.7116714938992493e-07,4.289779906969921e-09,1.5166662310081138e-09,0.8600393695543594,0.867730324541939,-50.10788833680059,linear-baseline,scale_dependent_camb
3,0.32596586,0.36610056,1440,1459,1449.5229310344828,5.367520480970689e-07,4.6273461781709984e-07,4.668688878638636e-07,6.1272595299864e-09,2.1663133818716404e-09,0.862101261574351,0.8698036449400426,-34.16746205759939,linear-baseline,scale_dependent_camb
3,0.32596586,0.36610056,1460,1479,1469.522619047619,5.306537789418314e-07,4.577438497209688e-07,4.6183413443207936e-07,5.636257769070164e-09,1.9927180445124374e-09,0.8626035804997918,0.8703115906439332,-36.58818136446476,linear-baseline,scale_dependent_camb
3,0.32596586,0.36610056,1480,1499,1489.5223154362416,5.246864321256303e-07,4.531263896782144e-07,4.571788511537121e-07,4.974727061400763e-09,1.7588316198343527e-09,0.863613697504033,0.8713372848266177,-40.68612460705898,linear-baseline,scale_dependent_camb
3,0.32596586,0.36610056,1500,1519,1509.5220198675497,5.188437124851801e-07,4.482365116904433e-07,4.522456248785307e-07,4.0057053028965425e-09,1.416230691556529e-09,0.863914317364396,0.8716413324396763,-49.85571998664636,linear-baseline,scale_dependent_camb
3,0.32596586,0.36610056,1520,1539,1529.5217320261438,5.131197551659263e-07,4.411150254547929e-07,4.4505820216641654e-07,4.205030330180223e-09,1.4867027307827714e-09,0.8596726612331473,0.8673573716188322,-48.43249979989065,linear-baseline,scale_dependent_camb
3,0.32596586,0.36610056,1540,1559,1549.5214516129033,5.075090938616772e-07,4.369023026887749e-07,4.4080630427732354e-07,5.0828926953580845e-09,1.7970739464656348e-09,0.8608758108438027,0.8685682869703737,-39.28986412148871,linear-baseline,scale_dependent_camb
3,0.32596586,0.36610056,1560,1579,1569.521178343949,5.020066297519419e-07,4.3692676164127195e-07,4.4083203721509993e-07,3.991297583567945e-09,1.4111367935371874e-09,0.8703605405712908,0.8781398712461819,-46.11875220653787,linear-baseline,scale_dependent_camb
3,0.32596586,0.36610056,1580,1599,1589.5209119496856,4.966076028759206e-07,4.2964527308189077e-07,4.3348397405821827e-07,4.54203335468681e-09,1.605851292737263e-09,0.8651604820259656,0.8728903294026411,-41.698960605429896,linear-baseline,scale_dependent_camb
3,0.32596586,0.36610056,1600,1619,1609.520652173913,4.913075899050282e-07,4.258661179766471e-07,4.2967502194884097e-07,4.66126020019437e-09,1.6480043482162014e-09,0.8668014228295736,0.8745540080744507,-39.709526251684295,linear-baseline,scale_dependent_camb
3,0.32596586,0.36610056,1620,1639,1629.520398773006,4.861024516944378e-07,4.218656603203991e-07,4.2563634265824154e-07,5.29493996811761e-09,1.8720439787158216e-09,0.8678533894447055,0.8756103598625644,-34.31371917774265,linear-baseline,scale_dependent_camb
3,0.32596586,0.36610056,1640,1659,1649.5201515151516,4.809883345873537e-07,4.181008109882169e-07,4.2184354820012125e-07,3.5562773234330317e-09,1.2573339055897208e-09,0.8692535367763362,0.877034883937521,-50.01656546408088,linear-baseline,scale_dependent_camb
3,0.32596586,0.36610056,1660,1679,1669.5199101796406,4.759616353083541e-07,4.13352907411131e-07,4.1704807658284226e-07,4.697170954529601e-09,1.6607007171701845e-09,0.8684584570421064,0.8762220432171084,-37.700187185989606,linear-baseline,scale_dependent_camb
3,0.32596586,0.36610056,1680,1699,1689.519674556213,4.710190012409842e-07,4.1116370569616016e-07,4.1483593363701297e-07,4.9222419532256185e-09,1.7402753318833757e-09,0.8729238196609383,0.8807201674328492,-34.39415272297568,linear-baseline,scale_dependent_camb
3,0.32596586,0.36610056,1700,1719,1709.5194444444444,4.661572954491138e-07,4.067386714885131e-07,4.103768174775509e-07,3.823120250495752e-09,1.351677127208579e-09,0.8725352482076796,0.8803397940649587,-43.95918430854064,linear-baseline,scale_dependent_camb
3,0.32596586,0.36610056,1720,1739,1729.519219653179,4.613735865001523e-07,4.0411725507212776e-07,4.077307793513863e-07,4.281363611469613e-09,1.5136906211977452e-09,0.87590028319056,0.883732383650991,-37.82564985618993,linear-baseline,scale_dependent_camb
3,0.32596586,0.36610056,1740,1759,1749.519,4.5666514215144386e-07,4.0029971109529164e-07,4.0388136413634743e-07,3.0851072586813903e-09,1.0907501316507255e-09,0.8765716367345162,0.8844146987737642,-51.67584162547804,linear-baseline,scale_dependent_camb
3,0.32596586,0.36610056,1760,1779,1769.5187853107345,4.520294052087764e-07,3.973229940009359e-07,4.0088006128525246e-07,3.252438591043457e-09,1.1499106915598242e-09,0.8789759901071623,0.8868450960620585,-47.57448696614227,linear-baseline,scale_dependent_camb
3,0.32596586,0.36610056,1780,1799,1789.5185754189945,4.474639843268809e-07,3.932182039911574e-07,3.9673520871575266e-07,3.457710477538309e-09,1.2224852630235569e-09,0.8787706223612046,0.886630483373004,-44.37336136188512,linear-baseline,scale_dependent_camb
3,0.32596586,0.36610056,1800,1819,1809.5183701657459,4.429666374903725e-07,3.905165403967027e-07,3.940094086543524e-07,3.3521813144998763e-09,1.1851750696248486e-09,0.8815935723944679,0.8894787446896966,-44.255147140643246,linear-baseline,scale_dependent_camb
3,0.32596586,0.36610056,1820,1839,1829.518169398907,4.385352679111876e-07,3.8627645389968874e-07,3.8972755568152457e-07,3.976431179272196e-09,1.4058807258924947e-09,0.8808332696696989,0.8887028802446338,-37.17158436632197,linear-baseline,scale_dependent_camb
3,0.32596586,0.36610056,1840,1859,1849.517972972973,4.34167910508842e-07,3.834399434201007e-07,3.868672998283876e-07,3.5415096986246857e-09,1.2521127617677206e-09,0.8831604873117214,0.8910545677477214,-40.513896701383366,linear-baseline,scale_dependent_camb
3,0.32596586,0.36610056,1860,1879,1869.5177807486632,4.2986271910777227e-07,3.8217386772570923e-07,3.855925010992793e-07,2.904466108172158e-09,1.0268838404075168e-09,0.8890602760782639,0.8970131252591974,-46.440356256008286,linear-baseline,scale_dependent_camb
3,0.32596586,0.36610056,1880,1899,1889.5175925925926,4.2561795795343164e-07,3.794131535850406e-07,3.828076421143209e-07,3.0377920312445386e-09,1.0740216725637348e-09,0.8914406605619624,0.8994160959632377,-43.02036499700999,linear-baseline,scale_dependent_camb
3,0.32596586,0.36610056,1900,1919,1909.5174083769634,4.2143199592523714e-07,3.767776139102352e-07,3.801454769410654e-07,3.786779162061429e-09,1.3388286121747743e-09,0.8940413104682168,0.9020327849252906,-33.35332215709522,linear-baseline,scale_dependent_camb
3,0.32596586,0.36610056,1920,1939,1929.5172279792746,4.173032989043955e-07,3.7370398235478066e-07,3.770463025776119e-07,4.0747127383420535e-09,1.440628504334436e-09,0.8955212751394915,0.9035306060784185,-30.26409405230916,linear-baseline,scale_dependent_camb
3,0.32596586,0.36610056,1940,1959,1949.5170512820512,4.1323042056278154e-07,3.6995097504124954e-07,3.732541695981366e-07,4.359349880295317e-09,1.5412629309607915e-09,0.8952655870238464,0.9032591770223476,-28.08050764871928,linear-baseline,scale_dependent_camb
3,0.32596586,0.36610056,1960,1979,1969.5168781725888,4.0921199490443524e-07,3.662806054872721e-07,3.695561057791503e-07,3.0152222489685e-09,1.0660420495150894e-09,0.8950876563938722,0.9030920656796829,-40.27175985852653,linear-baseline,scale_dependent_camb
3,0.32596586,0.36610056,1980,1999,1989.5167085427136,4.0524673318536047e-07,3.639378199136647e-07,3.671931160767197e-07,2.570232352647594e-09,9.087143628910837e-10,0.8980647840218343,0.9060976585559914,-45.458633602170735,linear-baseline,scale_dependent_camb
3,0.32596586,0.36610056,2000,2019,2009.5165422885573,4.013334182852762e-07,3.6078669589366266e-07,3.640129626630964e-07,2.8675953858775426e-09,1.0138480715266324e-09,0.8989699822036945,0.9070088511900306,-39.99289788119743,linear-baseline,scale_dependent_camb
3,0.32596586,0.36610056,2020,2039,2029.5163793103447,3.9747089794897076e-07,3.589421541454069e-07,3.6215125118397104e-07,3.263046398850066e-09,1.1536611179766126e-09,0.9030652457767855,0.9111390369779117,-33.3969336429911,linear-baseline,scale_dependent_camb
3,0.32596586,0.36610056,2040,2059,2049.516219512195,3.9365808018021443e-07,3.5569755987673625e-07,3.5888137486377726e-07,2.655703774955218e-09,9.389330740467737e-10,0.9035698180357429,0.9116575854342515,-40.429420746538895,linear-baseline,scale_dependent_camb
3,0.32596586,0.36610056,2060,2079,2069.5160628019325,3.898939308734534e-07,3.528016467150467e-07,3.5595377373982815e-07,3.8477797759889354e-09,1.3603955860571154e-09,0.9048657052052302,0.9129502809710544,-27.26580748906473,linear-baseline,scale_dependent_camb
3,0.32596586,0.36610056,2080,2099,2089.515909090909,3.8617747284598106e-07,3.494473093821711e-07,3.5257480846069006e-07,2.8209105768828406e-09,9.973424990173561e-10,0.9048878662105206,0.9129864718994297,-36.82803400035477,linear-baseline,scale_dependent_camb
3,0.32596586,0.36610056,2100,2119,2109.5157582938386,3.825077719145698e-07,3.477022043606122e-07,3.5080884577981765e-07,3.3075717617654515e-09,1.1694032110027432e-09,0.9090069010108083,0.9171286743375455,-29.76353000101005,linear-baseline,scale_dependent_camb
3,0.32596586,0.36610056,2120,2139,2129.5156103286386,3.788839401172187e-07,3.454055249258554e-07,3.484983428000688e-07,2.089564634357072e-09,7.38772661340737e-10,0.911639392313631,0.9198023613570181,-45.31626160963524,linear-baseline,scale_dependent_camb
3,0.32596586,0.36610056,2140,2159,2149.515465116279,3.7530513366436814e-07,3.4238226294408765e-07,3.454452875012343e-07,2.5117142220520965e-09,8.880250794078655e-10,0.912277057340433,0.9204384819584237,-37.074257792621616,linear-baseline,scale_dependent_camb
3,0.32596586,0.36610056,2160,2179,2169.5153225806453,3.717705433889257e-07,3.3941406319371507e-07,3.4245004534526053e-07,2.946155161736767e-09,1.0416231466459087e-09,0.9129665306447878,0.9211328101027313,-31.063518796985772,linear-baseline,scale_dependent_camb
3,0.32596586,0.36610056,2180,2199,2189.5151826484016,3.682793947607375e-07,3.3622720127923357e-07,3.3923397878571653e-07,2.792065729711414e-09,9.871443054987535e-10,0.9129677252176233,0.9211321176578693,-32.46961290559193,linear-baseline,scale_dependent_camb
3,0.32596586,0.36610056,2200,2219,2209.515045248869,3.64830945852743e-07,3.342923944351309e-07,3.372799306654358e-07,3.473934836788628e-09,1.2282214402467105e-09,0.9162939663842595,0.9244827899044845,-24.864043581162285,linear-baseline,scale_dependent_camb
3,0.32596586,0.36610056,2220,2239,2229.5149103139015,3.614244762238007e-07,3.319513107389659e-07,3.3492200440655946e-07,2.241627554276447e-09,7.925350222617457e-10,0.91845276835489,0.9266721720284643,-37.188470738774384,linear-baseline,scale_dependent_camb
3,0.32596586,0.36610056,2240,2259,2249.514777777778,3.5805929896050483e-07,3.2983954470286326e-07,3.3278720265670255e-07,3.1096826876071073e-09,1.0994388578726968e-09,0.921186925351283,0.9294192431891292,-25.667415750834877,linear-baseline,scale_dependent_camb
3,0.32596586,0.36610056,2260,2279,2269.5146475770925,3.5473473999812836e-07,3.272030649769782e-07,3.301308799062776e-07,2.0797449856070206e-09,7.353008912307214e-10,0.9223879932895903,0.9306415264206135,-37.44273310354432,linear-baseline,scale_dependent_camb
3,0.32596586,0.36610056,2280,2299,2289.514519650655,3.5145015078288974e-07,3.2379038202301486e-07,3.266882307661336e-07,2.1595507453286678e-09,7.635164881691819e-10,0.9212981735866096,0.9295435783379334,-36.226812634000325,linear-baseline,scale_dependent_camb
3,0.32596586,0.36610056,2300,2319,2309.514393939394,3.482048930994381e-07,3.221627817719932e-07,3.250432236653383e-07,2.8613575795578928e-09,1.011642673952456e-09,0.9252103808891394,0.9334826422801432,-25.74240094647174,linear-baseline,scale_dependent_camb
3,0.32596586,0.36610056,2320,2339,2329.514270386266,3.4499835169866897e-07,3.2004224586261707e-07,3.2290389751488323e-07,2.4433706781709814e-09,8.638619877435371e-10,0.927663115741929,0.9359577978416441,-28.888996379200385,linear-baseline,scale_dependent_camb
3,0.32596586,0.36610056,2340,2359,2349.5141489361704,3.4182991722443874e-07,3.171218705052429e-07,3.1995813220661184e-07,2.237871527534698e-09,7.912070662720412e-10,0.9277183023656381,0.9360155916269133,-31.228293796229142,linear-baseline,scale_dependent_camb
3,0.32596586,0.36610056,2360,2379,2369.514029535865,3.3869899627634073e-07,3.150964697208882e-07,3.179135035940271e-07,2.7365586490130642e-09,9.675195889159174e-10,0.9303141526401351,0.9386313720712801,-24.394882362948945,linear-baseline,scale_dependent_camb
3,0.32596586,0.36610056,2380,2399,2389.513912133891,3.3560500420751006e-07,3.1175492049165533e-07,3.145419700000696e-07,3.180796940295836e-09,1.1245815430303037e-09,0.9289340641026085,0.9372386169950648,-21.207962965129376,linear-baseline,scale_dependent_camb
3,0.32596586,0.36610056,2400,2419,2409.5137966804978,3.325473653786865e-07,3.100204320558632e-07,3.127914515295492e-07,2.732044149309451e-09,9.659234722388725e-10,0.9322594743844358,0.9405921805255009,-23.321654323824507,linear-baseline,scale_dependent_camb
3,0.32596586,0.36610056,2420,2439,2429.513683127572,3.2952551692587e-07,3.0729666094766164e-07,3.100469941288712e-07,1.6924953845304177e-09,5.983874817641958e-10,0.9325428386075213,0.9408891821831792,-37.147929486546325,linear-baseline,scale_dependent_camb
3,0.32596586,0.36610056,2440,2459,2449.5135714285716,3.2653890034834483e-07,3.049433610814497e-07,3.076729829310455e-07,1.8666661520969998e-09,6.599661471795939e-10,0.9338653396460346,0.9422245943831697,-32.722192432422524,linear-baseline,scale_dependent_camb
3,0.32596586,0.36610056,2460,2479,2469.5134615384613,3.23586965215402e-07,3.0326285382809525e-07,3.059733415591688e-07,2.8981160746237063e-09,1.0246387645160806e-09,0.9371911925630947,0.9455675736366316,-19.835391838708635,linear-baseline,scale_dependent_camb
3,0.32596586,0.36610056,2480,2499,2489.513353413655,3.2066917316182225e-07,3.0041796258410503e-07,3.0310748234800443e-07,1.7912388883841764e-09,6.332985823507522e-10,0.9368470302959316,0.9452342405081904,-31.977350245355655,linear-baseline,scale_dependent_camb
3,0.32596586,0.36610056,2500,2519,2509.513247011952,3.1778499091605695e-07,2.9875436611632257e-07,3.01427978872572e-07,1.7983075364075256e-09,6.357977268263177e-10,0.940114777778283,0.9485280535234414,-29.931885561668608,linear-baseline,scale_dependent_camb
3,0.32596586,0.36610056,2520,2539,2529.51314229249,3.1493389186718953e-07,2.9551180853935233e-07,2.981572164071251e-07,1.6401601195112973e-09,5.798841713690883e-10,0.9383296500332594,0.9467295331074138,-33.493039277106455,linear-baseline,scale_dependent_camb
3,0.32596586,0.36610056,2540,2559,2549.513039215686,3.121153590530602e-07,2.93326662529055e-07,2.95949663709939e-07,2.2978220860703543e-09,8.12402789510283e-10,0.9398020764469617,0.9482060242335815,-23.12731660526557,linear-baseline,scale_dependent_camb
3,0.32596586,0.36610056,2560,2579,2569.512937743191,3.093288845338289e-07,2.9208867376008657e-07,2.947021169858525e-07,1.8941049175182914e-09,6.69667215727985e-10,0.9442657584346704,0.952714511061521,-25.744444955395902,linear-baseline,scale_dependent_camb
3,0.32596586,0.36610056,2580,2599,2589.5128378378377,3.0657396732500206e-07,2.8923014339918375e-07,2.918181834394982e-07,1.8988548380511715e-09,6.713465662374334e-10,0.9434269514885719,0.9518687642846689,-25.83438241595826,linear-baseline,scale_dependent_camb
3,0.32596586,0.36610056,2600,2619,2609.5127394636015,3.0385011436072e-07,2.865971633693881e-07,2.891624450846039e-07,2.1219866764256394e-09,7.502355842440368e-10,0.9432188760974111,0.9516614653674955,-22.996711104707916,linear-baseline,scale_dependent_camb
3,0.32596586,0.36610056,2620,2639,2629.5126425855515,3.011568411051886e-07,2.840804955974151e-07,2.866226790609593e-07,1.2746213815367602e-09,4.5064671116500434e-10,0.9432975009131239,0.9517388946208505,-37.892977103123584,linear-baseline,scale_dependent_camb
3,0.32596586,0.36610056,2640,2659,2649.512547169811,2.9849367291499967e-07,2.833080062913968e-07,2.858434905975437e-07,1.8726799368310292e-09,6.620923411626081e-10,0.9491256666337206,0.9576199314581174,-22.935874166641845,linear-baseline,scale_dependent_camb
3,0.32596586,0.36610056,2660,2679,2669.5124531835204,2.9586014336279103e-07,2.7993836056581063e-07,2.8244284168481726e-07,1.73947746506075e-09,6.149981556328211e-10,0.9461847661668414,0.954649850684615,-25.88915535949404,linear-baseline,scale_dependent_camb
3,0.32596586,0.36610056,2680,2699,2689.5123605947956,2.932557941772569e-07,2.7777754172241224e-07,2.802624599462647e-07,1.6683575975114562e-09,5.898534853222237e-10,0.9472192783154733,0.9556928303243056,-26.24084258210197,linear-baseline,scale_dependent_camb
3,0.32596586,0.36610056,2700,2719,2709.512269372694,2.906801762669412e-07,2.76157476550088e-07,2.7862676730880193e-07,2.191625355810862e-09,7.748565754571202e-10,0.9500389056338105,0.9585337771810408,-18.74243592536554,linear-baseline,scale_dependent_camb
3,0.32596586,0.36610056,2720,2739,2729.5121794871793,2.881328497196842e-07,2.74076791912732e-07,2.765278057312476e-07,2.1412488566922215e-09,7.570457933875058e-10,0.9512167466478504,0.9597232873664812,-18.566984890116654,linear-baseline,scale_dependent_camb
3,0.32596586,0.36610056,2740,2759,2749.512090909091,2.8561338347641354e-07,2.714209073958412e-07,2.738490516119635e-07,1.697891003382123e-09,6.002951211035652e-10,0.9503087848761668,0.9588102920064263,-23.642497800883852,linear-baseline,scale_dependent_camb
3,0.32596586,0.36610056,2760,2779,2769.5120036101084,2.8312135442319756e-07,2.6916710798684326e-07,2.7157596088934765e-07,1.872623520786081e-09,6.620723950786327e-10,0.950712843738745,0.9592210430139708,-21.07661720996084,linear-baseline,scale_dependent_camb
3,0.32596586,0.36610056,2780,2799,2789.511917562724,2.806563483591317e-07,2.6847263888696564e-07,2.7087496547238747e-07,1.4993855996118488e-09,5.301128625494979e-10,0.9565885128079282,0.965148185872397,-22.983236840491596,linear-baseline,scale_dependent_camb
3,0.32596586,0.36610056,2800,2819,2809.5118327402133,2.7821796013338855e-07,2.6550940034772115e-07,2.678840254297773e-07,1.879083198699051e-09,6.643562361069039e-10,0.9543215693926645,0.9628566944468403,-19.12913448384101,linear-baseline,scale_dependent_camb
3,0.32596586,0.36610056,2820,2839,2829.511749116608,2.7580579277487984e-07,2.632966270837684e-07,2.6565150007057626e-07,2.0626145822231777e-09,7.292443790321333e-10,0.9546450219001682,0.9631831782714159,-17.15359905511212,linear-baseline,scale_dependent_camb
3,0.32596586,0.36610056,2840,2859,2849.5116666666668,2.734194565572907e-07,2.610762996285158e-07,2.6341078876261267e-07,2.027095329685478e-09,7.166864268660909e-10,0.9548563328879683,0.9633944565587969,-17.222534801933946,linear-baseline,scale_dependent_camb
3,0.32596586,0.36610056,2860,2879,2869.5115853658535,2.710585700755929e-07,2.594031910308137e-07,2.6172366284831725e-07,1.9377525580249583e-09,6.850989870205134e-10,0.9570005145326018,0.9655612909613138,-17.0126934437143,linear-baseline,scale_dependent_camb
3,0.32596586,0.36610056,2880,2899,2889.5115051903113,2.6872276011578913e-07,2.5701743118300116e-07,2.5931798602244714e-07,1.4286427046235006e-09,5.051014721659835e-10,0.9564408726386098,0.9650019444229823,-23.17421266382973,linear-baseline,scale_dependent_camb
3,0.32596586,0.36610056,2900,2919,2909.5114261168383,2.664116607550974e-07,2.56122839584348e-07,2.584117965046586e-07,2.3487574280304097e-09,8.304111523612885e-10,0.9613799893683799,0.9699717939231165,-12.390032505576295,linear-baseline,scale_dependent_camb
3,0.32596586,0.36610056,2920,2939,2929.511348122867,2.641249125170087e-07,2.532283351329022e-07,2.5549254646014884e-07,2.1689238084562533e-09,7.668303664181845e-10,0.9587446057993307,0.9673171077480094,-14.209892906306875,linear-baseline,scale_dependent_camb
3,0.32596586,0.36610056,2940,2959,2949.511271186441,2.618621634113935e-07,2.5106546719607495e-07,2.5330987827666374e-07,2.2470168117705474e-09,7.94440412521565e-10,0.9587695447304596,0.9673405083677789,-13.590315957177529,linear-baseline,scale_dependent_camb
3,0.32596586,0.36610056,2960,2979,2969.5111952861953,2.5962306868981644e-07,2.4964831110380175e-07,2.5188046533261464e-07,1.9092237571175307e-09,6.750125327301319e-10,0.9615798486769602,0.9701775216036282,-14.77714427859752,linear-baseline,scale_dependent_camb
3,0.32596586,0.36610056,2980,2999,2989.511120401338,2.574072898573034e-07,2.469816719905123e-07,2.4919189313807093e-07,1.3722963096487752e-09,4.851800131749616e-10,0.9594975811579747,0.9680840557243473,-21.48814374806389,linear-baseline,scale_dependent_camb
3,0.32596586,0.36610056,3000,3019,3009.5110465116277,2.5521449425436565e-07,2.456533658678122e-07,2.478511760920194e-07,1.469355814459245e-09,5.194957301900073e-10,0.9625368911178528,0.9711485110441752,-18.404633245121044,linear-baseline,scale_dependent_camb
3,0.32596586,0.36610056,3020,3039,3029.5109735973597,2.5304435590468753e-07,2.4430132063909044e-07,2.464873685437559e-07,1.5925397446257932e-09,5.630478263669954e-10,0.9654486059001834,0.9740875968662134,-15.528050826535587,linear-baseline,scale_dependent_camb
3,0.32596586,0.36610056,3040,3059,3049.5109016393444,2.508965553406131e-07,2.4188572676628144e-07,2.4404812791455243e-07,1.8729621397291775e-09,6.621921149540836e-10,0.964085483110365,0.9727041791515895,-13.607574555544945,linear-baseline,scale_dependent_camb
3,0.32596586,0.36610056,3060,3079,3069.5108306188927,2.4877077852617707e-07,2.4047672109065906e-07,2.4262619763819165e-07,2.1793038342899084e-09,7.70500259746119e-10,0.9666598404979254,0.9753002304997858,-10.764509590497621,linear-baseline,scale_dependent_camb
3,0.32596586,0.36610056,3080,3099,3089.5107605177996,2.466667168418902e-07,2.387028504056926e-07,2.4083914928481675e-07,1.2818452983102456e-09,4.5320075143363374e-10,0.96771406155577,0.976374730925661,-17.57249168498743,linear-baseline,scale_dependent_camb
3,0.32596586,0.36610056,3100,3119,3109.510691318328,2.4458406768255145e-07,2.3648030285961787e-07,2.3859657062290933e-07,1.4426738876676583e-09,5.100622445052803e-10,0.9668671598288587,0.9755196766642488,-15.887795872430413,linear-baseline,scale_dependent_camb
3,0.32596586,0.36610056,3120,3139,3129.5106230031947,2.42522534531248e-07,2.3459230615123587e-07,2.3669094190105746e-07,1.3858600964143603e-09,4.899755359752183e-10,0.9673010658768686,0.975954429795722,-16.184947610146065,linear-baseline,scale_dependent_camb
3,0.32596586,0.36610056,3140,3159,3149.5105555555556,2.4048182638279023e-07,2.3308175279521591e-07,2.351662812613175e-07,1.9541089621977042e-09,6.908818491737017e-10,0.9692281379475423,0.9778962709930037,-10.711055148466906,linear-baseline,scale_dependent_camb
3,0.32596586,0.36610056,3160,3179,3169.5104889589907,2.3846165784862067e-07,2.314686125821123e-07,2.335391543195166e-07,1.4125380098784441e-09,4.994076027343992e-10,0.9706743409837917,0.9793572535999521,-14.002680832689483,linear-baseline,scale_dependent_camb
3,0.32596586,0.36610056,3180,3199,3189.510423197492,2.364617488087306e-07,2.2941225170212139e-07,2.3146480169113088e-07,1.4730960629152562e-09,5.208181077132914e-10,0.9701875794198265,0.9788678416582225,-13.535430128496866,linear-baseline,scale_dependent_camb
3,0.32596586,0.36610056,3200,3219,3209.5103582554516,2.344818254005815e-07,2.2752361483376287e-07,2.2955825949372924e-07,1.9641516420623225e-09,6.944324726904803e-10,0.9703251603618684,0.9790023559461762,-10.019995954192657,linear-baseline,scale_dependent_camb
3,0.32596586,0.36610056,3220,3239,3229.510294117647,2.3252161946863592e-07,2.25597162712344e-07,2.2761607275141332e-07,1.0301566204418554e-09,3.6421536599932614e-10,0.9702201594324181,0.9789028360957021,-19.011984124537832,linear-baseline,scale_dependent_camb
3,0.32596586,0.36610056,3240,3259,3249.510230769231,2.305808691450721e-07,2.23726433840958e-07,2.257271524511845e-07,1.626235743514544e-09,5.749611610235405e-10,0.9702731829855253,0.9789500459778655,-11.921562305029232,linear-baseline,scale_dependent_camb
3,0.32596586,0.36610056,3260,3279,3269.5101681957185,2.2865931776061533e-07,2.2210525841780977e-07,2.2409429139956624e-07,1.0307123950272563e-09,3.644118619884002e-10,0.9713370117299701,0.9800356862525574,-17.985307358118284,linear-baseline,scale_dependent_camb
3,0.32596586,0.36610056,3280,3299,3289.510106382979,2.2675671508256067e-07,2.2067909801169903e-07,2.2265338822478206e-07,1.5107887534511736e-09,5.34144486252848e-10,0.9731976313528408,0.981904276324145,-11.378226729433417,linear-baseline,scale_dependent_camb
3,0.32596586,0.36610056,3300,3319,3309.5100453172204,2.2487281711452786e-07,2.1882750346494502e-07,2.2078600146444387e-07,1.0515590785490678e-09,3.7178227763016157e-10,0.9731167433789742,0.981826101960547,-16.260359929250168,linear-baseline,scale_dependent_camb
3,0.32596586,0.36610056,3320,3339,3329.509984984985,2.230073864330529e-07,2.1729264071179578e-07,2.1923565178302195e-07,1.7294375184604784e-09,6.114484984709195e-10,0.9743741863771284,0.9830869519150962,-9.346242137397153,linear-baseline,scale_dependent_camb
3,0.32596586,0.36610056,3340,3359,3349.509925373134,2.2116019060383703e-07,2.1522754957213661e-07,2.171528727052065e-07,1.5262606644801197e-09,5.396146328560892e-10,0.9731749144567906,0.9818804736616961,-10.99421822625519,linear-baseline,scale_dependent_camb
3,0.32596586,0.36610056,3360,3379,3369.5098664688426,2.19331004290101e-07,2.143063887204866e-07,2.1622310308387748e-07,1.4166593712266142e-09,5.008647240129047e-10,0.9770911751128055,0.9858300871950013,-10.031881521536272,linear-baseline,scale_dependent_camb
3,0.32596586,0.36610056,3380,3399,3389.509808259587,2.1751960928202326e-07,2.123888839550959e-07,2.1429024665090023e-07,1.0226189809790546e-09,3.6155040801018325e-10,0.976412584852177,0.9851536942265466,-14.19089900953131,linear-baseline,scale_dependent_camb
3,0.32596586,0.36610056,3400,3419,3409.509750733138,2.157257918138468e-07,2.1105240486252702e-07,2.1294000304823642e-07,1.771881267439417e-09,6.264546298319132e-10,0.9783364478024374,0.9870864362476681,-7.460056528872196,linear-baseline,scale_dependent_camb
3,0.32596586,0.36610056,3420,3439,3429.509693877551,2.139493448089785e-07,2.0895659601704736e-07,2.1082637058042502e-07,1.2777482459318634e-09,4.517522246738185e-10,0.976663874355919,0.9854032073276888,-11.051962822177755,linear-baseline,scale_dependent_camb
3,0.32596586,0.36610056,3440,3459,3449.5096376811593,2.1219006883710935e-07,2.0800127608350782e-07,2.0986087037084178e-07,1.5570707462073663e-09,5.505076417152132e-10,0.9802592422135594,0.9890230561730219,-7.608963865697735,linear-baseline,scale_dependent_camb
3,0.32596586,0.36610056,3460,3479,3469.509582132565,2.104477685059462e-07,2.0646146409929974e-07,2.0830768207223788e-07,1.4728338075380185e-09,5.207253864354676e-10,0.9810579868109467,0.9898307953137176,-7.655291081416266,linear-baseline,scale_dependent_camb
3,0.32596586,0.36610056,3480,3499,3489.5095272206304,2.08722254817916e-07,2.0499975564241483e-07,2.0683333446659602e-07,1.5160587500669117e-09,5.360077114247572e-10,0.982165298191376,0.9909500769193594,-6.944861232698371,linear-baseline,scale_dependent_camb
3,0.32596586,0.36610056,3500,3519,3509.509472934473,2.070133455800042e-07,2.0317632666311426e-07,2.0499313568542626e-07,1.5146275886652568e-09,5.355017194587159e-10,0.9814648717156882,0.9902411610762689,-7.165278424817007,linear-baseline,scale_dependent_camb
3,0.32596586,0.36610056,3520,3539,3529.509419263456,2.053208623016521e-07,2.0138444231588557e-07,2.0318668246107565e-07,1.1142268910372406e-09,3.939386952164186e-10,0.9808279590216058,0.9896056357028106,-9.992468456555049,linear-baseline,scale_dependent_camb
3,0.32596586,0.36610056,3540,3559,3549.509366197183,2.0364463403610755e-07,1.9956423526267842e-07,2.013494637089383e-07,1.2451077417458264e-09,4.402120637481712e-10,0.9799631412202806,0.9887295320201647,-9.2691661802421,linear-baseline,scale_dependent_camb
3,0.32596586,0.36610056,3560,3579,3569.5093137254903,2.0198449322978154e-07,1.9803215091163895e-07,1.998041011888131e-07,1.0138007657408957e-09,3.584326981137509e-10,0.9804324467935945,0.9892051513158092,-11.026734834577752,linear-baseline,scale_dependent_camb
3,0.32596586,0.36610056,3580,3599,3589.50926183844,2.003402776262616e-07,1.96665699409667e-07,1.98424903905509e-07,1.243278780039463e-09,4.395654281356211e-10,0.9816583152417828,0.9904393976915328,-8.35957056991494,linear-baseline,scale_dependent_camb
3,0.32596586,0.36610056,3600,3619,3609.5092105263157,1.9871183119910225e-07,1.9553921007806953e-07,1.97289120420493e-07,1.000404167141557e-09,3.536962852565376e-10,0.9840340602676352,0.9928403318009598,-8.969902295500802,linear-baseline,scale_dependent_camb
3,0.32596586,0.36610056,3620,3639,3629.5091597796145,1.970990001190426e-07,1.941772429071142e-07,1.959142278918296e-07,1.1012537273137433e-09,3.8935198919525447e-10,0.9851761946526175,0.9939889485664695,-7.5041538068608356,linear-baseline,scale_dependent_camb
3,0.32596586,0.36610056,3640,3659,3649.509109589041,1.9550163722352787e-07,1.925157696512817e-07,1.9423937108608922e-07,1.0656951918149522e-09,3.767801484051256e-10,0.9847271479939973,0.993543449787096,-7.924694506557876,linear-baseline,scale_dependent_camb
3,0.32596586,0.36610056,3660,3679,3669.5090599455043,1.93919596981298e-07,1.9112156628028966e-07,1.9283129127403703e-07,1.3183575658236194e-09,4.661097874112357e-10,0.9855711813320333,0.9943878508196059,-6.002943462201334,linear-baseline,scale_dependent_camb
3,0.32596586,0.36610056,3680,3699,3689.509010840108,1.9235274029935953e-07,1.8999269342580706e-07,1.9169395207122023e-07,1.0557616183119112e-09,3.7326809981241793e-10,0.9877306303519278,0.9965751034941638,-6.322658900502057,linear-baseline,scale_dependent_camb
3,0.32596586,0.36610056,3700,3719,3709.508962264151,1.908009295642069e-07,1.8811500830708832e-07,1.897969017536584e-07,1.4548823584864307e-09,5.143785907572164e-10,0.985922913146947,0.9947378253720162,-5.221681666736236,linear-baseline,scale_dependent_camb
3,0.32596586,0.36610056,3720,3739,3729.508914209115,1.8926403190642322e-07,1.8722811536683574e-07,1.8890363771501136e-07,1.082816933322261e-09,3.8283359816789624e-10,0.9892429823084711,0.9980958125652208,-5.31801949810739,linear-baseline,scale_dependent_camb
3,0.32596586,0.36610056,3740,3759,3749.5088666666666,1.877419166140753e-07,1.856845246350767e-07,1.8734584207381953e-07,1.0011339640745843e-09,3.5395430743665395e-10,0.9890413818282904,0.9978903244017161,-5.812592009116353,linear-baseline,scale_dependent_camb
3,0.32596586,0.36610056,3760,3779,3769.5088196286474,1.8623445710432718e-07,1.8447917356125167e-07,1.861305533594932e-07,9.209323373627178e-10,3.255987503815775e-10,0.9905748722853568,0.9994420809851757,-5.390940662451731,linear-baseline,scale_dependent_camb
3,0.32596586,0.36610056,3780,3799,3789.5087730870714,1.8474152868187381e-07,1.831754816727241e-07,1.8481422418468407e-07,1.0722992117322321e-09,3.791150220384254e-10,0.9915230375090894,1.000393498437135,-4.130796507955281,linear-baseline,scale_dependent_camb
3,0.32596586,0.36610056,3800,3819,3809.5087270341205,1.8326300994445788e-07,1.816592176045455e-07,1.8328531661946452e-07,7.276107940476059e-10,2.572492632677953e-10,0.9912486849343005,1.000121719462173,-6.2343904100624306,linear-baseline,scale_dependent_camb
3,0.32596586,0.36610056,3820,3839,3829.508681462141,1.817987811932141e-07,1.8093649455873995e-07,1.825552475133805e-07,1.0869370542238769e-09,3.842902808823167e-10,0.9952569174071761,1.0041610087548523,-2.243841901216851,linear-baseline,scale_dependent_camb
3,0.32596586,0.36610056,3840,3859,3849.5086363636365,1.8034872645402685e-07,1.7937360111442532e-07,1.8097886248866021e-07,1.3313988326820644e-09,4.707205715266707e-10,0.994593112140162,1.0034939866059658,-2.0715587942947504,linear-baseline,scale_dependent_camb
3,0.32596586,0.36610056,3860,3879,3869.5085917312663,1.7891273057270183e-07,1.7828604476927616e-07,1.7988200293512263e-07,7.115397405519705e-10,2.515672878140075e-10,0.9964972542679348,1.0054175706743627,-2.4911259682101514,linear-baseline,scale_dependent_camb
3,0.32596586,0.36610056,3880,3899,3889.5085475578408,1.774906820667066e-07,1.768806356852605e-07,1.7846356618266744e-07,9.166986422854781e-10,3.2410191313228134e-10,0.9965629385478567,1.0054813250173618,-1.8822671410678062,linear-baseline,scale_dependent_camb
3,0.32596586,0.36610056,3900,3919,3909.5085038363172,1.7608246985678514e-07,1.756886732916177e-07,1.7726105705831296e-07,1.0620856228605017e-09,3.755039730626994e-10,0.997763567460817,1.0066933818141375,-1.0487147764523883,linear-baseline,scale_dependent_camb
3,0.32596586,0.36610056,3920,3939,3929.5084605597963,1.7468798719376529e-07,1.7446443070581682e-07,1.7602590786210267e-07,8.660492322174551e-10,3.0619464247118274e-10,0.9987202526542338,1.007658916275985,-0.7301123433911917,linear-baseline,scale_dependent_camb
3,0.32596586,0.36610056,3940,3959,3949.508417721519,1.733071271936605e-07,1.7305745847945205e-07,1.7460579551458415e-07,1.010077440405573e-09,3.571163038171657e-10,0.9985593857664639,1.0074934501653383,-0.6991243792001995,linear-baseline,scale_dependent_camb
3,0.32596586,0.36610056,3960,3979,3969.5083753148615,1.7193978683370563e-07,1.7163571706072064e-07,1.7317177409220847e-07,9.158650138655918e-10,3.238071809779356e-10,0.9982315333839568,1.0071652249964365,-0.9390457990050414,linear-baseline,scale_dependent_camb
3,0.32596586,0.36610056,3980,3999,3989.508333333333,1.7058586375058493e-07,1.7054591650558675e-07,1.720718914690245e-07,9.90384062801785e-10,3.501536433931128e-10,0.9997658232392774,1.0087113180762288,-0.11408490458952374,linear-baseline,scale_dependent_camb
3,0.32596586,0.36610056,4000,4019,4009.5082917705736,1.6924525837271e-07,1.6938168626074e-07,1.7089733790909132e-07,9.153914293630751e-10,3.2363974357133845e-10,1.000806095776873,1.009761452416842,0.421542442607765,linear-baseline,scale_dependent_camb
3,0.32596586,0.36610056,4020,4039,4029.5082506203476,1.6791787344053297e-07,1.6817716427736922e-07,1.696821227328694e-07,1.0092376669743527e-09,3.5681939907322765e-10,1.0015441526951452,1.0105066200291135,0.7266724777568552,linear-baseline,scale_dependent_camb
3,0.32596586,0.36610056,4040,4059,4049.5082098765433,1.666036123515466e-07,1.667331401638238e-07,1.682255184366959e-07,8.419054870644338e-10,2.9765853951071217e-10,1.0007774610072913,1.0097351195586741,0.4351557072412903,linear-baseline,scale_dependent_camb
3,0.32596586,0.36610056,4060,4079,4069.5081695331696,1.6530238220638036e-07,1.6577200843850042e-07,1.6725622436228263e-07,6.042091549501773e-10,2.136201953601319e-10,1.0028410130928043,1.0118198064046222,2.1984168272495896,linear-baseline,scale_dependent_camb
3,0.32596586,0.36610056,4080,4096,4088.005870123517,1.641102623581515e-07,1.6505247570522864e-07,1.6653163242783217e-07,5.034638301648803e-10,1.7800134419586955e-10,1.0057413432501916,1.014754531708665,5.293293437381815,linear-baseline,scale_dependent_camb
4,0.28674463,0.32596586,20,39,30.608333333333334,5.702069149718264e-05,5.6281982687363386e-05,5.580113095339087e-05,2.407425260761026e-06,8.511533635419568e-07,0.9870448991335758,0.9786119650293608,-0.8678915474706232,linear-baseline,scale_dependent_camb
4,0.28674463,0.32596586,40,59,50.165,4.343451600107647e-05,4.2754002714121494e-05,4.2390862616658516e-05,6.657831004620062e-07,2.353898725680445e-07,0.9843324307576464,0.9759717966146534,-2.891004950768485,linear-baseline,scale_dependent_camb
4,0.28674463,0.32596586,60,79,69.975,3.298566031551711e-05,3.277586514871015e-05,3.249691645227297e-05,5.080746332751523e-07,1.7963150926886424e-07,0.993639806970659,0.9851831414448228,-1.1679196353739425,linear-baseline,scale_dependent_camb
4,0.28674463,0.32596586,80,99,89.86944444444444,2.424389675038462e-05,2.44382202456479e-05,2.4229258021131433e-05,6.272745409261543e-07,2.217750407772811e-07,1.0080153573191653,0.9993961890943561,0.876218958554631,linear-baseline,scale_dependent_camb
4,0.28674463,0.32596586,100,119,109.80227272727272,1.949757924710175e-05,1.911997554199128e-05,1.8957507544243387e-05,4.060927903851043e-07,1.435754829361372e-07,0.9806333032257529,0.9723005765990851,-2.6300012884402526,linear-baseline,scale_dependent_camb
4,0.28674463,0.32596586,120,139,129.75576923076923,1.541962040553062e-05,1.5235597006368135e-05,1.5105539866231259e-05,3.8241947758938984e-07,1.3520570293063725e-07,0.9880656336328176,0.9796311108160155,-1.3610624047189115,linear-baseline,scale_dependent_camb
4,0.28674463,0.32596586,140,159,149.72166666666666,1.2314428109531389e-05,1.2432471317289403e-05,1.232664550111323e-05,1.8411762922656097e-07,6.509541208104586e-08,1.0095857644957664,1.0009921200946703,1.813387518171735,linear-baseline,scale_dependent_camb
4,0.28674463,0.32596586,160,179,169.6955882352941,1.0409363312090509e-05,1.0553548054018048e-05,1.0463353718261493e-05,2.0033384685484783e-07,7.082871080612509e-08,1.0138514467796573,1.0051867155129723,2.0356821448043516,linear-baseline,scale_dependent_camb
4,0.28674463,0.32596586,180,199,189.675,8.615561257059176e-06,8.958329784205035e-06,8.882303556406681e-06,1.5078473929400677e-07,5.3310455827118926e-08,1.039784816904994,1.0309605249604545,6.42966791087713,linear-baseline,scale_dependent_camb
4,0.28674463,0.32596586,200,219,209.65833333333333,7.284004255976861e-06,7.761641709823123e-06,7.695690570404107e-06,1.3104166760894188e-07,4.633022589213818e-08,1.0655734726478692,1.0565192303518272,10.309413447675691,linear-baseline,scale_dependent_camb
4,0.28674463,0.32596586,220,239,229.64456521739132,6.329138249543337e-06,6.715837848602957e-06,6.658518776037705e-06,1.4327736602479067e-07,5.065619855333826e-08,1.0610983018245053,1.0520419231667335,7.633806130407637,linear-baseline,scale_dependent_camb
4,0.28674463,0.32596586,240,259,249.633,5.44761031086315e-06,5.937529741856917e-06,5.886884489003865e-06,1.070985222857896e-07,3.7865045681670205e-08,1.089932906914581,1.0806361235613262,12.938567012766816,linear-baseline,scale_dependent_camb
4,0.28674463,0.32596586,260,279,269.6231481481482,4.777403409603011e-06,5.245592862158615e-06,5.200910645721592e-06,1.206045084331447e-07,4.264013287737338e-08,1.0980008201975369,1.088647995533995,10.980018610684128,linear-baseline,scale_dependent_camb
4,0.28674463,0.32596586,280,299,289.6146551724138,4.245542887769432e-06,4.706933928514721e-06,4.66700424325997e-06,5.626982555641628e-08,1.9894387613563023e-08,1.10867657045097,1.099271486976303,23.192020267602267,linear-baseline,scale_dependent_camb
4,0.28674463,0.32596586,300,319,309.60725806451615,3.772027305450071e-06,4.2328759401600055e-06,4.196917854284771e-06,3.408948253496613e-08,1.2052452133807462e-08,1.1221753177778089,1.1126424902123033,38.23691889364501,linear-baseline,scale_dependent_camb
4,0.28674463,0.32596586,320,339,329.6007575757576,3.3965034210878416e-06,3.839586464240973e-06,3.807081393801486e-06,3.394241069472375e-08,1.2000454386028978e-08,1.1304527003865696,1.1208825435489016,36.92218885219646,linear-baseline,scale_dependent_camb
4,0.28674463,0.32596586,340,359,349.595,3.083297763702902e-06,3.530591629241837e-06,3.500410778655885e-06,6.998622028286152e-08,2.4743865475813436e-08,1.145069954256301,1.1352814573614354,18.076959963113058,linear-baseline,scale_dependent_camb
4,0.28674463,0.32596586,360,379,369.58986486486486,2.8101708302601137e-06,3.2140426237574065e-06,3.1867644186056866e-06,4.6604420774568934e-08,1.6477150981484453e-08,1.1437178797631709,1.1340109235674882,24.51102098603865,linear-baseline,scale_dependent_camb
4,0.28674463,0.32596586,380,399,389.5852564102564,2.5850321897771294e-06,2.9671154066522286e-06,2.9418619960940926e-06,3.965305853421788e-08,1.401947329216628e-08,1.1478059802837661,1.1380368908859613,27.253749760242236,linear-baseline,scale_dependent_camb
4,0.28674463,0.32596586,400,419,409.5810975609756,2.3927281431782802e-06,2.749295567350225e-06,2.725916961372997e-06,3.689831853260633e-08,1.3045525624393597e-08,1.1490212856769901,1.1392505952440295,27.332545612819597,linear-baseline,scale_dependent_camb
4,0.28674463,0.32596586,420,439,429.57732558139537,2.225709148542385e-06,2.5459921717847184e-06,2.52436664891593e-06,2.0898297683488092e-08,7.388664003624773e-09,1.1439015620940796,1.134185322717991,43.347893893294774,linear-baseline,scale_dependent_camb
4,0.28674463,0.32596586,440,459,449.5738888888889,2.083810971018477e-06,2.368077736162276e-06,2.3479458289895837e-06,2.4154283985433704e-08,8.539829000402899e-09,1.1364167715293587,1.1267556710491877,33.287172978567526,linear-baseline,scale_dependent_camb
4,0.28674463,0.32596586,460,479,469.5707446808511,1.960697742629097e-06,2.2233216144729656e-06,2.204434473366081e-06,3.854655308719202e-08,1.362826453966036e-08,1.1339440884405347,1.1243112211728044,19.270529353139015,linear-baseline,scale_dependent_camb
4,0.28674463,0.32596586,480,499,489.5678571428571,1.852925691713589e-06,2.076436819624628e-06,2.0588041040366525e-06,3.399971719704416e-08,1.20207152942274e-08,1.120626061212598,1.1111099129575277,18.593829272237535,linear-baseline,scale_dependent_camb
4,0.28674463,0.32596586,500,519,509.56519607843137,1.7592182263772544e-06,1.9671575537895525e-06,1.9504195477740105e-06,2.2753860378265497e-08,8.044704485821716e-09,1.1181998482590225,1.1086853913459591,25.84797586770006,linear-baseline,scale_dependent_camb
4,0.28674463,0.32596586,520,539,529.5627358490566,1.6766032757864873e-06,1.8431448651249913e-06,1.8274932728695316e-06,3.2474836972845946e-08,1.148158872071349e-08,1.0993327352652225,1.08999743664002,14.505099720045953,linear-baseline,scale_dependent_camb
4,0.28674463,0.32596586,540,559,549.5604545454545,1.603307574974874e-06,1.7544875144752792e-06,1.7395595964625338e-06,1.8622507679445694e-08,6.584050731417303e-09,1.0942925374145847,1.0849818360583714,22.961539281435897,linear-baseline,scale_dependent_camb
4,0.28674463,0.32596586,560,579,569.5583333333333,1.5382119284577464e-06,1.6578873355614996e-06,1.6437976750477843e-06,2.0062954058392133e-08,7.09332543266162e-09,1.0778016376610362,1.0686418721872097,16.87155174816892,linear-baseline,scale_dependent_camb
4,0.28674463,0.32596586,580,599,589.5563559322034,1.4799519539655709e-06,1.583552418748939e-06,1.5700690195322827e-06,1.5959137826187557e-08,5.642407289393979e-09,1.07000258657436,1.0608918859326755,18.361039795568423,linear-baseline,scale_dependent_camb
4,0.28674463,0.32596586,600,619,609.5545081967213,1.42741673870562e-06,1.501781224268527e-06,1.4889999579444197e-06,1.914844056912394e-08,6.769996087787565e-09,1.0520972492100245,1.0431431253178685,10.984420758684573,linear-baseline,scale_dependent_camb
4,0.28674463,0.32596586,620,639,629.5527777777778,1.3797816123412983e-06,1.4243332221404e-06,1.4122209812473656e-06,1.6000986437204633e-08,5.657203007710685e-09,1.0322888849949985,1.0235105096458144,7.87520082598743,linear-baseline,scale_dependent_camb
4,0.28674463,0.32596586,640,659,649.5511538461539,1.3363607360422474e-06,1.3585722324900239e-06,1.347005132445949e-06,1.781368340748309e-08,6.2980881676707885e-09,1.0166208837544553,1.0079652118747713,3.526704589782038,linear-baseline,scale_dependent_camb
4,0.28674463,0.32596586,660,679,669.5496268656716,1.296580085585398e-06,1.313475828841491e-06,1.3023010909401142e-06,1.8753617312435717e-08,6.630404986700366e-09,1.0130310062941192,1.0044123810155028,2.54822190951885,linear-baseline,scale_dependent_camb
4,0.28674463,0.32596586,680,699,689.5481884057971,1.2599588163107388e-06,1.2629599160094498e-06,1.2522351105105435e-06,1.0387671961038962e-08,3.672596642196006e-09,1.002381903011321,0.9938698743957276,0.8171601706079292,linear-baseline,scale_dependent_camb
4,0.28674463,0.32596586,700,719,709.5468309859154,1.2260935576801224e-06,1.2056366263560645e-06,1.1954079895968051e-06,9.577001268065883e-09,3.385981270040775e-09,0.9833153586070836,0.9749728983639901,-6.04165519315218,linear-baseline,scale_dependent_camb
4,0.28674463,0.32596586,720,739,729.5455479452055,1.1946450375281303e-06,1.1704254523950456e-06,1.1604503195897973e-06,2.0206090779606317e-08,7.143931905765299e-09,0.9797265427200049,0.9713766710075772,-3.3902318012772445,linear-baseline,scale_dependent_camb
4,0.28674463,0.32596586,740,759,749.5443333333334,1.1653252671001506e-06,1.119288223517996e-06,1.1097460235237577e-06,1.7104746262255173e-08,6.047441036257942e-09,0.9604942543666668,0.9523058109649515,-7.61264860725977,linear-baseline,scale_dependent_camb
4,0.28674463,0.32596586,760,779,769.5431818181818,1.1378897312232254e-06,1.0856337671447662e-06,1.076401520964695e-06,9.284055398138064e-09,3.2824092644674987e-09,0.9540764252944929,0.9459629447640493,-15.920002616412503,linear-baseline,scale_dependent_camb
4,0.28674463,0.32596586,780,799,789.5420886075949,1.1121317316572528e-06,1.053499552269161e-06,1.0445362744599442e-06,1.5448863107492714e-08,5.461997932465388e-09,0.9472794654454104,0.9392199185823241,-10.734566382676547,linear-baseline,scale_dependent_camb
4,0.28674463,0.32596586,800,819,809.5410493827161,1.087875850299054e-06,1.0203137876639895e-06,1.0116495467960832e-06,1.2302080730535754e-08,4.349442353633094e-09,0.9378954293208257,0.9299310638415069,-15.533499962042212,linear-baseline,scale_dependent_camb
4,0.28674463,0.32596586,820,839,829.5400602409638,1.0649723665775523e-06,9.915764192703745e-07,9.831457942691568e-07,6.828770357216299e-09,2.4143349133766634e-09,0.9310818293407493,0.9231655441245322,-30.400068731362126,linear-baseline,scale_dependent_camb
4,0.28674463,0.32596586,840,859,849.5391176470588,1.043292696361779e-06,9.595285595414417e-07,9.513514063760134e-07,1.4064758661189977e-08,4.97264311253983e-09,0.9197117576760159,0.9118739254033046,-16.84499267785857,linear-baseline,scale_dependent_camb
4,0.28674463,0.32596586,860,879,869.5382183908046,1.0227257489499119e-06,9.379580794956146e-07,9.299626734815155e-07,1.2738559223557944e-08,4.503760804762132e-09,0.9171159330433082,0.9092981910706353,-18.821530078743674,linear-baseline,scale_dependent_camb
4,0.28674463,0.32596586,880,899,889.5373595505617,1.0031747790204671e-06,9.103192720252223e-07,9.025866516810903e-07,8.56374563512199e-09,3.0277413054757278e-09,0.9074383557709536,0.8997302070955229,-30.668243296517396,linear-baseline,scale_dependent_camb
4,0.28674463,0.32596586,900,919,909.5365384615385,9.845550507951764e-07,8.900329889903331e-07,8.824500470255009e-07,1.2012569929089571e-08,4.2470848281684195e-09,0.9039951481346803,0.8962932507560544,-22.2557508571371,linear-baseline,scale_dependent_camb
4,0.28674463,0.32596586,920,939,929.535752688172,9.667918963935707e-07,8.666248001207444e-07,8.592522871204269e-07,7.275008911483679e-09,2.5721040672513363e-09,0.896392288095835,0.8887665384098694,-38.94364055800794,linear-baseline,scale_dependent_camb
4,0.28674463,0.32596586,940,959,949.535,9.4981902786307e-07,8.491200157980693e-07,8.419022310059544e-07,9.75915799398835e-09,3.450383398110033e-09,0.8939808436018004,0.8863817277909142,-29.184876127145518,linear-baseline,scale_dependent_camb
4,0.28674463,0.32596586,960,979,969.5342783505155,9.335770798148476e-07,8.272990817193756e-07,8.202332852242502e-07,1.497629461752167e-08,5.294919740548582e-09,0.886160446316281,0.8785919266429758,-20.07169198082331,linear-baseline,scale_dependent_camb
4,0.28674463,0.32596586,980,999,989.5335858585859,9.180125310039405e-07,8.117895617328151e-07,8.048730858088483e-07,9.15727431504591e-09,3.2375853826771794e-09,0.8842902839736189,0.8767560993188593,-32.809318277588986,linear-baseline,scale_dependent_camb
4,0.28674463,0.32596586,1000,1019,1009.5329207920792,9.030768752847148e-07,7.95282197341131e-07,7.88517684038008e-07,6.639319987182252e-09,2.347354092701976e-09,0.8806362106109746,0.873145692928313,-45.92177987919337,linear-baseline,scale_dependent_camb
4,0.28674463,0.32596586,1020,1039,1029.532281553398,8.887259683169712e-07,7.79358117795337e-07,7.72726280254712e-07,7.473797328365646e-09,2.6423863860506248e-09,0.8769386127776259,0.8694764278330539,-41.389802452433194,linear-baseline,scale_dependent_camb
4,0.28674463,0.32596586,1040,1059,1049.5316666666668,8.749194777019832e-07,7.671175190605346e-07,7.605988293310936e-07,6.026131193436728e-09,2.1305591155994462e-09,0.8767864227636177,0.8693358059976466,-50.59796644559089,linear-baseline,scale_dependent_camb
4,0.28674463,0.32596586,1060,1079,1069.5310747663552,8.616204291416763e-07,7.51966473717157e-07,7.455707377543275e-07,6.712456355511129e-09,2.373211703700329e-09,0.8727351955503727,0.8653122796740619,-46.20487723600307,linear-baseline,scale_dependent_camb
4,0.28674463,0.32596586,1080,1099,1089.530504587156,8.487948305792637e-07,7.39507122834591e-07,7.332163340024521e-07,9.328080159057748e-09,3.297974367960711e-09,0.8712436694859594,0.8638322331700177,-33.13782811849153,linear-baseline,scale_dependent_camb
4,0.28674463,0.32596586,1100,1119,1109.529954954955,8.364114151625545e-07,7.31156152549854e-07,7.249416043734228e-07,6.189997792995238e-09,2.188494707478348e-09,0.8741585053663521,0.866728491782399,-48.094821638375734,linear-baseline,scale_dependent_camb
4,0.28674463,0.32596586,1120,1139,1129.529424778761,8.244413507891971e-07,7.15933958759441e-07,7.098339353106529e-07,8.744833433005634e-09,3.09176551041256e-09,0.8683867664741861,0.8609877884353615,-35.09560853315717,linear-baseline,scale_dependent_camb
4,0.28674463,0.32596586,1140,1159,1149.5289130434783,8.128580087946894e-07,7.050171975177183e-07,6.990137448277086e-07,9.184095359125573e-09,3.2470680537507966e-09,0.8673313049632395,0.859945694407576,-33.21174964362097,linear-baseline,scale_dependent_camb
4,0.28674463,0.32596586,1160,1179,1169.5284188034188,8.01636768479996e-07,6.943612363089594e-07,6.884458330298547e-07,7.999599849030365e-09,2.8282856500141264e-09,0.8661793765093329,0.8588002198741888,-37.9295253188096,linear-baseline,scale_dependent_camb
4,0.28674463,0.32596586,1180,1199,1189.5279411764707,7.907549018012042e-07,6.861846469219081e-07,6.803471446729901e-07,7.1918336821168026e-09,2.542697182895304e-09,0.8677589545874417,0.860376765446886,-41.12572097957204,linear-baseline,scale_dependent_camb
4,0.28674463,0.32596586,1200,1219,1209.527479338843,7.801914297558501e-07,6.743768962568626e-07,6.686374892143929e-07,8.408229164335388e-09,2.972757929936025e-09,0.864373627467171,0.8570172187403207,-35.59473592969764,linear-baseline,scale_dependent_camb
4,0.28674463,0.32596586,1220,1239,1229.5270325203253,7.699269535790754e-07,6.700615630895019e-07,6.643560200831631e-07,7.283811958670306e-09,2.5752164144317207e-09,0.8702923829002996,0.8628818837876032,-38.779416723938155,linear-baseline,scale_dependent_camb
4,0.28674463,0.32596586,1240,1259,1249.5266,7.599435512389018e-07,6.602990371464468e-07,6.546713879522813e-07,7.797055133162223e-09,2.7566752789721935e-09,0.8688790582800406,0.8614737066786079,-36.14662737121753,linear-baseline,scale_dependent_camb
4,0.28674463,0.32596586,1260,1279,1269.5261811023622,7.502246675524391e-07,6.508285970849581e-07,6.452958550405471e-07,4.259938542136194e-09,1.5061157152912189e-09,0.8675115938379441,0.860136813610494,-65.99497598912045,linear-baseline,scale_dependent_camb
4,0.28674463,0.32596586,1280,1299,1289.5257751937984,7.407549847472554e-07,6.420078438934617e-07,6.365523699568141e-07,6.0464828327242875e-09,2.137754506673694e-09,0.8666939232444233,0.8593291750497027,-46.19199283431396,linear-baseline,scale_dependent_camb
4,0.28674463,0.32596586,1300,1319,1309.5253816793893,7.315203559599189e-07,6.350112597875615e-07,6.295974834891563e-07,9.16465618685085e-09,3.2401952684827413e-09,0.8680705254664913,0.8606698068750023,-29.78496299624215,linear-baseline,scale_dependent_camb
4,0.28674463,0.32596586,1320,1339,1329.525,7.225076871277206e-07,6.277328491339706e-07,6.223987640858962e-07,6.1099237820490254e-09,2.1601842694099113e-09,0.8688251492928458,0.8614424111668617,-43.87349696775601,linear-baseline,scale_dependent_camb
4,0.28674463,0.32596586,1340,1359,1349.5246296296295,7.137048660312476e-07,6.204856649047684e-07,6.151963549855948e-07,9.384460337589007e-09,3.3179077712426916e-09,0.8693869054797816,0.8619758450107865,-28.095778289691513,linear-baseline,scale_dependent_camb
4,0.28674463,0.32596586,1360,1379,1369.5242700729927,7.051007032941067e-07,6.134993152840524e-07,6.082678417023238e-07,7.96360781196362e-09,2.81556054327482e-09,0.8700875100789026,0.8626680399843643,-32.533979149853906,linear-baseline,scale_dependent_camb
4,0.28674463,0.32596586,1380,1399,1389.5239208633093,6.966848462435576e-07,6.087602059076898e-07,6.035805768151058e-07,5.378524813506015e-09,1.901595684205107e-09,0.8737956756057677,0.8663609953188174,-46.23729484988892,linear-baseline,scale_dependent_camb
4,0.28674463,0.32596586,1400,1419,1409.5235815602837,6.88447718491665e-07,6.021522642709985e-07,5.970252891685e-07,5.835640012879851e-09,2.063210312835447e-09,0.8746521313052892,0.8672049788712142,-41.82581566397444,linear-baseline,scale_dependent_camb
4,0.28674463,0.32596586,1420,1439,1429.5232517482518,6.803804700253836e-07,5.965231787575642e-07,5.914377114463322e-07,7.337950192517965e-09,2.5943571705692923e-09,0.8767494145375881,0.86927496820164,-32.322955458526266,linear-baseline,scale_dependent_camb
4,0.28674463,0.32596586,1440,1459,1449.5229310344828,6.724749255901368e-07,5.918451235924677e-07,5.868025356657773e-07,7.180489163583372e-09,2.5386862899031614e-09,0.8800999131277473,0.8726013615315444,-31.760443312097742,linear-baseline,scale_dependent_camb
4,0.28674463,0.32596586,1460,1479,1469.522619047619,6.647235240960634e-07,5.842170551737398e-07,5.792420076037626e-07,5.9687996852984216e-09,2.1102893665093223e-09,0.8788872877158938,0.8714029015167705,-38.14949276624146,linear-baseline,scale_dependent_camb
4,0.28674463,0.32596586,1480,1499,1489.5223154362416,6.571192774506141e-07,5.783783397976746e-07,5.734504000378269e-07,7.095312025452621e-09,2.5085716239160024e-09,0.8801725343404534,0.8726732264842506,-31.38875402330394,linear-baseline,scale_dependent_camb
4,0.28674463,0.32596586,1500,1519,1509.5220198675497,6.496557283100702e-07,5.725530074768854e-07,5.676844662990641e-07,5.533686093769997e-09,1.956453480931231e-09,0.8813175694859956,0.8738235369304979,-39.409432212252504,linear-baseline,scale_dependent_camb
4,0.28674463,0.32596586,1520,1539,1529.5217320261438,6.423269056237228e-07,5.674401456575082e-07,5.626193159698146e-07,4.776531851488253e-09,1.6887590313704392e-09,0.8834133222342649,0.875908063392566,-44.3442543164039,linear-baseline,scale_dependent_camb
4,0.28674463,0.32596586,1540,1559,1549.5214516129033,6.351272874430821e-07,5.601287247123954e-07,5.553507723646595e-07,8.331889407695204e-09,2.9457677501388228e-09,0.881915697509048,0.8743928710737815,-25.45976773869981,linear-baseline,scale_dependent_camb
4,0.28674463,0.32596586,1560,1579,1569.521178343949,6.280517671011053e-07,5.568307038982007e-07,5.520867091488467e-07,7.1462122113008155e-09,2.5265675572044598e-09,0.8866000114423065,0.8790465023243387,-28.18886160388588,linear-baseline,scale_dependent_camb
4,0.28674463,0.32596586,1580,1599,1589.5209119496856,6.210956099546977e-07,5.551897810501733e-07,5.504647117346649e-07,4.978047926156051e-09,1.7600057228282866e-09,0.8938877882113326,0.886280152221355,-37.446371934868104,linear-baseline,scale_dependent_camb
4,0.28674463,0.32596586,1600,1619,1609.520652173913,6.142544330306429e-07,5.481596012249478e-07,5.434876172548866e-07,6.701706147144593e-09,2.369410931082756e-09,0.8923982827773945,0.8847923401600815,-27.89504806390487,linear-baseline,scale_dependent_camb
4,0.28674463,0.32596586,1620,1639,1629.520398773006,6.075241720243127e-07,5.42749060886547e-07,5.381260091002702e-07,5.838433695747286e-09,2.064198028885471e-09,0.893378545051252,0.8857688860464547,-31.380279523249005,linear-baseline,scale_dependent_camb
4,0.28674463,0.32596586,1640,1659,1649.5201515151516,6.009010423900323e-07,5.372993235816082e-07,5.327266787570611e-07,5.774109459097507e-09,2.0414559769206175e-09,0.8941560850760821,0.8865464380593957,-31.155077321021896,linear-baseline,scale_dependent_camb
4,0.28674463,0.32596586,1660,1679,1669.5199101796406,5.943815290189184e-07,5.333144995144781e-07,5.287703621207571e-07,6.747320603393296e-09,2.3855380767495534e-09,0.8972595437054764,0.8896143912707742,-25.598849207071964,linear-baseline,scale_dependent_camb
4,0.28674463,0.32596586,1680,1699,1689.519674556213,5.879623609577219e-07,5.285844391858181e-07,5.240808156001744e-07,6.287171992317206e-09,2.2228509751268162e-09,0.8990106753174061,0.8913509612188577,-26.712506792551068,linear-baseline,scale_dependent_camb
4,0.28674463,0.32596586,1700,1719,1709.5194444444444,5.816404802589281e-07,5.25440297839354e-07,5.209673990978002e-07,5.192825834520092e-09,1.8359411805549247e-09,0.9033764252540409,0.8956862817833482,-30.61110182330962,linear-baseline,scale_dependent_camb
4,0.28674463,0.32596586,1720,1739,1729.519219653179,5.754130369652359e-07,5.188446851321453e-07,5.144221216752305e-07,7.606249876506809e-09,2.689215433538652e-09,0.901690875598795,0.8940049818619418,-21.03526222837941,linear-baseline,scale_dependent_camb
4,0.28674463,0.32596586,1740,1759,1749.519,5.69277363263067e-07,5.156703940730279e-07,5.112770567932128e-07,5.856325810637118e-09,2.0705238467696554e-09,0.9058333026228781,0.8981159093742994,-25.89053454934821,linear-baseline,scale_dependent_camb
4,0.28674463,0.32596586,1760,1779,1769.5187853107345,5.632309641286646e-07,5.10598550918192e-07,5.062450904030129e-07,7.225557832146672e-09,2.554620470483241e-09,0.9065526994029945,0.8988232583877724,-20.602830760420705,linear-baseline,scale_dependent_camb
4,0.28674463,0.32596586,1780,1799,1789.5185754189945,5.572715009331513e-07,5.066960363384993e-07,5.02379070877452e-07,5.9215573658591074e-09,2.093586684292062e-09,0.9092444804552837,0.9014978695953733,-24.1573300853095,linear-baseline,scale_dependent_camb
4,0.28674463,0.32596586,1800,1819,1809.5183701657459,5.513967807758164e-07,5.036059834834282e-07,4.993110853530542e-07,6.5191518735892744e-09,2.304868248699981e-09,0.9133277542441461,0.9055386298239219,-20.734719791182748,linear-baseline,scale_dependent_camb
4,0.28674463,0.32596586,1820,1839,1829.518169398907,5.456047443420668e-07,4.985746773475927e-07,4.943271932698092e-07,5.722997836068209e-09,2.023385289299884e-09,0.9138019464050177,0.9060170359513787,-23.243258336995762,linear-baseline,scale_dependent_camb
4,0.28674463,0.32596586,1840,1859,1849.517972972973,5.39893459967145e-07,4.938827656360548e-07,4.896751906878434e-07,5.7609998776023654e-09,2.036821039933751e-09,0.9147781965466111,0.906984853488765,-22.589463398604067,linear-baseline,scale_dependent_camb
4,0.28674463,0.32596586,1860,1879,1869.5177807486632,5.342611096068173e-07,4.901659752508337e-07,4.859825102575967e-07,7.4940528476687e-09,2.649547793578447e-09,0.9174651990139524,0.9096348237199022,-16.642513285797083,linear-baseline,scale_dependent_camb
4,0.28674463,0.32596586,1880,1899,1889.5175925925926,5.287059761547574e-07,4.85255029822341e-07,4.811220383115651e-07,4.695121913132124e-09,1.6599762716366406e-09,0.9178164267246758,0.9099992434561324,-26.17564303469,linear-baseline,scale_dependent_camb
4,0.28674463,0.32596586,1900,1919,1909.5174083769634,5.232264392178484e-07,4.819752111009859e-07,4.778710032814055e-07,5.4134220368610325e-09,1.913933715844564e-09,0.9211598936427459,0.913315856124849,-21.553112197858713,linear-baseline,scale_dependent_camb
4,0.28674463,0.32596586,1920,1939,1929.5172279792746,5.17820964597752e-07,4.777704908181482e-07,4.7370040981020286e-07,5.234707298972538e-09,1.8507485143150987e-09,0.9226557506980905,0.9147957348118912,-21.640149090934248,linear-baseline,scale_dependent_camb
4,0.28674463,0.32596586,1940,1959,1949.5170512820512,5.124880930790183e-07,4.727416858024566e-07,4.687140651758733e-07,6.04701462552329e-09,2.1379425238208744e-09,0.922444232727894,0.9145852781863643,-18.590961559400572,linear-baseline,scale_dependent_camb
4,0.28674463,0.32596586,1960,1979,1969.5168781725888,5.072264303568731e-07,4.7019836633187605e-07,4.661927857007853e-07,6.016187588255329e-09,2.127043520272842e-09,0.9269989460152047,0.9191019193790484,-17.408230566080466,linear-baseline,scale_dependent_camb
4,0.28674463,0.32596586,1980,1999,1989.5167085427136,5.020346411201797e-07,4.656751459802767e-07,4.617107808492565e-07,5.653901160995806e-09,1.998955925549314e-09,0.9275757245381021,0.9196791277571018,-18.189243031914952,linear-baseline,scale_dependent_camb
4,0.28674463,0.32596586,2000,2019,2009.5165422885573,4.969114435403262e-07,4.609724893835714e-07,4.5704966667310996e-07,4.12190681511536e-09,1.4573141301935578e-09,0.9276753340581133,0.9197809239746734,-24.661089474224365,linear-baseline,scale_dependent_camb
4,0.28674463,0.32596586,2020,2039,2029.5163793103447,4.918556000191135e-07,4.588593143746289e-07,4.549537731419901e-07,4.396113468891365e-09,1.5542608223593004e-09,0.932914689508054,0.9249742670904034,-21.229567888353316,linear-baseline,scale_dependent_camb
4,0.28674463,0.32596586,2040,2059,2049.516219512195,4.868659062005009e-07,4.525143608406752e-07,4.486615174113645e-07,4.49896700079642e-09,1.590625037298826e-09,0.9294435183849594,0.9215299566008159,-21.596255908407528,linear-baseline,scale_dependent_camb
4,0.28674463,0.32596586,2060,2079,2069.5160628019325,4.819411930481769e-07,4.5134756221584874e-07,4.475076972329438e-07,4.355150111517779e-09,1.5397780884697851e-09,0.9365199919126441,0.9285524949684244,-19.868857117412166,linear-baseline,scale_dependent_camb
4,0.28674463,0.32596586,2080,2099,2089.515909090909,4.770803221255329e-07,4.4803973584370614e-07,4.442298063687676e-07,3.4173016263033205e-09,1.2081985766594475e-09,0.9391285179140435,0.9311425891338243,-24.036269238225007,linear-baseline,scale_dependent_camb
4,0.28674463,0.32596586,2100,2119,2109.5157582938386,4.7228218136808956e-07,4.436330709558602e-07,4.3985534958384116e-07,4.484922282907367e-09,1.5856594796692252e-09,0.9393389978651329,0.9313401329469693,-18.067631026433045,linear-baseline,scale_dependent_camb
4,0.28674463,0.32596586,2120,2139,2129.5156103286386,4.6754567594952897e-07,4.3840139148012466e-07,4.3467110901677455e-07,3.6570596100576383e-09,1.2929658247375935e-09,0.9376653748102455,0.9296869404984013,-22.54064563177385,linear-baseline,scale_dependent_camb
4,0.28674463,0.32596586,2140,2159,2149.515465116279,4.6286973474058494e-07,4.35244332394855e-07,4.315392662477615e-07,4.161609714493913e-09,1.471351224885229e-09,0.9403171124134686,0.9323125576348547,-18.775532230847748,linear-baseline,scale_dependent_camb
4,0.28674463,0.32596586,2160,2179,2169.5153225806453,4.582533117266606e-07,4.311592960923259e-07,4.2748550509540574e-07,5.037836309928386e-09,1.7811441086290875e-09,0.9408754613638325,0.9328585176715378,-15.21157973859197,linear-baseline,scale_dependent_camb
4,0.28674463,0.32596586,2180,2199,2189.5151826484016,4.5369537364772227e-07,4.269664366109139e-07,4.2332956563902397e-07,4.934057504373063e-09,1.744452760053283e-09,0.9410861591514433,0.9330700514652455,-15.322247554580937,linear-baseline,scale_dependent_camb
4,0.28674463,0.32596586,2200,2219,2209.515045248869,4.491949105972034e-07,4.243036540365285e-07,4.2069022170257883e-07,4.735457371046744e-09,1.6742370095434866e-09,0.944586957747179,0.936542716263798,-14.867223946663339,linear-baseline,scale_dependent_camb
4,0.28674463,0.32596586,2220,2239,2229.5149103139015,4.447509297751865e-07,4.209739446754603e-07,4.1738868185023445e-07,4.145464778202517e-09,1.4656431279184935e-09,0.9465386500445429,0.9384773676835636,-16.222902183217194,linear-baseline,scale_dependent_camb
4,0.28674463,0.32596586,2240,2259,2249.514777777778,4.403624598287437e-07,4.1793926527746023e-07,4.143811563226802e-07,4.67777907988482e-09,1.6538446541395625e-09,0.9490801405732818,0.9410001853560188,-13.558222953503128,linear-baseline,scale_dependent_camb
4,0.28674463,0.32596586,2260,2279,2269.5146475770925,4.3602854959396645e-07,4.1397748734840736e-07,4.104544512999792e-07,3.441228380769088e-09,1.2166579618267124e-09,0.9494274806865439,0.9413476518503155,-18.12429042296425,linear-baseline,scale_dependent_camb
4,0.28674463,0.32596586,2280,2299,2289.514519650655,4.3174826493676517e-07,4.098618014013191e-07,4.063715537103814e-07,4.565319051837715e-09,1.6140840299172938e-09,0.9493073503407092,0.9412233625765688,-13.559680369656808,linear-baseline,scale_dependent_camb
4,0.28674463,0.32596586,2300,2319,2309.514393939394,4.2752069385878546e-07,4.0688736915388016e-07,4.034225199842873e-07,4.445732395297252e-09,1.5718037620276998e-09,0.9517372492108634,0.9436327311855036,-13.127163328765262,linear-baseline,scale_dependent_camb
4,0.28674463,0.32596586,2320,2339,2329.514270386266,4.233449450632043e-07,4.0351506624441194e-07,4.0007994424955833e-07,4.051004166329473e-09,1.4322462583132635e-09,0.9531590513834249,0.9450448125460136,-13.8452997895388,linear-baseline,scale_dependent_camb
4,0.28674463,0.32596586,2340,2359,2349.5141489361704,4.19220145028518e-07,3.999355073225779e-07,3.9653013590436604e-07,3.816450484042571e-09,1.3493190086645915e-09,0.9539987809874255,0.945875670830159,-14.292126311201928,linear-baseline,scale_dependent_camb
4,0.28674463,0.32596586,2360,2379,2369.514029535865,4.1514544210984847e-07,3.9748642313272523e-07,3.9410455884714325e-07,3.6229269201256884e-09,1.2808980964820838e-09,0.9574630546649465,0.9493168390437543,-13.786435490553664,linear-baseline,scale_dependent_camb
4,0.28674463,0.32596586,2380,2399,2389.513912133891,4.1111999884376746e-07,3.9351653574664607e-07,3.9016824947953204e-07,3.518639974412441e-09,1.2440270932305485e-09,0.9571816911202828,0.9490373870812414,-14.150385624968896,linear-baseline,scale_dependent_camb
4,0.28674463,0.32596586,2400,2419,2409.5137966804978,4.0714300265394434e-07,3.9040075988190355e-07,3.8708032077016083e-07,3.0025612146481047e-09,1.0615656979026957e-09,0.9588787166599765,0.9507232550897209,-15.771273323090552,linear-baseline,scale_dependent_camb
4,0.28674463,0.32596586,2420,2439,2429.513683127572,4.032136555744594e-07,3.871346570230053e-07,3.838391329592636e-07,3.6176568435210697e-09,1.2790348430298345e-09,0.9601228819283258,0.9519497359592327,-12.571196663701059,linear-baseline,scale_dependent_camb
4,0.28674463,0.32596586,2440,2459,2449.5135714285716,3.993311738807352e-07,3.833765997037923e-07,3.801105474888691e-07,4.285138213577124e-09,1.5150251445709963e-09,0.9600467601317099,0.9518679540966501,-10.53089728188023,linear-baseline,scale_dependent_camb
4,0.28674463,0.32596586,2460,2479,2469.5134615384613,3.9549479483300807e-07,3.804313189464837e-07,3.771923520516314e-07,4.0051656633462465e-09,1.4160399001638237e-09,0.9619123283458517,0.9537226708910174,-10.637748191122046,linear-baseline,scale_dependent_camb
4,0.28674463,0.32596586,2480,2499,2489.513353413655,3.9170377010777484e-07,3.770175245467782e-07,3.738108314905636e-07,2.9189563240550207e-09,1.0320069053633312e-09,0.9625067546402327,0.9543202287476372,-14.230762880240789,linear-baseline,scale_dependent_camb
4,0.28674463,0.32596586,2500,2519,2509.513247011952,3.8795736507097216e-07,3.7326550602845036e-07,3.700858290108258e-07,3.904752193065884e-09,1.3805383772849648e-09,0.9621302226345565,0.9539342781728684,-10.642122873407935,linear-baseline,scale_dependent_camb
4,0.28674463,0.32596586,2520,2539,2529.51314229249,3.8425486072489055e-07,3.6991593501256276e-07,3.6676758518617416e-07,3.351161227579066e-09,1.184814414435296e-09,0.9626838143692505,0.9544904246475193,-12.102254612729352,linear-baseline,scale_dependent_camb
4,0.28674463,0.32596586,2540,2559,2549.513039215686,3.8059555213751486e-07,3.6769287150941627e-07,3.6456305632867335e-07,3.6606155485081044e-09,1.2942230388334969e-09,0.966098708837678,0.9578752412664856,-9.96944131030767,linear-baseline,scale_dependent_camb
4,0.28674463,0.32596586,2560,2579,2569.512937743191,3.7697874883834106e-07,3.647784785521389e-07,3.6167531116282343e-07,2.798262705379303e-09,9.893352672575596e-10,0.9676367160647722,0.9594050388180365,-12.331785482611307,linear-baseline,scale_dependent_camb
4,0.28674463,0.32596586,2580,2599,2589.5128378378377,3.7340377297491535e-07,3.619029105468636e-07,3.588223873045564e-07,3.6033324936470426e-09,1.273970420563828e-09,0.9691999297799694,0.9609500847991205,-9.027574143331973,linear-baseline,scale_dependent_camb
4,0.28674463,0.32596586,2600,2619,2609.5127394636015,3.6986995909014635e-07,3.581213811355739e-07,3.5507609927174025e-07,2.6385376791337664e-09,9.328639426658505e-10,0.9682359227457317,0.9600025375004828,-12.59409589891372,linear-baseline,scale_dependent_camb
4,0.28674463,0.32596586,2620,2639,2629.5126425855515,3.6637665561325076e-07,3.550662969989175e-07,3.520498151267236e-07,1.8769770361781327e-09,6.636115952064926e-10,0.9691291504492783,0.9608958696821266,-17.04364223897241,linear-baseline,scale_dependent_camb
4,0.28674463,0.32596586,2640,2659,2649.512547169811,3.629232244637733e-07,3.5235894582072156e-07,3.493647543373419e-07,2.9120661886426814e-09,1.0295708746266519e-09,0.9708911474082137,0.9626409410793031,-10.260856152212572,linear-baseline,scale_dependent_camb
4,0.28674463,0.32596586,2660,2679,2669.5124531835204,3.595090389491582e-07,3.490589226807703e-07,3.460901097684923e-07,2.6163201140442426e-09,9.250088471977225e-10,0.9709322572279866,0.9626742926411829,-11.297314939252846,linear-baseline,scale_dependent_camb
4,0.28674463,0.32596586,2680,2699,2689.5123605947956,3.561334844966368e-07,3.465245982933784e-07,3.4357317647005816e-07,4.308223501058582e-09,1.5231870262328859e-09,0.9730188633713011,0.9647314600469779,-6.308408644355965,linear-baseline,scale_dependent_camb
4,0.28674463,0.32596586,2700,2719,2709.512269372694,3.527959588881885e-07,3.4331186176205103e-07,3.403920480032479e-07,2.2247617305947616e-09,7.865720531139374e-10,0.9731173306065468,0.9648411197111479,-12.057505842714816,linear-baseline,scale_dependent_camb
4,0.28674463,0.32596586,2720,2739,2729.5121794871793,3.494958728505894e-07,3.401058686561823e-07,3.372139171711004e-07,2.2951512603086667e-09,8.114585100065546e-10,0.9731327179407885,0.9648580809286421,-11.571761314489459,linear-baseline,scale_dependent_camb
4,0.28674463,0.32596586,2740,2759,2749.512090909091,3.4623264858020266e-07,3.3864552395739773e-07,3.3576312474079383e-07,3.6264733879849452e-09,1.282151962218354e-09,0.9780866285894254,0.9697615927257547,-5.917492501963524,linear-baseline,scale_dependent_camb
4,0.28674463,0.32596586,2760,2779,2769.5120036101084,3.43005719579682e-07,3.343219704279534e-07,3.3147939619933696e-07,2.4159189487013804e-09,8.541563357119104e-10,0.9746833692383624,0.9663961190079589,-10.16646343141741,linear-baseline,scale_dependent_camb
4,0.28674463,0.32596586,2780,2799,2789.511917562724,3.398145315221899e-07,3.3148833185114163e-07,3.286676295474844e-07,2.8748795229109737e-09,1.016423402872348e-09,0.9754978116040204,0.9671971003571471,-8.19166466210728,linear-baseline,scale_dependent_camb
4,0.28674463,0.32596586,2800,2819,2809.5118327402133,3.366585426785101e-07,3.280966620985152e-07,3.2530354070172546e-07,3.1593894049413636e-09,1.1170128363214847e-09,0.9745680578550743,0.9662714574641642,-7.664979579098308,linear-baseline,scale_dependent_camb
4,0.28674463,0.32596586,2820,2839,2829.511749116608,3.33537222497317e-07,3.252621631499123e-07,3.2249754854795184e-07,1.969936213922427e-09,6.964776276847507e-10,0.9751899974298333,0.9669012235974532,-11.881299583035997,linear-baseline,scale_dependent_camb
4,0.28674463,0.32596586,2840,2859,2849.5116666666668,3.304500518204114e-07,3.2282077406373153e-07,3.200704840303405e-07,3.3840834931307225e-09,1.1964541930470966e-09,0.9769124631252104,0.9685896015664363,-6.376573211925355,linear-baseline,scale_dependent_camb
4,0.28674463,0.32596586,2860,2879,2869.5115853658535,3.2739652356064144e-07,3.207981309580398e-07,3.1806956374419403e-07,2.4929818890449473e-09,8.814021995594657e-10,0.9798458684568792,0.9715117322718919,-7.486244765329142,linear-baseline,scale_dependent_camb
4,0.28674463,0.32596586,2880,2899,2889.5115051903113,3.2437614325427906e-07,3.17401307961432e-07,3.1470390943351265e-07,1.866875490664167e-09,6.600401595397978e-10,0.978497693378827,0.9701820432176964,-10.567289265717031,linear-baseline,scale_dependent_camb
4,0.28674463,0.32596586,2900,2919,2909.5114261168383,3.21388427954244e-07,3.146040975252709e-07,3.1192719710630275e-07,2.9360764141576132e-09,1.0380597712663652e-09,0.9788905578456641,0.9705613829714858,-6.535587464965158,linear-baseline,scale_dependent_camb
4,0.28674463,0.32596586,2920,2939,2929.511348122867,3.184329062841613e-07,3.118365387493485e-07,3.091806339690433e-07,3.114920975356579e-09,1.101290872267426e-09,0.9792849061619078,0.9709443586622876,-5.98966876137971,linear-baseline,scale_dependent_camb
4,0.28674463,0.32596586,2940,2959,2949.511271186441,3.155091192221099e-07,3.102948419712293e-07,3.07652761223628e-07,2.862073370526553e-09,1.011895744276382e-09,0.9834734499473852,0.9750994265463648,-5.1529787336040185,linear-baseline,scale_dependent_camb
4,0.28674463,0.32596586,2960,2979,2969.5111952861953,3.1261662044583904e-07,3.0711607898294174e-07,3.0450454968065603e-07,2.363146852073695e-09,8.354985820204764e-10,0.9824048335784172,0.9740510573186609,-6.583543744138273,linear-baseline,scale_dependent_camb
4,0.28674463,0.32596586,2980,2999,2989.511120401338,3.0975497547909674e-07,3.0526536110986154e-07,3.0266904679851186e-07,2.171665471072651e-09,7.677996905320749e-10,0.9855059168547943,0.9771240843843586,-5.847377153960504,linear-baseline,scale_dependent_camb
4,0.28674463,0.32596586,3000,3019,3009.5110465116277,3.069237617802243e-07,3.0191723318188006e-07,2.993489354934493e-07,2.53329764659949e-09,8.956559723372105e-10,0.9836880384584585,0.9753201699248069,-5.58978977751886,linear-baseline,scale_dependent_camb
4,0.28674463,0.32596586,3020,3039,3029.5109735973597,3.0412256899928177e-07,2.9898996617664405e-07,2.9644505510329206e-07,2.6922953140204492e-09,9.518701367503125e-10,0.9831232425810206,0.9747551984673395,-5.392125064623248,linear-baseline,scale_dependent_camb
4,0.28674463,0.32596586,3040,3059,3049.5109016393444,3.013509997570691e-07,2.969143159227826e-07,2.9438970124982914e-07,2.2700480481313215e-09,8.025831842264717e-10,0.9852773548524375,0.9768996999749404,-5.528004973792952,linear-baseline,scale_dependent_camb
4,0.28674463,0.32596586,3060,3079,3069.5108306188927,2.9860866856873126e-07,2.946513480474854e-07,2.9214467705644923e-07,2.5752667233503543e-09,9.104942817225481e-10,0.9867474693878988,0.978352967637327,-4.346343080550807,linear-baseline,scale_dependent_camb
4,0.28674463,0.32596586,3080,3099,3089.5107605177996,2.9589520152270605e-07,2.907453799995499e-07,2.882745879911765e-07,1.6682832467289382e-09,5.898271983509711e-10,0.9825957923729258,0.974245565685712,-8.731068247706991,linear-baseline,scale_dependent_camb
4,0.28674463,0.32596586,3100,3119,3109.510691318328,2.932102365600737e-07,2.8919818825733773e-07,2.867360594388508e-07,2.926607133032301e-09,1.0347118748180302e-09,0.9863168204841511,0.9779196756662469,-3.877454584583339,linear-baseline,scale_dependent_camb
4,0.28674463,0.32596586,3120,3139,3129.5106230031947,2.905534236712587e-07,2.8722182499971937e-07,2.847777026308756e-07,2.3868219482515305e-09,8.438689925467719e-10,0.9885336106887221,0.9801216555378887,-3.9480046084933607,linear-baseline,scale_dependent_camb
4,0.28674463,0.32596586,3140,3159,3149.5105555555556,2.879244241540794e-07,2.844407248627339e-07,2.820205337683774e-07,2.1928063237717216e-09,7.752741106838642e-10,0.9879006468395984,0.9794949997623593,-4.493506546055697,linear-baseline,scale_dependent_camb
4,0.28674463,0.32596586,3160,3179,3169.5104889589907,2.853229098709442e-07,2.8173820977390224e-07,2.7934128090318376e-07,2.082446040437814e-09,7.362558583243267e-10,0.9874363397644326,0.9790355812280689,-4.868823869463687,linear-baseline,scale_dependent_camb
4,0.28674463,0.32596586,3180,3199,3189.510423197492,2.827485641585262e-07,2.790933349123299e-07,2.7671917159752813e-07,2.0859619849295376e-09,7.374989324205134e-10,0.9870725099627846,0.9786757800912559,-4.956250220186249,linear-baseline,scale_dependent_camb
4,0.28674463,0.32596586,3200,3219,3209.5103582554516,2.802010803342995e-07,2.77463409880633e-07,2.751020091738571e-07,2.455939939739991e-09,8.683058927885142e-10,0.9902296220614131,0.9818021002832722,-3.152887106264572,linear-baseline,scale_dependent_camb
4,0.28674463,0.32596586,3220,3239,3229.510294117647,2.7768016122712626e-07,2.752022876750597e-07,2.7286016657778943e-07,2.5653154854880635e-09,9.06975987835735e-10,0.9910765193267091,0.982641919292915,-2.7320167074978055,linear-baseline,scale_dependent_camb
4,0.28674463,0.32596586,3240,3259,3249.510230769231,2.751855188504542e-07,2.7255635235020244e-07,2.702376323613159e-07,2.1480890180640516e-09,7.594641556327215e-10,0.9904458399147067,0.9820198151784755,-3.46187042634203,linear-baseline,scale_dependent_camb
4,0.28674463,0.32596586,3260,3279,3269.5101681957185,2.7271687489479185e-07,2.695463624468051e-07,2.672548322152585e-07,1.9561096127679816e-09,6.915891859662156e-10,0.9883743444581129,0.979971746590157,-4.58438696313227,linear-baseline,scale_dependent_camb
4,0.28674463,0.32596586,3280,3299,3289.510106382979,2.702739589171882e-07,2.679981837645617e-07,2.657187185642942e-07,2.0757836456781562e-09,7.33900346067579e-10,0.991579746854843,0.9831458407197501,-3.1009321154032485,linear-baseline,scale_dependent_camb
4,0.28674463,0.32596586,3300,3319,3309.5100453172204,2.6785650776460224e-07,2.656925215260963e-07,2.6343107611692645e-07,2.3050549025636465e-09,8.149599763050254e-10,0.9919210988877385,0.9834783493423093,-2.6553282387158292,linear-baseline,scale_dependent_camb
4,0.28674463,0.32596586,3320,3339,3329.509984984985,2.654642657053428e-07,2.642957348963216e-07,2.620465195213204e-07,2.4012143084360664e-09,8.489574602886543e-10,0.9955981615607796,0.9871254001929737,-1.376430343899545,linear-baseline,scale_dependent_camb
4,0.28674463,0.32596586,3340,3359,3349.509925373134,2.6309698425377704e-07,2.614806456014754e-07,2.592580028925202e-07,1.6533697704563891e-09,5.845544882492791e-10,0.9938564911457041,0.985408493479523,-2.765077823869813,linear-baseline,scale_dependent_camb
4,0.28674463,0.32596586,3360,3379,3369.5098664688426,2.607544200874104e-07,2.5909310428964944e-07,2.5689054083800217e-07,1.5456776298010155e-09,5.46479566780324e-10,0.9936288105980943,0.9851819223309312,-3.0400327821017914,linear-baseline,scale_dependent_camb
4,0.28674463,0.32596586,3380,3399,3389.509808259587,2.5843633626740997e-07,2.576044704424805e-07,2.554155990920018e-07,1.2652550466452438e-09,4.4733521170667667e-10,0.9967811576462347,0.9883114842942111,-1.8596028283929475,linear-baseline,scale_dependent_camb
4,0.28674463,0.32596586,3400,3419,3409.509750733138,2.561425017492348e-07,2.546704282542191e-07,2.5250210515499594e-07,2.4343826107165595e-09,8.606842260201453e-10,0.9942529120120139,0.985787612093354,-1.7103525898489766,linear-baseline,scale_dependent_camb
4,0.28674463,0.32596586,3420,3439,3429.509693877551,2.538726889295208e-07,2.529781535227199e-07,2.5082694724167144e-07,1.9601251333043044e-09,6.930088868668295e-10,0.9964764409650648,0.9880028777388696,-1.2907993299266305,linear-baseline,scale_dependent_camb
4,0.28674463,0.32596586,3440,3459,3449.5096376811593,2.516266765349716e-07,2.5085995415852735e-07,2.4872800020765434e-07,1.8098702722220876e-09,6.398857712780904e-10,0.9969529368388026,0.988480250316725,-1.1982175739160787,linear-baseline,scale_dependent_camb
4,0.28674463,0.32596586,3460,3479,3469.509582132565,2.4940424835890835e-07,2.479567559654541e-07,2.4584822708636557e-07,1.6864985742817412e-09,5.962672891680317e-10,0.9941961999325241,0.9857419378541401,-2.427589807037552,linear-baseline,scale_dependent_camb
4,0.28674463,0.32596586,3480,3499,3489.5095272206304,2.4720519069838065e-07,2.47170876426282e-07,2.450696861747361e-07,1.4848019708516037e-09,5.249567711541597e-10,0.9998611911343701,0.9913614090480402,-0.0653659005544604,linear-baseline,scale_dependent_camb
4,0.28674463,0.32596586,3500,3519,3509.509472934473,2.4502929626168104e-07,2.44770720781106e-07,2.4268880390643734e-07,1.945391532956385e-09,6.877997725081763e-10,0.9989447160624463,0.9904481121606612,-0.37594586522194645,linear-baseline,scale_dependent_camb
4,0.28674463,0.32596586,3520,3539,3529.509419263456,2.4287636186746084e-07,2.4328273315631443e-07,2.412143578116285e-07,1.5917302060177912e-09,5.627616112473202e-10,1.0016731611332161,0.9931569954232957,0.7221020068389195,linear-baseline,scale_dependent_camb
4,0.28674463,0.32596586,3540,3559,3549.509366197183,2.407461880116445e-07,2.412975429199635e-07,2.3924581343074996e-07,1.8125714743163542e-09,6.40840790437196e-10,1.0022901916448717,0.9937678158342346,0.8603617568457841,linear-baseline,scale_dependent_camb
4,0.28674463,0.32596586,3560,3579,3569.5093137254903,2.3863858131173254e-07,2.3920522641270593e-07,2.3716909175400452e-07,2.2053947607247695e-09,7.797247952508839e-10,1.0023744907376615,0.9938421962213712,0.7267244859015439,linear-baseline,scale_dependent_camb
4,0.28674463,0.32596586,3580,3599,3589.50926183844,2.365533505339306e-07,2.3691115618251652e-07,2.3489659861281887e-07,1.5189414050647187e-09,5.370268838731425e-10,1.0015125790768904,0.9929962863879449,0.6662713903731686,linear-baseline,scale_dependent_camb
4,0.28674463,0.32596586,3600,3619,3609.5092105263157,2.3449031162704319e-07,2.3542441660801788e-07,2.3342274257816121e-07,1.4347956391653138e-09,5.072768630353401e-10,1.003983554691421,0.9954472786467189,1.8414105768305504,linear-baseline,scale_dependent_camb
4,0.28674463,0.32596586,3620,3639,3629.5091597796145,2.3244928346968285e-07,2.3369129686554248e-07,2.317033484225082e-07,1.9344440988120105e-09,6.839292700481362e-10,1.0053431586336623,0.9967909772142965,1.8159968439020233,linear-baseline,scale_dependent_camb
4,0.28674463,0.32596586,3640,3659,3649.509109589041,2.3043008948723737e-07,2.3162815706414266e-07,2.2965700474638975e-07,1.928895573632144e-09,6.819675701580023e-10,1.0051992670730254,0.9966450356263459,1.7567808636819944,linear-baseline,scale_dependent_camb
4,0.28674463,0.32596586,3660,3679,3669.5090599455043,2.2843255847380024e-07,2.2967511231833616e-07,2.277241687432212e-07,1.250568124918756e-09,4.4214260073289886e-10,1.0054394778609392,0.996898910841292,2.810301116599608,linear-baseline,scale_dependent_camb
4,0.28674463,0.32596586,3680,3699,3689.509010840108,2.264565223153692e-07,2.284114897655454e-07,2.2646877623977014e-07,1.5432201644300171e-09,5.456107215661419e-10,1.0086328599864909,1.0000541115984458,3.5830810739286663,linear-baseline,scale_dependent_camb
4,0.28674463,0.32596586,3700,3719,3709.508962264151,2.2450181895933685e-07,2.2591922726526592e-07,2.239983022518016e-07,1.6241513778187822e-09,5.742242264645676e-10,1.0063135715893055,0.997757182058171,2.468388202037195,linear-baseline,scale_dependent_camb
4,0.28674463,0.32596586,3720,3739,3729.508914209115,2.225682880313096e-07,2.2439877091797475e-07,2.22487611159194e-07,2.4171109301785494e-09,8.545777648046879e-10,1.0082243652177783,0.9996375185664176,2.1419734540875957,linear-baseline,scale_dependent_camb
4,0.28674463,0.32596586,3740,3759,3749.5088666666666,2.206557753456741e-07,2.2217096047770027e-07,2.2028162830748666e-07,1.6978247611500523e-09,6.002717009378162e-10,1.0068667367969522,0.9983043859259911,2.524165523143862,linear-baseline,scale_dependent_camb
4,0.28674463,0.32596586,3760,3779,3769.5088196286474,2.187641283010755e-07,2.204112357482937e-07,2.1853627716350178e-07,1.7007040978204126e-09,6.012897001802815e-10,1.0075291477629793,0.9989584620689725,2.739290971929734,linear-baseline,scale_dependent_camb
4,0.28674463,0.32596586,3780,3799,3789.5087730870714,2.1689319982491984e-07,2.19380894827552e-07,2.175156732514265e-07,1.481239362444039e-09,5.23697198872309e-10,1.0114696772634655,1.002869953631599,4.75025455165498,linear-baseline,scale_dependent_camb
4,0.28674463,0.32596586,3800,3819,3809.5087270341205,2.150428432699257e-07,2.1706306777207037e-07,2.1521781349910919e-07,1.37683998351372e-09,4.867864444756628e-10,1.009394520977426,1.000813652882016,4.150124813604318,linear-baseline,scale_dependent_camb
4,0.28674463,0.32596586,3820,3839,3829.508681462141,2.132129171680697e-07,2.1589877058115696e-07,2.1406284448163947e-07,1.764855176004357e-09,6.239705313824294e-10,1.012597048287511,1.0039862843436442,4.3044555439768395,linear-baseline,scale_dependent_camb
4,0.28674463,0.32596586,3840,3859,3849.5086363636365,2.1140328039954543e-07,2.142870862635742e-07,2.1246511831877796e-07,1.4810623660357632e-09,5.236346211920403e-10,1.0136412540930229,1.0050228072015992,5.507286469072379,linear-baseline,scale_dependent_camb
4,0.28674463,0.32596586,3860,3879,3869.5085917312663,2.0961379570444613e-07,2.125128002832875e-07,2.1070638320311598e-07,1.5696599011918416e-09,5.549585801446786e-10,1.0138302184219257,1.0052123835408733,5.223821529321334,linear-baseline,scale_dependent_camb
4,0.28674463,0.32596586,3880,3899,3889.5085475578408,2.0784432553379488e-07,2.1070367320665048e-07,2.0891209457037595e-07,1.3283525310495063e-09,4.696435412557099e-10,1.013757160151051,1.0051373499557363,6.088335986076633,linear-baseline,scale_dependent_camb
4,0.28674463,0.32596586,3900,3919,3909.5085038363172,2.0609473511026343e-07,2.0971012944426903e-07,2.079254743369222e-07,1.7696554389317901e-09,6.256676806161625e-10,1.0175423905519534,1.0088829985185177,5.7784578715095725,linear-baseline,scale_dependent_camb
4,0.28674463,0.32596586,3920,3939,3929.5084605597963,2.043648898372573e-07,2.0753662188795098e-07,2.0577061030048132e-07,1.9814735131389075e-09,7.005566789410265e-10,1.0155199459810316,1.0068784832088498,4.52744531033253,linear-baseline,scale_dependent_camb
4,0.28674463,0.32596586,3940,3959,3949.508417721519,2.0265465584389205e-07,2.0615842766300127e-07,2.0440468718506263e-07,1.7296157927143224e-09,6.115115279378217e-10,1.017289372427783,1.0086355348407028,5.729690543896813,linear-baseline,scale_dependent_camb
4,0.28674463,0.32596586,3960,3979,3969.5083753148615,2.0096389982247447e-07,2.048988717841597e-07,2.0315772857151403e-07,1.3273406179689068e-09,4.692857759550783e-10,1.019580491646317,1.0109165315311732,8.385022865176069,linear-baseline,scale_dependent_camb
4,0.28674463,0.32596586,3980,3999,3989.508333333333,1.9929248717549078e-07,2.0354586004212534e-07,2.018161375005151e-07,1.1238689007090016e-09,3.973476604280028e-10,1.0213423643154655,1.0126630479693,10.704411502141593,linear-baseline,scale_dependent_camb
4,0.28674463,0.32596586,4000,4019,4009.5082917705736,1.9764028489306412e-07,2.016357945523497e-07,1.9992077815785449e-07,1.38798367257408e-09,4.907263335266703e-10,1.0202160691148943,1.0115386054317026,8.142032302548987,linear-baseline,scale_dependent_camb
4,0.28674463,0.32596586,4020,4039,4029.5082506203476,1.9600715733103406e-07,2.0019037654533507e-07,1.9848811720964785e-07,1.3287673046172876e-09,4.697901858569275e-10,1.0213421758228758,1.0126574963506243,8.904441472464029,linear-baseline,scale_dependent_camb
4,0.28674463,0.32596586,4040,4059,4049.5082098765433,1.9439296921586042e-07,1.9914839295972872e-07,1.9745487630141738e-07,1.2508539516975995e-09,4.4224365575968134e-10,1.024462941036657,1.0157511205158707,10.752949605799275,linear-baseline,scale_dependent_camb
4,0.28674463,0.32596586,4060,4079,4069.5081695331696,1.927975836616548e-07,1.976086056801233e-07,1.9592735477970187e-07,1.6543487403145166e-09,5.849006063619086e-10,1.0249537464479404,1.0162334561388464,8.22536678221815,linear-baseline,scale_dependent_camb
4,0.28674463,0.32596586,4080,4096,4088.005870123517,1.9133843515896445e-07,1.96375473945464e-07,1.9470593678332961e-07,1.2535756529647168e-09,4.432059224708527e-10,1.0263252847359956,1.0175997134165304,11.36500784650686,linear-baseline,scale_dependent_camb
5,0.2483836,0.28674463,20,39,30.608333333333334,7.152434779876734e-05,7.106401234770108e-05,7.186653641417831e-05,2.5249913574609924e-06,8.927192556490467e-07,0.9935639336081552,1.0047842255950898,-0.5156553397423679,linear-baseline,scale_dependent_camb
5,0.2483836,0.28674463,40,59,50.165,5.314023016191087e-05,5.089656596212311e-05,5.147199741464078e-05,1.7775683002168507e-06,6.284652995527899e-07,0.9577784252542447,0.9686069717389778,-3.570068548548869,linear-baseline,scale_dependent_camb
5,0.2483836,0.28674463,60,79,69.975,3.7817577135405487e-05,3.722037003559385e-05,3.7640487302866006e-05,7.292904537304506e-07,2.578431126437078e-07,0.9842082136125923,0.9953172612855283,-2.3161646385989396,linear-baseline,scale_dependent_camb
5,0.2483836,0.28674463,80,99,89.86944444444444,2.815709383927628e-05,2.7778981196013904e-05,2.8092837172182636e-05,8.794703352782913e-07,3.109397189638431e-07,0.9865713185664443,0.9977179226144421,-1.2160319836988829,linear-baseline,scale_dependent_camb
5,0.2483836,0.28674463,100,119,109.80227272727272,2.1966557962901718e-05,2.1419761922504397e-05,2.1661898761234986e-05,5.28902394198798e-07,1.8699523476188527e-07,0.9751077960725217,0.986130771958845,-2.9241175107675668,linear-baseline,scale_dependent_camb
5,0.2483836,0.28674463,120,139,129.75576923076923,1.684305571041799e-05,1.6997149409635732e-05,1.718908242875558e-05,4.774854241267524e-07,1.6881659065888066e-07,1.009148797098761,1.020544177035736,0.9127876508838643,linear-baseline,scale_dependent_camb
5,0.2483836,0.28674463,140,159,149.72166666666666,1.3861467440616614e-05,1.4008225633731436e-05,1.4166388173857972e-05,2.3771956641530491e-07,8.404655871649397e-08,1.01058749326098,1.0219977238735838,1.746153505342992,linear-baseline,scale_dependent_camb
5,0.2483836,0.28674463,160,179,169.6955882352941,1.1203436888143519e-05,1.1626026049564766e-05,1.1757666489720584e-05,1.9756769923777036e-07,6.985072993722585e-08,1.0377196003012672,1.0494696053640111,6.049888981847775,linear-baseline,scale_dependent_camb
5,0.2483836,0.28674463,180,199,189.675,9.353374403006348e-06,9.700823667188391e-06,9.81051009388836e-06,1.1770260574125484e-07,4.161415534148398e-08,1.0371469428263629,1.0488738792210734,8.34930473371114,linear-baseline,scale_dependent_camb
5,0.2483836,0.28674463,200,219,209.65833333333333,7.951914808059973e-06,8.492394143891996e-06,8.588440899206436e-06,1.787389705608357e-07,6.31937690729348e-08,1.0679684514834338,1.0800468951831939,8.552731444269943,linear-baseline,scale_dependent_camb
5,0.2483836,0.28674463,220,239,229.64456521739132,6.759153800573461e-06,7.3076569119017915e-06,7.390346186433461e-06,8.257070154135607e-08,2.9193151493611693e-08,1.0811496716174434,1.0933833442000458,18.78875980376283,linear-baseline,scale_dependent_camb
5,0.2483836,0.28674463,240,259,249.633,5.900956348070779e-06,6.427417838885803e-06,6.500086203885512e-06,8.199940596743765e-08,2.8991168006421905e-08,1.0892162998269155,1.1015309757393152,18.159374975799718,linear-baseline,scale_dependent_camb
5,0.2483836,0.28674463,260,279,269.6231481481482,5.163596207474215e-06,5.724011205065792e-06,5.788837568936592e-06,6.408602417701259e-08,2.2657831137425318e-08,1.108531917499743,1.1210864165864385,24.733832386362234,linear-baseline,scale_dependent_camb
5,0.2483836,0.28674463,280,299,289.6146551724138,4.5800008769138244e-06,5.118098364070774e-06,5.175943545091789e-06,7.294164226332858e-08,2.5788764937641456e-08,1.1174885118187006,1.1301184615884907,20.86557803206537,linear-baseline,scale_dependent_camb
5,0.2483836,0.28674463,300,319,309.60725806451615,4.11049267321198e-06,4.619144932110959e-06,4.671319913775439e-06,6.878341212786302e-08,2.4318608574380478e-08,1.1237448401778838,1.1364379613709963,20.916174432563608,linear-baseline,scale_dependent_camb
5,0.2483836,0.28674463,320,339,329.6007575757576,3.7119638845338286e-06,4.189769956847049e-06,4.2371402989528984e-06,3.869985073693973e-08,1.3682463443498644e-08,1.128720560645548,1.1414820916246669,34.921056013510096,linear-baseline,scale_dependent_camb
5,0.2483836,0.28674463,340,359,349.595,3.3908708682794893e-06,3.823662374525156e-06,3.866976440119301e-06,6.032152572044542e-08,2.132687994422285e-08,1.127634322584883,1.1404080515992592,20.293240613609004,linear-baseline,scale_dependent_camb
5,0.2483836,0.28674463,360,379,369.58986486486486,3.1189611446768405e-06,3.5155012842806725e-06,3.5552748528510084e-06,3.788134351866971e-08,1.339307744125421e-08,1.1271385314564148,1.139890716150417,29.60784340590638,linear-baseline,scale_dependent_camb
5,0.2483836,0.28674463,380,399,389.5852564102564,2.8905412300327225e-06,3.23839946973561e-06,3.2750445574687207e-06,2.870945841208406e-08,1.0150326363688903e-08,1.1203436353332865,1.133021222268345,34.270645813645174,linear-baseline,scale_dependent_camb
5,0.2483836,0.28674463,400,419,409.5810975609756,2.6985891157656834e-06,3.0018237247369655e-06,3.035765728215624e-06,3.1100270831695266e-08,1.0995606200914954e-08,1.1123678322126649,1.1249455170778275,27.577798206891927,linear-baseline,scale_dependent_camb
5,0.2483836,0.28674463,420,439,429.57732558139537,2.533469229593682e-06,2.78750164576441e-06,2.8190289667431425e-06,2.981786398712129e-08,1.0542206912895804e-08,1.1002705749110162,1.1127149024798926,24.096701788311655,linear-baseline,scale_dependent_camb
5,0.2483836,0.28674463,440,459,449.5738888888889,2.392328095485877e-06,2.603584179850203e-06,2.632994095821556e-06,3.168310102364736e-08,1.1201667791419746e-08,1.0883056486954896,1.1005990778563342,18.85934204602494,linear-baseline,scale_dependent_camb
5,0.2483836,0.28674463,460,479,469.5707446808511,2.2699343703392037e-06,2.4347454639220737e-06,2.46223215185728e-06,3.959894770956903e-08,1.4000342226643882e-08,1.0726061051528295,1.0847151283450283,11.77193320811973,linear-baseline,scale_dependent_camb
5,0.2483836,0.28674463,480,499,489.5678571428571,2.1629027089678696e-06,2.2859514428101676e-06,2.311805947595082e-06,3.227449143399897e-08,1.1410755876163906e-08,1.0568905542223934,1.0688441685378758,10.783574302850202,linear-baseline,scale_dependent_camb
5,0.2483836,0.28674463,500,519,509.56519607843137,2.0689803753820907e-06,2.1590113474918807e-06,2.183442992886149e-06,2.5535047145710325e-08,9.028002497324983e-09,1.043514657355396,1.0553232011603397,9.972413292582313,linear-baseline,scale_dependent_camb
5,0.2483836,0.28674463,520,539,529.5627358490566,1.9856644872624734e-06,2.0423280520894548e-06,2.065411541375957e-06,1.8425995195916475e-08,6.514573076571643e-09,1.0285363238303669,1.0401613941454058,8.69797055938485,linear-baseline,scale_dependent_camb
5,0.2483836,0.28674463,540,559,549.5604545454545,1.911132656827609e-06,1.9269168315826806e-06,1.948703608105026e-06,2.423394940791994e-08,8.567994980635954e-09,1.0082590680969643,1.0196589970576837,1.8422250235609001,linear-baseline,scale_dependent_camb
5,0.2483836,0.28674463,560,579,569.5583333333333,1.8439910458949245e-06,1.8420779951239684e-06,1.862929792285157e-06,1.535702309274609e-08,5.429527583859583e-09,0.9989625487741847,1.0102705197145039,-0.3523420300217357,linear-baseline,scale_dependent_camb
5,0.2483836,0.28674463,580,599,589.5563559322034,1.7831062545438101e-06,1.75936878818342e-06,1.7792453052936546e-06,2.020982578867207e-08,7.145252430884393e-09,0.9866875760769158,0.9978347060135554,-3.322131245886865,linear-baseline,scale_dependent_camb
5,0.2483836,0.28674463,600,619,609.5545081967213,1.7275547667532205e-06,1.6755843817708202e-06,1.6945151762699035e-06,2.2196978261464307e-08,7.847816925265896e-09,0.9699167945453482,0.98087493889099,-6.6222728533692745,linear-baseline,scale_dependent_camb
5,0.2483836,0.28674463,620,639,629.5527777777778,1.6765825969701375e-06,1.6010177777096709e-06,1.6191276987617617e-06,1.631022607918645e-08,5.766535731639207e-09,0.9549292594370091,0.9657309468008279,-13.10402341667037,linear-baseline,scale_dependent_camb
5,0.2483836,0.28674463,640,659,649.5511538461539,1.6295709702954779e-06,1.53508792926485e-06,1.5524586010059233e-06,1.4465959170559779e-08,5.114488912935272e-09,0.9420196832461393,0.9526793427870328,-18.4736036462347,linear-baseline,scale_dependent_camb
5,0.2483836,0.28674463,660,679,669.5496268656716,1.5860063494531783e-06,1.47754167761132e-06,1.4942868171833578e-06,1.6321198149449396e-08,5.770414944282499e-09,0.9316114516948468,0.9421695049950819,-18.796684967920452,linear-baseline,scale_dependent_camb
5,0.2483836,0.28674463,680,699,689.5481884057971,1.545463147847083e-06,1.4204534076950698e-06,1.4365268765268668e-06,1.3783565953639283e-08,4.873226477375179e-09,0.9191117948518159,0.929512216792765,-25.65235593551689,linear-baseline,scale_dependent_camb
5,0.2483836,0.28674463,700,719,709.5468309859154,1.5075886115549485e-06,1.3802180095561834e-06,1.3958207186721954e-06,1.9710209265113758e-08,6.968611314983927e-09,0.915513687870464,0.9258631353234527,-18.277759548002418,linear-baseline,scale_dependent_camb
5,0.2483836,0.28674463,720,739,729.5455479452055,1.472088155254435e-06,1.3315329315221054e-06,1.3465936181353513e-06,1.6432491239151255e-08,5.8097629934961925e-09,0.9045198324362334,0.9147506644414286,-24.192935906279775,linear-baseline,scale_dependent_camb
5,0.2483836,0.28674463,740,759,749.5443333333334,1.4387135161226146e-06,1.2988885999728415e-06,1.3135727492387817e-06,1.3747788383156643e-08,4.860577196023852e-09,0.9028125373238959,0.9130189815543738,-28.76714235999698,linear-baseline,scale_dependent_camb
5,0.2483836,0.28674463,760,779,769.5431818181818,1.4072534223894614e-06,1.253860046255582e-06,1.2680406863663093e-06,1.1309803049668596e-08,3.99861921515248e-09,0.8909980436406234,0.9010748641230701,-38.361586307745014,linear-baseline,scale_dependent_camb
5,0.2483836,0.28674463,780,799,789.5420886075949,1.377526363131354e-06,1.2196142551974333e-06,1.2334012689225246e-06,1.2375723582870639e-08,4.375479033769052e-09,0.8853654549485649,0.8953739847989491,-36.090244454421416,linear-baseline,scale_dependent_camb
5,0.2483836,0.28674463,800,819,809.5410493827161,1.3493749337837322e-06,1.1903891153858094e-06,1.2038375985401546e-06,1.2290229489039402e-08,4.3452523070193186e-09,0.8821781741920189,0.8921446281535097,-36.588397442674896,linear-baseline,scale_dependent_camb
5,0.2483836,0.28674463,820,839,829.5400602409638,1.322661622524122e-06,1.1596630116875153e-06,1.1727791166334801e-06,1.1050355439807571e-08,3.906890633004793e-09,0.8767646932058514,0.8866811410127624,-41.72080207713525,linear-baseline,scale_dependent_camb
5,0.2483836,0.28674463,840,859,849.5391176470588,1.2972649391119695e-06,1.1306314320871552e-06,1.1434186728956915e-06,7.789163806371711e-09,2.7538852736291285e-09,0.871550134439861,0.8814072117592324,-60.50851450511633,linear-baseline,scale_dependent_camb
5,0.2483836,0.28674463,860,879,869.5382183908046,1.2730765498193113e-06,1.0998444098857871e-06,1.1122659281510353e-06,1.3762618289531278e-08,4.865820359704785e-09,0.8639263758663128,0.8736834625607549,-35.6018363045434,linear-baseline,scale_dependent_camb
5,0.2483836,0.28674463,880,899,889.5373595505617,1.2499992792086726e-06,1.0821052365038666e-06,1.0943428989959255e-06,1.0576543847099253e-08,3.739372937900369e-09,0.8656846883855057,0.8754748240244687,-44.89898319665259,linear-baseline,scale_dependent_camb
5,0.2483836,0.28674463,900,919,909.5365384615385,1.2279454086492322e-06,1.0576444114834427e-06,1.0695955876035824e-06,1.0617840303030055e-08,3.753973439914189e-09,0.8613122407834689,0.8710449015646077,-45.36553065481529,linear-baseline,scale_dependent_camb
5,0.2483836,0.28674463,920,939,929.535752688172,1.2068354789710671e-06,1.042213711485694e-06,1.0539952462206297e-06,1.4114144450394521e-08,4.990103625760221e-09,0.8635922042781443,0.8733545413491265,-32.98964907974104,linear-baseline,scale_dependent_camb
5,0.2483836,0.28674463,940,959,949.535,1.1865972914517534e-06,1.0190177710101096e-06,1.0305359966543205e-06,8.345623637707546e-09,2.950623533726874e-09,0.8587730465517774,0.8684799839661708,-56.79461257125452,linear-baseline,scale_dependent_camb
5,0.2483836,0.28674463,960,979,969.5342783505155,1.167165094554969e-06,9.991439660910782e-07,1.0104363311315208e-06,1.1289109771824698e-08,3.991303036608281e-09,0.8560433915923814,0.8657184282201245,-42.09681072141077,linear-baseline,scale_dependent_camb
5,0.2483836,0.28674463,980,999,989.5335858585859,1.1484789255248769e-06,9.83475489495764e-07,9.945877259771258e-07,9.84738530982545e-09,3.4815764647671836e-09,0.8563287210919407,0.8660043330987377,-47.39331096097203,linear-baseline,scale_dependent_camb
5,0.2483836,0.28674463,1000,1019,1009.5329207920792,1.130483990774166e-06,9.667527809259216e-07,9.776813635684707e-07,6.691701192895437e-09,2.3658736455852363e-09,0.8551671574436718,0.8648343289664326,-69.20539064026936,linear-baseline,scale_dependent_camb
5,0.2483836,0.28674463,1020,1039,1029.532281553398,1.113130166609854e-06,9.496387497358445e-07,9.603776826207084e-07,7.139654002267209e-09,2.5242488801644086e-09,0.8531246194037321,0.8627721280303021,-64.76834283605228,linear-baseline,scale_dependent_camb
5,0.2483836,0.28674463,1040,1059,1049.5316666666668,1.0963716642444189e-06,9.417616474195322e-07,9.524053300782967e-07,9.132282784729261e-09,3.228749542397614e-09,0.858980287554733,0.8686883847318886,-47.88541656596751,linear-baseline,scale_dependent_camb
5,0.2483836,0.28674463,1060,1079,1069.5310747663552,1.080166619007312e-06,9.224094707952049e-07,9.328474583713533e-07,6.124807727677156e-09,2.1654465388521427e-09,0.8539510984360097,0.863614410921764,-72.85201706975911,linear-baseline,scale_dependent_camb
5,0.2483836,0.28674463,1080,1099,1089.530504587156,1.064476764388316e-06,9.105320320464802e-07,9.208242212600563e-07,7.947677127765911e-09,2.8099281958622493e-09,0.8553799035432234,0.8650486812543933,-54.78600220764595,linear-baseline,scale_dependent_camb
5,0.2483836,0.28674463,1100,1119,1109.529954954955,1.049267110538063e-06,8.986388466574961e-07,9.087952144816871e-07,9.220868570692858e-09,3.260069347383414e-09,0.8564443101591883,0.8661237976054142,-46.20400605939982,linear-baseline,scale_dependent_camb
5,0.2483836,0.28674463,1120,1139,1129.529424778761,1.0345056450967164e-06,8.887960060528427e-07,8.988407175634396e-07,7.371636183476584e-09,2.6062669668882064e-09,0.8591504650221109,0.8688601380028299,-55.90741121115695,linear-baseline,scale_dependent_camb
5,0.2483836,0.28674463,1140,1159,1149.5289130434783,1.0201630802376216e-06,8.760021183525386e-07,8.859049266724108e-07,7.3339349678033244e-09,2.592937574257437e-09,0.8586883169193847,0.8683954005334727,-55.597544389925275,linear-baseline,scale_dependent_camb
5,0.2483836,0.28674463,1160,1179,1169.5284188034188,1.0062125951020601e-06,8.636077223053061e-07,8.733703913629311e-07,6.80384181591679e-09,2.4055213430776776e-09,0.8582756034948165,0.8679779955192721,-59.282314499983684,linear-baseline,scale_dependent_camb
5,0.2483836,0.28674463,1180,1199,1189.5279411764707,9.926296399813955e-07,8.574979218301525e-07,8.671904881460968e-07,7.977322394543804e-09,2.820409380446615e-09,0.8638649172779328,0.8736294517281896,-47.91209357339636,linear-baseline,scale_dependent_camb
5,0.2483836,0.28674463,1200,1219,1209.527479338843,9.793917468904777e-07,8.419966027343908e-07,8.515127145012378e-07,1.003902493434927e-08,3.5493313037896016e-09,0.8597138023754949,0.8694301511164967,-38.710149151022016,linear-baseline,scale_dependent_camb
5,0.2483836,0.28674463,1220,1239,1229.5270325203253,9.664783547090424e-07,8.355399004355425e-07,8.449795991719018e-07,8.152934047176437e-09,2.8824974756625708e-09,0.8645200343747804,0.874287142650269,-45.42534915608291,linear-baseline,scale_dependent_camb
5,0.2483836,0.28674463,1240,1259,1249.5266,9.538706277055235e-07,8.271493210219396e-07,8.36501393471319e-07,9.857284753893811e-09,3.485076446782541e-09,0.8671504258513504,0.8769547663748396,-36.36112682709568,linear-baseline,scale_dependent_camb
5,0.2483836,0.28674463,1260,1279,1269.5261811023622,9.41551363259857e-07,8.185738190792338e-07,8.278270163577356e-07,6.883877673888883e-09,2.433818292032753e-09,0.8693883849789692,0.8792159925207024,-50.52864652352947,linear-baseline,scale_dependent_camb
5,0.2483836,0.28674463,1280,1299,1289.5257751937984,9.295048227553986e-07,8.088651149468447e-07,8.180093821665069e-07,6.664324335516822e-09,2.3561944648352383e-09,0.870210777980761,0.8800485614927982,-51.20108276673581,linear-baseline,scale_dependent_camb
5,0.2483836,0.28674463,1300,1319,1309.5253816793893,9.177166306466589e-07,8.016382146250715e-07,8.107004190800027e-07,9.38427794976719e-09,3.3178432874098855e-09,0.8735138798347872,0.8833886103913706,-34.98610572177009,linear-baseline,scale_dependent_camb
5,0.2483836,0.28674463,1320,1339,1329.525,9.061736321181989e-07,7.960226347574721e-07,8.050176221232254e-07,9.398324056775922e-09,3.3228093361674584e-09,0.8784438285814533,0.8883701683544695,-33.149960234485015,linear-baseline,scale_dependent_camb
5,0.2483836,0.28674463,1340,1359,1349.5246296296295,8.948638098014455e-07,7.860380010166557e-07,7.949318994747377e-07,6.6639443160994044e-09,2.3560601076817193e-09,0.878388412188737,0.8883272412716289,-46.18974211649915,linear-baseline,scale_dependent_camb
5,0.2483836,0.28674463,1360,1379,1369.5242700729927,8.837761873233388e-07,7.79787550610674e-07,7.886084858507665e-07,4.719616402476897e-09,1.6686363813953358e-09,0.8823360051965063,0.8923169657231846,-62.31953100873187,linear-baseline,scale_dependent_camb
5,0.2483836,0.28674463,1380,1399,1389.5239208633093,8.729007158377576e-07,7.704732196317996e-07,7.791883435862733e-07,6.693157908664727e-09,2.3663886723845994e-09,0.8826584806868278,0.8926425760098675,-43.28430802651802,linear-baseline,scale_dependent_camb
5,0.2483836,0.28674463,1400,1419,1409.5235815602837,8.622281982562957e-07,7.632876136630077e-07,7.719093983233519e-07,8.791330905983342e-09,3.1082048496378475e-09,0.8852501173200111,0.8952495405327758,-31.832066861621477,linear-baseline,scale_dependent_camb
5,0.2483836,0.28674463,1420,1439,1429.5232517482518,8.517502039191164e-07,7.562621287718576e-07,7.648056075396531e-07,1.0042961952980704e-08,3.550723250075574e-09,0.8878919256985273,0.8979224237582693,-26.892570448915286,linear-baseline,scale_dependent_camb
5,0.2483836,0.28674463,1440,1459,1449.5229310344828,8.414590069002033e-07,7.488127401537462e-07,7.572832054905575e-07,6.909012482936691e-09,2.44270478899352e-09,0.8898980627853154,0.8999644656253243,-37.92773779455789,linear-baseline,scale_dependent_camb
5,0.2483836,0.28674463,1460,1479,1469.522619047619,8.313475036078076e-07,7.435221114258648e-07,7.519274001930943e-07,8.622573252080466e-09,3.0485400089119197e-09,0.8943577844393518,0.9044682240939523,-28.809001005464683,linear-baseline,scale_dependent_camb
5,0.2483836,0.28674463,1480,1499,1489.5223154362416,8.214091543629823e-07,7.331884154740018e-07,7.414827870299222e-07,7.059384475372586e-09,2.495869316769497e-09,0.8925983008341352,0.902696035333275,-35.34669796059999,linear-baseline,scale_dependent_camb
5,0.2483836,0.28674463,1500,1519,1509.5220198675497,8.116379345871413e-07,7.289568351692639e-07,7.372066357043111e-07,6.91757665119465e-09,2.4457326797187325e-09,0.8981305630324745,0.9082949481400332,-33.8062700406759,linear-baseline,scale_dependent_camb
5,0.2483836,0.28674463,1520,1539,1529.5217320261438,8.02028291666718e-07,7.205803006037895e-07,7.287191430823486e-07,8.27863605218122e-09,2.9269398457363846e-09,0.8984474838242064,0.9085953084871563,-27.827012291206525,linear-baseline,scale_dependent_camb
5,0.2483836,0.28674463,1540,1559,1549.5214516129033,7.925750861793019e-07,7.119535164448329e-07,7.200006437687939e-07,5.5882616098921115e-09,1.9757488396995826e-09,0.8982789502971706,0.9084320922067316,-40.80557615143419,linear-baseline,scale_dependent_camb
5,0.2483836,0.28674463,1560,1579,1569.521178343949,7.832735582871587e-07,7.092015900030264e-07,7.172226498963581e-07,5.305884476054837e-09,1.8759134466054032e-09,0.905432824202427,0.9156732565628298,-39.485813387696886,linear-baseline,scale_dependent_camb
5,0.2483836,0.28674463,1580,1599,1589.5209119496856,7.741193030676024e-07,6.992378482963934e-07,7.071509109490022e-07,5.782336120816401e-09,2.0443645410645965e-09,0.9032688443829313,0.913490863936315,-36.628230076919,linear-baseline,scale_dependent_camb
5,0.2483836,0.28674463,1600,1619,1609.520652173913,7.651082241393203e-07,6.936294856188164e-07,7.014739367712477e-07,5.620314501276873e-09,1.987081248126983e-09,0.9065769570038131,0.9168296910680113,-35.97172414961872,linear-baseline,scale_dependent_camb
5,0.2483836,0.28674463,1620,1639,1629.520398773006,7.562365224016017e-07,6.882662678395708e-07,6.960499939225896e-07,4.730693556176874e-09,1.6725527466440855e-09,0.9101203756383309,0.9204130894288522,-40.63863139647506,linear-baseline,scale_dependent_camb
5,0.2483836,0.28674463,1640,1659,1649.5201515151516,7.475006429582718e-07,6.779343360490444e-07,6.856000566830937e-07,5.678170834596205e-09,2.0075365509393273e-09,0.9069347865255136,0.9171899223655469,-34.6525730137652,linear-baseline,scale_dependent_camb
5,0.2483836,0.28674463,1660,1679,1669.5199101796406,7.388972757005139e-07,6.709391754105061e-07,6.785204191347227e-07,5.899098700981845e-09,2.0856463471765077e-09,0.9080276751249624,0.9182878885179936,-32.58371218208097,linear-baseline,scale_dependent_camb
5,0.2483836,0.28674463,1680,1699,1689.519674556213,7.304233083043876e-07,6.663339090171406e-07,6.738611883860312e-07,6.734478329855605e-09,2.3809976473973763e-09,0.9122571821591717,0.9225625479426987,-26.91703595646217,linear-baseline,scale_dependent_camb
5,0.2483836,0.28674463,1700,1719,1709.5194444444444,7.22075814886486e-07,6.632514108937219e-07,6.707494788344469e-07,6.358255540567729e-09,2.247982804626189e-09,0.9185343106914451,0.9289183559483877,-26.16763965974635,linear-baseline,scale_dependent_camb
5,0.2483836,0.28674463,1720,1739,1729.519219653179,7.13852022983544e-07,6.565804891604201e-07,6.640021031105625e-07,6.4284554115602686e-09,2.272802207034812e-09,0.9197711402655168,0.9301677122597007,-25.1986440552795,linear-baseline,scale_dependent_camb
5,0.2483836,0.28674463,1740,1759,1749.519,7.057492946967193e-07,6.512779172315954e-07,6.586389586821767e-07,5.176266325357453e-09,1.8300865099439134e-09,0.9228176664511839,0.9332477745729988,-29.76437297862672,linear-baseline,scale_dependent_camb
5,0.2483836,0.28674463,1760,1779,1769.5187853107345,6.977651126662073e-07,6.405791045480178e-07,6.478213923536154e-07,5.419145825939624e-09,1.915957380880341e-09,0.9180440422140369,0.9284233054849165,-29.847223476293486,linear-baseline,scale_dependent_camb
5,0.2483836,0.28674463,1780,1799,1789.5185754189945,6.898970595267099e-07,6.366892228516745e-07,6.438929736584149e-07,3.4739575956088277e-09,1.228229486704758e-09,0.9228756871183976,0.933317463478022,-43.32076151158674,linear-baseline,scale_dependent_camb
5,0.2483836,0.28674463,1800,1819,1809.5183701657459,6.821427960910608e-07,6.296272390723773e-07,6.367490351089856e-07,4.270283437522784e-09,1.5097731881304806e-09,0.9230138362237089,0.933454166426445,-34.78373932690673,linear-baseline,scale_dependent_camb
5,0.2483836,0.28674463,1820,1839,1829.518169398907,6.745000581694544e-07,6.255881348287635e-07,6.326581679713612e-07,5.260023469483238e-09,1.8596991322359943e-09,0.9274841821757075,0.9379660688070967,-26.300987344056026,linear-baseline,scale_dependent_camb
5,0.2483836,0.28674463,1840,1859,1849.517972972973,6.669666467123178e-07,6.17042367341922e-07,6.240226639100351e-07,3.434168533534302e-09,1.2141619288997832e-09,0.9251472624358538,0.9356129980202658,-41.11830405985042,linear-baseline,scale_dependent_camb
5,0.2483836,0.28674463,1860,1879,1869.5177807486632,6.595404162293249e-07,6.134640413163243e-07,6.204038295550127e-07,4.032220337951407e-09,1.425605172101876e-09,0.9301386635614766,0.9406608212153835,-32.32057221360021,linear-baseline,scale_dependent_camb
5,0.2483836,0.28674463,1880,1899,1889.5175925925926,6.522192688841029e-07,6.069592122686479e-07,6.138216998922408e-07,4.182068080212698e-09,1.4785843494511026e-09,0.9306060725668355,0.9411278218480766,-30.610398813065363,linear-baseline,scale_dependent_camb
5,0.2483836,0.28674463,1900,1919,1909.5174083769634,6.450011552051992e-07,6.005901028906897e-07,6.073828372370139e-07,4.155930519797546e-09,1.4693433263444889e-09,0.9311457786453411,0.9416771308630952,-30.225102274087085,linear-baseline,scale_dependent_camb
5,0.2483836,0.28674463,1920,1939,1929.5172279792746,6.378840752908255e-07,5.950701266853438e-07,6.017957810239609e-07,5.105711951417536e-09,1.80514177181627e-09,0.9328813020046599,0.9434249957558337,-23.717776228957266,linear-baseline,scale_dependent_camb
5,0.2483836,0.28674463,1940,1959,1949.5170512820512,6.30866070992132e-07,5.915603316497362e-07,5.982490226418323e-07,4.186217974247657e-09,1.4800515585577649e-09,0.9376955884145399,0.9482979829633182,-26.557006825287434,linear-baseline,scale_dependent_camb
5,0.2483836,0.28674463,1960,1979,1969.5168781725888,6.239452293121031e-07,5.866703934002417e-07,5.933038798999379e-07,4.3448903156422004e-09,1.5361507028511792e-09,0.9402594423985632,0.9508909629039921,-24.265090555683933,linear-baseline,scale_dependent_camb
5,0.2483836,0.28674463,1980,1999,1989.5167085427136,6.171196833767587e-07,5.78787616800004e-07,5.853350858139786e-07,2.882773174910658e-09,1.0192142303009997e-09,0.9378855226801242,0.9484952458672831,-37.609430321076104,linear-baseline,scale_dependent_camb
5,0.2483836,0.28674463,2000,2019,2009.5165422885573,6.10387616034351e-07,5.750294004899185e-07,5.815363273982529e-07,3.930879434625061e-09,1.3897757521250611e-09,0.9420725214345721,0.9527328407749439,-25.441669629339405,linear-baseline,scale_dependent_camb
5,0.2483836,0.28674463,2020,2039,2029.5163793103447,6.03747257204855e-07,5.692951992898899e-07,5.757368818271673e-07,4.41700274760543e-09,1.561646297675706e-09,0.9429362908007791,0.9536057927494922,-22.061370725395502,linear-baseline,scale_dependent_camb
5,0.2483836,0.28674463,2040,2059,2049.516219512195,5.971968825482934e-07,5.63293146372197e-07,5.696642630475101e-07,3.5229850473268593e-09,1.2455633084918161e-09,0.943228544610906,0.953896913555042,-27.219600918678815,linear-baseline,scale_dependent_camb
5,0.2483836,0.28674463,2060,2079,2069.5160628019325,5.907348155820023e-07,5.571210673258399e-07,5.63421878122655e-07,3.5722068817882158e-09,1.2629658549568494e-09,0.9430984134174563,0.9537644697097494,-26.6149303437113,linear-baseline,scale_dependent_camb
5,0.2483836,0.28674463,2080,2099,2089.515909090909,5.843594286209877e-07,5.526703634706285e-07,5.589142359462459e-07,5.29166349726642e-09,1.8708855713372035e-09,0.9457712777474281,0.956456264024371,-16.938002855893306,linear-baseline,scale_dependent_camb
5,0.2483836,0.28674463,2100,2119,2109.5157582938386,5.780691393688484e-07,5.485840103176832e-07,5.547857513806118e-07,4.0307299228870666e-09,1.4250782308024872e-09,0.9489937672795371,0.9597221397882301,-20.690182766009674,linear-baseline,scale_dependent_camb
5,0.2483836,0.28674463,2120,2139,2129.5156103286386,5.718624083311822e-07,5.417952822330461e-07,5.479191269217463e-07,4.590805814093837e-09,1.6230949611281904e-09,0.9474224469730778,0.9581310450545131,-18.52456376134453,linear-baseline,scale_dependent_camb
5,0.2483836,0.28674463,2140,2159,2149.515465116279,5.657377345592766e-07,5.377400486882215e-07,5.438208623807227e-07,3.861631401330935e-09,1.3652928751620073e-09,0.9505111924470339,0.9612596600160892,-20.50672524584356,linear-baseline,scale_dependent_camb
5,0.2483836,0.28674463,2160,2179,2169.5153225806453,5.596936613791359e-07,5.30397139433217e-07,5.363909588838536e-07,5.095103980481531e-09,1.8013912877245304e-09,0.9476561484120982,0.9583652556688558,-16.263275028339567,linear-baseline,scale_dependent_camb
5,0.2483836,0.28674463,2180,2199,2189.5151826484016,5.537287666562752e-07,5.259309822901743e-07,5.31878275180459e-07,4.344842449432768e-09,1.5361337795905396e-09,0.9497989159314233,0.9605393600773864,-18.095939777791052,linear-baseline,scale_dependent_camb
5,0.2483836,0.28674463,2200,2219,2209.515045248869,5.478416568254506e-07,5.208525501689666e-07,5.267415629815558e-07,3.3548491775878354e-09,1.186118301665235e-09,0.9507355705426337,0.9614850503224556,-22.75414401632037,linear-baseline,scale_dependent_camb
5,0.2483836,0.28674463,2220,2239,2229.5149103139015,5.420309764169009e-07,5.17500082189664e-07,5.233507272226726e-07,4.447706383795073e-09,1.5725016723540966e-09,0.9547426341029465,0.9655365652389201,-15.599916145407457,linear-baseline,scale_dependent_camb
5,0.2483836,0.28674463,2240,2259,2249.514777777778,5.362953928459263e-07,5.110430104221059e-07,5.168304122348133e-07,4.489487170676879e-09,1.5872734112178141e-09,0.9529132959919437,0.963704740203306,-15.909283331625804,linear-baseline,scale_dependent_camb
5,0.2483836,0.28674463,2260,2279,2269.5146475770925,5.30633606457099e-07,5.053119333164539e-07,5.110273792572323e-07,2.7168492255536104e-09,9.605512554251889e-10,0.9522803063497782,0.963051290077965,-26.361605377774918,linear-baseline,scale_dependent_camb
5,0.2483836,0.28674463,2280,2299,2289.514519650655,5.250443344178445e-07,5.022817315164097e-07,5.079582818043121e-07,4.0798575716283536e-09,1.4424474775868446e-09,0.9566463222069173,0.9674578859469517,-15.78054192969001,linear-baseline,scale_dependent_camb
5,0.2483836,0.28674463,2300,2319,2309.514393939394,5.195263252756953e-07,4.961748451035332e-07,5.017829576216653e-07,4.2698155792035415e-09,1.509607775235395e-09,0.9550523639783407,0.9658470287437039,-15.468574390802205,linear-baseline,scale_dependent_camb
5,0.2483836,0.28674463,2320,2339,2329.514270386266,5.140783451790752e-07,4.917243388931474e-07,4.972853991014618e-07,2.816230285769649e-09,9.956877662253237e-10,0.9565163432858838,0.9673338777346014,-22.45081946790651,linear-baseline,scale_dependent_camb
5,0.2483836,0.28674463,2340,2359,2349.5141489361704,5.086991880231905e-07,4.861336246321408e-07,4.916301987431557e-07,3.949021274546368e-09,1.3961898611408396e-09,0.955640653804187,0.9664458098579536,-16.16224556494859,linear-baseline,scale_dependent_camb
5,0.2483836,0.28674463,2360,2379,2369.514029535865,5.033876638196795e-07,4.825468711000025e-07,4.880061824300626e-07,3.099428312245557e-09,1.0958133886952046e-09,0.9585989204392931,0.9694440637005226,-19.01856003465357,linear-baseline,scale_dependent_camb
5,0.2483836,0.28674463,2380,2399,2389.513912133891,4.981426073300966e-07,4.767827862668853e-07,4.821755587240878e-07,3.793066121261619e-09,1.341051387916523e-09,0.9571210718599361,0.9679468321499587,-15.927667840078975,linear-baseline,scale_dependent_camb
5,0.2483836,0.28674463,2400,2419,2409.5137966804978,4.929628782675198e-07,4.7307945404553917e-07,4.784281280692925e-07,3.2668426448256443e-09,1.1550032936128044e-09,0.9596654736116046,0.9705155279656988,-17.21503681585709,linear-baseline,scale_dependent_camb
5,0.2483836,0.28674463,2420,2439,2429.513683127572,4.878473547793985e-07,4.6851317598718014e-07,4.738126143822394e-07,3.4777983124525304e-09,1.2295873851671578e-09,0.9603683844899371,0.9712312872875871,-15.724119347231209,linear-baseline,scale_dependent_camb
5,0.2483836,0.28674463,2440,2459,2449.5135714285716,4.827949405633646e-07,4.659029482182857e-07,4.711709779122921e-07,3.655857338068237e-09,1.2925407573993254e-09,0.9650120767103153,0.9759236030155811,-13.068827615979147,linear-baseline,scale_dependent_camb
5,0.2483836,0.28674463,2460,2479,2469.5134615384613,4.778045629489373e-07,4.6061623041381455e-07,4.658280325987322e-07,2.252714332853324e-09,7.964547904183574e-10,0.9640264370247137,0.9749342486888619,-21.581052360918257,linear-baseline,scale_dependent_camb
5,0.2483836,0.28674463,2480,2499,2489.513353413655,4.728751734150015e-07,4.559619658727616e-07,4.6111731707521366e-07,3.0319213423192335e-09,1.0719460705890747e-09,0.964233251197993,0.9751353909005728,-15.778039591996869,linear-baseline,scale_dependent_camb
5,0.2483836,0.28674463,2500,2519,2509.513247011952,4.680057489210185e-07,4.5185866009252123e-07,4.5696997287445326e-07,2.576268016794971e-09,9.10848292414871e-10,0.9654980972654199,0.9764195716142203,-17.727528242587574,linear-baseline,scale_dependent_camb
5,0.2483836,0.28674463,2520,2539,2529.51314229249,4.6319529185849614e-07,4.4630750223123356e-07,4.5135303696837733e-07,3.4263931081919418e-09,1.2114129009066869e-09,0.9635406708053895,0.9744335594547957,-13.940572710281401,linear-baseline,scale_dependent_camb
5,0.2483836,0.28674463,2540,2559,2549.513039215686,4.5844283027213386e-07,4.424491075617008e-07,4.474519296146646e-07,3.6650119707564486e-09,1.2957774088258786e-09,0.9651129395982938,0.9760255806575817,-12.34295535752951,linear-baseline,scale_dependent_camb
5,0.2483836,0.28674463,2560,2579,2569.512937743191,4.5374741973878145e-07,4.375848117848723e-07,4.4253308188236485e-07,2.868096655735346e-09,1.0140252971844608e-09,0.9643797248186803,0.9752850652839578,-15.939057929606108,linear-baseline,scale_dependent_camb
5,0.2483836,0.28674463,2580,2599,2589.5128378378377,4.4910814226002314e-07,4.331288722376604e-07,4.3803059257217445e-07,2.9732863307441877e-09,1.0512154634392415e-09,0.9644199948325338,0.9753343378899707,-15.200756246567826,linear-baseline,scale_dependent_camb
5,0.2483836,0.28674463,2600,2619,2609.5127394636015,4.4452410694874035e-07,4.2943464513220127e-07,4.3429390113240334e-07,1.988368526267846e-09,7.029944342109478e-10,0.9660547952728262,0.9769861619281838,-21.464553746397353,linear-baseline,scale_dependent_camb
5,0.2483836,0.28674463,2620,2639,2629.5126425855515,4.3999444966655675e-07,4.259513831379212e-07,4.307698238237215e-07,2.1103818999731577e-09,7.461326761821849e-10,0.9680835371008024,0.9790346768014324,-18.82113862174105,linear-baseline,scale_dependent_camb
5,0.2483836,0.28674463,2640,2659,2649.512547169811,4.3551833513575516e-07,4.221541168508338e-07,4.2692768513979775e-07,2.7499690064244205e-09,9.7226086624777e-10,0.9693142235199912,0.9802748832760861,-13.745506734728155,linear-baseline,scale_dependent_camb
5,0.2483836,0.28674463,2660,2679,2669.5124531835204,4.3109495423818773e-07,4.180671346848324e-07,4.227982858111853e-07,1.623051503115218e-09,5.738353620338947e-10,0.9697796983581551,0.9807544292842306,-22.703061566613275,linear-baseline,scale_dependent_camb
5,0.2483836,0.28674463,2680,2699,2689.5123605947956,4.267235241390052e-07,4.142482700899603e-07,4.189312003101783e-07,3.2274272382285497e-09,1.1410678429687892e-09,0.9707650191673495,0.9817391744583348,-10.932964350820054,linear-baseline,scale_dependent_camb
5,0.2483836,0.28674463,2700,2719,2709.512269372694,4.2240328937431666e-07,4.093747794428566e-07,4.1400487479522685e-07,2.405610871758711e-09,8.505118801583333e-10,0.9691562299366596,0.9801175445590636,-15.318433798990126,linear-baseline,scale_dependent_camb
5,0.2483836,0.28674463,2720,2739,2729.5121794871793,4.1813352131229307e-07,4.0641887503914484e-07,4.110142409471364e-07,2.825416262422951e-09,9.989354994170092e-10,0.9719834797354148,0.9829736674954614,-11.72712980966743,linear-baseline,scale_dependent_camb
5,0.2483836,0.28674463,2740,2759,2749.512090909091,4.1391351670938483e-07,4.0247346169206905e-07,4.0702406136723104e-07,2.59975103882174e-09,9.191507944738118e-10,0.97236124321751,0.9833553265017171,-12.446330989535717,linear-baseline,scale_dependent_camb
5,0.2483836,0.28674463,2760,2779,2769.5120036101084,4.0974259644559694e-07,3.977188159845924e-07,4.022184024053999e-07,1.7160508015597178e-09,6.067155793217434e-10,0.9706552831819111,0.9816367785398264,-19.81782052546945,linear-baseline,scale_dependent_camb
5,0.2483836,0.28674463,2780,2799,2789.511917562724,4.056201058625799e-07,3.947146444899012e-07,3.9917977688008114e-07,1.7262905499688453e-09,6.103358770906125e-10,0.97311410057081,0.9841222639375755,-17.86796710143199,linear-baseline,scale_dependent_camb
5,0.2483836,0.28674463,2800,2819,2809.5118327402133,4.015454144785225e-07,3.9125712974116705e-07,3.9568432479471603e-07,1.288893690538929e-09,4.5569273440431605e-10,0.974378278604634,0.985403669242698,-22.577241111391338,linear-baseline,scale_dependent_camb
5,0.2483836,0.28674463,2820,2839,2829.511749116608,3.975179134762108e-07,3.879033243667461e-07,3.922890675844861e-07,2.4614752943673304e-09,8.702629361851462e-10,0.9758134444171658,0.9868462634903682,-11.047912888960719,linear-baseline,scale_dependent_camb
5,0.2483836,0.28674463,2840,2859,2849.5116666666668,3.935370143178377e-07,3.830647557045727e-07,3.87397181007529e-07,2.5498964919340607e-09,9.015245503851814e-10,0.9733893935455658,0.9843983333538483,-11.61616575920279,linear-baseline,scale_dependent_camb
5,0.2483836,0.28674463,2860,2879,2869.5115853658535,3.8960214826677954e-07,3.7955196358030477e-07,3.8384602416408083e-07,1.8271209508579113e-09,6.459848071998208e-10,0.9742039803138023,0.9852256356174987,-15.55792732965309,linear-baseline,scale_dependent_camb
5,0.2483836,0.28674463,2880,2899,2889.5115051903113,3.857127660294991e-07,3.7654085973325795e-07,3.807987659431998e-07,2.347069198297694e-09,8.298142730151865e-10,0.976220889988537,0.9872599495814368,-11.052962806863276,linear-baseline,scale_dependent_camb
5,0.2483836,0.28674463,2900,2919,2909.5114261168383,3.818683347541162e-07,3.727040687510552e-07,3.769189725437915e-07,2.2186345326410536e-09,7.844057615025678e-10,0.9760015032171708,0.9870390871410912,-11.683068193566541,linear-baseline,scale_dependent_camb
5,0.2483836,0.28674463,2920,2939,2929.511348122867,3.7806833647472453e-07,3.6875249936154667e-07,3.729245859571007e-07,1.4650520465594089e-09,5.179741184566937e-10,0.9753593829093363,0.9863946540311034,-17.98514014741594,linear-baseline,scale_dependent_camb
5,0.2483836,0.28674463,2940,2959,2949.511271186441,3.74312267889142e-07,3.6586441340534824e-07,3.700021270455403e-07,2.1868889789061894e-09,7.731820133433455e-10,0.9774309975693991,0.9884851734411274,-10.926087697338023,linear-baseline,scale_dependent_camb
5,0.2483836,0.28674463,2960,2979,2969.5111952861953,3.705996398099932e-07,3.6211578508731763e-07,3.66209678250312e-07,2.450336649698359e-09,8.663248305958176e-10,0.9771077631726106,0.9881544365182547,-9.79292572837925,linear-baseline,scale_dependent_camb
5,0.2483836,0.28674463,2980,2999,2989.511120401338,3.6692997453351215e-07,3.5882107974970243e-07,3.628783108378819e-07,2.2385256133165313e-09,7.914383205179472e-10,0.9779007021867898,0.9889579375444014,-10.245769725305882,linear-baseline,scale_dependent_camb
5,0.2483836,0.28674463,3000,3019,3009.5110465116277,3.633028053610327e-07,3.5579025739631143e-07,3.598130346300438e-07,2.132608481863543e-09,7.539909595708298e-10,0.9793215250367923,0.9903943193405266,-9.963710929634207,linear-baseline,scale_dependent_camb
5,0.2483836,0.28674463,3020,3039,3029.5109735973597,3.5971767648616375e-07,3.529700110262087e-07,3.5696114720958895e-07,2.143774180224067e-09,7.579386300845348e-10,0.9812417740327125,0.992336964634317,-8.902654109611069,linear-baseline,scale_dependent_camb
5,0.2483836,0.28674463,3040,3059,3049.5109016393444,3.561741433213259e-07,3.494141196418422e-07,3.5336733708392765e-07,1.2324106219307348e-09,4.357229539867765e-10,0.9810204536004594,0.9921195676608504,-15.514499793115936,linear-baseline,scale_dependent_camb
5,0.2483836,0.28674463,3060,3079,3069.5108306188927,3.526717707660003e-07,3.457144778933655e-07,3.496253393210042e-07,2.0034387079098516e-09,7.083225480273354e-10,0.9802726119600569,0.9913618506001225,-9.82221008213092,linear-baseline,scale_dependent_camb
5,0.2483836,0.28674463,3080,3099,3089.5107605177996,3.492101333678237e-07,3.429768521210827e-07,3.4685460991445614e-07,2.2014174223362965e-09,7.783185937781025e-10,0.9821503425842014,0.9932547104786147,-8.008650052266484,linear-baseline,scale_dependent_camb
5,0.2483836,0.28674463,3100,3119,3109.510691318328,3.457888160461914e-07,3.3941959823371024e-07,3.4325964711070123e-07,1.91511086200381e-09,6.770939386234542e-10,0.9815806136088846,0.9926857989092618,-9.406697430241199,linear-baseline,scale_dependent_camb
5,0.2483836,0.28674463,3120,3139,3129.5106230031947,3.4240741427952855e-07,3.3629599598103906e-07,3.401010079337436e-07,1.3564422782988377e-09,4.795747666366191e-10,0.9821516180911306,0.9932641460155355,-12.743410879080303,linear-baseline,scale_dependent_camb
5,0.2483836,0.28674463,3140,3159,3149.5105555555556,3.3906553312193974e-07,3.33937980693747e-07,3.3771376038351323e-07,2.057413098760764e-09,7.27405376917882e-10,0.9848774000088393,0.9960132404907686,-7.049098880625398,linear-baseline,scale_dependent_camb
5,0.2483836,0.28674463,3160,3179,3169.5104889589907,3.357627875976776e-07,3.2996753999152714e-07,3.33700623958216e-07,1.4572940746486756e-09,5.152312611835266e-10,0.9827400539302928,0.9938582722218384,-11.247857113402487,linear-baseline,scale_dependent_camb
5,0.2483836,0.28674463,3180,3199,3189.510423197492,3.324988037765103e-07,3.2770103708543604e-07,3.314045080299966e-07,2.69648090793368e-09,9.533499676699818e-10,0.9855705745807762,0.9967088731325204,-5.032534592517121,linear-baseline,scale_dependent_camb
5,0.2483836,0.28674463,3200,3219,3209.5103582554516,3.2927321893558263e-07,3.2470097341107893e-07,3.2837325163772577e-07,1.9923912055075298e-09,7.044166660954072e-10,0.9861141287491159,0.9972668068761678,-6.49082530918487,linear-baseline,scale_dependent_camb
5,0.2483836,0.28674463,3220,3239,3229.510294117647,3.2608567996688035e-07,3.2098888764968137e-07,3.2461907731672086e-07,2.095834732924594e-09,7.409894759486384e-10,0.9843697757052176,0.9955024009324529,-6.8783599263321635,linear-baseline,scale_dependent_camb
5,0.2483836,0.28674463,3240,3259,3249.510230769231,3.2293584360439217e-07,3.1801491114595627e-07,3.216131615506016e-07,1.4819800965531695e-09,5.239590879281203e-10,0.9847618882948646,0.995904195585638,-9.391825758561856,linear-baseline,scale_dependent_camb
5,0.2483836,0.28674463,3260,3279,3269.5101681957185,3.1982337701681195e-07,3.149702365980589e-07,3.185345871359807e-07,1.3462142869273052e-09,4.75958625608255e-10,0.9848255607078469,0.9959703074464019,-10.19655944369307,linear-baseline,scale_dependent_camb
5,0.2483836,0.28674463,3280,3299,3289.510106382979,3.1674795836425586e-07,3.1266019282096366e-07,3.1619508740989365e-07,1.9080608126697654e-09,6.746013697775529e-10,0.9870945796639001,0.9982545398012435,-6.059527487529595,linear-baseline,scale_dependent_camb
5,0.2483836,0.28674463,3300,3319,3309.5100453172204,3.1370927338058326e-07,3.106782741444364e-07,3.141929121657619e-07,1.479286879156292e-09,5.230068917858495e-10,0.990338190505227,1.0015416783188043,-5.795333261856803,linear-baseline,scale_dependent_camb
5,0.2483836,0.28674463,3320,3339,3329.509984984985,3.107070162584569e-07,3.062671312398593e-07,3.09730985721886e-07,2.1008388636174377e-09,7.427587033220653e-10,0.9857103805634556,0.9968586788019006,-5.977560409241557,linear-baseline,scale_dependent_camb
5,0.2483836,0.28674463,3340,3359,3349.509925373134,3.0774088989482527e-07,3.043236950306539e-07,3.0776433218440256e-07,2.4034703857264856e-09,8.497551040641225e-10,0.9888958699465019,1.0000761754136258,-4.021387865548527,linear-baseline,scale_dependent_camb
5,0.2483836,0.28674463,3360,3379,3369.5098664688426,3.04810604397302e-07,3.025343264055367e-07,3.05957298544965e-07,1.4577618336548093e-09,5.153966389661257e-10,0.9925321561686932,1.0037619890224305,-4.416555754673638,linear-baseline,scale_dependent_camb
5,0.2483836,0.28674463,3380,3399,3389.509808259587,3.0191587505438424e-07,2.980465672243134e-07,3.014173550644279e-07,1.5289060724298488e-09,5.405499258062183e-10,0.9871841524418885,0.9983488116023495,-7.158095201474366,linear-baseline,scale_dependent_camb
5,0.2483836,0.28674463,3400,3419,3409.509750733138,2.9905642306619893e-07,2.9704160098994646e-07,3.0040000212578696e-07,2.4212870030542853e-09,8.56054229529269e-10,0.9932627359894342,1.0044927276458817,-2.3536150009566463,linear-baseline,scale_dependent_camb
5,0.2483836,0.28674463,3420,3439,3429.509693877551,2.9623197431807184e-07,2.936961475129446e-07,2.970180478417223e-07,1.5873116300836575e-09,5.611994087442134e-10,0.9914397262113088,1.002653574197924,-4.518584242277817,linear-baseline,scale_dependent_camb
5,0.2483836,0.28674463,3440,3459,3449.5096376811593,2.9344225720617665e-07,2.9094181504561294e-07,2.9423230918145867e-07,1.6828603834200632e-09,5.9498099445326e-10,0.9914789295026215,1.0026923592491552,-4.2025580377763525,linear-baseline,scale_dependent_camb
5,0.2483836,0.28674463,3460,3479,3469.509582132565,2.906870040725902e-07,2.8925888367775125e-07,2.925325009021137e-07,1.0229433708076311e-09,3.616650971339505e-10,0.9950870855083624,1.0063487421304278,-3.948737122150358,linear-baseline,scale_dependent_camb
5,0.2483836,0.28674463,3480,3499,3489.5095272206304,2.8796594788811846e-07,2.866329661195471e-07,2.898748939932512e-07,1.4819784885880376e-09,5.23958519426596e-10,0.995371043769768,1.0066290688851671,-2.544059728297092,linear-baseline,scale_dependent_camb
5,0.2483836,0.28674463,3500,3519,3509.509472934473,2.852788220065379e-07,2.8382869212831156e-07,2.870389707797601e-07,1.4915170698237344e-09,5.273309171639259e-10,0.9949167980012441,1.0061699244298683,-2.7499428367018592,linear-baseline,scale_dependent_camb
5,0.2483836,0.28674463,3520,3539,3529.509419263456,2.8262536189125303e-07,2.811125398048228e-07,2.8429144206456355e-07,1.6188805200483257e-09,5.723606968284878e-10,0.9946472528993618,1.0058950129675608,-2.6431271308685775,linear-baseline,scale_dependent_camb
5,0.2483836,0.28674463,3540,3559,3549.509366197183,2.800053002765277e-07,2.793995459732269e-07,2.8255879618739506e-07,2.099027329448648e-09,7.421182292745141e-10,0.9978366327255143,1.0091194556258243,-0.81625040243652,linear-baseline,scale_dependent_camb
5,0.2483836,0.28674463,3560,3579,3569.5093137254903,2.7741836954832166e-07,2.7703761289093346e-07,2.801721445239644e-07,1.2608541268483207e-09,4.4577925159074546e-10,0.9986275001975964,1.009926433423015,-0.8541372350316475,linear-baseline,scale_dependent_camb
5,0.2483836,0.28674463,3580,3599,3589.50926183844,2.748643003319716e-07,2.738458949689985e-07,2.7694168221657955e-07,1.9377776689577347e-09,6.851078650759375e-10,0.9962948794669112,1.007557845388066,-1.4864890842556535,linear-baseline,scale_dependent_camb
5,0.2483836,0.28674463,3600,3619,3609.5092105263157,2.7234282029734184e-07,2.722103020527154e-07,2.7529018083050664e-07,1.1258538974506937e-09,3.9804946275634464e-10,0.9995134138492003,1.0108222442946977,-0.33291903902790076,linear-baseline,scale_dependent_camb
5,0.2483836,0.28674463,3620,3639,3629.5091597796145,2.6985365601207496e-07,2.699955239590298e-07,2.730478062430816e-07,1.748287682584141e-09,6.181130379100801e-10,1.0005257217895482,1.0118366016536893,0.2295178037895787,linear-baseline,scale_dependent_camb
5,0.2483836,0.28674463,3640,3659,3649.509109589041,2.673965286547821e-07,2.675069804811235e-07,2.705332926309039e-07,1.5138008656825271e-09,5.352094287450904e-10,1.0004130638004054,1.0117307580315356,0.20637122668102592,linear-baseline,scale_dependent_camb
5,0.2483836,0.28674463,3660,3679,3669.5090599455043,2.649711586094414e-07,2.6592045548550234e-07,2.6892938368430426e-07,1.1584737902707734e-09,4.0958233646367304e-10,1.003582642280929,1.014938324214739,2.31771927534069,linear-baseline,scale_dependent_camb
5,0.2483836,0.28674463,3680,3699,3689.509010840108,2.6257726127223065e-07,2.6275228913120343e-07,2.6572431987933166e-07,1.2375105626454202e-09,4.375260553182782e-10,1.0006665766034908,1.0119852670861635,0.4000398532733276,linear-baseline,scale_dependent_camb
5,0.2483836,0.28674463,3700,3719,3709.508962264151,2.6021455027378843e-07,2.610056845609649e-07,2.639587677701804e-07,9.987169432789268e-10,3.5309976153921486e-10,1.0030403153334202,1.0143889628479745,2.2405404176082397,linear-baseline,scale_dependent_camb
5,0.2483836,0.28674463,3720,3739,3729.508914209115,2.5788273451402713e-07,2.589957623076279e-07,2.6192517227927076e-07,1.2294830079053e-09,4.346878861217356e-10,1.0043160229229702,1.0156754882131271,2.5605217654698773,linear-baseline,scale_dependent_camb
5,0.2483836,0.28674463,3740,3759,3749.5088666666666,2.555815210423378e-07,2.5704568497128617e-07,2.5995329005111507e-07,1.187376456109535e-09,4.1980097196815154e-10,1.0057287550483973,1.0171051842517718,3.4877573581688766,linear-baseline,scale_dependent_camb
5,0.2483836,0.28674463,3760,3779,3769.5088196286474,2.5331061343041623e-07,2.543459741982661e-07,2.572221551986335e-07,1.6006989525333237e-09,5.659325419872584e-10,1.0040873169656364,1.0154416813225704,1.8294773511596378,linear-baseline,scale_dependent_camb
5,0.2483836,0.28674463,3780,3799,3789.5087730870714,2.510697132244913e-07,2.529606315634579e-07,2.558211244988197e-07,1.553448857515216e-09,5.49227110687752e-10,1.0075314474003314,1.0189246692215717,3.4428714500249695,linear-baseline,scale_dependent_camb
5,0.2483836,0.28674463,3800,3819,3809.5087270341205,2.4885851876018406e-07,2.5062197682674733e-07,2.5345529029953833e-07,1.6140579988458788e-09,5.706556781061547e-10,1.007086187265555,1.018471425299224,3.0902313500422727,linear-baseline,scale_dependent_camb
5,0.2483836,0.28674463,3820,3839,3829.508681462141,2.4667672710055506e-07,2.489809335182923e-07,2.517947351403948e-07,2.0524985062562917e-09,7.256678060745416e-10,1.009340996391597,1.02074783503088,3.1752909505545213,linear-baseline,scale_dependent_camb
5,0.2483836,0.28674463,3840,3859,3849.5086363636365,2.4452403286786264e-07,2.4678322661569157e-07,2.495757079025964e-07,1.0967843388393278e-09,3.8777182174624635e-10,1.0092391480760903,1.0206592169100352,5.8260905541179895,linear-baseline,scale_dependent_camb
5,0.2483836,0.28674463,3860,3879,3869.5085917312663,2.424001301415211e-07,2.4488944346329945e-07,2.4765797876301745e-07,1.8490161575297e-09,6.537259317563722e-10,1.0102694388832425,1.0216907829976274,3.8078852327156283,linear-baseline,scale_dependent_camb
5,0.2483836,0.28674463,3880,3899,3889.5085475578408,2.403047101439572e-07,2.425544319602392e-07,2.452998911930542e-07,7.112736920244827e-10,2.5147322545505186e-10,1.0093619547237933,1.0207868628380383,8.946168373237477,linear-baseline,scale_dependent_camb
5,0.2483836,0.28674463,3900,3919,3909.5085038363172,2.3823746489995732e-07,2.4049803131126753e-07,2.432177050176751e-07,1.3673142090641918e-09,4.834185746210053e-10,1.0094887108216144,1.020904521124791,4.676209252163031,linear-baseline,scale_dependent_camb
5,0.2483836,0.28674463,3920,3939,3929.5084605597963,2.3619808399844423e-07,2.387801986102828e-07,2.414815427200222e-07,1.0876534432216198e-09,3.8454356264145243e-10,1.0109319879658956,1.0223687619820523,6.7147518842907195,linear-baseline,scale_dependent_camb
5,0.2483836,0.28674463,3940,3959,3949.508417721519,2.34186258272868e-07,2.3768352449355696e-07,2.403709223650152e-07,1.4493105088176682e-09,5.124086444149494e-10,1.0149336952837515,1.0264091673771096,6.825150705023762,linear-baseline,scale_dependent_camb
5,0.2483836,0.28674463,3960,3979,3969.5083753148615,2.322016762488263e-07,2.3570235345234006e-07,2.383687034174039e-07,1.194292254213771e-09,4.2224607583656276e-10,1.015076020380501,1.0265589261378503,8.290609205966335,linear-baseline,scale_dependent_camb
5,0.2483836,0.28674463,3980,3999,3989.508333333333,2.3024402772710978e-07,2.3338828932101182e-07,2.3602887993003488e-07,9.899620590259037e-10,3.5000444252730686e-10,1.0136562134746387,1.0251248740739605,8.983490527143017,linear-baseline,scale_dependent_camb
5,0.2483836,0.28674463,4000,4019,4009.5082917705736,2.2831300208267682e-07,2.3231223932323647e-07,2.3493893580783312e-07,1.3224112433404044e-09,4.675429788416668e-10,1.0175164673237114,1.0290212719587337,8.553731788396707,linear-baseline,scale_dependent_camb
5,0.2483836,0.28674463,4020,4039,4029.5082506203476,2.264082883890453e-07,2.304104352771219e-07,2.3301512440573368e-07,1.490653894897536e-09,5.270257387420933e-10,1.0176766801098711,1.0291810695787587,7.593835734909151,linear-baseline,scale_dependent_camb
5,0.2483836,0.28674463,4040,4059,4049.5082098765433,2.245295768261228e-07,2.2827863052545994e-07,2.3086039083426983e-07,1.2031799779294024e-09,4.253883606908805e-10,1.0166973712431677,1.0281959022843998,8.813249364059304,linear-baseline,scale_dependent_camb
5,0.2483836,0.28674463,4060,4079,4069.5081695331696,2.2267655661621166e-07,2.2745999046361744e-07,2.300321413609995e-07,1.3218448005184765e-09,4.673427110613969e-10,1.0214815332161353,1.0330325960512554,10.23538772337322,linear-baseline,scale_dependent_camb
5,0.2483836,0.28674463,4080,4096,4088.005870123517,2.2098503344638788e-07,2.2539588033324698e-07,2.279464623236027e-07,9.649044186231158e-10,3.4114522880263415e-10,1.0199599349244128,1.0315018115419283,12.929528290166873,linear-baseline,scale_dependent_camb
6,0.21083225,0.2483836,20,39,30.608333333333334,9.281588041533994e-05,8.977541130969579e-05,9.016289825307538e-05,3.523204703986641e-06,1.2456409688486484e-06,0.9672419300227675,0.9714167214662751,-2.4408872072138665,linear-baseline,scale_dependent_camb
6,0.21083225,0.2483836,40,59,50.165,6.568532655806845e-05,6.455244598239446e-05,6.482828863466411e-05,1.849355389163785e-06,6.538458682507994e-07,0.9827529124838487,0.9869523686900349,-1.7326416372481221,linear-baseline,scale_dependent_camb
6,0.21083225,0.2483836,60,79,69.975,4.4445477872832335e-05,4.409673452163606e-05,4.428734443790959e-05,1.0404532897241409e-06,3.6785578833589577e-07,0.9921534570469891,0.9964420804434774,-0.9480436688896994,linear-baseline,scale_dependent_camb
6,0.21083225,0.2483836,80,99,89.86944444444444,3.336011621109323e-05,3.2933565244585334e-05,3.3073498658527814e-05,9.740403363903322e-07,3.4437526350541486e-07,0.9872137445862357,0.9914083766749557,-1.238622548454877,linear-baseline,scale_dependent_camb
6,0.21083225,0.2483836,100,119,109.80227272727272,2.446250559218816e-05,2.4711151874401657e-05,2.4817763140581032e-05,3.855364366373297e-07,1.3630771437037675e-07,1.010164383254874,1.0145225331499288,1.824154145361673,linear-baseline,scale_dependent_camb
6,0.21083225,0.2483836,120,139,129.75576923076923,1.9387922881130646e-05,1.9630742544344433e-05,1.9715233456302355e-05,3.276986550652646e-07,1.1585897059117999e-07,1.012524274245495,1.0168821888336612,2.095820996637368,linear-baseline,scale_dependent_camb
6,0.21083225,0.2483836,140,159,149.72166666666666,1.5212450635049393e-05,1.5912489516011923e-05,1.598079885731969e-05,2.170809276013439e-07,7.674969798658812e-08,1.046017495652518,1.050507853119998,9.12106365662651,linear-baseline,scale_dependent_camb
6,0.21083225,0.2483836,160,179,169.6955882352941,1.248307305717418e-05,1.308323420232562e-05,1.3139392394762846e-05,2.4418571711327355e-07,8.633268821984785e-08,1.0480779966922102,1.0525767440903881,6.951725441736715,linear-baseline,scale_dependent_camb
6,0.21083225,0.2483836,180,199,189.675,1.0313976864817743e-05,1.1140359887204156e-05,1.118839173249241e-05,1.2797708582656768e-07,4.52467326122294e-08,1.080122636808049,1.0847796033610861,18.26392702139681,linear-baseline,scale_dependent_camb
6,0.21083225,0.2483836,200,219,209.65833333333333,8.71482267912095e-06,9.590987346778483e-06,9.631803361128763e-06,2.1299977904800488e-07,7.530679407804028e-08,1.1005372914536353,1.10522080778588,11.634603203922959,linear-baseline,scale_dependent_camb
6,0.21083225,0.2483836,220,239,229.64456521739132,7.481962991361801e-06,8.330905781592803e-06,8.366952727438812e-06,9.12377516419208e-08,3.225741644310813e-08,1.1134652485198253,1.11828309457007,26.317755227802238,linear-baseline,scale_dependent_camb
6,0.21083225,0.2483836,240,259,249.633,6.504223771787104e-06,7.3051188381809945e-06,7.3362404058782225e-06,1.562846041917114e-07,5.525495170950732e-08,1.123134611368673,1.1279194356289057,14.494539251512663,linear-baseline,scale_dependent_camb
6,0.21083225,0.2483836,260,279,269.6231481481482,5.750850205184235e-06,6.4891464709124184e-06,6.517125327835293e-06,7.548593319417733e-08,2.6688307622898744e-08,1.1283803680128253,1.1332455368008512,27.663659912804686,linear-baseline,scale_dependent_camb
6,0.21083225,0.2483836,280,299,289.6146551724138,5.134518501663168e-06,5.821541773265751e-06,5.846674992049335e-06,3.192728223439286e-08,1.1287998886397987e-08,1.1338048098142102,1.1386997612639793,60.863159052083596,linear-baseline,scale_dependent_camb
6,0.21083225,0.2483836,300,319,309.60725806451615,4.64896382813165e-06,5.211173514236004e-06,5.233711261961549e-06,5.3137277017405846e-08,1.8786864456397877e-08,1.120932256496024,1.1257801642360596,29.92567958368879,linear-baseline,scale_dependent_camb
6,0.21083225,0.2483836,320,339,329.6007575757576,4.2472217949770955e-06,4.705920703810414e-06,4.726250314366656e-06,6.027492304897812e-08,2.131040341171488e-08,1.1079997539511102,1.1127863206852242,21.52464690467381,linear-baseline,scale_dependent_camb
6,0.21083225,0.2483836,340,359,349.595,3.9208250784073275e-06,4.331854777778312e-06,4.350524115918427e-06,5.5502195330499334e-08,1.9622989344468205e-08,1.1048324500969444,1.109594034142846,20.94633453423626,linear-baseline,scale_dependent_camb
6,0.21083225,0.2483836,360,379,369.58986486486486,3.6480449559751104e-06,3.982718277972177e-06,3.999869489517103e-06,3.484496196407646e-08,1.2319554447492892e-08,1.0917404599000096,1.0964419402139607,27.166024828533864,linear-baseline,scale_dependent_camb
6,0.21083225,0.2483836,380,399,389.5852564102564,3.419810324422626e-06,3.691550452098607e-06,3.7074589402790578e-06,3.0245914778158684e-08,1.0693545721413208e-08,1.0794605846222947,1.0841124473489612,25.411601984535153,linear-baseline,scale_dependent_camb
6,0.21083225,0.2483836,400,419,409.5810975609756,3.2260274742903667e-06,3.414924381478084e-06,3.429635688834793e-06,4.492111341480238e-08,1.5882011957028374e-08,1.0585540292800106,1.0631142221097216,11.893764322732638,linear-baseline,scale_dependent_camb
6,0.21083225,0.2483836,420,439,429.57732558139537,3.059630967188369e-06,3.180847746650883e-06,3.194532087856351e-06,3.100793341037516e-08,1.0962959992528591e-08,1.0396181045238622,1.0440906508381789,11.056938960383416,linear-baseline,scale_dependent_camb
6,0.21083225,0.2483836,440,459,449.5738888888889,2.9156166288279098e-06,2.9777207597118023e-06,2.990517991248559e-06,3.5694501258812836e-08,1.2619911945589156e-08,1.021300513335616,1.0256897157466,4.9211223621571225,linear-baseline,scale_dependent_camb
6,0.21083225,0.2483836,460,479,469.5707446808511,2.7892289026912834e-06,2.791793192096452e-06,2.8038377551001972e-06,1.8329432938854796e-08,6.480433163184147e-09,1.0009193542353925,1.0052375953779977,0.39569722279315284,linear-baseline,scale_dependent_camb
6,0.21083225,0.2483836,480,499,489.5678571428571,2.6771922836136267e-06,2.6455252546239683e-06,2.6569241661687062e-06,1.0774095466382495e-08,3.80921798271515e-09,0.9881715522700839,0.9924293381655938,-8.313262494651617,linear-baseline,scale_dependent_camb
6,0.21083225,0.2483836,500,519,509.56519607843137,2.5769881488870953e-06,2.492622597166505e-06,2.503314104918527e-06,4.1726212007556785e-08,1.4752443731885473e-08,0.9672619558778239,0.971410794418909,-5.718750957730847,linear-baseline,scale_dependent_camb
6,0.21083225,0.2483836,520,539,529.5627358490566,2.486637846699938e-06,2.3799765210048615e-06,2.3902057730477715e-06,2.761257132544908e-08,9.762518215111129e-09,0.9571062083541322,0.9612198962626812,-10.925595563036019,linear-baseline,scale_dependent_camb
6,0.21083225,0.2483836,540,559,549.5604545454545,2.404580815425145e-06,2.2534074418732157e-06,2.2630971282342996e-06,3.115401158608441e-08,1.1014606426842277e-08,0.9371310905492686,0.9411607685284513,-13.724809375260499,linear-baseline,scale_dependent_camb
6,0.21083225,0.2483836,560,579,569.5583333333333,2.329575370338576e-06,2.1693413639326925e-06,2.1786304870879796e-06,2.4040620251307543e-08,8.499642801815103e-09,0.9312175049384235,0.9352049797690563,-18.85185179448546,linear-baseline,scale_dependent_camb
6,0.21083225,0.2483836,580,599,589.5563559322034,2.2606202438967947e-06,2.0604693753062185e-06,2.0693019041840306e-06,2.4773181936153222e-08,8.758642469311013e-09,0.9114619675149146,0.9153690938452471,-22.851813998787513,linear-baseline,scale_dependent_camb
6,0.21083225,0.2483836,600,619,609.5545081967213,2.1969084855536807e-06,1.996406072171715e-06,2.0049584538165536e-06,2.144492922380388e-08,7.581927438108644e-09,0.9087342897073686,0.9126272063677925,-26.444781359181988,linear-baseline,scale_dependent_camb
6,0.21083225,0.2483836,620,639,629.5527777777778,2.1377852642064435e-06,1.9279641864349234e-06,1.936251660582209e-06,2.5684161168565977e-08,9.0807222656906e-09,0.9018511909102307,0.905727854430204,-23.10621023663287,linear-baseline,scale_dependent_camb
6,0.21083225,0.2483836,640,659,649.5511538461539,2.0827120837148694e-06,1.8627614660469989e-06,1.8707496577741368e-06,1.7870214728293833e-08,6.318075007818143e-09,0.8943922112961714,0.898227687063369,-34.81291649682826,linear-baseline,scale_dependent_camb
6,0.21083225,0.2483836,660,679,669.5496268656716,2.0312398164235814e-06,1.7967407122607288e-06,1.804458507465379e-06,1.7337222595428566e-08,6.129633832084087e-09,0.8845537083968071,0.8883532573925722,-38.25662520580328,linear-baseline,scale_dependent_camb
6,0.21083225,0.2483836,680,699,689.5481884057971,1.9829884667441157e-06,1.7541597497145312e-06,1.7617047667183273e-06,1.5005017759740405e-08,5.305074904868509e-09,0.8846041109834087,0.8884089828373456,-43.13392763212194,linear-baseline,scale_dependent_camb
6,0.21083225,0.2483836,700,719,709.5468309859154,1.937632791012095e-06,1.700400000573305e-06,1.707685627599305e-06,2.507237954563623e-08,8.864424798601134e-09,0.8775656607695647,0.8813257266911341,-26.762344520789107,linear-baseline,scale_dependent_camb
6,0.21083225,0.2483836,720,739,729.5455479452055,1.8948912925742378e-06,1.6568576959793972e-06,1.6639936716397954e-06,1.9349351489917692e-08,6.841028825041413e-09,0.8743813972191152,0.8781472996159244,-34.79499979937587,linear-baseline,scale_dependent_camb
6,0.21083225,0.2483836,740,759,749.5443333333334,1.8545170235281812e-06,1.6067788048819949e-06,1.613690649886633e-06,1.2960045124047687e-08,4.5820678958488845e-09,0.8664136184768639,0.8701406508615483,-54.06690260321639,linear-baseline,scale_dependent_camb
6,0.21083225,0.2483836,760,779,769.5431818181818,1.8162914386974371e-06,1.5710577964806225e-06,1.5778007127877296e-06,1.4540793138888268e-08,5.140946716169358e-09,0.8649811164706666,0.8686935803205996,-47.70203928500237,linear-baseline,scale_dependent_camb
6,0.21083225,0.2483836,780,799,789.5420886075949,1.7800198951040836e-06,1.5461475732281176e-06,1.5528165708936e-06,1.643536010124725e-08,5.810777289417376e-09,0.868612523646939,0.8723591096732105,-40.248027110227696,linear-baseline,scale_dependent_camb
6,0.21083225,0.2483836,800,819,809.5410493827161,1.7455283476309242e-06,1.512689646622831e-06,1.5191876901076668e-06,1.4522727740185412e-08,5.134559633205545e-09,0.8666084676744965,0.8703311476834777,-45.34735549711207,linear-baseline,scale_dependent_camb
6,0.21083225,0.2483836,820,839,829.5400602409638,1.7126606358479945e-06,1.4779672132499292e-06,1.4843241927926225e-06,9.97467172432927e-09,3.52657900819147e-09,0.8629656000227617,0.8666773566951779,-66.54988362742588,linear-baseline,scale_dependent_camb
6,0.21083225,0.2483836,840,859,849.5391176470588,1.6812763689739229e-06,1.4516572069714072e-06,1.45789071121252e-06,1.6887774445356033e-08,5.9707299147300685e-09,0.8634256888160206,0.8671332911805961,-38.45746923437861,linear-baseline,scale_dependent_camb
6,0.21083225,0.2483836,860,879,869.5382183908046,1.651249193735605e-06,1.43082988947437e-06,1.4369670402439009e-06,1.3882731607702057e-08,4.908286830599473e-09,0.8665136037023082,0.8702302751731036,-44.90758422818457,linear-baseline,scale_dependent_camb
6,0.21083225,0.2483836,880,899,889.5373595505617,1.6224651419278568e-06,1.4021034543872011e-06,1.4080985312689395e-06,1.819885747853035e-08,6.434267766458162e-09,0.8641809417989615,0.8678759838228628,-34.24813755644445,linear-baseline,scale_dependent_camb
6,0.21083225,0.2483836,900,919,909.5365384615385,1.594821423052595e-06,1.383152215352202e-06,1.3890786183640235e-06,1.697158144841233e-08,6.000360164816083e-09,0.8672771730798273,0.8709932023017561,-35.276083749362904,linear-baseline,scale_dependent_camb
6,0.21083225,0.2483836,920,939,929.535752688172,1.5682253528531544e-06,1.3590903439379431e-06,1.3649245594050606e-06,1.6434504459390005e-08,5.8104747743376136e-09,0.8666422472161154,0.8703625132202983,-35.992757397187454,linear-baseline,scale_dependent_camb
6,0.21083225,0.2483836,940,959,949.535,1.5425933099354139e-06,1.3354277779533439e-06,1.3411653920623558e-06,1.262215335137408e-08,4.462605113966559e-09,0.8657030789335242,0.869422538931216,-46.422555142445084,linear-baseline,scale_dependent_camb
6,0.21083225,0.2483836,960,979,969.5342783505155,1.5178498403256745e-06,1.311505610337748e-06,1.3171419303498853e-06,1.0573102655384339e-08,3.738156292901879e-09,0.8640549120829681,0.8677682701915199,-55.19946567770295,linear-baseline,scale_dependent_camb
6,0.21083225,0.2483836,980,999,989.5335858585859,1.493926781514406e-06,1.2961761299481264e-06,1.301762224506031e-06,1.3051288811635787e-08,4.614327410965891e-09,0.8676302921848565,0.871369494552085,-42.85579109456506,linear-baseline,scale_dependent_camb
6,0.21083225,0.2483836,1000,1019,1009.5329207920792,1.4707625516195662e-06,1.2810600339391131e-06,1.2865675778095654e-06,9.773578590011399e-09,3.4554818487283578e-09,0.871017576921878,0.8747622628770565,-54.89900569156947,linear-baseline,scale_dependent_camb
6,0.21083225,0.2483836,1020,1039,1029.532281553398,1.448301522975471e-06,1.2677992988541401e-06,1.2732315142688604e-06,1.761193168353482e-08,6.226758161610839e-09,0.8753697201460527,0.8791204690947662,-28.98815393765601,linear-baseline,scale_dependent_camb
6,0.21083225,0.2483836,1040,1059,1049.5316666666668,1.4264934456748384e-06,1.2484839847669508e-06,1.253854800905317e-06,1.0854779703948454e-08,3.837744168474028e-09,0.8752118620330037,0.8789769099234449,-46.383878938618295,linear-baseline,scale_dependent_camb
6,0.21083225,0.2483836,1060,1079,1069.5310747663552,1.405292976883699e-06,1.2265009448590653e-06,1.2317731591781458e-06,1.0469346536420361e-08,3.7014729652473654e-09,0.872772414745064,0.8765240981347951,-48.302941478510874,linear-baseline,scale_dependent_camb
6,0.21083225,0.2483836,1080,1099,1089.530504587156,1.3846591952374997e-06,1.2155509922142773e-06,1.220766074521741e-06,1.659941905795779e-08,5.868780889819582e-09,0.8778701621273554,0.8816364912900843,-28.814877603723453,linear-baseline,scale_dependent_camb
6,0.21083225,0.2483836,1100,1119,1109.529954954955,1.3645552482037052e-06,1.202824562404289e-06,1.207986395399415e-06,1.2773677681157033e-08,4.516177054518696e-09,0.8814773634029711,0.8852601585678581,-35.8114139120377,linear-baseline,scale_dependent_camb
6,0.21083225,0.2483836,1120,1139,1129.529424778761,1.3449479788034652e-06,1.185156042724611e-06,1.1902381724204356e-06,1.4737790963966529e-08,5.2105959651652784e-09,0.8811909913266583,0.8849696725663194,-30.66672932369372,linear-baseline,scale_dependent_camb
6,0.21083225,0.2483836,1140,1159,1149.5289130434783,1.3258075594696119e-06,1.1769894113455883e-06,1.1820473655011626e-06,1.1798338743886495e-08,4.171342666269057e-09,0.8877528287864356,0.8915678275164154,-35.67631816187613,linear-baseline,scale_dependent_camb
6,0.21083225,0.2483836,1160,1179,1169.5284188034188,1.3071071742068322e-06,1.157045335786152e-06,1.1620050466792297e-06,1.0396756383656164e-08,3.6758084706139e-09,0.885195459575272,0.8889898775013211,-40.82417232027825,linear-baseline,scale_dependent_camb
6,0.21083225,0.2483836,1180,1199,1189.5279411764707,1.2888227277336222e-06,1.1468913896967007e-06,1.1518241901480082e-06,5.7440711473680465e-09,2.030835829960969e-09,0.8898752055012981,0.8937025747314962,-69.8881396235999,linear-baseline,scale_dependent_camb
6,0.21083225,0.2483836,1200,1219,1209.527479338843,1.270932559695072e-06,1.133288780465225e-06,1.1381469809115543e-06,1.2318593023974042e-08,4.3552803309646716e-09,0.8916985970814445,0.8955211448706796,-31.603885116474174,linear-baseline,scale_dependent_camb
6,0.21083225,0.2483836,1220,1239,1229.5270325203253,1.253417170660147e-06,1.1166391965572462e-06,1.1214318282575474e-06,1.1174090252494837e-08,3.9506374955648e-09,0.8908759371543771,0.8946995896561032,-34.62174756769133,linear-baseline,scale_dependent_camb
6,0.21083225,0.2483836,1240,1259,1249.5266,1.2362589778203017e-06,1.112369996422153e-06,1.1171479830860157e-06,8.266150058724234e-09,2.9225253804147417e-09,0.8997871937669707,0.9036520689667343,-42.39107117029296,linear-baseline,scale_dependent_camb
6,0.21083225,0.2483836,1260,1279,1269.5261811023622,1.2194420820737477e-06,1.097145179068744e-06,1.1018633991967131e-06,1.0259225401069225e-08,3.627183925408663e-09,0.89971077363754,0.9035799365910977,-33.716763616067475,linear-baseline,scale_dependent_camb
6,0.21083225,0.2483836,1280,1299,1289.5257751937984,1.2029521039184441e-06,1.0886659810964353e-06,1.0933474105682109e-06,8.185302271207705e-09,2.893941371016308e-09,0.9049952841432855,0.9088869016536805,-39.49151284356299,linear-baseline,scale_dependent_camb
6,0.21083225,0.2483836,1300,1319,1309.5253816793893,1.186775958910038e-06,1.0752050697042342e-06,1.0798091863611493e-06,1.3380273018002573e-08,4.730640892578505e-09,0.9059882462497192,0.9098677625327619,-23.584730217175828,linear-baseline,scale_dependent_camb
6,0.21083225,0.2483836,1320,1339,1329.525,1.1709017348487844e-06,1.0616782090181585e-06,1.0662287045993942e-06,1.175163336058472e-08,4.1548298196437555e-09,0.9067184524713924,0.9106047696966576,-26.28832721721224,linear-baseline,scale_dependent_camb
6,0.21083225,0.2483836,1340,1359,1349.5246296296295,1.1553185446134502e-06,1.0519331285676117e-06,1.0564568953735843e-06,9.741291052982465e-09,3.4440664805378722e-09,0.9105134973139123,0.9144290986232344,-30.01841475188143,linear-baseline,scale_dependent_camb
6,0.21083225,0.2483836,1360,1379,1369.5242700729927,1.1400164153788849e-06,1.041017990617757e-06,1.0454787934718867e-06,1.1945543504613099e-08,4.223387408535419e-09,0.9131605269664246,0.9170734555821475,-23.440526569041058,linear-baseline,scale_dependent_camb
6,0.21083225,0.2483836,1380,1399,1389.5239208633093,1.1249861785236545e-06,1.0297990626403794e-06,1.0342143462632895e-06,1.1663084969045183e-08,4.1235232355833715e-09,0.9153881908058716,0.9193129355780291,-23.083928583661432,linear-baseline,scale_dependent_camb
6,0.21083225,0.2483836,1400,1419,1409.5235815602837,1.1102193782586758e-06,1.0175782890168618e-06,1.0219387563371385e-06,1.1958905625467408e-08,4.228111631668977e-09,0.9165560509427273,0.920483623642022,-21.910748180800855,linear-baseline,scale_dependent_camb
6,0.21083225,0.2483836,1420,1439,1429.5232517482518,1.095708199325439e-06,1.0046292985912517e-06,1.008945446955485e-06,1.1134436148129771e-08,3.9366176525155916e-09,0.9168766823226666,0.92081582265847,-23.136333973401204,linear-baseline,scale_dependent_camb
6,0.21083225,0.2483836,1440,1459,1449.5229310344828,1.0814453948412304e-06,9.95638617574674e-07,9.999117799862451e-07,9.91974644951504e-09,3.5071599910516314e-09,0.9206554693599173,0.9246068130264169,-24.466171342479022,linear-baseline,scale_dependent_camb
6,0.21083225,0.2483836,1460,1479,1469.522619047619,1.0674242091937005e-06,9.860496059611997e-07,9.902841874439007e-07,8.26191801230385e-09,2.9210291260536667e-09,0.9237654509504064,0.9277325536694835,-27.858196450933235,linear-baseline,scale_dependent_camb
6,0.21083225,0.2483836,1480,1499,1489.5223154362416,1.0536383102749207e-06,9.73961003416766e-07,9.781458289228545e-07,6.918330455139185e-09,2.4459991896591655e-09,0.9243788821257223,0.9283506677615316,-32.57454344016244,linear-baseline,scale_dependent_camb
6,0.21083225,0.2483836,1500,1519,1509.5220198675497,1.0400817457547446e-06,9.662667702563991e-07,9.70407108871074e-07,1.1806675105342692e-08,4.1742900151271065e-09,0.9290296404108304,0.9330104223364573,-17.68324079803973,linear-baseline,scale_dependent_camb
6,0.21083225,0.2483836,1520,1539,1529.5217320261438,1.026748892123974e-06,9.533873860006424e-07,9.574789447926064e-07,9.363306620127908e-09,3.3104288027106677e-09,0.9285497099767276,0.9325346753595487,-22.160726146190264,linear-baseline,scale_dependent_camb
6,0.21083225,0.2483836,1540,1559,1549.5214516129033,1.0136344103491877e-06,9.438157073063231e-07,9.478638840500187e-07,9.859220901348711e-09,3.4857609782799093e-09,0.9311204292888866,0.9351141539517077,-20.02968748514634,linear-baseline,scale_dependent_camb
6,0.21083225,0.2483836,1560,1579,1569.521178343949,1.0007331949197905e-06,9.351579488127051e-07,9.391677080229541e-07,7.932296361821603e-09,2.804490273912717e-09,0.9344727981044526,0.9384796195335852,-23.382233383750435,linear-baseline,scale_dependent_camb
6,0.21083225,0.2483836,1580,1599,1589.5209119496856,9.88040355258204e-07,9.250546072719426e-07,9.290154810788352e-07,1.0069808053017017e-08,3.5602147797676188e-09,0.9362518467478979,0.9402606645920409,-17.691558482427478,linear-baseline,scale_dependent_camb
6,0.21083225,0.2483836,1600,1619,1609.520652173913,9.755512021888806e-07,9.122964820045942e-07,9.162141358172264e-07,1.0950030696544994e-08,3.87142047986391e-09,0.9351600202609976,0.9391758564404232,-16.338891761638337,linear-baseline,scale_dependent_camb
6,0.21083225,0.2483836,1620,1639,1629.520398773006,9.632611983356546e-07,9.036996970228346e-07,9.075784165542995e-07,7.990876616382203e-09,2.825201521534435e-09,0.938166821817663,0.9421934757908186,-21.082213377993195,linear-baseline,scale_dependent_camb
6,0.21083225,0.2483836,1640,1659,1649.5201515151516,9.511659670178152e-07,8.960141386723797e-07,8.99865637095713e-07,9.524429612070368e-09,3.3673943828144576e-09,0.9420166088171209,0.9460658479161698,-16.378190991498816,linear-baseline,scale_dependent_camb
6,0.21083225,0.2483836,1660,1679,1669.5199101796406,9.392612621407691e-07,8.86044377919713e-07,8.898461223972379e-07,9.55798730913275e-09,3.3792588203913647e-09,0.9433417661665682,0.9473893561511267,-15.748093605595082,linear-baseline,scale_dependent_camb
6,0.21083225,0.2483836,1680,1699,1689.519674556213,9.275429838776026e-07,8.765406521608235e-07,8.803100022261275e-07,7.332536353348029e-09,2.5924430893746346e-09,0.9450135113916087,0.9490773123483539,-19.673462428477915,linear-baseline,scale_dependent_camb
6,0.21083225,0.2483836,1700,1719,1709.5194444444444,9.160071479034292e-07,8.665218541592239e-07,8.702261098973051e-07,1.1341565729921438e-08,4.009849018450202e-09,0.9459771751154257,0.9500210908714977,-12.340936907228304,linear-baseline,scale_dependent_camb
6,0.21083225,0.2483836,1720,1739,1729.519219653179,9.04649884529101e-07,8.585702600425584e-07,8.622498061560477e-07,8.669264165458438e-09,3.0650477396465984e-09,0.9490635821939793,0.9531309525395851,-15.033901067999572,linear-baseline,scale_dependent_camb
6,0.21083225,0.2483836,1740,1759,1749.519,8.934674450308564e-07,8.461191307269565e-07,8.497419639164118e-07,8.933473269112404e-09,3.1584597640690677e-09,0.9470061113393283,0.9510609128988079,-14.990950602739593,linear-baseline,scale_dependent_camb
6,0.21083225,0.2483836,1760,1779,1769.5187853107345,8.824561910193194e-07,8.360361042612104e-07,8.396309934224734e-07,5.879598326565001e-09,2.0787519236835945e-09,0.9473967237914785,0.9514704548138772,-22.33074867146801,linear-baseline,scale_dependent_camb
6,0.21083225,0.2483836,1780,1799,1789.5185754189945,8.716125869370039e-07,8.297336930095708e-07,8.332959956589076e-07,8.78308382978235e-09,3.1052890678845058e-09,0.9519523988580721,0.9560394241061302,-13.486310939793851,linear-baseline,scale_dependent_camb
6,0.21083225,0.2483836,1800,1819,1809.5183701657459,8.609331944568416e-07,8.20538829571313e-07,8.240670596353166e-07,3.865425514340728e-09,1.3666342966809134e-09,0.9530807208438359,0.9571788670028181,-29.557552436399934,linear-baseline,scale_dependent_camb
6,0.21083225,0.2483836,1820,1839,1829.518169398907,8.504146718633672e-07,8.117977329596278e-07,8.152764138661856e-07,9.563067375593324e-09,3.3810548951129395e-09,0.9545904601820606,0.9586810303728777,-11.421565192436633,linear-baseline,scale_dependent_camb
6,0.21083225,0.2483836,1840,1859,1849.517972972973,8.400537718155753e-07,8.02952053902016e-07,8.063948520130792e-07,8.693626359538454e-09,3.073661075965879e-09,0.9558341154360002,0.9599324222665527,-12.070855242847609,linear-baseline,scale_dependent_camb
6,0.21083225,0.2483836,1860,1879,1869.5177807486632,8.298473302574237e-07,7.92582684466597e-07,7.959935487949658e-07,5.600685921839281e-09,1.980141497314293e-09,0.955094576517747,0.9592048076458157,-18.819183296430854,linear-baseline,scale_dependent_camb
6,0.21083225,0.2483836,1880,1899,1889.5175925925926,8.197922619988738e-07,7.838611213589585e-07,7.872176201729761e-07,8.820461476231098e-09,3.1185040615188573e-09,0.956170432064941,0.9602647605547386,-11.521915614377997,linear-baseline,scale_dependent_camb
6,0.21083225,0.2483836,1900,1919,1909.5174083769634,8.098855620781079e-07,7.774157906908335e-07,7.80751932618267e-07,6.1467069317812e-09,2.1731890767144217e-09,0.9599081982595673,0.964027473974118,-14.94107058386492,linear-baseline,scale_dependent_camb
6,0.21083225,0.2483836,1920,1939,1929.5172279792746,8.001243047484824e-07,7.675370879447793e-07,7.708315224050119e-07,6.1607556167980766e-09,2.1781560369355154e-09,0.9592723073023675,0.9633897106116797,-14.960919351558763,linear-baseline,scale_dependent_camb
6,0.21083225,0.2483836,1940,1959,1949.5170512820512,7.905056355490857e-07,7.597426806240181e-07,7.629908443608977e-07,9.386142823138167e-09,3.3185026197132216e-09,0.9610844584255245,0.9651934281669273,-9.270131276173617,linear-baseline,scale_dependent_camb
6,0.21083225,0.2483836,1960,1979,1969.5168781725888,7.810267679801768e-07,7.517655863531595e-07,7.549916640777134e-07,5.739704287506624e-09,2.0292919118507175e-09,0.962534982376225,0.9666655421173423,-14.419404845669069,linear-baseline,scale_dependent_camb
6,0.21083225,0.2483836,1980,1999,1989.5167085427136,7.716849858589294e-07,7.421223648654997e-07,7.453055841786464e-07,6.718219033270497e-09,2.3752491179610497e-09,0.9616908174512105,0.9658158417441266,-12.446113870702842,linear-baseline,scale_dependent_camb
6,0.21083225,0.2483836,2000,2019,2009.5165422885573,7.624776398221812e-07,7.371655242365099e-07,7.40321498327766e-07,8.761457322115435e-09,3.0976429427721766e-09,0.9668028093367114,0.9709419131299611,-8.1714116356544,linear-baseline,scale_dependent_camb
6,0.21083225,0.2483836,2020,2039,2029.5163793103447,7.534021426204583e-07,7.25889690645747e-07,7.290073326657551e-07,5.458358666687605e-09,1.9298212136815837e-09,0.9634823815618331,0.9676204664485637,-14.256477118014939,linear-baseline,scale_dependent_camb
6,0.21083225,0.2483836,2040,2059,2049.516219512195,7.444559630344973e-07,7.199839126706505e-07,7.23081302391081e-07,5.366002244865827e-09,1.8971682876034315e-09,0.9671276051519614,0.9712882135347665,-12.899251228134712,linear-baseline,scale_dependent_camb
6,0.21083225,0.2483836,2060,2079,2069.5160628019325,7.356366286434593e-07,7.10195875766375e-07,7.132403112143507e-07,7.684299375621119e-09,2.7168100985846227e-09,0.9654166855122509,0.9695551899442416,-9.364199908686327,linear-baseline,scale_dependent_camb
6,0.21083225,0.2483836,2080,2099,2089.515909090909,7.2694172467331e-07,7.037473381012957e-07,7.067691893716113e-07,5.1591737013704795e-09,1.8240433547791829e-09,0.9680931967656171,0.9722501342033101,-12.715918462816456,linear-baseline,scale_dependent_camb
6,0.21083225,0.2483836,2100,2119,2109.5157582938386,7.183688835188831e-07,6.94550242806064e-07,6.975308069470727e-07,5.134092139387264e-09,1.8151756834986418e-09,0.9668434403837969,0.9709925122734485,-13.121947880499453,linear-baseline,scale_dependent_camb
6,0.21083225,0.2483836,2120,2139,2129.5156103286386,7.099157882377894e-07,6.85421746103043e-07,6.883637382966735e-07,6.5995952592044775e-09,2.3333092804350385e-09,0.9654972568006305,0.969641399306509,-10.497554842013749,linear-baseline,scale_dependent_camb
6,0.21083225,0.2483836,2140,2159,2149.515465116279,7.015801760783631e-07,6.812693847075958e-07,6.841974822135969e-07,3.7405568269095e-09,1.3224865488606712e-09,0.9710499354695298,0.975223510501778,-15.358032479245363,linear-baseline,scale_dependent_camb
6,0.21083225,0.2483836,2160,2179,2169.5153225806453,6.933598335020212e-07,6.736536826058172e-07,6.765448246888798e-07,5.075383948327874e-09,1.7944192034939967e-09,0.9715787532763873,0.9757485103684012,-10.981910390745462,linear-baseline,scale_dependent_camb
6,0.21083225,0.2483836,2180,2199,2189.5151826484016,6.852526027913412e-07,6.658980867367369e-07,6.687513634046602e-07,7.751500695426509e-09,2.7405693530541613e-09,0.9717556475148511,0.9759194794452964,-7.062224509310509,linear-baseline,scale_dependent_camb
6,0.21083225,0.2483836,2200,2219,2209.515045248869,6.772563815092001e-07,6.586480432581474e-07,6.61469210885945e-07,7.576115619156156e-09,2.6785613646793183e-09,0.9725239381139742,0.9766895210524632,-6.9471390487559495,linear-baseline,scale_dependent_camb
6,0.21083225,0.2483836,2220,2239,2229.5149103139015,6.693691232407122e-07,6.506419383193596e-07,6.534290696477102e-07,6.3354913618732955e-09,2.239934452064701e-09,0.9720226340428044,0.9761864522285864,-8.360595062989633,linear-baseline,scale_dependent_camb
6,0.21083225,0.2483836,2240,2259,2249.514777777778,6.615888523282557e-07,6.452850230327833e-07,6.48058121283488e-07,3.848210568978883e-09,1.3605478943793553e-09,0.9753565537900221,0.9795481272135246,-11.983282148924086,linear-baseline,scale_dependent_camb
6,0.21083225,0.2483836,2260,2279,2269.5146475770925,6.539136498415151e-07,6.370320226660333e-07,6.397627940406578e-07,6.63243890183407e-09,2.3449212616461643e-09,0.9741837057850478,0.9783597485626934,-7.199229863961684,linear-baseline,scale_dependent_camb
6,0.21083225,0.2483836,2280,2299,2289.514519650655,6.463416685668106e-07,6.297594111105583e-07,6.324647415021901e-07,4.0783157246009436e-09,1.4419023523425276e-09,0.9743444400033474,0.978530044186396,-11.500263821133723,linear-baseline,scale_dependent_camb
6,0.21083225,0.2483836,2300,2319,2309.514393939394,6.388711236318522e-07,6.23728344364395e-07,6.264074899107029e-07,4.166336405590521e-09,1.4730223625487216e-09,0.9762975994573467,0.9804911612684949,-10.28007425580159,linear-baseline,scale_dependent_camb
6,0.21083225,0.2483836,2320,2339,2329.514270386266,6.315003059087479e-07,6.163978496045813e-07,6.190441093618377e-07,4.260281603890909e-09,1.5062370059377812e-09,0.9760847997018247,0.9802752327586202,-10.026613504137012,linear-baseline,scale_dependent_camb
6,0.21083225,0.2483836,2340,2359,2349.5141489361704,6.24227567883831e-07,6.099686855101041e-07,6.125965210953087e-07,3.2899527264213393e-09,1.1631739413178497e-09,0.9771575574240251,0.981367297141406,-12.258598535634208,linear-baseline,scale_dependent_camb
6,0.21083225,0.2483836,2360,2379,2369.514029535865,6.170513286242803e-07,6.021892172464047e-07,6.047771251696236e-07,5.077910948437244e-09,1.7953126329506939e-09,0.975914302930016,0.9801082942613184,-8.278285968193096,linear-baseline,scale_dependent_camb
6,0.21083225,0.2483836,2380,2399,2389.513912133891,6.099700708896097e-07,5.949297636060849e-07,5.974833128061272e-07,5.0548821074065885e-09,1.7871707081228722e-09,0.9753425487555654,0.9795289003847825,-8.415708256164415,linear-baseline,scale_dependent_camb
6,0.21083225,0.2483836,2400,2419,2409.5137966804978,6.029823364007483e-07,5.879391024732441e-07,5.904662431033504e-07,3.6280802999732037e-09,1.282720091400188e-09,0.9750519492539391,0.9792430183409558,-11.727604508855386,linear-baseline,scale_dependent_camb
6,0.21083225,0.2483836,2420,2439,2429.513683127572,5.960867261649436e-07,5.84525856637463e-07,5.870407785762041e-07,2.247264698594855e-09,7.945280537487823e-10,0.9806053900883517,0.984824443840683,-14.550612118645201,linear-baseline,scale_dependent_camb
6,0.21083225,0.2483836,2440,2459,2449.5135714285716,5.892818899973329e-07,5.768751930801232e-07,5.79353877361736e-07,3.771040530568701e-09,1.3332641656472221e-09,0.9789460746583171,0.9831523540700668,-9.305505418115636,linear-baseline,scale_dependent_camb
6,0.21083225,0.2483836,2460,2479,2469.5134615384613,5.825665260071404e-07,5.718340955053853e-07,5.742928477627557e-07,2.937514902878143e-09,1.0385683538308388e-09,0.9815773306178192,0.9857978825163679,-10.333870141688593,linear-baseline,scale_dependent_camb
6,0.21083225,0.2483836,2480,2499,2489.513353413655,5.759393812153309e-07,5.654185857309049e-07,5.678523090947631e-07,2.508697721407862e-09,8.869585853773696e-10,0.9817328076051592,0.985958466490861,-11.86165358549378,linear-baseline,scale_dependent_camb
6,0.21083225,0.2483836,2500,2519,2509.513247011952,5.69399241104353e-07,5.591797657194906e-07,5.615897598890356e-07,3.2374536608397786e-09,1.1446127186785103e-09,0.9820521794777217,0.9862847003445757,-8.92832590280936,linear-baseline,scale_dependent_camb
6,0.21083225,0.2483836,2520,2539,2529.51314229249,5.62944927329009e-07,5.529575702265563e-07,5.553314910558144e-07,3.418973084115883e-09,1.2087895262363126e-09,0.9822587315071131,0.9864756996580147,-8.262279648922249,linear-baseline,scale_dependent_camb
6,0.21083225,0.2483836,2540,2559,2549.513039215686,5.565752967887539e-07,5.468099255252253e-07,5.49159201142411e-07,3.2694509576204163e-09,1.1559254714451239e-09,0.9824545370233437,0.9866754854390212,-8.448097654012223,linear-baseline,scale_dependent_camb
6,0.21083225,0.2483836,2560,2579,2569.512937743191,5.502892410551609e-07,5.406658650357138e-07,5.429901296757323e-07,3.4086217057818575e-09,1.2051297613290041e-09,0.9825121494271002,0.9867358639150698,-7.9853442577291815,linear-baseline,scale_dependent_camb
6,0.21083225,0.2483836,2580,2599,2589.5128378378377,5.44085680448617e-07,5.334314196932461e-07,5.357287208573217e-07,2.818005592950984e-09,9.963154320986292e-10,0.980418046020645,0.9846403610835618,-10.69366228015647,linear-baseline,scale_dependent_camb
6,0.21083225,0.2483836,2600,2619,2609.5127394636015,5.379635636456921e-07,5.290223661964778e-07,5.312932041191875e-07,4.187781755062831e-09,1.4806044385671145e-09,0.9833795482567236,0.9876007224703088,-6.038883321103165,linear-baseline,scale_dependent_camb
6,0.21083225,0.2483836,2620,2639,2629.5126425855515,5.319218680984305e-07,5.232372565586612e-07,5.254834579880916e-07,4.1349410933841116e-09,1.4619224434694111e-09,0.9836731443833735,0.9878959477011998,-5.940541906695899,linear-baseline,scale_dependent_camb
6,0.21083225,0.2483836,2640,2659,2649.512547169811,5.259596005121676e-07,5.191296141646599e-07,5.213568983931652e-07,3.755538972636997e-09,1.3277835372809901e-09,0.9870142377078833,0.9912489436174938,-5.143900459478499,linear-baseline,scale_dependent_camb
6,0.21083225,0.2483836,2660,2679,2669.5124531835204,5.200757953392403e-07,5.135782468800066e-07,5.157867040752466e-07,2.6123461460852143e-09,9.236038373516991e-10,0.9875065355521969,0.9917529496615087,-7.034995088223623,linear-baseline,scale_dependent_camb
6,0.21083225,0.2483836,2680,2699,2689.5123605947956,5.14269513593621e-07,5.06694696047797e-07,5.088744307236768e-07,2.5839281486648916e-09,9.135565580098731e-10,0.9852707241133302,0.9895092306128662,-8.29156933898569,linear-baseline,scale_dependent_camb
6,0.21083225,0.2483836,2700,2719,2709.512269372694,5.085398449335478e-07,5.01545173360536e-07,5.03699156947558e-07,3.2518450540911135e-09,1.1497008445578809e-09,0.986245578114089,0.99048120214332,-6.083905744804081,linear-baseline,scale_dependent_camb
6,0.21083225,0.2483836,2720,2739,2729.5121794871793,5.028859079470233e-07,4.965329057132242e-07,4.986620205437146e-07,4.207384361071245e-09,1.4875350063858534e-09,0.9873669113940087,0.9916007043813333,-4.270825363118357,linear-baseline,scale_dependent_camb
6,0.21083225,0.2483836,2740,2759,2749.512090909091,4.973068482531631e-07,4.919404606482168e-07,4.940574624330724e-07,3.0788495982507536e-09,1.0885377145882927e-09,0.9892091017370941,0.9934660344382861,-4.929905076349122,linear-baseline,scale_dependent_camb
6,0.21083225,0.2483836,2760,2779,2769.5120036101084,4.918018383658553e-07,4.864720110641459e-07,4.885616432145436e-07,3.7664265212336195e-09,1.331632867002575e-09,0.9891626527476611,0.9934115838971277,-4.00247503180551,linear-baseline,scale_dependent_camb
6,0.21083225,0.2483836,2780,2799,2789.511917562724,4.863700774170788e-07,4.791833998033884e-07,4.812414142523589e-07,3.0191087369745415e-09,1.0674161305271253e-09,0.9852238491893744,0.9894552247293743,-6.7327796612379744,linear-baseline,scale_dependent_camb
6,0.21083225,0.2483836,2800,2819,2809.5118327402133,4.810107916291967e-07,4.7679365307334526e-07,4.788432890379574e-07,2.6500800345200697e-09,9.369447815481106e-10,0.9912327568752296,0.995493858705544,-4.500946735498649,linear-baseline,scale_dependent_camb
6,0.21083225,0.2483836,2820,2839,2829.511749116608,4.7572323062810573e-07,4.711850351780602e-07,4.732125254208619e-07,1.9797715662384977e-09,6.999549498437769e-10,0.9904604291784245,0.9947223405425695,-6.483553621641512,linear-baseline,scale_dependent_camb
6,0.21083225,0.2483836,2840,2859,2849.5116666666668,4.7050666635319916e-07,4.652780173088972e-07,4.6727750378980177e-07,2.4590905299554225e-09,8.6941979464155e-10,0.9888871945538452,0.9931368399337974,-6.01395215122479,linear-baseline,scale_dependent_camb
6,0.21083225,0.2483836,2860,2879,2869.5115853658535,4.6536039216788725e-07,4.613002825276816e-07,4.632813490347291e-07,3.322854290466625e-09,1.174806400841882e-09,0.9912753433499324,0.9955324020519389,-3.4559818854375504,linear-baseline,scale_dependent_camb
6,0.21083225,0.2483836,2880,2899,2889.5115051903113,4.6028372160440045e-07,4.5697902110069745e-07,4.58942768682053e-07,2.8969533504925834e-09,1.0242276794571974e-09,0.9928202968113148,0.9970866818455509,-3.2265291887584726,linear-baseline,scale_dependent_camb
6,0.21083225,0.2483836,2900,2919,2909.5114261168383,4.55275984865771e-07,4.534796113956324e-07,4.5542566495534055e-07,3.331744283822218e-09,1.1779494881351038e-09,0.9960543197316497,1.0003287678123713,-1.5250004250883162,linear-baseline,scale_dependent_camb
6,0.21083225,0.2483836,2920,2939,2929.511348122867,4.503365268004858e-07,4.4775939488057726e-07,4.496844525660513e-07,1.9533137148995636e-09,6.906006867950839e-10,0.9942773198118786,0.9985520289924797,-3.7317251042254056,linear-baseline,scale_dependent_camb
6,0.21083225,0.2483836,2940,2959,2949.511271186441,4.454647059089286e-07,4.433777476909427e-07,4.452871660477434e-07,2.16771448729224e-09,7.664028068203314e-10,0.9953150986143163,0.9996014502185466,-2.723056595583623,linear-baseline,scale_dependent_camb
6,0.21083225,0.2483836,2960,2979,2969.5111952861953,4.40659892621059e-07,4.3908913599705766e-07,4.409760642114793e-07,2.706848062816352e-09,9.57015310429556e-10,0.9964354445450925,1.0007174957279177,-1.6413077271421357,linear-baseline,scale_dependent_camb
6,0.21083225,0.2483836,2980,2999,2989.511120401338,4.3592146600115924e-07,4.349375177494326e-07,4.3680817872013377e-07,2.5009447641497194e-09,8.842175010516286e-10,0.9977428313848531,1.002034111160225,-1.1127898402331822,linear-baseline,scale_dependent_camb
6,0.21083225,0.2483836,3000,3019,3009.5110465116277,4.312488115215704e-07,4.2932920048041094e-07,4.311739763520468e-07,3.0699580553846007e-09,1.0853940794603588e-09,0.9955487157532411,0.9998264686938856,-1.7685844040294327,linear-baseline,scale_dependent_camb
6,0.21083225,0.2483836,3020,3039,3029.5109735973597,4.266413202570227e-07,4.24964467162426e-07,4.2679088505066163e-07,2.2386582826117293e-09,7.914852261970921e-10,0.9960696420740811,1.0003505633105316,-2.118615785987076,linear-baseline,scale_dependent_camb
6,0.21083225,0.2483836,3040,3059,3049.5109016393444,4.220983873845498e-07,4.2102269392562063e-07,4.228295133684133e-07,2.9630226596894766e-09,1.0475867077379143e-09,0.997451557525262,1.0017321221916855,-1.0268299998307082,linear-baseline,scale_dependent_camb
6,0.21083225,0.2483836,3060,3079,3069.5108306188927,4.176194090407492e-07,4.1767553656723946e-07,4.1947190321965005e-07,1.9909077918348727e-09,7.038922001617868e-10,1.000134398749855,1.0044358431116887,0.0797388101151897,linear-baseline,scale_dependent_camb
6,0.21083225,0.2483836,3080,3099,3089.5107605177996,4.1320378087453205e-07,4.1143683588621726e-07,4.1320932044680956e-07,1.0185886781934001e-09,3.601254807951976e-10,0.9957237927867574,1.0000134063930048,-4.906470334765466,linear-baseline,scale_dependent_camb
6,0.21083225,0.2483836,3100,3119,3109.510691318328,4.0885089767611973e-07,4.089028014911317e-07,4.1065971065668374e-07,2.252965791146759e-09,7.965436943505941e-10,1.0001269504734047,1.0044241384593875,0.0651612904352552,linear-baseline,scale_dependent_camb
6,0.21083225,0.2483836,3120,3139,3129.5106230031947,4.0456015259581265e-07,4.0561319126195926e-07,4.0735701765938216e-07,2.117025121562735e-09,7.484814096996425e-10,1.0026029223575033,1.0069133478559955,1.4069002282490637,linear-baseline,scale_dependent_camb
6,0.21083225,0.2483836,3140,3159,3149.5105555555556,4.0033093505561474e-07,4.010104574529602e-07,4.027339321652372e-07,2.0901944427017697e-09,7.389953322164289e-10,1.0016974016690743,1.0060025266578227,0.9195219072729729,linear-baseline,scale_dependent_camb
6,0.21083225,0.2483836,3160,3179,3169.5104889589907,3.961626300657839e-07,3.9762804832489797e-07,3.9933789550173813e-07,1.8236299997066057e-09,6.447505695838812e-10,1.0036990320335635,1.0080150554216256,2.272845233870596,linear-baseline,scale_dependent_camb
6,0.21083225,0.2483836,3180,3199,3189.510423197492,3.9205461751655895e-07,3.9233408838943983e-07,3.9401705344465586e-07,3.1857145554593664e-09,1.1263201825450028e-09,1.0007128365804008,1.0050055166816496,0.24812737728751078,linear-baseline,scale_dependent_camb
6,0.21083225,0.2483836,3200,3219,3209.5103582554516,3.8800627284929396e-07,3.899305961379882e-07,3.916054718301338e-07,2.598098211821296e-09,9.185664318837407e-10,1.004959515923707,1.0092761360645266,2.094920108007835,linear-baseline,scale_dependent_camb
6,0.21083225,0.2483836,3220,3239,3229.510294117647,3.8401696568428443e-07,3.8665917965127393e-07,3.883191006516577e-07,2.5882623023829967e-09,9.150889127522616e-10,1.006880461550133,1.0112029815133485,2.8873849635470497,linear-baseline,scale_dependent_camb
6,0.21083225,0.2483836,3240,3259,3249.510230769231,3.800860597561553e-07,3.81835409345886e-07,3.834764758350971e-07,2.282605868144517e-09,8.070230440705971e-10,1.0046025092076594,1.008920127407769,2.167657544085773,linear-baseline,scale_dependent_camb
6,0.21083225,0.2483836,3260,3279,3269.5101681957185,3.7621291191937684e-07,3.78079988014047e-07,3.797062007915448e-07,2.0153518116745615e-09,7.125344662558381e-10,1.0049628176905057,1.0092854039866568,2.620330921648043,linear-baseline,scale_dependent_camb
6,0.21083225,0.2483836,3280,3299,3289.510106382979,3.723968737537793e-07,3.751744495649602e-07,3.7679076939385837e-07,1.107969248178277e-09,3.9172628436651024e-10,1.0074586442769586,1.0117989595234471,7.090603623069987,linear-baseline,scale_dependent_camb
6,0.21083225,0.2483836,3300,3319,3309.5100453172204,3.6863729090123905e-07,3.711042292749451e-07,3.7269902893311994e-07,2.1587002844562863e-09,7.632158048441845e-10,1.0066920478057848,1.011018250546359,3.2322946642984056,linear-baseline,scale_dependent_camb
6,0.21083225,0.2483836,3320,3339,3329.509984984985,3.6493350295052965e-07,3.6754154605923335e-07,3.691199628980113e-07,2.223506894438702e-09,7.861284015363234e-10,1.0071466255841608,1.0114718432635907,3.317579041295066,linear-baseline,scale_dependent_camb
6,0.21083225,0.2483836,3340,3359,3349.509925373134,3.612848433555719e-07,3.638361060131148e-07,3.6540108182678704e-07,1.8877710094231616e-09,6.674278410452457e-10,1.0070616376647497,1.0113933328422637,3.8225295689604604,linear-baseline,scale_dependent_camb
6,0.21083225,0.2483836,3360,3379,3369.5098664688426,3.576906420956009e-07,3.6100215656535987e-07,3.6255226347161474e-07,2.4228814106886205e-09,8.566179377543759e-10,1.0092580405524667,1.0135916929431843,3.8658009875909016,linear-baseline,scale_dependent_camb
6,0.21083225,0.2483836,3380,3399,3389.509808259587,3.541502256529923e-07,3.578381694717674e-07,3.5937811137963335e-07,1.5464400115789099e-09,5.467491094428251e-10,1.0104135012535291,1.014761774376966,6.7452214463291105,linear-baseline,scale_dependent_camb
6,0.21083225,0.2483836,3400,3419,3409.509750733138,3.5066291566250743e-07,3.5476121084056916e-07,3.562874063069843e-07,2.2912949109643057e-09,8.100950846205436e-10,1.0116872785658524,1.0160395935619555,5.059029805101721,linear-baseline,scale_dependent_camb
6,0.21083225,0.2483836,3420,3439,3429.509693877551,3.472280325842445e-07,3.505613975188915e-07,3.520688499096297e-07,1.7476178801104887e-09,6.178762269744926e-10,1.0095999303680594,1.0139413206052443,5.394874878046761,linear-baseline,scale_dependent_camb
6,0.21083225,0.2483836,3440,3459,3449.5096376811593,3.4384489701507837e-07,3.4744742501565336e-07,3.48937447927243e-07,2.7701108189266016e-09,9.793820723506102e-10,1.0104771890810322,1.0148106048871834,3.6783683327269654,linear-baseline,scale_dependent_camb
6,0.21083225,0.2483836,3460,3479,3469.509582132565,3.405128275183002e-07,3.447232014077963e-07,3.4620518836819865e-07,1.9447830570244233e-09,6.875846437793368e-10,1.0123648025837435,1.0167170232363494,6.1234262975298295,linear-baseline,scale_dependent_camb
6,0.21083225,0.2483836,3480,3499,3489.5095272206304,3.3723114410611955e-07,3.4212287612419223e-07,3.435924653711862e-07,2.012493760081145e-09,7.115239924244952e-10,1.0145055760820636,1.0188633860669312,6.875006423050146,linear-baseline,scale_dependent_camb
6,0.21083225,0.2483836,3500,3519,3509.509472934473,3.339991683732927e-07,3.394256777660065e-07,3.4088600483746236e-07,1.3826255868461065e-09,4.888319641504559e-10,1.0162470745635177,1.0206193221908644,11.100970866634249,linear-baseline,scale_dependent_camb
6,0.21083225,0.2483836,3520,3539,3529.509419263456,3.3081622287672807e-07,3.359101328804834e-07,3.3735242000940236e-07,2.159141838691107e-09,7.633719178410362e-10,1.0153980054528748,1.019757789009972,6.672907248359205,linear-baseline,scale_dependent_camb
6,0.21083225,0.2483836,3540,3559,3549.509366197183,3.276816338078864e-07,3.3241662724418965e-07,3.338464264086616e-07,1.9713454194177857e-09,6.969758570656775e-10,1.0144499811639711,1.0188133601787077,6.793626189919897,linear-baseline,scale_dependent_camb
6,0.21083225,0.2483836,3560,3579,3569.5093137254903,3.2459472780152427e-07,3.299653798767272e-07,3.313832401773172e-07,2.2991194660456136e-09,8.128614825994238e-10,1.016545715673136,1.0209138097275068,6.607093816314584,linear-baseline,scale_dependent_camb
6,0.21083225,0.2483836,3580,3599,3589.50926183844,3.215548346200464e-07,3.2794271740782065e-07,3.2935296672790494e-07,1.7646249960996151e-09,6.238891504966614e-10,1.019865609532266,1.0242513290682533,10.238810504540785,linear-baseline,scale_dependent_camb
6,0.21083225,0.2483836,3600,3619,3609.5092105263157,3.185612870121285e-07,3.241928488654269e-07,3.2558701131991286e-07,1.777563590773174e-09,6.284636345130102e-10,1.0176781111920985,1.0220545452138285,8.960839647726417,linear-baseline,scale_dependent_camb
6,0.21083225,0.2483836,3620,3639,3629.5091597796145,3.156134181478485e-07,3.2133016117039516e-07,3.2271168069274205e-07,1.510190730787729e-09,5.339330533125354e-10,1.018113117801185,1.022490369980304,10.70685357851481,linear-baseline,scale_dependent_camb
6,0.21083225,0.2483836,3640,3659,3649.509109589041,3.1271056474383107e-07,3.1951939292151463e-07,3.208943887139268e-07,1.317832991086397e-09,4.659243222342712e-10,1.0217735789747342,1.026170602764252,14.613592492945704,linear-baseline,scale_dependent_camb
6,0.21083225,0.2483836,3660,3679,3669.5090599455043,3.0985206314884455e-07,3.159523455863453e-07,3.173086655151263e-07,2.2979016348656796e-09,8.124309142565879e-10,1.0196877257343624,1.0240650402340545,7.508678375542636,linear-baseline,scale_dependent_camb
6,0.21083225,0.2483836,3680,3699,3689.509010840108,3.0703725354697673e-07,3.138123959892907e-07,3.151626808009225e-07,1.1198247683003303e-09,3.959178437029089e-10,1.0220661902229964,1.0264639784263265,17.11249581213097,linear-baseline,scale_dependent_camb
6,0.21083225,0.2483836,3700,3719,3709.508962264151,3.0426547550932007e-07,3.1114633907422125e-07,3.1248347686083547e-07,1.631587666607309e-09,5.768533515791819e-10,1.022614670801487,1.0270093126331832,11.928271797440829,linear-baseline,scale_dependent_camb
6,0.21083225,0.2483836,3720,3739,3729.508914209115,3.0153607148885593e-07,3.084466696454744e-07,3.0977071076367816e-07,2.1549880405990626e-09,7.61903328441754e-10,1.0229179816613545,1.027308969153054,9.070177145376203,linear-baseline,scale_dependent_camb
6,0.21083225,0.2483836,3740,3759,3749.5088666666666,2.9884838420859353e-07,3.0595806078543637e-07,3.0727256228790576e-07,2.1759953948527244e-09,7.693305497655302e-10,1.0237902459993906,1.0281888024980326,9.241380807001178,linear-baseline,scale_dependent_camb
6,0.21083225,0.2483836,3760,3779,3769.5088196286474,2.96201760111908e-07,3.0321888504449196e-07,3.045240215342016e-07,1.8514354323482227e-09,6.545812745712379e-10,1.0236903552832801,1.028096596789801,10.72002088232713,linear-baseline,scale_dependent_camb
6,0.21083225,0.2483836,3780,3799,3789.5087730870714,2.935955467251872e-07,3.0085082495226797e-07,3.0214418285699687e-07,1.3770999210773798e-09,4.868783462826373e-10,1.0247118129277073,1.0291170497208237,14.901624363612672,linear-baseline,scale_dependent_camb
6,0.21083225,0.2483836,3800,3819,3809.5087270341205,2.910290955484668e-07,2.9833773884158733e-07,2.996219979728661e-07,8.95725204229837e-10,3.1668668299531144e-10,1.0251131017651236,1.0295259221701025,23.07846741136492,linear-baseline,scale_dependent_camb
6,0.21083225,0.2483836,3820,3839,3829.508681462141,2.8850176078574186e-07,2.9604977713047695e-07,2.973229103026493e-07,1.3537763286259273e-09,4.786322110906106e-10,1.0261628085879888,1.030575721593112,15.769971535213214,linear-baseline,scale_dependent_camb
6,0.21083225,0.2483836,3840,3859,3849.5086363636365,2.860129025856681e-07,2.936896367611243e-07,2.9495356229516227e-07,1.0517545748278877e-09,3.7185139600238674e-10,1.0268405170048467,1.0312596376900032,20.644629166342877,linear-baseline,scale_dependent_camb
6,0.21083225,0.2483836,3860,3879,3869.5085917312663,2.8356188467176117e-07,2.9104188059482776e-07,2.9229269006852184e-07,1.36426213548444e-09,4.82339503658544e-10,1.0263787071796517,1.030789770659294,15.507740639800051,linear-baseline,scale_dependent_camb
6,0.21083225,0.2483836,3880,3899,3889.5085475578408,2.8114807799527066e-07,2.893027746551683e-07,2.905488789705e-07,6.478405220666278e-10,2.2904621314037284e-10,1.0290049881117624,1.0334371874147668,35.60284428234571,linear-baseline,scale_dependent_camb
6,0.21083225,0.2483836,3900,3919,3909.5085038363172,2.7877085838908987e-07,2.859496037951396e-07,2.871771191344186e-07,1.9921230012993883e-09,7.043218415882474e-10,1.0257514198131503,1.0301547327934681,10.192421961331847,linear-baseline,scale_dependent_camb
6,0.21083225,0.2483836,3920,3939,3929.5084605597963,2.764296108677046e-07,2.848413875760047e-07,2.860654666592798e-07,1.6251752543468698e-09,5.745862214826219e-10,1.0304300855537718,1.0348582619688556,14.63971183749404,linear-baseline,scale_dependent_camb
6,0.21083225,0.2483836,3940,3959,3949.508417721519,2.741237263863535e-07,2.823642392157939e-07,2.8357811790037607e-07,1.4535657046084817e-09,5.139130833144297e-10,1.0300612899805182,1.0344895045702736,16.03483759606591,linear-baseline,scale_dependent_camb
6,0.21083225,0.2483836,3960,3979,3969.5083753148615,2.7185260531257317e-07,2.8009465006814554e-07,2.813000546208436e-07,1.020276047984492e-09,3.607220561060228e-10,1.0303180642543255,1.0347521014095409,22.848740785481336,linear-baseline,scale_dependent_camb
6,0.21083225,0.2483836,3980,3999,3989.508333333333,2.6961565609916815e-07,2.785026341865376e-07,2.797019785647005e-07,1.3584850920566245e-09,4.802970103670352e-10,1.0329616544378295,1.037410002859116,18.50308849638304,linear-baseline,scale_dependent_camb
6,0.21083225,0.2483836,4000,4019,4009.5082917705736,2.674122966340395e-07,2.7606009248081784e-07,2.77247709408358e-07,1.6639910905224544e-09,5.883096919712128e-10,1.0323388114743768,1.0367799570106475,14.699393813830746,linear-baseline,scale_dependent_camb
6,0.21083225,0.2483836,4020,4039,4029.5082506203476,2.652419549918064e-07,2.7463871121153516e-07,2.7581880567104194e-07,1.8425726722071229e-09,6.514478156733371e-10,1.0354271111446869,1.0398762355659845,14.424418953675163,linear-baseline,scale_dependent_camb
6,0.21083225,0.2483836,4040,4059,4049.5082098765433,2.6310406760951115e-07,2.7146605913563415e-07,2.7263280986221156e-07,1.5906742089844096e-09,5.623882599157117e-10,1.0317820686015906,1.0362166284211258,14.868716369321541,linear-baseline,scale_dependent_camb
6,0.21083225,0.2483836,4060,4079,4069.5081695331696,2.609980824904031e-07,2.7014985815951757e-07,2.713111114608874e-07,1.5266775255715278e-09,5.397620155083631e-10,1.0350645322057144,1.0395138112589906,16.955205083290366,linear-baseline,scale_dependent_camb
6,0.21083225,0.2483836,4080,4096,4088.005870123517,2.590778543454052e-07,2.687522197974915e-07,2.699067880691883e-07,1.6274157876602491e-09,5.753783696323043e-10,1.0373415376490973,1.0417979906122963,16.8139192619783,linear-baseline,scale_dependent_camb
7,0.17404257,0.21083225,20,39,30.608333333333334,0.0001239018185254312,0.0001196990192354748,0.00011946266495187824,3.439837722984927e-06,1.2161662900519672e-06,0.9660795996380491,0.9641720062999575,-3.4557768327691574,linear-baseline,scale_dependent_camb
7,0.17404257,0.21083225,40,59,50.165,8.033039452555624e-05,7.866057513078388e-05,7.849829378009348e-05,2.3586344243929798e-06,8.339031979141525e-07,0.9792131060150449,0.9771929323105727,-2.002413947984715,linear-baseline,scale_dependent_camb
7,0.17404257,0.21083225,60,79,69.975,5.4311667081000135e-05,5.2495367601149917e-05,5.238885477217906e-05,1.0168392144839964e-06,3.5950695196901805e-07,0.9665578396416851,0.9645966987911934,-5.052195708323173,linear-baseline,scale_dependent_camb
7,0.17404257,0.21083225,80,99,89.86944444444444,3.8011754418090254e-05,3.792649216302823e-05,3.784906026386041e-05,5.945871958934269e-07,2.102183191114681e-07,0.9977569502811097,0.9957198988386494,-0.4055890819715553,linear-baseline,scale_dependent_camb
7,0.17404257,0.21083225,100,119,109.80227272727272,2.8506213947610026e-05,2.8817921556582058e-05,2.876085446363393e-05,4.167145699117095e-07,1.4733084910190271e-07,1.0109347249531244,1.0089328072992048,2.1156981777552666,linear-baseline,scale_dependent_camb
7,0.17404257,0.21083225,120,139,129.75576923076923,2.1546430038620714e-05,2.2197817130045388e-05,2.2152903143142047e-05,3.857409001632623e-07,1.363800031432229e-07,1.0302317873660323,1.0281472663190265,4.77626540850423,linear-baseline,scale_dependent_camb
7,0.17404257,0.21083225,140,159,149.72166666666666,1.7187595125154354e-05,1.8198777215535875e-05,1.8162429581648665e-05,4.073599093812385e-07,1.440234771535056e-07,1.058832086921901,1.0567173271999888,7.020953183235297,linear-baseline,scale_dependent_camb
7,0.17404257,0.21083225,160,179,169.6955882352941,1.3827260508170543e-05,1.5038921977430078e-05,1.5008094112886022e-05,4.0801682554992285e-07,1.442557320922795e-07,1.087628454569404,1.0853989554921397,8.399399120476145,linear-baseline,scale_dependent_camb
7,0.17404257,0.21083225,180,199,189.675,1.1530741527681933e-05,1.2664576738215802e-05,1.2639456476268653e-05,1.6552540489808527e-07,5.852206813104253e-08,1.0983315086728693,1.0961529617089258,19.374489773583996,linear-baseline,scale_dependent_camb
7,0.17404257,0.21083225,200,219,209.65833333333333,9.750294397215622e-06,1.0832364448155869e-05,1.0810165831410742e-05,1.9357787397008026e-07,6.84401136859593e-08,1.11097819274557,1.1087014802853323,15.810465422447669,linear-baseline,scale_dependent_camb
7,0.17404257,0.21083225,220,239,229.64456521739132,8.44648076016046e-06,9.512429215683648e-06,9.492749618426668e-06,2.2451736925272007e-07,7.93788771463812e-08,1.1262003058777983,1.1238703890975692,13.428615947256233,linear-baseline,scale_dependent_camb
7,0.17404257,0.21083225,240,259,249.633,7.430983935558453e-06,8.232851370874641e-06,8.216339645466544e-06,1.428260081032363e-07,5.049661942980159e-08,1.1079086487428835,1.1056866380978214,15.879626089245681,linear-baseline,scale_dependent_camb
7,0.17404257,0.21083225,260,279,269.6231481481482,6.65088039417087e-06,7.319903268997041e-06,7.305128715450332e-06,1.168128109354904e-07,4.129956537097367e-08,1.100591626247336,1.0983701829689907,16.199271561738428,linear-baseline,scale_dependent_camb
7,0.17404257,0.21083225,280,299,289.6146551724138,6.033361631860012e-06,6.627186428771531e-06,6.613777143099752e-06,8.878091272889713e-08,3.1388792715267116e-08,1.098423537845924,1.0962010147336063,18.918370078715714,linear-baseline,scale_dependent_camb
7,0.17404257,0.21083225,300,319,309.60725806451615,5.540939832495786e-06,5.97443527797472e-06,5.962320147127317e-06,1.1922338572666922e-07,4.215183226167362e-08,1.0782350031914487,1.0760485273924603,10.28414240187341,linear-baseline,scale_dependent_camb
7,0.17404257,0.21083225,320,339,329.6007575757576,5.140704169574697e-06,5.481077075861423e-06,5.469952022992468e-06,1.0115707600995185e-07,3.576442720581999e-08,1.066211338964266,1.0640472282700932,9.517079759950311,linear-baseline,scale_dependent_camb
7,0.17404257,0.21083225,340,359,349.595,4.8104704864158566e-06,4.956522513547049e-06,4.946515107393284e-06,8.402467770258952e-08,2.9707209695257573e-08,1.0303612770400785,1.028280938706848,4.916383215704981,linear-baseline,scale_dependent_camb
7,0.17404257,0.21083225,360,379,369.58986486486486,4.533543913456837e-06,4.589837226353831e-06,4.580492801862473e-06,7.547164292983918e-08,2.6683255251489518e-08,1.0124170657595042,1.0103558913957529,2.1096868566608324,linear-baseline,scale_dependent_camb
7,0.17404257,0.21083225,380,399,389.5852564102564,4.297901742838952e-06,4.237311698233279e-06,4.228762747667637e-06,7.029349605828573e-08,2.4852503868061842e-08,0.9859024127979131,0.9839133141453239,-2.4379855215931783,linear-baseline,scale_dependent_camb
7,0.17404257,0.21083225,400,419,409.5810975609756,4.0939311801889145e-06,3.977999208286273e-06,3.969819321203912e-06,7.913484496933663e-08,2.797839275298204e-08,0.9716819929793514,0.9696839410526497,-4.143625151244083,linear-baseline,scale_dependent_camb
7,0.17404257,0.21083225,420,439,429.57732558139537,3.915103818511633e-06,3.741982797878443e-06,3.7343098774267667e-06,6.899400490544033e-08,2.439306436492739e-08,0.9557812439571516,0.9538214184180696,-7.097141139926049,linear-baseline,scale_dependent_camb
7,0.17404257,0.21083225,440,459,449.5738888888889,3.7565518388121764e-06,3.514692963236046e-06,3.5076139815822245e-06,4.0273111457291454e-08,1.4238695105466213e-08,0.9356167874279605,0.9337323513925829,-16.98602812860858,linear-baseline,scale_dependent_camb
7,0.17404257,0.21083225,460,479,469.5707446808511,3.6146088848602036e-06,3.322648707365816e-06,3.3158887422246106e-06,5.26874021571507e-08,1.8627809674211996e-08,0.9192277264859102,0.9173575476210489,-15.673349824835922,linear-baseline,scale_dependent_camb
7,0.17404257,0.21083225,480,499,489.5678571428571,3.4864726425416522e-06,3.1623899046187205e-06,3.1560145417304038e-06,4.509583067493e-08,1.5943783836741663e-08,0.9070456673118553,0.9052170675946153,-20.32658879732796,linear-baseline,scale_dependent_camb
7,0.17404257,0.21083225,500,519,509.56519607843137,3.369966300912306e-06,3.0127553771545403e-06,3.0066390669008024e-06,4.566116101628335e-08,1.614365829573239e-08,0.894001633291982,0.8921866862843273,-22.127012181135854,linear-baseline,scale_dependent_camb
7,0.17404257,0.21083225,520,539,529.5627358490566,3.2633907870509305e-06,2.8853809942732713e-06,2.8794593235995478e-06,5.29699689077331e-08,1.8727712106949326e-08,0.8841665563690396,0.8823519803466949,-20.184515365194578,linear-baseline,scale_dependent_camb
7,0.17404257,0.21083225,540,559,549.5604545454545,3.1653973720293857e-06,2.776860043779032e-06,2.771160778827434e-06,5.3005674261510775e-08,1.8740335855839756e-08,0.8772548016613609,0.8754543120918811,-20.732676897531697,linear-baseline,scale_dependent_camb
7,0.17404257,0.21083225,560,579,569.5583333333333,3.074893019985381e-06,2.6595899344797667e-06,2.654144753536302e-06,5.283445929437356e-08,1.867980222368808e-08,0.8649373871525492,0.863166534993442,-22.232734615303563,linear-baseline,scale_dependent_camb
7,0.17404257,0.21083225,580,599,589.5563559322034,2.9909737165265832e-06,2.578535861905656e-06,2.573331530169301e-06,3.456662479765022e-08,1.222114739857477e-08,0.862105824487187,0.8603658119596284,-33.74788317085724,linear-baseline,scale_dependent_camb
7,0.17404257,0.21083225,600,619,609.5545081967213,2.912879410399229e-06,2.516658937916275e-06,2.5114994870248303e-06,4.3126504282852545e-08,1.5247521813637858e-08,0.8639763558119115,0.8622051012680313,-25.985893138946814,linear-baseline,scale_dependent_camb
7,0.17404257,0.21083225,620,639,629.5527777777778,2.8399612851410043e-06,2.4254564785012646e-06,2.4204461842326558e-06,4.939622669587678e-08,1.746420343084122e-08,0.854045613646751,0.8522814014742741,-23.734538381964654,linear-baseline,scale_dependent_camb
7,0.17404257,0.21083225,640,659,649.5511538461539,2.771657343218724e-06,2.3710065715717443e-06,2.3661583472083397e-06,3.9771982148601423e-08,1.406151913925319e-08,0.8554472209101779,0.8536980059954026,-28.492708908566627,linear-baseline,scale_dependent_camb
7,0.17404257,0.21083225,660,679,669.5496268656716,2.7074766936710597e-06,2.295612113610821e-06,2.29082147945181e-06,5.5299568398396607e-08,1.955134990559777e-08,0.8478788086992569,0.8461093995035252,-21.06578737779723,linear-baseline,scale_dependent_camb
7,0.17404257,0.21083225,680,699,689.5481884057971,2.646988257818808e-06,2.249611463916233e-06,2.244991350814706e-06,3.9112263799587026e-08,1.3828273480122553e-08,0.8498758758265047,0.8481304532361776,-28.736544332434843,linear-baseline,scale_dependent_camb
7,0.17404257,0.21083225,700,719,709.5468309859154,2.5898123616237195e-06,2.2163648096744053e-06,2.211722028534714e-06,5.4027398873525636e-08,1.9101570056670206e-08,0.855801309205592,0.8540085997381075,-19.550620752188248,linear-baseline,scale_dependent_camb
7,0.17404257,0.21083225,720,739,729.5455479452055,2.5356138790903763e-06,2.1599850644270025e-06,2.1555872471533957e-06,3.805523409025259e-08,1.3454557042429541e-08,0.8518588268659713,0.850124407714115,-27.918333801611723,linear-baseline,scale_dependent_camb
7,0.17404257,0.21083225,740,759,749.5443333333334,2.48409631060868e-06,2.1082406158664707e-06,2.1038140892595053e-06,5.330420539869596e-08,1.8845882551589243e-08,0.8486952002879015,0.8469132538359618,-19.943650487756756,linear-baseline,scale_dependent_camb
7,0.17404257,0.21083225,760,779,769.5431818181818,2.434996932923569e-06,2.0827862337864406e-06,2.078619172863182e-06,2.538556418407099e-08,8.97515228940147e-09,0.8553547668274686,0.8536434460176081,-39.24286605733087,linear-baseline,scale_dependent_camb
7,0.17404257,0.21083225,780,799,789.5420886075949,2.3880830531146233e-06,2.043881521889887e-06,2.0396652661659703e-06,3.8828905211246274e-08,1.3728091090460956e-08,0.8558670182028149,0.8541014783827413,-25.07278899568977,linear-baseline,scale_dependent_camb
7,0.17404257,0.21083225,800,819,809.5410493827161,2.34314853944189e-06,2.0214191282732733e-06,2.017195144220213e-06,4.513849485549943e-08,1.5958867902438866e-08,0.8626935485510241,0.8608908527415359,-20.159914420962735,linear-baseline,scale_dependent_camb
7,0.17404257,0.21083225,820,839,829.5400602409638,2.3000106742836607e-06,1.9777445168972936e-06,1.97372669267617e-06,2.5839746658062908e-08,9.135730043029355e-09,0.8598849296702777,0.8581380576813575,-35.27535904284509,linear-baseline,scale_dependent_camb
7,0.17404257,0.21083225,840,859,849.5391176470588,2.2585074737923264e-06,1.956828545411312e-06,1.9528136055850777e-06,3.4874598083837326e-08,1.2330032398118375e-08,0.8664255346144787,0.8646478385595292,-24.46700208403767,linear-baseline,scale_dependent_camb
7,0.17404257,0.21083225,860,879,869.5382183908046,2.218495445896696e-06,1.9259564947511325e-06,1.9220312531265787e-06,2.7542066559650792e-08,9.73759101611016e-09,0.8681363301030705,0.866367004125046,-30.0422302252763,linear-baseline,scale_dependent_camb
7,0.17404257,0.21083225,880,899,889.5373595505617,2.179847563797051e-06,1.8994408269382864e-06,1.8955649061741314e-06,2.8903068731153344e-08,1.0218777948449695e-08,0.8713640616363434,0.8695859920004081,-27.440339566367175,linear-baseline,scale_dependent_camb
7,0.17404257,0.21083225,900,919,909.5365384615385,2.142451518408252e-06,1.8667593334346787e-06,1.8628734131670281e-06,3.936953005840907e-08,1.3919230838214334e-08,0.8713192888591474,0.8695055160693026,-19.806567487671696,linear-baseline,scale_dependent_camb
7,0.17404257,0.21083225,920,939,929.535752688172,2.1062080917486938e-06,1.8366503400829887e-06,1.832873396293361e-06,3.189803506829369e-08,1.1277658451658383e-08,0.8720175120769273,0.8702242686626492,-23.90192545918666,linear-baseline,scale_dependent_camb
7,0.17404257,0.21083225,940,959,949.535,2.071029771230066e-06,1.8136507252016952e-06,1.8099362203014464e-06,2.8504542040028136e-08,1.0077877485560459e-08,0.8757241206264731,0.8739305660615657,-25.53901318974578,linear-baseline,scale_dependent_camb
7,0.17404257,0.21083225,960,979,969.5342783505155,2.0368394190856055e-06,1.7860875046002377e-06,1.7824314501660795e-06,2.8167389026073208e-08,9.958675894327952e-09,0.8768916625749823,0.8750966980824945,-25.17924241597074,linear-baseline,scale_dependent_camb
7,0.17404257,0.21083225,980,999,989.5335858585859,2.0035690150624413e-06,1.771489050255279e-06,1.7678486717808853e-06,3.13715309884537e-08,1.1091511149069762e-08,0.8841667229516775,0.8823497760698751,-20.924106885708415,linear-baseline,scale_dependent_camb
7,0.17404257,0.21083225,1000,1019,1009.5329207920792,1.971158570264143e-06,1.7436840076262568e-06,1.740108229416533e-06,3.1791841339384354e-08,1.1240113298742743e-08,0.8845985472353938,0.8827844982473184,-20.23774641696275,linear-baseline,scale_dependent_camb
7,0.17404257,0.21083225,1020,1039,1029.532281553398,1.9395551662208078e-06,1.723469062357282e-06,1.7199288250857884e-06,2.885699194897032e-08,1.020248734588126e-08,0.8885898645076613,0.8867645814050457,-21.179747304539383,linear-baseline,scale_dependent_camb
7,0.17404257,0.21083225,1040,1059,1049.5316666666668,1.9087120632181507e-06,1.6957060071045613e-06,1.6922115095587347e-06,3.255638414120636e-08,1.1510419998580596e-08,0.8884032535769412,0.8865724391690651,-18.50549816078441,linear-baseline,scale_dependent_camb
7,0.17404257,0.21083225,1060,1079,1069.5310747663552,1.8785879447620639e-06,1.677574399641503e-06,1.6741783884751308e-06,2.108049723668663e-08,7.453081273422695e-09,0.8929975327047993,0.8911897860002381,-26.97052906659758,linear-baseline,scale_dependent_camb
7,0.17404257,0.21083225,1080,1099,1089.530504587156,1.849146187460014e-06,1.6639674256930394e-06,1.6605159965449988e-06,3.468289482717175e-08,1.2262255061736487e-08,0.8998571540623643,0.8979906552579721,-15.101525847787336,linear-baseline,scale_dependent_camb
7,0.17404257,0.21083225,1100,1119,1109.529954954955,1.8203542851031223e-06,1.644520275193042e-06,1.6411386881087194e-06,3.106076852952692e-08,1.0981640028047095e-08,0.9034067096998543,0.901549056433127,-16.01163482512634,linear-baseline,scale_dependent_camb
7,0.17404257,0.21083225,1120,1139,1129.529424778761,1.7921833087172804e-06,1.6206400656254739e-06,1.6172663889416497e-06,3.437534456290834e-08,1.21535196230283e-08,0.9042825350189289,0.9024000955009318,-14.114696681508546,linear-baseline,scale_dependent_camb
7,0.17404257,0.21083225,1140,1159,1149.5289130434783,1.764607366012335e-06,1.5991713482502609e-06,1.5958748177645835e-06,2.9194934820806875e-08,1.03219681940459e-08,0.9062476894585751,0.904379551226144,-16.02756515540358,linear-baseline,scale_dependent_camb
7,0.17404257,0.21083225,1160,1179,1169.5284188034188,1.7376031511077386e-06,1.5830380280733715e-06,1.5798024275336599e-06,2.4247321322196872e-08,8.572722666267286e-09,0.911046936732458,0.90918483114313,-18.029875577634595,linear-baseline,scale_dependent_camb
7,0.17404257,0.21083225,1180,1199,1189.5279411764707,1.7111495534587965e-06,1.5557714081306655e-06,1.5525730415194367e-06,2.546028171895218e-08,9.001568927195487e-09,0.9091966304090366,0.9073274971092827,-17.261229301783555,linear-baseline,scale_dependent_camb
7,0.17404257,0.21083225,1200,1219,1209.527479338843,1.6852273178163152e-06,1.5470990604463186e-06,1.5439244325018694e-06,2.6455078155778606e-08,9.353282580385578e-09,0.9180358305911036,0.9161520325355612,-14.767890971204084,linear-baseline,scale_dependent_camb
7,0.17404257,0.21083225,1220,1239,1229.5270325203253,1.6598187216740242e-06,1.5208061915491658e-06,1.51769923919225e-06,2.281583257425402e-08,8.06661496583597e-09,0.9162483659753783,0.9143765035145294,-17.233068730019895,linear-baseline,scale_dependent_camb
7,0.17404257,0.21083225,1240,1259,1249.5266,1.634907331555171e-06,1.5062739086931778e-06,1.5031768708880772e-06,2.7519519043593497e-08,9.729619265358647e-09,0.9213206642485152,0.9194263441575077,-13.220807449267818,linear-baseline,scale_dependent_camb
7,0.17404257,0.21083225,1260,1279,1269.5261811023622,1.6104777991033146e-06,1.4810304639662382e-06,1.4779984757933448e-06,2.4448895015084835e-08,8.643989728842232e-09,0.9196217823001656,0.9177391185499533,-14.975415195734447,linear-baseline,scale_dependent_camb
7,0.17404257,0.21083225,1280,1299,1289.5257751937984,1.586515753491902e-06,1.4676913523500473e-06,1.4646548767595212e-06,3.0251533901585104e-08,1.069553238155278e-08,0.9251035478971302,0.9231896207370356,-11.109722910735902,linear-baseline,scale_dependent_camb
7,0.17404257,0.21083225,1300,1319,1309.5253816793893,1.5630076396902772e-06,1.454241741567946e-06,1.4512485763547349e-06,2.6494731853619274e-08,9.367302279706706e-09,0.9304124334645709,0.9284974298924806,-11.611229666193353,linear-baseline,scale_dependent_camb
7,0.17404257,0.21083225,1320,1339,1329.525,1.5399406697698849e-06,1.431577662188841e-06,1.4286701688260623e-06,1.8395100402229502e-08,6.503650117511934e-09,0.9296316996438332,0.9277436442012731,-16.661875350468538,linear-baseline,scale_dependent_camb
7,0.17404257,0.21083225,1340,1359,1349.5246296296295,1.5173027509997086e-06,1.4174246157296844e-06,1.414525036003141e-06,2.356336653592002e-08,8.330908132566606e-09,0.9341738916612276,0.9322628823226938,-11.988865281035519,linear-baseline,scale_dependent_camb
7,0.17404257,0.21083225,1360,1379,1369.5242700729927,1.495082448972764e-06,1.3947997675229546e-06,1.3919335056545278e-06,2.2982024216048612e-08,8.125372584280711e-09,0.9329249824859417,0.9310078561960865,-12.341917913255509,linear-baseline,scale_dependent_camb
7,0.17404257,0.21083225,1380,1399,1389.5239208633093,1.4732689148622036e-06,1.3804014353429742e-06,1.3775962242467725e-06,1.855998239715152e-08,6.561944705864396e-09,0.9369650180069703,0.9350609453234955,-14.15243250011447,linear-baseline,scale_dependent_camb
7,0.17404257,0.21083225,1400,1419,1409.5235815602837,1.4518518365066811e-06,1.3668034702127271e-06,1.3639798666749684e-06,2.544296244583772e-08,8.995445639463259e-09,0.9414207674947122,0.9394759385068226,-9.454602884913738,linear-baseline,scale_dependent_camb
7,0.17404257,0.21083225,1420,1439,1429.5232517482518,1.4308213909158997e-06,1.3465993666690874e-06,1.3438317447847145e-06,2.4049539883318157e-08,8.502796367955299e-09,0.9411372902435433,0.9392030013784591,-9.905214779013402,linear-baseline,scale_dependent_camb
7,0.17404257,0.21083225,1440,1459,1449.5229310344828,1.4101681950643847e-06,1.3301342397485482e-06,1.327432597373551e-06,1.6896011420342404e-08,5.973642125164732e-09,0.9432450997009032,0.9413292698130551,-13.397849023911759,linear-baseline,scale_dependent_camb
7,0.17404257,0.21083225,1460,1479,1469.522619047619,1.389883240187446e-06,1.3125637123044198e-06,1.3098666882965535e-06,2.1959434099149175e-08,7.763832381263742e-09,0.9443697674398904,0.9424292993992062,-9.958938329170971,linear-baseline,scale_dependent_camb
7,0.17404257,0.21083225,1480,1499,1489.5223154362416,1.3699578415196908e-06,1.2946704658312339e-06,1.2920493337282067e-06,1.7431385679640836e-08,6.162925509776055e-09,0.9450440200371854,0.9431307260484305,-12.216174861927332,linear-baseline,scale_dependent_camb
7,0.17404257,0.21083225,1500,1519,1509.5220198675497,1.3503836089909632e-06,1.2843040634638991e-06,1.2816686659008683e-06,2.2239152620240197e-08,7.86272781280721e-09,0.951066093303339,0.9491145015145436,-8.404150200828564,linear-baseline,scale_dependent_camb
7,0.17404257,0.21083225,1520,1539,1529.5217320261438,1.3311524222012957e-06,1.2651540823150396e-06,1.2625888939041927e-06,1.5045024959007617e-08,5.319219585817572e-09,0.9504201481471849,0.9484931048063443,-12.407523100235414,linear-baseline,scale_dependent_camb
7,0.17404257,0.21083225,1540,1559,1549.5214516129033,1.3122563961963758e-06,1.2473191958563947e-06,1.244810396533942e-06,1.559894720892376e-08,5.5150606754004795e-09,0.9505148532495601,0.9486030322596037,-11.774521471654639,linear-baseline,scale_dependent_camb
7,0.17404257,0.21083225,1560,1579,1569.521178343949,1.2936878599525566e-06,1.2364892799343793e-06,1.2339446569577511e-06,2.0802418768327636e-08,7.354765688083389e-09,0.9557864135632571,0.9538194607492131,-7.777077128487414,linear-baseline,scale_dependent_camb
7,0.17404257,0.21083225,1580,1599,1589.5209119496856,1.2754393547328153e-06,1.2229228428646803e-06,1.2204400781833713e-06,1.604144016541352e-08,5.6715055604810755e-09,0.9588247675804731,0.9568781719449408,-9.259712665023015,linear-baseline,scale_dependent_camb
7,0.17404257,0.21083225,1600,1619,1609.520652173913,1.2575036434066262e-06,1.2011540223089882e-06,1.1986901116840726e-06,1.9256291239670924e-08,6.80812705803721e-09,0.955189297945106,0.9532299313557251,-8.27681690092953,linear-baseline,scale_dependent_camb
7,0.17404257,0.21083225,1620,1639,1629.520398773006,1.2398736730047399e-06,1.184130737293458e-06,1.1817076528192224e-06,1.753444544233055e-08,6.199362638308741e-09,0.955041439361969,0.9530871398821168,-8.991720433778207,linear-baseline,scale_dependent_camb
7,0.17404257,0.21083225,1640,1659,1649.5201515151516,1.2225425951050206e-06,1.1674296419455766e-06,1.1650582281501126e-06,1.5493931969984098e-08,5.477932181609399e-09,0.954919400452702,0.9529796612526454,-10.060904613691655,linear-baseline,scale_dependent_camb
7,0.17404257,0.21083225,1660,1679,1669.5199101796406,1.2055037374945063e-06,1.1595696208146583e-06,1.1572035976568462e-06,1.6841774440269786e-08,5.954466456964518e-09,0.9618963299314885,0.9599336457155694,-7.714228808212057,linear-baseline,scale_dependent_camb
7,0.17404257,0.21083225,1680,1699,1689.519674556213,1.1887506242148681e-06,1.144960121553498e-06,1.1426322651014738e-06,1.4877801919250667e-08,5.260097313126189e-09,0.9631625828248945,0.9612043449871128,-8.325036601907357,linear-baseline,scale_dependent_camb
7,0.17404257,0.21083225,1700,1719,1709.5194444444444,1.1722769365275139e-06,1.1270774158021367e-06,1.1247837982302207e-06,1.834974232853691e-08,6.487613616767138e-09,0.9614429668306314,0.9594864175712814,-6.967048809528314,linear-baseline,scale_dependent_camb
7,0.17404257,0.21083225,1720,1739,1729.519219653179,1.1560765076799356e-06,1.1105987560923494e-06,1.1083255555519035e-06,1.8056859613440443e-08,6.384063939798619e-09,0.9606619879519454,0.9586956816345479,-7.12363660772182,linear-baseline,scale_dependent_camb
7,0.17404257,0.21083225,1740,1759,1749.519,1.140143325607081e-06,1.097824112459277e-06,1.095571838152747e-06,1.818948842287632e-08,6.4309553050650226e-09,0.9628825497660387,0.9609071189092814,-6.580548478462192,linear-baseline,scale_dependent_camb
7,0.17404257,0.21083225,1760,1779,1769.5187853107345,1.1244715226194672e-06,1.0822003959344512e-06,1.080023186770265e-06,1.0134574367036531e-08,3.5831131296854465e-09,0.9624080060413225,0.9604717994585942,-11.797318464440123,linear-baseline,scale_dependent_camb
7,0.17404257,0.21083225,1780,1799,1789.5185754189945,1.1090553701302269e-06,1.0716893687552375e-06,1.0695223204995605e-06,1.309599795819889e-08,4.6301344813238076e-09,0.9663082634272788,0.9643543048477153,-8.070176260691683,linear-baseline,scale_dependent_camb
7,0.17404257,0.21083225,1800,1819,1809.5183701657459,1.0938892823151906e-06,1.0569484317866692e-06,1.0548139185180444e-06,1.1985416576680298e-08,4.237484668358147e-09,0.9662298085137675,0.964278502012156,-8.717636385651987,linear-baseline,scale_dependent_camb
7,0.17404257,0.21083225,1820,1839,1829.518169398907,1.0789678293382879e-06,1.0431864718556972e-06,1.041063803290077e-06,1.48310392166429e-08,5.243564201065908e-09,0.9668374195136711,0.9648701054678741,-6.8238618066919114,linear-baseline,scale_dependent_camb
7,0.17404257,0.21083225,1840,1859,1849.517972972973,1.064285749915934e-06,1.031586177575697e-06,1.0294866135939044e-06,1.4534347195745864e-08,5.1386677311157906e-09,0.9692755706417945,0.9673028260269592,-6.363433880387636,linear-baseline,scale_dependent_camb
7,0.17404257,0.21083225,1860,1879,1869.5177807486632,1.049837953251658e-06,1.0184203159304582e-06,1.0163370450706569e-06,1.56029136952853e-08,5.516463040102344e-09,0.9700738221323681,0.9680894483979753,-5.695250216090788,linear-baseline,scale_dependent_camb
7,0.17404257,0.21083225,1880,1899,1889.5175925925926,1.0356195250496578e-06,1.0020191155810594e-06,9.999767187482337e-07,1.4201972830396805e-08,5.021155647300343e-09,0.9675552568719799,0.9655831070781375,-6.69176815633347,linear-baseline,scale_dependent_camb
7,0.17404257,0.21083225,1900,1919,1909.5174083769634,1.0216257370385578e-06,9.926615468836823e-07,9.906567896590064e-07,1.0495901595210876e-08,3.7108615963201558e-09,0.9716489227857203,0.969686602190228,-7.805246680069552,linear-baseline,scale_dependent_camb
7,0.17404257,0.21083225,1920,1939,1929.5172279792746,1.0078520472585072e-06,9.768400728376656e-07,9.748431314212812e-07,1.4482588535168928e-08,5.120368281176248e-09,0.969229635931982,0.9672482524324729,-6.05659060400974,linear-baseline,scale_dependent_camb
7,0.17404257,0.21083225,1940,1959,1949.5170512820512,9.94294091059087e-07,9.668906574040952e-07,9.649494119882702e-07,8.23226478818069e-09,2.9105451281229014e-09,0.9724393075435029,0.9704869219935123,-9.415223763482768,linear-baseline,scale_dependent_camb
7,0.17404257,0.21083225,1960,1979,1969.5168781725888,9.809476726512105e-07,9.528577125523076e-07,9.509194475651713e-07,1.2492814715599014e-08,4.416877000753576e-09,0.9713644663399994,0.9693885556556938,-6.359688099557774,linear-baseline,scale_dependent_camb
7,0.17404257,0.21083225,1980,1999,1989.5167085427136,9.678087638308474e-07,9.4636897118552e-07,9.444537255472586e-07,1.1277850648781923e-08,3.987322335481401e-09,0.9778470773911335,0.9758681268899206,-5.376990080421719,linear-baseline,scale_dependent_camb
7,0.17404257,0.21083225,2000,2019,2009.5165422885573,9.548734960780826e-07,9.294119710285425e-07,9.275379440797704e-07,1.0636875370879659e-08,3.76070335269259e-09,0.9733351850751777,0.9713725932172308,-6.7704157072931945,linear-baseline,scale_dependent_camb
7,0.17404257,0.21083225,2020,2039,2029.5163793103447,9.421381495457498e-07,9.183655366078168e-07,9.165090135024728e-07,9.946570429645984e-09,3.516643700176133e-09,0.9747673810370645,0.9727968387060495,-6.760028869783545,linear-baseline,scale_dependent_camb
7,0.17404257,0.21083225,2040,2059,2049.516219512195,9.295991447266424e-07,9.06009038695117e-07,9.041795031291232e-07,9.300602393011853e-09,3.2882595106092562e-09,0.9746233565668111,0.9726552657220935,-7.174040234785043,linear-baseline,scale_dependent_camb
7,0.17404257,0.21083225,2060,2079,2069.5160628019325,9.172530428211885e-07,8.941356419710295e-07,8.923302266542633e-07,9.971729270398701e-09,3.5255386936276527e-09,0.9747971390979997,0.9728288541946175,-6.557125834966231,linear-baseline,scale_dependent_camb
7,0.17404257,0.21083225,2080,2099,2089.515909090909,9.050965412792613e-07,8.831897802778434e-07,8.813864231473504e-07,1.291809002486314e-08,4.567234528279511e-09,0.9757962162020253,0.9738037689345281,-4.7965045074377395,linear-baseline,scale_dependent_camb
7,0.17404257,0.21083225,2100,2119,2109.5157582938386,8.931264595798497e-07,8.749574514905869e-07,8.731742986209343e-07,1.1814073947950106e-08,4.176905901017424e-09,0.979656847141434,0.9776603181499053,-4.3498724940959566,linear-baseline,scale_dependent_camb
7,0.17404257,0.21083225,2120,2139,2129.5156103286386,8.81339736815817e-07,8.622900828760367e-07,8.605435785227724e-07,9.557307530790124e-09,3.3790184824534773e-09,0.9783855723916358,0.9764039252692964,-5.63762939998732,linear-baseline,scale_dependent_camb
7,0.17404257,0.21083225,2140,2159,2149.515465116279,8.697334307220672e-07,8.508259066606763e-07,8.490999422247541e-07,9.917691150879227e-09,3.5064333332502577e-09,0.9782605527239611,0.9762760775101139,-5.392238284440642,linear-baseline,scale_dependent_camb
7,0.17404257,0.21083225,2160,2179,2169.5153225806453,8.583047051972476e-07,8.402370212349521e-07,8.385356145611704e-07,9.384829197556051e-09,3.3180381829346945e-09,0.9789495690133221,0.9769672815302415,-5.445291152832755,linear-baseline,scale_dependent_camb
7,0.17404257,0.21083225,2180,2199,2189.5151826484016,8.470508278937984e-07,8.323455620904497e-07,8.3065375583687e-07,1.0847718454499602e-08,3.835247639789562e-09,0.9826394528886614,0.9806421627640695,-3.834241536527106,linear-baseline,scale_dependent_camb
7,0.17404257,0.21083225,2200,2219,2209.515045248869,8.359691620241603e-07,8.182539207025185e-07,8.166015610493134e-07,9.974047833829352e-09,3.526358429589865e-09,0.9788087382568668,0.9768321585835158,-5.0236644048977634,linear-baseline,scale_dependent_camb
7,0.17404257,0.21083225,2220,2239,2229.5149103139015,8.250571595387183e-07,8.119191465370132e-07,8.102760811759292e-07,8.921359267007368e-09,3.1541768175511784e-09,0.9840762390219722,0.9820847826215422,-4.16527473304593,linear-baseline,scale_dependent_camb
7,0.17404257,0.21083225,2240,2259,2249.514777777778,8.143123685669873e-07,8.017323680853793e-07,8.001146935683667e-07,8.111877207701181e-09,2.8679816908590504e-09,0.984551382286203,0.982564829484777,-4.3863601088192,linear-baseline,scale_dependent_camb
7,0.17404257,0.21083225,2260,2279,2269.5146475770925,8.037324142637521e-07,7.893515080481786e-07,7.877603763464329e-07,7.553442907563618e-09,2.670545350621833e-09,0.9821073457280594,0.9801276673257603,-5.385007302806116,linear-baseline,scale_dependent_camb
7,0.17404257,0.21083225,2280,2299,2289.514519650655,7.933150070638055e-07,7.809081552462863e-07,7.793480092706215e-07,7.274878943989346e-09,2.572058116803048e-09,0.9843607498823965,0.9823941338953385,-4.823705862813222,linear-baseline,scale_dependent_camb
7,0.17404257,0.21083225,2300,2319,2309.514393939394,7.830579314744583e-07,7.688922656937227e-07,7.673485759129413e-07,7.51782074387076e-09,2.6579510138679545e-09,0.9819098112523266,0.9799384503622393,-5.329543587081095,linear-baseline,scale_dependent_camb
7,0.17404257,0.21083225,2320,2339,2329.514270386266,7.729590547261349e-07,7.621422403839456e-07,7.606123751394188e-07,6.1347232462519755e-09,2.168952204063761e-09,0.9860059672293744,0.9840267352957128,-4.987115124954286,linear-baseline,scale_dependent_camb
7,0.17404257,0.21083225,2340,2359,2349.5141489361704,7.63016309199686e-07,7.545123299436306e-07,7.529855862098621e-07,8.920954289303358e-09,3.154033636310811e-09,0.9888547870425272,0.9868538550632752,-2.696223387776653,linear-baseline,scale_dependent_camb
7,0.17404257,0.21083225,2360,2379,2369.514029535865,7.532276948187562e-07,7.426617400019445e-07,7.411613265231196e-07,8.096758907228787e-09,2.8626365644670275e-09,0.9859724292010346,0.9839804505614468,-3.6909871647569283,linear-baseline,scale_dependent_camb
7,0.17404257,0.21083225,2380,2399,2389.513912133891,7.435912728322674e-07,7.360236399271842e-07,7.345419842853747e-07,7.467565907835884e-09,2.6401832461941148e-09,0.9898228594369339,0.9878302921544185,-2.8663286595701836,linear-baseline,scale_dependent_camb
7,0.17404257,0.21083225,2400,2419,2409.5137966804978,7.341051599279404e-07,7.256710697373216e-07,7.241941226321638e-07,9.712968234713657e-09,3.434052852107778e-09,0.9885110599257377,0.9864991586535784,-2.4560164196197762,linear-baseline,scale_dependent_camb
7,0.17404257,0.21083225,2420,2439,2429.513683127572,7.247675255916278e-07,7.167958668486349e-07,7.153558699998146e-07,6.58363213802792e-09,2.327665464818615e-09,0.9890010817793117,0.9870142421404291,-3.4247441754324908,linear-baseline,scale_dependent_camb
7,0.17404257,0.21083225,2440,2459,2449.5135714285716,7.155765810551386e-07,7.079638712380545e-07,7.065355369081378e-07,7.450473658083787e-09,2.6341402233413943e-09,0.9893614324187932,0.9873653716648055,-2.890016920749716,linear-baseline,scale_dependent_camb
7,0.17404257,0.21083225,2460,2479,2469.5134615384613,7.065305788915256e-07,6.990374907656976e-07,6.976209391988171e-07,8.244375960951379e-09,2.9148270743200396e-09,0.9893945310370234,0.9873895908274957,-2.5706801586423182,linear-baseline,scale_dependent_camb
7,0.17404257,0.21083225,2480,2499,2489.513353413655,6.976278138805454e-07,6.90080871973226e-07,6.886916130210055e-07,6.828209894362931e-09,2.4141367598345537e-09,0.989181993955574,0.9871905897647165,-3.1261451434245258,linear-baseline,scale_dependent_camb
7,0.17404257,0.21083225,2500,2519,2509.513247011952,6.888666121664671e-07,6.830024798490379e-07,6.816273638839083e-07,6.638959099029835e-09,2.347226499472064e-09,0.9914872745842819,0.9894910739543734,-2.4983240086749534,linear-baseline,scale_dependent_camb
7,0.17404257,0.21083225,2520,2539,2529.51314229249,6.802453292159136e-07,6.750651758234404e-07,6.737084888480514e-07,6.515203801814049e-09,2.3034723945375445e-09,0.9923848747356426,0.9903904663698361,-2.2488454408038203,linear-baseline,scale_dependent_camb
7,0.17404257,0.21083225,2540,2559,2549.513039215686,6.717623490347514e-07,6.673146214496277e-07,6.659600956973193e-07,7.975344595280264e-09,2.819710122811078e-09,0.9933790162674127,0.9913626398595138,-1.577370506685137,linear-baseline,scale_dependent_camb
7,0.17404257,0.21083225,2560,2579,2569.512937743191,6.634160819922597e-07,6.596910432005212e-07,6.583577424291999e-07,8.297098332711626e-09,2.933467247615994e-09,0.9943850640753958,0.992375313622381,-1.2698416165258983,linear-baseline,scale_dependent_camb
7,0.17404257,0.21083225,2580,2599,2589.5128378378377,6.552049563363352e-07,6.537301523226659e-07,6.524077078121262e-07,7.176150704927856e-09,2.537152413135555e-09,0.997749095150446,0.9957307274660281,-0.5812831763806608,linear-baseline,scale_dependent_camb
7,0.17404257,0.21083225,2600,2619,2609.5127394636015,6.471274149177127e-07,6.445648729777441e-07,6.43275447385012e-07,5.6517306373132605e-09,1.998188529541987e-09,0.9960401276767197,0.9940475902520827,-1.2824325142913195,linear-baseline,scale_dependent_camb
7,0.17404257,0.21083225,2620,2639,2629.5126425855515,6.391819121997187e-07,6.362276033560892e-07,6.349344024066526e-07,8.047914777414814e-09,2.8453675567607193e-09,0.9953779842839069,0.9933547716041455,-1.038287245740877,linear-baseline,scale_dependent_camb
7,0.17404257,0.21083225,2640,2659,2649.512547169811,6.313669112065937e-07,6.289742920559467e-07,6.277033452805642e-07,6.573790592869464e-09,2.324185953159166e-09,0.9962104140901611,0.9941974058807926,-1.0294439424671809,linear-baseline,scale_dependent_camb
7,0.17404257,0.21083225,2660,2679,2669.5124531835204,6.236808774925095e-07,6.216400490104625e-07,6.203907664966384e-07,5.839997365040994e-09,2.064750869466028e-09,0.996727768069061,0.9947246883548861,-0.9884139109600123,linear-baseline,scale_dependent_camb
7,0.17404257,0.21083225,2680,2699,2689.5123605947956,6.16122274606624e-07,6.142766543109848e-07,6.13036592778976e-07,6.555528380375031e-09,2.3177292860120245e-09,0.9970044577647877,0.9949917703760701,-0.79630537818972,linear-baseline,scale_dependent_camb
7,0.17404257,0.21083225,2700,2719,2709.512269372694,6.086895623834602e-07,6.049284599822502e-07,6.037256947793194e-07,3.441242951097421e-09,1.2166631132156965e-09,0.9938209842362294,0.9918449930623031,-3.091326070755283,linear-baseline,scale_dependent_camb
7,0.17404257,0.21083225,2720,2739,2729.5121794871793,6.013811942215442e-07,6.012734490597708e-07,6.000584864599868e-07,6.252086530065638e-09,2.210446390987242e-09,0.9998208371615064,0.9978005501763827,-0.04874362129418711,linear-baseline,scale_dependent_camb
7,0.17404257,0.21083225,2740,2759,2749.512090909091,5.941956119590824e-07,5.944770251397734e-07,5.932857550139849e-07,4.58686866795906e-09,1.6217029697629787e-09,1.0004736035996011,0.998468758558991,0.17352942304357227,linear-baseline,scale_dependent_camb
7,0.17404257,0.21083225,2760,2779,2769.5120036101084,5.871312425986008e-07,5.875545846057883e-07,5.863729850001736e-07,5.2876502796660875e-09,1.8694666846474173e-09,1.0007210347133186,0.9987085381539718,0.22645068278782426,linear-baseline,scale_dependent_camb
7,0.17404257,0.21083225,2780,2799,2789.511917562724,5.801864977069172e-07,5.832227689556091e-07,5.820450274888154e-07,6.110713156398713e-09,2.160463355387691e-09,1.005233267683223,1.0032033316687714,1.405379656692705,linear-baseline,scale_dependent_camb
7,0.17404257,0.21083225,2800,2819,2809.5118327402133,5.733597729719026e-07,5.768514703114546e-07,5.756906372014791e-07,5.138010727548338e-09,1.8165611136293283e-09,1.0060898889391097,1.004065273392821,1.9221469144937837,linear-baseline,scale_dependent_camb
7,0.17404257,0.21083225,2820,2839,2829.511749116608,5.6664944558385e-07,5.70132489954772e-07,5.689884088958796e-07,4.959050720846663e-09,1.753289196479356e-09,1.0061467356900584,1.0041277077569883,1.9865772160782516,linear-baseline,scale_dependent_camb
7,0.17404257,0.21083225,2840,2859,2849.5116666666668,5.600538750349141e-07,5.649923771579652e-07,5.6386238762883e-07,4.152510153946596e-09,1.4681340444008163e-09,1.0088179054608688,1.0068002611243043,3.3637951125005143,linear-baseline,scale_dependent_camb
7,0.17404257,0.21083225,2860,2879,2869.5115853658535,5.535714062611967e-07,5.572473699436926e-07,5.561407995069143e-07,3.2962784559046307e-09,1.165410424424643e-09,1.0066404507908442,1.004641484759972,3.154222414228583,linear-baseline,scale_dependent_camb
7,0.17404257,0.21083225,2880,2899,2889.5115051903113,5.472003726185196e-07,5.484415173904966e-07,5.473364591344598e-07,5.831982608003356e-09,2.06191722494059e-09,1.0022681723808737,1.0002486959489612,0.601937244116505,linear-baseline,scale_dependent_camb
7,0.17404257,0.21083225,2900,2919,2909.5114261168383,5.409390973147219e-07,5.459908951540936e-07,5.44898326508794e-07,3.918048116326163e-09,1.3852391960347044e-09,1.0093389401218165,1.0073191773597547,3.646877632276508,linear-baseline,scale_dependent_camb
7,0.17404257,0.21083225,2920,2939,2929.511348122867,5.347858970348844e-07,5.399761342646687e-07,5.388913525233464e-07,5.192049624938863e-09,1.8356667490256703e-09,1.0097052619722426,1.007676820782344,2.827439802207641,linear-baseline,scale_dependent_camb
7,0.17404257,0.21083225,2940,2959,2949.511271186441,5.287390863938558e-07,5.3426306764171e-07,5.331967274288653e-07,4.06670284184152e-09,1.4377965782683712e-09,1.0104474614985044,1.008430700793111,3.8419769050410832,linear-baseline,scale_dependent_camb
7,0.17404257,0.21083225,2960,2979,2969.5111952861953,5.227969820288926e-07,5.272267605474828e-07,5.261621147462134e-07,5.276563637563172e-09,1.8655469647416376e-09,1.008473228941374,1.0064367868082584,2.374519967769199,linear-baseline,scale_dependent_camb
7,0.17404257,0.21083225,2980,2999,2989.511120401338,5.169579038702448e-07,5.21760053625569e-07,5.20716051132601e-07,4.067950781845082e-09,1.4382377916878875e-09,1.0092892471889348,1.00726973557077,3.3389122320924147,linear-baseline,scale_dependent_camb
7,0.17404257,0.21083225,3000,3019,3009.5110465116277,5.112201772128072e-07,5.169595191614279e-07,5.15922563095192e-07,4.056278923358737e-09,1.4341111665455155e-09,1.0112267516120192,1.0091983573653576,4.002020263495741,linear-baseline,scale_dependent_camb
7,0.17404257,0.21083225,3020,3039,3029.5109735973597,5.055821355330835e-07,5.114039950227728e-07,5.103796943867486e-07,3.8960870996243825e-09,1.3774748041189143e-09,1.0115151606050137,1.0094891779524737,4.226472580319257,linear-baseline,scale_dependent_camb
7,0.17404257,0.21083225,3040,3059,3049.5109016393444,5.00042121836324e-07,5.059984018194094e-07,5.049803188150259e-07,4.567300393121966e-09,1.6147845398462631e-09,1.0119115564929049,1.0098755620037911,3.6885911625414125,linear-baseline,scale_dependent_camb
7,0.17404257,0.21083225,3060,3079,3069.5108306188927,4.945984868093539e-07,5.011168941628105e-07,5.001112048531916e-07,4.339431753169541e-09,1.5342208095812055e-09,1.0131791898424654,1.0111458449446544,4.248676144104659,linear-baseline,scale_dependent_camb
7,0.17404257,0.21083225,3080,3099,3089.5107605177996,4.892495891011123e-07,4.959445809610431e-07,4.949459078244413e-07,4.855822997831965e-09,1.7167926850042861e-09,1.013684205381207,1.0116429708889376,3.899708985487679,linear-baseline,scale_dependent_camb
7,0.17404257,0.21083225,3100,3119,3109.510691318328,4.839937955739345e-07,4.903524069542045e-07,4.893713160140856e-07,3.797571393652967e-09,1.3426442422460304e-09,1.0131377952329528,1.0111107218508335,4.735886976011639,linear-baseline,scale_dependent_camb
7,0.17404257,0.21083225,3120,3139,3129.5106230031947,4.788294810774002e-07,4.841209245662168e-07,4.831500735077799e-07,3.9258785936868865e-09,1.388007687855552e-09,1.011050788846398,1.0090232381278155,3.812258055279092,linear-baseline,scale_dependent_camb
7,0.17404257,0.21083225,3140,3159,3149.5105555555556,4.7375502753821086e-07,4.813963047148668e-07,4.804372315379019e-07,3.1806313220851628e-09,1.1245229881503762e-09,1.0161291737976113,1.0141047664114806,6.7951275849187915,linear-baseline,scale_dependent_camb
7,0.17404257,0.21083225,3160,3179,3169.5104889589907,4.687688235550636e-07,4.77024435203401e-07,4.760690535731839e-07,3.5858875728427683e-09,1.2678027096648456e-09,1.017611264302366,1.0155731986670031,6.5117479126700175,linear-baseline,scale_dependent_camb
7,0.17404257,0.21083225,3180,3199,3189.510423197492,4.6386926544027377e-07,4.7122467296185844e-07,4.7029697517124656e-07,1.6956758489774317e-09,5.995119457530989e-10,1.0158566390782615,1.0138567269053103,12.268992425738753,linear-baseline,scale_dependent_camb
7,0.17404257,0.21083225,3200,3219,3209.5103582554516,4.5905475938674844e-07,4.6565365946668787e-07,4.647216701252026e-07,4.594102231803432e-09,1.6242604207862293e-09,1.0143749736714525,1.0123447380134445,4.062710631553283,linear-baseline,scale_dependent_camb
7,0.17404257,0.21083225,3220,3239,3229.510294117647,4.543237214991993e-07,4.6235506249620826e-07,4.6143369764008426e-07,3.3025320505883703e-09,1.1676214040284752e-09,1.017677573538328,1.0156495815746163,6.878377673875785,linear-baseline,scale_dependent_camb
7,0.17404257,0.21083225,3240,3259,3249.510230769231,4.4967458016366145e-07,4.5878329332375464e-07,4.5787030939115316e-07,2.5428910826466983e-09,8.990477641791409e-10,1.0202562332004135,1.018225911779378,10.131511942983073,linear-baseline,scale_dependent_camb
7,0.17404257,0.21083225,3260,3279,3269.5101681957185,4.451057775236493e-07,4.532970428933519e-07,4.5239106679194954e-07,3.324866412385675e-09,1.1755177933686494e-09,1.0184029634826912,1.0163675459546537,6.968218955009721,linear-baseline,scale_dependent_camb
7,0.17404257,0.21083225,3280,3299,3289.510106382979,4.4061577336632206e-07,4.4995892970112466e-07,4.4905531489591095e-07,4.0907973503632365e-09,1.4463152734509026e-09,1.0212047704588978,1.0191539705106571,6.4599721141780275,linear-baseline,scale_dependent_camb
7,0.17404257,0.21083225,3300,3319,3309.5100453172204,4.362030464080187e-07,4.454994288428523e-07,4.4460193193265725e-07,4.222359024899485e-09,1.4928293495553219e-09,1.0213120529794235,1.019254532020811,6.227357760351349,linear-baseline,scale_dependent_camb
7,0.17404257,0.21083225,3320,3339,3329.509984984985,4.3186609647622976e-07,4.4156494180374323e-07,4.4068549741373794e-07,2.4761136432112575e-09,8.754383740516037e-10,1.022457991971702,1.0204216098681262,11.078844171093834,linear-baseline,scale_dependent_camb
7,0.17404257,0.21083225,3340,3359,3349.509925373134,4.276034458516656e-07,4.3622311956086663e-07,4.353523805921184e-07,2.7106425732846355e-09,9.583568724712595e-10,1.020158101607514,1.0181217780530722,8.994221210073867,linear-baseline,scale_dependent_camb
7,0.17404257,0.21083225,3360,3379,3369.5098664688426,4.2341364274223727e-07,4.334183931532083e-07,4.325561360285465e-07,2.222949222599021e-09,7.859312347665658e-10,1.0236287861349374,1.021592344609158,12.729803789949413,linear-baseline,scale_dependent_camb
7,0.17404257,0.21083225,3380,3399,3389.509808259587,4.1929526167769514e-07,4.296801898125908e-07,4.2881880066914855e-07,3.6129935507025876e-09,1.2773861200425309e-09,1.0247675780864856,1.0227132044215037,8.129826973969228,linear-baseline,scale_dependent_camb
7,0.17404257,0.21083225,3400,3419,3409.509750733138,4.1524690210308735e-07,4.251658145238629e-07,4.2431205955219033e-07,3.938204481823769e-09,1.3923655473984202e-09,1.0238867824673454,1.0218307647888303,7.1237847268690455,linear-baseline,scale_dependent_camb
7,0.17404257,0.21083225,3420,3439,3429.509693877551,4.112671908808052e-07,4.216576753089057e-07,4.2081974655284735e-07,2.9703767038260975e-09,1.0501867549769893e-09,1.0252645595332983,1.0232271279690062,9.893939700589884,linear-baseline,scale_dependent_camb
7,0.17404257,0.21083225,3440,3459,3449.5096376811593,4.0735478259665307e-07,4.177985994434975e-07,4.1696374404130823e-07,3.1674643820875233e-09,1.1198677718704725e-09,1.02563813484715,1.023588679586388,9.325937498317792,linear-baseline,scale_dependent_camb
7,0.17404257,0.21083225,3460,3479,3469.509582132565,4.035083556619561e-07,4.1315648779232986e-07,4.12327751929785e-07,3.243694858381065e-09,1.1468193152305945e-09,1.0239106129897757,1.0218567872116568,8.41294875508247,linear-baseline,scale_dependent_camb
7,0.17404257,0.21083225,3480,3499,3489.5095272206304,3.997266142847761e-07,4.1032189664188054e-07,4.095089386698918e-07,1.905260624212812e-09,6.736113536542968e-10,1.0265063220172677,1.0244725370679133,15.729073299649295,linear-baseline,scale_dependent_camb
7,0.17404257,0.21083225,3500,3519,3509.509472934473,3.960082873538149e-07,4.067120961840411e-07,4.058965325030643e-07,3.363422415427583e-09,1.1891493989718405e-09,1.0270292546192672,1.0249697934740813,9.001231333490038,linear-baseline,scale_dependent_camb
7,0.17404257,0.21083225,3520,3539,3529.509419263456,3.9235212683596103e-07,4.027452513059185e-07,4.019417822524538e-07,2.5977172534228373e-09,9.184317427502906e-10,1.0264892777663028,1.0244414513407292,11.316164268054074,linear-baseline,scale_dependent_camb
7,0.17404257,0.21083225,3540,3559,3549.509366197183,3.887569096966191e-07,4.0086481635057863e-07,4.000656519433529e-07,2.9731718252285216e-09,1.0511749796259362e-09,1.0311451870100736,1.0290894951695109,11.518450199669084,linear-baseline,scale_dependent_camb
7,0.17404257,0.21083225,3560,3579,3569.5093137254903,3.852214348433515e-07,3.9593364626552515e-07,3.9513883433455867e-07,3.2479235315058545e-09,1.1483143769515743e-09,1.0278079318886544,1.0257446720098533,9.328639993702179,linear-baseline,scale_dependent_camb
7,0.17404257,0.21083225,3580,3599,3589.50926183844,3.817445260616438e-07,3.9347255864093194e-07,3.9268507164195533e-07,2.857929258193835e-09,1.01043057931015e-09,1.0307222023594762,1.0286593384669642,11.60696520813453,linear-baseline,scale_dependent_camb
7,0.17404257,0.21083225,3600,3619,3609.5092105263157,3.783250328800229e-07,3.903052621651831e-07,3.895248526352015e-07,3.6414362820700056e-09,1.2874421441552151e-09,1.0316664990258773,1.0296036973020772,9.305450609604927,linear-baseline,scale_dependent_camb
7,0.17404257,0.21083225,3620,3639,3629.5091597796145,3.7496182935657327e-07,3.8731011331098775e-07,3.865401061298288e-07,2.174369199149898e-09,7.687556027610277e-10,1.0329321093179107,1.0308785478061155,16.06269132877204,linear-baseline,scale_dependent_camb
7,0.17404257,0.21083225,3640,3659,3649.509109589041,3.71653818606435e-07,3.837933109485792e-07,3.830251310468954e-07,2.805172614635548e-09,9.917782891037968e-10,1.032663440369489,1.030596517165083,12.240127128729387,linear-baseline,scale_dependent_camb
7,0.17404257,0.21083225,3660,3679,3669.5090599455043,3.683999310655012e-07,3.8156985087612676e-07,3.8080807012687777e-07,2.786778191549683e-09,9.852748784537822e-10,1.0357489746877393,1.0336811655352085,13.366746781663045,linear-baseline,scale_dependent_camb
7,0.17404257,0.21083225,3680,3699,3689.509010840108,3.6519912997426167e-07,3.7661199714061184e-07,3.758528696404452e-07,4.141804404323979e-09,1.464348990322897e-09,1.0312510798345946,1.0291724125052937,7.793816393340475,linear-baseline,scale_dependent_camb
7,0.17404257,0.21083225,3700,3719,3709.508962264151,3.6205040839898543e-07,3.7441654506525674e-07,3.7366497314922223e-07,3.4043427745908698e-09,1.203616930698315e-09,1.0341558423340973,1.032079965885406,10.27414649202111,linear-baseline,scale_dependent_camb
7,0.17404257,0.21083225,3720,3739,3729.508914209115,3.5895279305615827e-07,3.71340503391937e-07,3.705987194343877e-07,2.3920885699098053e-09,8.457310244910269e-10,1.0345106949309646,1.032444172614106,14.647340557518048,linear-baseline,scale_dependent_camb
7,0.17404257,0.21083225,3740,3759,3749.5088666666666,3.5590534204662695e-07,3.6898268015437667e-07,3.6824398867848e-07,2.7118658203495496e-09,9.58789355618593e-10,1.0367438657496646,1.0346683378251642,13.63942771278731,linear-baseline,scale_dependent_camb
7,0.17404257,0.21083225,3760,3779,3769.5088196286474,3.5290714711158174e-07,3.6539610190842443e-07,3.646661431039868e-07,2.5410344565835293e-09,8.983913477394437e-10,1.0353887839876872,1.0333203679456429,13.901463797784487,linear-baseline,scale_dependent_camb
7,0.17404257,0.21083225,3780,3799,3789.5087730870714,3.499573298592575e-07,3.627039431440823e-07,3.619776747497621e-07,2.8691572364595526e-09,1.014400269095502e-09,1.036423335639094,1.0343480300736632,12.565664337008164,linear-baseline,scale_dependent_camb
7,0.17404257,0.21083225,3800,3819,3809.5087270341205,3.470550423465497e-07,3.610714250844758e-07,3.6034784471744345e-07,2.96688987595097e-09,1.0489539751593229e-09,1.040386627559585,1.0383017122615965,13.36224760080361,linear-baseline,scale_dependent_camb
7,0.17404257,0.21083225,3820,3839,3829.508681462141,3.4419946341453166e-07,3.570143300210828e-07,3.5630084721977486e-07,2.711869356754786e-09,9.58790605926655e-10,1.037230931389099,1.0351580554054178,13.36565724292404,linear-baseline,scale_dependent_camb
7,0.17404257,0.21083225,3840,3859,3849.5086363636365,3.4138979896331053e-07,3.5409551521131223e-07,3.5338219307038597e-07,3.5929686709728326e-09,1.2703062559178536e-09,1.0372176212838955,1.0351281559773973,10.002089014999969,linear-baseline,scale_dependent_camb
7,0.17404257,0.21083225,3860,3879,3869.5085917312663,3.38625276670912e-07,3.5136656388515237e-07,3.5065415968774626e-07,4.156714543164687e-09,1.469620520464246e-09,1.0376265095727712,1.035522696755223,8.669780420741168,linear-baseline,scale_dependent_camb
7,0.17404257,0.21083225,3880,3899,3889.5085475578408,3.359051465048707e-07,3.4888544170849724e-07,3.4819180869037917e-07,1.9447871788078587e-09,6.875861010498457e-10,1.0386427398885902,1.0365777729616605,18.878065138035026,linear-baseline,scale_dependent_camb
7,0.17404257,0.21083225,3900,3919,3909.5085038363172,3.332286758317216e-07,3.46884021309693e-07,3.4618819476217143e-07,2.8441163613750614e-09,1.0055469828059576e-09,1.0409789026826348,1.0388907674230123,13.580017355197521,linear-baseline,scale_dependent_camb
7,0.17404257,0.21083225,3920,3939,3929.5084605597963,3.3059515076094284e-07,3.4446485577340406e-07,3.437779540250021e-07,2.0907334803103603e-09,7.391859107906034e-10,1.0419537460865256,1.039875972874121,18.763486708812874,linear-baseline,scale_dependent_camb
7,0.17404257,0.21083225,3940,3959,3949.508417721519,3.280038709016044e-07,3.4208219797802694e-07,3.4139646642368516e-07,3.076305906389909e-09,1.0876383837062665e-09,1.0429212223554698,1.0408306020452371,12.943941007716962,linear-baseline,scale_dependent_camb
7,0.17404257,0.21083225,3960,3979,3969.5083753148615,3.2545415069491447e-07,3.389600808522314e-07,3.3828000617602414e-07,2.9887788079939327e-09,1.0566928812995779e-09,1.0414987184169533,1.039409100955461,12.78132028362545,linear-baseline,scale_dependent_camb
7,0.17404257,0.21083225,3980,3999,3989.508333333333,3.2294531647451455e-07,3.3648689007724455e-07,3.3581500223236795e-07,2.178254695302293e-09,7.701293330998441e-10,1.0419314754292113,1.039850975076361,17.583505809633134,linear-baseline,scale_dependent_camb
7,0.17404257,0.21083225,4000,4019,4009.5082917705736,3.204767065501793e-07,3.342715914436131e-07,3.336028642326428e-07,2.4653887915183215e-09,8.716465663719563e-10,1.0430448909748573,1.0409582269605866,15.826236717540363,linear-baseline,scale_dependent_camb
7,0.17404257,0.21083225,4020,4039,4029.5082506203476,3.1804767084983846e-07,3.321994900507117e-07,3.3153645491530054e-07,2.091416220401238e-09,7.394272958646271e-10,1.0444959057963195,1.042411202161674,19.13889205878613,linear-baseline,scale_dependent_camb
7,0.17404257,0.21083225,4040,4059,4049.5082098765433,3.1565756891348313e-07,3.295674506177007e-07,3.2891416763448266e-07,1.5546619119441159e-09,5.496559901940638e-10,1.0440663651820434,1.0419967712690361,25.30652253840896,linear-baseline,scale_dependent_camb
7,0.17404257,0.21083225,4060,4079,4069.5081695331696,3.1330577240513417e-07,3.2763791252881795e-07,3.269883482542182e-07,1.5942020858993246e-09,5.636355527605757e-10,1.0457448964749714,1.043671636638061,25.428027124065878,linear-baseline,scale_dependent_camb
7,0.17404257,0.21083225,4080,4096,4088.005870123517,3.11163758534604e-07,3.2488246191128173e-07,3.2423962945498955e-07,1.3541236159382475e-09,4.787549956973915e-10,1.0440883714777218,1.0420224738959483,28.654956083944356,linear-baseline,scale_dependent_camb
8,0.13796899,0.17404257,20,39,30.608333333333334,0.00016477718764267078,0.00015896606292945477,0.00016185442362539213,5.7546004832119845e-06,2.0345585123492887e-06,0.9647334391589583,0.982262326119943,-2.8562091863880323,linear-baseline,scale_dependent_camb
8,0.13796899,0.17404257,40,59,50.165,9.747131204391904e-05,9.363692779361773e-05,9.5353238167903e-05,2.8021578297191893e-06,9.907124016747088e-07,0.9606614072397671,0.9782697715707195,-3.8703303237343523,linear-baseline,scale_dependent_camb
8,0.13796899,0.17404257,60,79,69.975,6.359837295395104e-05,6.25839737371399e-05,6.371895264010431e-05,1.9109657300734627e-06,6.756284131750235e-07,0.9840499187369837,1.001895955518242,-1.5014158626694059,linear-baseline,scale_dependent_camb
8,0.13796899,0.17404257,80,99,89.86944444444444,4.376649892395154e-05,4.363121197136076e-05,4.443056412833725e-05,1.185158422030694e-06,4.1901677849912593e-07,0.9969088925110082,1.0151729112611816,-0.32286762614938663,linear-baseline,scale_dependent_camb
8,0.13796899,0.17404257,100,119,109.80227272727272,3.165448451955015e-05,3.275916838756744e-05,3.3356730543837715e-05,5.468431477208908e-07,1.933382489994194e-07,1.0348981790347913,1.053775825135811,5.713736799284905,linear-baseline,scale_dependent_camb
8,0.13796899,0.17404257,120,139,129.75576923076923,2.415573316939622e-05,2.5808570957375882e-05,2.627850192328136e-05,4.1974838793325546e-07,1.4840346574986326e-07,1.0684242443145424,1.0878784650831694,11.137460837778221,linear-baseline,scale_dependent_camb
8,0.13796899,0.17404257,140,159,149.72166666666666,1.9072304486873696e-05,2.0486649026710393e-05,2.0860931794669818e-05,4.2689886054492926e-07,1.5093153958606486e-07,1.0741569819635641,1.0937813943263712,9.370768652566507,linear-baseline,scale_dependent_camb
8,0.13796899,0.17404257,160,179,169.6955882352941,1.550609068857956e-05,1.6802780960782773e-05,1.7109598324189546e-05,2.693260390234206e-07,9.52211342717867e-08,1.083624576835362,1.1034114702289848,13.617673031515357,linear-baseline,scale_dependent_camb
8,0.13796899,0.17404257,180,199,189.675,1.3037176516583111e-05,1.415529643558903e-05,1.4414591768249067e-05,3.416887991672014e-07,1.2080523347330822e-07,1.0857639625868136,1.1056528804311196,9.255558611647118,linear-baseline,scale_dependent_camb
8,0.13796899,0.17404257,200,219,209.65833333333333,1.1240306426317689e-05,1.2208643160892853e-05,1.2430923401806534e-05,2.0252001848224132e-07,7.160163919740889e-08,1.0861486064390498,1.1059238894680996,13.523946454709176,linear-baseline,scale_dependent_camb
8,0.13796899,0.17404257,220,239,229.64456521739132,9.914801599907722e-06,1.0602601907835722e-05,1.0795798551317163e-05,1.5457711368845542e-07,5.4651262652675356e-08,1.06937106113494,1.0888567403524887,12.585259233609488,linear-baseline,scale_dependent_camb
8,0.13796899,0.17404257,240,259,249.633,8.918518469982103e-06,9.246532615155282e-06,9.415104129493731e-06,2.032198777955766e-07,7.184907683057685e-08,1.036778994883198,1.0556802860456065,4.565321638671162,linear-baseline,scale_dependent_camb
8,0.13796899,0.17404257,260,279,269.6231481481482,8.145813269440828e-06,8.338208013152573e-06,8.490142641053149e-06,1.2838762568104955e-07,4.5391880369755136e-08,1.0236188502421872,1.0422707175112986,4.238527731050743,linear-baseline,scale_dependent_camb
8,0.13796899,0.17404257,280,299,289.6146551724138,7.533611186415201e-06,7.481029210746088e-06,7.617162808494908e-06,1.528269244848233e-07,5.403247732555148e-08,0.9930203491568651,1.0110905142317896,-0.9731550036527343,linear-baseline,scale_dependent_camb
8,0.13796899,0.17404257,300,319,309.60725806451615,7.0364828135875636e-06,6.797888204653948e-06,6.921691533117659e-06,1.1487480791800834e-07,4.0614377833162895e-08,0.9660917797634799,0.9836862700427206,-5.87463409912919,linear-baseline,scale_dependent_camb
8,0.13796899,0.17404257,320,339,329.6007575757576,6.622904427865332e-06,6.263379461931803e-06,6.377337294065451e-06,1.1500713659603763e-07,4.066116308595288e-08,0.945714909546202,0.9629215344303207,-8.841974470172822,linear-baseline,scale_dependent_camb
8,0.13796899,0.17404257,340,359,349.595,6.271357166315981e-06,5.754856087801911e-06,5.859500033634822e-06,1.2550907280532246e-07,4.43741582405398e-08,0.9176412593292814,0.9343272721105281,-11.639681720028658,linear-baseline,scale_dependent_camb
8,0.13796899,0.17404257,360,379,369.58986486486486,5.967498603581515e-06,5.349244401292404e-06,5.446520451910807e-06,9.882212332037493e-08,3.493889676554518e-08,0.896396422796303,0.9126973986457185,-17.695298350084123,linear-baseline,scale_dependent_camb
8,0.13796899,0.17404257,380,399,389.5852564102564,5.701204020963332e-06,5.023124486903691e-06,5.114496453670925e-06,1.2948551266757724e-07,4.578004203633023e-08,0.8810638013362894,0.8970905855789264,-14.811684391236,linear-baseline,scale_dependent_camb
8,0.13796899,0.17404257,400,419,409.5810975609756,5.46515124870041e-06,4.761322212676996e-06,4.847872937176953e-06,1.0494755684344493e-07,3.7104564556480285e-08,0.8712150855494107,0.8870519252929655,-18.96879924172268,linear-baseline,scale_dependent_camb
8,0.13796899,0.17404257,420,439,429.57732558139537,5.2539268528200975e-06,4.554970134399545e-06,4.637670651471031e-06,1.0605380724435261e-07,3.749568313656636e-08,0.866964893497636,0.8827055993331379,-18.640991707627244,linear-baseline,scale_dependent_camb
8,0.13796899,0.17404257,440,459,449.5738888888889,5.063458605438602e-06,4.295536150480497e-06,4.373642330310301e-06,7.996314048033227e-08,2.8271239439307734e-08,0.8483403312247308,0.8637657915505862,-27.162673805181722,linear-baseline,scale_dependent_camb
8,0.13796899,0.17404257,460,479,469.5707446808511,4.890589227162655e-06,4.141242435862498e-06,4.216607715244569e-06,6.797080038458464e-08,2.4031306937308495e-08,0.8467778100973528,0.8621880757895698,-31.182107292583385,linear-baseline,scale_dependent_camb
8,0.13796899,0.17404257,480,499,489.5678571428571,4.732797152448411e-06,3.981920486766018e-06,4.054121008756505e-06,1.1264309847933471e-07,3.982534939430082e-08,0.8413461127752025,0.8566014722729438,-18.854239249683683,linear-baseline,scale_dependent_camb
8,0.13796899,0.17404257,500,519,509.56519607843137,4.5880211315702375e-06,3.846535707212979e-06,3.91646124543468e-06,7.65289572258565e-08,2.7057072305769185e-08,0.83838665884621,0.8536275516443147,-27.40449579976015,linear-baseline,scale_dependent_camb
8,0.13796899,0.17404257,520,539,529.5627358490566,4.454540408560626e-06,3.6818883955397694e-06,3.7488346538278665e-06,7.107468958716075e-08,2.5128697488905133e-08,0.8265473107986644,0.8415760796834278,-30.7477939659228,linear-baseline,scale_dependent_camb
8,0.13796899,0.17404257,540,559,549.5604545454545,4.330896965069495e-06,3.586039035264953e-06,3.651289701309576e-06,7.366277353887099e-08,2.6043723345172324e-08,0.828013010743009,0.8430793276216827,-28.600285755324418,linear-baseline,scale_dependent_camb
8,0.13796899,0.17404257,560,579,569.5583333333333,4.215845848225035e-06,3.5271679583450676e-06,3.5914002063405485e-06,6.105792705611272e-08,2.1587237133285438e-08,0.8366453815739215,0.8518812915924352,-31.902085738340865,linear-baseline,scale_dependent_camb
8,0.13796899,0.17404257,580,599,589.5563559322034,4.108319244381798e-06,3.4249956251678967e-06,3.4873999727121203e-06,4.229701916395339e-08,1.49542545374044e-08,0.8336731936914692,0.8488629449819909,-45.694261623321616,linear-baseline,scale_dependent_camb
8,0.13796899,0.17404257,600,619,609.5545081967213,4.007398574220261e-06,3.3485038620874096e-06,3.4094682614625555e-06,5.8506401422762144e-08,2.068513659442869e-08,0.8355804395471056,0.8507934008350923,-31.853534499275057,linear-baseline,scale_dependent_camb
8,0.13796899,0.17404257,620,639,629.5527777777778,3.912291955373492e-06,3.2762068767154096e-06,3.3357973384288237e-06,6.066380447276621e-08,2.1447893757633897e-08,0.8374136986928018,0.8526452975594373,-29.65722815703906,linear-baseline,scale_dependent_camb
8,0.13796899,0.17404257,640,659,649.5511538461539,3.822316669254428e-06,3.210316852706506e-06,3.2687879590058547e-06,4.847835777624177e-08,1.7139687762184075e-08,0.8398877252974183,0.8551850204612839,-35.70659075238232,linear-baseline,scale_dependent_camb
8,0.13796899,0.17404257,660,679,669.5496268656716,3.73688425478485e-06,3.1406863495960086e-06,3.1979490914134154e-06,3.7253175182337086e-08,1.3170986396080476e-08,0.8404558812798532,0.8557795407547447,-45.26600265613081,linear-baseline,scale_dependent_camb
8,0.13796899,0.17404257,680,699,689.5481884057971,3.65548741597577e-06,3.0973463503800368e-06,3.153788947454427e-06,4.9538277167053395e-08,1.7514425856561082e-08,0.847314187663057,0.8627546995979951,-31.867505687412972,linear-baseline,scale_dependent_camb
8,0.13796899,0.17404257,700,719,709.5468309859154,3.5776890055494765e-06,3.042525228613387e-06,3.097962259832656e-06,3.9873776571329253e-08,1.40975089025521e-08,0.8504163508605755,0.8659115577198857,-37.96158460585953,linear-baseline,scale_dependent_camb
8,0.13796899,0.17404257,720,739,729.5455479452055,3.503112762438672e-06,3.0022685577606307e-06,3.0568898278399182e-06,4.673023484802088e-08,1.652163297373774e-08,0.8570288087645282,0.8726210188312299,-30.314449272306625,linear-baseline,scale_dependent_camb
8,0.13796899,0.17404257,740,759,749.5443333333334,3.4314352787896123e-06,2.9421578213547575e-06,2.9957386642149003e-06,4.0515999984224624e-08,1.432456916769964e-08,0.8574131762125381,0.8730278792469612,-34.156521687097076,linear-baseline,scale_dependent_camb
8,0.13796899,0.17404257,760,779,769.5431818181818,3.3623790549610955e-06,2.8965990133976947e-06,2.949338879595887e-06,3.81566385481803e-08,1.3490408932351155e-08,0.8614730719083693,0.8771583546608823,-34.52675481515022,linear-baseline,scale_dependent_camb
8,0.13796899,0.17404257,780,799,789.5420886075949,3.295706470610641e-06,2.8498305421942325e-06,2.9016820615260356e-06,4.682735778671623e-08,1.6555971118017862e-08,0.8647100606827419,0.8804431120919579,-26.931427050580055,linear-baseline,scale_dependent_camb
8,0.13796899,0.17404257,800,819,809.5410493827161,3.231214153645601e-06,2.827512955110615e-06,2.8788873599631697e-06,5.666265476516202e-08,2.003327371223915e-08,0.8750620728497639,0.8909614847765753,-20.151534109392628,linear-baseline,scale_dependent_camb
8,0.13796899,0.17404257,820,839,829.5400602409638,3.168727992554206e-06,2.7637256050589865e-06,2.814015744564265e-06,5.2778836025446874e-08,1.8660136428363166e-08,0.8721877079866484,0.888058473676682,-21.704149326562337,linear-baseline,scale_dependent_camb
8,0.13796899,0.17404257,840,859,849.5391176470588,3.108098764130796e-06,2.7230722433335726e-06,2.7725880266872215e-06,5.5639216607059244e-08,1.967143368137938e-08,0.87612152958566,0.8920527425590342,-19.572875420955334,linear-baseline,scale_dependent_camb
8,0.13796899,0.17404257,860,879,869.5382183908046,3.0491983001734378e-06,2.6828470629783423e-06,2.7316781484137425e-06,4.15885647774371e-08,1.4703778086970887e-08,0.879853259404527,0.8958676607744289,-24.915449283046623,linear-baseline,scale_dependent_camb
8,0.13796899,0.17404257,880,899,889.5373595505617,2.9919162372039e-06,2.6487067361627976e-06,2.6968989709119464e-06,5.23839163297306e-08,1.8520511230930613e-08,0.8852877307281004,0.9013952119970904,-18.531318966396416,linear-baseline,scale_dependent_camb
8,0.13796899,0.17404257,900,919,909.5365384615385,2.936156978184405e-06,2.5995891581031423e-06,2.6468806212295094e-06,4.971052289130866e-08,1.7575323916386725e-08,0.8853713127118353,0.9014778981150484,-19.150020886241336,linear-baseline,scale_dependent_camb
8,0.13796899,0.17404257,920,939,929.535752688172,2.8818372605030615e-06,2.574240533718145e-06,2.6210544099140526e-06,5.1196495816652535e-08,1.810069468247186e-08,0.8932636721022819,0.9095081272759011,-16.99364207732776,linear-baseline,scale_dependent_camb
8,0.13796899,0.17404257,940,959,949.535,2.8288840536092884e-06,2.5398600602336053e-06,2.5861478784469314e-06,3.239064148094545e-08,1.14518211190794e-08,0.8978310924384031,0.914193664157901,-25.238256026733797,linear-baseline,scale_dependent_camb
8,0.13796899,0.17404257,960,979,969.5342783505155,2.7772327727508313e-06,2.484975065144648e-06,2.5301931290481046e-06,4.1474452178885804e-08,1.4663433190843666e-08,0.8947665782739903,0.9110482757777499,-19.931055967757874,linear-baseline,scale_dependent_camb
8,0.13796899,0.17404257,980,999,989.5335858585859,2.726825852332833e-06,2.464753368400104e-06,2.509539710123243e-06,4.9360814683508804e-08,1.745168339380079e-08,0.9038910080346632,0.9203153578642731,-15.017031768168735,linear-baseline,scale_dependent_camb
8,0.13796899,0.17404257,1000,1019,1009.5329207920792,2.677611581502999e-06,2.4283639092024334e-06,2.472548229347142e-06,3.757621870734073e-08,1.3285199529654718e-08,0.9069141790309042,0.9234155717085931,-18.761304393223785,linear-baseline,scale_dependent_camb
8,0.13796899,0.17404257,1020,1039,1029.532281553398,2.6295432107600836e-06,2.3885642433326526e-06,2.4319441736562824e-06,5.023054704291072e-08,1.7759180218376024e-08,0.9083570992705707,0.9248542346460684,-13.56926189521304,linear-baseline,scale_dependent_camb
8,0.13796899,0.17404257,1040,1059,1049.5316666666668,2.582578243743391e-06,2.3512338347793785e-06,2.3940188183097944e-06,4.033202372686094e-08,1.425952373812005e-08,0.9104211423121555,0.9269879137677999,-16.223852438041696,linear-baseline,scale_dependent_camb
8,0.13796899,0.17404257,1060,1079,1069.5310747663552,2.5366777383621156e-06,2.320914063231628e-06,2.363185025670285e-06,3.258244926357231e-08,1.1519635410969304e-08,0.9149424178453972,0.9316063250494516,-18.73007846455208,linear-baseline,scale_dependent_camb
8,0.13796899,0.17404257,1080,1099,1089.530504587156,2.4918058034336995e-06,2.287897194908344e-06,2.329487205568207e-06,4.116646925301489e-08,1.4554544783157168e-08,0.9181683387026509,0.9348590497534688,-14.009961257003575,linear-baseline,scale_dependent_camb
8,0.13796899,0.17404257,1100,1119,1109.529954954955,2.4479291219537565e-06,2.242455332155826e-06,2.2833121363905667e-06,2.8686414714980196e-08,1.0142179186446029e-08,0.916062198061545,0.9327525523158102,-20.259333425357436,linear-baseline,scale_dependent_camb
8,0.13796899,0.17404257,1120,1139,1129.529424778761,2.4050165323446133e-06,2.2143400310009887e-06,2.254616684790799e-06,3.654643084374273e-08,1.2921114538887839e-08,0.9207171764604307,0.9374641107322484,-14.756970133633441,linear-baseline,scale_dependent_camb
8,0.13796899,0.17404257,1140,1159,1149.5289130434783,2.363038644401239e-06,2.1764648981492177e-06,2.2160865471544483e-06,3.4803758364008175e-08,1.23049867749841e-08,0.9210449872692215,0.9378122327389925,-15.162449961451705,linear-baseline,scale_dependent_camb
8,0.13796899,0.17404257,1160,1179,1169.5284188034188,2.3219675533424066e-06,2.14906883837617e-06,2.1881840856042308e-06,3.2997444270956605e-08,1.1666358302909304e-08,0.9255378419404036,0.9423835757112117,-14.820281571766907,linear-baseline,scale_dependent_camb
8,0.13796899,0.17404257,1180,1199,1189.5279411764707,2.2817766682792235e-06,2.1306935457358272e-06,2.1694531166104743e-06,4.020240259685675e-08,1.4213695748114537e-08,0.9337870683648747,0.9507736435251322,-10.629404570126503,linear-baseline,scale_dependent_camb
8,0.13796899,0.17404257,1200,1219,1209.527479338843,2.242440598780172e-06,2.0892744632079575e-06,2.127354434207955e-06,2.4595770249259026e-08,8.695917965878698e-09,0.93169668099323,0.9486781658186081,-17.613567213169716,linear-baseline,scale_dependent_camb
8,0.13796899,0.17404257,1220,1239,1229.5270325203253,2.2039350775731405e-06,2.056125793146683e-06,2.0935274435360703e-06,3.4857061252405914e-08,1.2323832191905536e-08,0.9329339208171153,0.9499043165288492,-11.993776134305078,linear-baseline,scale_dependent_camb
8,0.13796899,0.17404257,1240,1259,1249.5266,2.1662368981168557e-06,2.0171463047620344e-06,2.0539567076509104e-06,1.3771854568515627e-08,4.869085877456167e-09,0.931175305210419,0.9481680925278522,-30.61983236835269,linear-baseline,scale_dependent_camb
8,0.13796899,0.17404257,1260,1279,1269.5261811023622,2.1293239219645295e-06,1.9952949910210635e-06,2.0316189830225833e-06,2.9621260774428897e-08,1.0472697180446878e-08,0.9370556402617175,0.9541145722667677,-12.797938165700582,linear-baseline,scale_dependent_camb
8,0.13796899,0.17404257,1280,1299,1289.5257751937984,2.093174999420207e-06,1.9649234763618792e-06,2.000687151960445e-06,3.0049694663641615e-08,1.0624171434623097e-08,0.9387287144678049,0.9558145652010079,-12.071672962690432,linear-baseline,scale_dependent_camb
8,0.13796899,0.17404257,1300,1319,1309.5253816793893,2.057769892218444e-06,1.93422171818069e-06,1.9694353024053778e-06,2.676624118401366e-08,9.463295324045351e-09,0.9399601605092206,0.957072659024166,-13.05551288501262,linear-baseline,scale_dependent_camb
8,0.13796899,0.17404257,1320,1339,1329.525,2.023089138353865e-06,1.9049583208478448e-06,1.9396608905648207e-06,2.301523789773466e-08,8.137115394054898e-09,0.9416086937216518,0.9587619516078626,-14.517530081031945,linear-baseline,scale_dependent_camb
8,0.13796899,0.17404257,1340,1359,1349.5246296296295,1.9891139687802643e-06,1.8736569200550251e-06,1.90780975165925e-06,2.0560225029536213e-08,7.26913727055322e-09,0.9419555387286139,0.9591254104103093,-15.88318454143765,linear-baseline,scale_dependent_camb
8,0.13796899,0.17404257,1360,1379,1369.5242700729927,1.9558261880521773e-06,1.843185051957532e-06,1.8767276423839554e-06,3.1852609333236405e-08,1.1261598029008688e-08,0.9424073893770564,0.9595574769622055,-10.002233768643988,linear-baseline,scale_dependent_camb
8,0.13796899,0.17404257,1380,1399,1389.5239208633093,1.9232080565162747e-06,1.824026374671502e-06,1.8572573184950035e-06,2.330374126878764e-08,8.239116739088269e-09,0.9484290420328044,0.9657079545825451,-12.037902239475727,linear-baseline,scale_dependent_camb
8,0.13796899,0.17404257,1400,1419,1409.5235815602837,1.891242230973923e-06,1.8054803997245686e-06,1.8384238212103066e-06,1.5674816538917666e-08,5.5418845342618645e-09,0.9546531745935104,0.972072107475933,-15.475210773365067,linear-baseline,scale_dependent_camb
8,0.13796899,0.17404257,1420,1439,1429.5232517482518,1.859911752893012e-06,1.765859792176588e-06,1.797995527604116e-06,2.5643820238561218e-08,9.066459593107732e-09,0.949432030541164,0.9667101274065352,-10.37361494313852,linear-baseline,scale_dependent_camb
8,0.13796899,0.17404257,1440,1459,1449.5229310344828,1.8292000788009688e-06,1.7427352153570335e-06,1.7744577589569304e-06,2.458244246065361e-08,8.691205881028144e-09,0.9527307786359748,0.9700730825028601,-9.948546223335672,linear-baseline,scale_dependent_camb
8,0.13796899,0.17404257,1460,1479,1469.522619047619,1.7990911097842203e-06,1.7173524908240859e-06,1.7485996072675845e-06,2.6886949776145324e-08,9.505972256067242e-09,0.9545667150954139,0.9719349941523019,-8.598659533007185,linear-baseline,scale_dependent_camb
8,0.13796899,0.17404257,1480,1499,1489.5223154362416,1.7695692642581848e-06,1.693194329292767e-06,1.7240091800431144e-06,2.6970032744740623e-08,9.535346521314665e-09,0.95683981604561,0.9742535739429394,-8.009665384964718,linear-baseline,scale_dependent_camb
8,0.13796899,0.17404257,1500,1519,1509.5220198675497,1.7406195515428045e-06,1.65948183802084e-06,1.689684037442651e-06,2.5359375807057402e-08,8.965893299914181e-09,0.9533857278288941,0.9707371354900578,-9.049596153764318,linear-baseline,scale_dependent_camb
8,0.13796899,0.17404257,1520,1539,1529.5217320261438,1.712227634923612e-06,1.639119987472748e-06,1.6689766387665699e-06,2.1580302626536962e-08,7.629789163641074e-09,0.957302612129534,0.9747399263539093,-9.581869941996638,linear-baseline,scale_dependent_camb
8,0.13796899,0.17404257,1540,1559,1549.5214516129033,1.684379827264938e-06,1.6112521035227313e-06,1.6406084441109939e-06,1.8367219920158505e-08,6.493792878544358e-09,0.9565847782320274,0.9740133534934224,-11.261172801464372,linear-baseline,scale_dependent_camb
8,0.13796899,0.17404257,1560,1579,1569.521178343949,1.6570630855233027e-06,1.5894841635173987e-06,1.6184359190295915e-06,2.0057542794688154e-08,7.091412262031684e-09,0.9592176528484053,0.9766893808502694,-9.529684569000464,linear-baseline,scale_dependent_camb
8,0.13796899,0.17404257,1580,1599,1589.5209119496856,1.6302649850731206e-06,1.5648978895962471e-06,1.5934186406440158e-06,1.8276266431819084e-08,6.46163596435567e-09,0.9599040057442308,0.9773985549794213,-10.116183554359608,linear-baseline,scale_dependent_camb
8,0.13796899,0.17404257,1600,1619,1609.520652173913,1.6039736557744815e-06,1.5407151686984054e-06,1.568812402762823e-06,1.5310432568177526e-08,5.413055345928848e-09,0.9605613927333916,0.9780786592815449,-11.686281228151978,linear-baseline,scale_dependent_camb
8,0.13796899,0.17404257,1620,1639,1629.520398773006,1.5781777280137788e-06,1.5150877771105646e-06,1.5427233081144629e-06,1.6323943396910775e-08,5.771385535830487e-09,0.9600235450144032,0.9775345835453291,-10.931508649271978,linear-baseline,scale_dependent_camb
8,0.13796899,0.17404257,1640,1659,1649.5201515151516,1.5528662575851288e-06,1.4962481440442089e-06,1.5235001989104422e-06,1.7819230053076394e-08,6.30004920302672e-09,0.9635396073136607,0.9810891256531301,-8.986931961375626,linear-baseline,scale_dependent_camb
8,0.13796899,0.17404257,1660,1679,1669.5199101796406,1.5280287159923433e-06,1.4692551755039446e-06,1.4960277469761758e-06,1.6722833601653928e-08,5.912414520191874e-09,0.9615363638959955,0.9790573510293064,-9.94070024821117,linear-baseline,scale_dependent_camb
8,0.13796899,0.17404257,1680,1699,1689.519674556213,1.5036549512635198e-06,1.4517822153134322e-06,1.4782108263409583e-06,2.0107637678242423e-08,7.109123477963671e-09,0.9655022344677554,0.9830784816016594,-7.2966429843114735,linear-baseline,scale_dependent_camb
8,0.13796899,0.17404257,1700,1719,1709.5194444444444,1.4797351850097856e-06,1.4235552890625844e-06,1.4495169514290252e-06,1.5545474048932508e-08,5.496155058379836e-09,0.9620338175936327,0.9795786206296361,-10.221672305541167,linear-baseline,scale_dependent_camb
8,0.13796899,0.17404257,1720,1739,1729.519219653179,1.4562600054120091e-06,1.4032416074839197e-06,1.428801593839753e-06,1.7272514901156314e-08,6.106756207376659e-09,0.9635927665862873,0.9811445679547538,-8.68192476130713,linear-baseline,scale_dependent_camb
8,0.13796899,0.17404257,1740,1759,1749.519,1.433220388277189e-06,1.3808996366264755e-06,1.4060651474323507e-06,1.5292343302013444e-08,5.406659824543192e-09,0.9634942734008927,0.9810529901284195,-9.67709331613702,linear-baseline,scale_dependent_camb
8,0.13796899,0.17404257,1760,1779,1769.5187853107345,1.4106077124907545e-06,1.3630430423330567e-06,1.3879040109653662e-06,1.4073989422499935e-08,4.9759066794987225e-09,0.9662807244448485,0.9839050209889327,-9.558995620570899,linear-baseline,scale_dependent_camb
8,0.13796899,0.17404257,1780,1799,1789.5185754189945,1.388413756661937e-06,1.3442252735744601e-06,1.3686975802586324e-06,1.8838219468988402e-08,6.66031636600107e-09,0.9681734044513387,0.9857994950649965,-6.634592211421955,linear-baseline,scale_dependent_camb
8,0.13796899,0.17404257,1800,1819,1809.5183701657459,1.3666306948167978e-06,1.326203624872613e-06,1.3503635106771357e-06,1.6172631220493486e-08,5.717888602820106e-09,0.9704184385017021,0.9880968690361204,-7.07027939023608,linear-baseline,scale_dependent_camb
8,0.13796899,0.17404257,1820,1839,1829.518169398907,1.3452510933358583e-06,1.3024176181007077e-06,1.3261562395563245e-06,1.4707190365880242e-08,5.19977701995769e-09,0.9681594942034686,0.985805732569833,-8.237560008967288,linear-baseline,scale_dependent_camb
8,0.13796899,0.17404257,1840,1859,1849.517972972973,1.3242678943361575e-06,1.2817281076460335e-06,1.3050799642810618e-06,1.4725574634442167e-08,5.206276840441336e-09,0.9678767514699518,0.9855105374545726,-8.170865283168066,linear-baseline,scale_dependent_camb
8,0.13796899,0.17404257,1860,1879,1869.5177807486632,1.3036743769561493e-06,1.2681949450505793e-06,1.291325741290506e-06,1.1575697240779352e-08,4.092627007958743e-09,0.9727850508281,0.9905278220666764,-8.669109556423015,linear-baseline,scale_dependent_camb
8,0.13796899,0.17404257,1880,1899,1889.5175925925926,1.2834641206808776e-06,1.2462052038699384e-06,1.268901037315734e-06,1.5791877092486095e-08,5.583271689880708e-09,0.9709700363176702,0.9886532991998109,-6.673312509306769,linear-baseline,scale_dependent_camb
8,0.13796899,0.17404257,1900,1919,1909.5174083769634,1.2636309690566988e-06,1.2284404341300031e-06,1.2508546638103282e-06,9.830745612282633e-09,3.475693443282474e-09,0.972151256349023,0.989889211677118,-10.124752225979224,linear-baseline,scale_dependent_camb
8,0.13796899,0.17404257,1920,1939,1929.5172279792746,1.2441689915744217e-06,1.2150979751156395e-06,1.2372533552392045e-06,1.0832521889498722e-08,3.829874842708129e-09,0.9766341898442633,0.994441561892275,-7.590591769371222,linear-baseline,scale_dependent_camb
8,0.13796899,0.17404257,1940,1959,1949.5170512820512,1.2250724329240688e-06,1.1949628880753474e-06,1.216749933964219e-06,1.1270906848200273e-08,3.984867331242155e-09,0.9754222329720911,0.993206524988906,-7.555971716462552,linear-baseline,scale_dependent_camb
8,0.13796899,0.17404257,1960,1979,1969.5168781725888,1.2063356801975978e-06,1.1771134929085044e-06,1.198564193225288e-06,1.5002671859457693e-08,5.304245503869562e-09,0.9757760731371994,0.9935577740923348,-5.509207156375996,linear-baseline,scale_dependent_camb
8,0.13796899,0.17404257,1980,1999,1989.5167085427136,1.1879532390035372e-06,1.1561869715210408e-06,1.1772898747261906e-06,8.138820182796468e-09,2.877507471056659e-09,0.9732596650781119,0.9910237508285333,-11.03950825567498,linear-baseline,scale_dependent_camb
8,0.13796899,0.17404257,2000,2019,2009.5165422885573,1.1699197170038128e-06,1.1426980749774045e-06,1.1635061754715754e-06,1.6221178695335184e-08,5.735052727155131e-09,0.9767320426942429,0.9945179644047178,-4.746537359197309,linear-baseline,scale_dependent_camb
8,0.13796899,0.17404257,2020,2039,2029.5163793103447,1.1522298043607008e-06,1.123462041246507e-06,1.1439603123881279e-06,9.383993563085693e-09,3.3177427415344026e-09,0.9750329639058807,0.992823053230114,-8.67088419908322,linear-baseline,scale_dependent_camb
8,0.13796899,0.17404257,2040,2059,2049.516219512195,1.1348782691064993e-06,1.1112779107203306e-06,1.1315176472141982e-06,1.4080707223140561e-08,4.978281780692545e-09,0.9792045023430138,0.9970387820581436,-4.740663430844538,linear-baseline,scale_dependent_camb
8,0.13796899,0.17404257,2060,2079,2069.5160628019325,1.1178599580604584e-06,1.0973328963132959e-06,1.117341761233514e-06,1.203774630994621e-08,4.255986022983152e-09,0.9816371795061181,0.9995364385107384,-4.823103655959493,linear-baseline,scale_dependent_camb
8,0.13796899,0.17404257,2080,2099,2089.515909090909,1.1011698038526568e-06,1.079589482889255e-06,1.0992399669836135e-06,1.5593865462997113e-08,5.51326400689798e-09,0.980402367656742,0.9982474665920811,-3.914254956120618,linear-baseline,scale_dependent_camb
8,0.13796899,0.17404257,2100,2119,2109.5157582938386,1.0848028229021198e-06,1.064139675660888e-06,1.0835381536291999e-06,1.3319711086399668e-08,4.70922901631942e-09,0.9809521630982185,0.9988341943381595,-4.387798335911332,linear-baseline,scale_dependent_camb
8,0.13796899,0.17404257,2120,2139,2129.5156103286386,1.0687541176489314e-06,1.0510919218263662e-06,1.070245185870928e-06,1.2807540203906516e-08,4.528149264250817e-09,0.9834740324917589,1.0013951461775668,-3.900533041612836,linear-baseline,scale_dependent_camb
8,0.13796899,0.17404257,2140,2159,2149.515465116279,1.0530188779296495e-06,1.0372154889716244e-06,1.0561281842396566e-06,9.618928551554733e-09,3.4008048032766237e-09,0.9849923023326075,1.002952754575607,-4.646955609683561,linear-baseline,scale_dependent_camb
8,0.13796899,0.17404257,2160,2179,2169.5153225806453,1.0375923845463084e-06,1.0210760572747048e-06,1.039688696167525e-06,1.0519551355337366e-08,3.7192230491995936e-09,0.9840820658308652,1.0020203614178733,-4.440800418022283,linear-baseline,scale_dependent_camb
8,0.13796899,0.17404257,2180,2199,2189.5151826484016,1.0224699901510926e-06,1.0061142604464885e-06,1.02445448281341e-06,1.0202788680190837e-08,3.607230531388143e-09,0.9840037068450418,1.001940881083487,-4.534151494418096,linear-baseline,scale_dependent_camb
8,0.13796899,0.17404257,2200,2219,2209.515045248869,1.0076471028018862e-06,9.895059702827566e-07,1.007553619702784e-06,9.08347253358469e-09,3.211492512609742e-09,0.9819965417766935,0.9999072263505326,-5.648816694387247,linear-baseline,scale_dependent_camb
8,0.13796899,0.17404257,2220,2239,2229.5149103139015,9.931191761583835e-07,9.797567034182368e-07,9.97615583107305e-07,1.1675114120569014e-08,4.1277761828905826e-09,0.986544945399367,1.004527560293735,-3.2372086440959267,linear-baseline,scale_dependent_camb
8,0.13796899,0.17404257,2240,2259,2249.514777777778,9.788816812910153e-07,9.641567941022127e-07,9.817346193088834e-07,1.2744899060766609e-08,4.506002275703064e-09,0.9849574392184126,1.0029144870850024,-3.267838382639319,linear-baseline,scale_dependent_camb
8,0.13796899,0.17404257,2260,2279,2269.5146475770925,9.649300904318758e-07,9.510868906598966e-07,9.68414389952361e-07,1.1201085899371194e-08,3.960181898049194e-09,0.9856536759406234,1.003610934672921,-3.495596951947706,linear-baseline,scale_dependent_camb
8,0.13796899,0.17404257,2280,2299,2289.514519650655,9.512598471883789e-07,9.398194387570913e-07,9.569660482046571e-07,7.66592680076521e-09,2.7103144124503877e-09,0.9879734139256463,1.0059985723492313,-4.221063201646922,linear-baseline,scale_dependent_camb
8,0.13796899,0.17404257,2300,2319,2309.514393939394,9.378663649832021e-07,9.28144799195646e-07,9.450528061000533e-07,1.0838132667455729e-08,3.831858552278695e-09,0.989634380599916,1.0076625427514718,-2.537036702927077,linear-baseline,scale_dependent_camb
8,0.13796899,0.17404257,2320,2339,2329.514270386266,9.247450090225687e-07,9.154511100105816e-07,9.321595983096059e-07,7.716979728289048e-09,2.7283643480761533e-09,0.989949771103052,1.0080179824867337,-3.4063995223146972,linear-baseline,scale_dependent_camb
8,0.13796899,0.17404257,2340,2359,2349.5141489361704,9.118910990346928e-07,9.025636485713244e-07,9.190204194946856e-07,9.069228200682351e-09,3.2064563804153804e-09,0.9897713109896102,1.0078181709060872,-2.9089590990038987,linear-baseline,scale_dependent_camb
8,0.13796899,0.17404257,2360,2379,2369.514029535865,8.992999033071115e-07,8.912826981408117e-07,9.075346019660337e-07,1.0315610358918241e-08,3.6471190184346416e-09,0.9910850594592336,1.0091567881066592,-2.198229650794563,linear-baseline,scale_dependent_camb
8,0.13796899,0.17404257,2380,2399,2389.513912133891,8.869666536859041e-07,8.80958080839693e-07,8.970092519204787e-07,1.009532411892975e-08,3.569236071385667e-09,0.9932257060383931,1.0113224078862957,-1.6834338570041485,linear-baseline,scale_dependent_camb
8,0.13796899,0.17404257,2400,2419,2409.5137966804978,8.748865563025762e-07,8.687716714408513e-07,8.846149280802409e-07,8.473258189141776e-09,2.9957491621432974e-09,0.9930106539897384,1.0111195808274602,-2.0411872058573812,linear-baseline,scale_dependent_camb
8,0.13796899,0.17404257,2420,2439,2429.513683127572,8.630547951286851e-07,8.576960243900064e-07,8.733235983340927e-07,9.454707701522208e-09,3.3427439649415144e-09,0.9937909264059187,1.0118982053785779,-1.6031053514361753,linear-baseline,scale_dependent_camb
8,0.13796899,0.17404257,2440,2459,2449.5135714285716,8.5146654684671e-07,8.462251651936784e-07,8.616543130795307e-07,9.185389304281187e-09,3.2475255324478053e-09,0.993844289394055,1.0119649635919927,-1.6139616457706412,linear-baseline,scale_dependent_camb
8,0.13796899,0.17404257,2460,2479,2469.5134615384613,8.401169886232383e-07,8.351146952105927e-07,8.50329679907113e-07,1.0271622385485743e-08,3.631566921282255e-09,0.9940457180602392,1.0121562727836406,-1.3774476750876778,linear-baseline,scale_dependent_camb
8,0.13796899,0.17404257,2480,2499,2489.513353413655,8.290013063711869e-07,8.244980287875822e-07,8.395400928328209e-07,6.1928675746319915e-09,2.1895093285062842e-09,0.9945678281216263,1.0127126294984574,-2.056751951213149,linear-baseline,scale_dependent_camb
8,0.13796899,0.17404257,2500,2519,2509.513247011952,8.181147004714995e-07,8.172452962298796e-07,8.32144807286722e-07,7.678195346444915e-09,2.7146519983730955e-09,0.9989373076402137,1.0171493151353186,-0.3202636073209142,linear-baseline,scale_dependent_camb
8,0.13796899,0.17404257,2520,2539,2529.51314229249,8.074523930708736e-07,8.052781169907371e-07,8.199775703913212e-07,5.893483334139916e-09,2.0836610151901187e-09,0.9973072392889105,1.015511970028118,-1.0434883910030104,linear-baseline,scale_dependent_camb
8,0.13796899,0.17404257,2540,2559,2549.513039215686,7.970096379339114e-07,7.954758154364876e-07,8.099746253356273e-07,8.421712395844966e-09,2.9775249721523904e-09,0.9980755282942375,1.01626703967511,-0.515133378147629,linear-baseline,scale_dependent_camb
8,0.13796899,0.17404257,2560,2579,2569.512937743191,7.867817308590574e-07,7.872348589385243e-07,8.015913061444209e-07,7.832335593900601e-09,2.76914880548794e-09,1.0005759260309364,1.0188229780948186,0.1636344275067388,linear-baseline,scale_dependent_camb
8,0.13796899,0.17404257,2580,2599,2589.5128378378377,7.767640165213583e-07,7.780095544912644e-07,7.921985561388841e-07,6.945583839439264e-09,2.4556347160835997e-09,1.0016034959697078,1.0198703071837023,0.5072163061338976,linear-baseline,scale_dependent_camb
8,0.13796899,0.17404257,2600,2619,2609.5127394636015,7.669518964965858e-07,7.685084581576513e-07,7.825415028115959e-07,5.164307842850171e-09,1.8258585479071136e-09,1.0020295427499115,1.020326706780729,0.8525094470487216,linear-baseline,scale_dependent_camb
8,0.13796899,0.17404257,2620,2639,2629.5126425855515,7.573408370272534e-07,7.586201606542472e-07,7.724444418471627e-07,8.616608329595016e-09,3.0464310903425627e-09,1.0016892310099312,1.0199429425715305,0.4199417577667548,linear-baseline,scale_dependent_camb
8,0.13796899,0.17404257,2640,2659,2649.512547169811,7.479263741449974e-07,7.506065138017485e-07,7.643019737199214e-07,5.365635220136933e-09,1.8970385247660992e-09,1.0035834271251833,1.0218946678991552,1.4128019129614826,linear-baseline,scale_dependent_camb
8,0.13796899,0.17404257,2660,2679,2669.5124531835204,7.387041135393847e-07,7.404671877285183e-07,7.539776311342041e-07,6.45129173271523e-09,2.2808760658078257e-09,1.002386712293622,1.0206760965789654,0.7729811433262828,linear-baseline,scale_dependent_camb
8,0.13796899,0.17404257,2680,2699,2689.5123605947956,7.296697310978911e-07,7.333281684237221e-07,7.467159743780733e-07,3.967202392780644e-09,1.4026178571373453e-09,1.0050138263517199,1.0233615875151263,2.6082922780532862,linear-baseline,scale_dependent_camb
8,0.13796899,0.17404257,2700,2719,2709.512269372694,7.208189746642553e-07,7.239239613782872e-07,7.371416514137093e-07,4.229198825444264e-09,1.4952475842289104e-09,1.0043075818245186,1.0226446269079652,2.0765702929613252,linear-baseline,scale_dependent_camb
8,0.13796899,0.17404257,2720,2739,2729.5121794871793,7.121476651848518e-07,7.156068523245611e-07,7.286647007666879e-07,6.3155623579096e-09,2.2328884851421898e-09,1.0048574015036773,1.0231932735151898,1.5491983422938078,linear-baseline,scale_dependent_camb
8,0.13796899,0.17404257,2740,2759,2749.512090909091,7.036516938805571e-07,7.078388329729373e-07,7.207523720547311e-07,5.291698498625508e-09,1.8708979461863843e-09,1.005950584825979,1.0243027599064898,2.2380371419591416,linear-baseline,scale_dependent_camb
8,0.13796899,0.17404257,2760,2779,2769.5120036101084,6.953270215859881e-07,6.983736148144176e-07,7.110999824872559e-07,7.56446509643309e-09,2.6744422828683943e-09,1.0043815257193376,1.0226842340533393,1.1391508607027951,linear-baseline,scale_dependent_camb
8,0.13796899,0.17404257,2780,2799,2789.511917562724,6.871696804051683e-07,6.923095129347118e-07,7.049421771015423e-07,5.3385729123522635e-09,1.8874705540915505e-09,1.0074797137826466,1.025863330707337,2.723132564055951,linear-baseline,scale_dependent_camb
8,0.13796899,0.17404257,2800,2819,2809.5118327402133,6.791757743750934e-07,6.844509649204132e-07,6.969456955833222e-07,4.638593233114729e-09,1.6399903651507281e-09,1.0077670475661082,1.0261639503037028,3.2165984980252937,linear-baseline,scale_dependent_camb
8,0.13796899,0.17404257,2820,2839,2829.511749116608,6.713414781851838e-07,6.76320057335288e-07,6.886619891642522e-07,4.630751050476759e-09,1.6372177348894223e-09,1.00741586705407,1.0257998522985508,3.040877852719152,linear-baseline,scale_dependent_camb
8,0.13796899,0.17404257,2840,2859,2849.5116666666668,6.636630376810154e-07,6.67167473618574e-07,6.793468436139002e-07,4.565659535056316e-09,1.6142044089136704e-09,1.0052804446512553,1.0236321823612289,2.170998863717019,linear-baseline,scale_dependent_camb
8,0.13796899,0.17404257,2860,2879,2869.5115853658535,6.561367730871966e-07,6.625499945650649e-07,6.746361362022729e-07,5.378219412209608e-09,1.901487708541271e-09,1.0097742143725512,1.0281943702500238,3.3727388555081506,linear-baseline,scale_dependent_camb
8,0.13796899,0.17404257,2880,2899,2889.5115051903113,6.487590824114028e-07,6.53405957353874e-07,6.653388580143442e-07,4.379073315662281e-09,1.5482362184089288e-09,1.007162712736443,1.025556136403232,3.001399196852972,linear-baseline,scale_dependent_camb
8,0.13796899,0.17404257,2900,2919,2909.5114261168383,6.415264437815009e-07,6.476495466284312e-07,6.59457585153219e-07,5.925383823844792e-09,2.0949395414868636e-09,1.009544583713241,1.0279507439569013,2.9228064703884087,linear-baseline,scale_dependent_camb
8,0.13796899,0.17404257,2920,2939,2929.511348122867,6.344354207259447e-07,6.410643355978654e-07,6.527648692372228e-07,4.477677688946844e-09,1.5830981289110107e-09,1.0104485258158122,1.028890960234069,4.187305101851547,linear-baseline,scale_dependent_camb
8,0.13796899,0.17404257,2940,2959,2949.511271186441,6.274826693129532e-07,6.351248199962809e-07,6.467186778984207e-07,3.812364513329631e-09,1.347874399865167e-09,1.0121790625575289,1.0306558404338553,5.669779531454974,linear-baseline,scale_dependent_camb
8,0.13796899,0.17404257,2960,2979,2969.5111952861953,6.20664943985511e-07,6.28133386990253e-07,6.396000872016521e-07,4.0879101663043414e-09,1.4452944997376134e-09,1.0120329705698932,1.0305078342181722,5.1674195162978105,linear-baseline,scale_dependent_camb
8,0.13796899,0.17404257,2980,2999,2989.511120401338,6.139790997481576e-07,6.212452040779772e-07,6.325779596080943e-07,5.285264116637041e-09,1.8686230486179895e-09,1.011834448978475,1.0302923338393206,3.888480523235279,linear-baseline,scale_dependent_camb
8,0.13796899,0.17404257,3000,3019,3009.5110465116277,6.074220946083544e-07,6.160656040072351e-07,6.273136473078388e-07,3.4010493975199373e-09,1.2024525460683848e-09,1.0142298238335465,1.0327474961415584,7.188233271360332,linear-baseline,scale_dependent_camb
8,0.13796899,0.17404257,3020,3039,3029.5109735973597,6.009909913280073e-07,6.084210704137599e-07,6.195288989385718e-07,3.9114818145876246e-09,1.3829176577913855e-09,1.0123630456911414,1.030845566536033,5.372755958311271,linear-baseline,scale_dependent_camb
8,0.13796899,0.17404257,3040,3059,3049.5109016393444,5.946829568517212e-07,6.030282670209411e-07,6.140291758536656e-07,4.882223090991778e-09,1.7261265274529163e-09,1.0140332089108461,1.0325319883125021,4.83470361905297,linear-baseline,scale_dependent_camb
8,0.13796899,0.17404257,3060,3079,3069.5108306188927,5.884952584947641e-07,5.979051578054659e-07,6.088207425038062e-07,3.510068759740123e-09,1.2409967112216475e-09,1.0159897623215692,1.0345380590848428,7.582533640591635,linear-baseline,scale_dependent_camb
8,0.13796899,0.17404257,3080,3099,3089.5107605177996,5.824252603002133e-07,5.899551796665529e-07,6.007104127903562e-07,5.867923816018836e-09,2.074624360896481e-09,1.0129285590437103,1.0313948479513366,3.62953386081216,linear-baseline,scale_dependent_camb
8,0.13796899,0.17404257,3100,3119,3109.510691318328,5.76470419785881e-07,5.858001464935232e-07,5.96500401443748e-07,2.817737174202125e-09,9.962205317398712e-10,1.0161842245281336,1.0347458967023957,9.365121888572235,linear-baseline,scale_dependent_camb
8,0.13796899,0.17404257,3120,3139,3129.5106230031947,5.706282829117334e-07,5.791945679520516e-07,5.897554899413786e-07,5.107381172904834e-09,1.8057319307327555e-09,1.0150120232327202,1.0335195566053004,4.743940611850389,linear-baseline,scale_dependent_camb
8,0.13796899,0.17404257,3140,3159,3149.5105555555556,5.648964771926149e-07,5.735370490257357e-07,5.839932587259372e-07,6.130968211553195e-09,2.1676245988142116e-09,1.0152958500928564,1.033805807443212,3.986193844564989,linear-baseline,scale_dependent_camb
8,0.13796899,0.17404257,3160,3179,3169.5104889589907,5.592727060254883e-07,5.673056671730493e-07,5.776536460234645e-07,4.842874410820747e-09,1.712214668163078e-09,1.0143632275650423,1.0328657912319765,4.6915619267408255,linear-baseline,scale_dependent_camb
8,0.13796899,0.17404257,3180,3199,3189.510423197492,5.537547438812243e-07,5.63490551460621e-07,5.737685599883563e-07,4.963569322599637e-09,1.7548867634498607e-09,1.0175814432056314,1.0361420219479416,5.5478266644723115,linear-baseline,scale_dependent_camb
8,0.13796899,0.17404257,3200,3219,3209.5103582554516,5.483404318925393e-07,5.582064938563981e-07,5.683915910224839e-07,4.1491523507467954e-09,1.4669468816945816e-09,1.0179925852445482,1.0365669900735572,6.725575470368629,linear-baseline,scale_dependent_camb
8,0.13796899,0.17404257,3220,3239,3229.510294117647,5.430276714001918e-07,5.522580020868483e-07,5.623390489114675e-07,3.496217303605465e-09,1.2360994819405852e-09,1.0169979011619357,1.0355624188754167,7.467304065337524,linear-baseline,scale_dependent_camb
8,0.13796899,0.17404257,3240,3259,3249.510230769231,5.378144211811956e-07,5.474214493444622e-07,5.574214273674413e-07,3.2518570913766846e-09,1.1497051003810081e-09,1.0178630914027311,1.0364568249084565,8.356080320147212,linear-baseline,scale_dependent_camb
8,0.13796899,0.17404257,3260,3279,3269.5101681957185,5.326986957080577e-07,5.436641606751541e-07,5.535760369765277e-07,5.099056892592816e-09,1.8027888532041924e-09,1.0205847415348392,1.039191650808756,6.08250098041533,linear-baseline,scale_dependent_camb
8,0.13796899,0.17404257,3280,3299,3289.510106382979,5.276785631699072e-07,5.375658561037023e-07,5.473641915703235e-07,5.472123740763488e-09,1.9346879022928795e-09,1.018737340540043,1.0373060983985392,5.110536393015786,linear-baseline,scale_dependent_camb
8,0.13796899,0.17404257,3300,3319,3309.5100453172204,5.227521402555948e-07,5.341637543685962e-07,5.439106121205277e-07,3.716567320334586e-09,1.3140049774724507e-09,1.0218298754500015,1.0404751511004577,8.684604935783547,linear-baseline,scale_dependent_camb
8,0.13796899,0.17404257,3320,3339,3329.509984984985,5.179175892815131e-07,5.271626672606234e-07,5.367904637059425e-07,3.5165774907974307e-09,1.2432978951554184e-09,1.017850480791617,1.0364399178846406,7.435931497297817,linear-baseline,scale_dependent_camb
8,0.13796899,0.17404257,3340,3359,3349.509925373134,5.131731151459237e-07,5.244102812233715e-07,5.339813880185963e-07,3.5083750669486846e-09,1.2403979003926113e-09,1.02189741774421,1.0405482521561085,9.059323684674942,linear-baseline,scale_dependent_camb
8,0.13796899,0.17404257,3360,3379,3369.5098664688426,5.0851696145873e-07,5.21454845509893e-07,5.309714023425898e-07,3.4057139206728547e-09,1.2041017040445994e-09,1.0254423844861524,1.0441567196096018,10.744843236833264,linear-baseline,scale_dependent_camb
8,0.13796899,0.17404257,3380,3399,3389.509808259587,5.039474060492288e-07,5.153844155396945e-07,5.247912423923293e-07,3.498795086764021e-09,1.2370108659165069e-09,1.0226948474249087,1.041361134302702,9.245682318232523,linear-baseline,scale_dependent_camb
8,0.13796899,0.17404257,3400,3419,3409.509750733138,4.994627608293452e-07,5.100739988987204e-07,5.19383993745014e-07,3.653896972459553e-09,1.2918476634915728e-09,1.0212453037574925,1.0398853217456896,8.214001053882352,linear-baseline,scale_dependent_camb
8,0.13796899,0.17404257,3420,3439,3429.509693877551,4.950613713267488e-07,5.064408486934865e-07,5.156829801316934e-07,3.692427537207162e-09,1.3054702752995636e-09,1.0229859933047112,1.0416546513206622,8.71676481804728,linear-baseline,scale_dependent_camb
8,0.13796899,0.17404257,3440,3459,3449.5096376811593,4.90741616515773e-07,5.030429233791161e-07,5.122301378000363e-07,2.309613815760617e-09,8.165717955232348e-10,1.0250667692515696,1.0437878520204382,15.064574763399508,linear-baseline,scale_dependent_camb
8,0.13796899,0.17404257,3460,3479,3469.509582132565,4.865019110006494e-07,4.987463602604244e-07,5.078472042755688e-07,3.905863575916499e-09,1.3809313104600468e-09,1.0251683477143807,1.043875045076423,8.866805442839771,linear-baseline,scale_dependent_camb
8,0.13796899,0.17404257,3480,3499,3489.5095272206304,4.823407040621471e-07,4.954701251981905e-07,5.045172966163356e-07,2.3086173900157346e-09,8.162195058226572e-10,1.0272202221903954,1.045977029032431,16.085649806678404,linear-baseline,scale_dependent_camb
8,0.13796899,0.17404257,3500,3519,3509.509472934473,4.782564805765495e-07,4.911595435351782e-07,5.001234217686123e-07,3.707430484468131e-09,1.3107746181725712e-09,1.0269793792298931,1.0457222057204572,9.843845600716334,linear-baseline,scale_dependent_camb
8,0.13796899,0.17404257,3520,3539,3529.509419263456,4.7424776265948734e-07,4.865334862439437e-07,4.954178249335872e-07,2.811771189268848e-09,9.941112375384827e-10,1.0259057069991442,1.044639245434459,12.358499854480126,linear-baseline,scale_dependent_camb
8,0.13796899,0.17404257,3540,3559,3549.509366197183,4.7031310503058876e-07,4.834245682363553e-07,4.922534348074195e-07,2.8422606780582702e-09,1.0048908996774388e-09,1.0278781583279797,1.0466504750604468,13.047648466092395,linear-baseline,scale_dependent_camb
8,0.13796899,0.17404257,3560,3579,3569.5093137254903,4.6645109537050073e-07,4.79476495639762e-07,4.882379320204406e-07,2.7600209900700144e-09,9.75814779147858e-10,1.0279244713937592,1.0467076545991056,13.348230163756918,linear-baseline,scale_dependent_camb
8,0.13796899,0.17404257,3580,3599,3589.50926183844,4.6266035150002895e-07,4.758235767591669e-07,4.845108370148682e-07,2.8397221798682045e-09,1.0039934050353261e-09,1.0284511633998037,1.0472279188047906,13.110868251843561,linear-baseline,scale_dependent_camb
8,0.13796899,0.17404257,3600,3619,3609.5092105263157,4.5893951838071675e-07,4.7246507674893444e-07,4.810854504627035e-07,4.072635347005387e-09,1.4398940355837684e-09,1.0294713308105174,1.0482545764638542,9.393440096259647,linear-baseline,scale_dependent_camb
8,0.13796899,0.17404257,3620,3639,3629.5091597796145,4.5528726730369946e-07,4.688952591161678e-07,4.774535581640076e-07,3.2924635517213284e-09,1.164061652115848e-09,1.0298888038162313,1.0486863842944285,11.690095441022272,linear-baseline,scale_dependent_camb
8,0.13796899,0.17404257,3640,3659,3649.509109589041,4.5170229077732515e-07,4.6556080523606745e-07,4.7405511275815436e-07,3.6981176423839547e-09,1.3074820312776508e-09,1.0306806379814755,1.0494857396945292,10.59939190537095,linear-baseline,scale_dependent_camb
8,0.13796899,0.17404257,3660,3679,3669.5090599455043,4.481833043197121e-07,4.6171886374665725e-07,4.701494279292078e-07,2.463891418830862e-09,8.711171651813232e-10,1.030200945230413,1.0490114723100576,15.538161762806858,linear-baseline,scale_dependent_camb
8,0.13796899,0.17404257,3680,3699,3689.509010840108,4.447290417218247e-07,4.583024082743066e-07,4.6666704301863563e-07,3.2769911132451417e-09,1.1585913190318464e-09,1.0305205311079548,1.0493289154490006,11.715405017728102,linear-baseline,scale_dependent_camb
8,0.13796899,0.17404257,3700,3719,3709.508962264151,4.413382551931867e-07,4.560071089162404e-07,4.6432825937113454e-07,3.5195665443748486e-09,1.2443546851823795e-09,1.0332372132948973,1.052091573543482,11.788322009575406,linear-baseline,scale_dependent_camb
8,0.13796899,0.17404257,3720,3739,3729.508914209115,4.380097111880185e-07,4.5180624191410905e-07,4.6005243292786464e-07,3.0552728711199117e-09,1.0802020827720911e-09,1.0314982302302615,1.0503247329381338,12.77217563836289,linear-baseline,scale_dependent_camb
8,0.13796899,0.17404257,3740,3759,3749.5088666666666,4.3474219068602844e-07,4.487966524380425e-07,4.56985585320843e-07,3.392039386851863e-09,1.1992670262474053e-09,1.0323282673113368,1.051164563990705,11.719209687596836,linear-baseline,scale_dependent_camb
8,0.13796899,0.17404257,3760,3779,3769.5088196286474,4.3153448683568987e-07,4.453489895023051e-07,4.534791034866555e-07,2.690096356433048e-09,9.51092687839516e-10,1.0320125113705574,1.0508525212246158,14.524875275821929,linear-baseline,scale_dependent_camb
8,0.13796899,0.17404257,3780,3799,3789.5087730870714,4.283854050804836e-07,4.432915524525446e-07,4.5138871030297e-07,2.1786983673724735e-09,7.702861948645679e-10,1.0347961139555175,1.0536976865917376,19.351440375589032,linear-baseline,scale_dependent_camb
8,0.13796899,0.17404257,3800,3819,3809.5087270341205,4.2529376282216047e-07,4.400819516506851e-07,4.481173577357536e-07,2.7788271885976266e-09,9.824637744014654e-10,1.0347717039873647,1.0536654823295326,15.052146668241129,linear-baseline,scale_dependent_camb
8,0.13796899,0.17404257,3820,3839,3829.508681462141,4.222583919997785e-07,4.3789416719791e-07,4.458863068776355e-07,3.4779946976580504e-09,1.2296568178224317e-09,1.0370289270607076,1.0559560575361386,12.71556012336878,linear-baseline,scale_dependent_camb
8,0.13796899,0.17404257,3840,3859,3849.5086363636365,4.1927814008015675e-07,4.3353910990292526e-07,4.414544979899052e-07,2.4821135278488267e-09,8.775596536083849e-10,1.034013148932692,1.0528917579760033,16.25071271694145,linear-baseline,scale_dependent_camb
8,0.13796899,0.17404257,3860,3879,3869.5085917312663,4.163518728879908e-07,4.3063631223872905e-07,4.384930610896918e-07,3.0589019666676724e-09,1.0814851618077889e-09,1.034308574743895,1.0531790287098277,13.208169520200036,linear-baseline,scale_dependent_camb
8,0.13796899,0.17404257,3880,3899,3889.5085475578408,4.134784744770479e-07,4.291550914497157e-07,4.3699144546221465e-07,2.4152088660322012e-09,8.539052835766206e-10,1.037913985709885,1.0568662516589409,18.358730498780407,linear-baseline,scale_dependent_camb
8,0.13796899,0.17404257,3900,3919,3909.5085038363172,4.1065685133752814e-07,4.257290546292247e-07,4.334981256060361e-07,2.99206947036342e-09,1.057856306137608e-09,1.036702670958991,1.0556213154464924,14.247873935475662,linear-baseline,scale_dependent_camb
8,0.13796899,0.17404257,3920,3939,3929.5084605597963,4.0788593145533886e-07,4.237829299378137e-07,4.3151810334052963e-07,2.923533717410425e-09,1.0336252583042134e-09,1.0389741279522788,1.0579381882598182,15.379847149397035,linear-baseline,scale_dependent_camb
8,0.13796899,0.17404257,3940,3959,3949.508417721519,4.051646679408986e-07,4.2069331172521244e-07,4.2837152166973273e-07,3.350402401973395e-09,1.1845461290695423e-09,1.0383267471550086,1.0572775850539349,13.10936180806361,linear-baseline,scale_dependent_camb
8,0.13796899,0.17404257,3960,3979,3969.5083753148615,4.024920374500637e-07,4.1793653598975633e-07,4.255734860575552e-07,1.3504839169289073e-09,4.774681677719002e-10,1.0383721840499982,1.0573463483991412,32.346655928423935,linear-baseline,scale_dependent_camb
8,0.13796899,0.17404257,3980,3999,3989.508333333333,3.9986704325581487e-07,4.1548962191107385e-07,4.2307076566456184e-07,3.5209599190182895e-09,1.2448473175119348e-09,1.0390694329996695,1.0580285942542715,12.549795011394401,linear-baseline,scale_dependent_camb
8,0.13796899,0.17404257,4000,4019,4009.5082917705736,3.972887138198731e-07,4.1323946022016055e-07,4.2078684494008834e-07,2.502952384173883e-09,8.849273019181945e-10,1.0401490046040405,1.0591462337157382,18.024922912551258,linear-baseline,scale_dependent_camb
8,0.13796899,0.17404257,4020,4039,4029.5082506203476,3.947561017151161e-07,4.101814504006937e-07,4.176698517598174e-07,2.652266996156401e-09,9.377179892497328e-10,1.0390756434632886,1.0580453346893102,16.449880307745197,linear-baseline,scale_dependent_camb
8,0.13796899,0.17404257,4040,4059,4049.5082098765433,3.9226828326529037e-07,4.076469696274698e-07,4.150901077770178e-07,2.2213850576813683e-09,7.853782189564828e-10,1.0392045113465849,1.058179122517262,19.581248869637385,linear-baseline,scale_dependent_camb
8,0.13796899,0.17404257,4060,4079,4069.5081695331696,3.898243554628836e-07,4.061608943724857e-07,4.1357192384888515e-07,3.2960929343230423e-09,1.1653448326404443e-09,1.041907435183735,1.0609186369533101,14.018630753771552,linear-baseline,scale_dependent_camb
8,0.13796899,0.17404257,4080,4096,4088.005870123517,3.8760181464194485e-07,4.043924704078729e-07,4.1178351517858386e-07,1.0679528439140948e-09,3.775783489595575e-10,1.0433193425098868,1.0623879961939222,44.46932884842527,linear-baseline,scale_dependent_camb
9,0.10256817,0.13796899,20,39,30.608333333333334,0.00022546748360727716,0.0002222642506746393,0.00022573156241082915,7.798035922486935e-06,2.757022040363403e-06,0.9857929272931554,1.00117125005933,-1.1618452394438086,linear-baseline,scale_dependent_camb
9,0.10256817,0.13796899,40,59,50.165,0.00012411387836914364,0.00012203124075622905,0.0001239357768590668,3.3016637170656434e-06,1.1673144017673495e-06,0.9832199457443402,0.9985650153518922,-1.784127403689537,linear-baseline,scale_dependent_camb
9,0.10256817,0.13796899,60,79,69.975,7.593195624283162e-05,7.541388676160724e-05,7.656901289696982e-05,3.1957262891442973e-06,1.129859864935027e-06,0.9931771877499429,1.0083898359223207,-0.45852543072160473,linear-baseline,scale_dependent_camb
9,0.10256817,0.13796899,80,99,89.86944444444444,5.084053527878829e-05,5.332010142777599e-05,5.414816478451325e-05,1.3395492697795839e-06,4.7360218619731584e-07,1.0487714406504731,1.0650589040337066,5.2355462479952495,linear-baseline,scale_dependent_camb
9,0.10256817,0.13796899,100,119,109.80227272727272,3.6590412936221546e-05,3.891519162308449e-05,3.951572981545368e-05,8.825415475036086e-07,3.120255564593356e-07,1.0635351858672686,1.0799476323027857,7.450603448137481,linear-baseline,scale_dependent_camb
9,0.10256817,0.13796899,120,139,129.75576923076923,2.7911272978980225e-05,3.0290384986625525e-05,3.0757703694867626e-05,8.52543970500294e-07,3.014198114002309e-07,1.0852383912921848,1.10198140077778,7.893018035520801,linear-baseline,scale_dependent_camb
9,0.10256817,0.13796899,140,159,149.72166666666666,2.242194142444272e-05,2.414221100452158e-05,2.4514702672556665e-05,5.737230428588872e-07,2.0284172706424967e-07,1.0767225971879293,1.0933354167910088,8.480846643225288,linear-baseline,scale_dependent_camb
9,0.10256817,0.13796899,160,179,169.6955882352941,1.879070709735461e-05,2.0181875019019456e-05,2.0496354717496754e-05,3.919956806752583e-07,1.385914020006558e-07,1.0740348893981055,1.090770805553255,10.03790929006016,linear-baseline,scale_dependent_camb
9,0.10256817,0.13796899,180,199,189.675,1.6278409886034926e-05,1.7022985148077448e-05,1.7285853250662814e-05,3.8287488565329377e-07,1.35366713995734e-07,1.045740048767373,1.0618883153625565,5.500430940991791,linear-baseline,scale_dependent_camb
9,0.10256817,0.13796899,200,219,209.65833333333333,1.4486456954928721e-05,1.4488453335478636e-05,1.4714143340829593e-05,2.406860092137748e-07,8.5095354625894e-08,1.0001378101323275,1.0157171892761125,0.023460511548379862,linear-baseline,scale_dependent_camb
9,0.10256817,0.13796899,220,239,229.64456521739132,1.3152946033889663e-05,1.2773969978676425e-05,1.2973218501645816e-05,1.9415623085516602e-07,6.864459372365434e-08,0.9711869831871297,0.9863355683372559,-5.520843443824568,linear-baseline,scale_dependent_camb
9,0.10256817,0.13796899,240,259,249.633,1.2119782024608758e-05,1.1353917067664605e-05,1.1529221736445485e-05,2.605975122738323e-07,9.213513404458569e-08,0.9368086855531648,0.9512730272735794,-8.312409428671787,linear-baseline,scale_dependent_camb
9,0.10256817,0.13796899,260,279,269.6231481481482,1.1288115641936913e-05,1.023704984488948e-05,1.03962804566699e-05,1.679930878606116e-07,5.939452580935297e-08,0.9068873999534007,0.9209934400429314,-17.696341249043513,linear-baseline,scale_dependent_camb
9,0.10256817,0.13796899,280,299,289.6146551724138,1.0599019323946412e-05,9.463206668185631e-06,9.610888028500562e-06,9.340539336341749e-08,3.302379352333472e-08,0.8928379483944675,0.9067714412772735,-34.39376687472965,linear-baseline,scale_dependent_camb
9,0.10256817,0.13796899,300,319,309.60725806451615,1.001535946504436e-05,8.793008079762786e-06,8.929175700727366e-06,1.727892762435813e-07,6.109023447407598e-08,0.8779523201790381,0.8915481997318223,-20.008948988406424,linear-baseline,scale_dependent_camb
9,0.10256817,0.13796899,320,339,329.6007575757576,9.51244838976657e-06,8.17830272220449e-06,8.304535538613202e-06,1.950114718025122e-07,6.894696706036279e-08,0.8597473948981059,0.8730176709864904,-19.350316981949916,linear-baseline,scale_dependent_camb
9,0.10256817,0.13796899,340,359,349.595,9.073252558747888e-06,7.683677616031253e-06,7.802553459342244e-06,1.5112565579933366e-07,5.343098801348646e-08,0.8468493041806833,0.8599510934829526,-26.006910865393202,linear-baseline,scale_dependent_camb
9,0.10256817,0.13796899,360,379,369.58986486486486,8.685534019393368e-06,7.300736796864745e-06,7.414085857174301e-06,1.4826428497105012e-07,5.241934065540213e-08,0.8405628002335148,0.8536131273701615,-26.417677239248363,linear-baseline,scale_dependent_camb
9,0.10256817,0.13796899,380,399,389.5852564102564,8.340082390877415e-06,6.970711496484278e-06,7.078273227142951e-06,1.7077508448254022e-07,6.037811014765486e-08,0.8358084692435427,0.8487054318414574,-22.679923088754126,linear-baseline,scale_dependent_camb
9,0.10256817,0.13796899,400,419,409.5810975609756,8.029713140562276e-06,6.719301974150757e-06,6.8224307369972625e-06,1.7764487854178655e-07,6.280694912997893e-08,0.8368047346807512,0.8496481278432726,-20.864111130435962,linear-baseline,scale_dependent_camb
9,0.10256817,0.13796899,420,439,429.57732558139537,7.748663708883015e-06,6.502526857663337e-06,6.603079879848617e-06,1.367603728271944e-07,4.83520935118548e-08,0.839180418968097,0.8521572399998326,-25.77213850966255,linear-baseline,scale_dependent_camb
9,0.10256817,0.13796899,440,459,449.5738888888889,7.492238993267659e-06,6.282120366052963e-06,6.379004109732548e-06,1.4205062200693364e-07,5.02224790464349e-08,0.8384837125054234,0.8514149262276021,-24.095159183517005,linear-baseline,scale_dependent_camb
9,0.10256817,0.13796899,460,479,469.5707446808511,7.25658378409524e-06,6.09532388111478e-06,6.189403489744116e-06,1.200339445889929e-07,4.243840809572358e-08,0.8399715434243763,0.8529362677944768,-27.36341807075175,linear-baseline,scale_dependent_camb
9,0.10256817,0.13796899,480,499,489.5678571428571,7.03851697953279e-06,5.936526831314173e-06,6.0282768707602075e-06,1.1967954037287128e-07,4.2313107283473235e-08,0.8434343269437186,0.8564697489953855,-26.043706524220095,linear-baseline,scale_dependent_camb
9,0.10256817,0.13796899,500,519,509.56519607843137,6.835409094507516e-06,5.821252553089113e-06,5.910905294128666e-06,1.3709531326536075e-07,4.847051283941531e-08,0.8516319173590777,0.8647478464571023,-20.92316507519413,linear-baseline,scale_dependent_camb
9,0.10256817,0.13796899,520,539,529.5627358490566,6.6450891381593814e-06,5.725122517290585e-06,5.813614515034115e-06,1.0863061709814382e-07,3.8406722997288405e-08,0.8615569179372036,0.8748738194721078,-23.953270393148312,linear-baseline,scale_dependent_camb
9,0.10256817,0.13796899,540,559,549.5604545454545,6.465766577402086e-06,5.576302756456661e-06,5.661861068816781e-06,1.5538647506572202e-07,5.4937415111823206e-08,0.8624349007503442,0.8756674094306216,-16.190492747701224,linear-baseline,scale_dependent_camb
9,0.10256817,0.13796899,560,579,569.5583333333333,6.295966971264871e-06,5.4181650343908134e-06,5.501679771056753e-06,1.224669236406557e-07,4.329859608868137e-08,0.8605771058075127,0.8738419048522194,-20.27321936896523,linear-baseline,scale_dependent_camb
9,0.10256817,0.13796899,580,599,589.5563559322034,6.134478053952526e-06,5.314078945286805e-06,5.395536611543533e-06,1.4896139801052928e-07,5.266580733413677e-08,0.8662642361012072,0.8795428990192762,-15.577452434379696,linear-baseline,scale_dependent_camb
9,0.10256817,0.13796899,600,619,609.5545081967213,5.980304685898059e-06,5.2252057075030715e-06,5.305647747771315e-06,1.3082778438073686e-07,4.6254606751615255e-08,0.873735701096374,0.8871868619474141,-16.324838355016798,linear-baseline,scale_dependent_camb
9,0.10256817,0.13796899,620,639,629.5527777777778,5.832630671189894e-06,5.132053725767351e-06,5.210856773363044e-06,1.410936873582612e-07,4.988415155682057e-08,0.8798866266497857,0.8933973479757457,-14.044078601287827,linear-baseline,scale_dependent_camb
9,0.10256817,0.13796899,640,659,649.5511538461539,5.690786479719753e-06,5.001942819769265e-06,5.07875389261514e-06,1.4466620876778605e-07,5.114722861412514e-08,0.8789545764183353,0.8924520205975549,-13.467858936158521,linear-baseline,scale_dependent_camb
9,0.10256817,0.13796899,660,679,669.5496268656716,5.554222178206841e-06,4.900551200964795e-06,4.976010281662094e-06,1.253246828144104e-07,4.430896653406138e-08,0.8823109777986805,0.8958968730466917,-14.752566542926544,linear-baseline,scale_dependent_camb
9,0.10256817,0.13796899,680,699,689.5481884057971,5.422484613995483e-06,4.813621966737988e-06,4.887579802184534e-06,1.2674877563702113e-07,4.481245938001495e-08,0.887715191356004,0.9013542960674605,-13.586905420527541,linear-baseline,scale_dependent_camb
9,0.10256817,0.13796899,700,719,709.5468309859154,5.295198037183542e-06,4.697261909712903e-06,4.769548963567048e-06,1.1354727029838707e-07,4.014502240660567e-08,0.8870795533477961,0.9007309887325611,-14.894402633892943,linear-baseline,scale_dependent_camb
9,0.10256817,0.13796899,720,739,729.5455479452055,5.172047881160177e-06,4.623217015495375e-06,4.694314962781642e-06,1.2225824387901788e-07,4.322481665140613e-08,0.8938851924275516,0.907631768043228,-12.697124202768547,linear-baseline,scale_dependent_camb
9,0.10256817,0.13796899,740,759,749.5443333333334,5.0527673113978665e-06,4.537332329616537e-06,4.607481320684475e-06,9.391731526156087e-08,3.320478524614226e-08,0.8979895669015614,0.9118728484272509,-15.522912675401589,linear-baseline,scale_dependent_camb
9,0.10256817,0.13796899,760,779,769.5431818181818,4.9371271729557645e-06,4.465707355887612e-06,4.534666728357893e-06,9.410907404309044e-08,3.3272582213528074e-08,0.9045153587190418,0.9184828685794363,-14.168416927871663,linear-baseline,scale_dependent_camb
9,0.10256817,0.13796899,780,799,789.5420886075949,4.824928873474083e-06,4.389186777597586e-06,4.456754757639175e-06,1.0846544373225837e-07,3.83483253937439e-08,0.9096894260406474,0.9236933589095973,-11.362741173245162,linear-baseline,scale_dependent_camb
9,0.10256817,0.13796899,800,819,809.5410493827161,4.715998885845274e-06,4.286924878910686e-06,4.352604097739384e-06,1.3798490179863138e-07,4.878502988158604e-08,0.9090173646515435,0.9229442591268219,-8.795198198629011,linear-baseline,scale_dependent_camb
9,0.10256817,0.13796899,820,839,829.5400602409638,4.610184313423954e-06,4.227164676409753e-06,4.292169752624083e-06,1.0312048224390294e-07,3.645859613694537e-08,0.916918801727965,0.9310191221913026,-10.505605744541201,linear-baseline,scale_dependent_camb
9,0.10256817,0.13796899,840,859,849.5391176470588,4.50734903123865e-06,4.1403741134181325e-06,4.204102986149827e-06,9.419919387200171e-08,3.330444438459934e-08,0.9185829818642488,0.9327218631201744,-11.018797178619637,linear-baseline,scale_dependent_camb
9,0.10256817,0.13796899,860,879,869.5382183908046,4.407370341963909e-06,4.0712527759470605e-06,4.133884797552217e-06,9.270621915700923e-08,3.277659811204372e-08,0.9237373898860798,0.937948136146456,-10.254803285803563,linear-baseline,scale_dependent_camb
9,0.10256817,0.13796899,880,899,889.5373595505617,4.310136080898765e-06,3.997964749637615e-06,4.059556473470374e-06,8.592177398923304e-08,3.0377934519682296e-08,0.9275727435510447,0.9418627155326059,-10.276252687913649,linear-baseline,scale_dependent_camb
9,0.10256817,0.13796899,900,919,909.5365384615385,4.21554232548458e-06,3.921205456825911e-06,3.981594261963573e-06,9.254394659591166e-08,3.271922609786742e-08,0.9301781725973218,0.9445034480838443,-8.995838342211078,linear-baseline,scale_dependent_camb
9,0.10256817,0.13796899,920,939,929.535752688172,4.123491923861879e-06,3.850961492805949e-06,3.910332345168459e-06,8.230931155503277e-08,2.910073617767996e-08,0.933907853807389,0.94830605161128,-9.365069989705574,linear-baseline,scale_dependent_camb
9,0.10256817,0.13796899,940,959,949.535,4.033893640076714e-06,3.75247609713437e-06,3.8100149714068898e-06,1.0149709911478276e-07,3.588464352741301e-08,0.9302367469120995,0.9445006019877195,-7.8422833635609,linear-baseline,scale_dependent_camb
9,0.10256817,0.13796899,960,979,969.5342783505155,3.946661665333763e-06,3.684679352807474e-06,3.7416742591558486e-06,6.116500458841893e-08,2.162509475788866e-08,0.9336192623686344,0.9480605576154502,-12.114735933386838,linear-baseline,scale_dependent_camb
9,0.10256817,0.13796899,980,999,989.5335858585859,3.861715194510958e-06,3.6273868673574933e-06,3.6831969952523857e-06,8.385379677791864e-08,2.9646794164952468e-08,0.9393201426437302,0.9537723031692451,-7.904002228695618,linear-baseline,scale_dependent_camb
9,0.10256817,0.13796899,1000,1019,1009.5329207920792,3.778978010385022e-06,3.569357776058436e-06,3.6242122709229027e-06,8.677803729797755e-08,3.068066931572953e-08,0.9445299142385778,0.959045609940887,-6.832322729645164,linear-baseline,scale_dependent_camb
9,0.10256817,0.13796899,1020,1039,1029.532281553398,3.6983779324474613e-06,3.4902210009408554e-06,3.5439784054758794e-06,7.496561709669271e-08,2.65043481024528e-08,0.9437166954517127,0.9582520959751116,-7.853689919177539,linear-baseline,scale_dependent_camb
9,0.10256817,0.13796899,1040,1059,1049.5316666666668,3.6198461960435073e-06,3.424507564854604e-06,3.4772083211030805e-06,7.878860210883218e-08,2.7855977415681975e-08,0.9460367594064056,0.9605955979300087,-7.012449366753659,linear-baseline,scale_dependent_camb
9,0.10256817,0.13796899,1060,1079,1069.5310747663552,3.543316697161231e-06,3.349120067804466e-06,3.400615146154058e-06,8.238135596174984e-08,2.912620772194806e-08,0.9451935443669633,0.9597265603942488,-6.667418951710215,linear-baseline,scale_dependent_camb
9,0.10256817,0.13796899,1080,1099,1089.530504587156,3.4687255656639004e-06,3.2848054343940985e-06,3.3353332080871765e-06,7.560912069968357e-08,2.6731860983149202e-08,0.9469776066776847,0.9615442746762258,-6.88018433829723,linear-baseline,scale_dependent_camb
9,0.10256817,0.13796899,1100,1119,1109.529954954955,3.396010974561594e-06,3.2308177042639476e-06,3.280586086911368e-06,8.154814728697811e-08,2.8831623969910788e-08,0.9513566735988032,0.9660116270192188,-5.72958604309091,linear-baseline,scale_dependent_camb
9,0.10256817,0.13796899,1120,1139,1129.529424778761,3.3251132366390087e-06,3.1710959841012546e-06,3.2199636637519455e-06,6.815589876654345e-08,2.409674909784336e-08,0.9536805992527841,0.968377145256759,-6.391619546370202,linear-baseline,scale_dependent_camb
9,0.10256817,0.13796899,1140,1159,1149.5289130434783,3.2559749686713914e-06,3.0935560831279985e-06,3.1412374334197987e-06,6.470898221554135e-08,2.2878080064144495e-08,0.9501166664037137,0.9647609283377225,-7.099323242510317,linear-baseline,scale_dependent_camb
9,0.10256817,0.13796899,1160,1179,1169.5284188034188,3.1885413120202034e-06,3.020977790082686e-06,3.0674873618119764e-06,6.684105874469949e-08,2.3631882950032695e-08,0.9474482198785275,0.9620346928697846,-7.090570069757621,linear-baseline,scale_dependent_camb
9,0.10256817,0.13796899,1180,1199,1189.5279411764707,3.122760097368897e-06,2.971014743658123e-06,3.0170420552748197e-06,4.4182872234917095e-08,1.5621004284804352e-08,0.9514066566180899,0.9661459610095727,-9.714186805414768,linear-baseline,scale_dependent_camb
9,0.10256817,0.13796899,1200,1219,1209.527479338843,3.0585818713668544e-06,2.922904015868973e-06,2.967931622467891e-06,6.410660279304232e-08,2.2665106776896345e-08,0.9556402734325865,0.9703620001976757,-5.986199704833708,linear-baseline,scale_dependent_camb
9,0.10256817,0.13796899,1220,1239,1229.5270325203253,2.995959749704894e-06,2.871858455806268e-06,2.916103320122833e-06,6.166584182613217e-08,2.1802167461417544e-08,0.958577115760367,0.9733452929099176,-5.692153962134413,linear-baseline,scale_dependent_camb
9,0.10256817,0.13796899,1240,1259,1249.5266,2.9348491988776572e-06,2.813725632132046e-06,2.8570569001925324e-06,6.183620225974226e-08,2.186239897034333e-08,0.9587292025798357,0.9734935959520938,-5.540268792547285,linear-baseline,scale_dependent_camb
9,0.10256817,0.13796899,1260,1279,1269.5261811023622,2.8752078305317053e-06,2.74773829175578e-06,2.7899782223659063e-06,6.33328756854669e-08,2.239155293461913e-08,0.9556659739785306,0.9703570617536759,-5.692751152549458,linear-baseline,scale_dependent_camb
9,0.10256817,0.13796899,1280,1299,1289.5257751937984,2.8169951431580607e-06,2.7034837760605998e-06,2.7452992193899655e-06,4.467751493656828e-08,1.5795886889105346e-08,0.959704805536084,0.974548793972105,-7.186134459835328,linear-baseline,scale_dependent_camb
9,0.10256817,0.13796899,1300,1319,1309.5253816793893,2.7601723133799236e-06,2.6469516204531475e-06,2.687838207022218e-06,4.4009429808785395e-08,1.5559683126972767e-08,0.9589805707498987,0.9737936265764762,-7.276542330769428,linear-baseline,scale_dependent_camb
9,0.10256817,0.13796899,1320,1339,1329.525,2.704702106116318e-06,2.5970026002201964e-06,2.637048385456952e-06,5.0032790851705937e-08,1.768926284646476e-08,0.9601806403549679,0.9749866277301384,-6.088411192196486,linear-baseline,scale_dependent_camb
9,0.10256817,0.13796899,1340,1359,1349.5246296296295,2.6505489424958477e-06,2.5493573848968657e-06,2.5885559829089276e-06,5.809932079807213e-08,2.054121185932471e-08,0.9618224149810656,0.976611275274719,-4.926270090196554,linear-baseline,scale_dependent_camb
9,0.10256817,0.13796899,1360,1379,1369.5242700729927,2.597679005980252e-06,2.5077230925778963e-06,2.5463851749972327e-06,5.2390353458588526e-08,1.852278709966402e-08,0.9653706585011992,0.9802539763901033,-4.85649988407993,linear-baseline,scale_dependent_camb
9,0.10256817,0.13796899,1380,1399,1389.5239208633093,2.5460603250620185e-06,2.460883595001113e-06,2.4990190286154483e-06,3.0494418343348944e-08,1.078140499946074e-08,0.9665456748127793,0.9815238877164372,-7.900336743232069,linear-baseline,scale_dependent_camb
9,0.10256817,0.13796899,1400,1419,1409.5235815602837,2.4956628189832736e-06,2.4128660250798406e-06,2.450199566765619e-06,3.533942385804718e-08,1.2494373126625411e-08,0.9668237258360229,0.9817830951073044,-6.626726532361494,linear-baseline,scale_dependent_camb
9,0.10256817,0.13796899,1420,1439,1429.5232517482518,2.4464582634578714e-06,2.366029501595888e-06,2.4025886907068184e-06,4.2059758409163874e-08,1.4870370193093845e-08,0.9671244087572115,0.9820681295052845,-5.408659019083215,linear-baseline,scale_dependent_camb
9,0.10256817,0.13796899,1440,1459,1449.5229310344828,2.3984201294338336e-06,2.319540354499722e-06,2.3553130202905183e-06,4.6448859543876506e-08,1.642215178092828e-08,0.967111777471309,0.9820268731844362,-4.803254530001237,linear-baseline,scale_dependent_camb
9,0.10256817,0.13796899,1460,1479,1469.522619047619,2.351523322493237e-06,2.2719013708419778e-06,2.30696259344442e-06,4.189964240776125e-08,1.4813760637909708e-08,0.9661402670814938,0.9810502712762504,-5.374864195354939,linear-baseline,scale_dependent_camb
9,0.10256817,0.13796899,1480,1499,1489.5223154362416,2.3057438963986626e-06,2.23234130171309e-06,2.2668965377423235e-06,3.293654139814932e-08,1.1644825885731417e-08,0.9681653305901752,0.9831519195531582,-6.303451456110993,linear-baseline,scale_dependent_camb
9,0.10256817,0.13796899,1500,1519,1509.5220198675497,2.2610588003781675e-06,2.195966845314563e-06,2.2298527016539512e-06,4.312005191486818e-08,1.524524055705963e-08,0.971211737150437,0.9861984576787667,-4.2696574593217616,linear-baseline,scale_dependent_camb
9,0.10256817,0.13796899,1520,1539,1529.5217320261438,2.2174456557892656e-06,2.1554045801572362e-06,2.188712370478491e-06,3.785191267089713e-08,1.338267206523618e-08,0.972021377177811,0.9870421693376078,-4.635925869631956,linear-baseline,scale_dependent_camb
9,0.10256817,0.13796899,1540,1559,1549.5214516129033,2.174882570404978e-06,2.1179213632426654e-06,2.1505045066940254e-06,4.868985639742685e-08,1.7214463816809862e-08,0.9738095251957873,0.9887910896695387,-3.308915558943539,linear-baseline,scale_dependent_camb
9,0.10256817,0.13796899,1560,1579,1569.521178343949,2.133348045271721e-06,2.083415145572612e-06,2.1156907908665306e-06,2.908369976624292e-08,1.0282640663351988e-08,0.9765941146782033,0.9917232190760784,-4.856038573542022,linear-baseline,scale_dependent_camb
9,0.10256817,0.13796899,1580,1599,1589.5209119496856,2.092820966188798e-06,2.0409656509184786e-06,2.072628546273895e-06,2.4466249323006127e-08,8.650125403249205e-09,0.975222287951008,0.9903515779700569,-5.994747226536283,linear-baseline,scale_dependent_camb
9,0.10256817,0.13796899,1600,1619,1609.520652173913,2.0532806114256853e-06,2.002314020165074e-06,2.0331941085189594e-06,3.929781993210727e-08,1.3893877479920461e-08,0.9751779708155803,0.9902173610392303,-3.668277004332927,linear-baseline,scale_dependent_camb
9,0.10256817,0.13796899,1620,1639,1629.520398773006,2.0147066826377005e-06,1.9721359962700183e-06,2.0026491906657476e-06,3.162638780972823e-08,1.1181616642347196e-08,0.9788700326779343,0.9940152618364442,-3.8072031736857967,linear-baseline,scale_dependent_camb
9,0.10256817,0.13796899,1640,1659,1649.5201515151516,1.9770793134492785e-06,1.9294034309332982e-06,1.959161488089689e-06,3.8435404623958035e-08,1.3588967623624754e-08,0.9758857005929604,0.9909372248054482,-3.508425646190704,linear-baseline,scale_dependent_camb
9,0.10256817,0.13796899,1660,1679,1669.5199101796406,1.94037908774993e-06,1.8934598914262696e-06,1.9226912672108396e-06,3.371358548784568e-08,1.1919552458284028e-08,0.9758195722578786,0.9908843479860416,-3.9363219791907453,linear-baseline,scale_dependent_camb
9,0.10256817,0.13796899,1680,1699,1689.519674556213,1.904587006245471e-06,1.8616376921530398e-06,1.890355659917016e-06,3.440424120553181e-08,1.2163736129004591e-08,0.9774495394793764,0.992527857072537,-3.530931091970828,linear-baseline,scale_dependent_camb
9,0.10256817,0.13796899,1700,1719,1709.5194444444444,1.8696844445447538e-06,1.8361387311830977e-06,1.8645165600118848e-06,2.982147922512666e-08,1.0543485092550403e-08,0.9820580882193605,0.9972359589619801,-3.1816532263471493,linear-baseline,scale_dependent_camb
9,0.10256817,0.13796899,1720,1739,1729.519219653179,1.83565309920775e-06,1.8073152724591177e-06,1.8352257401178335e-06,3.1017323975944155e-08,1.0966280058825098e-08,0.9845625370279043,0.9997671896230824,-2.584087456879004,linear-baseline,scale_dependent_camb
9,0.10256817,0.13796899,1740,1759,1749.519,1.8024749527081643e-06,1.7709771699355622e-06,1.79839629300134e-06,2.4526134051447322e-08,8.671297852034347e-09,0.9825252591026147,0.9977371892459885,-3.632418504135743,linear-baseline,scale_dependent_camb
9,0.10256817,0.13796899,1760,1779,1769.5187853107345,1.770132232729797e-06,1.738061499735196e-06,1.7649182769059947e-06,2.9726879125831522e-08,1.0510038906694148e-08,0.9818822953440357,0.9970544822994598,-3.0514380849888525,linear-baseline,scale_dependent_camb
9,0.10256817,0.13796899,1780,1799,1789.5185754189945,1.7386073347472562e-06,1.70966133119371e-06,1.7360591479576467e-06,3.0090886193576785e-08,1.0638734839695402e-08,0.9833510402406337,0.9985343517546014,-2.72081257684348,linear-baseline,scale_dependent_camb
9,0.10256817,0.13796899,1800,1819,1809.5183701657459,1.7078827466494863e-06,1.6936996700039517e-06,1.719890788911754e-06,2.8976695182758592e-08,1.0244808830052082e-08,0.9916955208585841,1.0070309523799716,-1.3844159398982685,linear-baseline,scale_dependent_camb
9,0.10256817,0.13796899,1820,1839,1829.518169398907,1.6779409713355228e-06,1.658023324006827e-06,1.6837001950891445e-06,2.2407399239081437e-08,7.922211975354385e-09,0.9881297091679914,1.0034323160659446,-2.514152283561535,linear-baseline,scale_dependent_camb
9,0.10256817,0.13796899,1840,1859,1849.517972972973,1.6487644442723403e-06,1.6238796640775052e-06,1.6490094120952868e-06,2.3834918062249164e-08,8.426916095421054e-09,0.9849070130780156,1.000148576604619,-2.953011506588615,linear-baseline,scale_dependent_camb
9,0.10256817,0.13796899,1860,1879,1869.5177807486632,1.6203354579238859e-06,1.5988810162700369e-06,1.6235889012940906e-06,2.569548347936602e-08,9.084725307063307e-09,0.9867592592947769,1.0020078825988128,-2.3615949771390827,linear-baseline,scale_dependent_camb
9,0.10256817,0.13796899,1880,1899,1889.5175925925926,1.5926361394984619e-06,1.5742171713993102e-06,1.598618281418404e-06,1.917059225806465e-08,6.777827892519921e-09,0.9884349176548561,1.0037561259421288,-2.717532576989601,linear-baseline,scale_dependent_camb
9,0.10256817,0.13796899,1900,1919,1909.5174083769634,1.565648487305394e-06,1.5528440217556064e-06,1.5769581744316444e-06,1.7558818044868814e-08,6.207979654573727e-09,0.9918216217410173,1.0072236438881088,-2.062581751593518,linear-baseline,scale_dependent_camb
9,0.10256817,0.13796899,1920,1939,1929.5172279792746,1.5393544463194049e-06,1.525849035152329e-06,1.5495437301235624e-06,1.8285536386549908e-08,6.4649133882813984e-09,0.9912265747506254,1.006619192758705,-2.089032034297056,linear-baseline,scale_dependent_camb
9,0.10256817,0.13796899,1940,1959,1949.5170512820512,1.5137359962175622e-06,1.4965540017220927e-06,1.5197444185539799e-06,1.9235045101278427e-08,6.800615413771528e-09,0.9886492793073541,1.0039692669999465,-2.5265352398365697,linear-baseline,scale_dependent_camb
9,0.10256817,0.13796899,1960,1979,1969.5168781725888,1.488775254664727e-06,1.478173126110763e-06,1.5010942585243081e-06,2.098921449394541e-08,7.420807950223884e-09,0.9928786238750645,1.0082745893451563,-1.4287027268566055,linear-baseline,scale_dependent_camb
9,0.10256817,0.13796899,1980,1999,1989.5167085427136,1.4644545764740522e-06,1.4531287084132213e-06,1.4755989975561906e-06,2.254805991941917e-08,7.971943035810945e-09,0.9922661527077883,1.0076099465706685,-1.4207161303027107,linear-baseline,scale_dependent_camb
9,0.10256817,0.13796899,2000,2019,2009.5165422885573,1.4407566285945788e-06,1.4313567985783233e-06,1.4535585407030156e-06,1.6998957026000346e-08,6.010038893091775e-09,0.9934757683360965,1.008885547950541,-1.5640214952785265,linear-baseline,scale_dependent_camb
9,0.10256817,0.13796899,2020,2039,2029.5163793103447,1.4176644306699333e-06,1.408525221135258e-06,1.4303233579037342e-06,2.1702223224917638e-08,7.672894604581722e-09,0.99355333368253,1.008929424312225,-1.1911032283980452,linear-baseline,scale_dependent_camb
9,0.10256817,0.13796899,2040,2059,2049.516219512195,1.3951613809173372e-06,1.3931416403277616e-06,1.414688921033209e-06,2.155910586625963e-08,7.62229497717543e-09,0.998552324758124,1.0139966174400785,-0.26497801457744274,linear-baseline,scale_dependent_camb
9,0.10256817,0.13796899,2060,2079,2069.5160628019325,1.3732312578172947e-06,1.3666365392280175e-06,1.387791345280654e-06,2.0436450354235574e-08,7.225376314431097e-09,0.9951976635022427,1.0106027935065371,-0.9127162797189807,linear-baseline,scale_dependent_camb
9,0.10256817,0.13796899,2080,2099,2089.515909090909,1.3518582031195892e-06,1.3473143550835944e-06,1.3682359326013013e-06,1.302807114591491e-08,4.6061187265286135e-09,0.9966388131347583,1.012114975848738,-0.9864808759324525,linear-baseline,scale_dependent_camb
9,0.10256817,0.13796899,2100,2119,2109.5157582938386,1.33102668616919e-06,1.3303163152037758e-06,1.3509384757640133e-06,1.5835055000788042e-08,5.598537385759587e-09,0.9994662984801163,1.0149597222968767,-0.1268850981010049,linear-baseline,scale_dependent_camb
9,0.10256817,0.13796899,2120,2139,2129.5156103286386,1.310721474616276e-06,1.3082250646614915e-06,1.3285096023176267e-06,1.567682385520216e-08,5.54259422774024e-09,0.9980953924970862,1.0135712491523483,-0.4504046033696772,linear-baseline,scale_dependent_camb
9,0.10256817,0.13796899,2140,2159,2149.515465116279,1.2909276136652013e-06,1.28918077438108e-06,1.3091839363575113e-06,1.527736894636321e-08,5.401365590331103e-09,0.9986468340551166,1.0141420188855335,-0.3234069708683317,linear-baseline,scale_dependent_camb
9,0.10256817,0.13796899,2160,2179,2169.5153225806453,1.2716304281675682e-06,1.2676340460062547e-06,1.2873108164544436e-06,1.3508303104103463e-08,4.775906363617424e-09,0.9968572770257846,1.0123309319591156,-0.8367798396881693,linear-baseline,scale_dependent_camb
9,0.10256817,0.13796899,2180,2199,2189.5151826484016,1.2528155346245302e-06,1.2483728136613791e-06,1.2677032780130792e-06,1.755684285271671e-08,6.207281318691277e-09,0.9964538107643417,1.011883428148112,-0.7157273426247366,linear-baseline,scale_dependent_camb
9,0.10256817,0.13796899,2200,2219,2209.515045248869,1.2344688742432672e-06,1.2332014203015039e-06,1.2523142719361851e-06,1.6613605095884807e-08,5.873796411627764e-09,0.998973279952044,1.0144559316684734,-0.21578104737410445,linear-baseline,scale_dependent_camb
9,0.10256817,0.13796899,2220,2239,2229.5149103139015,1.2165767691350565e-06,1.2173887066900162e-06,1.236235303367174e-06,1.7058888574611886e-08,6.031227895306891e-09,1.0006673952483385,1.0161588933233485,0.1346222641647376,linear-baseline,scale_dependent_camb
9,0.10256817,0.13796899,2240,2259,2249.514777777778,1.199125955110695e-06,1.2027597069058671e-06,1.2214230729273655e-06,1.4196022182946283e-08,5.019051775717986e-09,1.0030303337023814,1.0185944751855631,0.723991693560933,linear-baseline,scale_dependent_camb
9,0.10256817,0.13796899,2260,2279,2269.5146475770925,1.1821036076836313e-06,1.1855633981684953e-06,1.2039503485844565e-06,1.4675192397148277e-08,5.188464029620406e-09,1.002926808159941,1.0184812403572936,0.6668236428184522,linear-baseline,scale_dependent_camb
9,0.10256817,0.13796899,2280,2299,2289.514519650655,1.1654973415304013e-06,1.1651064783609708e-06,1.1831753005509246e-06,1.492794660079141e-08,5.277826135305138e-09,0.9996646383003179,1.0151677386044575,-0.07405760618295663,linear-baseline,scale_dependent_camb
9,0.10256817,0.13796899,2300,2319,2309.514393939394,1.1492952093214304e-06,1.1572136402872448e-06,1.175174069605008e-06,1.2652754148113396e-08,4.4734241294086e-09,1.006889814646047,1.022517156665829,1.770105122328571,linear-baseline,scale_dependent_camb
9,0.10256817,0.13796899,2320,2339,2329.514270386266,1.1334856729621883e-06,1.1405187352983557e-06,1.1582053180200908e-06,1.3546449559300157e-08,4.789393172191329e-09,1.006204809203973,1.0218085200788658,1.4684662718867048,linear-baseline,scale_dependent_camb
9,0.10256817,0.13796899,2340,2359,2349.5141489361704,1.118057577322124e-06,1.1215860796356313e-06,1.139010423235679e-06,1.1792020265775747e-08,4.169108746909613e-09,1.0031559218282464,1.0187403997240816,0.8463445133502115,linear-baseline,scale_dependent_camb
9,0.10256817,0.13796899,2360,2379,2369.514029535865,1.1030001145940507e-06,1.1080193391367765e-06,1.1251890601015692e-06,1.5465367256267235e-08,5.467833030223476e-09,1.0045505204181897,1.0201169022685777,0.9179549768586571,linear-baseline,scale_dependent_camb
9,0.10256817,0.13796899,2380,2399,2389.513912133891,1.088302812264503e-06,1.0946492494777294e-06,1.1116113702950424e-06,1.390478342745289e-08,4.916083326241131e-09,1.0058314994151498,1.0214173461355298,1.2909539550215332,linear-baseline,scale_dependent_camb
9,0.10256817,0.13796899,2400,2419,2409.5137966804978,1.0739555191844674e-06,1.0775603193821662e-06,1.0942411149234774e-06,1.5072668296279018e-08,5.32899298143719e-09,1.0033565637806268,1.0188886740434224,0.6764505433307362,linear-baseline,scale_dependent_camb
9,0.10256817,0.13796899,2420,2439,2429.513683127572,1.059948403785622e-06,1.0648493304968777e-06,1.0813603179836683e-06,1.3454715455049266e-08,4.75696026860039e-09,1.0046237408290366,1.0202009023472967,1.0302643777804306,linear-baseline,scale_dependent_camb
9,0.10256817,0.13796899,2440,2459,2449.5135714285716,1.046271971904134e-06,1.0522757000680106e-06,1.068588020008845e-06,1.3030908090793718e-08,4.607121738009442e-09,1.0057382098776384,1.021329108208927,1.3031407688546337,linear-baseline,scale_dependent_camb
9,0.10256817,0.13796899,2460,2479,2469.5134615384613,1.032917084827519e-06,1.0439942042192494e-06,1.0601654914743614e-06,1.3725295935947238e-08,4.852624915050226e-09,1.0107241128590492,1.0263800522298385,2.2827066970239427,linear-baseline,scale_dependent_camb
9,0.10256817,0.13796899,2480,2499,2489.513353413655,1.019874971640398e-06,1.0306703382399629e-06,1.046639306921053e-06,1.3955328349309011e-08,4.933953654740635e-09,1.0105849902191455,1.0262427611470908,2.187974868631481,linear-baseline,scale_dependent_camb
9,0.10256817,0.13796899,2500,2519,2509.513247011952,1.007137222672863e-06,1.018955977545707e-06,1.0347454346229132e-06,1.3773127117469028e-08,4.8695357914533375e-09,1.0117349995678622,1.0274125623882515,2.427080399242055,linear-baseline,scale_dependent_camb
9,0.10256817,0.13796899,2520,2539,2529.51314229249,9.946957670007706e-07,1.0031658472473714e-06,1.0187315125495152e-06,1.1665303545889411e-08,4.12430762094894e-09,1.008515247101272,1.0241639165925254,2.0536974990851893,linear-baseline,scale_dependent_camb
9,0.10256817,0.13796899,2540,2559,2549.513039215686,9.82542849042992e-07,9.914133163990772e-07,1.0067774021970783e-06,1.2942474542215925e-08,4.575855757067569e-09,1.0090280717677862,1.0246651361593961,1.938537363723592,linear-baseline,scale_dependent_camb
9,0.10256817,0.13796899,2560,2579,2569.512937743191,9.706710024663424e-07,9.802494475366225e-07,9.954472096545897e-07,1.1924284674010268e-08,4.21587127689574e-09,1.009867859497134,1.0255248247091902,2.271996567535863,linear-baseline,scale_dependent_camb
9,0.10256817,0.13796899,2580,2599,2589.5128378378377,9.59073023905e-07,9.689982671037257e-07,9.840379644191317e-07,1.0817480122472483e-08,3.824556774975488e-09,1.010348787789186,1.0260302812110005,2.595135536663403,linear-baseline,scale_dependent_camb
9,0.10256817,0.13796899,2600,2619,2609.5127394636015,9.47741949141031e-07,9.634179932935684e-07,9.783556167185359e-07,1.1887899455714351e-08,4.203007159599742e-09,1.0165404139457423,1.0323016909879859,3.7297210205157705,linear-baseline,scale_dependent_camb
9,0.10256817,0.13796899,2620,2639,2629.5126425855515,9.366710341969389e-07,9.5107661292956e-07,9.658217802955988e-07,1.3041805435648155e-08,4.6109745312311925e-09,1.0153795497102904,1.0311216478725131,3.1241939496843374,linear-baseline,scale_dependent_camb
9,0.10256817,0.13796899,2640,2659,2649.512547169811,9.258537347820497e-07,9.390598034742591e-07,9.536034284384986e-07,1.2453663168060883e-08,4.403034838374496e-09,1.014263666274801,1.0299720059594308,2.999310515808846,linear-baseline,scale_dependent_camb
9,0.10256817,0.13796899,2660,2679,2669.5124531835204,9.152836818691981e-07,9.287265819805888e-07,9.431023716122954e-07,1.3495430399355624e-08,4.771355175207719e-09,1.0146871405856788,1.0303935165612106,2.8174176136039706,linear-baseline,scale_dependent_camb
9,0.10256817,0.13796899,2680,2699,2689.5123605947956,9.04954660970091e-07,9.169097003199081e-07,9.311287778737631e-07,1.1495158142777585e-08,4.0641521367848944e-09,1.0132106500639508,1.0289231251382407,2.941582634570024,linear-baseline,scale_dependent_camb
9,0.10256817,0.13796899,2700,2719,2709.512269372694,8.948605998300705e-07,9.10084832141419e-07,9.24215796012154e-07,9.681707207612419e-09,3.423000409982707e-09,1.0170129652755295,1.0328042112790057,4.447627954396146,linear-baseline,scale_dependent_camb
9,0.10256817,0.13796899,2720,2739,2729.5121794871793,8.849955652159167e-07,9.001422349078878e-07,9.141046416559272e-07,1.101037483307602e-08,3.892755353936877e-09,1.0171149667719246,1.0328917766191388,3.8909893673777076,linear-baseline,scale_dependent_camb
9,0.10256817,0.13796899,2740,2759,2749.512090909091,8.753537668441061e-07,8.895032616018019e-07,9.032828440661066e-07,1.2294013341028539e-08,4.346590100719581e-09,1.0161643158385079,1.0319060456239224,3.255309203265626,linear-baseline,scale_dependent_camb
9,0.10256817,0.13796899,2760,2779,2769.5120036101084,8.659295699706073e-07,8.785100242530814e-07,8.921646995144076e-07,8.934075186542162e-09,3.1586725740172158e-09,1.0145282650214857,1.030297070863039,3.982829491717211,linear-baseline,scale_dependent_camb
9,0.10256817,0.13796899,2780,2799,2789.511917562724,8.567175083502168e-07,8.716361595538819e-07,8.851669684402501e-07,1.0480583530681945e-08,3.7054458426686256e-09,1.0174137344670287,1.0332075156778557,4.026142018289719,linear-baseline,scale_dependent_camb
9,0.10256817,0.13796899,2800,2819,2809.5118327402133,8.477122913611133e-07,8.627610792862359e-07,8.761616168454486e-07,8.583851083982718e-09,3.034849655089838e-09,1.0177522351374189,1.0335601191279842,4.958660110191569,linear-baseline,scale_dependent_camb
9,0.10256817,0.13796899,2820,2839,2829.511749116608,8.389088032069977e-07,8.554982714403647e-07,8.687854153069086e-07,8.81890972161394e-09,3.1179554334125923e-09,1.0197750556078902,1.0356136590600766,5.320623911294933,linear-baseline,scale_dependent_camb
9,0.10256817,0.13796899,2840,2859,2849.5116666666668,8.303021003905652e-07,8.448854772104528e-07,8.580025651128413e-07,9.262792600595572e-09,3.274891730302852e-09,1.0175639406584998,1.0333619109348826,4.453086703583637,linear-baseline,scale_dependent_camb
9,0.10256817,0.13796899,2860,2879,2869.5115853658535,8.218874087471122e-07,8.383898425933306e-07,8.513913205710688e-07,9.617850875526053e-09,3.4004237872627223e-09,1.0200787038109937,1.0358977537676755,4.853052113102225,linear-baseline,scale_dependent_camb
9,0.10256817,0.13796899,2880,2899,2889.5115051903113,8.136601151316059e-07,8.308667435681299e-07,8.437685819268815e-07,8.069484541578126e-09,2.8529936200149555e-09,1.0211471941619517,1.0370037393198335,6.031078483951803,linear-baseline,scale_dependent_camb
9,0.10256817,0.13796899,2900,2919,2909.5114261168383,8.05615750264354e-07,8.223403103506612e-07,8.350960734630996e-07,9.544035969881999e-09,3.3743262770959445e-09,1.0207599715879676,1.0365935288492956,4.956414618179984,linear-baseline,scale_dependent_camb
9,0.10256817,0.13796899,2920,2939,2929.511348122867,7.977499675831989e-07,8.152753854433745e-07,8.279425822908613e-07,8.948244649513908e-09,3.1636822356937627e-09,1.0219685597898165,1.037847215210966,5.5395632539980735,linear-baseline,scale_dependent_camb
9,0.10256817,0.13796899,2940,2959,2949.511271186441,7.900585223917295e-07,8.079561037573062e-07,8.20495923688902e-07,9.058708950120617e-09,3.2027372637127793e-09,1.0226534881383162,1.038525502142588,5.588214046889642,linear-baseline,scale_dependent_camb
9,0.10256817,0.13796899,2960,2979,2969.5111952861953,7.825372540949422e-07,7.998809022928943e-07,8.122921443753535e-07,9.664128586830971e-09,3.416785429003473e-09,1.022163351466265,1.0380236086201735,5.076013275732822,linear-baseline,scale_dependent_camb
9,0.10256817,0.13796899,2980,2999,2989.511120401338,7.751820717257293e-07,7.918035249805568e-07,8.040953306201054e-07,8.512427672509438e-09,3.009597665795721e-09,1.0214419990620067,1.0372986682083716,5.522815705146052,linear-baseline,scale_dependent_camb
9,0.10256817,0.13796899,3000,3019,3009.5110465116277,7.679889461722977e-07,7.856728344165642e-07,7.978625577328096e-07,9.197588950477447e-09,3.2518387587245314e-09,1.023026227567993,1.0388984915855934,5.438119647482957,linear-baseline,scale_dependent_camb
9,0.10256817,0.13796899,3020,3039,3029.5109735973597,7.609539078103788e-07,7.7849694986241e-07,7.905694055459737e-07,9.898015817484777e-09,3.499477052417597e-09,1.023054014010534,1.0389189114237056,5.013046746487906,linear-baseline,scale_dependent_camb
9,0.10256817,0.13796899,3040,3059,3049.5109016393444,7.540730482367108e-07,7.730703071827019e-07,7.85083765059729e-07,6.968688017629123e-09,2.463803276619496e-09,1.02519286293339,1.041124287488503,7.710542122525519,linear-baseline,scale_dependent_camb
9,0.10256817,0.13796899,3060,3079,3069.5108306188927,7.473425241497933e-07,7.665602071777743e-07,7.784483747132153e-07,9.271115306034672e-09,3.2778342510297552e-09,1.025714692268908,1.041621946508141,5.862920927726459,linear-baseline,scale_dependent_camb
9,0.10256817,0.13796899,3080,3099,3089.5107605177996,7.407585660394216e-07,7.604785364831078e-07,7.722877032738846e-07,8.641775842406816e-09,3.055329149829974e-09,1.0266213194794656,1.0425633110164874,6.454286748379842,linear-baseline,scale_dependent_camb
9,0.10256817,0.13796899,3100,3119,3109.510691318328,7.343174874925915e-07,7.52316148341804e-07,7.639803762597228e-07,9.311664560647177e-09,3.2921705774840358e-09,1.0245107343291944,1.0403951822915434,5.467110657117745,linear-baseline,scale_dependent_camb
9,0.10256817,0.13796899,3120,3139,3129.5106230031947,7.280156917520085e-07,7.474127690185838e-07,7.590176109928843e-07,7.667439409577396e-09,2.7108492004245775e-09,1.0266437626088734,1.042584136018096,7.155350900204006,linear-baseline,scale_dependent_camb
9,0.10256817,0.13796899,3140,3159,3149.5105555555556,7.218496735219823e-07,7.411059595391081e-07,7.526202868293147e-07,7.1129594855427565e-09,2.5148109432662297e-09,1.0266763104888201,1.0426274533826403,7.657150557853002,linear-baseline,scale_dependent_camb
9,0.10256817,0.13796899,3160,3179,3169.5104889589907,7.158160235432981e-07,7.360689715277729e-07,7.475089380676153e-07,6.500676535564403e-09,2.2983362302989308e-09,1.0282935102293778,1.0442752236355886,8.812003969428178,linear-baseline,scale_dependent_camb
9,0.10256817,0.13796899,3180,3199,3189.510423197492,7.099114348986711e-07,7.300058644708714e-07,7.413376313440517e-07,7.779240199393561e-09,2.750376748735088e-09,1.0283055443036617,1.0442677704576857,7.306064371523598,linear-baseline,scale_dependent_camb
9,0.10256817,0.13796899,3200,3219,3209.5103582554516,7.041327089499642e-07,7.240403879584673e-07,7.353070629216944e-07,5.3212938155135874e-09,1.8813614708178475e-09,1.028272623548749,1.0442734069522475,10.581527961157295,linear-baseline,scale_dependent_camb
9,0.10256817,0.13796899,3220,3239,3229.510294117647,6.984767553020421e-07,7.176274771793134e-07,7.287626867082509e-07,8.050934738186387e-09,2.846435274130968e-09,1.0274178370746068,1.0433599703588021,6.7279667489077655,linear-baseline,scale_dependent_camb
9,0.10256817,0.13796899,3240,3259,3249.510230769231,6.929405850113112e-07,7.126842786528292e-07,7.237695238414467e-07,5.8887490560170095e-09,2.0819871951077537e-09,1.0284926212558263,1.0444900176104308,9.483100418634482,linear-baseline,scale_dependent_camb
9,0.10256817,0.13796899,3260,3279,3269.5101681957185,6.875212994624925e-07,7.091483151075898e-07,7.201706321033549e-07,6.134464159576286e-09,2.1688606030911132e-09,1.0314565027469045,1.047488467144782,9.971602423075904,linear-baseline,scale_dependent_camb
9,0.10256817,0.13796899,3280,3299,3289.510106382979,6.82216075688821e-07,7.017204120579909e-07,7.126315132592471e-07,6.212038968280304e-09,2.1962874397330434e-09,1.0285896757115796,1.0445832906234527,8.88059368565189,linear-baseline,scale_dependent_camb
9,0.10256817,0.13796899,3300,3319,3309.5100453172204,6.770221531478069e-07,6.977225414342811e-07,7.085566537221554e-07,7.487222341260632e-09,2.6471328448784056e-09,1.030575643928678,1.04657824035407,7.819928012500306,linear-baseline,scale_dependent_camb
9,0.10256817,0.13796899,3320,3339,3329.509984984985,6.719368276008894e-07,6.915986665698714e-07,7.023494389388842e-07,5.819874771652478e-09,2.0576364583459886e-09,1.0292614397088242,1.0452611169513975,9.55554558203494,linear-baseline,scale_dependent_camb
9,0.10256817,0.13796899,3340,3359,3349.509925373134,6.669574527662597e-07,6.873226048806975e-07,6.980166791991718e-07,5.3878842631938454e-09,1.9049047493763267e-09,1.0305344096988072,1.046568527428686,10.690903112665051,linear-baseline,scale_dependent_camb
9,0.10256817,0.13796899,3360,3379,3369.5098664688426,6.620814434890768e-07,6.826756755626459e-07,6.93269136208934e-07,7.710197640842917e-09,2.7259665180642738e-09,1.0311052851217826,1.0471055230841426,7.554836766004427,linear-baseline,scale_dependent_camb
9,0.10256817,0.13796899,3380,3399,3389.509808259587,6.573062767804925e-07,6.784205548874424e-07,6.889651709001969e-07,6.252862868828983e-09,2.210720868189272e-09,1.0321224349330245,1.0481646003363465,9.55085665077378,linear-baseline,scale_dependent_camb
9,0.10256817,0.13796899,3400,3419,3409.509750733138,6.526294946832112e-07,6.761580815834425e-07,6.866524874556954e-07,7.0078791821775195e-09,2.4776594457268802e-09,1.03605198216126,1.0521321715455092,9.49629576446032,linear-baseline,scale_dependent_camb
9,0.10256817,0.13796899,3420,3439,3429.509693877551,6.480487063219038e-07,6.684857037804166e-07,6.788724688186843e-07,6.772133838818023e-09,2.3943108802655547e-09,1.031536205935054,1.0475639596161301,8.535649078387902,linear-baseline,scale_dependent_camb
9,0.10256817,0.13796899,3440,3459,3449.5096376811593,6.435615884062958e-07,6.66388792030905e-07,6.767368474433828e-07,7.155420505759153e-09,2.529823180931786e-09,1.0354701151153818,1.0515494703766295,9.023240753214017,linear-baseline,scale_dependent_camb
9,0.10256817,0.13796899,3460,3479,3469.509582132565,6.391658882975847e-07,6.609037273290221e-07,6.711728535944891e-07,6.386169365024249e-09,2.257851831907217e-09,1.0340096983106155,1.0500761474961608,9.62766410277478,linear-baseline,scale_dependent_camb
9,0.10256817,0.13796899,3480,3499,3489.5095272206304,6.348594242457678e-07,6.55475760238132e-07,6.656574826294072e-07,6.3947396512814914e-09,2.26088188567182e-09,1.0324738598893086,1.0485116188047903,9.118714304811242,linear-baseline,scale_dependent_camb
9,0.10256817,0.13796899,3500,3519,3509.509472934473,6.306400829769529e-07,6.513424785127154e-07,6.614637595096436e-07,6.1898869480699964e-09,2.1884555178791987e-09,1.0328275923059573,1.0488768116152507,9.45982011817398,linear-baseline,scale_dependent_camb
9,0.10256817,0.13796899,3520,3539,3529.509419263456,6.265058183055497e-07,6.467649474079431e-07,6.568242737873861e-07,5.394672498966058e-09,1.907304753149739e-09,1.0323366974582717,1.0483929352225905,10.6218626409531,linear-baseline,scale_dependent_camb
9,0.10256817,0.13796899,3540,3559,3549.509366197183,6.224546451290404e-07,6.446751563464943e-07,6.546897625029072e-07,6.313610023234249e-09,2.2321982305981463e-09,1.0356982012927984,1.0517870942503516,9.954542080028293,linear-baseline,scale_dependent_camb
9,0.10256817,0.13796899,3560,3579,3569.5093137254903,6.184846394165088e-07,6.400219296678744e-07,6.499776218064645e-07,5.274018609612086e-09,1.864647161480376e-09,1.034822676067888,1.0509195869757846,11.550330108709014,linear-baseline,scale_dependent_camb
9,0.10256817,0.13796899,3580,3599,3589.50926183844,6.145939411615506e-07,6.366992578661014e-07,6.465865712273705e-07,6.119666105996182e-09,2.1636287010736865e-09,1.0359673521394839,1.0520549063750213,10.216779197641973,linear-baseline,scale_dependent_camb
9,0.10256817,0.13796899,3600,3619,3609.5092105263157,6.107807554632366e-07,6.332975820452307e-07,6.431419574335228e-07,5.4898663715665485e-09,1.9409608695713466e-09,1.0368656451281222,1.0529833359692913,11.600865805690768,linear-baseline,scale_dependent_camb
9,0.10256817,0.13796899,3620,3639,3629.5091597796145,6.070433552115647e-07,6.290613010918708e-07,6.388384230597119e-07,5.56462623566581e-09,1.9673924730039327e-09,1.036270796296967,1.0523769308652857,11.191435457048293,linear-baseline,scale_dependent_camb
9,0.10256817,0.13796899,3640,3659,3649.509109589041,6.033800742583218e-07,6.25118041915137e-07,6.34836611339949e-07,5.175942736926709e-09,1.8299721041570672e-09,1.0360269895944703,1.0521338678946164,11.87885192754251,linear-baseline,scale_dependent_camb
9,0.10256817,0.13796899,3660,3679,3669.5090599455043,5.997893013798553e-07,6.206842072229562e-07,6.303418049256428e-07,4.6311432539088e-09,1.6373563997426227e-09,1.034837076611788,1.0509387271088355,12.761366948811709,linear-baseline,scale_dependent_camb
9,0.10256817,0.13796899,3680,3699,3689.509010840108,5.962694683659765e-07,6.187938198996313e-07,6.283992698742338e-07,7.0428181611357235e-09,2.4900122402014204e-09,1.0377754567836264,1.0538847001445608,9.045879843479321,linear-baseline,scale_dependent_camb
9,0.10256817,0.13796899,3700,3719,3709.508962264151,5.928190403906612e-07,6.15620808932476e-07,6.251869032794161e-07,5.628653210728348e-09,1.9900294271267238e-09,1.0384632864133188,1.0545999043273389,11.458005711371202,linear-baseline,scale_dependent_camb
9,0.10256817,0.13796899,3720,3739,3729.508914209115,5.894365113592739e-07,6.108602822340482e-07,6.203536862131833e-07,5.972269308103098e-09,2.1115160634159954e-09,1.0363461890498942,1.0524520864556093,10.146155762658546,linear-baseline,scale_dependent_camb
9,0.10256817,0.13796899,3740,3759,3749.5088666666666,5.861204028259152e-07,6.075060176803855e-07,6.169514802140827e-07,4.968248616991775e-09,1.756541143847785e-09,1.0364867265349609,1.0526019521578138,12.174844255355193,linear-baseline,scale_dependent_camb
9,0.10256817,0.13796899,3760,3779,3769.5088196286474,5.828692678405872e-07,6.055231804311143e-07,6.149490447363646e-07,4.2731780912519845e-09,1.5107966027710329e-09,1.0388661983749037,1.0550376879786894,14.994680653223856,linear-baseline,scale_dependent_camb
9,0.10256817,0.13796899,3780,3799,3789.5087730870714,5.796816932996158e-07,6.014852682844791e-07,6.108265095859116e-07,5.9310554434002516e-09,2.0969447618108515e-09,1.037613012860135,1.0537274449862577,10.397782231533112,linear-baseline,scale_dependent_camb
9,0.10256817,0.13796899,3800,3819,3809.5087270341205,5.765563032983219e-07,5.989086184916022e-07,6.082080698637932e-07,5.884443096328704e-09,2.0804648084601956e-09,1.0387686598262975,1.0548979629298996,10.74390448825892,linear-baseline,scale_dependent_camb
9,0.10256817,0.13796899,3820,3839,3829.508681462141,5.734917598086068e-07,5.955767126005811e-07,6.048401165456157e-07,5.333099613028996e-09,1.8855354505580775e-09,1.0385096253158803,1.0546622618387242,11.712828197124358,linear-baseline,scale_dependent_camb
9,0.10256817,0.13796899,3840,3859,3849.5086363636365,5.704867649359643e-07,5.92182655406172e-07,6.013848606502836e-07,5.390872832748244e-09,1.905961368275308e-09,1.0380304887049272,1.0541609334579172,11.383174303181237,linear-baseline,scale_dependent_camb
9,0.10256817,0.13796899,3860,3879,3869.5085917312663,5.675400598304014e-07,5.882621525801291e-07,5.974125087278154e-07,4.939763913209786e-09,1.7464702802456177e-09,1.036512123489433,1.0526349609688184,11.865127614317883,linear-baseline,scale_dependent_camb
9,0.10256817,0.13796899,3880,3899,3889.5085475578408,5.646504248552616e-07,5.870411738024523e-07,5.961653903874561e-07,5.213297361908503e-09,1.8431789584737204e-09,1.039654178871698,1.0558132326567766,12.147897437876495,linear-baseline,scale_dependent_camb
9,0.10256817,0.13796899,3900,3919,3909.5085038363172,5.618166784410654e-07,5.839475632522409e-07,5.930226100554585e-07,5.332182534091432e-09,1.88521121419026e-09,1.0393916479528242,1.0555446871050242,11.739207068466959,linear-baseline,scale_dependent_camb
9,0.10256817,0.13796899,3920,3939,3929.5084605597963,5.590376708667081e-07,5.822098841386854e-07,5.912694260172536e-07,3.999797408633815e-09,1.4141419355086754e-09,1.0414501821246718,1.057655783912692,16.38605905823885,linear-baseline,scale_dependent_camb
9,0.10256817,0.13796899,3940,3959,3949.508417721519,5.563122788908054e-07,5.797879933711399e-07,5.88805795256957e-07,4.358846354100094e-09,1.5410849075672175e-09,1.0421988069850645,1.058408770755408,15.23323884690663,linear-baseline,scale_dependent_camb
9,0.10256817,0.13796899,3960,3979,3969.5083753148615,5.536393959850149e-07,5.756667067869779e-07,5.846052562174381e-07,5.850271744669293e-09,2.0683834112198556e-09,1.0397863861598446,1.0559314609057577,10.649529812740134,linear-baseline,scale_dependent_camb
9,0.10256817,0.13796899,3980,3999,3989.508333333333,5.510179299276351e-07,5.736746521717801e-07,5.825999852933644e-07,4.436192889526097e-09,1.568431037417724e-09,1.041117940113347,1.0573158397402367,14.445469200512122,linear-baseline,scale_dependent_camb
9,0.10256817,0.13796899,4000,4019,4009.5082917705736,5.48446800215003e-07,5.714340049939119e-07,5.803169541742933e-07,4.993884894274124e-09,1.7656049366031488e-09,1.041913280868623,1.0581098366273567,13.019449766114764,linear-baseline,scale_dependent_camb
9,0.10256817,0.13796899,4020,4039,4029.5082506203476,5.459249419730192e-07,5.67440571062738e-07,5.762602141386603e-07,5.035715686730913e-09,1.78039435510745e-09,1.0394113319167273,1.0555667452305932,12.084754721894324,linear-baseline,scale_dependent_camb
9,0.10256817,0.13796899,4040,4059,4049.5082098765433,5.434513100435817e-07,5.668234669061122e-07,5.756360272297188e-07,4.976542757578531e-09,1.75947356537429e-09,1.0430069013186412,1.059222816453522,13.28360784866843,linear-baseline,scale_dependent_camb
9,0.10256817,0.13796899,4060,4079,4069.5081695331696,5.410248823874393e-07,5.637724493907905e-07,5.725494118384382e-07,4.0364052075193595e-09,1.4270847469268163e-09,1.0420453249820425,1.0582681693157758,15.939885176642424,linear-baseline,scale_dependent_camb
9,0.10256817,0.13796899,4080,4096,4088.005870123517,5.388213410301168e-07,5.61710073394052e-07,5.704408630249323e-07,5.673144644668275e-09,2.005759524448542e-09,1.0424792609739186,1.058682757320572,11.411503764504422,linear-baseline,scale_dependent_camb
10,0.06779888,0.10256817,20,39,30.608333333333334,0.000319193282933203,0.0003170354830573812,0.00031523850058216607,8.941996774732618e-06,3.1614732783808353e-06,0.9932398330691897,0.9876100702536884,-0.6825298478963986,linear-baseline,scale_dependent_camb
10,0.06779888,0.10256817,40,59,50.165,0.00015818678553309074,0.00016393445622730663,0.00016298089416797487,7.836820742966068e-06,2.7707345451473522e-06,1.0363347082048997,1.0303066316110283,2.074421277304361,linear-baseline,scale_dependent_camb
10,0.06779888,0.10256817,60,79,69.975,9.274656084479747e-05,9.859712653516913e-05,9.803714479102648e-05,2.8231316471057045e-06,9.981277659253954e-07,1.0630812144092547,1.057043451509564,5.861539865036643,linear-baseline,scale_dependent_camb
10,0.06779888,0.10256817,80,99,89.86944444444444,6.177417617723584e-05,6.60000229283172e-05,6.56345631684124e-05,1.9901954939884223e-06,7.036403648430621e-07,1.0684079823089345,1.062491921868788,6.0056912056542915,linear-baseline,scale_dependent_camb
10,0.06779888,0.10256817,100,119,109.80227272727272,4.557412284275888e-05,4.9097067110134406e-05,4.8828630793674436e-05,1.2738804319877154e-06,4.5038474593968103e-07,1.0773014168485586,1.071411312997605,7.8220772331559925,linear-baseline,scale_dependent_camb
10,0.06779888,0.10256817,120,139,129.75576923076923,3.6406626226761415e-05,3.869067989907856e-05,3.8477455315508405e-05,1.2407059775962015e-06,4.3865580510847937e-07,1.0627373066125585,1.0568805545410518,5.206938209223749,linear-baseline,scale_dependent_camb
10,0.06779888,0.10256817,140,159,149.72166666666666,3.0794333126783933e-05,3.1225325628105955e-05,3.104768767826877e-05,7.97788454568902e-07,2.820608130890032e-07,1.013995838115655,1.0082273108640394,1.5280126884765914,linear-baseline,scale_dependent_camb
10,0.06779888,0.10256817,160,179,169.6955882352941,2.7065294000911425e-05,2.6073595264448304e-05,2.592478108850175e-05,7.292671971851496e-07,2.578348902132632e-07,0.9633590259012252,0.9578606863693678,-3.8462550031256653,linear-baseline,scale_dependent_camb
10,0.06779888,0.10256817,180,199,189.675,2.4391157834031554e-05,2.2551550244457286e-05,2.2424239891594837e-05,6.707788292928843e-07,2.37156129434686e-07,0.9245789149456624,0.9193593860602881,-7.756947264906791,linear-baseline,scale_dependent_camb
10,0.06779888,0.10256817,200,219,209.65833333333333,2.2351928699054277e-05,2.0212195730556626e-05,2.0095096902879567e-05,5.981490579012379e-07,2.1147762750115507e-07,0.90427076798128,0.8990318989219844,-10.118011033984976,linear-baseline,scale_dependent_camb
10,0.06779888,0.10256817,220,239,229.64456521739132,2.072591985274591e-05,1.8166058244300064e-05,1.8062104205595857e-05,5.024206739185023e-07,1.7763253276804406e-07,0.8764898433153645,0.8714741895136137,-14.410995376553918,linear-baseline,scale_dependent_camb
10,0.06779888,0.10256817,240,259,249.633,1.9389783790268115e-05,1.68320640151229e-05,1.6734352647252775e-05,6.32182250443542e-07,2.235101781172004e-07,0.8680893091531554,0.863049986955083,-11.443415224715375,linear-baseline,scale_dependent_camb
10,0.06779888,0.10256817,260,279,269.6231481481482,1.8267355303570768e-05,1.5699844848923452e-05,1.5609657388375685e-05,5.298602689577143e-07,1.8733389463066385e-07,0.8594481570002945,0.8545110733858898,-13.70553075677663,linear-baseline,scale_dependent_camb
10,0.06779888,0.10256817,280,299,289.6146551724138,1.7307459375733198e-05,1.4868947219754475e-05,1.4783179478537644e-05,4.622850970257777e-07,1.6344246347420422e-07,0.8591062903549112,0.8541507541693353,-14.91969775873813,linear-baseline,scale_dependent_camb
10,0.06779888,0.10256817,300,319,309.60725806451615,1.6473533264328982e-05,1.4210928123853083e-05,1.412774126294846e-05,5.550771321247646e-07,1.9624940210350113e-07,0.8626521035790641,0.8576023756567154,-11.529233293065579,linear-baseline,scale_dependent_camb
10,0.06779888,0.10256817,320,339,329.6007575757576,1.5738406136398357e-05,1.3486643474881614e-05,1.3409724380078888e-05,3.6978863153359337e-07,1.307400244815487e-07,0.8569256224549275,0.8520382727362775,-17.223208198454437,linear-baseline,scale_dependent_camb
10,0.06779888,0.10256817,340,359,349.595,1.5081386354386563e-05,1.3035537032286133e-05,1.296152165343384e-05,2.806897996220713e-07,9.923883036132991e-08,0.8643460704456142,0.8594383400080364,-20.61541147403154,linear-baseline,scale_dependent_camb
10,0.06779888,0.10256817,360,379,369.58986486486486,1.450803782818769e-05,1.2530539837233543e-05,1.2460208664387218e-05,2.6969558958216773e-07,9.535179012482739e-08,0.8636963857984943,0.8588486473462495,-20.738970798192195,linear-baseline,scale_dependent_camb
10,0.06779888,0.10256817,380,399,389.5852564102564,1.3966591513036358e-05,1.2208015647912234e-05,1.213859595995862e-05,3.134781613271062e-07,1.1083126681414366e-07,0.8740869693595121,0.8691165592283919,-15.867145758363787,linear-baseline,scale_dependent_camb
10,0.06779888,0.10256817,400,419,409.5810975609756,1.3459508762122777e-05,1.191617491630483e-05,1.1846934108318614e-05,3.6617952115909235e-07,1.2946401127161852e-07,0.8853350539686012,0.8801906754322113,-11.92094876915251,linear-baseline,scale_dependent_camb
10,0.06779888,0.10256817,420,439,429.57732558139537,1.298709952965246e-05,1.159069995060562e-05,1.152450615437429e-05,2.804726483141212e-07,9.916205578013239e-08,0.8924779489170351,0.8873810605717819,-14.08199505406599,linear-baseline,scale_dependent_camb
10,0.06779888,0.10256817,440,459,449.5738888888889,1.2543805506361685e-05,1.1251556821270967e-05,1.1186957663326794e-05,2.9861282166598015e-07,1.0557557557463188e-07,0.8969811286985162,0.8918312435291861,-12.24003447821339,linear-baseline,scale_dependent_camb
10,0.06779888,0.10256817,460,479,469.5707446808511,1.2125363394327279e-05,1.0929628629520617e-05,1.0867548609838664e-05,2.3179613775082924e-07,8.195231042823121e-08,0.9013856553473627,0.8962658071693694,-14.590616891195682,linear-baseline,scale_dependent_camb
10,0.06779888,0.10256817,480,499,489.5678571428571,1.1728494776406293e-05,1.0736128936901773e-05,1.0674813826040852e-05,2.5787324335205186e-07,9.117195953040232e-08,0.9153884741031885,0.9101605985718572,-10.884550958604818,linear-baseline,scale_dependent_camb
10,0.06779888,0.10256817,500,519,509.56519607843137,1.1350667777552584e-05,1.0343202777542144e-05,1.0284879395964043e-05,2.104827125740025e-07,7.441687669180807e-08,0.911241785967621,0.9061034643533242,-13.538125285515285,linear-baseline,scale_dependent_camb
10,0.06779888,0.10256817,520,539,529.5627358490566,1.0989912947044595e-05,1.0077817714644818e-05,1.0021483267079618e-05,1.8300902749724065e-07,6.47034621808271e-08,0.9170061458362091,0.9118801318416806,-14.096544476255989,linear-baseline,scale_dependent_camb
10,0.06779888,0.10256817,540,559,549.5604545454545,1.0644679269310491e-05,9.788085764274573e-06,9.731416381620386e-06,3.191802227404702e-07,1.1284724996020958e-07,0.9195284814728473,0.9142047529489105,-7.590734424967875,linear-baseline,scale_dependent_camb
10,0.06779888,0.10256817,560,579,569.5583333333333,1.0313721596344448e-05,9.5654877888526e-06,9.510067792966232e-06,2.963589168594907e-07,1.0477869988822306e-07,0.9274525882338099,0.9220791645507418,-7.1410869603274,linear-baseline,scale_dependent_camb
10,0.06779888,0.10256817,580,599,589.5563559322034,9.996015643016707e-06,9.31062000233226e-06,9.25773966599004e-06,2.2382511025041606e-07,7.913412662894791e-08,0.9314331164374208,0.9261429750220097,-8.661189171875233,linear-baseline,scale_dependent_camb
10,0.06779888,0.10256817,600,619,609.5545081967213,9.69069819319133e-06,9.056832542181656e-06,9.004510360942564e-06,2.639685939566585e-07,9.332699140351577e-08,0.9345903010935758,0.9291910842161114,-6.791879192473307,linear-baseline,scale_dependent_camb
10,0.06779888,0.10256817,620,639,629.5527777777778,9.397027217711053e-06,8.825387775521137e-06,8.774868670823369e-06,1.909808323409172e-07,6.752192081245683e-08,0.9391680550725108,0.9337919820307565,-8.465983125356482,linear-baseline,scale_dependent_camb
10,0.06779888,0.10256817,640,659,649.5511538461539,9.114354466037913e-06,8.6431565357249e-06,8.593363568224128e-06,2.237924874598354e-07,7.91225927307275e-08,0.9483015574971546,0.942838420454777,-5.955289305503533,linear-baseline,scale_dependent_camb
10,0.06779888,0.10256817,660,679,669.5496268656716,8.842104997402094e-06,8.354470714446918e-06,8.306429310798525e-06,2.025868287802653e-07,7.16252602048018e-08,0.9448508830082375,0.9394176288608926,-6.808132795062219,linear-baseline,scale_dependent_camb
10,0.06779888,0.10256817,680,699,689.5481884057971,8.57976095677237e-06,8.198584740814219e-06,8.152264744253967e-06,1.4834103309720373e-07,5.244647521562542e-08,0.9555726298344859,0.9501738784247874,-7.267909128135027,linear-baseline,scale_dependent_camb
10,0.06779888,0.10256817,700,719,709.5468309859154,8.326848847185617e-06,7.957547745116749e-06,7.912181691562532e-06,1.9198389096679163e-07,6.787655559059856e-08,0.9556493568159714,0.9502011909627447,-5.440775520436396,linear-baseline,scale_dependent_camb
10,0.06779888,0.10256817,720,739,729.5455479452055,8.082930937925136e-06,7.717207924931083e-06,7.67307075130531e-06,1.7259530253138895e-07,6.10216544104444e-08,0.9547536635160299,0.9492931227833753,-5.9933316545979505,linear-baseline,scale_dependent_camb
10,0.06779888,0.10256817,740,759,749.5443333333334,7.84760089319189e-06,7.529237294706579e-06,7.4867517351801885e-06,1.4993391057319417e-07,5.300964244806149e-08,0.9594317291592256,0.9540179014041409,-6.005767701550563,linear-baseline,scale_dependent_camb
10,0.06779888,0.10256817,760,779,769.5431818181818,7.620481840857418e-06,7.274470212376526e-06,7.233175383279083e-06,1.3271103822849485e-07,4.692043753483792e-08,0.9545945209624749,0.9491755947108513,-7.374433118275634,linear-baseline,scale_dependent_camb
10,0.06779888,0.10256817,780,799,789.5420886075949,7.401223872714695e-06,7.11771475372536e-06,7.077285224691842e-06,1.4093241718768007e-07,4.9827133941210054e-08,0.9616942922055746,0.956231745776927,-5.689854032620878,linear-baseline,scale_dependent_camb
10,0.06779888,0.10256817,800,819,809.5410493827161,7.189499973788676e-06,6.9096389937295116e-06,6.8706591286457916e-06,1.2946175781934168e-07,4.577164342919352e-08,0.9610736517032512,0.9556518747749764,-6.114287342382529,linear-baseline,scale_dependent_camb
10,0.06779888,0.10256817,820,839,829.5400602409638,6.9850019141029204e-06,6.7304924563206485e-06,6.6922650654578705e-06,1.5051300111585264e-07,5.3214381872878895e-08,0.9635634376465366,0.9580906559160699,-4.782719423299072,linear-baseline,scale_dependent_camb
10,0.06779888,0.10256817,840,859,849.5391176470588,6.787437870089323e-06,6.593298660472687e-06,6.555989080651176e-06,1.1756319026773559e-07,4.156486452812008e-08,0.9713972763607659,0.9659004187046649,-4.670752853898861,linear-baseline,scale_dependent_camb
10,0.06779888,0.10256817,860,879,869.5382183908046,6.596531475149517e-06,6.402990033365927e-06,6.366580882339568e-06,1.207369263832417e-07,4.268694969260559e-08,0.970660120017209,0.9651406813298443,-4.533972166606133,linear-baseline,scale_dependent_camb
10,0.06779888,0.10256817,880,899,889.5373595505617,6.412021380656366e-06,6.253554934913875e-06,6.217464972729742e-06,1.721091329975328e-07,6.084976752334641e-08,0.9752860390920485,0.9696575547122228,-2.604224341230089,linear-baseline,scale_dependent_camb
10,0.06779888,0.10256817,900,919,909.5365384615385,6.23366115236545e-06,6.055367782113518e-06,6.021283162675757e-06,1.0322556397099319e-07,3.649574813784752e-08,0.9713982897218795,0.9659304565168572,-4.885318957663291,linear-baseline,scale_dependent_camb
10,0.06779888,0.10256817,920,939,929.535752688172,6.061219606972834e-06,5.917623095375735e-06,5.884108590836015e-06,1.255437287476838e-07,4.4386410966465866e-08,0.9763089739510666,0.9707796404649205,-3.2351458131090416,linear-baseline,scale_dependent_camb
10,0.06779888,0.10256817,940,959,949.535,5.894480885653717e-06,5.737225048104975e-06,5.704587228973293e-06,1.118402435038555e-07,3.954149729556547e-08,0.973321512004309,0.9677844986922263,-3.9769823679989647,linear-baseline,scale_dependent_camb
10,0.06779888,0.10256817,960,979,969.5342783505155,5.733243433837894e-06,5.5672899153266955e-06,5.535791564708925e-06,9.911851383125497e-08,3.5043686635606494e-08,0.9710541649894486,0.9655601804794127,-4.735618151047497,linear-baseline,scale_dependent_camb
10,0.06779888,0.10256817,980,999,989.5335858585859,5.577318030248486e-06,5.4940858542605475e-06,5.463000927359095e-06,1.0256867358757453e-07,3.6263502315541736e-08,0.9850766666816326,0.9795032124276589,-2.2952051145999466,linear-baseline,scale_dependent_camb
10,0.06779888,0.10256817,1000,1019,1009.5329207920792,5.426525953312899e-06,5.3136547695080895e-06,5.283160491791397e-06,1.2202582382334927e-07,4.3142643752682616e-08,0.9792001024641002,0.9735806181054054,-2.61623243238985,linear-baseline,scale_dependent_camb
10,0.06779888,0.10256817,1020,1039,1029.532281553398,5.280697818944732e-06,5.153205216139071e-06,5.12417311326595e-06,8.119742262178409e-08,2.870762407536675e-08,0.9758568645325102,0.9703590868015127,-4.441071210593795,linear-baseline,scale_dependent_camb
10,0.06779888,0.10256817,1040,1059,1049.5316666666668,5.139672955046439e-06,5.04008631389877e-06,5.011527264612023e-06,8.606852832914183e-08,3.0429820014141325e-08,0.9806239342427636,0.9750673454215418,-3.272666124919219,linear-baseline,scale_dependent_camb
10,0.06779888,0.10256817,1060,1079,1069.5310747663552,5.003299006599438e-06,4.892286521545773e-06,4.864555883992401e-06,9.102581582549315e-08,3.218248581662198e-08,0.977812142566887,0.9722696719856174,-3.44946893432102,linear-baseline,scale_dependent_camb
10,0.06779888,0.10256817,1080,1099,1089.530504587156,4.871431642945314e-06,4.801469157707398e-06,4.77441632579137e-06,7.999878495107349e-08,2.8283841662794195e-08,0.9856382085666267,0.9800848448126253,-2.4735849561040197,linear-baseline,scale_dependent_camb
10,0.06779888,0.10256817,1100,1119,1109.529954954955,4.743933958022046e-06,4.664607547640286e-06,4.638056120791094e-06,9.591403990339034e-08,3.391073401334221e-08,0.9832783485006957,0.9776814268141504,-2.3392714044629206,linear-baseline,scale_dependent_camb
10,0.06779888,0.10256817,1120,1139,1129.529424778761,4.620675219827827e-06,4.524304592390478e-06,4.498538195884666e-06,9.667416047230508e-08,3.41794772177417e-08,0.9791436050246916,0.9735672779123151,-2.819546560745105,linear-baseline,scale_dependent_camb
10,0.06779888,0.10256817,1140,1159,1149.5289130434783,4.501529229834494e-06,4.456495058073773e-06,4.431263263532338e-06,7.907985216288497e-08,2.7958949859802815e-08,0.9899958059891623,0.9843906453308224,-1.610724722728864,linear-baseline,scale_dependent_camb
10,0.06779888,0.10256817,1160,1179,1169.5284188034188,4.386373061067678e-06,4.343535020858584e-06,4.3190860243201285e-06,5.945959923758636e-08,2.1022142913765892e-08,0.9902338356513007,0.9846599831316738,-2.037758014718971,linear-baseline,scale_dependent_camb
10,0.06779888,0.10256817,1180,1199,1189.5279411764707,4.275086509184525e-06,4.228600132820488e-06,4.204637113862987e-06,7.48279263916264e-08,2.6455667086823423e-08,0.9891262138756335,0.9835209427528107,-1.7571424758058782,linear-baseline,scale_dependent_camb
10,0.06779888,0.10256817,1200,1219,1209.527479338843,4.1675520011181e-06,4.125258567228871e-06,4.1020822863713625e-06,5.4636174672179886e-08,1.9316804804395546e-08,0.9898517321732562,0.9842906063969514,-2.1894632325323617,linear-baseline,scale_dependent_camb
10,0.06779888,0.10256817,1220,1239,1229.5270325203253,4.063654533624359e-06,4.0359309270139555e-06,4.013197782765189e-06,7.296958248184871e-08,2.5798643296633162e-08,0.9931776664622923,0.9875834054195134,-1.074614904808633,linear-baseline,scale_dependent_camb
10,0.06779888,0.10256817,1240,1259,1249.5266,3.963281568768881e-06,3.93253704027925e-06,3.910260556773993e-06,7.213350003582771e-08,2.550304351302692e-08,0.9922426585252228,0.9866219416726028,-1.2055239004680622,linear-baseline,scale_dependent_camb
10,0.06779888,0.10256817,1260,1279,1269.5261811023622,3.8663229912317285e-06,3.836207927741575e-06,3.814467457299342e-06,7.21986231929324e-08,2.5526068026027425e-08,0.9922109292062639,0.9865878939628201,-1.1797768249871816,linear-baseline,scale_dependent_camb
10,0.06779888,0.10256817,1280,1299,1289.5257751937984,3.772671225124143e-06,3.7498959165497992e-06,3.7288862745028796e-06,4.8884444727385466e-08,1.7283261180636616e-08,0.9939630815368508,0.9883941780217483,-1.3177668459850653,linear-baseline,scale_dependent_camb
10,0.06779888,0.10256817,1300,1319,1309.5253816793893,3.6822213595493853e-06,3.6670131504080957e-06,3.6463821628842688e-06,5.569608235842808e-08,1.9691538760584464e-08,0.9958698275697497,0.9902669630188929,-0.7723220275568885,linear-baseline,scale_dependent_camb
10,0.06779888,0.10256817,1320,1339,1329.525,3.5948711406313072e-06,3.579718307720296e-06,3.5595072962354563e-06,5.513258929196923e-08,1.949231387636214e-08,0.9957848745286736,0.9901626948470702,-0.7773747645930743,linear-baseline,scale_dependent_camb
10,0.06779888,0.10256817,1340,1359,1349.5246296296295,3.5105207273077207e-06,3.51184383168834e-06,3.491756854628185e-06,7.558523772625182e-08,2.6723417076914957e-08,1.0003768969003166,0.9946549602930487,0.04951104781289893,linear-baseline,scale_dependent_camb
10,0.06779888,0.10256817,1360,1379,1369.5242700729927,3.4290722563952943e-06,3.4252012495656075e-06,3.405832682984248e-06,5.3306002506634085e-08,1.884651792519403e-08,0.9988711212420598,0.9932227810692225,-0.20539639444546656,linear-baseline,scale_dependent_camb
10,0.06779888,0.10256817,1380,1399,1389.5239208633093,3.3504293220415516e-06,3.3474449858156067e-06,3.328588236354626e-06,4.665413221659588e-08,1.649472663036436e-08,0.999109267517953,0.9934811083632658,-0.1809266860143775,linear-baseline,scale_dependent_camb
10,0.06779888,0.10256817,1400,1419,1409.5235815602837,3.274496569557307e-06,3.280438749666656e-06,3.2621034567702383e-06,4.371531097904273e-08,1.5455696417479923e-08,1.0018146850922345,0.99621526163677,0.3844653743734569,linear-baseline,scale_dependent_camb
10,0.06779888,0.10256817,1420,1439,1429.5232517482518,3.2011795431971795e-06,3.2114452200291646e-06,3.1933213918114764e-06,4.984004860297819e-08,1.7621118170916496e-08,1.0032068419448077,0.9975452325370495,0.5825780595994491,linear-baseline,scale_dependent_camb
10,0.06779888,0.10256817,1440,1459,1449.5229310344828,3.1303848405451066e-06,3.130380359697115e-06,3.1127050618478007e-06,5.303822022486565e-08,1.8751842591533996e-08,0.9999985685951664,0.994352202812793,-0.0002389550770624309,linear-baseline,scale_dependent_camb
10,0.06779888,0.10256817,1460,1479,1469.522619047619,3.062020532274532e-06,3.0609427475344917e-06,3.0436945513148523e-06,4.629561809105143e-08,1.6367972745702537e-08,0.9996480151819102,0.9940150692111569,-0.0658471734273342,linear-baseline,scale_dependent_camb
10,0.06779888,0.10256817,1480,1499,1489.5223154362416,2.995996815082715e-06,3.0177965933164743e-06,3.000858441060243e-06,4.231073895089351e-08,1.4959105214595293e-08,1.0072763022056674,1.0016227073250055,1.4572915907088928,linear-baseline,scale_dependent_camb
10,0.06779888,0.10256817,1500,1519,1509.5220198675497,2.9322266722987373e-06,2.9587826572134362e-06,2.942112252609647e-06,4.7327500997799695e-08,1.673279844607863e-08,1.0090565934637925,1.0033713561111426,1.5870617817022925,linear-baseline,scale_dependent_camb
10,0.06779888,0.10256817,1520,1539,1529.5217320261438,2.8706262867132686e-06,2.8932187234304667e-06,2.876999595681975e-06,3.804867322328864e-08,1.3452237425669204e-08,1.0078702117450005,1.0022201806616924,1.67945569218752,linear-baseline,scale_dependent_camb
10,0.06779888,0.10256817,1540,1559,1549.5214516129033,2.8111150879059804e-06,2.830672609092841e-06,2.814802613772849e-06,4.095708429967687e-08,1.4480516022965295e-08,1.0069572111334044,1.001311766239217,1.350609408935674,linear-baseline,scale_dependent_camb
10,0.06779888,0.10256817,1560,1579,1569.521178343949,2.7536155294773125e-06,2.7683968040228554e-06,2.7527717434634217e-06,4.551853933857316e-08,1.6093233918005853e-08,1.0053679514759086,0.9996935715952869,0.9184775801341531,linear-baseline,scale_dependent_camb
10,0.06779888,0.10256817,1580,1599,1589.5209119496856,2.698052733627491e-06,2.720033492930971e-06,2.704776820500146e-06,3.4666378393581173e-08,1.225641562064003e-08,1.0081468975863668,1.0024921999443706,1.7934084469577052,linear-baseline,scale_dependent_camb
10,0.06779888,0.10256817,1600,1619,1609.520652173913,2.644354141088666e-06,2.6665504019819814e-06,2.651491650117051e-06,4.270162183435873e-08,1.50973031833693e-08,1.0083938306705686,1.0026991502074099,1.4702136284688179,linear-baseline,scale_dependent_camb
10,0.06779888,0.10256817,1620,1639,1629.520398773006,2.5924492861395968e-06,2.6168456259707378e-06,2.602131673382542e-06,3.531823710711074e-08,1.2486882478996179e-08,1.0094105369626996,1.0037348415240799,1.9537574628557113,linear-baseline,scale_dependent_camb
10,0.06779888,0.10256817,1640,1659,1649.5201515151516,2.542269819219393e-06,2.566297159670558e-06,2.551837074395547e-06,3.5905931077923436e-08,1.2694663675008231e-08,1.0094511370388461,1.0037632729239934,1.8927118564367562,linear-baseline,scale_dependent_camb
10,0.06779888,0.10256817,1660,1679,1669.5199101796406,2.493749684955002e-06,2.525160573881352e-06,2.510892019477909e-06,4.1130311604610604e-08,1.4541761123967952e-08,1.0125958467747804,1.0068741199753641,2.160047098736783,linear-baseline,scale_dependent_camb
10,0.06779888,0.10256817,1680,1699,1689.519674556213,2.4468252373478243e-06,2.478280003575954e-06,2.4643965369618824e-06,2.8524994577069168e-08,1.0085108549377551e-08,1.012855338316775,1.007181264663227,3.1189318463083007,linear-baseline,scale_dependent_camb
10,0.06779888,0.10256817,1700,1719,1709.5194444444444,2.4014352031391903e-06,2.4299694132930644e-06,2.416301907421347e-06,3.3185934316228345e-08,1.1732999597508206e-08,1.0118821486903222,1.0061907580361622,2.4319620840977527,linear-baseline,scale_dependent_camb
10,0.06779888,0.10256817,1720,1739,1729.519219653179,2.3575206196036556e-06,2.3777090283493836e-06,2.3643289144988724e-06,3.650500177068353e-08,1.2906467149638622e-08,1.0085634070717575,1.00288790470743,1.5642087421493343,linear-baseline,scale_dependent_camb
10,0.06779888,0.10256817,1740,1759,1749.519,2.315024805724502e-06,2.3464123486283528e-06,2.33325500926334e-06,2.794475195706364e-08,9.879961803707871e-09,1.013558188588838,1.0078747335638734,3.176889094052095,linear-baseline,scale_dependent_camb
10,0.06779888,0.10256817,1760,1779,1769.5187853107345,2.27389332757811e-06,2.303805321613257e-06,2.2909471157705305e-06,2.6424890713193776e-08,9.342609707706371e-09,1.0131545282588104,1.0074998189165647,3.2016743684019584,linear-baseline,scale_dependent_camb
10,0.06779888,0.10256817,1780,1799,1789.5185754189945,2.2340739061882886e-06,2.271597567178943e-06,2.258854463447181e-06,3.1356233749723147e-08,1.108610275844986e-08,1.0167960696764398,1.0110920937710481,3.3847477159684325,linear-baseline,scale_dependent_camb
10,0.06779888,0.10256817,1800,1819,1809.5183701657459,2.1955163060721368e-06,2.227790380289896e-06,2.215342194304586e-06,2.3221924376741018e-08,8.210190099497382e-09,1.014699992948583,1.009030171252938,3.930977702907891,linear-baseline,scale_dependent_camb
10,0.06779888,0.10256817,1820,1839,1829.518169398907,2.1581722984689594e-06,2.1912942767549487e-06,2.1790978416217e-06,2.213216612348953e-08,7.824902374133315e-09,1.015347235394267,1.0096959557712724,4.232893485736028,linear-baseline,scale_dependent_camb
10,0.06779888,0.10256817,1840,1859,1849.517972972973,2.1219957640872457e-06,2.152032933845021e-06,2.1400060387793948e-06,2.247840755393634e-08,7.94731720583165e-09,1.0141551506681237,1.0084874225467155,3.7795357829349516,linear-baseline,scale_dependent_camb
10,0.06779888,0.10256817,1860,1879,1869.5177807486632,2.0869428441888103e-06,2.11849674861346e-06,2.1066356135794326e-06,2.49347484124678e-08,8.815764844818241e-09,1.0151196782952217,1.009436180509427,3.579258859564133,linear-baseline,scale_dependent_camb
10,0.06779888,0.10256817,1880,1899,1889.5175925925926,2.052971999184805e-06,2.0905877680204656e-06,2.078899169365827e-06,2.365874784358254e-08,8.364630517289912e-09,1.0183225922470434,1.0126290909916538,4.497003036524779,linear-baseline,scale_dependent_camb
10,0.06779888,0.10256817,1900,1919,1909.5174083769634,2.020043914725136e-06,2.051215398308899e-06,2.039701592782598e-06,2.5717482430262647e-08,9.092503110742305e-09,1.0154310920453453,1.0097313122324554,3.428262075262379,linear-baseline,scale_dependent_camb
10,0.06779888,0.10256817,1920,1939,1929.5172279792746,1.988121320148458e-06,2.0259429367290195e-06,2.014645282989993e-06,1.933967585496392e-08,6.837607971497364e-09,1.0190237970878644,1.0133412194581537,5.531410507625061,linear-baseline,scale_dependent_camb
10,0.06779888,0.10256817,1940,1959,1949.5170512820512,1.9571687773486657e-06,1.997730302576982e-06,1.986434208441133e-06,3.1934925865487625e-08,1.1290701318087987e-08,1.0207245924305333,1.014952941938974,3.5924717239074977,linear-baseline,scale_dependent_camb
10,0.06779888,0.10256817,1960,1979,1969.5168781725888,1.927152474225263e-06,1.972157093188218e-06,1.9610550462288377e-06,2.9234309331625163e-08,1.0335889185848659e-08,1.0233529103508259,1.0175920548358293,4.354208733639755,linear-baseline,scale_dependent_camb
10,0.06779888,0.10256817,1980,1999,1989.5167085427136,1.8980400489950878e-06,1.9286831626332524e-06,1.917870180327944e-06,2.5134885133972974e-08,8.886523861288617e-09,1.0161446085683958,1.0104476885739873,3.4482677497386542,linear-baseline,scale_dependent_camb
10,0.06779888,0.10256817,2000,2019,2009.5165422885573,1.8698004675506082e-06,1.9046917489014727e-06,1.8939565124749602e-06,3.011031099714253e-08,1.0645602544857678e-08,1.018660430327398,1.0129190495689606,3.2775299663726942,linear-baseline,scale_dependent_camb
10,0.06779888,0.10256817,2020,2039,2029.5163793103447,1.8424039260098872e-06,1.8799179792989894e-06,1.869461100837263e-06,1.790772241667945e-08,6.331335978220193e-09,1.0203614705545851,1.0146857995933465,5.925140194447208,linear-baseline,scale_dependent_camb
10,0.06779888,0.10256817,2040,2059,2049.516219512195,1.8158217769321422e-06,1.8529416538794833e-06,1.842670413145564e-06,1.1606022350920944e-08,4.103348553469418e-09,1.0204424671071275,1.0147859424060786,9.046240275142083,linear-baseline,scale_dependent_camb
10,0.06779888,0.10256817,2060,2079,2069.5160628019325,1.790026497533372e-06,1.8292952890643078e-06,1.8190337701476505e-06,2.1699072160907538e-08,7.671780535216975e-09,1.0219375476201316,1.0162049403482294,5.118602044293889,linear-baseline,scale_dependent_camb
10,0.06779888,0.10256817,2080,2099,2089.515909090909,1.7649916869638095e-06,1.8035756667178661e-06,1.7934364903074836e-06,2.379836267706536e-08,8.413991815044876e-09,1.021860714721229,1.0161161117946145,4.585692570447413,linear-baseline,scale_dependent_camb
10,0.06779888,0.10256817,2100,2119,2109.5157582938386,1.7406920488186826e-06,1.784234122139349e-06,1.7742775271019243e-06,1.8107653397076166e-08,6.40202225422409e-09,1.0250142311790396,1.0192943250967537,6.801299900502093,linear-baseline,scale_dependent_camb
10,0.06779888,0.10256817,2120,2139,2129.5156103286386,1.7171033818549626e-06,1.7520423296976422e-06,1.7421867824309491e-06,2.3950966572076063e-08,8.467945439543651e-09,1.0203476087764358,1.0146079734284195,4.126024204114681,linear-baseline,scale_dependent_camb
10,0.06779888,0.10256817,2140,2159,2149.515465116279,1.6942026076006574e-06,1.734745696191708e-06,1.725053243815917e-06,1.7819885068184276e-08,6.300280785839002e-09,1.0239304841163408,1.0182095317743316,6.435124079259827,linear-baseline,scale_dependent_camb
10,0.06779888,0.10256817,2160,2179,2169.5153225806453,1.6719677838997071e-06,1.7091515938693164e-06,1.6996186475252356e-06,1.8180857430789525e-08,6.427903788548553e-09,1.022239549306914,1.016537916514776,5.784748993264806,linear-baseline,scale_dependent_camb
10,0.06779888,0.10256817,2180,2199,2189.5151826484016,1.6503780022345747e-06,1.68985212724098e-06,1.6804006546214953e-06,1.9664373731590052e-08,6.9524060066969696e-09,1.0239182326430418,1.018191379396884,5.677764642683627,linear-baseline,scale_dependent_camb
10,0.06779888,0.10256817,2200,2219,2209.515045248869,1.6294131658376182e-06,1.6650545100661432e-06,1.6558076932511346e-06,1.1841514001555412e-08,4.1866074250076406e-09,1.0218737303562926,1.0161987935085501,8.513180389360238,linear-baseline,scale_dependent_camb
10,0.06779888,0.10256817,2220,2239,2229.5149103139015,1.609053743912616e-06,1.6462916339815893e-06,1.6370875331045388e-06,1.715813655521878e-08,6.066317355359993e-09,1.0231427260959132,1.0174225312846017,6.138467193126844,linear-baseline,scale_dependent_camb
10,0.06779888,0.10256817,2240,2259,2249.514777777778,1.5892805959700249e-06,1.629704965728363e-06,1.6205823424384512e-06,1.921730744434866e-08,6.794344205022829e-09,1.0254356404154452,1.019695544353715,5.949708837013835,linear-baseline,scale_dependent_camb
10,0.06779888,0.10256817,2260,2279,2269.5146475770925,1.5700748821484882e-06,1.6114970596658481e-06,1.6024784575018442e-06,1.8651074352158692e-08,6.594150575412952e-09,1.0263822942385257,1.0206382356165171,6.2816547853498,linear-baseline,scale_dependent_camb
10,0.06779888,0.10256817,2280,2299,2289.514519650655,1.55141804895681e-06,1.595159535238741e-06,1.5861967514814424e-06,2.0405507172727782e-08,7.214436247693274e-09,1.0281945194020032,1.0224173636164784,6.063049804607633,linear-baseline,scale_dependent_camb
10,0.06779888,0.10256817,2300,2319,2309.514393939394,1.5332918852533265e-06,1.5737129891402221e-06,1.5648943522830398e-06,1.8859268352935944e-08,6.6677582702889285e-09,1.0263623021002406,1.0206108617241472,6.0621729595401375,linear-baseline,scale_dependent_camb
10,0.06779888,0.10256817,2320,2339,2329.514270386266,1.51567863714931e-06,1.5548870133388523e-06,1.5462319216230048e-06,1.65354138362857e-08,5.846151626681741e-09,1.0258685286105804,1.0201581547201586,6.706698473333457,linear-baseline,scale_dependent_camb
10,0.06779888,0.10256817,2340,2359,2349.5141489361704,1.49856112004352e-06,1.5332588463939214e-06,1.5246688429442821e-06,1.9693948589657957e-08,6.962862298043192e-09,1.0231540281449405,1.0174218605778347,4.983256147425546,linear-baseline,scale_dependent_camb
10,0.06779888,0.10256817,2360,2379,2369.514029535865,1.4819227761927675e-06,1.5172554536504736e-06,1.5088085781404335e-06,1.508302864968196e-08,5.332655919510544e-09,1.0238424552381062,1.0181425121332832,6.625718589574605,linear-baseline,scale_dependent_camb
10,0.06779888,0.10256817,2380,2399,2389.513912133891,1.4657476801146666e-06,1.5054183308690933e-06,1.4969597496993161e-06,1.9510105655132827e-08,6.897864005205215e-09,1.0270651294848532,1.0212942991540044,5.751150026224164,linear-baseline,scale_dependent_camb
10,0.06779888,0.10256817,2400,2419,2409.5137966804978,1.4500205362598905e-06,1.487720870144062e-06,1.4793881327944747e-06,1.810240486683413e-08,6.400166618561387e-09,1.0259998620305157,1.0202532280062278,5.890523814619942,linear-baseline,scale_dependent_camb
10,0.06779888,0.10256817,2420,2439,2429.513683127572,1.4347266763067418e-06,1.4749583403860723e-06,1.466676091596404e-06,1.8207647715848607e-08,6.437375584666151e-09,1.028041343862717,1.0222686423952931,6.249699671891515,linear-baseline,scale_dependent_camb
10,0.06779888,0.10256817,2440,2459,2449.5135714285716,1.419852022451685e-06,1.4624079982535118e-06,1.4542011181534676e-06,1.876157124653864e-08,6.633217127071009e-09,1.0299721204244543,1.0241920250551684,6.415586130619863,linear-baseline,scale_dependent_camb
10,0.06779888,0.10256817,2460,2479,2469.5134615384613,1.4053829942867391e-06,1.4467192913317248e-06,1.4386148514488504e-06,1.7153237948317353e-08,6.06458543628081e-09,1.0294128342331086,1.023646121589067,6.816013638408851,linear-baseline,scale_dependent_camb
10,0.06779888,0.10256817,2480,2499,2489.513353413655,1.3913064055241747e-06,1.4342660919884528e-06,1.426251971777148e-06,1.4063787590166155e-08,4.972299787086851e-09,1.030877228979689,1.0251170885968914,8.639802164753869,linear-baseline,scale_dependent_camb
10,0.06779888,0.10256817,2500,2519,2509.513247011952,1.377609420460566e-06,1.4166446153381583e-06,1.408713929530074e-06,1.6131572402363713e-08,5.703372118456573e-09,1.028335458728601,1.0225786123465308,6.84423075802319,linear-baseline,scale_dependent_camb
10,0.06779888,0.10256817,2520,2539,2529.51314229249,1.364279594137225e-06,1.4067176357553816e-06,1.3988110424323234e-06,1.9066011885531978e-08,6.740853147221487e-09,1.0311065574831781,1.0253111227665441,6.295648442608363,linear-baseline,scale_dependent_camb
10,0.06779888,0.10256817,2540,2559,2549.513039215686,1.3513049439576547e-06,1.3936790366031542e-06,1.3858729129313732e-06,1.610599233621024e-08,5.6943281993364125e-09,1.0313579054342803,1.025581175535758,7.441455982540234,linear-baseline,scale_dependent_camb
10,0.06779888,0.10256817,2560,2579,2569.512937743191,1.33867399633387e-06,1.3828668420511484e-06,1.3751323825445244e-06,1.509831239939602e-08,5.338059541042929e-09,1.0330124031977213,1.0272347011374692,8.278822178263715,linear-baseline,scale_dependent_camb
10,0.06779888,0.10256817,2580,2599,2589.5128378378377,1.3263757935190492e-06,1.3672377733288749e-06,1.3596230712931139e-06,1.4684573700652156e-08,5.191780821282387e-09,1.0308072418159966,1.0250662579462908,7.870513262486425,linear-baseline,scale_dependent_camb
10,0.06779888,0.10256817,2600,2619,2609.5127394636015,1.3143998793975695e-06,1.3501849144072614e-06,1.342575524512164e-06,2.1247705695281464e-08,7.512198390894775e-09,1.0272253791031185,1.0214361288038982,4.7635902498349205,linear-baseline,scale_dependent_camb
10,0.06779888,0.10256817,2620,2639,2629.5126425855515,1.3027362652571327e-06,1.341835309854281e-06,1.3343394125434205e-06,1.4106076222477199e-08,4.987251076423973e-09,1.0300130161721037,1.0242590523723925,7.8397987183720685,linear-baseline,scale_dependent_camb
10,0.06779888,0.10256817,2640,2659,2649.512547169811,1.291375372284092e-06,1.3277528471146895e-06,1.3203437401589613e-06,1.2763144775998302e-08,4.512453110187029e-09,1.028169559069611,1.0224321823821312,8.061574035744341,linear-baseline,scale_dependent_camb
10,0.06779888,0.10256817,2660,2679,2669.5124531835204,1.2803079733521252e-06,1.3207655827670025e-06,1.3134045874918189e-06,1.4712910374868538e-08,5.201799348529726e-09,1.0315999042862714,1.0258505100558262,7.777618224799951,linear-baseline,scale_dependent_camb
10,0.06779888,0.10256817,2680,2699,2689.5123605947956,1.2695251785510025e-06,1.30925963769934e-06,1.3019759507107407e-06,1.1177213758382105e-08,3.9517418216617815e-09,1.0312986775053088,1.0255613458543427,10.054922852128124,linear-baseline,scale_dependent_camb
10,0.06779888,0.10256817,2700,2719,2709.512269372694,1.2590184694353208e-06,1.2973485956752083e-06,1.2900835643060133e-06,1.4312411125514606e-08,5.060201480990582e-09,1.0304444511104582,1.0246740581054585,7.574822145695276,linear-baseline,scale_dependent_camb
10,0.06779888,0.10256817,2720,2739,2729.5121794871793,1.2487797333344676e-06,1.288662215102293e-06,1.2814244152460509e-06,1.7360662739326194e-08,6.137921174435087e-09,1.0319371628984817,1.0261412649806672,6.497718141760948,linear-baseline,scale_dependent_camb
10,0.06779888,0.10256817,2740,2759,2749.512090909091,1.2388012418329123e-06,1.279814109231206e-06,1.2726641708117586e-06,1.4155293459704344e-08,5.004651997521263e-09,1.033106898841667,1.027335239774819,8.194948903261755,linear-baseline,scale_dependent_camb
10,0.06779888,0.10256817,2760,2779,2769.5120036101084,1.229075575902869e-06,1.2678807277535138e-06,1.2607881620491274e-06,1.481571131971826e-08,5.238144971137537e-09,1.0315726328074974,1.0258019822116817,7.408185925449428,linear-baseline,scale_dependent_camb
10,0.06779888,0.10256817,2780,2799,2789.511917562724,1.2195955507226825e-06,1.2599659254313214e-06,1.2529104645806573e-06,1.5129158643703218e-08,5.348965335304807e-09,1.0331014447246196,1.0273163622466759,7.5473240482943735,linear-baseline,scale_dependent_camb
10,0.06779888,0.10256817,2800,2819,2809.5118327402133,1.2103541915784308e-06,1.2495318759014099e-06,1.2425765360505973e-06,1.2321255052279797e-08,4.3562215000980264e-09,1.0323687765082115,1.0266222438823012,8.993501437449288,linear-baseline,scale_dependent_camb
10,0.06779888,0.10256817,2820,2839,2829.511749116608,1.2013447561136991e-06,1.2404069703208562e-06,1.2334922449842423e-06,1.0708703845612238e-08,3.786098553475436e-09,1.0325154074285234,1.026759586460875,10.31727348230279,linear-baseline,scale_dependent_camb
10,0.06779888,0.10256817,2840,2859,2849.5116666666668,1.192560756284568e-06,1.2320118972803568e-06,1.2251454682999368e-06,1.0549793747420525e-08,3.729915349460246e-09,1.0330810323816952,1.0273233140061448,10.576953442521857,linear-baseline,scale_dependent_camb
10,0.06779888,0.10256817,2860,2879,2869.5115853658535,1.1839959397566272e-06,1.2239569216587968e-06,1.2171262883329926e-06,1.1841245447202935e-08,4.186512476705763e-09,1.0337509450500173,1.0279818092815212,9.545172055384297,linear-baseline,scale_dependent_camb
10,0.06779888,0.10256817,2880,2899,2889.5115051903113,1.1756442406919717e-06,1.214370238933655e-06,1.2076017610448974e-06,1.1113026561490817e-08,3.929048220568189e-09,1.0329402355757635,1.0271829855042847,9.856330609269804,linear-baseline,scale_dependent_camb
10,0.06779888,0.10256817,2900,2919,2909.5114261168383,1.167499740982724e-06,1.2055727758785186e-06,1.198820287466271e-06,1.3960458870513037e-08,4.935767567907829e-09,1.0326107437623475,1.0268270264943986,7.713700933436179,linear-baseline,scale_dependent_camb
10,0.06779888,0.10256817,2920,2939,2929.511348122867,1.1595566692686877e-06,1.1984757683715394e-06,1.1917776378174743e-06,1.22374211771284e-08,4.326581749291677e-09,1.0335637749618545,1.027787316827825,8.995345831434554,linear-baseline,scale_dependent_camb
10,0.06779888,0.10256817,2940,2959,2949.511271186441,1.1518094210505313e-06,1.1885660503591763e-06,1.18192489000142e-06,1.2739431104978679e-08,4.504069061394628e-09,1.0319120755889637,1.0261462255825458,8.16076059394696,linear-baseline,scale_dependent_camb
10,0.06779888,0.10256817,2960,2979,2969.5111952861953,1.144252567656276e-06,1.1836595133283987e-06,1.1770198336292114e-06,1.4392189308580176e-08,5.088407328108785e-09,1.0344390275241753,1.0286363927852495,7.744455805343138,linear-baseline,scale_dependent_camb
10,0.06779888,0.10256817,2980,2999,2989.511120401338,1.1368808422082098e-06,1.1766531974492189e-06,1.170051667960459e-06,1.4033440118546718e-08,4.961570335599865e-09,1.0349837500680876,1.0291770469874575,8.016082117316287,linear-baseline,scale_dependent_camb
10,0.06779888,0.10256817,3000,3019,3009.5110465116277,1.1296891216523244e-06,1.1678127895029684e-06,1.161259931840978e-06,1.398331055316602e-08,4.943846857790553e-09,1.0337470434298623,1.027946458528765,7.711336727707972,linear-baseline,scale_dependent_camb
10,0.06779888,0.10256817,3020,3039,3029.5109735973597,1.1226724215622673e-06,1.161348827791037e-06,1.1548646590929125e-06,1.1381318836387942e-08,4.0239038640280494e-09,1.0344503040120547,1.028674648911254,9.611662588293918,linear-baseline,scale_dependent_camb
10,0.06779888,0.10256817,3040,3059,3049.5109016393444,1.115825899588087e-06,1.1530357861490073e-06,1.1465607463525451e-06,1.4131508994462877e-08,4.996242919191695e-09,1.0333473945842775,1.0275444823209465,7.447573539306668,linear-baseline,scale_dependent_camb
10,0.06779888,0.10256817,3060,3079,3069.5108306188927,1.1091448512215324e-06,1.142983622582075e-06,1.1365950634661993e-06,1.2128010342495045e-08,4.287899177739414e-09,1.0305088837794947,1.024748987667783,7.891690069630442,linear-baseline,scale_dependent_camb
10,0.06779888,0.10256817,3080,3099,3089.5107605177996,1.102624694933467e-06,1.1423039037833508e-06,1.1359571108450937e-06,9.81732207886715e-09,3.4709475075296873e-09,1.035986142004808,1.0302300647398779,11.431808969685045,linear-baseline,scale_dependent_camb
10,0.06779888,0.10256817,3100,3119,3109.510691318328,1.0962609586043102e-06,1.132089826439522e-06,1.125756897131642e-06,1.2247787523527399e-08,4.330246806209107e-09,1.0326827910398515,1.0269059463404444,8.27409370381318,linear-baseline,scale_dependent_camb
10,0.06779888,0.10256817,3120,3139,3129.5106230031947,1.0900492840819451e-06,1.1279990271115354e-06,1.1216559029014816e-06,1.5165781007096966e-08,5.361913296054206e-09,1.0348147038705247,1.0289955869712404,7.077649513190974,linear-baseline,scale_dependent_camb
10,0.06779888,0.10256817,3140,3159,3149.5105555555556,1.0839854494126043e-06,1.1228469055120503e-06,1.1165741303451803e-06,1.1391890015298188e-08,4.0276413401743355e-09,1.0358505329757928,1.0300637623413076,9.648688355593228,linear-baseline,scale_dependent_camb
10,0.06779888,0.10256817,3160,3179,3169.5104889589907,1.078065387351547e-06,1.115171220471881e-06,1.1089722752906284e-06,9.329622200747045e-09,3.2985195620283982e-09,1.034418907754279,1.0286688435615297,11.249238460637148,linear-baseline,scale_dependent_camb
10,0.06779888,0.10256817,3180,3199,3189.510423197492,1.072285172799291e-06,1.1092319656551469e-06,1.1030472079921433e-06,1.1245337366480348e-08,3.975827154284363e-09,1.0344561258451452,1.0286882967079973,9.292856913068219,linear-baseline,scale_dependent_camb
10,0.06779888,0.10256817,3200,3219,3209.5103582554516,1.0666409768310844e-06,1.1043390511069145e-06,1.0982024559085026e-06,8.896115520746731e-09,3.145251805469454e-09,1.0353427958372914,1.0295895992775237,11.9857094463072,linear-baseline,scale_dependent_camb
10,0.06779888,0.10256817,3220,3239,3229.510294117647,1.0611290160743976e-06,1.0992693865889e-06,1.0931403103509472e-06,1.0000892126338165e-08,3.5358493202244333e-09,1.035943198175469,1.0301672028486923,10.786763535523491,linear-baseline,scale_dependent_camb
10,0.06779888,0.10256817,3240,3259,3249.510230769231,1.0557455382190011e-06,1.0921906507899777e-06,1.0861139564935287e-06,1.0747457543289141e-08,3.799800054687132e-09,1.0345207355860182,1.028764903260456,9.59132376610732,linear-baseline,scale_dependent_camb
10,0.06779888,0.10256817,3260,3279,3269.5101681957185,1.0504868573454e-06,1.0883404212461808e-06,1.082280361879764e-06,9.239064020947636e-09,3.2665024105143616e-09,1.0360343050806342,1.030265494815144,11.588408378005836,linear-baseline,scale_dependent_camb
10,0.06779888,0.10256817,3280,3299,3289.510106382979,1.0453494149833827e-06,1.0803813776787753e-06,1.0743393802294684e-06,1.1289886491557428e-08,3.991577648503328e-09,1.0335122038557314,1.0277323207250721,8.77647030329678,linear-baseline,scale_dependent_camb
10,0.06779888,0.10256817,3300,3319,3309.5100453172204,1.0403298221990769e-06,1.078386858093083e-06,1.0723428037463635e-06,1.2352048070620728e-08,4.367108476139063e-09,1.0365817023427824,1.030771954109339,8.714470021054352,linear-baseline,scale_dependent_camb
10,0.06779888,0.10256817,3320,3339,3329.509984984985,1.0354248565078333e-06,1.070354937476033e-06,1.0643813199807958e-06,1.0291390155030159e-08,3.6385558832291495e-09,1.0337350226321667,1.027965779738593,9.599984743727472,linear-baseline,scale_dependent_camb
10,0.06779888,0.10256817,3340,3359,3349.509925373134,1.0306314217411556e-06,1.0702045129189467e-06,1.0642544361301216e-06,8.072912475172276e-09,2.8542055775598957e-09,1.0383969383651588,1.0326237039543809,13.864835626739513,linear-baseline,scale_dependent_camb
10,0.06779888,0.10256817,3360,3379,3369.5098664688426,1.0259465068405603e-06,1.0653571937930831e-06,1.0594218635653021e-06,9.933698010130992e-09,3.5120926126114686e-09,1.0384139783992146,1.0326287545223294,11.221425884671778,linear-baseline,scale_dependent_camb
10,0.06779888,0.10256817,3380,3399,3389.509808259587,1.021367175200817e-06,1.0575707900393108e-06,1.051679597606785e-06,9.312102923546388e-09,3.2923255621733625e-09,1.0354462290521287,1.029678281368312,10.996365382102326,linear-baseline,scale_dependent_camb
10,0.06779888,0.10256817,3400,3419,3409.509750733138,1.0168905883198112e-06,1.0554174315027008e-06,1.049566693564404e-06,6.89814358226003e-09,2.438862052307265e-09,1.0378869109670361,1.032133353990996,15.797057134265408,linear-baseline,scale_dependent_camb
10,0.06779888,0.10256817,3420,3439,3429.509693877551,1.0125140355609184e-06,1.0482110998883342e-06,1.042382698660974e-06,8.9331662421539e-09,3.1583512136468852e-09,1.0352558711027053,1.0294995052424225,11.30243659197012,linear-baseline,scale_dependent_camb
10,0.06779888,0.10256817,3440,3459,3449.5096376811593,1.0082349372528374e-06,1.045484647648658e-06,1.039657012363427e-06,9.656539778260963e-09,3.414102380002983e-09,1.0369454667949871,1.031165429752123,10.910542874753514,linear-baseline,scale_dependent_camb
10,0.06779888,0.10256817,3460,3479,3469.509582132565,1.0040508140507726e-06,1.0382375535441198e-06,1.0324601017772909e-06,1.0366060817420602e-08,3.6649559490951365e-09,1.0340488140788644,1.0282946712745573,9.328008294830342,linear-baseline,scale_dependent_camb
10,0.06779888,0.10256817,3480,3499,3489.5095272206304,9.9995924669518e-07,1.0383107439651015e-06,1.032551233292931e-06,8.349721868458739e-09,2.952072477104392e-09,1.038353060283878,1.0325933148830475,12.991380654562874,linear-baseline,scale_dependent_camb
10,0.06779888,0.10256817,3500,3519,3509.509472934473,9.959578551061269e-07,1.032246173167728e-06,1.0264939693740202e-06,1.0084683810544557e-08,3.5654741542791238e-09,1.0364355960200085,1.0306600466187794,10.17769768939411,linear-baseline,scale_dependent_camb
10,0.06779888,0.10256817,3520,3539,3529.509419263456,9.920443073824588e-07,1.027378991184794e-06,1.0216720867342233e-06,7.269233688131874e-09,2.570062217453872e-09,1.0356180500602508,1.0298653791280132,13.748571362346585,linear-baseline,scale_dependent_camb
10,0.06779888,0.10256817,3540,3559,3549.509366197183,9.882163443931043e-07,1.02376914801866e-06,1.0180294082701823e-06,1.2127701689581492e-08,4.287790052455311e-09,1.035976741153163,1.0301685597958685,8.2916381610609,linear-baseline,scale_dependent_camb
10,0.06779888,0.10256817,3560,3579,3569.5093137254903,9.844717949989528e-07,1.019875377141242e-06,1.0141707539876729e-06,1.1744530254693443e-08,4.152318492472151e-09,1.0359620075680551,1.0301674046321985,8.526220280663281,linear-baseline,scale_dependent_camb
10,0.06779888,0.10256817,3580,3599,3589.50926183844,9.808085652472816e-07,1.018439830006746e-06,1.0127430632131866e-06,1.1196800705325146e-08,3.958666853164864e-09,1.0383675939350885,1.0325593587754343,9.506044877047179,linear-baseline,scale_dependent_camb
10,0.06779888,0.10256817,3600,3619,3609.5092105263157,9.77224607809083e-07,1.0116996998082541e-06,1.0060719830533429e-06,8.65371458131366e-09,3.059550131449897e-09,1.035278575389606,1.029519697942252,11.268026513046088,linear-baseline,scale_dependent_camb
10,0.06779888,0.10256817,3620,3639,3629.5091597796145,9.737178946287822e-07,1.0085557467154548e-06,1.002937680938437e-06,9.102467038112114e-09,3.218208084088052e-09,1.0357781779289925,1.0300084721363723,10.825232917325371,linear-baseline,scale_dependent_camb
10,0.06779888,0.10256817,3640,3659,3649.509109589041,9.70286415723426e-07,1.0041033763897739e-06,9.985015570462623e-07,1.0380040763329271e-08,3.669898606371457e-09,1.03485255499649,1.0290791882330945,9.214685279761362,linear-baseline,scale_dependent_camb
10,0.06779888,0.10256817,3660,3679,3669.5090599455043,9.669282081918727e-07,1.0040229135510486e-06,9.984260673389922e-07,8.905658339462551e-09,3.148625701382249e-09,1.0383634535065864,1.03257517867435,11.78123691961583,linear-baseline,scale_dependent_camb
10,0.06779888,0.10256817,3680,3699,3689.509010840108,9.636413994879417e-07,1.00045640295543e-06,9.948666756046358e-07,1.002201544195214e-08,3.5433175400803258e-09,1.038204049231437,1.0324034190864844,10.389981437185448,linear-baseline,scale_dependent_camb
10,0.06779888,0.10256817,3700,3719,3709.508962264151,9.604242376763174e-07,9.956473715768922e-07,9.901213138917965e-07,7.486485961883816e-09,2.6468724954529695e-09,1.0366745574703475,1.030920790053497,13.30745397108633,linear-baseline,scale_dependent_camb
10,0.06779888,0.10256817,3720,3739,3729.508914209115,9.572750893894383e-07,9.940014847591645e-07,9.884719182833498e-07,7.979083234481532e-09,2.8210319313768908e-09,1.0383655605131756,1.0325891995307317,13.01878045449871,linear-baseline,scale_dependent_camb
10,0.06779888,0.10256817,3740,3759,3749.5088666666666,9.54192403675511e-07,9.893575243429353e-07,9.83842358563813e-07,8.944752100373049e-09,3.162447433103198e-09,1.0368532808812663,1.0310733503789085,11.119590573848043,linear-baseline,scale_dependent_camb
10,0.06779888,0.10256817,3760,3779,3769.5088196286474,9.511746607444676e-07,9.849777948629523e-07,9.794731683480928e-07,9.815292664222238e-09,3.470230001101059e-09,1.0355383038610675,1.0297511159322479,9.740891556974438,linear-baseline,scale_dependent_camb
10,0.06779888,0.10256817,3780,3799,3789.5087730870714,9.482203335908193e-07,9.83543047591464e-07,9.7805623182484e-07,9.074439528934973e-09,3.2082988631885894e-09,1.0372515888442098,1.0314651533795263,11.009795379704435,linear-baseline,scale_dependent_camb
10,0.06779888,0.10256817,3800,3819,3809.5087270341205,9.45327883411909e-07,9.787843319856671e-07,9.733195213542978e-07,9.77519897905497e-09,3.4560547427687926e-09,1.0353913696621388,1.0296105070352528,9.680532012335771,linear-baseline,scale_dependent_camb
10,0.06779888,0.10256817,3820,3839,3829.508681462141,9.424957858201044e-07,9.755428112982308e-07,9.700939482187258e-07,9.603884481829372e-09,3.3954859214169003e-09,1.0350633137838072,1.0292820008469397,9.732635105238828,linear-baseline,scale_dependent_camb
10,0.06779888,0.10256817,3840,3859,3849.5086363636365,9.397225634249196e-07,9.739048883040031e-07,9.68483263660695e-07,8.49587097575694e-09,3.003743989521851e-09,1.036374911287117,1.0306055226884774,11.379906209824783,linear-baseline,scale_dependent_camb
10,0.06779888,0.10256817,3860,3879,3869.5085917312663,9.370067967045115e-07,9.723794421712599e-07,9.669263989527414e-07,1.1662358763821007e-08,4.123266483264098e-09,1.0377506818426028,1.0319310407922957,8.578791986965241,linear-baseline,scale_dependent_camb
10,0.06779888,0.10256817,3880,3899,3889.5085475578408,9.343471037353771e-07,9.683043953286078e-07,9.629214796336808e-07,8.008993681120046e-09,2.831606871200097e-09,1.0363433369220867,1.0305821849118681,11.992233787326128,linear-baseline,scale_dependent_camb
10,0.06779888,0.10256817,3900,3919,3909.5085038363172,9.317421035450733e-07,9.650452516695959e-07,9.596536967175092e-07,9.522130482562119e-09,3.366581517781403e-09,1.0357428820677004,1.0299563506535108,9.892274388314691,linear-baseline,scale_dependent_camb
10,0.06779888,0.10256817,3920,3939,3929.5084605597963,9.291903924224162e-07,9.639109744041963e-07,9.585291734047145e-07,9.327715236050334e-09,3.2978453481941343e-09,1.0373664883590357,1.0315745634280737,10.528262642998925,linear-baseline,scale_dependent_camb
10,0.06779888,0.10256817,3940,3959,3949.508417721519,9.266905556181019e-07,9.607639681130977e-07,9.554095814433802e-07,9.645984836670885e-09,3.410370644616297e-09,1.036768921716558,1.0309909555581072,9.991117108864698,linear-baseline,scale_dependent_camb
10,0.06779888,0.10256817,3960,3979,3969.5083753148615,9.242412134712915e-07,9.577859957169163e-07,9.524415175229214e-07,1.0055877294481233e-08,3.555289512853756e-09,1.036294402107039,1.0305118443546943,9.435175989000976,linear-baseline,scale_dependent_camb
10,0.06779888,0.10256817,3980,3999,3989.508333333333,9.21841074461714e-07,9.547750774695202e-07,9.494619461972112e-07,7.803791559064562e-09,2.7590569651904457e-09,1.0357263349618449,1.0299627262233089,11.936688304488447,linear-baseline,scale_dependent_camb
10,0.06779888,0.10256817,4000,4019,4009.5082917705736,9.194889602690318e-07,9.528034201280605e-07,9.475000030096055e-07,8.692406943586143e-09,3.0732299473213966e-09,1.0362314952093403,1.0304637075059369,10.840210602550375,linear-baseline,scale_dependent_camb
10,0.06779888,0.10256817,4020,4039,4029.5082506203476,9.171837856526401e-07,9.518310902241161e-07,9.465482300873626e-07,6.702041550894322e-09,2.3695295142156903e-09,1.0377757491066222,1.0320158782722348,14.622018575254671,linear-baseline,scale_dependent_camb
10,0.06779888,0.10256817,4040,4059,4049.5082098765433,9.149245067677191e-07,9.47471383150809e-07,9.421999541503947e-07,7.523983836198714e-09,2.660129996057042e-09,1.0355732917222567,1.0298116917635483,12.23506987678508,linear-baseline,scale_dependent_camb
10,0.06779888,0.10256817,4060,4079,4069.5081695331696,9.127100701206045e-07,9.462114814819267e-07,9.409545557787845e-07,7.314538736295155e-09,2.5860799708429917e-09,1.0367054253678776,1.0309457368586366,12.954514840622501,linear-baseline,scale_dependent_camb
10,0.06779888,0.10256817,4080,4096,4088.005870123517,9.107004480161434e-07,9.453494510495057e-07,9.400775758557509e-07,8.617542526332532e-09,3.0467613787665925e-09,1.0380465422069804,1.0322577285468588,11.37240457189629,linear-baseline,scale_dependent_camb
11,0.03362193,0.06779888,20,39,30.608333333333334,0.000470540383979302,0.0004660384366897645,0.0004752169606017283,3.568895978804259e-05,1.2617952739809461e-05,0.9904323891363689,1.0099387359335177,-0.35678904354538743,linear-baseline,scale_dependent_camb
11,0.03362193,0.06779888,40,59,50.165,0.0002117290019506351,0.00022520959124719715,0.00022974777120034605,1.1391215257669514e-05,4.0274027773268895e-06,1.0636690730715535,1.0851029810923685,3.3472165665807916,linear-baseline,scale_dependent_camb
11,0.03362193,0.06779888,60,79,69.975,0.00012729823923220718,0.00013371905666444324,0.0001363950300906767,6.44221917765126e-06,2.277668433203615e-06,1.0504391692372408,1.071460460987806,2.8190307854444687,linear-baseline,scale_dependent_camb
11,0.03362193,0.06779888,80,99,89.86944444444444,9.258996713897668e-05,9.083645718574226e-05,9.2661404704165e-05,4.8391011660579135e-06,1.7108806246836399e-06,0.9810615555073865,1.0007715475811876,-1.0249166002208148,linear-baseline,scale_dependent_camb
11,0.03362193,0.06779888,100,119,109.80227272727272,7.522520460308267e-05,6.933476959980887e-05,7.071740938106627e-05,4.089267770450084e-06,1.4457744852864243e-06,0.9216959922627792,0.9400759991840332,-4.074241912013572,linear-baseline,scale_dependent_camb
11,0.03362193,0.06779888,120,139,129.75576923076923,6.479553603715114e-05,5.6218530972852616e-05,5.7352918091686716e-05,3.223394254885817e-06,1.1396419680337598e-06,0.8676296919685823,0.8851368720648113,-7.526052308425032,linear-baseline,scale_dependent_camb
11,0.03362193,0.06779888,140,159,149.72166666666666,5.764189933795022e-05,4.873484517898844e-05,4.969979262163205e-05,3.341600025118635e-06,1.1814340188872621e-06,0.8454760467426589,0.8622164292374513,-7.539188830325812,linear-baseline,scale_dependent_camb
11,0.03362193,0.06779888,160,179,169.6955882352941,5.231952023593971e-05,4.40859920571955e-05,4.4972301060979344e-05,2.703814289480857e-06,9.559427095805003e-07,0.8426298990966593,0.8595702112361238,-8.612993327139188,linear-baseline,scale_dependent_camb
11,0.03362193,0.06779888,180,199,189.675,4.8151713205106207e-05,4.051141532298316e-05,4.1327882609313976e-05,2.6566016941556297e-06,9.392505364245581e-07,0.8413286387219793,0.8582847807153702,-8.13446209060188,linear-baseline,scale_dependent_camb
11,0.03362193,0.06779888,200,219,209.65833333333333,4.475806646604005e-05,3.747485155563671e-05,3.8233140200368525e-05,1.9685455882898734e-06,6.959859672773154e-07,0.8372759262080849,0.8542178699649083,-10.464600225914248,linear-baseline,scale_dependent_camb
11,0.03362193,0.06779888,220,239,229.64456521739132,4.190115073088283e-05,3.553798646914255e-05,3.625178923503655e-05,2.0067240912675146e-06,7.094841064528359e-07,0.8481386751736542,0.8651740728523126,-8.96871995280317,linear-baseline,scale_dependent_camb
11,0.03362193,0.06779888,240,259,249.633,3.9426788124416964e-05,3.355535617800392e-05,3.423240363969695e-05,1.6065081977437953e-06,5.679864203282083e-07,0.8510801354681775,0.8682524057417922,-10.337275216932587,linear-baseline,scale_dependent_camb
11,0.03362193,0.06779888,260,279,269.6231481481482,3.723324190730966e-05,3.229685736654093e-05,3.2942952564325274e-05,1.8019790264509468e-06,6.370957945796988e-07,0.867419964314211,0.884772608475382,-7.74826106649367,linear-baseline,scale_dependent_camb
11,0.03362193,0.06779888,280,299,289.6146551724138,3.5252770995043634e-05,3.103394325621587e-05,3.1664317334347046e-05,1.4563713618571035e-06,5.149050329475225e-07,0.88032635109958,0.8982078980060573,-8.193409403434075,linear-baseline,scale_dependent_camb
11,0.03362193,0.06779888,300,319,309.60725806451615,3.344190817501739e-05,2.9887358355307726e-05,3.0488128727421975e-05,1.7113478394280566e-06,6.050528311142628e-07,0.8937097189219283,0.9116743149901351,-5.874775948347549,linear-baseline,scale_dependent_camb
11,0.03362193,0.06779888,320,339,329.6007575757576,3.179815838554025e-05,2.8426178234277647e-05,2.9006270477677337e-05,9.323619503376885e-07,3.296397288020473e-07,0.8939567471053305,0.9121996980450138,-10.22928930173801,linear-baseline,scale_dependent_camb
11,0.03362193,0.06779888,340,359,349.595,3.0231870723120185e-05,2.7191780748046334e-05,2.774814306095178e-05,1.1497663801372807e-06,4.065038020876905e-07,0.8994408912727685,0.9178440631439673,-7.47862617633782,linear-baseline,scale_dependent_camb
11,0.03362193,0.06779888,360,379,369.58986486486486,2.87675985872254e-05,2.607744971025389e-05,2.6607633059410114e-05,1.1652753792503214e-06,4.1198706130881403e-07,0.9064868459974235,0.9249167245828283,-6.529692627786313,linear-baseline,scale_dependent_camb
11,0.03362193,0.06779888,380,399,389.5852564102564,2.7393968701003723e-05,2.510302359229609e-05,2.561442620215459e-05,1.0583744331121349e-06,3.741918693440293e-07,0.9163704560769359,0.9350388942079819,-6.12238077947481,linear-baseline,scale_dependent_camb
11,0.03362193,0.06779888,400,419,409.5810975609756,2.610226551968672e-05,2.3874335698965623e-05,2.4359157156810367e-05,1.0146923701188767e-06,3.587479278646539e-07,0.9146461130341058,0.9332200355727102,-6.210293210562143,linear-baseline,scale_dependent_camb
11,0.03362193,0.06779888,420,439,429.57732558139537,2.48855034010695e-05,2.295255395054444e-05,2.34218038956135e-05,9.723933579009489e-07,3.437929686762592e-07,0.9223262869401312,0.9411826442943045,-5.622422872601764,linear-baseline,scale_dependent_camb
11,0.03362193,0.06779888,440,459,449.5738888888889,2.373783000697789e-05,2.18848004420451e-05,2.2332527694583856e-05,8.60482417306655e-07,3.0422647618466413e-07,0.9219377017870597,0.940799040519671,-6.090954305397177,linear-baseline,scale_dependent_camb
11,0.03362193,0.06779888,460,479,469.5707446808511,2.2654202253176087e-05,2.100837674454756e-05,2.1436659540695962e-05,7.528652820321511e-07,2.661780731224283e-07,0.9273501008671455,0.9462553261035962,-6.1831746293825365,linear-baseline,scale_dependent_camb
11,0.03362193,0.06779888,480,499,489.5678571428571,2.163024601281469e-05,2.018254159399546e-05,2.0595491831351e-05,7.684415231894731e-07,2.71685105996298e-07,0.9330703673938082,0.9521617007568635,-5.328611642181664,linear-baseline,scale_dependent_camb
11,0.03362193,0.06779888,500,519,509.56519607843137,2.0662143995016994e-05,1.9199451639790874e-05,1.959280040888389e-05,6.685739443172474e-07,2.363765848756814e-07,0.9292090716443138,0.9482462426749619,-6.187974819906126,linear-baseline,scale_dependent_camb
11,0.03362193,0.06779888,520,539,529.5627358490566,1.9746484920138905e-05,1.8372034153085524e-05,1.8747908241631594e-05,5.536379206351221e-07,1.9574056400155723e-07,0.9303951679191462,0.949430155162001,-7.021798338347724,linear-baseline,scale_dependent_camb
11,0.03362193,0.06779888,540,559,549.5604545454545,1.8880132901792458e-05,1.7743585832210436e-05,1.810428655888589e-05,6.86357133461017e-07,2.426638916930227e-07,0.9398019560829405,0.9589067329694004,-4.68362664775767,linear-baseline,scale_dependent_camb
11,0.03362193,0.06779888,560,579,569.5583333333333,1.8060167960635847e-05,1.7007513444701633e-05,1.7356383891181343e-05,5.734022715538385e-07,2.0272831728174468e-07,0.9417140240207847,0.9610311448382717,-5.1924394679963335,linear-baseline,scale_dependent_camb
11,0.03362193,0.06779888,580,599,589.5563559322034,1.7283872286185127e-05,1.6130838622687163e-05,1.6460662754660026e-05,5.209936629200759e-07,1.84199076003002e-07,0.933288464274318,0.9523712326789705,-6.2597146984557765,linear-baseline,scale_dependent_camb
11,0.03362193,0.06779888,600,619,609.5545081967213,1.654872427090421e-05,1.570319642045439e-05,1.6025188732582043e-05,4.921951758461047e-07,1.7401727325404292e-07,0.948906765463703,0.9683639941211275,-4.858873114368687,linear-baseline,scale_dependent_camb
11,0.03362193,0.06779888,620,639,629.5527777777778,1.5852390054470693e-05,1.506237497348379e-05,1.537218116725803e-05,4.555643202404133e-07,1.6106631005431809e-07,0.9501642920548687,0.9697074771966492,-4.904905816247227,linear-baseline,scale_dependent_camb
11,0.03362193,0.06779888,640,659,649.5511538461539,1.5192700003566942e-05,1.4416487673974429e-05,1.471024696110727e-05,5.122420898530674e-07,1.8110492767213635e-07,0.9489088621897178,0.9682444172302224,-4.285981279304173,linear-baseline,scale_dependent_camb
11,0.03362193,0.06779888,660,679,669.5496268656716,1.456762055397127e-05,1.3861989999699887e-05,1.41457226065427e-05,4.109136189256003e-07,1.452799032120984e-07,0.9515617151299963,0.9710386506934685,-4.857041742664236,linear-baseline,scale_dependent_camb
11,0.03362193,0.06779888,680,699,689.5481884057971,1.3975243669141531e-05,1.3304592641560741e-05,1.357742776419857e-05,3.4287318868192936e-07,1.212239784020234e-07,0.9520114966537835,0.9715342419523338,-5.532329794990424,linear-baseline,scale_dependent_camb
11,0.03362193,0.06779888,700,719,709.5468309859154,1.3413789654850769e-05,1.2753679081639372e-05,1.3015291945630522e-05,3.389706443055409e-07,1.1984422060581057e-07,0.9507886592680628,0.9702919369190989,-5.50807181084368,linear-baseline,scale_dependent_camb
11,0.03362193,0.06779888,720,739,729.5455479452055,1.2881606154711212e-05,1.2297893947295523e-05,1.2551161015646965e-05,3.0395167062416284e-07,1.0746314372566274e-07,0.954686379912166,0.974347520402695,-5.431743267308637,linear-baseline,scale_dependent_camb
11,0.03362193,0.06779888,740,759,749.5443333333334,1.2377154137994173e-05,1.1771147421813099e-05,1.2013778719007429e-05,2.652300149700503e-07,9.377297107976603e-08,0.9510382831606812,0.9706414402749264,-6.46248816906512,linear-baseline,scale_dependent_camb
11,0.03362193,0.06779888,760,779,769.5431818181818,1.1898990813011698e-05,1.1318863896853377e-05,1.155283885016245e-05,2.877974781229654e-07,1.0175177419456794e-07,0.9512457043395693,0.9709091326912593,-5.701393619427339,linear-baseline,scale_dependent_camb
11,0.03362193,0.06779888,780,799,789.5420886075949,1.1445755930094177e-05,1.0925703283104602e-05,1.115055649889719e-05,3.014071772325001e-07,1.0656352945969819e-07,0.9545637133828612,0.9742088305045172,-4.88021229801943,linear-baseline,scale_dependent_camb
11,0.03362193,0.06779888,800,819,809.5410493827161,1.1016160462697055e-05,1.0522517540225433e-05,1.0738381641668568e-05,3.298380180173206e-07,1.1661534961658902e-07,0.9551892037027604,0.9747844249392424,-4.233087017229159,linear-baseline,scale_dependent_camb
11,0.03362193,0.06779888,820,839,829.5400602409638,1.0608979086274e-05,1.021597731312354e-05,1.0425779435424775e-05,2.8026968717105617e-07,9.909029817984306e-08,0.9629557406085446,0.9827316418140318,-3.9660973916657807,linear-baseline,scale_dependent_camb
11,0.03362193,0.06779888,840,859,849.5391176470588,1.0223048734499689e-05,9.775844830336902e-06,9.975921079057445e-06,2.578997566668517e-07,9.118133340274567e-08,0.9562553289359162,0.9758264230309044,-4.904555433374703,linear-baseline,scale_dependent_camb
11,0.03362193,0.06779888,860,879,869.5382183908046,9.857268120186654e-06,9.477510607577352e-06,9.672067538604514e-06,2.8062117229202366e-07,9.921456693610421e-08,0.9614743651101872,0.9812117739596766,-3.827638665740198,linear-baseline,scale_dependent_camb
11,0.03362193,0.06779888,880,899,889.5373595505617,9.510594439690819e-06,9.132700537176027e-06,9.3205518336576e-06,2.2012688014825484e-07,7.78266048371347e-08,0.9602660059882568,0.9800177993880058,-4.855587665755162,linear-baseline,scale_dependent_camb
11,0.03362193,0.06779888,900,919,909.5365384615385,9.182037466362525e-06,8.826169056435258e-06,9.007736190580116e-06,1.728335185813466e-07,6.110587650260068e-08,0.9612429799779237,0.9810171460941056,-5.823800103941246,linear-baseline,scale_dependent_camb
11,0.03362193,0.06779888,920,939,929.535752688172,8.870647662026132e-06,8.534371791661033e-06,8.709556397402077e-06,1.890363782668937e-07,6.683445248173292e-08,0.962091170433401,0.9818399658331982,-5.031474903710913,linear-baseline,scale_dependent_camb
11,0.03362193,0.06779888,940,959,949.535,8.575505902566887e-06,8.271595153250177e-06,8.441463078316076e-06,1.7685296201084324e-07,6.252696435539705e-08,0.9645606040308664,0.9843691059426957,-4.8604750358471245,linear-baseline,scale_dependent_camb
11,0.03362193,0.06779888,960,979,969.5342783505155,8.295721552235171e-06,8.051858695362057e-06,8.217457442008419e-06,1.9177525866379054e-07,6.780279293248525e-08,0.9706037798716365,0.9905657259909277,-3.596649139747696,linear-baseline,scale_dependent_camb
11,0.03362193,0.06779888,980,999,989.5335858585859,8.030435741249353e-06,7.793011192561192e-06,7.953144495438364e-06,1.8587265359413374e-07,6.571590689677503e-08,0.9704344127344672,0.9903752114702851,-3.612893131964257,linear-baseline,scale_dependent_camb
11,0.03362193,0.06779888,1000,1019,1009.5329207920792,7.778826654128988e-06,7.539392416442273e-06,7.695162387927754e-06,1.5324020819763653e-07,5.417859518349358e-08,0.9692197488988106,0.9892446161971195,-4.419351163975231,linear-baseline,scale_dependent_camb
11,0.03362193,0.06779888,1020,1039,1029.532281553398,7.540113597262881e-06,7.297250074895388e-06,7.447306144938121e-06,1.6725768129300543e-07,5.913452032391124e-08,0.967790469038072,0.9876915047594973,-4.10696698032216,linear-baseline,scale_dependent_camb
11,0.03362193,0.06779888,1040,1059,1049.5316666666668,7.313558569132247e-06,7.089613887083506e-06,7.235690015380675e-06,1.594194916181999e-07,5.636330178827055e-08,0.9693795188851121,0.9893528501870177,-3.973235686049614,linear-baseline,scale_dependent_camb
11,0.03362193,0.06779888,1060,1079,1069.5310747663552,7.098464655879181e-06,6.886173990681684e-06,7.027697617331975e-06,1.5829871916522685e-07,5.5967048887438394e-08,0.970093439146496,0.9900306556448661,-3.793136665548672,linear-baseline,scale_dependent_camb
11,0.03362193,0.06779888,1080,1099,1089.530504587156,6.894172245679212e-06,6.710912716948994e-06,6.849133682268481e-06,1.4716832659507577e-07,5.20318608556273e-08,0.9734181969640993,0.9934671543144344,-3.5220637070564855,linear-baseline,scale_dependent_camb
11,0.03362193,0.06779888,1100,1119,1109.529954954955,6.700056259166814e-06,6.514224411920343e-06,6.64810264382878e-06,1.391599864280695e-07,4.9200485036557925e-08,0.9722641362910615,0.9922457941652426,-3.777032830233093,linear-baseline,scale_dependent_camb
11,0.03362193,0.06779888,1120,1139,1129.529424778761,6.515524315743941e-06,6.332852593275582e-06,6.463830503542448e-06,1.1236305068260769e-07,3.972633754623981e-08,0.9719636189482163,0.9920660549026604,-4.598252286804376,linear-baseline,scale_dependent_camb
11,0.03362193,0.06779888,1140,1159,1149.5289130434783,6.3400164068281186e-06,6.174418387401627e-06,6.302049008359814e-06,1.0435948399547373e-07,3.6896649407164225e-08,0.9738805061690149,0.9940114668429858,-4.488158737642377,linear-baseline,scale_dependent_camb
11,0.03362193,0.06779888,1160,1179,1169.5284188034188,6.173005815604947e-06,6.060220735691188e-06,6.185117718211242e-06,1.1065612226343601e-07,3.9122847216141645e-08,0.9817293093052584,1.0019620753597342,-2.8828443720022907,linear-baseline,scale_dependent_camb
11,0.03362193,0.06779888,1180,1199,1189.5279411764707,6.013998882558623e-06,5.897297315903318e-06,6.0189609848260945e-06,1.0484034351247148e-07,3.706665891979782e-08,0.9805950135784437,1.0008250919836155,-3.148424218859731,linear-baseline,scale_dependent_camb
11,0.03362193,0.06779888,1200,1219,1209.527479338843,5.862533001213068e-06,5.744283743911315e-06,5.8631123898767365e-06,8.741684007364105e-08,3.090652020298576e-08,0.9798296645362534,1.0000988290664716,-3.826029476146873,linear-baseline,scale_dependent_camb
11,0.03362193,0.06779888,1220,1239,1229.5270325203253,5.7181748998543024e-06,5.613639818306145e-06,5.729546273867031e-06,1.0130928342039457e-07,3.5818240651855434e-08,0.9817188030483606,1.001988636971041,-2.918487330637286,linear-baseline,scale_dependent_camb
11,0.03362193,0.06779888,1240,1259,1249.5266,5.580521275673318e-06,5.465725903482353e-06,5.5784543824777765e-06,1.0158643718725061e-07,3.591622930584308e-08,0.9794292743419181,0.9996296236330912,-3.1961977749231463,linear-baseline,scale_dependent_camb
11,0.03362193,0.06779888,1260,1279,1269.5261811023622,5.449198504677273e-06,5.326208129198491e-06,5.43604129975218e-06,9.796587344385668e-08,3.4636166718507086e-08,0.9774296393546291,0.9975854788711037,-3.550923417084275,linear-baseline,scale_dependent_camb
11,0.03362193,0.06779888,1280,1299,1289.5257751937984,5.3238612401218965e-06,5.246639371020055e-06,5.354915858385449e-06,9.028972911012674e-08,3.192223986263352e-08,0.9854951386561545,1.0058331006130508,-2.419061739844686,linear-baseline,scale_dependent_camb
11,0.03362193,0.06779888,1300,1319,1309.5253816793893,5.204190455831485e-06,5.128007300278809e-06,5.233874610476848e-06,9.63889756343683e-08,3.407864915134336e-08,0.9853611899488979,1.0057038947550625,-2.235509841201336,linear-baseline,scale_dependent_camb
11,0.03362193,0.06779888,1320,1339,1329.525,5.089890333726067e-06,5.01443359322221e-06,5.1177631591764796e-06,8.647402492200386e-08,3.057318470942172e-08,0.9851751736174208,1.0054761151268279,-2.4680693627773693,linear-baseline,scale_dependent_camb
11,0.03362193,0.06779888,1340,1359,1349.5246296296295,4.980684025823433e-06,4.918204702108627e-06,5.019621860983991e-06,8.417814935737659e-08,2.9761470119167502e-08,0.9874556740819396,1.0078177685953729,-2.099335935511039,linear-baseline,scale_dependent_camb
11,0.03362193,0.06779888,1360,1379,1369.5242700729927,4.876310018712703e-06,4.7926684577299265e-06,4.891252514565003e-06,1.0003231926982732e-07,3.5366765646756324e-08,0.9828473660079436,1.003064303909095,-2.364976255340654,linear-baseline,scale_dependent_camb
11,0.03362193,0.06779888,1380,1399,1389.5239208633093,4.7765213298455715e-06,4.708650637001852e-06,4.805750111136875e-06,8.599870074832457e-08,3.040513223618646e-08,0.9857907694414266,1.0061192611260146,-2.2322117304572453,linear-baseline,scale_dependent_camb
11,0.03362193,0.06779888,1400,1419,1409.5235815602837,4.6810854851387615e-06,4.601894221543952e-06,4.69674214396803e-06,9.893881408979399e-08,3.498015318272423e-08,0.983082713647033,1.0033446641551356,-2.263891275179437,linear-baseline,scale_dependent_camb
11,0.03362193,0.06779888,1420,1439,1429.5232517482518,4.5897847344127324e-06,4.524070829890447e-06,4.617732937160567e-06,7.186542518081845e-08,2.5408264739105594e-08,0.9856825737317083,1.006089218637704,-2.5863200496783905,linear-baseline,scale_dependent_camb
11,0.03362193,0.06779888,1440,1459,1449.5229310344828,4.502416574112141e-06,4.442197259910003e-06,4.53402659748899e-06,7.335558955740148e-08,2.5935117406987838e-08,0.9866251127120522,1.007020679418826,-2.3219217887910037,linear-baseline,scale_dependent_camb
11,0.03362193,0.06779888,1460,1479,1469.522619047619,4.418792051876643e-06,4.353201220384619e-06,4.442823859914341e-06,9.5504722780861e-08,3.376601855684408e-08,0.9851563887320365,1.0054385469502898,-1.9425100824843653,linear-baseline,scale_dependent_camb
11,0.03362193,0.06779888,1480,1499,1489.5223154362416,4.338732798176401e-06,4.297552371007259e-06,4.386259659376859e-06,6.982810423833203e-08,2.4687963012162838e-08,0.9905086510083198,1.0109540880739265,-1.6680366520661656,linear-baseline,scale_dependent_camb
11,0.03362193,0.06779888,1500,1519,1509.5220198675497,4.262068438018003e-06,4.223410639641859e-06,4.310554082893697e-06,7.382420960383993e-08,2.610079961330613e-08,0.9909298034655395,1.01137608313447,-1.4810963245906286,linear-baseline,scale_dependent_camb
11,0.03362193,0.06779888,1520,1539,1529.5217320261438,4.1886345952853e-06,4.139070244146261e-06,4.2245905796949965e-06,6.590375274221824e-08,2.330049523483202e-08,0.988166943186014,1.0085841778727056,-2.127180158168666,linear-baseline,scale_dependent_camb
11,0.03362193,0.06779888,1540,1559,1549.5214516129033,4.118272352483313e-06,4.0777397458655936e-06,4.162062087023384e-06,7.265364847395382e-08,2.56869437569382e-08,0.9901578615621964,1.010633035115724,-1.5779458623516323,linear-baseline,scale_dependent_camb
11,0.03362193,0.06779888,1560,1579,1569.521178343949,4.050828890149236e-06,4.00424529659662e-06,4.087210716674941e-06,4.980835697679466e-08,1.7609913489025895e-08,0.9885002317264258,1.0089813288865837,-2.6453050766913644,linear-baseline,scale_dependent_camb
11,0.03362193,0.06779888,1580,1599,1589.5209119496856,3.986158663945115e-06,3.9526029413707044e-06,4.033951987142162e-06,7.890886844375707e-08,2.7898497986168898e-08,0.991581940057248,1.011989819579772,-1.20277882311249,linear-baseline,scale_dependent_camb
11,0.03362193,0.06779888,1600,1619,1609.520652173913,3.924124738938137e-06,3.899287685495002e-06,3.9800421619615424e-06,4.8875214348550916e-08,1.72799977489032e-08,0.9936706768781626,1.0142496548258393,-1.4373296689064505,linear-baseline,scale_dependent_camb
11,0.03362193,0.06779888,1620,1639,1629.520398773006,3.864598672951605e-06,3.825271180773359e-06,3.904114116190995e-06,7.377635024502994e-08,2.6083878774727238e-08,0.9898236542765749,1.0102249797672291,-1.507731749480062,linear-baseline,scale_dependent_camb
11,0.03362193,0.06779888,1640,1659,1649.5201515151516,3.8074591453517032e-06,3.7834589672785343e-06,3.8618971512382735e-06,5.4226191212224876e-08,1.9171853762041288e-08,0.9936965369405292,1.0142977255456649,-1.251844415832513,linear-baseline,scale_dependent_camb
11,0.03362193,0.06779888,1660,1679,1669.5199101796406,3.75259119844256e-06,3.722826272104695e-06,3.799727070643895e-06,5.8687790149893804e-08,2.0749267193921488e-08,0.9920681670973864,1.0125608865204656,-1.4345049422557108,linear-baseline,scale_dependent_camb
11,0.03362193,0.06779888,1680,1699,1689.519674556213,3.6998856563915312e-06,3.6677482854336667e-06,3.7436651922191077e-06,5.054427897410514e-08,1.7870101206387187e-08,0.9913139556347241,1.0118326726535312,-1.7983877419999128,linear-baseline,scale_dependent_camb
11,0.03362193,0.06779888,1700,1719,1709.5194444444444,3.6492384616399493e-06,3.613053270798946e-06,3.68756519610271e-06,6.70840408203175e-08,2.371779008672083e-08,0.9900841802416107,1.0105026664784018,-1.5256560880544607,linear-baseline,scale_dependent_camb
11,0.03362193,0.06779888,1720,1739,1729.519219653179,3.6005512605919347e-06,3.57872489387649e-06,3.652657585909537e-06,7.025070731409453e-08,2.4837375762473813e-08,0.9939380486109628,1.0144717632235671,-0.878771047480052,linear-baseline,scale_dependent_camb
11,0.03362193,0.06779888,1740,1759,1749.519,3.5537319742277236e-06,3.5254441255545885e-06,3.598377572977456e-06,5.332989893921292e-08,1.885496658995536e-08,0.9920399599974664,1.01256301799728,-1.5002863324194373,linear-baseline,scale_dependent_camb
11,0.03362193,0.06779888,1760,1779,1769.5187853107345,3.5086939113192234e-06,3.4776353153686044e-06,3.5494904113056177e-06,5.7450843788064044e-08,2.031194061371456e-08,0.9911481033297255,1.0116272610314576,-1.5290806792556453,linear-baseline,scale_dependent_camb
11,0.03362193,0.06779888,1780,1799,1789.5185754189945,3.4653551575845977e-06,3.441984984336617e-06,3.5133812045165653e-06,3.83056365635285e-08,1.354308768586918e-08,0.9932560525010458,1.0138589104862321,-1.7256163284215689,linear-baseline,scale_dependent_camb
11,0.03362193,0.06779888,1800,1819,1809.5183701657459,3.4236390031775934e-06,3.3968316771484585e-06,3.4674313308370523e-06,4.0624437742009766e-08,1.4362907704632911e-08,0.9921699320505888,1.0127911639103344,-1.8664275076061358,linear-baseline,scale_dependent_camb
11,0.03362193,0.06779888,1820,1839,1829.518169398907,3.3834738961734402e-06,3.36470349063345e-06,3.434383950291599e-06,4.55717585153373e-08,1.6112049738395398e-08,0.994452327366492,1.015046681511489,-1.164991782222456,linear-baseline,scale_dependent_camb
11,0.03362193,0.06779888,1840,1859,1849.517972972973,3.344792797734799e-06,3.3238815274397804e-06,3.3925781806461366e-06,5.294016253885898e-08,1.8717173964172608e-08,0.9937481118982376,1.0142865001813264,-1.1172236970733895,linear-baseline,scale_dependent_camb
11,0.03362193,0.06779888,1860,1879,1869.5177807486632,3.30753275615533e-06,3.291023984185933e-06,3.3589410547579164e-06,5.518222634412555e-08,1.950986322445106e-08,0.9950087351550263,1.0155427934937047,-0.8461756896740847,linear-baseline,scale_dependent_camb
11,0.03362193,0.06779888,1880,1899,1889.5175925925926,3.2716343150951517e-06,3.2553381684974577e-06,3.3230576511505294e-06,3.1100705421797106e-08,1.0995759851718979e-08,0.9950189584078807,1.0157179351671772,-1.4820391512230355,linear-baseline,scale_dependent_camb
11,0.03362193,0.06779888,1900,1919,1909.5174083769634,3.2370404376865953e-06,3.2245969399244382e-06,3.2912668370502143e-06,5.019075111149284e-08,1.7745110231891416e-08,0.9961559028990536,1.0167518449050865,-0.7012353036722019,linear-baseline,scale_dependent_camb
11,0.03362193,0.06779888,1920,1939,1929.5172279792746,3.2036962298987804e-06,3.1820348343093133e-06,3.2479371374204445e-06,4.265716279300304e-08,1.5081584538555468e-08,0.9932386237536162,1.0138093328289934,-1.43628115030557,linear-baseline,scale_dependent_camb
11,0.03362193,0.06779888,1940,1959,1949.5170512820512,3.1715498368608332e-06,3.147464984998229e-06,3.2124180809859924e-06,5.27324793979196e-08,1.8643746885524427e-08,0.9924059677124787,1.0128858905668687,-1.2918461085364918,linear-baseline,scale_dependent_camb
11,0.03362193,0.06779888,1960,1979,1969.5168781725888,3.140552492729127e-06,3.13454375124836e-06,3.199505865932153e-06,4.229897418287241e-08,1.495494574097189e-08,0.9980867247101655,1.018771656687641,-0.4017895875278768,linear-baseline,scale_dependent_camb
11,0.03362193,0.06779888,1980,1999,1989.5167085427136,3.1106573186443974e-06,3.1021808319446075e-06,3.1663644185201995e-06,3.929553754306818e-08,1.3893070533537035e-08,0.9972750175183283,1.0179084656937007,-0.6101233474146798,linear-baseline,scale_dependent_camb
11,0.03362193,0.06779888,2000,2019,2009.5165422885573,3.081819107381428e-06,3.0809321480516615e-06,3.1449225945314917e-06,3.376092839148609e-08,1.1936290702386628e-08,0.9997121961741225,1.020476051627729,-0.07430778554925677,linear-baseline,scale_dependent_camb
11,0.03362193,0.06779888,2020,2039,2029.5163793103447,3.053995012555085e-06,3.047630661269678e-06,3.1109718931396172e-06,3.399980367045936e-08,1.202074586719654e-08,0.9979160570795818,1.0186565074108827,-0.5294472868588485,linear-baseline,scale_dependent_camb
11,0.03362193,0.06779888,2040,2059,2049.516219512195,3.0271440631650305e-06,3.0156661902610396e-06,3.0780664752893433e-06,4.2416636671146964e-08,1.4996545712647e-08,0.9962083493006969,1.0168219321782364,-0.7653677802823105,linear-baseline,scale_dependent_camb
11,0.03362193,0.06779888,2060,2079,2069.5160628019325,3.0012262503193538e-06,2.988564172166377e-06,3.0505015348079493e-06,3.9617633446636393e-08,1.4006948632339782e-08,0.9957810317860476,1.0164183838134004,-0.9039854778750446,linear-baseline,scale_dependent_camb
11,0.03362193,0.06779888,2080,2099,2089.515909090909,2.9762029941102875e-06,2.9611889109443616e-06,3.022520811922568e-06,4.061481946473165e-08,1.4359507130089566e-08,0.9949552892744085,1.0155627213277927,-1.0455848539860215,linear-baseline,scale_dependent_camb
11,0.03362193,0.06779888,2100,2119,2109.5157582938386,2.9520379803665484e-06,2.945341190794749e-06,3.0060799612016734e-06,5.3049294934634374e-08,1.8755758092722564e-08,0.9977314690338206,1.0183066685437479,-0.35705246030005744,linear-baseline,scale_dependent_camb
11,0.03362193,0.06779888,2120,2139,2129.5156103286386,2.9286967263986533e-06,2.9162594063217483e-06,2.976796542329087e-06,3.148517524341621e-08,1.1131690460733204e-08,0.9957532919114507,1.0164236247122729,-1.1172894288407855,linear-baseline,scale_dependent_camb
11,0.03362193,0.06779888,2140,2159,2149.515465116279,2.9061457236039954e-06,2.8923256687799477e-06,2.952418012745158e-06,3.2870465160240696e-08,1.1621464407781175e-08,0.9952445416925243,1.0159222191665527,-1.1891835950376868,linear-baseline,scale_dependent_camb
11,0.03362193,0.06779888,2160,2179,2169.5153225806453,2.8843524450974965e-06,2.8716423066421294e-06,2.9309671107145382e-06,4.1892142208548076e-08,1.4811108917047767e-08,0.9955934169983386,1.0161612238810387,-0.8581490100810442,linear-baseline,scale_dependent_camb
11,0.03362193,0.06779888,2180,2199,2189.5151826484016,2.863285607073021e-06,2.861040502976001e-06,2.92023684393925e-06,3.9885439227950635e-08,1.4101632274343913e-08,0.999215899353011,1.019890169784511,-0.15920881025276615,linear-baseline,scale_dependent_camb
11,0.03362193,0.06779888,2200,2219,2209.515045248869,2.842915056321595e-06,2.834257523847108e-06,2.893032972769317e-06,3.408344848545882e-08,1.2050318775145146e-08,0.9969546988555864,1.0176290587143215,-0.7184484191691043,linear-baseline,scale_dependent_camb
11,0.03362193,0.06779888,2220,2239,2229.5149103139015,2.8232118273669988e-06,2.814176067957227e-06,2.8723137371535855e-06,4.12502842836421e-08,1.4584177871418096e-08,0.9967994752210291,1.0173922159544013,-0.619559051558189,linear-baseline,scale_dependent_camb
11,0.03362193,0.06779888,2240,2259,2249.514777777778,2.8041486670272258e-06,2.8001066292192552e-06,2.8581996738767752e-06,3.097997702990261e-08,1.0953075919423807e-08,0.9985585508159752,1.019275371340012,-0.3690322095551749,linear-baseline,scale_dependent_camb
11,0.03362193,0.06779888,2260,2279,2269.5146475770925,2.785700441180797e-06,2.774641427904943e-06,2.832318255239142e-06,3.0972989077480124e-08,1.0950605305151532e-08,0.9960300780685641,1.0167346830869528,-1.0098997240501038,linear-baseline,scale_dependent_camb
11,0.03362193,0.06779888,2280,2299,2289.514519650655,2.7678438169240195e-06,2.7531319757877106e-06,2.8101566686349936e-06,3.852729386633445e-08,1.3621455376825982e-08,0.9946847285795705,1.0152872974451275,-1.080049137872446,linear-baseline,scale_dependent_camb
11,0.03362193,0.06779888,2300,2319,2309.514393939394,2.7505564406264693e-06,2.743475279841895e-06,2.800345860373406e-06,3.280253489979896e-08,1.1597447433878115e-08,0.9974255533607733,1.018101580833439,-0.610579252455924,linear-baseline,scale_dependent_camb
11,0.03362193,0.06779888,2320,2339,2329.514270386266,2.7338166009445066e-06,2.7252745665615755e-06,2.781919760380781e-06,2.935239896124507e-08,1.0377640174794682e-08,0.9968754179120941,1.0175956058718991,-0.8231191522402268,linear-baseline,scale_dependent_camb
11,0.03362193,0.06779888,2340,2359,2349.5141489361704,2.7176035028723997e-06,2.7187112310504625e-06,2.7750125620845213e-06,3.1976497764886115e-08,1.1305399204073725e-08,1.0004076121394796,1.021124884167776,0.09798222584335121,linear-baseline,scale_dependent_camb
11,0.03362193,0.06779888,2360,2379,2369.514029535865,2.7018974290351805e-06,2.707604329484636e-06,2.763723975303117e-06,3.3905686532128814e-08,1.198747043382684e-08,1.0021121824937276,1.0228826400304967,0.4760721188810116,linear-baseline,scale_dependent_camb
11,0.03362193,0.06779888,2380,2399,2389.513912133891,2.686679503481325e-06,2.67770662342891e-06,2.7334276283630127e-06,2.4652522885974118e-08,8.715983053014427e-09,0.9966602343000763,1.0173999633455024,-1.0294742426457195,linear-baseline,scale_dependent_camb
11,0.03362193,0.06779888,2400,2419,2409.5137966804978,2.671931548673207e-06,2.6740610811953454e-06,2.729763495286867e-06,2.0679173215282213e-08,7.3111918049286366e-09,1.000797001151918,1.0216442470775038,0.29127023048458334,linear-baseline,scale_dependent_camb
11,0.03362193,0.06779888,2420,2439,2429.513683127572,2.6576361196757676e-06,2.6543241243086474e-06,2.709182068496979e-06,3.826379204560907e-08,1.3528293414681025e-08,0.9987537814742207,1.0193954125019569,-0.2448198945423521,linear-baseline,scale_dependent_camb
11,0.03362193,0.06779888,2440,2459,2449.5135714285716,2.6437765574371838e-06,2.6385151872919845e-06,2.693214391026535e-06,2.965231443358455e-08,1.0483676306931687e-08,0.9980099036242687,1.018699701928394,-0.5018630861123121,linear-baseline,scale_dependent_camb
11,0.03362193,0.06779888,2460,2479,2469.5134615384613,2.6303368727605593e-06,2.621495780177261e-06,2.6758526363112382e-06,2.98176859221254e-08,1.054214395741276e-08,0.9966387983703321,1.0173041575100263,-0.8386427484782913,linear-baseline,scale_dependent_camb
11,0.03362193,0.06779888,2480,2499,2489.513353413655,2.6173017306841752e-06,2.6105701532208326e-06,2.6647769027001356e-06,2.839793425720748e-08,1.0040185942480586e-08,0.9974280468375409,1.0181389755179469,-0.6704634258675402,linear-baseline,scale_dependent_camb
11,0.03362193,0.06779888,2500,2519,2509.513247011952,2.6046566330322096e-06,2.601481250343177e-06,2.655389960873803e-06,3.121587718261765e-08,1.1036479218257679e-08,0.9987808824208295,1.0194779331748356,-0.28771699980004023,linear-baseline,scale_dependent_camb
11,0.03362193,0.06779888,2520,2539,2529.51314229249,2.5923881310372684e-06,2.587056447950195e-06,2.640644519527337e-06,3.3213346972608625e-08,1.1742691435116623e-08,0.9979433314698366,1.0186146464382864,-0.4540426797836885,linear-baseline,scale_dependent_camb
11,0.03362193,0.06779888,2540,2559,2549.513039215686,2.580483668670375e-06,2.5697481456679513e-06,2.6231125127315684e-06,2.403154966742505e-08,8.496435866128786e-09,0.9958397244932167,1.0165197108506245,-1.2635325178197516,linear-baseline,scale_dependent_camb
11,0.03362193,0.06779888,2560,2579,2569.512937743191,2.5689310841115197e-06,2.556937866408456e-06,2.6098887255531852e-06,3.126122653029005e-08,1.105251263388845e-08,0.9953314365740522,1.0159434566754175,-1.0851123269735732,linear-baseline,scale_dependent_camb
11,0.03362193,0.06779888,2580,2599,2589.5128378378377,2.557718088380161e-06,2.5442553231662346e-06,2.5968717477619813e-06,3.5041939452706533e-08,1.2389196506468603e-08,0.9947364155279315,1.0153080433530564,-1.0866536184890918,linear-baseline,scale_dependent_camb
11,0.03362193,0.06779888,2600,2619,2609.5127394636015,2.546832171733654e-06,2.543983297935343e-06,2.596857919573057e-06,2.4023186827676573e-08,8.493479155780724e-09,0.998881404974411,1.0196423417273508,-0.3354189427040816,linear-baseline,scale_dependent_camb
11,0.03362193,0.06779888,2620,2639,2629.5126425855515,2.5362609428275628e-06,2.5293391848309723e-06,2.581792125878539e-06,2.7133137073244143e-08,9.593012609677523e-09,0.9972708809729673,1.017952089346223,-0.7215416343357853,linear-baseline,scale_dependent_camb
11,0.03362193,0.06779888,2640,2659,2649.512547169811,2.5259925985697157e-06,2.518737779555935e-06,2.571115409180057e-06,2.2224373229519205e-08,7.8575025091069e-09,0.9971279333843303,1.017863397792967,-0.9232983388007122,linear-baseline,scale_dependent_camb
11,0.03362193,0.06779888,2660,2679,2669.5124531835204,2.516016143045003e-06,2.5053927533766443e-06,2.5573684426978645e-06,2.7551499312690448e-08,9.74092599792996e-09,0.9957776941544176,1.0164356257280667,-1.0905934066859868,linear-baseline,scale_dependent_camb
11,0.03362193,0.06779888,2680,2699,2689.5123605947956,2.5063213335693085e-06,2.495553686600308e-06,2.5472832273309654e-06,2.806218812122096e-08,9.92148175772396e-09,0.9957038042868726,1.0163434325890377,-1.0852861731683985,linear-baseline,scale_dependent_camb
11,0.03362193,0.06779888,2700,2719,2709.512269372694,2.4968984944293475e-06,2.495757154878706e-06,2.547652699944561e-06,2.21894796076077e-08,7.845165750770008e-09,0.9995428970968633,1.020326899803275,-0.1454831659266449,linear-baseline,scale_dependent_camb
11,0.03362193,0.06779888,2720,2739,2729.5121794871793,2.4877383273348183e-06,2.479215144375947e-06,2.530561283595381e-06,3.107859228071354e-08,1.0987941675712217e-08,0.9965739230427814,1.0172136095625621,-0.7756851292459138,linear-baseline,scale_dependent_camb
11,0.03362193,0.06779888,2740,2759,2749.512090909091,2.47883182242603e-06,2.470622598792283e-06,2.5215752673033177e-06,4.227612199931917e-08,1.4946866273994183e-08,0.9966882692244475,1.0172433823426774,-0.5492270743085498,linear-baseline,scale_dependent_camb
11,0.03362193,0.06779888,2760,2779,2769.5120036101084,2.4701702744890968e-06,2.461121587270374e-06,2.512236984083974e-06,2.528647592154346e-08,8.940119298216866e-09,0.9963368164080938,1.0170298825264497,-1.012143900644334,linear-baseline,scale_dependent_camb
11,0.03362193,0.06779888,2780,2799,2789.511917562724,2.46174533201075e-06,2.4595829028816543e-06,2.5106144922103176e-06,2.643026864226396e-08,9.344511092763505e-09,0.9991215869891265,1.0198514279946462,-0.23141169266417771,linear-baseline,scale_dependent_camb
11,0.03362193,0.06779888,2800,2819,2809.5118327402133,2.453548962900384e-06,2.4476616179587823e-06,2.4983119272069005e-06,3.1880075104634905e-08,1.1271308645611887e-08,0.9976004779074626,1.01824416996904,-0.5223302037686405,linear-baseline,scale_dependent_camb
11,0.03362193,0.06779888,2820,2839,2829.511749116608,2.4455733659215915e-06,2.4406995595620995e-06,2.4913358183700457e-06,2.7156746949095595e-08,9.60135996133629e-09,0.9980070905140662,1.0187123613162221,-0.5076162521891002,linear-baseline,scale_dependent_camb
11,0.03362193,0.06779888,2840,2859,2849.5116666666668,2.437810905050382e-06,2.4331342035403157e-06,2.483599665650823e-06,2.5622299253708323e-08,9.058850775944085e-09,0.99808159792034,1.0187827368011115,-0.5162577048388493,linear-baseline,scale_dependent_camb
11,0.03362193,0.06779888,2860,2879,2869.5115853658535,2.430254145448993e-06,2.429216120499451e-06,2.479656301955078e-06,2.3114530300419708e-08,8.17222055968435e-09,0.999572873910539,1.0203279795237044,-0.12701871443153745,linear-baseline,scale_dependent_camb
11,0.03362193,0.06779888,2880,2899,2889.5115051903113,2.4228959840979293e-06,2.4108268933715746e-06,2.4608643728080677e-06,2.4067151005291158e-08,8.509022839841006e-09,0.9950187334472602,1.0156706639324735,-1.4183873934201534,linear-baseline,scale_dependent_camb
11,0.03362193,0.06779888,2900,2919,2909.5114261168383,2.4157297793480845e-06,2.4102349317845177e-06,2.4602669847251077e-06,2.383750599700304e-08,8.427831068527922e-09,0.9977253881578387,1.018436335784643,-0.6519883370807316,linear-baseline,scale_dependent_camb
11,0.03362193,0.06779888,2920,2939,2929.511348122867,2.4087493970167067e-06,2.4077106950608337e-06,2.457543597129833e-06,3.121184159232085e-08,1.10350524216252e-08,0.9995687795678706,1.0202570679098286,-0.0941275053517205,linear-baseline,scale_dependent_camb
11,0.03362193,0.06779888,2940,2959,2949.511271186441,2.4019491393878986e-06,2.396133916770078e-06,2.4457433529568815e-06,3.1355190040838045e-08,1.108573375163474e-08,0.9975789568053457,1.01823278139026,-0.5245681294630749,linear-baseline,scale_dependent_camb
11,0.03362193,0.06779888,2960,2979,2969.5111952861953,2.3953236269324974e-06,2.388454061550005e-06,2.43795685629564e-06,2.719568768360107e-08,9.615127590052893e-09,0.9971320930060337,1.0177985257957562,-0.7144538975852189,linear-baseline,scale_dependent_camb
11,0.03362193,0.06779888,2980,2999,2989.511120401338,2.388867664169425e-06,2.386274925584532e-06,2.4357286758967044e-06,2.8066854195975874e-08,9.923131464274322e-09,0.9989146579261039,1.019616411754467,-0.26128229724936897,linear-baseline,scale_dependent_camb
11,0.03362193,0.06779888,3000,3019,3009.5110465116277,2.3825761207329122e-06,2.3819196582102335e-06,2.4314045270949877e-06,2.319959597722469e-08,8.202295818141862e-09,0.9997244736413807,1.0204939543954865,-0.08003399746041169,linear-baseline,scale_dependent_camb
11,0.03362193,0.06779888,3020,3039,3029.5109735973597,2.376443891514944e-06,2.3714891548938895e-06,2.42068285865308e-06,2.877345674756342e-08,1.0172953192189957e-08,0.9979150626535955,1.018615616087588,-0.48704997727289856,linear-baseline,scale_dependent_camb
11,0.03362193,0.06779888,3040,3059,3049.5109016393444,2.370465933857799e-06,2.3655132311099583e-06,2.4146547902102192e-06,2.2184653203949425e-08,7.843459359392253e-09,0.9979106627616535,1.0186414222289646,-0.6314436680175013,linear-baseline,scale_dependent_camb
11,0.03362193,0.06779888,3060,3079,3069.5108306188927,2.3646373645312402e-06,2.36117048200986e-06,2.4101353545387156e-06,2.644563001142543e-08,9.349942156914697e-09,0.9985338629197938,1.0192410010473192,-0.37079186835569766,linear-baseline,scale_dependent_camb
11,0.03362193,0.06779888,3080,3099,3089.5107605177996,2.3589535500656942e-06,2.3548818365480285e-06,2.4036264980295677e-06,2.9422311672693655e-08,1.0402358050972897e-08,0.9982739323046219,1.0189376123843683,-0.39142216579297007,linear-baseline,scale_dependent_camb
11,0.03362193,0.06779888,3100,3119,3109.510691318328,2.353410121538902e-06,2.350960156994073e-06,2.3998344582014737e-06,2.080862801638101e-08,7.356960988785694e-09,0.9989589725469411,1.019726411575138,-0.3330131216630349,linear-baseline,scale_dependent_camb
11,0.03362193,0.06779888,3120,3139,3129.5106230031947,2.3480028805533616e-06,2.344840494651907e-06,2.3935975507954428e-06,2.087726624865284e-08,7.381228268529728e-09,0.9986531592752096,1.0194184899088947,-0.42843626919620614,linear-baseline,scale_dependent_camb
11,0.03362193,0.06779888,3140,3159,3149.5105555555556,2.3427276734287176e-06,2.335846944721445e-06,2.384437212884968e-06,2.0395569335470675e-08,7.21092269163586e-09,0.9970629412947505,1.0178038360707995,-0.9542091909061691,linear-baseline,scale_dependent_camb
11,0.03362193,0.06779888,3160,3179,3169.5104889589907,2.3375803804722e-06,2.3271739937065554e-06,2.375435472389769e-06,2.586045231647456e-08,9.143050598765262e-09,0.9955482229177752,1.0161941348557701,-1.1381744695856635,linear-baseline,scale_dependent_camb
11,0.03362193,0.06779888,3180,3199,3189.510423197492,2.3325569533680823e-06,2.3316191909434734e-06,2.3799151051033633e-06,2.7958560720799665e-08,9.884843938946645e-09,0.9995979680482164,1.0203031062829564,-0.09486871319375693,linear-baseline,scale_dependent_camb
11,0.03362193,0.06779888,3200,3219,3209.5103582554516,2.327653543879102e-06,2.3249424265293616e-06,2.373243371586577e-06,2.2093704229764987e-08,7.811304041198365e-09,0.9988352573531102,1.0195861741655496,-0.34707615213046833,linear-baseline,scale_dependent_camb
11,0.03362193,0.06779888,3220,3239,3229.510294117647,2.3228666102476255e-06,2.3144610316437334e-06,2.362468772835719e-06,2.89845038915515e-08,1.0247569625521972e-08,0.996381376973258,1.017048831996372,-0.8202509386184232,linear-baseline,scale_dependent_camb
11,0.03362193,0.06779888,3240,3259,3249.510230769231,2.3181928660715652e-06,2.3133505761847773e-06,2.361198509317697e-06,3.0500489859740224e-08,1.078355160466692e-08,0.9979111790232563,1.0185513655380234,-0.44904406862506074,linear-baseline,scale_dependent_camb
11,0.03362193,0.06779888,3260,3279,3269.5101681957185,2.313629141613729e-06,2.3044141966464125e-06,2.352040462094121e-06,3.232783226479015e-08,1.142961470774719e-08,0.9960171036915236,1.0166021942711185,-0.8062340860073351,linear-baseline,scale_dependent_camb
11,0.03362193,0.06779888,3280,3299,3289.510106382979,2.309172180956901e-06,2.3033150299328592e-06,2.351150302658348e-06,2.3316753479482482e-08,8.243717250298544e-09,0.9974635278077815,1.018178861692354,-0.7104987769721911,linear-baseline,scale_dependent_camb
11,0.03362193,0.06779888,3300,3319,3309.5100453172204,2.304818575866235e-06,2.3021404393511127e-06,2.3499188075530256e-06,2.3419396650524688e-08,8.280007091441762e-09,0.9988380271908753,1.019567801196604,-0.32344616200754783,linear-baseline,scale_dependent_camb
11,0.03362193,0.06779888,3320,3339,3329.509984984985,2.3005649191879396e-06,2.293311639902914e-06,2.3408808541085944e-06,2.429802035984086e-08,8.590647482926134e-09,0.9968471746984711,1.017524363074651,-0.8443227707156578,linear-baseline,scale_dependent_camb
11,0.03362193,0.06779888,3340,3359,3349.509925373134,2.2964080012894293e-06,2.2895559581550373e-06,2.337008205231362e-06,2.580020443820168e-08,9.121749757125833e-09,0.9970161908813483,1.0176798739244661,-0.7511763989183408,linear-baseline,scale_dependent_camb
11,0.03362193,0.06779888,3360,3379,3369.5098664688426,2.2923450404969106e-06,2.28933896052015e-06,2.33678916842492e-06,2.5881078585224755e-08,9.15034308601718e-09,0.9986886441946327,1.0193880620686906,-0.32852101265517447,linear-baseline,scale_dependent_camb
11,0.03362193,0.06779888,3380,3399,3389.509808259587,2.288373705386906e-06,2.279256595051635e-06,2.3266704712862885e-06,1.7815247180857817e-08,6.298641045049543e-09,0.9960158997134912,1.0167353635506433,-1.4474726008456391,linear-baseline,scale_dependent_camb
11,0.03362193,0.06779888,3400,3419,3409.509750733138,2.284491865949902e-06,2.2725663823967925e-06,2.3196902065512506e-06,2.4062754646819752e-08,8.507468492397176e-09,0.9947798091423052,1.01540751408485,-1.4017664083936352,linear-baseline,scale_dependent_camb
11,0.03362193,0.06779888,3420,3439,3429.509693877551,2.280697382765503e-06,2.2768356608674813e-06,2.3241837778268825e-06,2.2007010253769946e-08,7.780653092041305e-09,0.9983067802299403,1.0190671482284288,-0.49632361863966273,linear-baseline,scale_dependent_camb
11,0.03362193,0.06779888,3440,3459,3449.5096376811593,2.276987977400373e-06,2.271388626150605e-06,2.318579838312677e-06,2.1801905862865815e-08,7.708137739211582e-09,0.9975408955579288,1.0182661750194173,-0.7264207567651202,linear-baseline,scale_dependent_camb
11,0.03362193,0.06779888,3460,3479,3469.509582132565,2.273361229649938e-06,2.2691172502896587e-06,2.3161525657703347e-06,2.5004593503234156e-08,8.84045881347498e-09,0.9981331698170409,1.018822937403127,-0.4800632466960378,linear-baseline,scale_dependent_camb
11,0.03362193,0.06779888,3480,3499,3489.5095272206304,2.269814731219582e-06,2.2628476527669665e-06,2.309832147372492e-06,2.186053829378666e-08,7.728867433962373e-09,0.9969305519270854,1.0176302566031055,-0.9014358846420938,linear-baseline,scale_dependent_camb
11,0.03362193,0.06779888,3500,3519,3509.509472934473,2.2663461771718667e-06,2.258717736219943e-06,2.3055973021332685e-06,2.17367454079312e-08,7.68510003943685e-09,0.9966340354228483,1.0173191215696724,-0.9926274105447497,linear-baseline,scale_dependent_camb
11,0.03362193,0.06779888,3520,3539,3529.509419263456,2.262953383091794e-06,2.253230128610647e-06,2.2999702258103453e-06,2.4591031321683802e-08,8.694242501966702e-09,0.9957032899776918,1.0163577575195015,-1.1183555644953984,linear-baseline,scale_dependent_camb
11,0.03362193,0.06779888,3540,3559,3549.509366197183,2.2596342771065767e-06,2.2474634335206173e-06,2.294199828531991e-06,2.0363429921820067e-08,7.199559692968008e-09,0.9946137993615746,1.015296967202,-1.690498322813691,linear-baseline,scale_dependent_camb
11,0.03362193,0.06779888,3560,3579,3569.5093137254903,2.25638683531563e-06,2.244229992945963e-06,2.2908797431543636e-06,2.1940548451278755e-08,7.757155296425605e-09,0.9946122525715025,1.0152867882842032,-1.5671779028671655,linear-baseline,scale_dependent_camb
11,0.03362193,0.06779888,3580,3599,3589.50926183844,2.2532091353809375e-06,2.2485217872007046e-06,2.295201337156519e-06,2.416275021511306e-08,8.542822264611576e-09,0.9979197012356155,1.0186366197066223,-0.5486884819844781,linear-baseline,scale_dependent_camb
11,0.03362193,0.06779888,3600,3619,3609.5092105263157,2.2500994308116173e-06,2.2430524530254537e-06,2.289615399145802e-06,2.17626025448779e-08,7.694241917875388e-09,0.9968681482739535,1.0175618765078,-0.9158768155953043,linear-baseline,scale_dependent_camb
11,0.03362193,0.06779888,3620,3639,3629.5091597796145,2.247056128974532e-06,2.233402510681182e-06,2.2798352642969234e-06,1.9312979787519988e-08,6.828169486337055e-09,0.993923775148607,1.0145875908036843,-1.9996015507041045,linear-baseline,scale_dependent_camb
11,0.03362193,0.06779888,3640,3659,3649.509109589041,2.2440777916286406e-06,2.2340835998246605e-06,2.2805354184780963e-06,1.8969864861442384e-08,6.706860040859158e-09,0.9955464147271263,1.0162461510850729,-1.490144679193246,linear-baseline,scale_dependent_camb
11,0.03362193,0.06779888,3660,3679,3669.5090599455043,2.241163037092284e-06,2.2307678263589364e-06,2.27721642888077e-06,1.6828238077693554e-08,5.949680630079391e-09,0.9953616891938238,1.0160869116578248,-1.7471880222937273,linear-baseline,scale_dependent_camb
11,0.03362193,0.06779888,3680,3699,3689.509010840108,2.2383103107369497e-06,2.2323453176745522e-06,2.2785072504906084e-06,2.9843883299616516e-08,1.0551406129049397e-08,0.9973350464259652,1.0179586090279074,-0.5653268379060032,linear-baseline,scale_dependent_camb
11,0.03362193,0.06779888,3700,3719,3709.508962264151,2.2355178355444233e-06,2.228015548545366e-06,2.274236438806954e-06,2.3363184369475545e-08,8.260133048883855e-09,0.9966440495889713,1.01731974697178,-0.9082525613883246,linear-baseline,scale_dependent_camb
11,0.03362193,0.06779888,3720,3739,3729.508914209115,2.2327837296611336e-06,2.2174166947643434e-06,2.263294623037843e-06,3.075505401800162e-08,1.087355362594376e-08,0.9931175443941799,1.0136649568748604,-1.413248642111367,linear-baseline,scale_dependent_camb
11,0.03362193,0.06779888,3740,3759,3749.5088666666666,2.2301060863620794e-06,2.2194291489413434e-06,2.2654067420478367e-06,2.7075093428439332e-08,9.57249108225439e-09,0.9952123634449368,1.0158291374126254,-1.1153771081102357,linear-baseline,scale_dependent_camb
11,0.03362193,0.06779888,3760,3779,3769.5088196286474,2.227483220454646e-06,2.2191272758631495e-06,2.265118643425079e-06,2.745678264017522e-08,9.707438597216487e-09,0.996248705931984,1.0168959400568462,-0.8607774860293945,linear-baseline,scale_dependent_camb
11,0.03362193,0.06779888,3780,3799,3789.5087730870714,2.224913913411194e-06,2.2142568358122588e-06,2.2600613908019607e-06,2.973430048173725e-08,1.0512662752237418e-08,0.9952101168792657,1.015797230256374,-1.013737228150588,linear-baseline,scale_dependent_camb
11,0.03362193,0.06779888,3800,3819,3809.5087270341205,2.22239723573204e-06,2.215353865219619e-06,2.2613479894243688e-06,2.1408240404933116e-08,7.568955981800022e-09,0.9968307328684644,1.017526458846363,-0.930560374423807,linear-baseline,scale_dependent_camb
11,0.03362193,0.06779888,3820,3839,3829.508681462141,2.2199322970958366e-06,2.211112311530989e-06,2.2570116110434427e-06,2.121478259580141e-08,7.500558317444761e-09,0.9960269123628743,1.0167029030552481,-1.175910537797438,linear-baseline,scale_dependent_camb
11,0.03362193,0.06779888,3840,3859,3849.5086363636365,2.2175180941409617e-06,2.21446315299615e-06,2.2603278696715594e-06,2.8302730623389636e-08,1.0006526374947486e-08,0.9986223602175408,1.0193052654874422,-0.3052948676036134,linear-baseline,scale_dependent_camb
11,0.03362193,0.06779888,3860,3879,3869.5085917312663,2.215153273234054e-06,2.202639408341704e-06,2.24839212676577e-06,2.3169978794283902e-08,8.191824562693326e-09,0.9943507905102745,1.0150052160874574,-1.5276041126832822,linear-baseline,scale_dependent_camb
11,0.03362193,0.06779888,3880,3899,3889.5085475578408,2.2128361971793344e-06,2.2045312412761814e-06,2.250291636219567e-06,2.1806983692940375e-08,7.7099330232513e-09,0.9962469179084565,1.0169264399633269,-1.077176141233293,linear-baseline,scale_dependent_camb
11,0.03362193,0.06779888,3900,3919,3909.5085038363172,2.2105653554236247e-06,2.2022259582941832e-06,2.24783865493507e-06,2.6220705108452658e-08,9.27041919483981e-09,0.996227482209933,1.0168614329451944,-0.8995706617111212,linear-baseline,scale_dependent_camb
11,0.03362193,0.06779888,3920,3939,3929.5084605597963,2.2083395555300585e-06,2.198515245858702e-06,2.2440923671485876e-06,2.3453253284503398e-08,8.29197721917901e-09,0.9955512685326154,1.0161899068143745,-1.1847969925234791,linear-baseline,scale_dependent_camb
11,0.03362193,0.06779888,3940,3959,3949.508417721519,2.2061579035425547e-06,2.2036040218945994e-06,2.2493489812311078e-06,2.2309120457168434e-08,7.887465178785665e-09,0.9988423849245539,1.0195775096692756,-0.3237899109620524,linear-baseline,scale_dependent_camb
11,0.03362193,0.06779888,3960,3979,3969.5083753148615,2.2040197528893e-06,2.2027361334982165e-06,2.2484294371963697e-06,2.3059008050371823e-08,8.152590479926552e-09,0.999417600777216,1.0201494039465173,-0.15744926649314642,linear-baseline,scale_dependent_camb
11,0.03362193,0.06779888,3980,3999,3989.508333333333,2.2019244050039717e-06,2.1899557832930455e-06,2.235497465484354e-06,1.742054416757958e-08,6.15909245642764e-09,0.9945644720210526,1.0152471449083746,-1.9432443652369207,linear-baseline,scale_dependent_camb
11,0.03362193,0.06779888,4000,4019,4009.5082917705736,2.1998708324661933e-06,2.1893797019490984e-06,2.2348925369568584e-06,1.858862307769638e-08,6.5720707155799305e-09,0.9952310243118531,1.0159198912835277,-1.5963203944571642,linear-baseline,scale_dependent_camb
11,0.03362193,0.06779888,4020,4039,4029.5082506203476,2.1978578056739336e-06,2.187427811862089e-06,2.232754232767052e-06,2.464090834521806e-08,8.71187669274994e-09,0.9952544728849525,1.0158774726021995,-1.1972155001372238,linear-baseline,scale_dependent_camb
11,0.03362193,0.06779888,4040,4059,4049.5082098765433,2.195884106743802e-06,2.1828257903005724e-06,2.228113296124171e-06,2.2842659399925013e-08,8.076099681010804e-09,0.9940532761254904,1.0146770903261195,-1.6169087751520923,linear-baseline,scale_dependent_camb
11,0.03362193,0.06779888,4060,4079,4069.5081695331696,2.1939486695055395e-06,2.187186884163596e-06,2.2325844560306443e-06,2.11873597910845e-08,7.49086289185752e-09,0.9969179837997452,1.017610159737152,-0.9026710860365152,linear-baseline,scale_dependent_camb
11,0.03362193,0.06779888,4080,4096,4088.005870123517,2.192191582986906e-06,2.182149477912495e-06,2.2274115696580955e-06,2.4984709879462588e-08,8.833428890873261e-09,0.9954191480560616,1.0160661079736477,-1.1368297858588767,linear-baseline,scale_dependent_camb
12,0.0,0.03362193,20,39,30.608333333333334,0.0010571617932891636,0.0009884341559750736,0.0011194843156089643,0.00012718840767784054,4.4967892778660094e-05,0.9349885346307715,1.0589526813354613,-1.5283713126692304,linear-baseline,scale_dependent_camb
12,0.0,0.03362193,40,59,50.165,0.0005647935959897299,0.0004759861996732974,0.0005386274691358843,6.738363502420903e-05,2.3823712633308774e-05,0.8427613256471,0.9536713464181676,-3.727689201231705,linear-baseline,scale_dependent_camb
12,0.0,0.03362193,60,79,69.975,0.00042138516370428307,0.00032723157939106864,0.00037054976017588596,4.322215242885335e-05,1.5281338539960403e-05,0.7765617007358879,0.8793611927825915,-6.161344051570132,linear-baseline,scale_dependent_camb
12,0.0,0.03362193,80,99,89.86944444444444,0.0003478729237598154,0.00026386746151296184,0.0002985005412730453,3.963380648166078e-05,1.4012666663708838e-05,0.758516813154294,0.8580735115767198,-5.994966144767992,linear-baseline,scale_dependent_camb
12,0.0,0.03362193,100,119,109.80227272727272,0.00030018996963514043,0.0002285647485555036,0.000258495350941237,3.622051225456234e-05,1.2805884916625737e-05,0.7614003520281101,0.8611058898983857,-5.593148895680501,linear-baseline,scale_dependent_camb
12,0.0,0.03362193,120,139,129.75576923076923,0.0002650904146927496,0.00020661570268788482,0.00023378306915730908,3.1604285531815156e-05,1.1173802307051193e-05,0.7794159699337326,0.8818993679129177,-5.23319729470822,linear-baseline,scale_dependent_camb
12,0.0,0.03362193,140,159,149.72166666666666,0.00023695783849699389,0.00018838883290418437,0.00021316826765877523,2.647591740379011e-05,9.36065036717746e-06,0.7950310236585583,0.89960420389925,-5.1886357985459775,linear-baseline,scale_dependent_camb
12,0.0,0.03362193,160,179,169.6955882352941,0.0002132257363777847,0.00017294199229210482,0.00019542315316345362,2.8688819418378315e-05,1.0143029377485805e-05,0.8110746630776935,0.9165082812386719,-3.971569300104421,linear-baseline,scale_dependent_camb
12,0.0,0.03362193,180,199,189.675,0.00019265834952033678,0.00015656476517598948,0.00017717027598117478,2.2449147218783264e-05,7.936972115128385e-06,0.8126549696174091,0.9196086046739069,-4.547525658500247,linear-baseline,scale_dependent_camb
12,0.0,0.03362193,200,219,209.65833333333333,0.00017459699071219588,0.0001429111206579882,0.00016214544779229105,1.540958642422859e-05,5.448111527926099e-06,0.8185199531506338,0.928684092038964,-5.815936383055169,linear-baseline,scale_dependent_camb
12,0.0,0.03362193,220,239,229.64456521739132,0.00015862664275893287,0.00013271808095869668,0.00015048351902217694,1.5523403235742154e-05,5.4883518475432354e-06,0.8366695446009672,0.9486648422035184,-4.720645199129079,linear-baseline,scale_dependent_camb
12,0.0,0.03362193,240,259,249.633,0.00014444703017754118,0.00012036761926998441,0.00013655356891130785,1.375258446186411e-05,4.862272865912429e-06,0.8332993701707778,0.945353938696203,-4.952295268405952,linear-baseline,scale_dependent_camb
12,0.0,0.03362193,260,279,269.6231481481482,0.00013182435619968555,0.00011148966321294592,0.00012653200981407517,1.149989281780025e-05,4.0658260971925156e-06,0.8457440371949403,0.9598530458393165,-5.001368110844902,linear-baseline,scale_dependent_camb
12,0.0,0.03362193,280,299,289.6146551724138,0.00012056640371859763,0.00010245844647213449,0.000116364718925105,9.999053358080158e-06,3.5351992174722997e-06,0.84980926122067,0.9651504510054113,-5.122188632812182,linear-baseline,scale_dependent_camb
12,0.0,0.03362193,300,319,309.60725806451615,0.00011050847786213777,9.341863991464256e-05,0.00010619326206988277,7.68907375920906e-06,2.7184980980901323e-06,0.8453526980181989,0.9609512692986475,-6.286499872669245,linear-baseline,scale_dependent_camb
12,0.0,0.03362193,320,339,329.6007575757576,0.00010151007302293367,8.596942430418493e-05,9.759972048610407e-05,8.44504966175072e-06,2.9857759416405464e-06,0.8469053537648651,0.9614781822100931,-5.204894480531539,linear-baseline,scale_dependent_camb
12,0.0,0.03362193,340,359,349.595,9.346600706991041e-05,7.926496572839152e-05,9.010266485620802e-05,6.616832329920706e-06,2.3394035052306567e-06,0.8480619661980763,0.9640153429129942,-6.070368497681944,linear-baseline,scale_dependent_camb
12,0.0,0.03362193,360,379,369.58986486486486,8.625607238178889e-05,7.288409077121952e-05,8.285859738855857e-05,6.306662595195922e-06,2.229741943859293e-06,0.8449734466069595,0.9606117586922771,-5.99709829534121,linear-baseline,scale_dependent_camb
12,0.0,0.03362193,380,399,389.5852564102564,7.977365120549644e-05,6.764831042056318e-05,7.688490963049741e-05,5.755658683327984e-06,2.0349326425882265e-06,0.8480031864945174,0.9637882743067927,-5.95859564644413,linear-baseline,scale_dependent_camb
12,0.0,0.03362193,400,419,409.5810975609756,7.395944307075878e-05,6.349146099232631e-05,7.222284025929552e-05,4.633913763041428e-06,1.638335922640133e-06,0.8584632111356287,0.9765195255756346,-6.389399105382252,linear-baseline,scale_dependent_camb
12,0.0,0.03362193,420,439,429.57732558139537,6.87431099580933e-05,5.926652378608273e-05,6.744531389483904e-05,4.271593068759416e-06,1.5102362126946185e-06,0.8621449309205297,0.9811210743295521,-6.274903284898795,linear-baseline,scale_dependent_camb
12,0.0,0.03362193,440,459,449.5738888888889,6.406174934267642e-05,5.482663390314951e-05,6.236924820849415e-05,4.197894302097538e-06,1.4841797638587693e-06,0.8558404112549781,0.9735801605240466,-6.2223698667850185,linear-baseline,scale_dependent_camb
12,0.0,0.03362193,460,479,469.5707446808511,5.985937426958497e-05,5.1506751861345994e-05,5.860255728130318e-05,3.645708814328273e-06,1.2889527124215446e-06,0.860462584011958,0.9790038401901506,-6.4801620166088005,linear-baseline,scale_dependent_camb
12,0.0,0.03362193,480,499,489.5678571428571,5.608509009004768e-05,4.875413418547883e-05,5.5464618500287454e-05,3.5949072932889265e-06,1.2709916624107883e-06,0.8692886845184951,0.9889369600946699,-5.767902435066851,linear-baseline,scale_dependent_camb
12,0.0,0.03362193,500,519,509.56519607843137,5.269191778380434e-05,4.571675604838254e-05,5.201290089939558e-05,3.3055611627846427e-06,1.168692356915955e-06,0.8676236882468202,0.9871134528222189,-5.968347182340144,linear-baseline,scale_dependent_camb
12,0.0,0.03362193,520,539,529.5627358490566,4.963712874682443e-05,4.34088704609371e-05,4.94103222221981e-05,2.779226694404427e-06,9.826050210340213e-07,0.8745242030888865,0.9954307082147485,-6.338516649684096,linear-baseline,scale_dependent_camb
12,0.0,0.03362193,540,559,549.5604545454545,4.688267076091434e-05,4.0792796697454846e-05,4.641362846365075e-05,2.8603648133128647e-06,1.0112916780804597e-06,0.8701039432135644,0.9899954015065493,-6.021876967304554,linear-baseline,scale_dependent_camb
12,0.0,0.03362193,560,579,569.5583333333333,4.439458439506962e-05,3.8838845788149644e-05,4.420178924448448e-05,2.57675462871638e-06,9.110203357095883e-07,0.8748554878343002,0.9956572371785386,-6.098369475575582,linear-baseline,scale_dependent_camb
12,0.0,0.03362193,580,599,589.5563559322034,4.214254074871287e-05,3.687170029417897e-05,4.1957101279659245e-05,2.533890178420059e-06,8.958654639714072e-07,0.8749282705577053,0.9955997083764038,-5.8835178567639534,linear-baseline,scale_dependent_camb
12,0.0,0.03362193,600,619,609.5545081967213,4.009976234553182e-05,3.551157485094319e-05,4.040320994591355e-05,2.3668059898902905e-06,8.367922826021818e-07,0.8855806811259102,1.007567316678014,-5.48306621605148,linear-baseline,scale_dependent_camb
12,0.0,0.03362193,620,639,629.5527777777778,3.82428580456539e-05,3.398862811837429e-05,3.869883119939516e-05,1.963146089749257e-06,6.940769562607771e-07,0.8887575316101909,1.011923093017706,-6.129334634877608,linear-baseline,scale_dependent_camb
12,0.0,0.03362193,640,659,649.5511538461539,3.655156189339632e-05,3.250188034011016e-05,3.699508491470669e-05,2.0575156764154285e-06,7.274416435954878e-07,0.8892063336418516,1.012134174255095,-5.567019140215855,linear-baseline,scale_dependent_camb
12,0.0,0.03362193,660,679,669.5496268656716,3.5008513109169724e-05,3.0984792694540345e-05,3.527101332758652e-05,1.9438302167532446e-06,6.872477638707679e-07,0.8850645155342101,1.0074981824448876,-5.854832312537012,linear-baseline,scale_dependent_camb
12,0.0,0.03362193,680,699,689.5481884057971,3.359864364125134e-05,2.998625110877147e-05,3.4136102417802984e-05,1.8536669271720592e-06,6.553702271322966e-07,0.8924839772982773,1.0159964426626964,-5.511987549826021,linear-baseline,scale_dependent_camb
12,0.0,0.03362193,700,719,709.5468309859154,3.230863437347604e-05,2.8616929297628543e-05,3.2602594421798564e-05,1.4196854326215975e-06,5.019345982792445e-07,0.8857362699650895,1.0090984980957243,-7.35495239519964,linear-baseline,scale_dependent_camb
12,0.0,0.03362193,720,739,729.5455479452055,3.112668031589586e-05,2.7569336150577527e-05,3.139519544737161e-05,1.5571771741654248e-06,5.505452696806387e-07,0.8857139878324365,1.008626526463814,-6.461492562422498,linear-baseline,scale_dependent_camb
12,0.0,0.03362193,740,759,749.5443333333334,3.0042607565725335e-05,2.6675074856469918e-05,3.0381781214058466e-05,1.4692520894967346e-06,5.194590578778226e-07,0.8879081084460415,1.0112897539799468,-6.482768291716775,linear-baseline,scale_dependent_camb
12,0.0,0.03362193,760,779,769.5431818181818,2.904717114349673e-05,2.5920515118505094e-05,2.952748464109476e-05,1.334910087643776e-06,4.719619876236212e-07,0.8923593623094809,1.016535637677942,-6.624804766025077,linear-baseline,scale_dependent_camb
12,0.0,0.03362193,780,799,789.5420886075949,2.8132033987390123e-05,2.521521006041753e-05,2.8730423537691024e-05,1.2873480277163984e-06,4.551462600726964e-07,0.8963166357512569,1.021270753141032,-6.408542006929187,linear-baseline,scale_dependent_camb
12,0.0,0.03362193,800,819,809.5410493827161,2.7289336527367302e-05,2.442187392170388e-05,2.7837788287568977e-05,1.0623311407746697e-06,3.755907767537049e-07,0.8949236965586258,1.0200976582795136,-7.634539459268385,linear-baseline,scale_dependent_camb
12,0.0,0.03362193,820,839,829.5400602409638,2.6512291017594432e-05,2.3848446412336655e-05,2.715891044430845e-05,1.3115373658788166e-06,4.636984825962266e-07,0.8995241639626707,1.0243894209777986,-5.7447774906293265,linear-baseline,scale_dependent_camb
12,0.0,0.03362193,840,859,849.5391176470588,2.5794656398791282e-05,2.3148468439016258e-05,2.638082889997891e-05,1.0719866527067477e-06,3.7900451573520486e-07,0.8974133278278899,1.0227245710167745,-6.981943090155181,linear-baseline,scale_dependent_camb
12,0.0,0.03362193,860,879,869.5382183908046,2.5130965846656873e-05,2.249487580611663e-05,2.5642101374701056e-05,1.0268643037028346e-06,3.6305135625333835e-07,0.8951059001621732,1.0203388732117584,-7.260928778078359,linear-baseline,scale_dependent_camb
12,0.0,0.03362193,880,899,889.5373595505617,2.4516233711693482e-05,2.1963646319709564e-05,2.5020521085752585e-05,1.1436625434582433e-06,4.043457699341892e-07,0.8958817483141216,1.0205695287452972,-6.312882641011365,linear-baseline,scale_dependent_camb
12,0.0,0.03362193,900,919,909.5365384615385,2.394612540956505e-05,2.1544050166046433e-05,2.4536322383757056e-05,1.18118832374672e-06,4.1761313678983836e-07,0.8996883544859774,1.0246468672529485,-5.7519149468888715,linear-baseline,scale_dependent_camb
12,0.0,0.03362193,920,939,929.535752688172,2.3416768202780316e-05,2.0994933508416444e-05,2.39212878585325e-05,1.037986916432658e-06,3.6698379369622335e-07,0.8965769027821557,1.021545229955869,-6.599296034223745,linear-baseline,scale_dependent_camb
12,0.0,0.03362193,940,959,949.535,2.2924783508673515e-05,2.0768545620959602e-05,2.3655992977126295e-05,1.0653238647672163e-06,3.7664886446837956e-07,0.9059429334676985,1.031896025023579,-5.724795933627283,linear-baseline,scale_dependent_camb
12,0.0,0.03362193,960,979,969.5342783505155,2.2467135169236745e-05,2.022518966358346e-05,2.304433220269991e-05,9.604666048947873e-07,3.3957622471216226e-07,0.9002122215954315,1.0256907268824151,-6.602186320769787,linear-baseline,scale_dependent_camb
12,0.0,0.03362193,980,999,989.5335858585859,2.2041038865442407e-05,1.9874463242539546e-05,2.2642100109638726e-05,1.0031159369325777e-06,3.546550406606614e-07,0.9017026540296256,1.0272700959272254,-6.108966106521152,linear-baseline,scale_dependent_camb
12,0.0,0.03362193,1000,1019,1009.5329207920792,2.1644025865511066e-05,1.953271827676832e-05,2.226256658773147e-05,8.653405596971529e-07,3.059440888988096e-07,0.9024531017537253,1.028577896093075,-6.900958918154019,linear-baseline,scale_dependent_camb
12,0.0,0.03362193,1020,1039,1029.532281553398,2.127378165407518e-05,1.9214043842098337e-05,2.1896537985969997e-05,8.544175264743688e-07,3.020822134673313e-07,0.9031795171413597,1.029273419367615,-6.818467689093498,linear-baseline,scale_dependent_camb
12,0.0,0.03362193,1040,1059,1049.5316666666668,2.0928189788744575e-05,1.8881360998915962e-05,2.1516707747015045e-05,8.652478968695337e-07,3.059113276419229e-07,0.9021975235082481,1.0281208247923566,-6.690921861594086,linear-baseline,scale_dependent_camb
12,0.0,0.03362193,1060,1079,1069.5310747663552,2.0605359141614258e-05,1.8680660935148873e-05,2.128348211561088e-05,9.049581606096752e-07,3.1995102602860305e-07,0.9065923484644198,1.0329100293441185,-6.01560254503863,linear-baseline,scale_dependent_camb
12,0.0,0.03362193,1080,1099,1089.530504587156,2.0303416460883366e-05,1.831548049151251e-05,2.0875541653591573e-05,7.893328870518553e-07,2.79071318523961e-07,0.9020885980839324,1.0281787645842988,-7.123397631420054,linear-baseline,scale_dependent_camb
12,0.0,0.03362193,1100,1119,1109.529954954955,2.0020827500202683e-05,1.80976661468272e-05,2.062686700007037e-05,7.953152442635697e-07,2.8118640119990275e-07,0.9039419647686383,1.0302704521010209,-6.839453633492957,linear-baseline,scale_dependent_camb
12,0.0,0.03362193,1120,1139,1129.529424778761,1.9755899917342176e-05,1.788332096496279e-05,2.0383644916540464e-05,7.757687974271092e-07,2.74275688646821e-07,0.9052141911927993,1.0317750647565915,-6.827360316249782,linear-baseline,scale_dependent_camb
12,0.0,0.03362193,1140,1159,1149.5289130434783,1.9507441918197336e-05,1.7696634169228444e-05,2.017381798103963e-05,7.256762109342321e-07,2.565652848486775e-07,0.9071734901704515,1.034160094677543,-7.057882947947962,linear-baseline,scale_dependent_camb
12,0.0,0.03362193,1160,1179,1169.5284188034188,1.9274082075892302e-05,1.747619760839283e-05,1.9919003211208697e-05,7.426044462375019e-07,2.625503198369093e-07,0.9067200990210458,1.0334605369416296,-6.847771004873574,linear-baseline,scale_dependent_camb
12,0.0,0.03362193,1180,1199,1189.5279411764707,1.905486495616341e-05,1.7290586431871192e-05,1.9705364897414363e-05,7.741088462136797e-07,2.7368880726709355e-07,0.9074105994269169,1.0341382603732674,-6.446294029738871,linear-baseline,scale_dependent_camb
12,0.0,0.03362193,1200,1219,1209.527479338843,1.8848659280374488e-05,1.7152688691206285e-05,1.9546607032882083e-05,7.987391146699328e-07,2.8239692219102445e-07,0.9100216856838155,1.0370290396852953,-6.005627030244266,linear-baseline,scale_dependent_camb
12,0.0,0.03362193,1220,1239,1229.5270325203253,1.865459610273093e-05,1.6933629967580192e-05,1.929976541156e-05,7.410866341701555e-07,2.620136922342155e-07,0.9077457305602668,1.0345850055008492,-6.568229776375029,linear-baseline,scale_dependent_camb
12,0.0,0.03362193,1240,1259,1249.5266,1.8471838768148012e-05,1.6746196026478583e-05,1.9084046085661297e-05,7.460964836725977e-07,2.63784941512166e-07,0.9065798070604076,1.0331427382621456,-6.54185463270594,linear-baseline,scale_dependent_camb
12,0.0,0.03362193,1260,1279,1269.5261811023622,1.829946931128731e-05,1.662774918298917e-05,1.8957344100875044e-05,6.595921263068946e-07,2.3320103266442943e-07,0.9086465241225873,1.0359504845958538,-7.168579440656699,linear-baseline,scale_dependent_camb
12,0.0,0.03362193,1280,1299,1289.5257751937984,1.8137038470057177e-05,1.6610381270417004e-05,1.8937889996217046e-05,6.488457439183955e-07,2.2940161273436377e-07,0.9158265445507786,1.0441555840266872,-6.654954084424722,linear-baseline,scale_dependent_camb
12,0.0,0.03362193,1300,1319,1309.5253816793893,1.7983620902455888e-05,1.6367003147180678e-05,1.8657246974128063e-05,6.601000168275229e-07,2.3338059908004778e-07,0.910106103545897,1.037457755327804,-6.926958631727236,linear-baseline,scale_dependent_camb
12,0.0,0.03362193,1320,1339,1329.525,1.7838798834173453e-05,1.6256334001487886e-05,1.8535080986991356e-05,6.128853776304586e-07,2.1668770330628759e-07,0.9112908415305369,1.0390318966703098,-7.302974781401213,linear-baseline,scale_dependent_camb
12,0.0,0.03362193,1340,1359,1349.5246296296295,1.7701855315429324e-05,1.6095001737132554e-05,1.8351062945926914e-05,6.155137078918339e-07,2.1761695838179575e-07,0.9092268268119782,1.0366745529736494,-7.383861948284578,linear-baseline,scale_dependent_camb
12,0.0,0.03362193,1360,1379,1369.5242700729927,1.7572188874396866e-05,1.5998272895524847e-05,1.8240816830126055e-05,6.097957568167478e-07,2.1559535739195263e-07,0.9104314214852735,1.0380503510694332,-7.300324078920855,linear-baseline,scale_dependent_camb
12,0.0,0.03362193,1380,1399,1389.5239208633093,1.744956142058002e-05,1.5856531244302118e-05,1.8078762098664654e-05,6.166134071105677e-07,2.1800576076921188e-07,0.908706577897191,1.0360582517187253,-7.307284773838324,linear-baseline,scale_dependent_camb
12,0.0,0.03362193,1400,1419,1409.5235815602837,1.733320143794395e-05,1.578060222800442e-05,1.798592447244916e-05,6.676949284095668e-07,2.3606580582113552e-07,0.910426287059657,1.0376573846927284,-6.576976299210056,linear-baseline,scale_dependent_camb
12,0.0,0.03362193,1420,1439,1429.5232517482518,1.7222897368571133e-05,1.564709723453666e-05,1.7843653971554625e-05,5.491724552419179e-07,1.9416178357121294e-07,0.9085055144722606,1.0360425188456541,-8.115912951822029,linear-baseline,scale_dependent_camb
12,0.0,0.03362193,1440,1459,1449.5229310344828,1.7118268269369116e-05,1.5615287679818015e-05,1.7805041866045224e-05,5.778244373809156e-07,2.042917890036735e-07,0.9122001965443849,1.0401193383506555,-7.357028869741184,linear-baseline,scale_dependent_camb
12,0.0,0.03362193,1460,1479,1469.522619047619,1.7018724986940357e-05,1.5515031886873905e-05,1.7689395214353224e-05,5.923858252149434e-07,2.0944001704413765e-07,0.9116447853044022,1.0394077833637667,-7.179588319788768,linear-baseline,scale_dependent_camb
12,0.0,0.03362193,1480,1499,1489.5223154362416,1.692417842098148e-05,1.540783772120379e-05,1.7566530130990753e-05,5.954658149586664e-07,2.1052895786102346e-07,0.9104038812366909,1.0379546760871374,-7.202527933371863,linear-baseline,scale_dependent_camb
12,0.0,0.03362193,1500,1519,1509.5220198675497,1.683428898223205e-05,1.538982068787015e-05,1.7553602994336486e-05,5.016136885503996e-07,1.7734722035499218e-07,0.9141948735769905,1.042729099688359,-8.144860074325024,linear-baseline,scale_dependent_camb
12,0.0,0.03362193,1520,1539,1529.5217320261438,1.6748644081060004e-05,1.5260370307349197e-05,1.7402626533519456e-05,5.384616258353788e-07,1.9037493351846487e-07,0.9111406412060662,1.0390468893657487,-7.817593136895076,linear-baseline,scale_dependent_camb
12,0.0,0.03362193,1540,1559,1549.5214516129033,1.6667176717200015e-05,1.5200906175187066e-05,1.7336838723062e-05,5.194288782304565e-07,1.836458410704386e-07,0.912026459736291,1.0401784907680804,-7.984229501013043,linear-baseline,scale_dependent_camb
12,0.0,0.03362193,1560,1579,1569.521178343949,1.6589549886654125e-05,1.5116154191725035e-05,1.723868204090326e-05,5.352981457563943e-07,1.8925647441046566e-07,0.9111853121395175,1.0391289793083143,-7.78517987043096,linear-baseline,scale_dependent_camb
12,0.0,0.03362193,1580,1599,1589.5209119496856,1.651544338172067e-05,1.5057086011799947e-05,1.717011922277389e-05,5.343304250829045e-07,1.889143334852061e-07,0.9116973528222176,1.039640221937839,-7.719675595896092,linear-baseline,scale_dependent_camb
12,0.0,0.03362193,1600,1619,1609.520652173913,1.6444832506744552e-05,1.5068883562081507e-05,1.7179334281865595e-05,5.862002393194484e-07,2.072530821779795e-07,0.9163294035315517,1.0446645944748785,-6.638979407222725,linear-baseline,scale_dependent_camb
12,0.0,0.03362193,1620,1639,1629.520398773006,1.6377413933535444e-05,1.4977156028239862e-05,1.7073278777612578e-05,6.105364646860955e-07,2.158572371705996e-07,0.9145006708032015,1.0424892994035058,-6.4869629744631085,linear-baseline,scale_dependent_camb
12,0.0,0.03362193,1640,1659,1649.5201515151516,1.631291593379572e-05,1.4885865488682195e-05,1.6979193381313636e-05,4.94713143640941e-07,1.7490750930531193e-07,0.9125202109233529,1.0408435530607731,-8.158886092320484,linear-baseline,scale_dependent_camb
12,0.0,0.03362193,1660,1679,1669.5199101796406,1.6251333910024492e-05,1.4856719080890049e-05,1.6941579972248276e-05,5.2872388012384e-07,1.8693212050541522e-07,0.9141845932859587,1.0424731942648726,-7.460541427357546,linear-baseline,scale_dependent_camb
12,0.0,0.03362193,1680,1699,1689.519674556213,1.6192434888858307e-05,1.4780526510742103e-05,1.6857625048949385e-05,4.92089378339522e-07,1.7397986818687426e-07,0.9128044430743576,1.0410803047631076,-8.115354913360736,linear-baseline,scale_dependent_camb
12,0.0,0.03362193,1700,1719,1709.5194444444444,1.613596528516143e-05,1.4757064047128015e-05,1.6831471430423215e-05,4.920854097508855e-07,1.7397846507890598e-07,0.9145448559373484,1.0431028533447186,-7.925700674552056,linear-baseline,scale_dependent_camb
12,0.0,0.03362193,1720,1739,1729.519219653179,1.608191646987177e-05,1.4692224680422067e-05,1.6758558224246946e-05,4.6941303826617044e-07,1.659625712676947e-07,0.913586680290674,1.0420746964855097,-8.373525300521862,linear-baseline,scale_dependent_camb
12,0.0,0.03362193,1740,1759,1749.519,1.603021622810312e-05,1.4641290131906846e-05,1.6697034041697358e-05,5.169790706557552e-07,1.8277970329610187e-07,0.9133557478930757,1.04159755577253,-7.598907707746,linear-baseline,scale_dependent_camb
12,0.0,0.03362193,1760,1779,1769.5187853107345,1.5980581074072288e-05,1.4545896003375557e-05,1.6589759616181977e-05,4.867289940803044e-07,1.720846861571451e-07,0.9102232225444895,1.038119924381101,-8.337087411639866,linear-baseline,scale_dependent_camb
12,0.0,0.03362193,1780,1799,1789.5185754189945,1.593294607187188e-05,1.4596165018318096e-05,1.6644521738194747e-05,5.242294192341142e-07,1.8534308861896382e-07,0.9160995683081018,1.0446606461299135,-7.212467772682889,linear-baseline,scale_dependent_camb
12,0.0,0.03362193,1800,1819,1809.5183701657459,1.5887318840145247e-05,1.4529552568005718e-05,1.65713673660237e-05,4.853060543461332e-07,1.7158160098951896e-07,0.9145377337862305,1.043056259697511,-7.913239323501053,linear-baseline,scale_dependent_camb
12,0.0,0.03362193,1820,1839,1829.518169398907,1.584349631689225e-05,1.4506297112273137e-05,1.6545843970463115e-05,4.6545397220575763e-07,1.64562830038453e-07,0.9155994877725695,1.0443303447372296,-8.125766944495636,linear-baseline,scale_dependent_camb
12,0.0,0.03362193,1840,1859,1849.517972972973,1.580135049571385e-05,1.448319419960637e-05,1.6517944204349274e-05,4.858166466501936e-07,1.7176212262983035e-07,0.9165795166390979,1.0453501559141924,-7.674313032031387,linear-baseline,scale_dependent_camb
12,0.0,0.03362193,1860,1879,1869.5177807486632,1.576091213863281e-05,1.4390511378419864e-05,1.641211664033236e-05,4.852081038340576e-07,1.7154697025386426e-07,0.9130506693928043,1.0413176912587012,-7.988487107554018,linear-baseline,scale_dependent_camb
12,0.0,0.03362193,1880,1899,1889.5175925925926,1.5722075568508275e-05,1.4402994473084955e-05,1.6427407118296164e-05,4.794790015955369e-07,1.6952142673237977e-07,0.9161000664527097,1.0448624958399695,-7.781205720417446,linear-baseline,scale_dependent_camb
12,0.0,0.03362193,1900,1919,1909.5174083769634,1.5684659297383215e-05,1.4376850627818352e-05,1.639902528906215e-05,4.6208999255973404e-07,1.633734836287146e-07,0.9166186115510296,1.0455455217824285,-8.005024074390263,linear-baseline,scale_dependent_camb
12,0.0,0.03362193,1920,1939,1929.5172279792746,1.5648640634666728e-05,1.4387405054361634e-05,1.640834867728601e-05,4.908970749823427e-07,1.7355832529232778e-07,0.9194028663735139,1.0485478617827217,-7.266926424766831,linear-baseline,scale_dependent_camb
12,0.0,0.03362193,1940,1959,1949.5170512820512,1.56140381549165e-05,1.4253800722771939e-05,1.6255038565567694e-05,4.928422187391097e-07,1.742460374627241e-07,0.9128836871891304,1.041052827224542,-7.806418165667333,linear-baseline,scale_dependent_camb
12,0.0,0.03362193,1960,1979,1969.5168781725888,1.5580724000757492e-05,1.4220699495716584e-05,1.6222037956154917e-05,4.3945670401375163e-07,1.5537140772300661e-07,0.9127110842233784,1.0411607288189078,-8.753376988548208,linear-baseline,scale_dependent_camb
12,0.0,0.03362193,1980,1999,1989.5167085427136,1.5548568613542628e-05,1.4212480793137196e-05,1.621005493760166e-05,4.6639560629252986e-07,1.6489574796252952e-07,0.9140700437697066,1.0425432295730994,-8.102621425441733,linear-baseline,scale_dependent_camb
12,0.0,0.03362193,2000,2019,2009.5165422885573,1.5517593461281454e-05,1.4188977865980156e-05,1.6183461983052193e-05,4.6903975156801836e-07,1.6583059448989967e-07,0.9143800487739044,1.042910553329817,-8.0118846548682,linear-baseline,scale_dependent_camb
12,0.0,0.03362193,2020,2039,2029.5163793103447,1.548780168716766e-05,1.4174553826427203e-05,1.6167490671369993e-05,4.5984142299732194e-07,1.6257849423593897e-07,0.9152076009709925,1.0438854395175712,-8.077623469895284,linear-baseline,scale_dependent_camb
12,0.0,0.03362193,2040,2059,2049.516219512195,1.5459047456648148e-05,1.4128962478603493e-05,1.611610573279442e-05,4.4964086451596393e-07,1.5897205219890986e-07,0.9139607416450065,1.042503154090759,-8.366784976647462,linear-baseline,scale_dependent_camb
12,0.0,0.03362193,2060,2079,2069.5160628019325,1.5431255540725304e-05,1.4115295201072621e-05,1.6094966711776864e-05,5.136608155061065e-07,1.8160652293709e-07,0.9147211102700182,1.0430108340374462,-7.246217362514795,linear-baseline,scale_dependent_camb
12,0.0,0.03362193,2080,2099,2089.515909090909,1.5404481464306158e-05,1.4088118717434969e-05,1.606764506852952e-05,4.73328649053974e-07,1.6734694873796625e-07,0.9145467668015088,1.0430500439602581,-7.866069604485973,linear-baseline,scale_dependent_camb
12,0.0,0.03362193,2100,2119,2109.5157582938386,1.5378705706051143e-05,1.405912982232825e-05,1.6032464345471455e-05,4.95518833841409e-07,1.7519236380745517e-07,0.9141946072091313,1.0425106411369245,-7.532154113595784,linear-baseline,scale_dependent_camb
12,0.0,0.03362193,2120,2139,2129.5156103286386,1.5353785222006842e-05,1.405048702729292e-05,1.6022108158787126e-05,5.011440745641713e-07,1.7718118673789115e-07,0.9151155121770309,1.0435282197267137,-7.355736908128549,linear-baseline,scale_dependent_camb
12,0.0,0.03362193,2140,2159,2149.515465116279,1.5329658740479518e-05,1.4041196875884776e-05,1.6013005570029305e-05,4.780569333355079e-07,1.6901864967739145e-07,0.9159497359721108,1.0445767802870485,-7.623193458556492,linear-baseline,scale_dependent_camb
12,0.0,0.03362193,2160,2179,2169.5153225806453,1.5306390635819657e-05,1.3997625184021152e-05,1.596543656781568e-05,4.5238565171164086e-07,1.5994248101839844e-07,0.914495488653232,1.0430569131336385,-8.182725711550988,linear-baseline,scale_dependent_camb
12,0.0,0.03362193,2180,2199,2189.5151826484016,1.528398422799785e-05,1.3980622765813883e-05,1.5943330915790812e-05,4.844238222937362e-07,1.7126968485610395e-07,0.9147237106018197,1.0431397126532715,-7.609995097959201,linear-baseline,scale_dependent_camb
12,0.0,0.03362193,2200,2219,2209.515045248869,1.52622994216347e-05,1.3953899572292875e-05,1.5911629345360843e-05,5.009864218295043e-07,1.7712544807901333e-07,0.9142724295208666,1.042544698265171,-7.386854139435487,linear-baseline,scale_dependent_camb
12,0.0,0.03362193,2220,2239,2229.5149103139015,1.5241276289627623e-05,1.3949393364365517e-05,1.5913538213271532e-05,4.169488733486572e-07,1.4741368787646321e-07,0.915237877674241,1.044107980911114,-8.763656508917544,linear-baseline,scale_dependent_camb
12,0.0,0.03362193,2240,2259,2249.514777777778,1.522096476502871e-05,1.3948982393003276e-05,1.590837653653432e-05,4.712787771915128e-07,1.6662220959071137e-07,0.9164322109891544,1.0451621682408063,-7.633930525527868,linear-baseline,scale_dependent_camb
12,0.0,0.03362193,2260,2279,2269.5146475770925,1.5201391186811001e-05,1.3922539142764851e-05,1.5875753071302982e-05,5.042201385119563e-07,1.7826873957631227e-07,0.9158726968913408,1.0443618532149261,-7.173731340029506,linear-baseline,scale_dependent_camb
12,0.0,0.03362193,2280,2299,2289.514519650655,1.5182465756292542e-05,1.3904364007808343e-05,1.5853659412068225e-05,5.19662614881025e-07,1.8372847945575302e-07,0.9158172480675956,1.0442084748649936,-6.956470506206971,linear-baseline,scale_dependent_camb
12,0.0,0.03362193,2300,2319,2309.514393939394,1.516410688619274e-05,1.3876686165622284e-05,1.5827752048841353e-05,4.4664466014569326e-07,1.579127339848903e-07,0.915100788313311,1.0437642102914004,-8.152735299318175,linear-baseline,scale_dependent_camb
12,0.0,0.03362193,2320,2339,2329.514270386266,1.514631850261158e-05,1.388697748923512e-05,1.5840460910703122e-05,4.3664807772875363e-07,1.5437840837703618e-07,0.9168549761343444,1.0458291173509824,-8.157494474880123,linear-baseline,scale_dependent_camb
12,0.0,0.03362193,2340,2359,2349.5141489361704,1.5129156860217696e-05,1.3862247456002999e-05,1.5810813197982286e-05,4.5483980906451195e-07,1.6081015667155544e-07,0.9162604092270302,1.045055804765764,-7.878292207638849,linear-baseline,scale_dependent_camb
12,0.0,0.03362193,2360,2379,2369.514029535865,1.5112578704133273e-05,1.3843859195926789e-05,1.579005498899009e-05,4.510086569288154e-07,1.5945563984410127e-07,0.9160487741341263,1.044828635676288,-7.956567164679172,linear-baseline,scale_dependent_camb
12,0.0,0.03362193,2380,2399,2389.513912133891,1.5096508520884858e-05,1.3813733878365919e-05,1.5758553090072908e-05,4.190454677368448e-07,1.481549459311058e-07,0.9150283894620853,1.043854151327253,-8.658331549156975,linear-baseline,scale_dependent_camb
12,0.0,0.03362193,2400,2419,2409.5137966804978,1.5080918718971438e-05,1.3801062260974646e-05,1.57422433633111e-05,4.3529444127710645e-07,1.5389982561992567e-07,0.9151340523845697,1.0438517478055056,-8.316165745096768,linear-baseline,scale_dependent_camb
12,0.0,0.03362193,2420,2439,2429.513683127572,1.506583777841815e-05,1.3798404954344692e-05,1.573370472404061e-05,4.973306558790573e-07,1.7583293963201734e-07,0.9158737242021111,1.0443298909390344,-7.208164902014026,linear-baseline,scale_dependent_camb
12,0.0,0.03362193,2440,2459,2449.5135714285716,1.5051277898332806e-05,1.3775751642642129e-05,1.5709420670581528e-05,4.864543628955138e-07,1.7198758937059971e-07,0.915254620617166,1.0437267039180522,-7.416385451755866,linear-baseline,scale_dependent_camb
12,0.0,0.03362193,2460,2479,2469.5134615384613,1.5037165768868903e-05,1.3812971569742553e-05,1.5756144490607687e-05,4.3004521502583617e-07,1.5204394388079784e-07,0.9185887674617002,1.0478134465490345,-8.05158145651704,linear-baseline,scale_dependent_camb
12,0.0,0.03362193,2480,2499,2489.513353413655,1.5023464340521539e-05,1.3743122520475582e-05,1.5673142566549085e-05,4.7258922721667577e-07,1.6708552364031075e-07,0.9147771917963956,1.0432442352377556,-7.662793233973884,linear-baseline,scale_dependent_camb
12,0.0,0.03362193,2500,2519,2509.513247011952,1.5010185581562999e-05,1.3676204954518593e-05,1.559739870986917e-05,4.6128982352129474e-07,1.6309058115212664e-07,0.9111283055232219,1.0391209772267869,-8.179384840134352,linear-baseline,scale_dependent_camb
12,0.0,0.03362193,2520,2539,2529.51314229249,1.4997351108124251e-05,1.3699687556433251e-05,1.562487096748525e-05,4.5032012270004313e-07,1.5921220623297931e-07,0.9134738166536596,1.0418420462944995,-8.150528043007554,linear-baseline,scale_dependent_camb
12,0.0,0.03362193,2540,2559,2549.513039215686,1.4984942733863597e-05,1.3718754596838065e-05,1.5648538824262105e-05,4.312820381203447e-07,1.5248122687942542e-07,0.9155026375800458,1.0442841926181596,-8.303895259360488,linear-baseline,scale_dependent_camb
12,0.0,0.03362193,2560,2579,2569.512937743191,1.497289885057103e-05,1.3699388095495177e-05,1.56262124820479e-05,4.336293705628437e-07,1.5331113422332053e-07,0.9149456115488762,1.0436330758657302,-8.306707542981158,linear-baseline,scale_dependent_camb
12,0.0,0.03362193,2580,2599,2589.5128378378377,1.496120032213188e-05,1.3717269195197484e-05,1.5647995586188253e-05,4.1789295717808494e-07,1.4774747191536169e-07,0.9168561946801643,1.0459050911202898,-8.419305662617303,linear-baseline,scale_dependent_camb
12,0.0,0.03362193,2600,2619,2609.5127394636015,1.494986255592751e-05,1.3697637567469867e-05,1.5624399170640638e-05,4.2955556552005896e-07,1.5187082663782799e-07,0.9162383611372303,1.0451199208146351,-8.245329377470698,linear-baseline,scale_dependent_camb
12,0.0,0.03362193,2620,2639,2629.5126425855515,1.4938900993057958e-05,1.3689979224260747e-05,1.5615237676673822e-05,4.354704769151538e-07,1.5396206361662257e-07,0.9163980155315589,1.0452735233957406,-8.111879897291603,linear-baseline,scale_dependent_camb
12,0.0,0.03362193,2640,2659,2649.512547169811,1.4928299663294067e-05,1.3652907315937387e-05,1.55743746958213e-05,4.158008711202443e-07,1.4700780779619922e-07,0.9145654645121686,1.0432785412337222,-8.675677615197076,linear-baseline,scale_dependent_camb
12,0.0,0.03362193,2660,2679,2669.5124531835204,1.4918009906062604e-05,1.3620380921864496e-05,1.5536062797148288e-05,4.3441742100565327e-07,1.5358975212933438e-07,0.9130159456677424,1.0414299826168174,-8.448669043396881,linear-baseline,scale_dependent_camb
12,0.0,0.03362193,2680,2699,2689.5123605947956,1.4908003803043243e-05,1.3638613977578454e-05,1.5557619303551977e-05,4.2530836570591783e-07,1.5036921474301126e-07,0.9148517908745326,1.0435749486712718,-8.441819874062935,linear-baseline,scale_dependent_camb
12,0.0,0.03362193,2700,2719,2709.512269372694,1.489828678852786e-05,1.3674187707474184e-05,1.5593841908093437e-05,4.781183259099397e-07,1.6904035523023904e-07,0.917836252018167,1.0466869197404078,-7.241460652318247,linear-baseline,scale_dependent_camb
12,0.0,0.03362193,2720,2739,2729.5121794871793,1.4888891516248978e-05,1.3672644414797315e-05,1.559483921996842e-05,4.4274454501935997e-07,1.5653383505827105e-07,0.918311776257869,1.0474143896440515,-7.769867140857465,linear-baseline,scale_dependent_camb
12,0.0,0.03362193,2740,2759,2749.512090909091,1.4879808986138545e-05,1.3662667903070824e-05,1.5587981117950807e-05,3.925584336958448e-07,1.3879036523915077e-07,0.9182018341632233,1.047592824106275,-8.769636717725007,linear-baseline,scale_dependent_camb
12,0.0,0.03362193,2760,2779,2769.5120036101084,1.4870994572582196e-05,1.364926261155809e-05,1.5569237326158528e-05,4.2616096874139726e-07,1.5067065543703515e-07,0.9178446367483298,1.0469533325540774,-8.10862578038405,linear-baseline,scale_dependent_camb
12,0.0,0.03362193,2780,2799,2789.511917562724,1.4862426659208832e-05,1.3646241062871217e-05,1.556430868230697e-05,4.435418344715415e-07,1.5681571944737406e-07,0.9181704559945424,1.0472252640293602,-7.755508188997314,linear-baseline,scale_dependent_camb
12,0.0,0.03362193,2800,2819,2809.5118327402133,1.4854096436469774e-05,1.3619244826937538e-05,1.553403417792972e-05,4.414144386983506e-07,1.5606357145862863e-07,0.9168679417954748,1.0457744262243083,-7.912491031640823,linear-baseline,scale_dependent_camb
12,0.0,0.03362193,2820,2839,2829.511749116608,1.4846023694404552e-05,1.3593136230916867e-05,1.5505353365248515e-05,4.241386060905968e-07,1.4995564226483543e-07,0.915607876608745,1.044411196183963,-8.355053831685575,linear-baseline,scale_dependent_camb
12,0.0,0.03362193,2840,2859,2849.5116666666668,1.4838221750932018e-05,1.3579884941559042e-05,1.5488293207600436e-05,4.5091678612562627e-07,1.594231586101372e-07,0.9151962525904469,1.043810603964561,-7.893061587433398,linear-baseline,scale_dependent_camb
12,0.0,0.03362193,2860,2879,2869.5115853658535,1.4830654733910292e-05,1.3575822129078734e-05,1.5485417094483773e-05,4.3280306226445163e-07,1.5301899012274865e-07,0.9153892645101916,1.0441492551961558,-8.200502459367673,linear-baseline,scale_dependent_camb
12,0.0,0.03362193,2880,2899,2889.5115051903113,1.4823298291799291e-05,1.3571515604264307e-05,1.5477444828183885e-05,4.629214107795691e-07,1.6366743435933831e-07,0.9155530258587922,1.0441296210538034,-7.648330851124886,linear-baseline,scale_dependent_camb
12,0.0,0.03362193,2900,2919,2909.5114261168383,1.4816146871184599e-05,1.3568815806081426e-05,1.5475358514763148e-05,4.527821605612514e-07,1.600826680665785e-07,0.9158127227039667,1.0444927854259212,-7.79179332883437,linear-baseline,scale_dependent_camb
12,0.0,0.03362193,2920,2939,2929.511348122867,1.4809197633467299e-05,1.3556136902524441e-05,1.5459385357775254e-05,4.686449629088812e-07,1.6569101562089397e-07,0.9153863185598208,1.0439043181406802,-7.562635344151055,linear-baseline,scale_dependent_camb
12,0.0,0.03362193,2940,2959,2949.511271186441,1.4802468512907886e-05,1.353733908042405e-05,1.5439759691429693e-05,4.48161591011256e-07,1.584490500357056e-07,0.914532536827852,1.043053033888644,-7.984455774261478,linear-baseline,scale_dependent_camb
12,0.0,0.03362193,2960,2979,2969.5111952861953,1.4795952515232402e-05,1.3567523085207265e-05,1.5474062325509867e-05,4.480660763597335e-07,1.5841528050680847e-07,0.9169753059993623,1.0458307641619795,-7.754488241886114,linear-baseline,scale_dependent_camb
12,0.0,0.03362193,2980,2999,2989.511120401338,1.4789619776835295e-05,1.3541976955176892e-05,1.544651110353969e-05,4.343356334717368e-07,1.5356083586940993e-07,0.9156406425260125,1.0444157007831447,-8.124746225785161,linear-baseline,scale_dependent_camb
12,0.0,0.03362193,3000,3019,3009.5110465116277,1.4783465194237175e-05,1.351809882784461e-05,1.541864345782608e-05,4.371746311040851e-07,1.5456457310821295e-07,0.9144066462248767,1.0429654519588891,-8.186651966532223,linear-baseline,scale_dependent_camb
12,0.0,0.03362193,3020,3039,3029.5109735973597,1.477747902444451e-05,1.352326809788594e-05,1.542354258920485e-05,4.4805748679862903e-07,1.5841224363835628e-07,0.9151268680886714,1.0437194709389632,-7.917386293838769,linear-baseline,scale_dependent_camb
12,0.0,0.03362193,3040,3059,3049.5109016393444,1.4771660494227237e-05,1.3538130869994967e-05,1.5441482374923937e-05,4.357524986576859e-07,1.540617733599158e-07,0.9164935028993977,1.0453450633365469,-8.006720923239822,linear-baseline,scale_dependent_camb
12,0.0,0.03362193,3060,3079,3069.5108306188927,1.4766029003878898e-05,1.3506446051639507e-05,1.5403063096539242e-05,4.5983281559930774e-07,1.6257545106118686e-07,0.9146972451490845,1.0431418692522547,-7.747682346981983,linear-baseline,scale_dependent_camb
12,0.0,0.03362193,3080,3099,3089.5107605177996,1.4760572064865223e-05,1.3491866300015732e-05,1.5389030646379353e-05,4.3062315191727635e-07,1.5224827542831546e-07,0.9140476561969161,1.0425768444984633,-8.333137181884522,linear-baseline,scale_dependent_camb
12,0.0,0.03362193,3100,3119,3109.510691318328,1.4755260846289913e-05,1.3521215938491387e-05,1.542441939415556e-05,4.082857384187198e-07,1.4435080714881681e-07,0.9163657680705241,1.045350506157531,-8.54892973702808,linear-baseline,scale_dependent_camb
12,0.0,0.03362193,3120,3139,3129.5106230031947,1.4750090085965093e-05,1.3519606266162218e-05,1.5421926017020473e-05,4.189237779452755e-07,1.4811192209269588e-07,0.9165778776514933,1.0455479205306442,-8.307797255056734,linear-baseline,scale_dependent_camb
12,0.0,0.03362193,3140,3159,3149.5105555555556,1.4745055643189955e-05,1.3519082987045367e-05,1.5421062457056213e-05,4.2371610427600086e-07,1.4980626531575323e-07,0.9168553387785412,1.0458463386117145,-8.183720844789443,linear-baseline,scale_dependent_camb
12,0.0,0.03362193,3160,3179,3169.5104889589907,1.4740161566674115e-05,1.3454161843144755e-05,1.534597807425742e-05,4.405835193864067e-07,1.5576979711858144e-07,0.9127553848231308,1.0410997196226797,-8.255770677741712,linear-baseline,scale_dependent_camb
12,0.0,0.03362193,3180,3199,3189.510423197492,1.4735421676726082e-05,1.3500690488729737e-05,1.539474897080694e-05,4.852579353187163e-07,1.7156458834422366e-07,0.9162065928560059,1.044744379125725,-7.196888355066641,linear-baseline,scale_dependent_camb
12,0.0,0.03362193,3200,3219,3209.5103582554516,1.4730823152580349e-05,1.3484894593664792e-05,1.5381122863713307e-05,4.3207124350298054e-07,1.5276025311833076e-07,0.9154203029925513,1.0441455107020987,-8.156104310395708,linear-baseline,scale_dependent_camb
12,0.0,0.03362193,3220,3239,3229.510294117647,1.4726346085966838e-05,1.3478129108273342e-05,1.537390861764067e-05,4.3148153775333444e-07,1.5255176065109104e-07,0.9152391930485079,1.0439730621495384,-8.182252190116362,linear-baseline,scale_dependent_camb
12,0.0,0.03362193,3240,3259,3249.510230769231,1.4721986736608038e-05,1.3446361958124875e-05,1.5337453668032234e-05,4.2931291376255385e-07,1.5178503628622864e-07,0.9133524026814149,1.0418059696993043,-8.404153727496915,linear-baseline,scale_dependent_camb
12,0.0,0.03362193,3260,3279,3269.5101681957185,1.4717738795139188e-05,1.3466227909692249e-05,1.5361527330679642e-05,4.1155333714396165e-07,1.4550607775722434e-07,0.9149658175846772,1.0437423536659773,-8.60109010384483,linear-baseline,scale_dependent_camb
12,0.0,0.03362193,3280,3299,3289.510106382979,1.471360324208063e-05,1.3500671049502084e-05,1.5399423865854985e-05,4.258914138699367e-07,1.5057535339827933e-07,0.917563891548361,1.0466113305143991,-8.05531692408039,linear-baseline,scale_dependent_camb
12,0.0,0.03362193,3300,3319,3309.5100453172204,1.4709594860589756e-05,1.3487139530130774e-05,1.5384813184587823e-05,4.1625844861380023e-07,1.4716958587050507e-07,0.9168940176772503,1.04590325773058,-8.306439970107844,linear-baseline,scale_dependent_camb
12,0.0,0.03362193,3320,3339,3329.509984984985,1.4705706200860804e-05,1.3474108269465855e-05,1.5367570814350828e-05,4.442831086859098e-07,1.5707779945922337e-07,0.9162503374830883,1.0450073328305227,-7.840687453192046,linear-baseline,scale_dependent_camb
12,0.0,0.03362193,3340,3359,3349.509925373134,1.4701917326199412e-05,1.3479905177083156e-05,1.537558074981245e-05,4.289443127345984e-07,1.5165471614301883e-07,0.9168807631002943,1.0458214672730164,-8.05785787738926,linear-baseline,scale_dependent_camb
12,0.0,0.03362193,3360,3379,3369.5098664688426,1.4698220623064331e-05,1.3479766274647517e-05,1.537268695482681e-05,4.655315907191671e-07,1.6459027232704172e-07,0.9171019146014977,1.0458876179000953,-7.402954811300993,linear-baseline,scale_dependent_camb
12,0.0,0.03362193,3380,3399,3389.509808259587,1.4694614107374059e-05,1.3468268351015197e-05,1.536191506364876e-05,4.353336167417501e-07,1.539136762382785e-07,0.9165445415988531,1.045411260983018,-7.967750406145313,linear-baseline,scale_dependent_camb
12,0.0,0.03362193,3400,3419,3409.509750733138,1.4691099301322557e-05,1.3427775494970032e-05,1.5316958168421647e-05,4.1747355446403754e-07,1.475991906637862e-07,0.9140075374591747,1.0426012277408503,-8.559151311542278,linear-baseline,scale_dependent_camb
12,0.0,0.03362193,3420,3439,3429.509693877551,1.4687688668290458e-05,1.344311754111203e-05,1.5334531774996656e-05,4.1760753277227635e-07,1.4764655914892998e-07,0.9152643308769638,1.0440398160197037,-8.429394727194683,linear-baseline,scale_dependent_camb
12,0.0,0.03362193,3440,3459,3449.5096376811593,1.4684381782069977e-05,1.3453851362294592e-05,1.534627720986578e-05,4.2513111007501467e-07,1.5030654541370372e-07,0.9162014146705246,1.0450747901831314,-8.18680528109054,linear-baseline,scale_dependent_camb
12,0.0,0.03362193,3460,3479,3469.509582132565,1.4681154924136034e-05,1.3429706929649238e-05,1.5314720631310422e-05,4.662821264458621e-07,1.6485562677797615e-07,0.914758205266985,1.0431550317702047,-7.591175496679999,linear-baseline,scale_dependent_camb
12,0.0,0.03362193,3480,3499,3489.5095272206304,1.4677998729222753e-05,1.3460635868291367e-05,1.5354693595746944e-05,4.130067224183839e-07,1.4601992704883469e-07,0.9170620679706347,1.0461026655614123,-8.336963903044914,linear-baseline,scale_dependent_camb
12,0.0,0.03362193,3500,3519,3509.509472934473,1.4674925927930407e-05,1.3462124364285482e-05,1.535420077462566e-05,4.403988726522994e-07,1.5570451463967583e-07,0.9173555240005246,1.046288127792346,-7.789122662573616,linear-baseline,scale_dependent_camb
12,0.0,0.03362193,3520,3539,3529.509419263456,1.4671933075280852e-05,1.3446244639361738e-05,1.533775435300439e-05,4.221393723047403e-07,1.4924880638125726e-07,0.9164603307805333,1.045380610333161,-8.212383506693403,linear-baseline,scale_dependent_camb
12,0.0,0.03362193,3540,3559,3549.509366197183,1.4669010730847849e-05,1.3403949468552942e-05,1.5288259410842765e-05,4.3384074383720776e-07,1.5338586596115272e-07,0.9137596061856731,1.0422147540387765,-8.247573884123733,linear-baseline,scale_dependent_camb
12,0.0,0.03362193,3560,3579,3569.5093137254903,1.4666168638472205e-05,1.3432122553764272e-05,1.5322000312624814e-05,4.192947896676087e-07,1.4824309454507662e-07,0.9158576370470206,1.0447173144069977,-8.324476013502897,linear-baseline,scale_dependent_camb
12,0.0,0.03362193,3580,3599,3589.50926183844,1.466340899672716e-05,1.343380983356684e-05,1.5321341147508234e-05,4.475836538860048e-07,1.5824471840552328e-07,0.9161450680783191,1.0448689763020265,-7.770238245862378,linear-baseline,scale_dependent_camb
12,0.0,0.03362193,3600,3619,3609.5092105263157,1.4660712611650851e-05,1.3422643900310544e-05,1.5309564315803012e-05,4.3364428164271513e-07,1.5331640608616648e-07,0.9155519418369599,1.0442578557631994,-8.07525262915758,linear-baseline,scale_dependent_camb
12,0.0,0.03362193,3620,3639,3629.5091597796145,1.465807344999159e-05,1.3417000678294791e-05,1.5301938516551307e-05,4.5042599447145416e-07,1.592496375567298e-07,0.9153317947320347,1.043925626976585,-7.793253352019025,linear-baseline,scale_dependent_camb
12,0.0,0.03362193,3640,3659,3649.509109589041,1.4655500910769709e-05,1.3430597975491652e-05,1.5321196364576734e-05,4.027985356402555e-07,1.4241078800161795e-07,0.916420261392913,1.0454229069248553,-8.601194842515309,linear-baseline,scale_dependent_camb
12,0.0,0.03362193,3660,3679,3669.5090599455043,1.4652991508358569e-05,1.3415398671138453e-05,1.5300867654482058e-05,4.416991151352291e-07,1.5616421977810902e-07,0.9155399198508952,1.0442145991659053,-7.924944900813961,linear-baseline,scale_dependent_camb
12,0.0,0.03362193,3680,3699,3689.509010840108,1.4650541794202844e-05,1.3422383456547334e-05,1.531121530303899e-05,4.156186388098647e-07,1.4694337894498886e-07,0.9161697666265498,1.045095500092534,-8.358037949537659,linear-baseline,scale_dependent_camb
12,0.0,0.03362193,3700,3719,3709.508962264151,1.4648155826255495e-05,1.339786517588717e-05,1.5284439788470078e-05,3.9734657646904033e-07,1.4048322935125872e-07,0.9146451836532696,1.0434378204165538,-8.89992817037362,linear-baseline,scale_dependent_camb
12,0.0,0.03362193,3720,3739,3729.508914209115,1.4645830946520135e-05,1.3406844536597178e-05,1.5291782742661736e-05,4.3072546243859254e-07,1.5228444766002017e-07,0.9154034745828238,1.0441048239939625,-8.13600094402964,linear-baseline,scale_dependent_camb
12,0.0,0.03362193,3740,3759,3749.5088666666666,1.4643557792792846e-05,1.340764748537655e-05,1.529402652226555e-05,4.1808946476065673e-07,1.478169478374572e-07,0.9156004077079837,1.044420129225211,-8.361086637882211,linear-baseline,scale_dependent_camb
12,0.0,0.03362193,3760,3779,3769.5088196286474,1.4641335085667492e-05,1.3379163820465936e-05,1.5262446502554382e-05,4.036235260626945e-07,1.4270246616267824e-07,0.9137939772693883,1.042421774602707,-8.844775420788475,linear-baseline,scale_dependent_camb
12,0.0,0.03362193,3780,3799,3789.5087730870714,1.4639167602840626e-05,1.3406313866941714e-05,1.5294267136071875e-05,3.938622547563529e-07,1.3925133559582032e-07,0.91578389090513,1.0447497802473504,-8.853442809893714,linear-baseline,scale_dependent_camb
12,0.0,0.03362193,3800,3819,3809.5087270341205,1.4637050510606159e-05,1.3404601650905233e-05,1.5288455137062085e-05,4.4108534112673686e-07,1.559472178963486e-07,0.915799370999787,1.0445038176225403,-7.902987153769438,linear-baseline,scale_dependent_camb
12,0.0,0.03362193,3820,3839,3829.508681462141,1.4634978874477405e-05,1.3352778317496221e-05,1.522849379275258e-05,4.490315703287212e-07,1.5875663417314142e-07,0.9123879461679804,1.040554545610601,-8.076516384082602,linear-baseline,scale_dependent_camb
12,0.0,0.03362193,3840,3859,3849.5086363636365,1.463295903095114e-05,1.3405757917248269e-05,1.52929367697957e-05,4.029567257739743e-07,1.4246671665975264e-07,0.9161344529765213,1.045102138087628,-8.613949576965013,linear-baseline,scale_dependent_camb
12,0.0,0.03362193,3860,3879,3869.5085917312663,1.4630991896661551e-05,1.3388400317957441e-05,1.5269511303720855e-05,4.4619459451469157e-07,1.5775361175506014e-07,0.9150712687505732,1.0436415665847645,-7.876786875938214,linear-baseline,scale_dependent_camb
12,0.0,0.03362193,3880,3899,3889.5085475578408,1.4629068323952922e-05,1.3363451966367012e-05,1.5242810491162544e-05,4.2524250704529403e-07,1.503459301902478e-07,0.9134861954596486,1.0419536059042604,-8.418028715405853,linear-baseline,scale_dependent_camb
12,0.0,0.03362193,3900,3919,3909.5085038363172,1.4627184067413383e-05,1.338385887254697e-05,1.5264250229908437e-05,4.463944831906795e-07,1.5782428307419688e-07,0.9149990053358044,1.0435535752855067,-7.877908080101318,linear-baseline,scale_dependent_camb
12,0.0,0.03362193,3920,3939,3929.5084605597963,1.4625344115088041e-05,1.3363456293032134e-05,1.5239768407361992e-05,4.630365081440228e-07,1.6370812742278928e-07,0.9137191021198539,1.0420109289353465,-7.7081562285358105,linear-baseline,scale_dependent_camb
12,0.0,0.03362193,3940,3959,3949.508417721519,1.4623547116478108e-05,1.337826558038595e-05,1.5260386742345495e-05,4.2110560610653296e-07,1.4888331483680034e-07,0.9148440849423634,1.0435489160594822,-8.364144346578952,linear-baseline,scale_dependent_camb
12,0.0,0.03362193,3960,3979,3969.5083753148615,1.4621783941981103e-05,1.3407659954463257e-05,1.5292250387196225e-05,4.3507966704682436e-07,1.5382389146259737e-07,0.9169647156369249,1.045853942848254,-7.8929480718088785,linear-baseline,scale_dependent_camb
12,0.0,0.03362193,3980,3999,3989.508333333333,1.4620058791026052e-05,1.3353585073689774e-05,1.523138134400819e-05,4.289475619568583e-07,1.5165586491656562e-07,0.9133742390889937,1.041813959965563,-8.35097091716853,linear-baseline,scale_dependent_camb
12,0.0,0.03362193,4000,4019,4009.5082917705736,1.4618380083532372e-05,1.3399641872871255e-05,1.528458064780647e-05,4.2173335016197e-07,1.4910525587602486e-07,0.9166297357369968,1.0455728035847538,-8.173677067926095,linear-baseline,scale_dependent_camb
12,0.0,0.03362193,4020,4039,4029.5082506203476,1.4616743965824716e-05,1.3388503848664811e-05,1.5273392643065347e-05,4.013839061569558e-07,1.419106409513641e-07,0.9159703337465824,1.0449244153674673,-8.65502480240964,linear-baseline,scale_dependent_camb
12,0.0,0.03362193,4040,4059,4049.5082098765433,1.4615142580203825e-05,1.3378098184751212e-05,1.526010762347928e-05,4.2035111005785916e-07,1.4861656020060247e-07,0.9153587186259691,1.0441299179762407,-8.323731849148245,linear-baseline,scale_dependent_camb
12,0.0,0.03362193,4060,4079,4069.5081695331696,1.4613573571510563e-05,1.3376703412326345e-05,1.5258428823770105e-05,4.197439098439972e-07,1.4840188250622263e-07,0.9153615538915465,1.0441271431045929,-8.33459884939367,linear-baseline,scale_dependent_camb
12,0.0,0.03362193,4080,4096,4088.005870123517,1.4612153290369295e-05,1.3354895780238292e-05,1.5232996770705601e-05,4.3048528354919623e-07,1.5219953159932517e-07,0.9139580946663318,1.042488158178952,-8.260587249642873,linear-baseline,scale_dependent_camb
