segment_index,z_lo,z_hi,ell_min,ell_max,ell_effective,theory_cl,ensemble_mean_theoretical_normalization_cl,ensemble_mean_measured_normalization_cl,realization_std_cl,ensemble_sem_cl,theoretical_normalization_mean_over_theory,measured_normalization_mean_over_theory,mean_minus_theory_over_sem,theory_model,linear_power_evolution
0,0.44933801,0.49256256,20,39,30.608333333333334,2.4912185103102267e-05,2.458879919548325e-05,2.492045406224715e-05,9.407543174473692e-07,3.3260687864877834e-07,0.9870189665707506,1.0003319242816582,-0.9722766676768073,corrected-two-halo,scale_dependent_camb
0,0.44933801,0.49256256,40,59,50.165,2.0595994710368356e-05,2.0352029338165938e-05,2.062694443402193e-05,8.348312434437525e-07,2.951574166927374e-07,0.9881547176704409,1.0015027059430148,-0.8265601960339345,corrected-two-halo,scale_dependent_camb
0,0.44933801,0.49256256,60,79,69.975,1.7115647744832128e-05,1.674213462394358e-05,1.6969060087024477e-05,3.081093406949127e-07,1.0893310207614453e-07,0.9781770969783293,0.9914354595284358,-3.428830298318873,corrected-two-halo,scale_dependent_camb
0,0.44933801,0.49256256,80,99,89.86944444444444,1.4453957215520918e-05,1.4117325560304327e-05,1.4308741281975448e-05,4.828429467287113e-07,1.7071076093998335e-07,0.9767100697617183,0.989953205798234,-1.9719416243182253,corrected-two-halo,scale_dependent_camb
0,0.44933801,0.49256256,100,119,109.80227272727272,1.1717727178907848e-05,1.1376592916729949e-05,1.1531156948659444e-05,2.2903177763375979e-07,8.097496153602049e-08,0.9708873353194339,0.9840779506639962,-4.212836359621493,corrected-two-halo,scale_dependent_camb
0,0.44933801,0.49256256,120,139,129.75576923076923,9.502332833066383e-06,9.169537154058661e-06,9.29362841944728e-06,1.192107570808246e-07,4.2147367361116656e-08,0.9649774760730698,0.9780365077412517,-7.896001573629603,corrected-two-halo,scale_dependent_camb
0,0.44933801,0.49256256,140,159,149.72166666666666,8.155743359908009e-06,7.87286426345966e-06,7.979162322162765e-06,1.7557330327372796e-07,6.207453667008765e-08,0.9653153509171308,0.9783488726958623,-4.557087521277671,corrected-two-halo,scale_dependent_camb
0,0.44933801,0.49256256,160,179,169.6955882352941,7.134918612821053e-06,6.901569355525622e-06,6.995032912801536e-06,9.924196533061823e-08,3.50873333317802e-08,0.9672947555594936,0.9803942122383639,-6.650526989011042,corrected-two-halo,scale_dependent_camb
0,0.44933801,0.49256256,180,199,189.675,6.059132996512043e-06,5.840314490319272e-06,5.9193404147741e-06,1.2052114467812586e-07,4.2610659339133884e-08,0.9638861688101689,0.9769286163848169,-5.135299701683031,corrected-two-halo,scale_dependent_camb
0,0.44933801,0.49256256,200,219,209.65833333333333,5.162652555738994e-06,4.9757044087376145e-06,5.0430793811997944e-06,7.274190743362257e-08,2.5718148011379322e-08,0.9637883539550688,0.9768388104277368,-7.269113892596868,corrected-two-halo,scale_dependent_camb
0,0.44933801,0.49256256,220,239,229.64456521739132,4.578271410067368e-06,4.440397797439243e-06,4.500601829228605e-06,7.454717446985237e-08,2.635640629296464e-08,0.9698852251692749,0.9830351733477461,-5.23112335936816,corrected-two-halo,scale_dependent_camb
0,0.44933801,0.49256256,240,259,249.633,4.119711188381029e-06,3.996356157201704e-06,4.050410646146315e-06,5.6652366062700946e-08,2.0029636106599233e-08,0.9700573594752884,0.9831783008405625,-6.1586256746164025,corrected-two-halo,scale_dependent_camb
0,0.44933801,0.49256256,260,279,269.6231481481482,3.6429239986336204e-06,3.5732422983776842e-06,3.6216009196790035e-06,2.5223614198251543e-08,8.917894322808473e-09,0.98087204117295,0.9941467131999968,-7.81369432442339,corrected-two-halo,scale_dependent_camb
0,0.44933801,0.49256256,280,299,289.6146551724138,3.2192031508947787e-06,3.1704154757890905e-06,3.2133718294548226e-06,4.872707315825364e-08,1.7227621928787074e-08,0.9848447976661157,0.9981885823395968,-2.831944844585012,corrected-two-halo,scale_dependent_camb
0,0.44933801,0.49256256,300,319,309.60725806451615,2.912388424252913e-06,2.862724877921714e-06,2.90146104734488e-06,3.368538358678934e-08,1.1909581580544384e-08,0.9829474853293518,0.9962479671952288,-4.170049635692449,corrected-two-halo,scale_dependent_camb
0,0.44933801,0.49256256,320,339,329.6007575757576,2.6684176573095365e-06,2.6156503804355492e-06,2.6510527371395414e-06,2.2251961052023652e-08,7.867256277292432e-09,0.9802252556943464,0.9934924279479159,-6.707201979207352,corrected-two-halo,scale_dependent_camb
0,0.44933801,0.49256256,340,359,349.595,2.427270862032561e-06,2.3733418440955817e-06,2.4055172468469467e-06,3.5973401388999775e-08,1.2718518032253653e-08,0.9777820354619098,0.9910378295533948,-4.24019668016488,corrected-two-halo,scale_dependent_camb
0,0.44933801,0.49256256,360,379,369.58986486486486,2.2040599249962332e-06,2.1899432317760022e-06,2.2195873603777104e-06,1.484599503730928e-08,5.248851882171611e-09,0.9935951409214724,1.007044924325959,-2.6894821071594963,corrected-two-halo,scale_dependent_camb
0,0.44933801,0.49256256,380,399,389.5852564102564,2.0262627517771875e-06,2.006083666977722e-06,2.033288284879908e-06,2.167623866689672e-08,7.66370767599036e-09,0.9900412299531407,1.0034672369595494,-2.633070786700873,corrected-two-halo,scale_dependent_camb
0,0.44933801,0.49256256,400,419,409.5810975609756,1.8806041537543239e-06,1.850032954982969e-06,1.8750480410239521e-06,1.920880477527494e-08,6.791338057542723e-09,0.9837439480763007,0.9970455703188361,-4.501498601943593,corrected-two-halo,scale_dependent_camb
0,0.44933801,0.49256256,420,439,429.57732558139537,1.7440690118399493e-06,1.7238364675291001e-06,1.747191183491725e-06,1.7488040803290313e-08,6.1829561208368086e-09,0.9883992295181575,1.0017901652002186,-3.272309218346978,corrected-two-halo,scale_dependent_camb
0,0.44933801,0.49256256,440,459,449.5738888888889,1.616019674734216e-06,1.6112979282323113e-06,1.6330586341046905e-06,2.7414034528607306e-08,9.692324857430191e-09,0.9970781627379126,1.010543782131413,-0.4871634588563172,corrected-two-halo,scale_dependent_camb
0,0.44933801,0.49256256,460,479,469.5707446808511,1.5066478172610884e-06,1.5004741877609417e-06,1.5207372966566361e-06,2.6632258559935616e-08,9.415925313021974e-09,0.99590240703274,1.0093515413715999,-0.6556582911303175,corrected-two-halo,scale_dependent_camb
0,0.44933801,0.49256256,480,499,489.5678571428571,1.4139591829501608e-06,1.4022738852861603e-06,1.421259906108466e-06,1.1495579509939535e-08,4.064301112573687e-09,0.9917357602645788,1.0051633195967318,-2.8751062828120264,corrected-two-halo,scale_dependent_camb
0,0.44933801,0.49256256,500,519,509.56519607843137,1.329394557108535e-06,1.3162605587021703e-06,1.3340701032497228e-06,1.1605735537269382e-08,4.103247149530439e-09,0.9901203157962889,1.0035170492583911,-3.2008791885391816,corrected-two-halo,scale_dependent_camb
0,0.44933801,0.49256256,520,539,529.5627358490566,1.2505577839181136e-06,1.2468161269518828e-06,1.263660885974243e-06,1.6729977975578265e-08,5.9149404378164894e-09,0.9970080095343473,1.0104778061634834,-0.63257728553088,corrected-two-halo,scale_dependent_camb
0,0.44933801,0.49256256,540,559,549.5604545454545,1.1802369070033615e-06,1.1689602587132127e-06,1.1847688880458138e-06,1.2949387234351077e-08,4.578299762810079e-09,0.9904454366549337,1.0038398909706687,-2.463064647219036,corrected-two-halo,scale_dependent_camb
0,0.44933801,0.49256256,560,579,569.5583333333333,1.1186930465701743e-06,1.1139847732748692e-06,1.1290655676912912e-06,5.499191951326976e-09,1.9442579599148935e-09,0.995791273299016,1.009271999278907,-2.421629944367666,corrected-two-halo,scale_dependent_camb
0,0.44933801,0.49256256,580,599,589.5563559322034,1.0629670049568446e-06,1.0489101663351217e-06,1.063109504260559e-06,9.143836799017687e-09,3.23283450332425e-09,0.9867758467043917,1.0001340580686418,-4.3481466828161555,corrected-two-halo,scale_dependent_camb
0,0.44933801,0.49256256,600,619,609.5545081967213,1.0113665261477154e-06,9.915142989686433e-07,1.004938048277452e-06,7.184764453627927e-09,2.5401978331941836e-09,0.9803708876398263,0.9936437703799142,-7.815228766693674,corrected-two-halo,scale_dependent_camb
0,0.44933801,0.49256256,620,639,629.5527777777778,9.643396220336653e-07,9.451116228233741e-07,9.579028966352485e-07,5.27241280102407e-09,1.8640794224094397e-09,0.9800609673490944,0.9933252505120109,-10.315010712063849,corrected-two-halo,scale_dependent_camb
0,0.44933801,0.49256256,640,659,649.5511538461539,9.220338436461689e-07,9.018724008031032e-07,9.140752350022753e-07,6.755023779904234e-09,2.3882615609233343e-09,0.9781337279732188,0.9913684202605607,-8.44189060902986,corrected-two-halo,scale_dependent_camb
0,0.44933801,0.49256256,660,679,669.5496268656716,8.835756187128374e-07,8.545237592032864e-07,8.66103206571479e-07,4.997616235504375e-09,1.7669241649465645e-09,0.9671201209106779,0.9802253346840742,-16.442052288321953,corrected-two-halo,scale_dependent_camb
0,0.44933801,0.49256256,680,699,689.5481884057971,8.48045428521826e-07,8.151988659401852e-07,8.262350226410353e-07,9.893608330166855e-09,3.4979187703323487e-09,0.9612679209427571,0.9742815595164436,-9.390315995965762,corrected-two-halo,scale_dependent_camb
0,0.44933801,0.49256256,700,719,709.5468309859154,8.152527479842378e-07,7.819099230901433e-07,7.924949221364252e-07,3.376764079926585e-09,1.1938663896916206e-09,0.9591012419442477,0.9720849443266733,-27.928439213961838,corrected-two-halo,scale_dependent_camb
0,0.44933801,0.49256256,720,739,729.5455479452055,7.85207050896835e-07,7.515908466610513e-07,7.617737299430233e-07,5.38833100773694e-09,1.9050626974242668e-09,0.9571881019186105,0.9701565072205517,-17.645720679552625,corrected-two-halo,scale_dependent_camb
0,0.44933801,0.49256256,740,759,749.5443333333334,7.576249137140394e-07,7.211480844185299e-07,7.30907635878677e-07,6.496367547746793e-09,2.29681277304599e-09,0.9518537093550788,0.964735481434489,-15.881498798500058,corrected-two-halo,scale_dependent_camb
0,0.44933801,0.49256256,760,779,769.5431818181818,7.320377427453481e-07,6.907307150844827e-07,7.000710783125329e-07,7.807780168245434e-09,2.7604671514900943e-09,0.9435725438063448,0.9563319449719475,-14.963781633325336,corrected-two-halo,scale_dependent_camb
0,0.44933801,0.49256256,780,799,789.5420886075949,7.082462943439284e-07,6.616527000774403e-07,6.705998875453222e-07,7.1946458020202584e-09,2.543691417421926e-09,0.9342127242477856,0.9468456000416081,-18.317313942786132,corrected-two-halo,scale_dependent_camb
0,0.44933801,0.49256256,800,819,809.5410493827161,6.861447435662848e-07,6.379504078632545e-07,6.465901970320335e-07,8.39906056024163e-09,2.96951633887167e-09,0.9297606865680602,0.942352474597905,-16.229692045184272,corrected-two-halo,scale_dependent_camb
0,0.44933801,0.49256256,820,839,829.5400602409638,6.65611881254534e-07,6.140770406417798e-07,6.223927114829456e-07,3.4466106120035948e-09,1.2185608679286292e-09,0.9225752393187121,0.9350685121633802,-42.291560453894796,corrected-two-halo,scale_dependent_camb
0,0.44933801,0.49256256,840,859,849.5391176470588,6.464645339506491e-07,5.940199911182116e-07,6.020575542087403e-07,4.968878729991236e-09,1.7567639224352015e-09,0.9188748336866365,0.9313079412562193,-29.852925690629814,corrected-two-halo,scale_dependent_camb
0,0.44933801,0.49256256,860,879,869.5382183908046,6.285379250818714e-07,5.722028205219317e-07,5.799465087533688e-07,4.589513368722385e-09,1.6226380126849568e-09,0.9103711927126726,0.9226913533941914,-34.71822065028709,corrected-two-halo,scale_dependent_camb
0,0.44933801,0.49256256,880,899,889.5373595505617,6.117145694869257e-07,5.516012310884611e-07,5.590701705145383e-07,3.6711441252836488e-09,1.297945452850612e-09,0.9017297586211089,0.9139396025559064,-46.31422550650391,corrected-two-halo,scale_dependent_camb
0,0.44933801,0.49256256,900,919,909.5365384615385,5.958937853784437e-07,5.301322059918585e-07,5.373129835664622e-07,2.645219926831232e-09,9.352264739960734e-10,0.8896421124029327,0.9016925444611279,-70.31620812186434,corrected-two-halo,scale_dependent_camb
0,0.44933801,0.49256256,920,939,929.535752688172,5.809854836993321e-07,5.167790531675317e-07,5.237766493043021e-07,4.720679764447135e-09,1.6690123366253412e-09,0.8894870313747321,0.9015313876161554,-38.469715964845754,corrected-two-halo,scale_dependent_camb
0,0.44933801,0.49256256,940,959,949.535,5.669090135230826e-07,4.994048543891935e-07,5.061604497176006e-07,4.350223081405716e-09,1.53803612026811e-09,0.8809259378072306,0.8928424802633546,-43.889839935697836,corrected-two-halo,scale_dependent_camb
0,0.44933801,0.49256256,960,979,969.5342783505155,5.535921599611175e-07,4.836446400382965e-07,4.901922928331731e-07,3.149982835251517e-09,1.1136871117137874e-09,0.8736479217340545,0.885475496740421,-62.80715578649632,corrected-two-halo,scale_dependent_camb
0,0.44933801,0.49256256,980,999,989.5335858585859,5.409701958662373e-07,4.699614223232484e-07,4.763243025636255e-07,3.2275489406535814e-09,1.1411108712738025e-09,0.8687381040848564,0.880500083375025,-62.22776009812526,corrected-two-halo,scale_dependent_camb
0,0.44933801,0.49256256,1000,1019,1009.5329207920792,5.289850811810591e-07,4.5617706395665107e-07,4.6234639743604013e-07,4.5500692580270235e-09,1.6086924136096755e-09,0.862362815484606,0.8740254004966727,-45.259128848029626,corrected-two-halo,scale_dependent_camb
0,0.44933801,0.49256256,1020,1039,1029.532281553398,5.175847714449416e-07,4.444256885250112e-07,4.5043748384872064e-07,3.477106545784824e-09,1.2293428087162907e-09,0.8586529454572395,0.8702680385886048,-59.51072589453294,corrected-two-halo,scale_dependent_camb
0,0.44933801,0.49256256,1040,1059,1049.5316666666668,5.067224872998461e-07,4.320931783554184e-07,4.3794246407497857e-07,3.3427879583688766e-09,1.1818540167156834e-09,0.8527215373012116,0.864264908408993,-63.145962097602364,corrected-two-halo,scale_dependent_camb
0,0.44933801,0.49256256,1060,1079,1069.5310747663552,4.963561607223796e-07,4.1955890866911525e-07,4.252414482567924e-07,3.078481764331008e-09,1.0884076656587913e-09,0.8452779311905865,0.8567264434431734,-70.5592715637302,corrected-two-halo,scale_dependent_camb
0,0.44933801,0.49256256,1080,1099,1089.530504587156,4.864474936525377e-07,4.059754650674156e-07,4.1146468951878605e-07,4.609923443169124e-09,1.6298540637078627e-09,0.8345720152017022,0.8458563254777282,-49.373763195737254,corrected-two-halo,scale_dependent_camb
0,0.44933801,0.49256256,1100,1119,1109.529954954955,4.769618720318211e-07,3.9706051268505186e-07,4.024378142108089e-07,4.01912904335698e-09,1.420976700510761e-09,0.8324785186572763,0.843752588642892,-56.22988703336884,corrected-two-halo,scale_dependent_camb
0,0.44933801,0.49256256,1120,1139,1129.529424778761,4.6786822276054027e-07,3.8758864810761136e-07,3.9283563740750805e-07,2.156802743798427e-09,7.625449229108098e-10,0.8284141329811646,0.8396288063542313,-105.27848555660597,corrected-two-halo,scale_dependent_camb
0,0.44933801,0.49256256,1140,1159,1149.5289130434783,4.5913859156615395e-07,3.781087398109882e-07,3.83225379258029e-07,3.1555540493039457e-09,1.1156568333317445e-09,0.8235176627632906,0.834661660547462,-72.62972747021325,corrected-two-halo,scale_dependent_camb
0,0.44933801,0.49256256,1160,1179,1169.5284188034188,4.507478201263815e-07,3.684354143095165e-07,3.7342470443330027e-07,1.949783937203646e-09,6.893527219226518e-10,0.8173870130003378,0.8284559298114825,-119.40535403601525,corrected-two-halo,scale_dependent_camb
0,0.44933801,0.49256256,1180,1199,1189.5279411764707,4.426732166421364e-07,3.59544085265282e-07,3.644079175140501e-07,2.5843775176633106e-09,9.137154339428917e-10,0.8122110661959084,0.8231984764703821,-90.97923520688839,corrected-two-halo,scale_dependent_camb
0,0.44933801,0.49256256,1200,1219,1209.527479338843,4.3489427771671354e-07,3.5269912274757605e-07,3.5747462079871307e-07,3.184613079189422e-09,1.1259307518751058e-09,0.8109996861750416,0.8219805113912513,-73.00196289358922,corrected-two-halo,scale_dependent_camb
0,0.44933801,0.49256256,1220,1239,1229.5270325203253,4.273924388470589e-07,3.462870108818831e-07,3.5098054200949375e-07,1.7585772693570097e-09,6.217509562014316e-10,0.8102319540702049,0.8212137373237225,-130.4468085753932,corrected-two-halo,scale_dependent_camb
0,0.44933801,0.49256256,1240,1259,1249.5266,4.201509001929309e-07,3.358963654421265e-07,3.4044217935429637e-07,2.131614767312492e-09,7.536396284220238e-10,0.7994660139675646,0.8102854931358406,-111.79684768861898,corrected-two-halo,scale_dependent_camb
0,0.44933801,0.49256256,1260,1279,1269.5261811023622,4.131543325053303e-07,3.2979679186371733e-07,3.3425917409471337e-07,3.5777348214775396e-09,1.2649202767770051e-09,0.7982411557053258,0.8090419191971101,-65.89944217987122,corrected-two-halo,scale_dependent_camb
0,0.44933801,0.49256256,1280,1299,1289.5257751937984,4.0638883701059537e-07,3.2282676639661334e-07,3.2719372758537396e-07,2.9495667466949022e-09,1.0428293240751544e-09,0.7943790207706828,0.8051247913013992,-80.13015043290046,corrected-two-halo,scale_dependent_camb
0,0.44933801,0.49256256,1300,1319,1309.5253816793893,3.9984165173210775e-07,3.164094597651489e-07,3.206880647006863e-07,3.050413394728201e-09,1.0784839984172937e-09,0.791336916487985,0.8020376649392845,-77.36062110276832,corrected-two-halo,scale_dependent_camb
0,0.44933801,0.49256256,1320,1339,1329.525,3.9350115439624797e-07,3.106019611772415e-07,3.1480436658778024e-07,3.000587104448625e-09,1.060867744548265e-09,0.7893292248501802,0.8000087498365466,-78.14281624172325,corrected-two-halo,scale_dependent_camb
0,0.44933801,0.49256256,1340,1359,1349.5246296296295,3.8735667694656626e-07,3.0518916478843905e-07,3.093225326299955e-07,1.6895703651314932e-09,5.973533312381549e-10,0.7878763500197474,0.7985470524693314,-137.55261394092466,corrected-two-halo,scale_dependent_camb
0,0.44933801,0.49256256,1360,1379,1369.5242700729927,3.8139842416519383e-07,2.9828376059232636e-07,3.023198041693526e-07,2.2457028072698975e-09,7.939758417751055e-10,0.7820791636599204,0.7926613877104269,-104.68160263799285,corrected-two-halo,scale_dependent_camb
0,0.44933801,0.49256256,1380,1399,1389.5239208633093,3.7561734531703625e-07,2.9282068777720477e-07,2.967797182549422e-07,3.2879235939633842e-09,1.1624565346573767e-09,0.7795717940822254,0.7901118570667925,-71.2255943094122,corrected-two-halo,scale_dependent_camb
0,0.44933801,0.49256256,1400,1419,1409.5235815602837,3.7000505644599485e-07,2.879560735829286e-07,2.91853512282574e-07,2.727513481780829e-09,9.643216393724773e-10,0.7782490227264179,0.7887824968823698,-85.08466419612736,corrected-two-halo,scale_dependent_camb
0,0.44933801,0.49256256,1420,1439,1429.5232517482518,3.6455376285838563e-07,2.8351190825518574e-07,2.8735023739908667e-07,2.08766502087632e-09,7.381010465538005e-10,0.7776957396687704,0.7882245821467782,-109.79777766416257,corrected-two-halo,scale_dependent_camb
0,0.44933801,0.49256256,1440,1459,1449.5229310344828,3.5925620775144645e-07,2.777928275427577e-07,2.815518996352055e-07,1.5869644445482656e-09,5.610766601210106e-10,0.773244335237626,0.7837078206592852,-145.19117617745692,corrected-two-halo,scale_dependent_camb
0,0.44933801,0.49256256,1460,1479,1469.522619047619,3.5410561420530317e-07,2.7391356936738e-07,2.7762014323268086e-07,3.0061167376429376e-09,1.0628227651128513e-09,0.7735363642344585,0.7840037889704917,-75.45194501870526,corrected-two-halo,scale_dependent_camb
0,0.44933801,0.49256256,1480,1499,1489.5223154362416,3.490956273836651e-07,2.701924898372675e-07,2.738473788828713e-07,2.316239883881918e-09,8.189144643738227e-10,0.7739784421313275,0.7844480348701302,-96.35089008560905,corrected-two-halo,scale_dependent_camb
0,0.44933801,0.49256256,1500,1519,1509.5220198675497,3.4422028020205696e-07,2.6511016430748655e-07,2.6870016746230787e-07,1.8343873725301521e-09,6.48553875219522e-10,0.7701759005944309,0.7806052778313385,-121.97925094163269,corrected-two-halo,scale_dependent_camb
0,0.44933801,0.49256256,1520,1539,1529.5217320261438,3.394739609352232e-07,2.6070469427650436e-07,2.6423243658451083e-07,1.979365456657128e-09,6.998113684243311e-10,0.7679666904592155,0.7783584810351049,-112.55785517756412,corrected-two-halo,scale_dependent_camb
0,0.44933801,0.49256256,1540,1559,1549.5214516129033,3.3485139827649236e-07,2.568737243266014e-07,2.603470061548657e-07,2.784299082309776e-09,9.843983809763619e-10,0.7671275247729338,0.7775001313863198,-79.21353331823838,corrected-two-halo,scale_dependent_camb
0,0.44933801,0.49256256,1560,1579,1569.521178343949,3.3034759059254485e-07,2.536939793505708e-07,2.571269555759881e-07,2.132251728862404e-09,7.538648283376727e-10,0.7679607376446114,0.7783527499467431,-101.68084298481051,corrected-two-halo,scale_dependent_camb
0,0.44933801,0.49256256,1580,1599,1589.5209119496856,3.25957794231679e-07,2.495783388264705e-07,2.529520816048107e-07,2.695916974505743e-09,9.531505870944658e-10,0.7656768552344517,0.7760270994625198,-80.13367083793092,corrected-two-halo,scale_dependent_camb
0,0.44933801,0.49256256,1600,1619,1609.520652173913,3.2167756506652693e-07,2.468407187375963e-07,2.50181460443522e-07,1.9870562054031975e-09,7.025304587197051e-10,0.7673544739949352,0.7777398476383685,-106.5246999614987,corrected-two-halo,scale_dependent_camb
0,0.44933801,0.49256256,1620,1639,1629.520398773006,3.1750261380377543e-07,2.429556910567392e-07,2.4624063146203707e-07,2.3931712031523476e-09,8.461137931446968e-10,0.7652084754391719,0.7755546592577658,-88.10507918795709,corrected-two-halo,scale_dependent_camb
0,0.44933801,0.49256256,1640,1659,1649.5201515151516,3.1342894181856935e-07,2.39784038059308e-07,2.430274349212343e-07,1.8790487530098816e-09,6.643440577167066e-10,0.7650347688635236,0.7753828778897914,-110.85355984423575,corrected-two-halo,scale_dependent_camb
0,0.44933801,0.49256256,1660,1679,1669.5199101796406,3.0945266368025103e-07,2.3564024609686066e-07,2.388289706450427e-07,1.643399557621169e-09,5.810294856964504e-10,0.761474285903518,0.7717786875856986,-127.03730086075613,corrected-two-halo,scale_dependent_camb
0,0.44933801,0.49256256,1680,1699,1689.519674556213,3.0557014100789465e-07,2.3334342240242162e-07,2.3649883675417282e-07,2.0550221677074356e-09,7.26560055137303e-10,0.7636329309950248,0.7739592486821633,-99.40915151442485,corrected-two-halo,scale_dependent_camb
0,0.44933801,0.49256256,1700,1719,1709.5194444444444,3.017778725323677e-07,2.3036420763056862e-07,2.3348335315082198e-07,1.2132972919121542e-09,4.289653713531791e-10,0.7633568548199654,0.7736927535194925,-166.47885743439699,corrected-two-halo,scale_dependent_camb
0,0.44933801,0.49256256,1720,1739,1729.519219653179,2.980725114155789e-07,2.275246676313178e-07,2.3060256208604562e-07,1.7833963726517492e-09,6.305258343227715e-10,0.763319859824639,0.7736458521146041,-111.8873168139643,corrected-two-halo,scale_dependent_camb
0,0.44933801,0.49256256,1740,1759,1749.519,2.944508964503768e-07,2.2493710254445912e-07,2.2798200658260269e-07,1.3670667075824413e-09,4.833310696329556e-10,0.7639205900069905,0.7742615469368218,-143.82231615837745,corrected-two-halo,scale_dependent_camb
0,0.44933801,0.49256256,1760,1779,1769.5187853107345,2.9090999396907767e-07,2.2230236112102228e-07,2.25308222962558e-07,2.2213937568354234e-09,7.853812945718942e-10,0.7641619941893504,0.7744946121944067,-87.35582744614884,corrected-two-halo,scale_dependent_camb
0,0.44933801,0.49256256,1780,1799,1789.5185754189945,2.8744690821777985e-07,2.199592439658408e-07,2.2293370677290096e-07,1.892688732323407e-09,6.691665186506257e-10,0.765216941554967,0.7755648100552835,-100.85331882418134,corrected-two-halo,scale_dependent_camb
0,0.44933801,0.49256256,1800,1819,1809.5183701657459,2.840588709233403e-07,2.1676304726044355e-07,2.1969850131974245e-07,1.074672339885946e-09,3.799540495434833e-10,0.7630919835590769,0.7734259472538461,-177.1156900255518,corrected-two-halo,scale_dependent_camb
0,0.44933801,0.49256256,1820,1839,1829.518169398907,2.807432436474831e-07,2.1523093836039282e-07,2.1814348748137146e-07,1.3550834943943843e-09,4.79094363980116e-10,0.7666469032845142,0.7770213261313051,-136.74196611882766,corrected-two-halo,scale_dependent_camb
0,0.44933801,0.49256256,1840,1859,1849.517972972973,2.7749750698188625e-07,2.1235276811457926e-07,2.152267485425761e-07,1.2050485643955076e-09,4.2604900577158865e-10,0.7652420752321953,0.7755988545029527,-152.90433256457845,corrected-two-halo,scale_dependent_camb
0,0.44933801,0.49256256,1860,1879,1869.5177807486632,2.743192467758413e-07,2.1018575101304685e-07,2.130293692935912e-07,1.7943594966028998e-09,6.34401883967195e-10,0.7662085452749845,0.7765746362947226,-101.09285199744271,corrected-two-halo,scale_dependent_camb
0,0.44933801,0.49256256,1880,1899,1889.5175925925926,2.712061583754121e-07,2.0829759153211624e-07,2.111128517385441e-07,2.4924433532827585e-09,8.81211798414788e-10,0.7680415252362528,0.7784220424903296,-71.38870241690145,corrected-two-halo,scale_dependent_camb
0,0.44933801,0.49256256,1900,1919,1909.5174083769634,2.681560360262497e-07,2.0579056582908403e-07,2.0857510133189506e-07,1.6525049008712325e-09,5.84248710675026e-10,0.7674284303969173,0.7778124424224324,-106.74472884178078,corrected-two-halo,scale_dependent_camb
0,0.44933801,0.49256256,1920,1939,1929.5172279792746,2.651667713182917e-07,2.0419971945035694e-07,2.0696350248829657e-07,1.4214625280799021e-09,5.02562896403936e-10,0.7700803476814474,0.780503158293046,-121.3122821127097,corrected-two-halo,scale_dependent_camb
0,0.44933801,0.49256256,1940,1959,1949.5170512820512,2.6223634742433633e-07,2.0148374369075492e-07,2.0420909074037197e-07,1.5456503051285817e-09,5.464699060497382e-10,0.7683288211939785,0.7787215340134834,-111.17282591596522,corrected-two-halo,scale_dependent_camb
0,0.44933801,0.49256256,1960,1979,1969.5168781725888,2.593628324234363e-07,1.9994264107544266e-07,2.0264813216865618e-07,1.4794007705084659e-09,5.230471584595697e-10,0.7708993582743418,0.7813306566525015,-113.60388903171275,corrected-two-halo,scale_dependent_camb
0,0.44933801,0.49256256,1980,1999,1989.5167085427136,2.565443829556337e-07,1.9832284700927006e-07,2.0100667577740743e-07,1.8696374435233303e-09,6.610166573378138e-10,0.7730547234143406,0.7835161832881335,-88.07877275112209,corrected-two-halo,scale_dependent_camb
0,0.44933801,0.49256256,2000,2019,2009.5165422885573,2.5377922656327663e-07,1.9650170504636223e-07,1.9916085858500667e-07,1.1868110892613747e-09,4.1960108460205546e-10,0.7743017728733089,0.7847799888197249,-136.50470320217525,corrected-two-halo,scale_dependent_camb
0,0.44933801,0.49256256,2020,2039,2029.5163793103447,2.5106567152674354e-07,1.9487551941117947e-07,1.9751159092954994e-07,1.8481642620728213e-09,6.534247412291617e-10,0.7761934087847662,0.7866929386581271,-85.99330354382418,corrected-two-halo,scale_dependent_camb
0,0.44933801,0.49256256,2040,2059,2049.516219512195,2.4840209339805683e-07,1.933552695907579e-07,1.959679822033424e-07,2.4632806470749127e-09,8.709012247561287e-10,0.7783962966886593,0.7889143747645864,-63.20673601384959,corrected-two-halo,scale_dependent_camb
0,0.44933801,0.49256256,2060,2079,2069.5160628019325,2.4578693958766335e-07,1.9070635477368585e-07,1.9328647056005695e-07,1.3446935102451327e-09,4.754209498559377e-10,0.7759010917895731,0.7863984591057518,-115.85645275133132,corrected-two-halo,scale_dependent_camb
0,0.44933801,0.49256256,2080,2099,2089.515909090909,2.432187328029855e-07,1.8966608785608434e-07,1.9223273327262664e-07,1.2432077323833579e-09,4.3954030899591146e-10,0.779816939551772,0.7903697673992115,-121.8378470662615,corrected-two-halo,scale_dependent_camb
0,0.44933801,0.49256256,2100,2119,2109.5157582938386,2.406960367627537e-07,1.8849764155424478e-07,1.9104721892977054e-07,1.5006980258929636e-09,5.305768753110898e-10,0.7831356265331482,0.7937281456698002,-98.38045651330688,corrected-two-halo,scale_dependent_camb
0,0.44933801,0.49256256,2120,2139,2129.5156103286386,2.3821748590859478e-07,1.8731619862633686e-07,1.8984991600781428e-07,1.4088459026437132e-09,4.98102245703126e-10,0.7863243032386422,0.796960455206301,-102.19043925490672,corrected-two-halo,scale_dependent_camb
0,0.44933801,0.49256256,2140,2159,2149.515465116279,2.3578178450013857e-07,1.8502688494940832e-07,1.8753005371301038e-07,1.4603853062316422e-09,5.163241765907934e-10,0.784737825874329,0.7953542896054389,-98.30045125110505,corrected-two-halo,scale_dependent_camb
0,0.44933801,0.49256256,2160,2179,2169.5153225806453,2.3338766504269808e-07,1.839220597702837e-07,1.8641134566271677e-07,1.1299491957932359e-09,3.9949736937084145e-10,0.7880539005205579,0.7987197850778145,-123.81960199216469,corrected-two-halo,scale_dependent_camb
0,0.44933801,0.49256256,2180,2199,2189.5151826484016,2.3103392980763833e-07,1.82405565701407e-07,1.848730771909621e-07,1.481918626789053e-09,5.239373550845979e-10,0.7895185172726799,0.8001988164460938,-92.81331753560407,corrected-two-halo,scale_dependent_camb
0,0.44933801,0.49256256,2200,2219,2209.515045248869,2.2871943409113668e-07,1.8056219491912147e-07,1.8300517467753343e-07,1.4912377333347972e-09,5.272321568011457e-10,0.7894484158577175,0.8001295360175309,-91.3397230248581,corrected-two-halo,scale_dependent_camb
0,0.44933801,0.49256256,2220,2239,2229.5149103139015,2.2644305588877065e-07,1.8007978659990232e-07,1.8251584219131968e-07,1.7362809067170538e-09,6.13868001592178e-10,0.7952541794364316,0.8060120963964198,-75.52644732844323,corrected-two-halo,scale_dependent_camb
0,0.44933801,0.49256256,2240,2259,2249.514777777778,2.2420375650208815e-07,1.7831336020391844e-07,1.807265945773359e-07,1.1501357533301822e-09,4.0663439523243507e-10,0.7953183433938481,0.8060819202895589,-112.8541924544736,corrected-two-halo,scale_dependent_camb
0,0.44933801,0.49256256,2260,2279,2269.5146475770925,2.2200049987942472e-07,1.7743895773843957e-07,1.7983842647427702e-07,1.6520085680627341e-09,5.840732305277186e-10,0.7992727846775666,0.8100811780692061,-76.29444359352533,corrected-two-halo,scale_dependent_camb
0,0.44933801,0.49256256,2280,2299,2289.514519650655,2.1983233075174493e-07,1.753621524858893e-07,1.7773326220211203e-07,1.9355207513671134e-09,6.843099242094837e-10,0.797708653164054,0.8084946449611405,-64.98543524299704,corrected-two-halo,scale_dependent_camb
0,0.44933801,0.49256256,2300,2319,2309.514393939394,2.1769829489891576e-07,1.7433474138673793e-07,1.7669371892726453e-07,1.3025071068225112e-09,4.6050580388893423e-10,0.8008089427971271,0.8116449373630099,-94.16505317843148,corrected-two-halo,scale_dependent_camb
0,0.44933801,0.49256256,2320,2339,2329.514270386266,2.1559751351320602e-07,1.7275742213198082e-07,1.7509490157221658e-07,1.2174648839129606e-09,4.304388376356736e-10,0.8012959858249891,0.8121378522368324,-99.52654741040199,corrected-two-halo,scale_dependent_camb
0,0.44933801,0.49256256,2340,2359,2349.5141489361704,2.1352911337947245e-07,1.7220454614611172e-07,1.7453422775533729e-07,1.4870378592058192e-09,5.257472770627805e-10,0.8064686984396319,0.8173790683294997,-78.60158109468644,corrected-two-halo,scale_dependent_camb
0,0.44933801,0.49256256,2360,2379,2369.514029535865,2.1149227389041327e-07,1.707752510350337e-07,1.7308548526360603e-07,1.3331048114927928e-09,4.713237261194839e-10,0.8074774926460081,0.8184009849612375,-86.38865518316281,corrected-two-halo,scale_dependent_camb
0,0.44933801,0.49256256,2380,2399,2389.513912133891,2.0948620524901573e-07,1.697069770941097e-07,1.7200291578807963e-07,1.3697798052905987e-09,4.842902945266855e-10,0.810110512491166,0.8210703687320137,-82.13922228977088,corrected-two-halo,scale_dependent_camb
0,0.44933801,0.49256256,2400,2419,2409.5137966804978,2.0751013596590632e-07,1.6891528918498757e-07,1.7120047512736422e-07,1.4880870328688514e-09,5.261182159686668e-10,0.8140098236586388,0.8250222300249096,-73.35774662327465,corrected-two-halo,scale_dependent_camb
0,0.44933801,0.49256256,2420,2439,2429.513683127572,2.0556334508563835e-07,1.675343947390706e-07,1.6979996462382997e-07,1.6058932288251904e-09,5.67768995981926e-10,0.8150013061388705,0.8260225798188425,-66.97961779473131,corrected-two-halo,scale_dependent_camb
0,0.44933801,0.49256256,2440,2459,2449.5135714285716,2.0364512684545686e-07,1.6609844336717963e-07,1.683442714191681e-07,1.638595651127837e-09,5.793310482676398e-10,0.8156268993032628,0.8266550446204488,-64.81041123301127,corrected-two-halo,scale_dependent_camb
0,0.44933801,0.49256256,2460,2479,2469.5134615384613,2.0175479868755849e-07,1.652306509374947e-07,1.6746560306631759e-07,1.5121901871022562e-09,5.346399678718797e-10,0.8189676380058458,0.8300452041572413,-68.31540839613469,corrected-two-halo,scale_dependent_camb
0,0.44933801,0.49256256,2480,2499,2489.513353413655,1.9989171802464412e-07,1.6409089403946236e-07,1.663119441587843e-07,1.223453105397124e-09,4.325559936450231e-10,0.8208989129766349,0.8320101793225877,-82.76575636716686,corrected-two-halo,scale_dependent_camb
0,0.44933801,0.49256256,2500,2519,2509.513247011952,1.9805525878404762e-07,1.6334942219450233e-07,1.655598795947827e-07,1.154552093037322e-09,4.08195807109906e-10,0.8247669019110101,0.8359277133625787,-85.02252101820537,corrected-two-halo,scale_dependent_camb
0,0.44933801,0.49256256,2520,2539,2529.51314229249,1.962448153281801e-07,1.6203181073299095e-07,1.6422444900173177e-07,1.2473806491756317e-09,4.410156578764835e-10,0.8256616128279631,0.8368345870799151,-77.57775485779074,corrected-two-halo,scale_dependent_camb
0,0.44933801,0.49256256,2540,2559,2549.513039215686,1.9445980629736973e-07,1.609679275425941e-07,1.6314594734563168e-07,1.097966612409684e-09,3.8818981857565455e-10,0.8277696589723044,0.838970018802484,-86.27706640443064,corrected-two-halo,scale_dependent_camb
0,0.44933801,0.49256256,2560,2579,2569.512937743191,1.9269967626183158e-07,1.603110272277637e-07,1.62481653752849e-07,7.040355315666125e-10,2.4891414928351363e-10,0.831921621964431,0.843185919690266,-130.11975866899058,corrected-two-halo,scale_dependent_camb
0,0.44933801,0.49256256,2580,2599,2589.5128378378377,1.9096388513118168e-07,1.5903782147196902e-07,1.611896654593382e-07,1.2123192958625261e-09,4.286195975338463e-10,0.8328162226209358,0.8440845521581726,-74.48577676547231,corrected-two-halo,scale_dependent_camb
0,0.44933801,0.49256256,2600,2619,2609.5127394636015,1.8925191128338816e-07,1.577146527049168e-07,1.5984806090959061e-07,1.4808611220554806e-09,5.235634707004749e-10,0.8333583086976222,0.844631157622668,-60.2357886738693,corrected-two-halo,scale_dependent_camb
0,0.44933801,0.49256256,2620,2639,2629.5126425855515,1.8756325165548424e-07,1.57063326119144e-07,1.5918940546039073e-07,8.687720322112716e-10,3.0715729764090387e-10,0.8373885861588578,0.8487238521157091,-99.2974146165251,corrected-two-halo,scale_dependent_camb
0,0.44933801,0.49256256,2640,2659,2649.512547169811,1.8589742022260436e-07,1.5611696123838396e-07,1.5822883097371236e-07,1.2387428424695287e-09,4.3796173202825147e-10,0.8398016554045798,0.851162059076667,-67.99785644810484,corrected-two-halo,scale_dependent_camb
0,0.44933801,0.49256256,2660,2679,2669.5124531835204,1.8425394929266156e-07,1.5511595412447527e-07,1.572152699867352e-07,7.542748888512758e-10,2.6667644439273325e-10,0.8418595895499387,0.8532531899059639,-109.26347557444892,corrected-two-halo,scale_dependent_camb
0,0.44933801,0.49256256,2680,2699,2689.5123605947956,1.8263238464960419e-07,1.54238555711104e-07,1.5632452474728218e-07,1.391538197946156e-09,4.919830480239176e-10,0.8445301527821795,0.8559518348687398,-57.71302294366825,corrected-two-halo,scale_dependent_camb
0,0.44933801,0.49256256,2700,2719,2709.512269372694,1.810322875694997e-07,1.5298217382164687e-07,1.550526899865348e-07,8.356266822522816e-10,2.9543864678050237e-10,0.8450546356981532,0.8564919112951542,-94.94395555058443,corrected-two-halo,scale_dependent_camb
0,0.44933801,0.49256256,2720,2739,2729.5121794871793,1.794532334230613e-07,1.5248419901721251e-07,1.5454580038840593e-07,1.549203950567138e-09,5.477263094435061e-10,0.8497155281550751,0.8612037656856477,-49.23815770918422,corrected-two-halo,scale_dependent_camb
0,0.44933801,0.49256256,2740,2759,2749.512090909091,1.778948113737526e-07,1.515810578455808e-07,1.5363209497304774e-07,1.219548152058647e-09,4.31175384152096e-10,0.8520825125535154,0.8636120063685866,-61.02795868070634,corrected-two-halo,scale_dependent_camb
0,0.44933801,0.49256256,2760,2779,2769.5120036101084,1.7635662221997046e-07,1.5064687371022003e-07,1.5268571748189443e-07,7.72103647674423e-10,2.729798625247267e-10,0.8542172775475222,0.8657781917111613,-94.18185016274461,corrected-two-halo,scale_dependent_camb
0,0.44933801,0.49256256,2780,2799,2789.511917562724,1.7483827983316816e-07,1.49517726694585e-07,1.515401034739867e-07,1.2751575327920616e-09,4.50836269259187e-10,0.8551772920510075,0.8667444201497936,-56.163522913074004,corrected-two-halo,scale_dependent_camb
0,0.44933801,0.49256256,2800,2819,2809.5118327402133,1.7333941012627815e-07,1.4872065201484437e-07,1.5073250161177653e-07,1.1247869862883556e-09,3.9767225269743823e-10,0.857973682421678,0.8695801001166876,-61.90715581598429,corrected-two-halo,scale_dependent_camb
0,0.44933801,0.49256256,2820,2839,2829.511749116608,1.7185964962241117e-07,1.4809216572753874e-07,1.5009474079120075e-07,1.3593040682088818e-09,4.805865621624808e-10,0.8617041059545308,0.8733564924691188,-49.45515702296502,corrected-two-halo,scale_dependent_camb
0,0.44933801,0.49256256,2840,2859,2849.5116666666668,1.7039864527144597e-07,1.4709861979836924e-07,1.4908842899268617e-07,1.425929564827887e-09,5.041422323920907e-10,0.8632616741995827,0.8749390510422632,-46.2171664582058,corrected-two-halo,scale_dependent_camb
0,0.44933801,0.49256256,2860,2879,2869.5115853658535,1.6895605437628984e-07,1.454320369260575e-07,1.4739912420310252e-07,1.1876064546846192e-09,4.1988228874420424e-10,0.8607684256295373,0.8724110227788767,-56.02526727333186,corrected-two-halo,scale_dependent_camb
0,0.44933801,0.49256256,2880,2899,2889.5115051903113,1.67531544089245e-07,1.4515282106572165e-07,1.4711602602197158e-07,1.2019105981134455e-09,4.2493956715299827e-10,0.8664208394593315,0.878139259216772,-52.6633073343955,corrected-two-halo,scale_dependent_camb
0,0.44933801,0.49256256,2900,2919,2909.5114261168383,1.6612479071861446e-07,1.4478773850465616e-07,1.467468552457579e-07,9.57451511034406e-10,3.385102280548675e-10,0.871560095746941,0.8833531383905289,-63.032223092827444,corrected-two-halo,scale_dependent_camb
0,0.44933801,0.49256256,2920,2939,2929.511348122867,1.6473547883682947e-07,1.4357122052377334e-07,1.455145732469201e-07,7.56048835403677e-10,2.6730362921106593e-10,0.8715258032908665,0.8833226107355558,-79.17684610389105,corrected-two-halo,scale_dependent_camb
0,0.44933801,0.49256256,2940,2959,2949.511271186441,1.6336330195952958e-07,1.4240973936792466e-07,1.443366905635197e-07,1.1459634950447106e-09,4.051592791691757e-10,0.871736416072223,0.8835319121994524,-51.71685228232346,corrected-two-halo,scale_dependent_camb
0,0.44933801,0.49256256,2960,2979,2969.5111952861953,1.6200796176523145e-07,1.4192514919102883e-07,1.4384453045254198e-07,1.2334708440004e-09,4.3609779909428846e-10,0.8760381134644174,0.8878855636798245,-46.05116699949344,corrected-two-halo,scale_dependent_camb
0,0.44933801,0.49256256,2980,2999,2989.511120401338,1.6066916707202273e-07,1.409728659756953e-07,1.4288005086473047e-07,9.852292811502706e-10,3.483311528624519e-10,0.8774108221554531,0.889281082789718,-56.54475901586971,corrected-two-halo,scale_dependent_camb
0,0.44933801,0.49256256,3000,3019,3009.5110465116277,1.593466340248109e-07,1.398470654822118e-07,1.417384371296505e-07,1.2256555268429937e-09,4.333346672147256e-10,0.8776279859192825,0.8894975284359083,-44.99886581411379,corrected-two-halo,scale_dependent_camb
0,0.44933801,0.49256256,3020,3039,3029.5109735973597,1.5804008593670205e-07,1.3953215260562814e-07,1.4142010642219356e-07,8.65149895496006e-10,3.058766789240294e-10,0.8828908930200995,0.8948369369960664,-60.50782752113876,corrected-two-halo,scale_dependent_camb
0,0.44933801,0.49256256,3040,3059,3049.5109016393444,1.5674925345536088e-07,1.38319152472302e-07,1.4019120742024073e-07,6.926774873290777e-10,2.448984742328248e-10,0.8824230382168461,0.894366029374197,-75.25608740843926,corrected-two-halo,scale_dependent_camb
0,0.44933801,0.49256256,3060,3079,3069.5108306188927,1.554738723400966e-07,1.37936775807932e-07,1.398024732248202e-07,1.163079488207952e-09,4.11210696585411e-10,0.8872022914962684,0.8992023619184355,-42.64747166790211,corrected-two-halo,scale_dependent_camb
0,0.44933801,0.49256256,3080,3099,3089.5107605177996,1.542136845175003e-07,1.3669030140473764e-07,1.385400672136394e-07,1.071146347231572e-09,3.7870742288532236e-10,0.8863694673557061,0.8983642900894294,-46.27155966274519,corrected-two-halo,scale_dependent_camb
0,0.44933801,0.49256256,3100,3119,3109.510691318328,1.5296843779427343e-07,1.360559206068424e-07,1.3789666617895378e-07,9.958439078704407e-10,3.5208399012925e-10,0.8894378642332963,0.9014713634221092,-48.03546216691777,corrected-two-halo,scale_dependent_camb
0,0.44933801,0.49256256,3120,3139,3129.5106230031947,1.5173788583346434e-07,1.3528679347686941e-07,1.371158756809817e-07,1.3059753394460655e-09,4.61732009292358e-10,0.8915821696985395,0.9036363919783975,-35.62909225593341,corrected-two-halo,scale_dependent_camb
0,0.44933801,0.49256256,3140,3159,3149.5105555555556,1.5052178752728293e-07,1.3454419041055705e-07,1.3636488172963554e-07,7.292954987694785e-10,2.5784489633436186e-10,0.8938519308121433,0.9059477964604867,-61.96592348295637,corrected-two-halo,scale_dependent_camb
0,0.44933801,0.49256256,3160,3179,3169.5104889589907,1.4931990708633163e-07,1.3378940790737264e-07,1.3559969085551713e-07,9.272032604237666e-10,3.2781585649196086e-10,0.8959917704075465,0.908115290864185,-47.3756801917843,corrected-two-halo,scale_dependent_camb
0,0.44933801,0.49256256,3180,3199,3189.510423197492,1.481320119792284e-07,1.327653036836119e-07,1.3456119120587786e-07,9.600606628467805e-10,3.3943270252470507e-10,0.8962634201054982,0.9083869813686626,-45.27173775926342,corrected-two-halo,scale_dependent_camb
0,0.44933801,0.49256256,3200,3219,3209.5103582554516,1.4695787531841272e-07,1.3213587414219672e-07,1.3392366066917235e-07,1.1447863176920392e-09,4.047430841248091e-10,0.8991411576677925,0.9113064568945406,-36.62076452341652,corrected-two-halo,scale_dependent_camb
0,0.44933801,0.49256256,3220,3239,3229.510294117647,1.4579727448880165e-07,1.3139414983339286e-07,1.3317077607890327e-07,1.245037324840156e-09,4.4018716761241633e-10,0.9012112900881761,0.9133968830750111,-32.72045555878336,corrected-two-halo,scale_dependent_camb
0,0.44933801,0.49256256,3240,3259,3249.510230769231,1.4464999218345152e-07,1.3044051557825262e-07,1.3220658769981227e-07,4.365422085371326e-10,1.543409779653792e-10,0.901766488952327,0.9139757680189987,-92.06548249542826,corrected-two-halo,scale_dependent_camb
0,0.44933801,0.49256256,3260,3279,3269.5101681957185,1.4351581300490219e-07,1.297384523191932e-07,1.3149413219206758e-07,8.261249283776699e-10,2.920792694815506e-10,0.9040010964837834,0.9162344513741912,-47.16993681257908,corrected-two-halo,scale_dependent_camb
0,0.44933801,0.49256256,3280,3299,3289.510106382979,1.42394526126781e-07,1.28787962987659e-07,1.3053076268216868e-07,7.259523039245839e-10,2.566628984615354e-10,0.9044446194019606,0.9166838517791799,-53.01336196497894,corrected-two-halo,scale_dependent_camb
0,0.44933801,0.49256256,3300,3319,3309.5100453172204,1.4128592554487226e-07,1.2831058151974157e-07,1.3004675511570143e-07,7.862222109538511e-10,2.779715284424742e-10,0.9081625153029858,0.9204508843621421,-46.67867999947314,corrected-two-halo,scale_dependent_camb
0,0.44933801,0.49256256,3320,3339,3329.509984984985,1.401898089124859e-07,1.2771605193978708e-07,1.294438617801034e-07,9.034125398594945e-10,3.1940456657180536e-10,0.9110223698180114,0.9233471590000476,-39.053157901217986,corrected-two-halo,scale_dependent_camb
0,0.44933801,0.49256256,3340,3359,3349.509925373134,1.3910597530460588e-07,1.2698243911520624e-07,1.2870107208857773e-07,6.517833227912165e-10,2.304402037049848e-10,0.9128467618817075,0.9252016083906955,-52.610334457612616,corrected-two-halo,scale_dependent_camb
0,0.44933801,0.49256256,3360,3379,3369.5098664688426,1.380342290786438e-07,1.2631357864757562e-07,1.2802249147202683e-07,9.723595364384084e-10,3.437810109835032e-10,0.9150888115991112,0.9274691670794722,-34.093361926934946,corrected-two-halo,scale_dependent_camb
0,0.44933801,0.49256256,3380,3399,3389.509808259587,1.3697437906741158e-07,1.2549620099763388e-07,1.27194734518886e-07,7.138092332783741e-10,2.5236967466235426e-10,0.9162020069159886,0.9286023808604924,-45.48160584323126,corrected-two-halo,scale_dependent_camb
0,0.44933801,0.49256256,3400,3419,3409.509750733138,1.3592623435979379e-07,1.2449271401321215e-07,1.261767483799084e-07,9.150510132860559e-10,3.2351938831309584e-10,0.9158843736057798,0.9282736991442085,-35.34106690235361,corrected-two-halo,scale_dependent_camb
0,0.44933801,0.49256256,3420,3439,3429.509693877551,1.348896090475332e-07,1.239824981782103e-07,1.2566109662908886e-07,4.902504997324945e-10,1.7332972642047027e-10,0.9191404664426049,0.931584704829322,-62.926949084682725,corrected-two-halo,scale_dependent_camb
0,0.44933801,0.49256256,3440,3459,3449.5096376811593,1.3386432200054167e-07,1.2314539135458228e-07,1.2481089951045715e-07,1.0457581853924395e-09,3.6973135218616633e-10,0.919926904452435,0.9323686673582234,-28.99113256849858,corrected-two-halo,scale_dependent_camb
0,0.44933801,0.49256256,3460,3479,3469.509582132565,1.328501920505027e-07,1.2240761155530954e-07,1.2406356221612717e-07,8.311651193049892e-10,2.938612460731418e-10,0.9213958193509917,0.9338606162418244,-35.535752450304436,corrected-two-halo,scale_dependent_camb
0,0.44933801,0.49256256,3480,3499,3489.5095272206304,1.3184704323120675e-07,1.2198768831468825e-07,1.236376105867736e-07,1.0750808408139676e-09,3.8009847643164583e-10,0.9252212664395579,0.9377351782547213,-25.938948793159746,corrected-two-halo,scale_dependent_camb
0,0.44933801,0.49256256,3500,3519,3509.509472934473,1.3085470318431873e-07,1.2083179723944198e-07,1.2246683172001628e-07,7.270967307400179e-10,2.5706751444241794e-10,0.923404312562165,0.9358993504995575,-38.98939143133871,corrected-two-halo,scale_dependent_camb
0,0.44933801,0.49256256,3520,3539,3529.509419263456,1.2987300017149226e-07,1.2042114298007176e-07,1.2205060756540364e-07,7.156825505311354e-10,2.530319923287249e-10,0.9272223081091552,0.9397689081197828,-37.35439579964729,corrected-two-halo,scale_dependent_camb
0,0.44933801,0.49256256,3540,3559,3549.509366197183,1.2890176918588165e-07,1.1991341195591488e-07,1.215354319802521e-07,8.720807928557556e-10,3.083271211854228e-10,0.9302697140098583,0.942853094630478,-29.15201619438895,corrected-two-halo,scale_dependent_camb
0,0.44933801,0.49256256,3560,3579,3569.5093137254903,1.2794084489493746e-07,1.1911501336262435e-07,1.2072627096169372e-07,8.505991775428473e-10,3.0073222325612366e-10,0.931016310392817,0.9436100805871009,-29.347807949387743,corrected-two-halo,scale_dependent_camb
0,0.44933801,0.49256256,3580,3599,3589.50926183844,1.2699006657286982e-07,1.1823763189318967e-07,1.1983759241718625e-07,6.407509955369376e-10,2.265396869980999e-10,0.9310778006824825,0.9436769004953681,-38.63532609080355,corrected-two-halo,scale_dependent_camb
0,0.44933801,0.49256256,3600,3619,3609.5092105263157,1.260492776104356e-07,1.17875211683069e-07,1.1946990244494774e-07,7.753449617468868e-10,2.7412584010502396e-10,0.9351518225068363,0.9478031505597209,-29.81866256838438,corrected-two-halo,scale_dependent_camb
0,0.44933801,0.49256256,3620,3639,3629.5091597796145,1.2511832174390843e-07,1.1682214389084127e-07,1.1840291125371906e-07,7.248423333817179e-10,2.5627046461264645e-10,0.9336933413313541,0.94632752104896,-32.372742858241025,corrected-two-halo,scale_dependent_camb
0,0.44933801,0.49256256,3640,3659,3649.509109589041,1.2419704912163272e-07,1.1609479043655848e-07,1.1766636848263485e-07,6.643581560772971e-10,2.348860786494237e-10,0.9347628728510348,0.9474167809526455,-34.49441845026143,corrected-two-halo,scale_dependent_camb
0,0.44933801,0.49256256,3660,3679,3669.5090599455043,1.2328530904269217e-07,1.1575558130643656e-07,1.1732262348347005e-07,4.680825028476205e-10,1.6549215595916193e-10,0.938924371486564,0.9516350682370653,-45.4990007992506,corrected-two-halo,scale_dependent_camb
0,0.44933801,0.49256256,3680,3699,3689.509010840108,1.2238295801250615e-07,1.1512341801726894e-07,1.1668095936121992e-07,7.85278161660078e-10,2.7763775661377355e-10,0.9406817737278799,0.9534085566823484,-26.14752432730566,corrected-two-halo,scale_dependent_camb
0,0.44933801,0.49256256,3700,3719,3709.508962264151,1.2148985172343813e-07,1.14492808258196e-07,1.1604259384024118e-07,4.826466707985834e-10,1.7064136691939475e-10,0.9424063543910618,0.9551628567660351,-41.00438007243173,corrected-two-halo,scale_dependent_camb
0,0.44933801,0.49256256,3720,3739,3729.508914209115,1.20605851834619e-07,1.135974496559097e-07,1.1513494866986071e-07,7.079326803261331e-10,2.502919994410885e-10,0.9418900320996068,0.9546381615689736,-28.000903721890122,corrected-two-halo,scale_dependent_camb
0,0.44933801,0.49256256,3740,3759,3749.5088666666666,1.1973082020367372e-07,1.1293144212663922e-07,1.1445891687336865e-07,9.307865696467955e-10,3.290827476173069e-10,0.9432111292191259,0.9559687027839863,-20.66160601327406,corrected-two-halo,scale_dependent_camb
0,0.44933801,0.49256256,3760,3779,3769.5088196286474,1.1886462440967496e-07,1.1223819661380356e-07,1.1375805580407942e-07,3.5578854242652645e-10,1.2579024550913726e-10,0.9442523136822192,0.9570387856693561,-52.67839146867762,corrected-two-halo,scale_dependent_camb
0,0.44933801,0.49256256,3780,3799,3789.5087730870714,1.180071321570303e-07,1.1192840777887294e-07,1.134425761045734e-07,8.141263864550276e-10,2.878371443026249e-10,0.9484885000843127,0.9613196595068262,-21.118623841564858,corrected-two-halo,scale_dependent_camb
0,0.44933801,0.49256256,3800,3819,3809.5087270341205,1.171582165982457e-07,1.111186272447023e-07,1.1262237360843085e-07,5.924004881173559e-10,2.0944520116300155e-10,0.9484492890989105,0.9612844653877843,-28.8361314558984,corrected-two-halo,scale_dependent_camb
0,0.44933801,0.49256256,3820,3839,3829.508681462141,1.1631775076303805e-07,1.1037561536991017e-07,1.118690766290409e-07,7.739097259389468e-10,2.7361840761882586e-10,0.9489146295028248,0.9617541251888547,-21.716870019234207,corrected-two-halo,scale_dependent_camb
0,0.44933801,0.49256256,3840,3859,3849.5086363636365,1.1548561365344155e-07,1.0986097003203433e-07,1.1134747411383859e-07,7.061595588836227e-10,2.4966510634315534e-10,0.9512957203631779,0.9641674888439263,-22.52875343211301,corrected-two-halo,scale_dependent_camb
0,0.44933801,0.49256256,3860,3879,3869.5085917312663,1.1466168362191536e-07,1.0932737288450532e-07,1.1080681554381262e-07,8.560709033499122e-10,3.026667704676082e-10,0.9534778265161415,0.9663805034398958,-17.62436863871358,corrected-two-halo,scale_dependent_camb
0,0.44933801,0.49256256,3880,3899,3889.5085475578408,1.1384584501640039e-07,1.0850181187725453e-07,1.0996944119042662e-07,8.953595772154138e-10,3.1655741432466964e-10,0.95305904103592,0.9659504145679155,-16.881718441334243,corrected-two-halo,scale_dependent_camb
0,0.44933801,0.49256256,3900,3919,3909.5085038363172,1.1303798105985288e-07,1.0839417164909034e-07,1.098609590213789e-07,7.45519635558074e-10,2.6358099490541885e-10,0.958918149747352,0.9718942075160405,-17.618149640981812,corrected-two-halo,scale_dependent_camb
0,0.44933801,0.49256256,3920,3939,3929.5084605597963,1.1223798146677803e-07,1.075808192924129e-07,1.0903579409894875e-07,9.927949320876476e-10,3.5100601440340673e-10,0.958506361986351,0.9714696636024489,-13.268040954457042,corrected-two-halo,scale_dependent_camb
0,0.44933801,0.49256256,3940,3959,3949.508417721519,1.1144573466670218e-07,1.068008870444448e-07,1.0824594826723449e-07,7.453731077970137e-10,2.635291895186799e-10,0.9583218896968233,0.9712883906321116,-17.625552716725267,corrected-two-halo,scale_dependent_camb
0,0.44933801,0.49256256,3960,3979,3969.5083753148615,1.1066113437460447e-07,1.0613070159440042e-07,1.0756676471271907e-07,6.327163693636135e-10,2.236990176723717e-10,0.959060307796341,0.9720374304910837,-20.252358849600757,corrected-two-halo,scale_dependent_camb
0,0.44933801,0.49256256,3980,3999,3989.508333333333,1.0988407501216846e-07,1.0565339670926649e-07,1.0708276412605401e-07,7.327314240094196e-10,2.5905967935276804e-10,0.9614987130534295,0.9745066709092811,-16.330902259556016,corrected-two-halo,scale_dependent_camb
0,0.44933801,0.49256256,4000,4019,4009.5082917705736,1.0911445330028379e-07,1.0533676963329886e-07,1.0676151867419197e-07,8.452767766169956e-10,2.9885047036269205e-10,0.9653787050869538,0.978436086559344,-12.64071514560525,corrected-two-halo,scale_dependent_camb
0,0.44933801,0.49256256,4020,4039,4029.5082506203476,1.0835216987035856e-07,1.0455084766163101e-07,1.0596590521455097e-07,5.786791941244709e-10,2.0459399114848996e-10,0.9649169720064142,0.9779767709436487,-18.579833099636993,corrected-two-halo,scale_dependent_camb
0,0.44933801,0.49256256,4040,4059,4049.5082098765433,1.0759712443288688e-07,1.0397429195970928e-07,1.0538192117801096e-07,4.843410884186813e-10,1.7124043401406137e-10,0.9663296533966638,0.9794120589509097,-21.15640791286542,corrected-two-halo,scale_dependent_camb
0,0.44933801,0.49256256,4060,4079,4069.5081695331696,1.068492221105884e-07,1.0337590391761859e-07,1.0477436820320939e-07,7.259038427148439e-10,2.5664576483651953e-10,0.9674932758108904,0.9805814785882901,-13.533510654977206,corrected-two-halo,scale_dependent_camb
0,0.44933801,0.49256256,4080,4096,4088.005870123517,1.0616369261004078e-07,1.027521704712038e-07,1.0414295613760163e-07,7.010786875656254e-10,2.478687470615093e-10,0.9678654532923214,0.9809658422502154,-13.76342188872408,corrected-two-halo,scale_dependent_camb
1,0.40720486,0.44933801,20,39,30.608333333333334,3.0504831288748068e-05,3.025751719159505e-05,2.9871997809506945e-05,1.0691901954545939e-06,3.780158187920567e-07,0.9918926253086919,0.9792546474605631,-0.6542427191097595,corrected-two-halo,scale_dependent_camb
1,0.40720486,0.44933801,40,59,50.165,2.466509788821768e-05,2.4701787617141537e-05,2.4387940167953877e-05,9.389108384630652e-07,3.3195511040339024e-07,1.00148751604758,0.9887631615524138,0.11052617590153326,corrected-two-halo,scale_dependent_camb
1,0.40720486,0.44933801,60,79,69.975,2.0398592972379756e-05,2.007614246534384e-05,1.9820807892038567e-05,7.497610289917338e-07,2.6508055393472927e-07,0.9841925123231527,0.9716752483309253,-1.2164246009358863,corrected-two-halo,scale_dependent_camb
1,0.40720486,0.44933801,80,99,89.86944444444444,1.6759999634400474e-05,1.673588124052457e-05,1.652350998105345e-05,3.7748257932977137e-07,1.334602458119351e-07,0.9985609549879465,0.9858896385139759,-0.18071594075952999,corrected-two-halo,scale_dependent_camb
1,0.40720486,0.44933801,100,119,109.80227272727272,1.322687387425966e-05,1.3099230002399643e-05,1.2932741679466799e-05,2.594493124205312e-07,9.172918409337238e-08,0.9903496568370233,0.9777625312232499,-1.391529567406676,corrected-two-halo,scale_dependent_camb
1,0.40720486,0.44933801,120,139,129.75576923076923,1.0864081416655244e-05,1.065504584534964e-05,1.0519784262425512e-05,1.649029741332959e-07,5.830200562374168e-08,0.9807590201795487,0.9683086732301265,-3.5853924589599346,corrected-two-halo,scale_dependent_camb
1,0.40720486,0.44933801,140,159,149.72166666666666,9.400422259253554e-06,9.166059848071926e-06,9.049627607897085e-06,1.0389802549994573e-07,3.673349919145223e-08,0.9750689485303783,0.9626830963884464,-6.380073130527214,corrected-two-halo,scale_dependent_camb
1,0.40720486,0.44933801,160,179,169.6955882352941,7.955654965249256e-06,7.811188772620999e-06,7.71211758316272e-06,1.4111454292283907e-07,4.9891525112389816e-08,0.9818410686160607,0.9693881417494447,-2.89560586297614,corrected-two-halo,scale_dependent_camb
1,0.40720486,0.44933801,180,199,189.675,6.653987514083171e-06,6.552267769085094e-06,6.468950343067882e-06,7.757581488253139e-08,2.7427192379755118e-08,0.9847129642514676,0.972191536184332,-3.7087188360249366,corrected-two-halo,scale_dependent_camb
1,0.40720486,0.44933801,200,219,209.65833333333333,5.807187090938178e-06,5.733038882548408e-06,5.660292309454605e-06,7.87572187456933e-08,2.7844881721236002e-08,0.9872316480890594,0.974704658351236,-2.6629026164338367,corrected-two-halo,scale_dependent_camb
1,0.40720486,0.44933801,220,239,229.64456521739132,5.179449588008787e-06,5.053267165257128e-06,4.989007913785012e-06,6.981322802156266e-08,2.468270347528483e-08,0.9756378702779942,0.9632312910884051,-5.112179987820528,corrected-two-halo,scale_dependent_camb
1,0.40720486,0.44933801,240,259,249.633,4.533183513317965e-06,4.470350849593569e-06,4.413536574748819e-06,5.237227667251125e-08,1.851639599065537e-08,0.9861393955175648,0.9736064206936168,-3.393352775351414,corrected-two-halo,scale_dependent_camb
1,0.40720486,0.44933801,260,279,269.6231481481482,3.976680618267067e-06,3.958489842046621e-06,3.908137887460746e-06,5.060745583205075e-08,1.7892437598720887e-08,0.9954256381221852,0.9827638331095871,-1.0166740065504751,corrected-two-halo,scale_dependent_camb
1,0.40720486,0.44933801,280,299,289.6146551724138,3.585568434218068e-06,3.5591063806015063e-06,3.5138698621111134e-06,6.778597745006176e-08,2.3965962162148532e-08,0.9926198442166027,0.9800035689117755,-1.1041515227940801,corrected-two-halo,scale_dependent_camb
1,0.40720486,0.44933801,300,319,309.60725806451615,3.258394816963154e-06,3.2122932514013546e-06,3.171474712196961e-06,3.179332199245109e-08,1.124063678865478e-08,0.9858514489030626,0.9733242563750446,-4.101330416469793,corrected-two-halo,scale_dependent_camb
1,0.40720486,0.44933801,320,339,329.6007575757576,2.9345197549638785e-06,2.9412729382868744e-06,2.9038871764146064e-06,5.4661531818147115e-08,1.9325769909328028e-08,1.0023012908028894,0.9895612975521955,0.3494392903713658,corrected-two-halo,scale_dependent_camb
1,0.40720486,0.44933801,340,359,349.595,2.658898868730171e-06,2.6598127119135686e-06,2.6259818255700857e-06,3.360349773538063e-08,1.1880630560137217e-08,1.000343692343528,0.9876200469498091,0.0769187442343215,corrected-two-halo,scale_dependent_camb
1,0.40720486,0.44933801,360,379,369.58986486486486,2.4458144126251083e-06,2.4406814013929614e-06,2.409691480015111e-06,3.07996674994973e-08,1.0889326873592728e-08,0.9979013079628403,0.9852307139807773,-0.47138003034831966,corrected-two-halo,scale_dependent_camb
1,0.40720486,0.44933801,380,399,389.5852564102564,2.257757469469931e-06,2.2619648069883275e-06,2.233216371752857e-06,1.928420770464865e-08,6.817997018883463e-09,1.0018635028674645,0.989130321547409,0.617092894987155,corrected-two-halo,scale_dependent_camb
1,0.40720486,0.44933801,400,419,409.5810975609756,2.079486129942462e-06,2.0732074675671953e-06,2.0468726375246704e-06,1.3599114824153249e-08,4.8080131551466326e-09,0.9969806663844205,0.9843165616984934,-1.3058746248532629,corrected-two-halo,scale_dependent_camb
1,0.40720486,0.44933801,420,439,429.57732558139537,1.9258747671625538e-06,1.924514858484683e-06,1.9000397206364962e-06,3.170673775566999e-08,1.1210024638168891e-08,0.9992938748141582,0.9865852925815519,-0.12131183666094063,corrected-two-halo,scale_dependent_camb
1,0.40720486,0.44933801,440,459,449.5738888888889,1.7982550222600917e-06,1.7946581626620683e-06,1.7718451023405344e-06,1.9729544418441746e-08,6.9754473240006785e-09,0.9979998056151664,0.9853135847848963,-0.5156457257798533,corrected-two-halo,scale_dependent_camb
1,0.40720486,0.44933801,460,479,469.5707446808511,1.6834334214383498e-06,1.6813164391820002e-06,1.6599533920941514e-06,1.6902533754345645e-08,5.9759481184661595e-09,0.9987424615494798,0.9860522970227497,-0.35425044099829656,corrected-two-halo,scale_dependent_camb
1,0.40720486,0.44933801,480,499,489.5678571428571,1.5772851450104985e-06,1.5708050463278396e-06,1.5508328269030264e-06,1.7854337781682205e-08,6.3124616595113334e-09,0.995891612430918,0.983229209891978,-1.0265565214000074,corrected-two-halo,scale_dependent_camb
1,0.40720486,0.44933801,500,519,509.56519607843137,1.4839694068630002e-06,1.4791967827465583e-06,1.4604262768118868e-06,1.1306556986267144e-08,3.997471558430815e-09,0.9967838797118258,0.9841350300469591,-1.1939107124793291,corrected-two-halo,scale_dependent_camb
1,0.40720486,0.44933801,520,539,529.5627358490566,1.4028263029409427e-06,1.3914702723129824e-06,1.3737791356045464e-06,1.3970628128974084e-08,4.939362943716551e-09,0.9919048918571365,0.9792938247055244,-2.299088112649534,corrected-two-halo,scale_dependent_camb
1,0.40720486,0.44933801,540,559,549.5604545454545,1.3292376956776623e-06,1.3137431161719906e-06,1.297072991783612e-06,8.12089624941567e-09,2.8711704036371097e-09,0.9883432590303028,0.9758021428382285,-5.396607420459495,corrected-two-halo,scale_dependent_camb
1,0.40720486,0.44933801,560,579,569.5583333333333,1.2617816128872466e-06,1.238549854015406e-06,1.2228202740430196e-06,1.068739490857832e-08,3.778564706537156e-09,0.9815881301212805,0.9691219633839214,-6.148302510645981,corrected-two-halo,scale_dependent_camb
1,0.40720486,0.44933801,580,599,589.5563559322034,1.2013428661783878e-06,1.1752928413864969e-06,1.160354814297149e-06,1.4701737470433616e-08,5.197849130283984e-09,0.9783159116974165,0.9658814706149407,-5.011693132860838,corrected-two-halo,scale_dependent_camb
1,0.40720486,0.44933801,600,619,609.5545081967213,1.147263228520957e-06,1.1156023029750965e-06,1.101444509192219e-06,8.47503539022319e-09,2.9963774976113973e-09,0.9724030852216212,0.9600625922720393,-10.566400785982221,corrected-two-halo,scale_dependent_camb
1,0.40720486,0.44933801,620,639,629.5527777777778,1.097873752953642e-06,1.0593942873077242e-06,1.0459253244205715e-06,1.1210363069945156e-08,3.963461873160731e-09,0.9649509194090893,0.9526826938039897,-9.708549464418502,corrected-two-halo,scale_dependent_camb
1,0.40720486,0.44933801,640,659,649.5511538461539,1.0525167474667467e-06,1.0061888155013291e-06,9.934070522338002e-07,1.0944797583805524e-08,3.869570295111513e-09,0.9559836628947501,0.9438396630027838,-11.972371202028379,corrected-two-halo,scale_dependent_camb
1,0.40720486,0.44933801,660,679,669.5496268656716,1.0111875001835208e-06,9.587628079643151e-07,9.465763100870777e-07,8.647995693782569e-09,3.057528199372858e-09,0.9481553201461735,0.9361036503272472,-17.146102603390126,corrected-two-halo,scale_dependent_camb
1,0.40720486,0.44933801,680,699,689.5481884057971,9.735332778051577e-07,9.210835935706911e-07,9.09389599538798e-07,7.1148676822840085e-09,2.5154855926940184e-09,0.9461244053693624,0.9341124954547292,-20.85071939461771,corrected-two-halo,scale_dependent_camb
1,0.40720486,0.44933801,700,719,709.5468309859154,9.388148259161812e-07,8.798726244525101e-07,8.686784490162318e-07,1.0760928095849585e-08,3.8045626142180415e-09,0.9372163712837088,0.9252926402909073,-15.492503985451055,corrected-two-halo,scale_dependent_camb
1,0.40720486,0.44933801,720,739,729.5455479452055,9.067054030516439e-07,8.467866302859347e-07,8.360282527222886e-07,5.0689281413415804e-09,1.792136731044977e-09,0.9339159416453854,0.9220505909731194,-33.43426409812556,corrected-two-halo,scale_dependent_camb
1,0.40720486,0.44933801,740,759,749.5443333333334,8.770377932889555e-07,8.084695986134347e-07,7.982031761169613e-07,5.162861419224372e-09,1.8253471599299782e-09,0.921818426525971,0.9101126339420806,-37.564467834245335,corrected-two-halo,scale_dependent_camb
1,0.40720486,0.44933801,760,779,769.5431818181818,8.495985650011698e-07,7.745862139880143e-07,7.647401008527824e-07,7.3938761641003425e-09,2.614129987444465e-09,0.9117084772700244,0.9001193414818556,-28.69495831249252,corrected-two-halo,scale_dependent_camb
1,0.40720486,0.44933801,780,799,789.5420886075949,8.240916915967871e-07,7.43658633316247e-07,7.342123775282721e-07,3.3837924019069655e-09,1.1963512767579653e-09,0.9023979259823741,0.8909352988447657,-67.23197428978261,corrected-two-halo,scale_dependent_camb
1,0.40720486,0.44933801,800,819,809.5410493827161,8.002859590293293e-07,7.154294124327666e-07,7.063375535789772e-07,6.539305344806777e-09,2.311993576781153e-09,0.8939672180435533,0.8826064553671507,-36.70276053046102,corrected-two-halo,scale_dependent_camb
1,0.40720486,0.44933801,820,839,829.5400602409638,7.780097005053937e-07,6.898842006819892e-07,6.811168747312201e-07,4.297192037665261e-09,1.519286814946972e-09,0.8867295616415087,0.875460645656176,-58.00451827555702,corrected-two-halo,scale_dependent_camb
1,0.40720486,0.44933801,840,859,849.5391176470588,7.571129019818863e-07,6.709158782132521e-07,6.623899306279956e-07,4.969907269301218e-09,1.7571275659956042e-09,0.8861503699870954,0.8748892389682762,-49.05564367479161,corrected-two-halo,scale_dependent_camb
1,0.40720486,0.44933801,860,879,869.5382183908046,7.374629658531867e-07,6.462083002044916e-07,6.379935863590023e-07,6.270651543995611e-09,2.2170101146085953e-09,0.876258646367251,0.8651194919610558,-41.16114087499584,corrected-two-halo,scale_dependent_camb
1,0.40720486,0.44933801,880,899,889.5373595505617,7.189424859282404e-07,6.250582273042893e-07,6.171155509500066e-07,6.188976803426511e-09,2.188133733154564e-09,0.8694133947269296,0.8583656732335646,-42.90608805184913,corrected-two-halo,scale_dependent_camb
1,0.40720486,0.44933801,900,919,909.5365384615385,7.014475741961383e-07,6.040832992421288e-07,5.964074921804894e-07,3.892342300038461e-09,1.3761508175282193e-09,0.86119522180173,0.8502524124685651,-70.75116601601188,corrected-two-halo,scale_dependent_camb
1,0.40720486,0.44933801,920,939,929.535752688172,6.848861162661375e-07,5.851704322554007e-07,5.77737770332997e-07,3.1794471703071043e-09,1.1241043272742665e-09,0.8544054527570704,0.8435530471587133,-88.70678778768502,corrected-two-halo,scale_dependent_camb
1,0.40720486,0.44933801,940,959,949.535,6.691764374124211e-07,5.666459919951526e-07,5.59444323723795e-07,4.989461151911978e-09,1.764040907491901e-09,0.8467811481621582,0.8360191609361808,-58.12248739914171,corrected-two-halo,scale_dependent_camb
1,0.40720486,0.44933801,960,979,969.5342783505155,6.542460409281286e-07,5.49885590938288e-07,5.428994615670411e-07,5.529068565424159e-09,1.9548209381283994e-09,0.8404874566122059,0.8298093188257912,-53.386194077580434,corrected-two-halo,scale_dependent_camb
1,0.40720486,0.44933801,980,999,989.5335858585859,6.400302377347731e-07,5.344871081515402e-07,5.276975707240709e-07,3.776122552010632e-09,1.3350609315590844e-09,0.8350966511257711,0.82448850009294,-79.05491583817052,corrected-two-halo,scale_dependent_camb
1,0.40720486,0.44933801,1000,1019,1009.5329207920792,6.264707524745731e-07,5.173156508718759e-07,5.107431917415149e-07,2.4091350802559493e-09,8.517578760216896e-10,0.8257618553275916,0.8152706087619703,-128.15273527323114,corrected-two-halo,scale_dependent_camb
1,0.40720486,0.44933801,1020,1039,1029.532281553398,6.135155665266087e-07,5.060256488839837e-07,4.995965964718278e-07,2.44148375049733e-09,8.631948580667134e-10,0.8247967557674625,0.8143177186200374,-124.52566953812588,corrected-two-halo,scale_dependent_camb
1,0.40720486,0.44933801,1040,1059,1049.5316666666668,6.011184549079093e-07,4.929492799216737e-07,4.866884434715977e-07,3.7229861738291273e-09,1.3162743848891671e-09,0.8200534784732121,0.8096381661517243,-82.17828761846158,corrected-two-halo,scale_dependent_camb
1,0.40720486,0.44933801,1060,1079,1069.5310747663552,5.892382041581957e-07,4.778292192071788e-07,4.7175675468505395e-07,3.980268402845224e-09,1.407237389297203e-09,0.8109270848956929,0.8006214657432482,-79.16857937284935,corrected-two-halo,scale_dependent_camb
1,0.40720486,0.44933801,1080,1099,1089.530504587156,5.778380138337281e-07,4.671613145763095e-07,4.612253851036779e-07,4.5484761845419465e-09,1.6081291770775622e-09,0.8084641428778244,0.7981914897630717,-68.82326422218789,corrected-two-halo,scale_dependent_camb
1,0.40720486,0.44933801,1100,1119,1109.529954954955,5.668849830387833e-07,4.5542927288901444e-07,4.4964170822434594e-07,2.9691189932505986e-09,1.0497420871386366e-09,0.8033891997768027,0.7931797836909429,-106.1743751301544,corrected-two-halo,scale_dependent_camb
1,0.40720486,0.44933801,1120,1139,1129.529424778761,5.563495609289906e-07,4.433431593203517e-07,4.377110788809248e-07,2.7096652994115854e-09,9.580113539799043e-10,0.7968787799168185,0.7867555034105471,-117.95935521971833,corrected-two-halo,scale_dependent_camb
1,0.40720486,0.44933801,1140,1159,1149.5289130434783,5.462051730173849e-07,4.36137818910404e-07,4.3060005786114547e-07,3.791230344653072e-09,1.3404023428721993e-09,0.7984871628019575,0.7883485531314075,-82.1151609382671,corrected-two-halo,scale_dependent_camb
1,0.40720486,0.44933801,1160,1179,1169.5284188034188,5.364278078701767e-07,4.246646402984948e-07,4.1926828538341454e-07,4.074947352932703e-09,1.440711453118443e-09,0.7916529196809832,0.7815931225640032,-77.57498375526112,corrected-two-halo,scale_dependent_camb
1,0.40720486,0.44933801,1180,1199,1189.5279411764707,5.26995731148486e-07,4.165019116450639e-07,4.1120623471454284e-07,3.5361556314441176e-09,1.2502198131625667e-09,0.7903326099765134,0.7802838057499969,-88.37951401835168,corrected-two-halo,scale_dependent_camb
1,0.40720486,0.44933801,1200,1219,1209.527479338843,5.178892153817986e-07,4.0705519102366977e-07,4.0187968550935603e-07,3.764621291955388e-09,1.3309946220704582e-09,0.7859889314813793,0.7759954707940424,-83.2715794040689,corrected-two-halo,scale_dependent_camb
1,0.40720486,0.44933801,1220,1239,1229.5270325203253,5.090902564445056e-07,3.976910213461786e-07,3.9263709932281533e-07,4.510494427958846e-09,1.5947005982569188e-09,0.7811797933899953,0.7712524338316727,-69.8558934636956,corrected-two-halo,scale_dependent_camb
1,0.40720486,0.44933801,1240,1259,1249.5266,5.005824329617765e-07,3.9039073328707276e-07,3.854305163363647e-07,3.206613735329132e-09,1.133709158448577e-09,0.779873019069533,0.7699641276980158,-97.19573918366811,corrected-two-halo,scale_dependent_camb
1,0.40720486,0.44933801,1260,1279,1269.5261811023622,4.923507372370362e-07,3.82781057505717e-07,3.779153876658225e-07,3.188354878581669e-09,1.1272536777371547e-09,0.7774560461791932,0.76757351839585,-97.20055200996904,corrected-two-halo,scale_dependent_camb
1,0.40720486,0.44933801,1280,1299,1289.5257751937984,4.843812345651584e-07,3.755084286352905e-07,3.707374049680912e-07,2.767277499663819e-09,9.7838034271862e-10,0.7752332291988855,0.765383500665363,-111.27861137044474,corrected-two-halo,scale_dependent_camb
1,0.40720486,0.44933801,1300,1319,1309.5253816793893,4.766611058550674e-07,3.6857531395316536e-07,3.6389228915635953e-07,4.0511631091676105e-09,1.4323024530925974e-09,0.773243945070764,0.7634193029103656,-75.46296640665906,corrected-two-halo,scale_dependent_camb
1,0.40720486,0.44933801,1320,1339,1329.525,4.691783996549062e-07,3.618348487336578e-07,3.5723651048792023e-07,2.3600164900572696e-09,8.343918319157848e-10,0.7712095207277176,0.7614086896384779,-128.64885155309454,corrected-two-halo,scale_dependent_camb
1,0.40720486,0.44933801,1340,1359,1349.5246296296295,4.6192196281003404e-07,3.5646579584173646e-07,3.5193434439890576e-07,3.3535575213077257e-09,1.1856616322079213e-09,0.771701336029206,0.7618913425505147,-88.94288564598206,corrected-two-halo,scale_dependent_camb
1,0.40720486,0.44933801,1360,1379,1369.5242700729927,4.548814141866688e-07,3.513927705652658e-07,3.469276212524219e-07,2.5503102432782813e-09,9.016708335757931e-10,0.7724931369059309,0.7626770635875088,-114.7743053981172,corrected-two-halo,scale_dependent_camb
1,0.40720486,0.44933801,1380,1399,1389.5239208633093,4.480469950835584e-07,3.44548167251998e-07,3.401689877739847e-07,1.9243485394767772e-09,6.803599508152289e-10,0.7690000625665206,0.7592261336571289,-152.1236335377249,corrected-two-halo,scale_dependent_camb
1,0.40720486,0.44933801,1400,1419,1409.5235815602837,4.4140955007035984e-07,3.393767968884768e-07,3.3506636032682525e-07,3.415497853694684e-09,1.2075608467378048e-09,0.7688478802381616,0.7590827164328826,-84.4949167220202,corrected-two-halo,scale_dependent_camb
1,0.40720486,0.44933801,1420,1439,1429.5232517482518,4.3496044691559227e-07,3.3346933073144777e-07,3.292314514258302e-07,2.5346579288347996e-09,8.961369047336681e-10,0.7666658729458228,0.7569227357579029,-113.25403032509598,corrected-two-halo,scale_dependent_camb
1,0.40720486,0.44933801,1440,1459,1449.5229310344828,4.2869154886165963e-07,3.2940693464560743e-07,3.2521988702473496e-07,2.751567265053265e-09,9.728259360050429e-10,0.7684008129395344,0.7586337726701597,-102.05794329843765,corrected-two-halo,scale_dependent_camb
1,0.40720486,0.44933801,1460,1479,1469.522619047619,4.2259515840893453e-07,3.2483068065745444e-07,3.2070000851414914e-07,3.165886416774401e-09,1.1193098768837795e-09,0.7686568911022026,0.7588823537912281,-87.34353173373383,corrected-two-halo,scale_dependent_camb
1,0.40720486,0.44933801,1480,1499,1489.5223154362416,4.16663992832182e-07,3.190070834947216e-07,3.149558134892241e-07,2.3260716224708317e-09,8.2239050888736e-10,0.765621913538391,0.7558988031300261,-118.74761233514685,corrected-two-halo,scale_dependent_camb
1,0.40720486,0.44933801,1500,1519,1509.5220198675497,4.108911618082884e-07,3.1627356862758067e-07,3.122555695616754e-07,1.6937366724266942e-09,5.988263433086267e-10,0.7697258983028359,0.759947155318386,-158.0050614639429,corrected-two-halo,scale_dependent_camb
1,0.40720486,0.44933801,1520,1539,1529.5217320261438,4.0527010345942403e-07,3.1027734420731136e-07,3.063342943320242e-07,1.77622344734983e-09,6.279898222618056e-10,0.7656062994994067,0.7558768626580782,-151.26480698362448,corrected-two-halo,scale_dependent_camb
1,0.40720486,0.44933801,1540,1559,1549.5214516129033,3.99794577197142e-07,3.0706326572064804e-07,3.0316265773200166e-07,2.908065358783444e-09,1.0281563676647317e-09,0.768052603097797,0.7582960725915742,-90.19183695483605,corrected-two-halo,scale_dependent_camb
1,0.40720486,0.44933801,1560,1579,1569.521178343949,3.944586701522646e-07,3.004044752957141e-07,2.965879025283677e-07,1.7888888605494352e-09,6.324677220417909e-10,0.7615613447658667,0.7518858754299459,-148.70987337174466,corrected-two-halo,scale_dependent_camb
1,0.40720486,0.44933801,1580,1599,1589.5209119496856,3.892567424289724e-07,2.984370081766831e-07,2.9464403220627345e-07,1.8089209805209697e-09,6.395501459784982e-10,0.7666842359991718,0.7569400862980225,-142.00565010166173,corrected-two-halo,scale_dependent_camb
1,0.40720486,0.44933801,1600,1619,1609.520652173913,3.8418342122246665e-07,2.9501270813837905e-07,2.9126265758222634e-07,2.2233102892183206e-09,7.860588910940493e-10,0.767895468262666,0.7581343740847337,-113.44024486508685,corrected-two-halo,scale_dependent_camb
1,0.40720486,0.44933801,1620,1639,1629.520398773006,3.7923363610709477e-07,2.9116699237388974e-07,2.874669556131106e-07,2.0716089522229583e-09,7.324243690418061e-10,0.7677773400133336,0.7580207245433539,-120.2399148029689,corrected-two-halo,scale_dependent_camb
1,0.40720486,0.44933801,1640,1659,1649.5201515151516,3.7440250626338733e-07,2.8699474924289906e-07,2.83349057306919e-07,1.4681138296024772e-09,5.190566222328316e-10,0.766540673317507,0.7568033134574867,-168.39734486862986,corrected-two-halo,scale_dependent_camb
1,0.40720486,0.44933801,1660,1679,1669.5199101796406,3.6968543281990314e-07,2.842093734434989e-07,2.805996897760787e-07,1.7383684801859216e-09,6.146060702702088e-10,0.7687870503189533,0.7590228471695727,-139.07454467350945,corrected-two-halo,scale_dependent_camb
1,0.40720486,0.44933801,1680,1699,1689.519674556213,3.6507801913632725e-07,2.8139512006029466e-07,2.7782047062434544e-07,1.4977438625945143e-09,5.295324208605568e-10,0.7707807792043931,0.7609893120423715,-158.03168187518594,corrected-two-halo,scale_dependent_camb
1,0.40720486,0.44933801,1700,1719,1709.5194444444444,3.6057606045680976e-07,2.7920912184346234e-07,2.756617272159631e-07,1.4879967998474018e-09,5.260863137779898e-10,0.7743418170627729,0.7645036857597545,-154.6646177297905,corrected-two-halo,scale_dependent_camb
1,0.40720486,0.44933801,1720,1739,1729.519219653179,3.5617558772244656e-07,2.747749440361342e-07,2.7128265837540996e-07,1.6521767701291163e-09,5.841326989385929e-10,0.7714592282788774,0.7616542731356696,-139.3529994712205,corrected-two-halo,scale_dependent_camb
1,0.40720486,0.44933801,1740,1759,1749.519,3.518728008908588e-07,2.7294987450708023e-07,2.6948136401431494e-07,1.614603570758675e-09,5.708485669057363e-10,0.7757060898598461,0.7658488048296197,-138.2554515492215,corrected-two-halo,scale_dependent_camb
1,0.40720486,0.44933801,1760,1779,1769.5187853107345,3.4766406896169317e-07,2.6942163615871427e-07,2.6599714891653333e-07,2.162722765952403e-09,7.646379668157353e-10,0.774948176161397,0.7650981871981767,-102.32611536255823,corrected-two-halo,scale_dependent_camb
1,0.40720486,0.44933801,1780,1799,1789.5185754189945,3.4354595126257535e-07,2.6666511056754626e-07,2.632769257704288e-07,1.2801658222500058e-09,4.5260696697811576e-10,0.77621380658837,0.7663514147171648,-169.86225644809042,corrected-two-halo,scale_dependent_camb
1,0.40720486,0.44933801,1800,1819,1809.5183701657459,3.3951515993074487e-07,2.6391889277403607e-07,2.6056617288567194e-07,1.4795644810841132e-09,5.231050388886658e-10,0.7773405253181357,0.7674655026857206,-144.51450767385595,corrected-two-halo,scale_dependent_camb
1,0.40720486,0.44933801,1820,1839,1829.518169398907,3.3556856267504466e-07,2.612466593562307e-07,2.579256209436924e-07,1.962051307060958e-09,6.936898921293661e-10,0.7785194693855001,0.7686227186706416,-107.13995426785557,corrected-two-halo,scale_dependent_camb
1,0.40720486,0.44933801,1840,1859,1849.517972972973,3.317031694765728e-07,2.596344275592773e-07,2.5633513638667633e-07,2.093146200699314e-09,7.400389362646716e-10,0.7827312231263274,0.7727847062515949,-97.38506771151899,corrected-two-halo,scale_dependent_camb
1,0.40720486,0.44933801,1860,1879,1869.5177807486632,3.2791613338554286e-07,2.559832512766099e-07,2.52729966048774e-07,2.0103358233911637e-09,7.107610465910666e-10,0.7806363433044057,0.7707152540482973,-101.20543669906438,corrected-two-halo,scale_dependent_camb
1,0.40720486,0.44933801,1880,1899,1889.5175925925926,3.242047363325549e-07,2.5453378484349595e-07,2.512974890475261e-07,2.35700721003155e-09,8.33327890759447e-10,0.7851019936439375,0.7751197341847474,-83.60568782303069,corrected-two-halo,scale_dependent_camb
1,0.40720486,0.44933801,1900,1919,1909.5174083769634,3.2056638417974704e-07,2.5276083678554805e-07,2.4954850930235693e-07,1.4990737127935133e-09,5.300025939073941e-10,0.7884820407239604,0.778461253636722,-127.93436895149699,corrected-two-halo,scale_dependent_camb
1,0.40720486,0.44933801,1920,1939,1929.5172279792746,3.1699860725491623e-07,2.502767039633348e-07,2.4709568929131206e-07,1.802306903853462e-09,6.37211716747057e-10,0.7895198850576444,0.7794850943701739,-104.70915951168375,corrected-two-halo,scale_dependent_camb
1,0.40720486,0.44933801,1940,1959,1949.5170512820512,3.1349904639775564e-07,2.4832142562406955e-07,2.451654333612089e-07,2.0229396576073513e-09,7.152171749126753e-10,0.7920962710330187,0.782029279445247,-91.12983169293155,corrected-two-halo,scale_dependent_camb
1,0.40720486,0.44933801,1960,1979,1969.5168781725888,3.100654495485671e-07,2.457411018070688e-07,2.426180123861881e-07,1.8878312879436896e-09,6.674491527205583e-10,0.7925459033402468,0.7824735478893968,-96.3734053437761,corrected-two-halo,scale_dependent_camb
1,0.40720486,0.44933801,1980,1999,1989.5167085427136,3.0669566646041287e-07,2.434941900235173e-07,2.404009219144675e-07,1.0200559889886284e-09,3.6064425350190466e-10,0.7939277161418472,0.7838419260661368,-175.24603767618822,corrected-two-halo,scale_dependent_camb
1,0.40720486,0.44933801,2000,2019,2009.5165422885573,3.03387648761376e-07,2.420645020862683e-07,2.3898994113763004e-07,1.6345366439608093e-09,5.778959725212949e-10,0.7978719736104343,0.787737873025949,-106.11450778513257,corrected-two-halo,scale_dependent_camb
1,0.40720486,0.44933801,2020,2039,2029.5163793103447,3.0013944251969534e-07,2.4009121444027633e-07,2.370400183475289e-07,1.868154326351798e-09,6.604922962331715e-10,0.7999322329137777,0.7897663044802057,-90.91435043508878,corrected-two-halo,scale_dependent_camb
1,0.40720486,0.44933801,2040,2059,2049.516219512195,2.9694917421673423e-07,2.3756729802153088e-07,2.3454857720183558e-07,1.4325448454672093e-09,5.064810872918492e-10,0.8000268013816321,0.7898610185413267,-117.24401499909466,corrected-two-halo,scale_dependent_camb
1,0.40720486,0.44933801,2060,2079,2069.5160628019325,2.9381505738131537e-07,2.3690131504105173e-07,2.3389062473496993e-07,1.2599833354733505e-09,4.4547138034762535e-10,0.8062939903505335,0.7960471012601132,-127.7607156173552,corrected-two-halo,scale_dependent_camb
1,0.40720486,0.44933801,2080,2099,2089.515909090909,2.907353877840926e-07,2.3411479869139862e-07,2.3113972797895526e-07,1.4265917482438497e-09,5.04376349583999e-10,0.8052504391562343,0.7950175234622813,-112.25861232271033,corrected-two-halo,scale_dependent_camb
1,0.40720486,0.44933801,2100,2119,2109.5157582938386,2.8770854951066436e-07,2.3261827994128331e-07,2.296627001078395e-07,1.4322575386892237e-09,5.06379509006352e-10,0.8085205682518689,0.7982477423714053,-108.79245425527279,corrected-two-halo,scale_dependent_camb
1,0.40720486,0.44933801,2120,2139,2129.5156103286386,2.847329782712701e-07,2.3035077580895032e-07,2.274227814236126e-07,2.0153572714266727e-09,7.125363965697088e-10,0.8090063090250511,0.7987230099034854,-76.32199944329369,corrected-two-halo,scale_dependent_camb
1,0.40720486,0.44933801,2140,2159,2149.515465116279,2.818071871864517e-07,2.2944815015210998e-07,2.2653293954206464e-07,1.325571177855549e-09,4.686601844035488e-10,0.8142026200357356,0.8038579207427522,-111.72068542792401,corrected-two-halo,scale_dependent_camb
1,0.40720486,0.44933801,2160,2179,2169.5153225806453,2.7892977287452625e-07,2.274708312500335e-07,2.2457887266393603e-07,1.8353073957265932e-09,6.488791525400482e-10,0.8155129117477142,0.8051448590429268,-79.30435339624624,corrected-two-halo,scale_dependent_camb
1,0.40720486,0.44933801,2180,2199,2189.5151826484016,2.760993656338377e-07,2.2621324789214037e-07,2.233390320913936e-07,1.3325223524225376e-09,4.711177957403134e-10,0.8193182457077567,0.8089081681831363,-105.88884179869787,corrected-two-halo,scale_dependent_camb
1,0.40720486,0.44933801,2200,2219,2209.515045248869,2.733146776411434e-07,2.242652290870449e-07,2.2141444508935287e-07,1.5475403991262517e-09,5.471381551911544e-10,0.8205385492743298,0.8101081398199387,-89.64728211462794,corrected-two-halo,scale_dependent_camb
1,0.40720486,0.44933801,2220,2239,2229.5149103139015,2.705744710473962e-07,2.2328413572956744e-07,2.2044702500174854e-07,1.7390332319003013e-09,6.148410954927304e-10,0.825222478917662,0.8147369711133358,-76.91472750358452,corrected-two-halo,scale_dependent_camb
1,0.40720486,0.44933801,2240,2259,2249.514777777778,2.678775544369159e-07,2.2107113426113945e-07,2.1826089718894321e-07,1.946535406803401e-09,6.882041929851998e-10,0.8252693463841548,0.8147785940771786,-68.01240191918309,corrected-two-halo,scale_dependent_camb
1,0.40720486,0.44933801,2260,2279,2269.5146475770925,2.6522280438330856e-07,2.194545243104482e-07,2.1666485811697348e-07,1.895430392635705e-09,6.701358419498936e-10,0.8274345971897856,0.8169163983495267,-68.29701861593975,corrected-two-halo,scale_dependent_camb
1,0.40720486,0.44933801,2280,2299,2289.514519650655,2.626091240369399e-07,2.1868432165310166e-07,2.1590546859938577e-07,1.277278945538176e-09,4.515863019284236e-10,0.8327369525147971,0.8221552445718354,-97.26779177372018,corrected-two-halo,scale_dependent_camb
1,0.40720486,0.44933801,2300,2319,2309.514393939394,2.6003548104983546e-07,2.166530042447072e-07,2.1389979752345755e-07,1.5432603907293814e-09,5.456249437106732e-10,0.8331670869299023,0.8225792751815432,-79.50970223262473,corrected-two-halo,scale_dependent_camb
1,0.40720486,0.44933801,2320,2339,2329.514270386266,2.575008751103909e-07,2.154017815745832e-07,2.1266344844975516e-07,1.5410834550115838e-09,5.448552807065423e-10,0.8365089302404903,0.8258746629835184,-77.26656054652828,corrected-two-halo,scale_dependent_camb
1,0.40720486,0.44933801,2340,2359,2349.5141489361704,2.55004347616148e-07,2.1340757259260967e-07,2.1069544864413706e-07,1.2205069475759276e-09,4.315143695581162e-10,0.8368781732060782,0.8262425743473673,-96.39719545408116,corrected-two-halo,scale_dependent_camb
1,0.40720486,0.44933801,2360,2379,2369.514029535865,2.525449872395455e-07,2.1261751764663e-07,2.0991592230446924e-07,1.3047640610879806e-09,4.613037577219049e-10,0.8418995758761854,0.8312020943237274,-86.55353208066782,corrected-two-halo,scale_dependent_camb
1,0.40720486,0.44933801,2380,2399,2389.513912133891,2.501218996946406e-07,2.1075752916368575e-07,2.0807859242816718e-07,1.7575895944303305e-09,6.214017603823003e-10,0.8426192565344638,0.8319087320310551,-63.347697159301546,corrected-two-halo,scale_dependent_camb
1,0.40720486,0.44933801,2400,2419,2409.5137966804978,2.477342471592991e-07,2.097649512774808e-07,2.0709915339752473e-07,1.6315738772845657e-09,5.768484763173721e-10,0.8467337628236634,0.8359730468123568,-65.82195748217293,corrected-two-halo,scale_dependent_camb
1,0.40720486,0.44933801,2420,2439,2429.513683127572,2.453812102896927e-07,2.0838512754511587e-07,2.0573547806628628e-07,1.6987907432785689e-09,6.006132271946057e-10,0.8492301725103567,0.8384320780853538,-61.59718279495981,corrected-two-halo,scale_dependent_camb
1,0.40720486,0.44933801,2440,2459,2449.5135714285716,2.4306199828309694e-07,2.0686669029828957e-07,2.042381929493291e-07,1.4917516260488318e-09,5.274138453125938e-10,0.851086108727493,0.84027200628644,-68.6279063518985,corrected-two-halo,scale_dependent_camb
1,0.40720486,0.44933801,2460,2479,2469.5134615384613,2.407758602363486e-07,2.055076071404583e-07,2.0289675102953526e-07,1.2312075615561946e-09,4.352976079122694e-10,0.8535224708105268,0.8426789580582094,-81.02101287677719,corrected-two-halo,scale_dependent_camb
1,0.40720486,0.44933801,2480,2499,2489.513353413655,2.385220667586361e-07,2.0436624378547888e-07,2.0176868806356299e-07,1.4177096623979569e-09,5.012360580176431e-10,0.8568022513081778,0.8459120399444452,-68.14318807837036,corrected-two-halo,scale_dependent_camb
1,0.40720486,0.44933801,2500,2519,2509.513247011952,2.362999093835674e-07,2.0260979833442327e-07,2.0003324932907972e-07,2.0007327779713647e-09,7.073658573228755e-10,0.8574264749528212,0.8465227509011914,-47.62756174951536,corrected-two-halo,scale_dependent_camb
1,0.40720486,0.44933801,2520,2539,2529.51314229249,2.341087133829586e-07,2.015961338343254e-07,1.9903421631650386e-07,1.3058868369821867e-09,4.6170071894617787e-10,0.8611218733433103,0.8501785919899558,-70.41916595417584,corrected-two-halo,scale_dependent_camb
1,0.40720486,0.44933801,2540,2559,2549.513039215686,2.3194782299108257e-07,2.0026076746713562e-07,1.977150872499322e-07,1.27221503715627e-09,4.4979593995034693e-10,0.8633871397656309,0.8524119118700827,-70.4476245993792,corrected-two-halo,scale_dependent_camb
1,0.40720486,0.44933801,2560,2579,2569.512937743191,2.2981660550838904e-07,1.9860407844833498e-07,1.960804659444526e-07,8.828779590691795e-10,3.1214449590897795e-10,0.8641850662139612,0.8532040820579218,-99.99384089462114,corrected-two-halo,scale_dependent_camb
1,0.40720486,0.44933801,2580,2599,2589.5128378378377,2.2771444778410677e-07,1.9790667495869509e-07,1.9539091953875811e-07,1.3887989547156602e-09,4.910145792921161e-10,0.8691002125009123,0.8580523609288323,-60.7064923986266,corrected-two-halo,scale_dependent_camb
1,0.40720486,0.44933801,2600,2619,2609.5127394636015,2.2564075653063397e-07,1.9644306865901592e-07,1.939465233809774e-07,1.1983274293012182e-09,4.236727256703672e-10,0.8706010016960121,0.8595367537453118,-68.9156655657247,corrected-two-halo,scale_dependent_camb
1,0.40720486,0.44933801,2620,2639,2629.5126425855515,2.2359496065914322e-07,1.953185078398214e-07,1.9283740186140375e-07,5.557401916464721e-10,1.9648382904556595e-10,0.8735371640936598,0.8624407334267812,-143.91236651217906,corrected-two-halo,scale_dependent_camb
1,0.40720486,0.44933801,2640,2659,2649.512547169811,2.215765053350269e-07,1.9400425604224952e-07,1.9153828760917219e-07,1.4120105967189167e-09,4.992211340236046e-10,0.8755632992266589,0.8644341028827199,-55.23053295150295,corrected-two-halo,scale_dependent_camb
1,0.40720486,0.44933801,2660,2679,2669.5124531835204,2.1958485278949036e-07,1.9280424488694627e-07,1.9035361401784155e-07,1.4355690223419258e-09,5.07550295279659e-10,0.878039821224746,0.8668795301665367,-52.76444157674666,corrected-two-halo,scale_dependent_camb
1,0.40720486,0.44933801,2680,2699,2689.5123605947956,2.176194811852409e-07,1.9117630799254036e-07,1.8874849745125772e-07,3.5555522179726104e-10,1.257077542095651e-10,0.8784889429536332,0.8673327241810315,-210.35435211592124,corrected-two-halo,scale_dependent_camb
1,0.40720486,0.44933801,2700,2719,2709.512269372694,2.1567988452601496e-07,1.899306710703632e-07,1.8751642706575383e-07,1.3872938504572618e-09,4.90482444578363e-10,0.8806137460976526,0.8694201013592248,-52.49772696306543,corrected-two-halo,scale_dependent_camb
1,0.40720486,0.44933801,2720,2739,2729.5121794871793,2.137655722367983e-07,1.8907023678109116e-07,1.8666733886452825e-07,1.167616884314175e-09,4.1281490836323084e-10,0.8844746831900933,0.8732338744320716,-59.82181107175037,corrected-two-halo,scale_dependent_camb
1,0.40720486,0.44933801,2740,2759,2749.512090909091,2.1187606735680743e-07,1.8809721565368344e-07,1.8570537802490407e-07,1.6419994029470331e-09,5.805344562640547e-10,0.8877699968676525,0.8764811445748097,-40.96027625328106,corrected-two-halo,scale_dependent_camb
1,0.40720486,0.44933801,2760,2779,2769.5120036101084,2.1001090550014973e-07,1.8668498862196149e-07,1.84312917659809e-07,1.2328222278035816e-09,4.358684786387096e-10,0.8889299733143067,0.8776349838636242,-53.51595268150382,corrected-two-halo,scale_dependent_camb
1,0.40720486,0.44933801,2780,2799,2789.511917562724,2.0816963580486666e-07,1.850495947812765e-07,1.8269789122597313e-07,1.2108308560382482e-09,4.2809335458727877e-10,0.8889365351762332,0.8776394814718793,-54.00700752731842,corrected-two-halo,scale_dependent_camb
1,0.40720486,0.44933801,2800,2819,2809.5118327402133,2.0635181936623457e-07,1.8376537166089388e-07,1.814304427813398e-07,1.1580973169695877e-09,4.0944923305157097e-10,0.8905439856323529,0.8792287043485468,-55.16299917576321,corrected-two-halo,scale_dependent_camb
1,0.40720486,0.44933801,2820,2839,2829.511749116608,2.045570286344161e-07,1.8310948082463962e-07,1.8078209835579836e-07,1.3366202795530707e-09,4.725666317717175e-10,0.8951512546258799,0.8837735841328227,-45.38523536747965,corrected-two-halo,scale_dependent_camb
1,0.40720486,0.44933801,2840,2859,2849.5116666666668,2.0278484647615359e-07,1.8199893976884562e-07,1.796849040756065e-07,1.4666265348531214e-09,5.185307841313852e-10,0.8974977318645342,0.8860864467835692,-40.08615755017785,corrected-two-halo,scale_dependent_camb
1,0.40720486,0.44933801,2860,2879,2869.5115853658535,2.010348659553287e-07,1.8044412534571708e-07,1.7815064419750945e-07,1.1409224607064536e-09,4.033770043867878e-10,0.8975762711022126,0.8861678960558799,-51.04589598733715,corrected-two-halo,scale_dependent_camb
1,0.40720486,0.44933801,2880,2899,2889.5115051903113,1.9930669044027747e-07,1.7971257866056285e-07,1.7742833400052324e-07,1.1308110279130099e-09,3.9980207303890975e-10,0.9016886400730937,0.8902276868306631,-49.0095302177377,corrected-two-halo,scale_dependent_camb
1,0.40720486,0.44933801,2900,2919,2909.5114261168383,1.975999324199732e-07,1.779575324069451e-07,1.756953700489785e-07,1.1993918586448893e-09,4.240490582738691e-10,0.9005951076375841,0.8891469136515726,-46.32105561791433,corrected-two-halo,scale_dependent_camb
1,0.40720486,0.44933801,2920,2939,2929.511348122867,1.9591421269616824e-07,1.7728586741902202e-07,1.7503438380690017e-07,1.0058184003753601e-09,3.556105057738115e-10,0.9049158046229355,0.8934236133156436,-52.384125256959955,corrected-two-halo,scale_dependent_camb
1,0.40720486,0.44933801,2940,2959,2949.511271186441,1.942491608656391e-07,1.7623887184845975e-07,1.7399953554501973e-07,1.0190600085588403e-09,3.6029212124398853e-10,0.907282538895306,0.8957543742769324,-49.988017931102185,corrected-two-halo,scale_dependent_camb
1,0.40720486,0.44933801,2960,2979,2969.5111952861953,1.9260441458483315e-07,1.7558483222660047e-07,1.733545713368073e-07,7.260594516300767e-10,2.5670078089610664e-10,0.9116345157772261,0.9000550257920117,-66.3012488657794,corrected-two-halo,scale_dependent_camb
1,0.40720486,0.44933801,2980,2999,2989.511120401338,1.909796189241554e-07,1.7405796035090664e-07,1.718457024195529e-07,1.1331916828840814e-09,4.006437616757648e-10,0.9113954741947153,0.8998117358679973,-42.23617136198721,corrected-two-halo,scale_dependent_camb
1,0.40720486,0.44933801,3000,3019,3009.5110465116277,1.893744262733722e-07,1.7211111304296205e-07,1.6992470830366767e-07,6.507336482385147e-10,2.3006908770785757e-10,0.908840314026934,0.897294907488576,-75.03534439329441,corrected-two-halo,scale_dependent_camb
1,0.40720486,0.44933801,3020,3039,3029.5109735973597,1.877884958176992e-07,1.7174139341669299e-07,1.6955981336474957e-07,9.077174110987236e-10,3.2092656839450227e-10,0.9145469357367644,0.9029297168946621,-50.00241170833868,corrected-two-halo,scale_dependent_camb
1,0.40720486,0.44933801,3040,3059,3049.5109016393444,1.862214941476683e-07,1.7113373060127214e-07,1.6895944697697934e-07,9.860887957781865e-10,3.486350371734161e-10,0.9189794732586991,0.9073036802239345,-43.276670264472884,corrected-two-halo,scale_dependent_camb
1,0.40720486,0.44933801,3060,3079,3069.5108306188927,1.8467309390874766e-07,1.6935557771112982e-07,1.672023312161473e-07,1.3586226205374719e-09,4.803456340277419e-10,0.917056048212488,0.905396274450066,-31.888530076101805,corrected-two-halo,scale_dependent_camb
1,0.40720486,0.44933801,3080,3099,3089.5107605177996,1.8314297488055097e-07,1.6878889742490125e-07,1.6664380013568156e-07,1.1050497681202393e-09,3.9069409229322155e-10,0.9216236524223127,0.9099109602449645,-36.73993986291651,corrected-two-halo,scale_dependent_camb
1,0.40720486,0.44933801,3100,3119,3109.510691318328,1.8163082171263656e-07,1.6771784577626323e-07,1.6558652643647503e-07,1.073430136267397e-09,3.7951486424233805e-10,0.9233996972254771,0.9116653488385045,-36.65989727213754,corrected-two-halo,scale_dependent_camb
1,0.40720486,0.44933801,3120,3139,3129.5106230031947,1.8013632587088418e-07,1.6604360663455468e-07,1.639344234788934e-07,9.043328630241496e-10,3.1972994994711067e-10,0.9217663668435722,0.9100575505042566,-44.07694442969983,corrected-two-halo,scale_dependent_camb
1,0.40720486,0.44933801,3140,3159,3149.5105555555556,1.7865918449227227e-07,1.6529645571214635e-07,1.6319461697815376e-07,1.6851308347845464e-09,5.957837202313501e-10,0.9252054753406539,0.9134409599032541,-22.428824968458375,corrected-two-halo,scale_dependent_camb
1,0.40720486,0.44933801,3160,3179,3169.5104889589907,1.7719910068853648e-07,1.6385896201389664e-07,1.6177702287789455e-07,9.033458566154275e-10,3.193809904847697e-10,0.9247166682968225,0.9129675164788259,-41.768730989253996,corrected-two-halo,scale_dependent_camb
1,0.40720486,0.44933801,3180,3199,3189.510423197492,1.7575578388581867e-07,1.6311774529966487e-07,1.6104388349466668e-07,1.25315547048514e-09,4.430573655305304e-10,0.9280931852896277,0.9162935064446601,-28.524610060416514,corrected-two-halo,scale_dependent_camb
1,0.40720486,0.44933801,3200,3219,3209.5103582554516,1.7432894861461647e-07,1.622704859001267e-07,1.6020931738178468e-07,5.634849222765398e-10,1.9922200481905796e-10,0.930829258076081,0.9190058143237838,-60.52776512033297,corrected-two-halo,scale_dependent_camb
1,0.40720486,0.44933801,3220,3239,3229.510294117647,1.7291831458061429e-07,1.612757768805152e-07,1.5922656419403996e-07,9.809841731638203e-10,3.4683028054040783e-10,0.9326703031524671,0.9208195475431189,-33.56840031948321,corrected-two-halo,scale_dependent_camb
1,0.40720486,0.44933801,3240,3259,3249.510230769231,1.7152360733060482e-07,1.5996539470761227e-07,1.579331596571775e-07,8.326111350724834e-10,2.943724898505907e-10,0.9326144499706412,0.920766313833219,-39.263902101921765,corrected-two-halo,scale_dependent_camb
1,0.40720486,0.44933801,3260,3279,3269.5101681957185,1.7014455904826027e-07,1.587962047090286e-07,1.567781860786735e-07,1.001797920220732e-09,3.541890513833297e-10,0.933301691204755,0.9214410790191916,-32.040387174333134,corrected-two-halo,scale_dependent_camb
1,0.40720486,0.44933801,3280,3299,3289.510106382979,1.6878090678566847e-07,1.5826844231348545e-07,1.5625774453221737e-07,7.848996553413013e-10,2.7750393442140906e-10,0.9377153217601053,0.9258022575423533,-37.88221775702504,corrected-two-halo,scale_dependent_camb
1,0.40720486,0.44933801,3300,3319,3309.5100453172204,1.6743239198476503e-07,1.57173646976095e-07,1.5517621660220422e-07,1.00763407711346e-09,3.5625244444078803e-10,0.9387290303443584,0.9267992576748469,-28.796279629107545,corrected-two-halo,scale_dependent_camb
1,0.40720486,0.44933801,3320,3339,3329.509984984985,1.6609876270540347e-07,1.561961085955288e-07,1.5421077215524695e-07,1.294167934330342e-09,4.5755746117958564e-10,0.9403809278974687,0.9284281811825333,-21.64242734529031,corrected-two-halo,scale_dependent_camb
1,0.40720486,0.44933801,3340,3359,3349.509925373134,1.6477977339907396e-07,1.5547206079913478e-07,1.5349606914701578e-07,9.65276777616397e-10,3.412768775872267e-10,0.943514228670547,0.9315225162694538,-27.273200182043464,corrected-two-halo,scale_dependent_camb
1,0.40720486,0.44933801,3360,3379,3369.5098664688426,1.6347518159144583e-07,1.544258326309738e-07,1.524633519259938e-07,9.485423745592154e-10,3.353603726468056e-10,0.9446438971813593,0.932639134832267,-26.98395427298326,corrected-two-halo,scale_dependent_camb
1,0.40720486,0.44933801,3380,3399,3389.509808259587,1.621847511406131e-07,1.531381780107083e-07,1.5119213927079426e-07,8.851245959851186e-10,3.129388020080402e-10,0.944220569034499,0.932221668236317,-28.908441752366507,corrected-two-halo,scale_dependent_camb
1,0.40720486,0.44933801,3400,3419,3409.509750733138,1.6090825295041984e-07,1.525921302035891e-07,1.5065263781647054e-07,9.436047260387798e-10,3.3361465027084776e-10,0.9483176120904553,0.9362642068016901,-24.92733079940955,corrected-two-halo,scale_dependent_camb
1,0.40720486,0.44933801,3420,3439,3429.509693877551,1.5964545998626372e-07,1.5106551195762158e-07,1.49145587816745e-07,9.449556236774696e-10,3.3409226471135097e-10,0.946256235351883,0.9342300609712161,-25.681372886783365,corrected-two-halo,scale_dependent_camb
1,0.40720486,0.44933801,3440,3459,3449.5096376811593,1.5839615193754525e-07,1.5041256637771195e-07,1.4850213224566792e-07,6.163174610952202e-10,2.1790112805205318e-10,0.9495973515633057,0.9375362370180654,-36.638569204314294,corrected-two-halo,scale_dependent_camb
1,0.40720486,0.44933801,3460,3479,3469.509582132565,1.571601152162532e-07,1.4944831193758666e-07,1.4754910579876012e-07,7.995125649613139e-10,2.8267037816399757e-10,0.9509302772649724,0.9388457471905751,-27.281964699507242,corrected-two-halo,scale_dependent_camb
1,0.40720486,0.44933801,3480,3499,3489.5095272206304,1.559371374570896e-07,1.482265553819468e-07,1.4634289018312765e-07,7.636503101866222e-10,2.699911563940855e-10,0.9505532665221292,0.9384736219324145,-28.558646802076215,corrected-two-halo,scale_dependent_camb
1,0.40720486,0.44933801,3500,3519,3509.509472934473,1.547270141125541e-07,1.476772019446908e-07,1.4579998796423687e-07,9.304102367922355e-10,3.2894969386058556e-10,0.954437095498172,0.9423046699406776,-21.431277485399125,corrected-two-halo,scale_dependent_camb
1,0.40720486,0.44933801,3520,3539,3529.509419263456,1.535295450934994e-07,1.4660425481044094e-07,1.4474173520270079e-07,8.252570814025959e-10,2.917724392409971e-10,0.9548927844549988,0.9427614412232718,-23.735244840374857,corrected-two-halo,scale_dependent_camb
1,0.40720486,0.44933801,3540,3559,3549.509366197183,1.5234453282136372e-07,1.4534646534799039e-07,1.4350018314140038e-07,4.607929664323163e-10,1.62914915643678e-10,0.9540642033962641,0.9419450799042848,-42.955351544847325,corrected-two-halo,scale_dependent_camb
1,0.40720486,0.44933801,3560,3579,3569.5093137254903,1.5117178774019331e-07,1.4475339069905117e-07,1.4291418668040843e-07,5.948420370833787e-10,2.103084190782384e-10,0.9575423619903674,0.9453760441466992,-30.518973369080342,corrected-two-halo,scale_dependent_camb
1,0.40720486,0.44933801,3580,3599,3589.50926183844,1.5001112085166523e-07,1.4364663918532626e-07,1.4182145707205775e-07,8.106478889008942e-10,2.866073096981906e-10,0.9575732677003839,0.9454062889930299,-22.2062782454538,corrected-two-halo,scale_dependent_camb
1,0.40720486,0.44933801,3600,3619,3609.5092105263157,1.4886235061109337e-07,1.42796327940273e-07,1.4098168138308322e-07,7.120685868133501e-10,2.5175426320282083e-10,0.9592507934617531,0.9470606960345628,-24.09501469269418,corrected-two-halo,scale_dependent_camb
1,0.40720486,0.44933801,3620,3639,3629.5091597796145,1.477252983892739e-07,1.415951513455179e-07,1.3979537795614353e-07,9.861415962944333e-10,3.4865370497496025e-10,0.9585030654153609,0.9463198211843575,-17.58233730571213,corrected-two-halo,scale_dependent_camb
1,0.40720486,0.44933801,3640,3659,3649.509109589041,1.465997886577084e-07,1.411084382511937e-07,1.393151218943032e-07,8.173055183386906e-10,2.889611371592371e-10,0.9625418941132562,0.9503091591733875,-19.00376798243494,corrected-two-halo,scale_dependent_camb
1,0.40720486,0.44933801,3660,3679,3669.5090599455043,1.4548565244353469e-07,1.4067152798705285e-07,1.38884122236344e-07,5.722519108195756e-10,2.0232160334374067e-10,0.9669099710134628,0.9546241839225155,-23.79441630018485,corrected-two-halo,scale_dependent_camb
1,0.40720486,0.44933801,3680,3699,3689.509010840108,1.443827210801554e-07,1.393337007311879e-07,1.3756338100976987e-07,7.30530675088319e-10,2.582815971098684e-10,0.9650303006398909,0.9527690015857249,-19.548509864679804,corrected-two-halo,scale_dependent_camb
1,0.40720486,0.44933801,3700,3719,3709.508962264151,1.4329083401322172e-07,1.3862540325969026e-07,1.368638254743949e-07,6.797458152927345e-10,2.403264377383355e-10,0.9674408290965703,0.9551471063513122,-19.41289022313528,corrected-two-halo,scale_dependent_camb
1,0.40720486,0.44933801,3720,3739,3729.508914209115,1.4220982927546265e-07,1.380208869624202e-07,1.3626717551079997e-07,7.391569332271325e-10,2.6133143992297875e-10,0.9705439326213633,0.9582120744048453,-16.029232128660233,corrected-two-halo,scale_dependent_camb
1,0.40720486,0.44933801,3740,3759,3749.5088666666666,1.4113955369322365e-07,1.3692660549165965e-07,1.3518590264328734e-07,9.788831853143345e-10,3.4608746916262686e-10,0.9701504780812817,0.9578172745049416,-12.173073505831915,corrected-two-halo,scale_dependent_camb
1,0.40720486,0.44933801,3760,3779,3769.5088196286474,1.4007985246610348e-07,1.3575757812098928e-07,1.3403239627757272e-07,6.810586199756786e-10,2.4079058428517706e-10,0.9691442111836882,0.9568285082967651,-17.950346181290747,corrected-two-halo,scale_dependent_camb
1,0.40720486,0.44933801,3780,3799,3789.5087730870714,1.3903057927111164e-07,1.3524866177821775e-07,1.33529625671295e-07,9.031695467317628e-10,3.1931865552760495e-10,0.9727979447922813,0.9604334986687374,-11.843709809704318,corrected-two-halo,scale_dependent_camb
1,0.40720486,0.44933801,3800,3819,3809.5087270341205,1.3799158578304682e-07,1.3434513142347036e-07,1.3263854220576488e-07,7.745028771597408e-10,2.7382811824407214e-10,0.9735748064718273,0.9612074638688615,-13.316581156673797,corrected-two-halo,scale_dependent_camb
1,0.40720486,0.44933801,3820,3839,3829.508681462141,1.3696273204650286e-07,1.3330543718849666e-07,1.316118192016768e-07,5.690248381594699e-10,2.0118066086306944e-10,0.9732971531499207,0.9609316142802315,-18.179157192924656,corrected-two-halo,scale_dependent_camb
1,0.40720486,0.44933801,3840,3859,3849.5086363636365,1.3594387643870294e-07,1.32275013705311e-07,1.305943398712453e-07,8.591613374128665e-10,3.0375940390897067e-10,0.9730119308827696,0.9606489331656675,-12.078186506092212,corrected-two-halo,scale_dependent_camb
1,0.40720486,0.44933801,3860,3879,3869.5085917312663,1.3493488525897065e-07,1.3171424800857265e-07,1.3004017897274582e-07,7.903328278082746e-10,2.7942485096878545e-10,0.9761319154478334,0.9637254200288474,-11.525951393484984,corrected-two-halo,scale_dependent_camb
1,0.40720486,0.44933801,3880,3899,3889.5085475578408,1.3393562293101133e-07,1.3111075401422115e-07,1.2944461873880881e-07,6.438111197554386e-10,2.276216042911875e-10,0.9789087559009955,0.9664689341496864,-12.41037258122669,corrected-two-halo,scale_dependent_camb
1,0.40720486,0.44933801,3900,3919,3909.5085038363172,1.329459612000829e-07,1.3006801186096977e-07,1.2841493663462084e-07,6.897978089348111e-10,2.438803541727137e-10,0.9783524876338152,0.9659182984984186,-11.800660815323322,corrected-two-halo,scale_dependent_camb
1,0.40720486,0.44933801,3920,3939,3929.5084605597963,1.3196577166918286e-07,1.2935950855675068e-07,1.2771642585362e-07,5.176085879140347e-10,1.8300227125720358e-10,0.9802504613168507,0.9677996365132066,-14.241698174167274,corrected-two-halo,scale_dependent_camb
1,0.40720486,0.44933801,3940,3959,3949.508417721519,1.3099493045695032e-07,1.287411785932775e-07,1.2710492985410512e-07,7.208223712498915e-10,2.5484919337088266e-10,0.9827951214920223,0.970304189717299,-8.843472619483338,corrected-two-halo,scale_dependent_camb
1,0.40720486,0.44933801,3960,3979,3969.5083753148615,1.3003331661657804e-07,1.276136091780606e-07,1.259922649252647e-07,5.737542700491701e-10,2.028527675432529e-10,0.9813916348403825,0.9689229514676693,-11.928392537220393,corrected-two-halo,scale_dependent_camb
1,0.40720486,0.44933801,3980,3999,3989.508333333333,1.2908080979662362e-07,1.2714729984981327e-07,1.2553153318804977e-07,7.408428306439066e-10,2.6192749467087166e-10,0.9850209341740517,0.9725034525723383,-7.381851795436455,corrected-two-halo,scale_dependent_camb
1,0.40720486,0.44933801,4000,4019,4009.5082917705736,1.2813729651437515e-07,1.2609856346534772e-07,1.2449628037371902e-07,7.65074086603242e-10,2.7049453737362817e-10,0.9840894641569193,0.9715850401116614,-7.537058118890467,corrected-two-halo,scale_dependent_camb
1,0.40720486,0.44933801,4020,4039,4029.5082506203476,1.2720266117115727e-07,1.2574169492045624e-07,1.241440124724102e-07,6.718637279170989e-10,2.3753969902172704e-10,0.9885146565547459,0.9759545227231409,-6.150408781007147,corrected-two-halo,scale_dependent_camb
1,0.40720486,0.44933801,4040,4059,4049.5082098765433,1.2627679518249866e-07,1.246045202976221e-07,1.2302173241889166e-07,4.5286452125126525e-10,1.601117869677845e-10,0.9867570690049605,0.9742227955745734,-10.444420842127194,corrected-two-halo,scale_dependent_camb
1,0.40720486,0.44933801,4060,4079,4069.5081695331696,1.253595902561845e-07,1.2418145191739588e-07,1.2260378674342242e-07,6.328443092724304e-10,2.237442512609261e-10,0.9906019289279665,0.9780168114212057,-5.2655580295321345,corrected-two-halo,scale_dependent_camb
1,0.40720486,0.44933801,4080,4096,4088.005870123517,1.245187991932445e-07,1.2352813090346693e-07,1.219586257847475e-07,6.280161555835755e-10,2.2203724115392605e-10,0.9920440263141301,0.9794394627551476,-4.461721306881091,corrected-two-halo,scale_dependent_camb
2,0.36610056,0.40720486,20,39,30.608333333333334,3.6934842122539246e-05,3.53183680002622e-05,3.566285455000763e-05,1.3749924895531294e-06,4.861332567217955e-07,0.9562344380161678,0.9655613101496001,-3.325166710826627,corrected-two-halo,scale_dependent_camb
2,0.36610056,0.40720486,40,59,50.165,2.923185991522425e-05,2.8320340731107107e-05,2.8596655563187233e-05,9.21916181734422e-07,3.2594659189500963e-07,0.968817612469386,0.9782701356027573,-2.7965292682389915,corrected-two-halo,scale_dependent_camb
2,0.36610056,0.40720486,60,79,69.975,2.390837306178062e-05,2.314587063377268e-05,2.3372719046761287e-05,7.577405178363588e-07,2.6790172927094766e-07,0.9681073059200812,0.9775955472321277,-2.8462019639924345,corrected-two-halo,scale_dependent_camb
2,0.36610056,0.40720486,80,99,89.86944444444444,1.8889017001541798e-05,1.8360488074852016e-05,1.8540114902939287e-05,2.4425270477258663e-07,8.635637193392589e-08,0.9720192465999347,0.9815288377063756,-6.120323432463991,corrected-two-halo,scale_dependent_camb
2,0.36610056,0.40720486,100,119,109.80227272727272,1.4740515410205534e-05,1.4362296904142284e-05,1.4502922009412467e-05,2.7771748412487654e-07,9.818795813938377e-08,0.9743415684229473,0.9838816083304271,-3.851984634677356,corrected-two-halo,scale_dependent_camb
2,0.36610056,0.40720486,120,139,129.75576923076923,1.236730228739289e-05,1.186808665640527e-05,1.1984017163527983e-05,3.3184289627870185e-07,1.173241811236271e-07,0.959634233935034,0.969008186671751,-4.2550105716193825,corrected-two-halo,scale_dependent_camb
2,0.36610056,0.40720486,140,159,149.72166666666666,1.0445874062816843e-05,9.917119229792762e-06,1.0014126454944554e-05,1.1567045793940764e-07,4.089568259595423e-08,0.9493814658453295,0.9586681205157223,-12.92935585030167,corrected-two-halo,scale_dependent_camb
2,0.36610056,0.40720486,160,179,169.6955882352941,8.574313106702517e-06,8.32171273617351e-06,8.402994655289102e-06,1.469766612465787e-07,5.196409692180692e-08,0.9705398709627773,0.9800195713310847,-4.86105571908826,corrected-two-halo,scale_dependent_camb
2,0.36610056,0.40720486,180,199,189.675,7.3309528454998195e-06,7.058390372231105e-06,7.127417594607286e-06,5.004191190407139e-08,1.7692487625454346e-08,0.962820321039709,0.9722361805917936,-15.405548334343699,corrected-two-halo,scale_dependent_camb
2,0.36610056,0.40720486,200,219,209.65833333333333,6.467622008755356e-06,6.206794544129946e-06,6.267550839881673e-06,5.558563922381797e-08,1.965249121587531e-08,0.9596718138023028,0.9690657294747834,-13.27197970783028,corrected-two-halo,scale_dependent_camb
2,0.36610056,0.40720486,220,239,229.64456521739132,5.592503553850738e-06,5.3860277350185925e-06,5.438585248687023e-06,7.881906220654181e-08,2.7866746686505016e-08,0.9630798949264904,0.9724777456676387,-7.409398059807785,corrected-two-halo,scale_dependent_camb
2,0.36610056,0.40720486,240,259,249.633,4.867629675744511e-06,4.741379873451698e-06,4.7877089031723396e-06,6.299814644245169e-08,2.227320827582038e-08,0.9740633921019265,0.9835811723783308,-5.668236058739147,corrected-two-halo,scale_dependent_camb
2,0.36610056,0.40720486,260,279,269.6231481481482,4.368520229371035e-06,4.25024788741186e-06,4.29175736964686e-06,5.75065124307417e-08,2.033162245108297e-08,0.9729262231260849,0.9824281780342753,-5.817162021561923,corrected-two-halo,scale_dependent_camb
2,0.36610056,0.40720486,280,299,289.6146551724138,3.924505846292857e-06,3.8142227670277966e-06,3.851509744846412e-06,3.6007934694618235e-08,1.2730727399543453e-08,0.971898862281162,0.9813999254159863,-8.66274768156731,corrected-two-halo,scale_dependent_camb
2,0.36610056,0.40720486,300,319,309.60725806451615,3.5039952422016393e-06,3.4317533949462976e-06,3.4652955159380314e-06,2.36465708565607e-08,8.360325302241128e-09,0.979383006464943,0.9889555425767953,-8.641033051187136,corrected-two-halo,scale_dependent_camb
2,0.36610056,0.40720486,320,339,329.6007575757576,3.17678381663539e-06,3.1370313714093217e-06,3.167749289493987e-06,2.13623405180429e-08,7.55272792116214e-09,0.987486575253279,0.9971560774472303,-5.263322820710256,corrected-two-halo,scale_dependent_camb
2,0.36610056,0.40720486,340,359,349.595,2.913221665758627e-06,2.8548619431345682e-06,2.8827966218903363e-06,2.7565365216656906e-08,9.745828335290941e-09,0.9799672907454979,0.9895562207895472,-5.988174695498211,corrected-two-halo,scale_dependent_camb
2,0.36610056,0.40720486,360,379,369.58986486486486,2.666214588278159e-06,2.6225372720374393e-06,2.6481480263733544e-06,3.1655039911231596e-08,1.1191746689981335e-08,0.9836182292180292,0.9932238905359557,-3.9026362417422074,corrected-two-halo,scale_dependent_camb
2,0.36610056,0.40720486,380,399,389.5852564102564,2.4496402564798197e-06,2.4084167166967263e-06,2.431961821742309e-06,2.8306683111585065e-08,1.0007923790550259e-08,0.9831715944110371,0.9927832526875129,-4.119090097590252,corrected-two-halo,scale_dependent_camb
2,0.36610056,0.40720486,400,419,409.5810975609756,2.2732187827437786e-06,2.2086293047227346e-06,2.230208987708578e-06,2.149462425499929e-08,7.599497284883419e-09,0.9715867744401248,0.9810797819542527,-8.499177721863596,corrected-two-halo,scale_dependent_camb
2,0.36610056,0.40720486,420,439,429.57732558139537,2.1172980794185795e-06,2.072587135984496e-06,2.092865618265834e-06,2.3178353553693018e-08,8.194785487277823e-09,0.9788830189434823,0.9884605472463968,-5.456023651076149,corrected-two-halo,scale_dependent_camb
2,0.36610056,0.40720486,440,459,449.5738888888889,1.9746634081621604e-06,1.9269220239183413e-06,1.945741363827683e-06,2.4597302215230942e-08,8.696459597642343e-09,0.9758230268275176,0.9853534307594247,-5.489749444332724,corrected-two-halo,scale_dependent_camb
2,0.36610056,0.40720486,460,479,469.5707446808511,1.8513721542997687e-06,1.7897192239659925e-06,1.8072532939749029e-06,1.4769104137349195e-08,5.221666843784955e-09,0.9666987913853038,0.9761696424879239,-11.807135954519596,corrected-two-halo,scale_dependent_camb
2,0.36610056,0.40720486,480,499,489.5678571428571,1.7446296572017403e-06,1.6819960167266127e-06,1.6984502285100165e-06,1.8857884235020626e-08,6.667268910706986e-09,0.96409917702787,0.9735305263778491,-9.394197431356641,corrected-two-halo,scale_dependent_camb
2,0.36610056,0.40720486,500,519,509.56519607843137,1.6478642287731788e-06,1.580184735800502e-06,1.5956155512539434e-06,1.8537924065362488e-08,6.554145907869553e-09,0.9589289628411537,0.9682930932009283,-10.326210908947605,corrected-two-halo,scale_dependent_camb
2,0.36610056,0.40720486,520,539,529.5627358490566,1.5607475025915753e-06,1.4880869672269922e-06,1.502647339256825e-06,9.207324670621662e-09,3.255280855591386e-09,0.9534450414023201,0.9627741430062987,-22.32081918209264,corrected-two-halo,scale_dependent_camb
2,0.36610056,0.40720486,540,559,549.5604545454545,1.4838279798124279e-06,1.4079941609210517e-06,1.4217687253834468e-06,1.1346771330155495e-08,4.011689476063026e-09,0.948893119739552,0.9581762473323719,-18.903212560159986,corrected-two-halo,scale_dependent_camb
2,0.36610056,0.40720486,560,579,569.5583333333333,1.4148090852283025e-06,1.3263636299292237e-06,1.3393432640019309e-06,1.5690267791086652e-08,5.5473473768551215e-09,0.9374859433526986,0.9466600674152484,-15.943738383519058,corrected-two-halo,scale_dependent_camb
2,0.36610056,0.40720486,580,599,589.5563559322034,1.3518772800005003e-06,1.2577250979955097e-06,1.2700227677952615e-06,9.372244494895723e-09,3.313588818639527e-09,0.9303544904571843,0.9394512257760493,-28.413960560033214,corrected-two-halo,scale_dependent_camb
2,0.36610056,0.40720486,600,619,609.5545081967213,1.2948779704231033e-06,1.1957190188402474e-06,1.2073952691443462e-06,1.9670030885475382e-08,6.954406112634236e-09,0.9234221649855888,0.9324394241951834,-14.25843558412724,corrected-two-halo,scale_dependent_camb
2,0.36610056,0.40720486,620,639,629.5527777777778,1.2433923926863374e-06,1.1363557641111024e-06,1.1474573441439711e-06,1.2193186880213451e-08,4.3109425636368876e-09,0.9139156478639994,0.9228441084997315,-24.829054666164353,corrected-two-halo,scale_dependent_camb
2,0.36610056,0.40720486,640,659,649.5511538461539,1.1962614309222892e-06,1.0837281245720135e-06,1.0943195580649995e-06,8.675308234121566e-09,3.067184640615426e-09,0.9059291694596262,0.9147829477552453,-36.68944636071734,corrected-two-halo,scale_dependent_camb
2,0.36610056,0.40720486,660,679,669.5496268656716,1.1529418433670891e-06,1.0363958880173555e-06,1.0465348128197006e-06,5.263930532158068e-09,1.8610804874919405e-09,0.8989142808718183,0.9077082411749113,-62.62273777680358,corrected-two-halo,scale_dependent_camb
2,0.36610056,0.40720486,680,699,689.5481884057971,1.11316231454379e-06,9.800087403215207e-07,9.895885368219374e-07,8.321362712451305e-09,2.9420460013436e-09,0.8803826068466575,0.8889885364359491,-45.25883489294848,corrected-two-halo,scale_dependent_camb
2,0.36610056,0.40720486,700,719,709.5468309859154,1.076540299793272e-06,9.484512206943528e-07,9.57723698101851e-07,8.753672484649412e-09,3.0948905870908465e-09,0.8810178503085151,0.8896310693485072,-41.387272181185914,corrected-two-halo,scale_dependent_camb
2,0.36610056,0.40720486,720,739,729.5455479452055,1.0426161218399792e-06,9.035461462239086e-07,9.123689114453552e-07,1.0632447275957654e-08,3.759137784719046e-09,0.8666144013094256,0.8750765428748911,-36.99517910234422,corrected-two-halo,scale_dependent_camb
2,0.36610056,0.40720486,740,759,749.5443333333334,1.0110648471360485e-06,8.680574157476048e-07,8.765435588225522e-07,6.572254589636986e-09,2.3236428940083612e-09,0.8585576070679068,0.8669508798624119,-61.544496255081235,corrected-two-halo,scale_dependent_camb
2,0.36610056,0.40720486,760,779,769.5431818181818,9.816303339524965e-07,8.417282970991071e-07,8.499578507251452e-07,5.5751248623200714e-09,1.9711042980541197e-09,0.8574799168134105,0.8658634735774953,-70.97647597415374,corrected-two-halo,scale_dependent_camb
2,0.36610056,0.40720486,780,799,789.5420886075949,9.540897250747951e-07,8.100865850778688e-07,8.180022525952943e-07,6.719099857806808e-09,2.3755605364623805e-09,0.8490675077905935,0.8573640728927959,-60.618594132470236,corrected-two-halo,scale_dependent_camb
2,0.36610056,0.40720486,800,819,809.5410493827161,9.282486586547831e-07,7.770077307919778e-07,7.845953519814237e-07,7.006090799708666e-09,2.47702715704134e-09,0.8370685198920907,0.8452426455627292,-61.057436303384534,corrected-two-halo,scale_dependent_camb
2,0.36610056,0.40720486,820,839,829.5400602409638,9.039375069448513e-07,7.488101157659832e-07,7.56123831437477e-07,7.889491935195523e-09,2.7893566237466656e-09,0.8283870400475236,0.8364779928128456,-55.61404011886472,corrected-two-halo,scale_dependent_camb
2,0.36610056,0.40720486,840,859,849.5391176470588,8.810080715552833e-07,7.277360964016836e-07,7.348388162599941e-07,1.0482545632708734e-08,3.7061395504928868e-09,0.8260265937370791,0.8340886309506222,-41.356234179907176,corrected-two-halo,scale_dependent_camb
2,0.36610056,0.40720486,860,879,869.5382183908046,8.593306394388002e-07,7.023782704672916e-07,7.092414919850239e-07,7.086281520410536e-09,2.505378858239604e-09,0.8173550880555023,0.8253417944555144,-62.6461616594748,corrected-two-halo,scale_dependent_camb
2,0.36610056,0.40720486,880,899,889.5373595505617,8.387916565995562e-07,6.842641895760836e-07,6.909587088587499e-07,3.04952623957111e-09,1.0781703417035219e-09,0.8157737194836633,0.8237548662082335,-143.32379684950098,corrected-two-halo,scale_dependent_camb
2,0.36610056,0.40720486,900,919,909.5365384615385,8.192907628737585e-07,6.577503744640852e-07,6.641784394540956e-07,5.38584572784385e-09,1.904184018291491e-09,0.8028289885228884,0.8106748782622811,-84.83444187007395,corrected-two-halo,scale_dependent_camb
2,0.36610056,0.40720486,920,939,929.535752688172,8.007387265056184e-07,6.386590866892973e-07,6.449045739507077e-07,3.327690843869049e-09,1.1765163806960946e-09,0.7975873597076687,0.8053870165179062,-137.76233163912732,corrected-two-halo,scale_dependent_camb
2,0.36610056,0.40720486,940,959,949.535,7.830569277643502e-07,6.210663514426573e-07,6.271360100061129e-07,4.886476225776743e-09,1.7276302376767909e-09,0.7931305240039436,0.8008817593844728,-93.76461049878807,corrected-two-halo,scale_dependent_camb
2,0.36610056,0.40720486,960,979,969.5342783505155,7.661762066395366e-07,6.030198820731893e-07,6.089134010187625e-07,4.200767132948904e-09,1.4851954629468707e-09,0.7870511728862554,0.7947432923941455,-109.85511916567434,corrected-two-halo,scale_dependent_camb
2,0.36610056,0.40720486,980,999,989.5335858585859,7.500355373758319e-07,5.883768620024821e-07,5.941290572642361e-07,2.803510829278651e-09,9.911907592564277e-10,0.7844653122184729,0.792134542508386,-163.09542221178796,corrected-two-halo,scale_dependent_camb
2,0.36610056,0.40720486,1000,1019,1009.5329207920792,7.345808964338804e-07,5.713159003921167e-07,5.768995348916079e-07,3.821625538506316e-09,1.3511486667167538e-09,0.7777440213401204,0.785345137196247,-120.83422058839184,corrected-two-halo,scale_dependent_camb
2,0.36610056,0.40720486,1020,1039,1029.532281553398,7.197642586336509e-07,5.572315090929094e-07,5.626802523768047e-07,3.3099563843995466e-09,1.170246302420313e-09,0.7741861344306231,0.7817563120527223,-138.88764203278393,corrected-two-halo,scale_dependent_camb
2,0.36610056,0.40720486,1040,1059,1049.5316666666668,7.055427664265808e-07,5.457865210900131e-07,5.511209777130717e-07,3.2256394384076546e-09,1.1404357602804097e-09,0.7735697211585089,0.7811305053900254,-140.08351097065471,corrected-two-halo,scale_dependent_camb
2,0.36610056,0.40720486,1060,1079,1069.5310747663552,6.918780369061484e-07,5.311337693290612e-07,5.363291544708814e-07,3.456047638029635e-09,1.2218973604772525e-09,0.7676696484023646,0.7751787538583671,-131.5530033670776,corrected-two-halo,scale_dependent_camb
2,0.36610056,0.40720486,1080,1099,1089.530504587156,6.787355055542467e-07,5.167399471511573e-07,5.217966755670724e-07,3.3776338308113235e-09,1.1941738930658914e-09,0.7613274138785389,0.7687776332563889,-135.65491537181924,corrected-two-halo,scale_dependent_camb
2,0.36610056,0.40720486,1100,1119,1109.529954954955,6.660839180793278e-07,5.069462387453307e-07,5.119034703278334e-07,2.6675730704675758e-09,9.431295037191214e-10,0.7610846396158684,0.7685269925205849,-168.73364549243357,corrected-two-halo,scale_dependent_camb
2,0.36610056,0.40720486,1120,1139,1129.529424778761,6.538949070819386e-07,4.978057125321167e-07,5.026740324679231e-07,2.878673671689829e-09,1.0177648370375276e-09,0.7612931483953849,0.7687382590440237,-153.364695722993,corrected-two-halo,scale_dependent_camb
2,0.36610056,0.40720486,1140,1159,1149.5289130434783,6.421427257648018e-07,4.861214783295986e-07,4.908729962167409e-07,3.9664015470388485e-09,1.4023347154099911e-09,0.7570302657413436,0.7644297389370933,-111.25820798751907,corrected-two-halo,scale_dependent_camb
2,0.36610056,0.40720486,1160,1179,1169.5284188034188,6.308037204404491e-07,4.7591818412777944e-07,4.805707301796772e-07,3.6024200206622703e-09,1.2736478126462368e-09,0.7544631851496957,0.7618387695052369,-121.60782186000583,corrected-two-halo,scale_dependent_camb
2,0.36610056,0.40720486,1180,1199,1189.5279411764707,6.198561123148997e-07,4.6600283900174636e-07,4.705561975123749e-07,4.2454196512855296e-09,1.5009825122033127e-09,0.7517919558160416,0.7591377872439575,-102.50170942185727,corrected-two-halo,scale_dependent_camb
2,0.36610056,0.40720486,1200,1219,1209.527479338843,6.092797150809892e-07,4.589640800616689e-07,4.634496784283024e-07,5.226323655265771e-09,1.8477844486570454e-09,0.753289611817555,0.7606517449324532,-81.34911792799669,corrected-two-halo,scale_dependent_camb
2,0.36610056,0.40720486,1220,1239,1229.5270325203253,5.990557865065676e-07,4.511535281235725e-07,4.555578952875957e-07,4.6678279352578975e-09,1.6503263932164299e-09,0.7531077042999674,0.7604598862890732,-89.62000425548462,corrected-two-halo,scale_dependent_camb
2,0.36610056,0.40720486,1240,1259,1249.5266,5.891668768382048e-07,4.4276856560207094e-07,4.470963756781465e-07,2.3527521532196645e-09,8.318235009964379e-10,0.7515163920589221,0.7588620359608688,-175.99684435552,corrected-two-halo,scale_dependent_camb
2,0.36610056,0.40720486,1260,1279,1269.5261811023622,5.795965821973071e-07,4.3412385081315673e-07,4.3836876109524116e-07,1.868766520901469e-09,6.607087396919103e-10,0.7490103705707699,0.7563342755289247,-220.17679295718807,corrected-two-halo,scale_dependent_camb
2,0.36610056,0.40720486,1280,1299,1289.5257751937984,5.703296310164346e-07,4.265573159562252e-07,4.3072491394788256e-07,3.4041736193864973e-09,1.2035571253022727e-09,0.7479136498589769,0.7552209994424623,-119.45616210290068,corrected-two-halo,scale_dependent_camb
2,0.36610056,0.40720486,1300,1319,1309.5253816793893,5.613515792376058e-07,4.2044104129034483e-07,4.245469640214461e-07,5.229992387797199e-09,1.8490815414827113e-09,0.7489798850505823,0.7562942364890831,-76.20569173724482,corrected-two-halo,scale_dependent_camb
2,0.36610056,0.40720486,1320,1339,1329.525,5.526488553444321e-07,4.137886619017549e-07,4.178359856619022e-07,1.9892919958324557e-09,7.033209300066253e-10,0.7487370287664232,0.7560605285276321,-197.43503643687828,corrected-two-halo,scale_dependent_camb
2,0.36610056,0.40720486,1340,1359,1349.5246296296295,5.44208671806108e-07,4.061979853144522e-07,4.101675474618812e-07,2.8028783532875868e-09,9.909671452253181e-10,0.7464011625657693,0.7536953538440061,-139.2686802550614,corrected-two-halo,scale_dependent_camb
2,0.36610056,0.40720486,1360,1379,1369.5242700729927,5.360189298314339e-07,4.005011743979916e-07,4.0441568902623854e-07,2.317906559920046e-09,8.195037233381234e-10,0.7471772956301009,0.7544802366465273,-165.36563724375938,corrected-two-halo,scale_dependent_camb
2,0.36610056,0.40720486,1380,1399,1389.5239208633093,5.280682014491437e-07,3.959988769714046e-07,3.99873829180273e-07,2.353295000955853e-09,8.320154266541431e-10,0.7499010087800975,0.7572389855759633,-158.73422564872516,corrected-two-halo,scale_dependent_camb
2,0.36610056,0.40720486,1400,1419,1409.5235815602837,5.203456440154136e-07,3.897168622681054e-07,3.935259481010115e-07,2.052136905727248e-09,7.25539960981458e-10,0.7489576721748463,0.7562779714349921,-180.04353829195435,corrected-two-halo,scale_dependent_camb
2,0.36610056,0.40720486,1420,1439,1429.5232517482518,5.128409897137691e-07,3.8406937122691385e-07,3.878232558506721e-07,2.725662076171339e-09,9.636670686418788e-10,0.7489053701446012,0.7562251528824308,-133.62666700682885,corrected-two-halo,scale_dependent_camb
2,0.36610056,0.40720486,1440,1459,1449.5229310344828,5.055445118535578e-07,3.790136053070397e-07,3.827172686346361e-07,3.1892556065787528e-09,1.1275721331745259e-09,0.7497136185247114,0.7570397060219668,-112.21535440955566,corrected-two-halo,scale_dependent_camb
2,0.36610056,0.40720486,1460,1479,1469.522619047619,4.98447002195669e-07,3.7483824376671725e-07,3.7849739063549125e-07,4.21149906837796e-09,1.4889897751054413e-09,0.7520122342306149,0.7593533293774518,-83.0151828411303,corrected-two-halo,scale_dependent_camb
2,0.36610056,0.40720486,1480,1499,1489.5223154362416,4.915397254904133e-07,3.7105511471176454e-07,3.7467852632915813e-07,4.167278673864294e-09,1.4733555046917626e-09,0.7548832687766177,0.7622548227517892,-81.77565454839434,corrected-two-halo,scale_dependent_camb
2,0.36610056,0.40720486,1500,1519,1509.5220198675497,4.848144103125248e-07,3.654990092840209e-07,3.690705832843591e-07,2.5519901358830665e-09,9.022647653020476e-10,0.7538946894099333,0.7612615785212447,-132.23989854969147,corrected-two-halo,scale_dependent_camb
2,0.36610056,0.40720486,1520,1539,1529.5217320261438,4.782632189945062e-07,3.603353664057692e-07,3.638535826005432e-07,4.064318431958912e-09,1.436953562069811e-09,0.7534247922374905,0.760781026325846,-82.06796357348652,corrected-two-halo,scale_dependent_camb
2,0.36610056,0.40720486,1540,1559,1549.5214516129033,4.718787456389316e-07,3.567879927654089e-07,3.602733151718004e-07,3.297716106037476e-09,1.1659187105035974e-09,0.7561010027741599,0.7634870578542045,-98.71250185513475,corrected-two-halo,scale_dependent_camb
2,0.36610056,0.40720486,1560,1579,1569.521178343949,4.6565392302376804e-07,3.537741170291062e-07,3.572299076496934e-07,3.2952860399461152e-09,1.1650595523976312e-09,0.7597361463892333,0.7671575176044626,-96.02925941804357,corrected-two-halo,scale_dependent_camb
2,0.36610056,0.40720486,1580,1599,1589.5209119496856,4.5958208901982973e-07,3.491895939407945e-07,3.5259887768168086e-07,4.56967364455443e-09,1.615623610936941e-09,0.759798091099516,0.7672163169667545,-68.32810212213712,corrected-two-halo,scale_dependent_camb
2,0.36610056,0.40720486,1600,1619,1609.520652173913,4.536569318703569e-07,3.455110566548683e-07,3.4888477255715253e-07,3.757010771539617e-09,1.328303896773283e-09,0.7616130877365415,0.7690497996332932,-81.41651581253102,corrected-two-halo,scale_dependent_camb
2,0.36610056,0.40720486,1620,1639,1629.520398773006,4.4787243197324915e-07,3.417940610620514e-07,3.4513630416480034e-07,2.0215008398832064e-09,7.147084760278582e-10,0.7631504791580169,0.7706129681708449,-148.42187335002723,corrected-two-halo,scale_dependent_camb
2,0.36610056,0.40720486,1640,1659,1649.5201515151516,4.4222292516996057e-07,3.378611374592232e-07,3.4116300194068573e-07,2.8649387381420026e-09,1.0129088047121202e-09,0.7640063828200951,0.7714728986733688,-103.03177070358092,corrected-two-halo,scale_dependent_camb
2,0.36610056,0.40720486,1660,1679,1669.5199101796406,4.3670300211255344e-07,3.343031355086945e-07,3.375717279323092e-07,2.4157972356094916e-09,8.541133036355935e-10,0.765516000328601,0.7730007036803134,-119.89026065744054,corrected-two-halo,scale_dependent_camb
2,0.36610056,0.40720486,1680,1699,1689.519674556213,4.313075490196739e-07,3.305142360832962e-07,3.337413500837443e-07,3.390463440518386e-09,1.1987098450778118e-09,0.7663075613550644,0.7737897257822418,-84.08482949419249,corrected-two-halo,scale_dependent_camb
2,0.36610056,0.40720486,1700,1719,1709.5194444444444,4.260317267541065e-07,3.278226915752821e-07,3.3102664490690724e-07,1.7164686615455268e-09,6.068633151365194e-10,0.7694795269660565,0.7769999840832663,-161.8305683162466,corrected-two-halo,scale_dependent_camb
2,0.36610056,0.40720486,1720,1739,1729.519219653179,4.2087091317039895e-07,3.2497254494684e-07,3.2814626728882547e-07,3.0626102162148937e-09,1.0827962260083748e-09,0.7721430366827646,0.7796838817320886,-88.56548066950617,corrected-two-halo,scale_dependent_camb
2,0.36610056,0.40720486,1740,1759,1749.519,4.158207415310429e-07,3.2204106873021493e-07,3.251847781633541e-07,3.947504748330054e-09,1.3956536881551384e-09,0.7744709115386278,0.7820311631546586,-67.19408517795824,corrected-two-halo,scale_dependent_camb
2,0.36610056,0.40720486,1760,1779,1769.5187853107345,4.108770720246383e-07,3.187701177667178e-07,3.218840774524526e-07,3.0692076703853733e-09,1.0851287782996317e-09,0.7758284398687565,0.7834072508994875,-84.88112756741155,corrected-two-halo,scale_dependent_camb
2,0.36610056,0.40720486,1780,1799,1789.5185754189945,4.0603596786685837e-07,3.158932842334861e-07,3.1898041748890524e-07,2.5746626663267155e-09,9.102807153137289e-10,0.777993353379643,0.7855964563058139,-99.02734630855551,corrected-two-halo,scale_dependent_camb
2,0.36610056,0.40720486,1800,1819,1809.5183701657459,4.012936884633887e-07,3.1328930098996713e-07,3.163511171089568e-07,1.9933211854519865e-09,7.047454636579536e-10,0.7806983015097919,0.7883281651408741,-124.87400346876765,corrected-two-halo,scale_dependent_camb
2,0.36610056,0.40720486,1820,1839,1829.518169398907,3.966466843826137e-07,3.1166948998448287e-07,3.147167239273673e-07,2.3176530900404777e-09,8.194141082027889e-10,0.7857609864295246,0.7934434758158345,-103.70482219852218,corrected-two-halo,scale_dependent_camb
2,0.36610056,0.40720486,1840,1859,1849.517972972973,3.920915875191265e-07,3.0758261829138794e-07,3.105889561125259e-07,1.7788728050859187e-09,6.289265116722943e-10,0.7844662524833789,0.7921336901862889,-134.37018102962787,corrected-two-halo,scale_dependent_camb
2,0.36610056,0.40720486,1860,1879,1869.5177807486632,3.876251983725679e-07,3.0661981928979e-07,3.096153906545063e-07,2.4737747517356637e-09,8.746114510401779e-10,0.7910213798719061,0.7987493897569526,-92.61870398156574,corrected-two-halo,scale_dependent_camb
2,0.36610056,0.40720486,1880,1899,1889.5175925925926,3.8324447626087055e-07,3.03791288823391e-07,3.0676023414918667e-07,1.5805527366277644e-09,5.588097790462237e-10,0.7926827590245643,0.8004296295202913,-142.18288658636257,corrected-two-halo,scale_dependent_camb
2,0.36610056,0.40720486,1900,1919,1909.5174083769634,3.7894653158223203e-07,3.0023433031177813e-07,3.0316742825483025e-07,2.3335781998736403e-09,8.250444847798738e-10,0.7922867879492038,0.8000269246138816,-95.4035845612067,corrected-two-halo,scale_dependent_camb
2,0.36610056,0.40720486,1920,1939,1929.5172279792746,3.7472862196403704e-07,2.9897280104239647e-07,3.018954406951026e-07,1.5107547466172439e-09,5.341324630214087e-10,0.7978381781338525,0.8056375280671133,-141.82965119385412,corrected-two-halo,scale_dependent_camb
2,0.36610056,0.40720486,1940,1959,1949.5170512820512,3.705881390576653e-07,2.965871077344284e-07,2.9948569981605346e-07,1.9116228734313807e-09,6.758607484373212e-10,0.8003146255263124,0.8081362252380453,-109.4915357850519,corrected-two-halo,scale_dependent_camb
2,0.36610056,0.40720486,1960,1979,1969.5168781725888,3.6652260523072887e-07,2.940742636370049e-07,2.9695066353292263e-07,1.943142365681236e-09,6.870045717920359e-10,0.8023359526539512,0.8101837630068952,-105.45539952484461,corrected-two-halo,scale_dependent_camb
2,0.36610056,0.40720486,1980,1999,1989.5167085427136,3.625296597849804e-07,2.922980722352824e-07,2.9515681506848996e-07,1.5719824060978133e-09,5.557797096288545e-10,0.8062735402357065,0.8141590821659946,-126.3658718246446,corrected-two-halo,scale_dependent_camb
2,0.36610056,0.40720486,2000,2019,2009.5165422885573,3.586070616868401e-07,2.8979991925826637e-07,2.9263193353981973e-07,2.3688294156821564e-09,8.375076716515098e-10,0.8081266383742862,0.8160239013791806,-82.15702943101476,corrected-two-halo,scale_dependent_camb
2,0.36610056,0.40720486,2020,2039,2029.5163793103447,3.5475267701067854e-07,2.8785774696249896e-07,2.906694924243956e-07,2.462317125187761e-09,8.705605683260154e-10,0.8114322050734913,0.8193581366988417,-76.84121298626079,corrected-two-halo,scale_dependent_camb
2,0.36610056,0.40720486,2040,2059,2049.516219512195,3.509644716783862e-07,2.8548217714006536e-07,2.882718849748159e-07,2.2408064937366095e-09,7.922447335240037e-10,0.8134218708088296,0.8213705609466363,-82.65412412026696,corrected-two-halo,scale_dependent_camb
2,0.36610056,0.40720486,2060,2079,2069.5160628019325,3.4724051804719636e-07,2.8355921814895286e-07,2.8632800705578646e-07,2.709255012364868e-09,9.578662956034209e-10,0.8166075196052206,0.8245812115073197,-66.48245187302118,corrected-two-halo,scale_dependent_camb
2,0.36610056,0.40720486,2080,2099,2089.515909090909,3.4357896804581604e-07,2.8199750124392563e-07,2.847512930847522e-07,2.292983586732595e-09,8.10692121664035e-10,0.8207647367004183,0.828779755362618,-75.96159522987303,corrected-two-halo,scale_dependent_camb
2,0.36610056,0.40720486,2100,2119,2109.5157582938386,3.399780596005815e-07,2.7816122380299643e-07,2.808762299550495e-07,3.1814817588669946e-09,1.1248236629580781e-09,0.8181740437303227,0.8261598712723787,-54.956912655107416,corrected-two-halo,scale_dependent_camb
2,0.36610056,0.40720486,2120,2139,2129.5156103286386,3.364361200691247e-07,2.773418341815774e-07,2.8004937960799876e-07,2.729189752977326e-09,9.649142907375527e-10,0.8243521359258165,0.8323998610804909,-61.24304143363585,corrected-two-halo,scale_dependent_camb
2,0.36610056,0.40720486,2140,2159,2149.515465116279,3.3295154982019575e-07,2.7516488048268967e-07,2.778533830830835e-07,1.9215894508365455e-09,6.793844656715276e-10,0.8264412063295314,0.8345159625571139,-85.0573898247551,corrected-two-halo,scale_dependent_camb
2,0.36610056,0.40720486,2160,2179,2169.5153225806453,3.295228084890395e-07,2.729902760207675e-07,2.7565862902690343e-07,2.054062776061305e-09,7.262208589679067e-10,0.8284412155641349,0.8365388432165912,-77.84482058063594,corrected-two-halo,scale_dependent_camb
2,0.36610056,0.40720486,2180,2199,2189.5151826484016,3.26148444810964e-07,2.7211478828483026e-07,2.747747200674107e-07,1.586910865234406e-09,5.610577169729299e-10,0.8343280264376188,0.8424836127201845,-96.3067700372452,corrected-two-halo,scale_dependent_camb
2,0.36610056,0.40720486,2200,2219,2209.515045248869,3.228270478609239e-07,2.703045493744077e-07,2.729436230199163e-07,2.7177671901834094e-09,9.60875804932499e-10,0.8373045293616684,0.8454794132909901,-54.66106880504278,corrected-two-halo,scale_dependent_camb
2,0.36610056,0.40720486,2220,2239,2229.5149103139015,3.195572790080274e-07,2.673732913456107e-07,2.699863563992549e-07,1.6420293485863537e-09,5.8054504364637e-10,0.83669911126917,0.844876252662274,-89.88792210618506,corrected-two-halo,scale_dependent_camb
2,0.36610056,0.40720486,2240,2259,2249.514777777778,3.163378560562881e-07,2.665892789749937e-07,2.6919395546435346e-07,1.907937898234868e-09,6.74557912962342e-10,0.8427359352386764,0.8509697790214965,-73.74989771126091,corrected-two-halo,scale_dependent_camb
2,0.36610056,0.40720486,2260,2279,2269.5146475770925,3.131675400659911e-07,2.635550028081775e-07,2.661307879313797e-07,1.6976380099113649e-09,6.002056744041807e-10,0.8415782898592902,0.849803232721055,-82.65922728415309,corrected-two-halo,scale_dependent_camb
2,0.36610056,0.40720486,2280,2299,2289.514519650655,3.1004515466297157e-07,2.6191898998501063e-07,2.644777141607178e-07,2.045240974013632e-09,7.231018809428092e-10,0.8447769173162034,0.8530296641733138,-66.55516455746474,corrected-two-halo,scale_dependent_camb
2,0.36610056,0.40720486,2300,2319,2309.514393939394,3.0696955910453704e-07,2.597692288010412e-07,2.6230764211406796e-07,2.212921462180527e-09,7.823858860705503e-10,0.8462377493026205,0.8545070165238773,-60.328708817274915,corrected-two-halo,scale_dependent_camb
2,0.36610056,0.40720486,2320,2339,2329.514270386266,3.039396643216247e-07,2.57887933343537e-07,2.604083881132258e-07,1.423825064314049e-09,5.033981790999181e-10,0.8484839710510556,0.8567765865453655,-91.48171942224498,corrected-two-halo,scale_dependent_camb
2,0.36610056,0.40720486,2340,2359,2349.5141489361704,3.0095442299234924e-07,2.5640585635072925e-07,2.5891094538585153e-07,1.6949127227116172e-09,5.992421398743695e-10,0.8519757038335586,0.8602995191482316,-74.34151184854849,corrected-two-halo,scale_dependent_camb
2,0.36610056,0.40720486,2360,2379,2369.514029535865,2.9801281741652385e-07,2.5431403384748915e-07,2.5679880873533004e-07,1.9166296533008693e-09,6.776309124361331e-10,0.853366093620201,0.8617039057632538,-64.4875886962334,corrected-two-halo,scale_dependent_camb
2,0.36610056,0.40720486,2380,2399,2389.513912133891,2.9511388299507827e-07,2.5184620211630256e-07,2.543066691477855e-07,1.6127522200534849e-09,5.701940155867391e-10,0.8533864945977574,0.8617238422227214,-75.88238335727279,corrected-two-halo,scale_dependent_camb
2,0.36610056,0.40720486,2400,2419,2409.5137966804978,2.922566743899732e-07,2.5086902711137587e-07,2.5332107223102455e-07,1.183589997306988e-09,4.1846225662016934e-10,0.8583859637594738,0.8667760035242349,-98.90413442033346,corrected-two-halo,scale_dependent_camb
2,0.36610056,0.40720486,2420,2439,2429.513683127572,2.8944028891932304e-07,2.4867113019212696e-07,2.5110321794195335e-07,9.78556286384129e-10,3.459718929374714e-10,0.8591448381999098,0.8675475652663699,-117.83951112631111,corrected-two-halo,scale_dependent_camb
2,0.36610056,0.40720486,2440,2459,2449.5135714285716,2.8666385408639144e-07,2.471236062524946e-07,2.4953805092602863e-07,1.895295063941762e-09,6.700879960313055e-10,0.8620675496046996,0.8704901136605305,-59.007545379233406,corrected-two-halo,scale_dependent_camb
2,0.36610056,0.40720486,2460,2479,2469.5134615384613,2.8392651942964306e-07,2.4574730373994744e-07,2.481476466641698e-07,1.8270227796554813e-09,6.45950098438343e-10,0.8655313502719268,0.8739854493432084,-59.10551880400385,corrected-two-halo,scale_dependent_camb
2,0.36610056,0.40720486,2480,2499,2489.513353413655,2.81227468298376e-07,2.440414178981158e-07,2.464256411882673e-07,1.8681976262108707e-09,6.605076050451588e-10,0.8677723387929993,0.8762502563469912,-56.2992009724366,corrected-two-halo,scale_dependent_camb
2,0.36610056,0.40720486,2500,2519,2509.513247011952,2.785659108726574e-07,2.425269883507167e-07,2.4489712701949535e-07,1.4184426027826132e-09,5.014951915757411e-10,0.870626946387509,0.8791353050066729,-71.8629472970684,corrected-two-halo,scale_dependent_camb
2,0.36610056,0.40720486,2520,2539,2529.51314229249,2.759410770158461e-07,2.4051408588296215e-07,2.4286449085492086e-07,1.2723267192056166e-09,4.498354255175619e-10,0.871613927451441,0.8801317059474049,-78.75544948938408,corrected-two-halo,scale_dependent_camb
2,0.36610056,0.40720486,2540,2559,2549.513039215686,2.733522187188356e-07,2.398428570052188e-07,2.4218690276142117e-07,1.7289519411388381e-09,6.112768209624584e-10,0.8774132440897293,0.885988428762415,-54.81863627816965,corrected-two-halo,scale_dependent_camb
2,0.36610056,0.40720486,2560,2579,2569.512937743191,2.7079861370120634e-07,2.373470493418956e-07,2.3966592426318506e-07,1.6541028017152696e-09,5.848136539362672e-10,0.8764706956874583,0.8850337931479499,-57.20038192363459,corrected-two-halo,scale_dependent_camb
2,0.36610056,0.40720486,2580,2599,2589.5128378378377,2.6827955899342613e-07,2.3595752545693057e-07,2.3826295490165788e-07,1.722512604746679e-09,6.0900017174784e-10,0.8795210725044931,0.888114457156597,-53.07393172604667,corrected-two-halo,scale_dependent_camb
2,0.36610056,0.40720486,2600,2619,2609.5127394636015,2.6579436907349675e-07,2.3360232750624168e-07,2.3588418754471383e-07,2.112274857110326e-09,7.468019375962785e-10,0.8788836585234301,0.8874687163876213,-43.10653192849388,corrected-two-halo,scale_dependent_camb
2,0.36610056,0.40720486,2620,2639,2629.5126425855515,2.6334237662063297e-07,2.3220424609191985e-07,2.344721682764276e-07,1.9814660866929294e-09,7.005540532958708e-10,0.8817579953204029,0.8903700622942453,-44.44786291966865,corrected-two-halo,scale_dependent_camb
2,0.36610056,0.40720486,2640,2659,2649.512547169811,2.6092293221165165e-07,2.307040476109102e-07,2.32958665868748e-07,1.26365808927623e-09,4.4677060201422887e-10,0.8841846351158243,0.892825570731284,-67.6384803845689,corrected-two-halo,scale_dependent_camb
2,0.36610056,0.40720486,2660,2679,2669.5124531835204,2.5853540230916404e-07,2.2930528514658842e-07,2.3154742782540363e-07,1.6269311191284133e-09,5.752070134295599e-10,0.8869395955002657,0.8956120738486429,-50.81669117401182,corrected-two-halo,scale_dependent_camb
2,0.36610056,0.40720486,2680,2699,2689.5123605947956,2.5617916985700995e-07,2.281691564609711e-07,2.3040031423696774e-07,1.1437517295640528e-09,4.0437730198429195e-10,0.890662408611625,0.8993717731444323,-69.26702675593522,corrected-two-halo,scale_dependent_camb
2,0.36610056,0.40720486,2700,2719,2709.512269372694,2.5385363194229594e-07,2.2721415351592865e-07,2.2943512718742692e-07,1.4663201948462481e-09,5.184224765832808e-10,0.8950596915925837,0.9038087240744318,-51.385654807904245,corrected-two-halo,scale_dependent_camb
2,0.36610056,0.40720486,2720,2739,2729.5121794871793,2.5155820026179967e-07,2.2462424673357556e-07,2.2681869064051038e-07,1.6131002020337406e-09,5.703170457957239e-10,0.8929315224063711,0.9016549267901321,-47.22628181425828,corrected-two-halo,scale_dependent_camb
2,0.36610056,0.40720486,2740,2759,2749.512090909091,2.4929230068077595e-07,2.2294257978434274e-07,2.2512258724637127e-07,1.00486089596718e-09,3.552719768437914e-10,0.894301906539125,0.9030466910995598,-74.16774362707154,corrected-two-halo,scale_dependent_camb
2,0.36610056,0.40720486,2760,2779,2769.5120036101084,2.47055371067258e-07,2.216445446751203e-07,2.2381080088058449e-07,1.376177847867253e-09,4.865523441728217e-10,0.8971452177608399,0.9059135201705635,-52.226295272172955,corrected-two-halo,scale_dependent_camb
2,0.36610056,0.40720486,2780,2799,2789.511917562724,2.4484686311392146e-07,2.1920474746266707e-07,2.2134656533041875e-07,1.6718063869575802e-09,5.91072816524343e-10,0.8952728439109153,0.9040204253196065,-43.38232944298891,corrected-two-halo,scale_dependent_camb
2,0.36610056,0.40720486,2800,2819,2809.5118327402133,2.4266624097173754e-07,2.181750796765855e-07,2.203083273507712e-07,1.0673375214876856e-09,3.773607996293924e-10,0.8990747077258082,0.9078655789472987,-64.90118030066961,corrected-two-halo,scale_dependent_camb
2,0.36610056,0.40720486,2820,2839,2829.511749116608,2.405129812511544e-07,2.1692041036347475e-07,2.190408346295652e-07,1.2748860101727066e-09,4.5074027151649126e-10,0.9019072868127511,0.9107235438607488,-52.34183049210078,corrected-two-halo,scale_dependent_camb
2,0.36610056,0.40720486,2840,2859,2849.5116666666668,2.3838657119166837e-07,2.149051882462862e-07,2.170055056111553e-07,1.548299692871331e-09,5.474066060691835e-10,0.9014987177004087,0.9103092700497706,-42.895687931129,corrected-two-halo,scale_dependent_camb
2,0.36610056,0.40720486,2860,2879,2869.5115853658535,2.3628651036028845e-07,2.136746052853379e-07,2.1576225891203275e-07,1.4080355733258095e-09,4.97815751025284e-10,0.9043030216135824,0.9131382853089648,-45.422237099529006,corrected-two-halo,scale_dependent_camb
2,0.36610056,0.40720486,2880,2899,2889.5115051903113,2.3421231026547656e-07,2.1269821972971173e-07,2.147766007368852e-07,1.6056597253536784e-09,5.676864400378577e-10,0.9081427850168128,0.9170167037481453,-37.89784116444653,corrected-two-halo,scale_dependent_camb
2,0.36610056,0.40720486,2900,2919,2909.5114261168383,2.321634927580638e-07,2.1082378170097467e-07,2.1288385621339176e-07,1.3302296266599165e-09,4.703071947732382e-10,0.9080832614827727,0.9169566398418927,-45.3739838434286,corrected-two-halo,scale_dependent_camb
2,0.36610056,0.40720486,2920,2939,2929.511348122867,2.3013959053196447e-07,2.0913821127729455e-07,2.1118343192177915e-07,6.538632673183603e-10,2.311755751448024e-10,0.9087450394513803,0.9176319095451225,-90.84601278277431,corrected-two-halo,scale_dependent_camb
2,0.36610056,0.40720486,2940,2959,2949.511271186441,2.2814014702793732e-07,2.081207989796304e-07,2.101551154820359e-07,8.959670985776195e-10,3.167722055621353e-10,0.9122497801938585,0.9211667399175515,-63.19793118459097,corrected-two-halo,scale_dependent_camb
2,0.36610056,0.40720486,2960,2979,2969.5111952861953,2.2616471681296567e-07,2.064191064113515e-07,2.084369617695897e-07,9.912311330954064e-10,3.504531279674935e-10,0.9126936744163173,0.9216157352340838,-56.343085068556405,corrected-two-halo,scale_dependent_camb
2,0.36610056,0.40720486,2980,2999,2989.511120401338,2.242128645457109e-07,2.0527045626258884e-07,2.072764927848224e-07,1.1115943389743454e-09,3.930079475086687e-10,0.9155159614881945,0.9244629794316033,-48.19853746775503,corrected-two-halo,scale_dependent_camb
2,0.36610056,0.40720486,3000,3019,3009.5110465116277,2.2228416476431562e-07,2.0342587408633985e-07,2.0541490763986586e-07,6.841606817751204e-10,2.4188732875219957e-10,0.9151613399993161,0.9241094967680853,-77.96311933848783,corrected-two-halo,scale_dependent_camb
2,0.36610056,0.40720486,3020,3039,3029.5109735973597,2.2037820215537084e-07,2.023811850252114e-07,2.043595671824623e-07,9.70039869530275e-10,3.4296088488308566e-10,0.9183357657239113,0.9273129791592769,-52.47542190210572,corrected-two-halo,scale_dependent_camb
2,0.36610056,0.40720486,3040,3059,3049.5109016393444,2.184945716783456e-07,2.005777891239985e-07,2.025374244111429e-07,1.449959120900853e-09,5.126379634161391e-10,0.9179989579753811,0.9269677633424511,-34.950167238790655,corrected-two-halo,scale_dependent_camb
2,0.36610056,0.40720486,3060,3079,3069.5108306188927,2.1663287739076077e-07,1.9903194121725982e-07,2.0097631875709827e-07,1.4551201495701586e-09,5.144626626011212e-10,0.9187522393392186,0.927727689249027,-34.21227127448021,corrected-two-halo,scale_dependent_camb
2,0.36610056,0.40720486,3080,3099,3089.5107605177996,2.147927327405095e-07,1.982833282558434e-07,2.002214085057057e-07,1.0529869599512263e-09,3.722871099412598e-10,0.9231379745765838,0.9321609998211281,-44.34589338124274,corrected-two-halo,scale_dependent_camb
2,0.36610056,0.40720486,3100,3119,3109.510691318328,2.1297376084975223e-07,1.9670837069407111e-07,1.9862990751831802e-07,1.5075196079367505e-09,5.329886687718808e-10,0.923627257692294,0.9326496687939251,-30.51732824481997,corrected-two-halo,scale_dependent_camb
2,0.36610056,0.40720486,3120,3139,3129.5106230031947,2.111755940382265e-07,1.956042273588746e-07,1.9751664881111137e-07,1.4127323983798144e-09,4.994763294481509e-10,0.9262634171800497,0.9353194895019799,-31.17538462044039,corrected-two-halo,scale_dependent_camb
2,0.36610056,0.40720486,3140,3159,3149.5105555555556,2.0939787395348031e-07,1.9392259886662303e-07,1.958178585871696e-07,1.0670737885591565e-09,3.7726755595829985e-10,0.9260963122753803,0.9351473101903238,-41.01936369150122,corrected-two-halo,scale_dependent_camb
2,0.36610056,0.40720486,3160,3179,3169.5104889589907,2.0764024942008025e-07,1.9227272654293835e-07,1.9415288904465417e-07,1.0759466482102497e-09,3.8040458557220214e-10,0.9259896724259292,0.9350445763136241,-40.39783814389662,corrected-two-halo,scale_dependent_camb
2,0.36610056,0.40720486,3180,3199,3189.510423197492,2.0590237805665712e-07,1.9078431642896282e-07,1.9264782301319432e-07,1.6667251892687206e-09,5.892763418531721e-10,0.9265765564711723,0.935626993876605,-25.655300499848014,corrected-two-halo,scale_dependent_camb
2,0.36610056,0.40720486,3200,3219,3209.5103582554516,2.04183926613495e-07,1.8969367941024188e-07,1.9154685374973362e-07,1.3518386478605082e-09,4.779471374861093e-10,0.9290333600514888,0.9381093650545647,-30.317677556284664,corrected-two-halo,scale_dependent_camb
2,0.36610056,0.40720486,3220,3239,3229.510294117647,2.0248456993835943e-07,1.8858943683037955e-07,1.9043242542931267e-07,1.3382393446973993e-09,4.731390577430863e-10,0.9313768297890064,0.9404787015982714,-29.36796884675057,corrected-two-halo,scale_dependent_camb
2,0.36610056,0.40720486,3240,3259,3249.510230769231,2.008039899541074e-07,1.8731839297055621e-07,1.8914742700453243e-07,1.6100179102678636e-09,5.692272910911004e-10,0.9328419869215087,0.9419505411608653,-23.691058377931714,corrected-two-halo,scale_dependent_camb
2,0.36610056,0.40720486,3260,3279,3269.5101681957185,1.991418755031073e-07,1.8589813476112128e-07,1.8771414960206405e-07,1.442068812903383e-09,5.098483182708084e-10,0.9334959525286816,0.942615153783339,-25.97584471182183,corrected-two-halo,scale_dependent_camb
2,0.36610056,0.40720486,3280,3299,3289.510106382979,1.974979236272136e-07,1.8425309242033975e-07,1.860533678128216e-07,1.1248052490350379e-09,3.976787095534493e-10,0.9329368584559193,0.9420522727317674,-33.30535653202653,corrected-two-halo,scale_dependent_camb
2,0.36610056,0.40720486,3300,3319,3309.5100453172204,1.9587184008326397e-07,1.8290836004949073e-07,1.8469561728737249e-07,1.1937318700531276e-09,4.220479501165325e-10,0.9338165198822733,0.9429411456432913,-30.715656906268286,corrected-two-halo,scale_dependent_camb
2,0.36610056,0.40720486,3320,3339,3329.509984984985,1.942633348158226e-07,1.815831887793114e-07,1.83356881043001e-07,1.279074203290415e-09,4.522210213937165e-10,0.9347270237663067,0.9438573738932166,-28.039709426668836,corrected-two-halo,scale_dependent_camb
2,0.36610056,0.40720486,3340,3359,3349.509925373134,1.9267212504989945e-07,1.8101181289744865e-07,1.827812551183911e-07,1.2160729011418558e-09,4.2994669740730213e-10,0.9394810632340774,0.9486647592175217,-27.12036683329751,corrected-two-halo,scale_dependent_camb
2,0.36610056,0.40720486,3360,3379,3369.5098664688426,1.910979366835122e-07,1.7934943619904779e-07,1.811018544514734e-07,1.1188397907016445e-09,3.9556960153323514e-10,0.9385210500523522,0.9476913126037889,-29.70021063025824,corrected-two-halo,scale_dependent_camb
2,0.36610056,0.40720486,3380,3399,3389.509808259587,1.895405009129095e-07,1.780246633469411e-07,1.7976415969823116e-07,1.110821333456997e-09,3.9273464878706286e-10,0.9392433938366569,0.9484208326579743,-29.322183824458513,corrected-two-halo,scale_dependent_camb
2,0.36610056,0.40720486,3400,3419,3409.509750733138,1.879995533012475e-07,1.7707199118184244e-07,1.7880160625288295e-07,1.3304755241227418e-09,4.703941326549583e-10,0.9418745314681951,0.9510746334932727,-23.230651406573962,corrected-two-halo,scale_dependent_camb
2,0.36610056,0.40720486,3420,3439,3429.509693877551,1.864748387506936e-07,1.7591689814612557e-07,1.7763716090493171e-07,7.963434493891604e-10,2.8154992660828075e-10,0.9433814198456908,0.9526065934419315,-37.49935484535658,corrected-two-halo,scale_dependent_camb
2,0.36610056,0.40720486,3440,3459,3449.5096376811593,1.8496610688223487e-07,1.7461635140566193e-07,1.7632404086483824e-07,8.074963509034579e-10,2.8549307275361347e-10,0.9440451245310446,0.9532775698041863,-36.252212275234434,corrected-two-halo,scale_dependent_camb
2,0.36610056,0.40720486,3460,3479,3469.509582132565,1.8347311151653998e-07,1.7340035362058267e-07,1.7509519643557662e-07,1.181498203513945e-09,4.1772269583221705e-10,0.9450995417655559,0.9543370959825462,-24.11350399788463,corrected-two-halo,scale_dependent_camb
2,0.36610056,0.40720486,3480,3499,3489.5095272206304,1.819956158928822e-07,1.7262651762389752e-07,1.7431366074790994e-07,8.315833114771263e-10,2.9400909933352044e-10,0.9485201980112582,0.9577904384823552,-31.866694909181987,corrected-two-halo,scale_dependent_camb
2,0.36610056,0.40720486,3500,3519,3509.509472934473,1.8053338537121848e-07,1.7120913220316232e-07,1.72883630880952e-07,3.6703187892388985e-10,1.2976536524936118e-10,0.9483516406182528,0.9576269260417578,-71.85471369913212,corrected-two-halo,scale_dependent_camb
2,0.36610056,0.40720486,3520,3539,3529.509419263456,1.7908619227968303e-07,1.696128070348055e-07,1.7127108445023897e-07,7.881631981651294e-10,2.786577710521198e-10,0.9471015318138948,0.9563611927309336,-33.9964868344032,corrected-two-halo,scale_dependent_camb
2,0.36610056,0.40720486,3540,3559,3549.509366197183,1.7765381688031343e-07,1.6863605312121336e-07,1.7028525818083063e-07,7.43509260793662e-10,2.628702200910978e-10,0.9492396846999611,0.9585229361863525,-34.30500326729654,corrected-two-halo,scale_dependent_camb
2,0.36610056,0.40720486,3560,3579,3569.5093137254903,1.7623603954160147e-07,1.6761178162940809e-07,1.6924927064469542e-07,1.2850717025607718e-09,4.5434145759583186e-10,0.9510641640913772,0.9603556178686324,-18.981886350035126,corrected-two-halo,scale_dependent_camb
2,0.36610056,0.40720486,3580,3599,3589.50926183844,1.7483265186837806e-07,1.66388992881711e-07,1.680150806364535e-07,1.1499876164536745e-09,4.0658202093747383e-10,0.9517043361384014,0.9610051603114895,-20.7674185080741,corrected-two-halo,scale_dependent_camb
2,0.36610056,0.40720486,3600,3619,3609.5092105263157,1.7344344647771332e-07,1.6507329597187356e-07,1.6668591047438494e-07,1.1695843956729419e-09,4.1351052867515365e-10,0.9517413273558578,0.9610389660689964,-20.241686548240722,corrected-two-halo,scale_dependent_camb
2,0.36610056,0.40720486,3620,3639,3629.5091597796145,1.7206822332880185e-07,1.6422720731379266e-07,1.658329154978898e-07,8.557214987518911e-10,3.02543237287289e-10,0.9544307724964072,0.9637625837572744,-25.917009698562577,corrected-two-halo,scale_dependent_camb
2,0.36610056,0.40720486,3640,3659,3649.509109589041,1.7070678793773526e-07,1.6317609264660745e-07,1.647709665181669e-07,9.561496482201893e-10,3.3804995004281386e-10,0.9558852030308566,0.9652279707721204,-22.276871480602363,corrected-two-halo,scale_dependent_camb
2,0.36610056,0.40720486,3660,3679,3669.5090599455043,1.69358947925207e-07,1.619124945512302e-07,1.634941499667195e-07,1.3165974455748724e-09,4.654874909294393e-10,0.95603153263998,0.9653706046811443,-15.997107374697567,corrected-two-halo,scale_dependent_camb
2,0.36610056,0.40720486,3680,3699,3689.509010840108,1.6802452115438934e-07,1.6080108304033422e-07,1.6237237084900234e-07,9.848451117934807e-10,3.4819532848379684e-10,0.9570096194030046,0.9663611580824354,-20.745361936673014,corrected-two-halo,scale_dependent_camb
2,0.36610056,0.40720486,3700,3719,3709.508962264151,1.6670332429291582e-07,1.5988183539149377e-07,1.6144536196582316e-07,5.621359621523278e-10,1.9874507539336767e-10,0.9590800667571815,0.9684591633106617,-34.32280718362739,corrected-two-halo,scale_dependent_camb
2,0.36610056,0.40720486,3720,3739,3729.508914209115,1.6539518526580406e-07,1.5881325174406036e-07,1.6036560959442195e-07,9.46849698373127e-10,3.347619212420376e-10,0.9602048057737232,0.969590555714792,-19.661535868008333,corrected-two-halo,scale_dependent_camb
2,0.36610056,0.40720486,3740,3759,3749.5088666666666,1.6409992991091543e-07,1.5748252804881257e-07,1.5902161939307406e-07,9.634694381878617e-10,3.4063788660431505e-10,0.9596745600946006,0.9690535485262046,-19.42649987665535,corrected-two-halo,scale_dependent_camb
2,0.36610056,0.40720486,3760,3779,3769.5088196286474,1.6281739629601073e-07,1.5634047713150527e-07,1.578686726499347e-07,7.028009160199774e-10,2.4847764677092163e-10,0.9602197350415181,0.9696056824475993,-26.066405765975016,corrected-two-halo,scale_dependent_camb
2,0.36610056,0.40720486,3780,3799,3789.5087730870714,1.6154741950772748e-07,1.5542212840113113e-07,1.5694213405949918e-07,4.0859298512732573e-10,1.4445943526439308e-10,0.9620836338626668,0.9714926709305437,-42.40146097335697,corrected-two-halo,scale_dependent_camb
2,0.36610056,0.40720486,3800,3819,3809.5087270341205,1.602898463713649e-07,1.5448631583336758e-07,1.5599631602600505e-07,9.921640622383517e-10,3.507829682291651e-10,0.9637935236112741,0.973213959320839,-16.544504903687056,corrected-two-halo,scale_dependent_camb
2,0.36610056,0.40720486,3820,3839,3829.508681462141,1.5904452078254096e-07,1.5331684142161774e-07,1.5481588732212066e-07,7.343688585959163e-10,2.596385999026986e-10,0.9639869431984106,0.9734122657001052,-22.060199689374766,corrected-two-halo,scale_dependent_camb
2,0.36610056,0.40720486,3840,3859,3849.5086363636365,1.5781129831720924e-07,1.522948968489659e-07,1.5378363471345711e-07,6.594443245992893e-10,2.3314877686957014e-10,0.9650443185813282,0.9744779768831487,-23.660434947635892,corrected-two-halo,scale_dependent_camb
2,0.36610056,0.40720486,3860,3879,3869.5085917312663,1.5659003154709472e-07,1.510121923887413e-07,1.5248729178217175e-07,1.08953781138608e-09,3.8520978739512336e-10,0.9643793471190669,0.9737994831191469,-14.480003730102599,corrected-two-halo,scale_dependent_camb
2,0.36610056,0.40720486,3880,3899,3889.5085475578408,1.5538058346248886e-07,1.49925896608879e-07,1.513918315584881e-07,5.599903941501852e-10,1.9798650255146174e-10,0.9648946687413701,0.9743291483715937,-27.550801611802026,corrected-two-halo,scale_dependent_camb
2,0.36610056,0.40720486,3900,3919,3909.5085038363172,1.5418281533874977e-07,1.49564146047023e-07,1.510266675490305e-07,4.538962045898646e-10,1.604765421101649e-10,0.9700442018678979,0.9795298342244886,-28.78096219543484,corrected-two-halo,scale_dependent_camb
2,0.36610056,0.40720486,3920,3939,3929.5084605597963,1.529965965534112e-07,1.483800960355815e-07,1.4983021948718224e-07,7.081263995599579e-10,2.503604895330304e-10,0.96982612279079,0.9793042646858907,-18.439413209489754,corrected-two-halo,scale_dependent_camb
2,0.36610056,0.40720486,3940,3959,3949.508417721519,1.5182179807069168e-07,1.4726953319048955e-07,1.487085852595663e-07,9.906818089791414e-10,3.5025891256365336e-10,0.9700157359611662,0.9794942962691313,-12.99685665921444,corrected-two-halo,scale_dependent_camb
2,0.36610056,0.40720486,3960,3979,3969.5083753148615,1.506582932491026e-07,1.4614020453968877e-07,1.475685189105897e-07,6.773174223805809e-10,2.394678711905509e-10,0.9700110188959629,0.9794915084202888,-18.86720204656876,corrected-two-halo,scale_dependent_camb
2,0.36610056,0.40720486,3980,3999,3989.508333333333,1.4950596255335713e-07,1.4583240950535188e-07,1.472579197122606e-07,7.498434185458208e-10,2.6510968304092624e-10,0.9754287187931103,0.9849635238441127,-13.856729055943791,corrected-two-halo,scale_dependent_camb
2,0.36610056,0.40720486,4000,4019,4009.5082917705736,1.4836468421730827e-07,1.448748098971071e-07,1.462905406181841e-07,8.856821866055063e-10,3.131359400624413e-10,0.976477728924428,0.9860199641844268,-11.144917825482658,corrected-two-halo,scale_dependent_camb
2,0.36610056,0.40720486,4020,4039,4029.5082506203476,1.472343458219557e-07,1.4355523279420298e-07,1.4495789895737132e-07,9.608101895033448e-10,3.3969770021547343e-10,0.9750118560502065,0.9845386152811302,-10.830550296393008,corrected-two-halo,scale_dependent_camb
2,0.36610056,0.40720486,4040,4059,4049.5082098765433,1.4611483252805356e-07,1.4266812920151418e-07,1.4406292133388148e-07,6.3427829817583e-10,2.2425124289979614e-10,0.9764109962903484,0.9859568590082863,-15.369829312738728,corrected-two-halo,scale_dependent_camb
2,0.36610056,0.40720486,4060,4079,4069.5081695331696,1.4500603523446138e-07,1.4176137917820003e-07,1.4314728374741255e-07,6.52800451670135e-10,2.3079981306879678e-10,0.9776239930219798,0.9871815577603829,-14.058313189769299,corrected-two-halo,scale_dependent_camb
2,0.36610056,0.40720486,4080,4096,4088.005870123517,1.4398984879758773e-07,1.4093812374019434e-07,1.4231562777111258e-07,6.692499168425769e-10,2.366155772539596e-10,0.9788059708175447,0.988372645429827,-12.89739708944849,corrected-two-halo,scale_dependent_camb
3,0.32596586,0.36610056,20,39,30.608333333333334,4.55570684951722e-05,4.598234522765432e-05,4.639419690454641e-05,2.0549290095060904e-06,7.26527118739356e-07,1.009335032883584,1.0183753792117445,0.5853556206133722,corrected-two-halo,scale_dependent_camb
3,0.32596586,0.36610056,40,59,50.165,3.539790512133646e-05,3.499800980426413e-05,3.531065887483861e-05,7.383694684283759e-07,2.6105302907340546e-07,0.9887028535812621,0.9975352709094284,-1.5318547288715272,corrected-two-halo,scale_dependent_camb
3,0.32596586,0.36610056,60,79,69.975,2.8257702725765335e-05,2.772297351461477e-05,2.7971109004953325e-05,4.809704869776454e-07,1.7004874644624456e-07,0.981076692031904,0.9898578549150532,-3.1445642636336757,corrected-two-halo,scale_dependent_camb
3,0.32596586,0.36610056,80,99,89.86944444444444,2.1394279738500626e-05,2.0542949278735802e-05,2.0726785384533898e-05,4.102090236955182e-07,1.4503079117950704e-07,0.960207566220012,0.968800335317411,-5.869998038631104,corrected-two-halo,scale_dependent_camb
3,0.32596586,0.36610056,100,119,109.80227272727272,1.6947672239650117e-05,1.6454046871428263e-05,1.66011565097783e-05,4.4424534753504523e-07,1.5706444887630248e-07,0.9708735594339034,0.9795537862089921,-3.14282049027284,corrected-two-halo,scale_dependent_camb
3,0.32596586,0.36610056,120,139,129.75576923076923,1.4190144194238433e-05,1.348919902638812e-05,1.360958750262921e-05,2.920289499851061e-07,1.0324782541862782e-07,0.9506033794825768,0.9590873296520169,-6.7889581694167935,corrected-two-halo,scale_dependent_camb
3,0.32596586,0.36610056,140,159,149.72166666666666,1.1457402254519218e-05,1.1007669166467902e-05,1.1106188324047727e-05,1.1861808365519487e-07,4.193782566197073e-08,0.9607473772797036,0.9693461115644291,-10.723805561029241,corrected-two-halo,scale_dependent_camb
3,0.32596586,0.36610056,160,179,169.6955882352941,9.546034187155473e-06,9.216888873513669e-06,9.299521277692295e-06,1.1214571814469054e-07,3.964949889057296e-08,0.9655202037632884,0.9741764061776701,-8.301373859735245,corrected-two-halo,scale_dependent_camb
3,0.32596586,0.36610056,180,199,189.675,8.305659466960028e-06,7.987846070960333e-06,8.059252933779492e-06,1.4277992531972138e-07,5.0480326705441905e-08,0.9617353206853761,0.9703326949340093,-6.295787225272328,corrected-two-halo,scale_dependent_camb
3,0.32596586,0.36610056,200,219,209.65833333333333,7.07757422914007e-06,6.8283407855626894e-06,6.889570126159448e-06,1.1474540437985352e-07,4.05686267734935e-08,0.9647854709101846,0.9734366469507924,-6.143502095077646,corrected-two-halo,scale_dependent_camb
3,0.32596586,0.36610056,220,239,229.64456521739132,6.11088642460073e-06,5.9790629001689845e-06,6.0324954235832e-06,9.162029073243723e-08,3.239266443559468e-08,0.9784280846881622,0.9871719100027863,-4.069548668768707,corrected-two-halo,scale_dependent_camb
3,0.32596586,0.36610056,240,259,249.633,5.4445692703832215e-06,5.296314843399011e-06,5.34369637845479e-06,6.827020238958408e-08,2.4137161531326468e-08,0.9727702193467042,0.9814727507505233,-6.142164926551037,corrected-two-halo,scale_dependent_camb
3,0.32596586,0.36610056,260,279,269.6231481481482,4.819941605030071e-06,4.7104522633367254e-06,4.75246332770837e-06,8.085914551625656e-08,2.8588025057747413e-08,0.9772840937369277,0.986000187792466,-3.829902257052678,corrected-two-halo,scale_dependent_camb
3,0.32596586,0.36610056,280,299,289.6146551724138,4.283859118628216e-06,4.1522859502553644e-06,4.189425267112374e-06,7.305293667846798e-08,2.5828113455468083e-08,0.9692862989352964,0.9779558923622861,-5.094184234543713,corrected-two-halo,scale_dependent_camb
3,0.32596586,0.36610056,300,319,309.60725806451615,3.884206941693337e-06,3.7888953747575767e-06,3.822798806275104e-06,4.983902828957941e-08,1.762075743565489e-08,0.9754617690647016,0.9841903028494506,-5.409050506699613,corrected-two-halo,scale_dependent_camb
3,0.32596586,0.36610056,320,339,329.6007575757576,3.5297548641644187e-06,3.41523193825008e-06,3.4458147510796376e-06,3.430004469495402e-08,1.2126897099401826e-08,0.9675549916859597,0.9762192797191167,-9.443712185863896,corrected-two-halo,scale_dependent_camb
3,0.32596586,0.36610056,340,359,349.595,3.2125805760501475e-06,3.1124951221119394e-06,3.140349400640335e-06,3.8177032064256107e-08,1.3497619129105874e-08,0.9688457762945006,0.9775161513618376,-7.415045052085283,corrected-two-halo,scale_dependent_camb
3,0.32596586,0.36610056,360,379,369.58986486486486,2.9584251657566745e-06,2.8651716754785215e-06,2.8908328331274597e-06,2.4306458027951425e-08,8.593630649095324e-09,0.968478671910465,0.9771525967898104,-10.851465938668198,corrected-two-halo,scale_dependent_camb
3,0.32596586,0.36610056,380,399,389.5852564102564,2.7385799368862493e-06,2.631105976515367e-06,2.654664916725094e-06,3.047578692214307e-08,1.0774817797321833e-08,0.9607555876228759,0.9693581994701362,-9.974550140197824,corrected-two-halo,scale_dependent_camb
3,0.32596586,0.36610056,400,419,409.5810975609756,2.5402947066987744e-06,2.4591121835238417e-06,2.481102985841811e-06,2.664403794533464e-08,9.420089954668904e-09,0.9680420846601563,0.9766988764331657,-8.61801995157126,corrected-two-halo,scale_dependent_camb
3,0.32596586,0.36610056,420,439,429.57732558139537,2.3722410722500723e-06,2.2629613453976913e-06,2.283234214412348e-06,1.794965027665806e-08,6.346159715275951e-09,0.9539339706530209,0.9624798428461147,-17.219819821006375,corrected-two-halo,scale_dependent_camb
3,0.32596586,0.36610056,440,459,449.5738888888889,2.226868328668127e-06,2.1226238201653097e-06,2.141628905206928e-06,1.6533347165083083e-08,5.845420948070814e-09,0.9531878435914686,0.9617222884874473,-17.833533192715823,corrected-two-halo,scale_dependent_camb
3,0.32596586,0.36610056,460,479,469.5707446808511,2.0960086364939285e-06,1.9817484305517667e-06,1.9994738114742695e-06,2.427789670341868e-08,8.583532695966938e-09,0.9454867675863735,0.9539434984480138,-13.311559469663132,corrected-two-halo,scale_dependent_camb
3,0.32596586,0.36610056,480,499,489.5678571428571,1.9809854296534814e-06,1.8406435745667725e-06,1.8570981449959456e-06,1.7920367092293036e-08,6.335806546156329e-09,0.9291555339146246,0.9374617890656538,-22.150590309902768,corrected-two-halo,scale_dependent_camb
3,0.32596586,0.36610056,500,519,509.56519607843137,1.8799906229120104e-06,1.7305207363389038e-06,1.7460479515040167e-06,1.7099927359317263e-08,6.045737296785305e-09,0.9204943446251954,0.9287535428232492,-24.723185814339644,corrected-two-halo,scale_dependent_camb
3,0.32596586,0.36610056,520,539,529.5627358490566,1.7890118084825977e-06,1.631898147843959e-06,1.6464617258968628e-06,2.4546007928822464e-08,8.678324328764563e-09,0.9121785223028241,0.9203190935298282,-18.10414714714922,corrected-two-halo,scale_dependent_camb
3,0.32596586,0.36610056,540,559,549.5604545454545,1.7071897788737656e-06,1.5383507714808972e-06,1.5521170402312465e-06,1.3200135557943849e-08,4.666952682801883e-09,0.9011012076792941,0.9091649091615223,-36.17757000516729,corrected-two-halo,scale_dependent_camb
3,0.32596586,0.36610056,560,579,569.5583333333333,1.6339961298264498e-06,1.4561674368437655e-06,1.4692111212715974e-06,1.9772961966490284e-08,6.990797745324485e-09,0.8911694527687946,0.8991521426844783,-25.43753938548972,corrected-two-halo,scale_dependent_camb
3,0.32596586,0.36610056,580,599,589.5563559322034,1.5675536840919098e-06,1.3909166482839842e-06,1.4033535428808738e-06,1.8192034766918972e-08,6.431855573634919e-09,0.8873167550173874,0.8952507063219607,-27.462842376620774,corrected-two-halo,scale_dependent_camb
3,0.32596586,0.36610056,600,619,609.5545081967213,1.5069314457988143e-06,1.3119480592771441e-06,1.3236893664435049e-06,7.429529065428927e-09,2.6267351915936733e-09,0.8706089868485618,0.8784005205637115,-74.23031721875674,corrected-two-halo,scale_dependent_camb
3,0.32596586,0.36610056,620,639,629.5527777777778,1.4516520189123352e-06,1.2500500106118388e-06,1.2612156976103116e-06,1.4983491403869895e-08,5.297464188763373e-09,0.8611223587512739,0.86881406919772,-38.056323009813084,corrected-two-halo,scale_dependent_camb
3,0.32596586,0.36610056,640,659,649.5511538461539,1.4009971080890802e-06,1.1983694713851837e-06,1.2090750923295262e-06,1.6574756858697285e-08,5.8600614856515446e-09,0.8553689828951362,0.8630104126186741,-34.57773219616101,corrected-two-halo,scale_dependent_camb
3,0.32596586,0.36610056,660,679,669.5496268656716,1.3542594324889238e-06,1.1482610148298542e-06,1.1585225688862767e-06,1.6611527902182883e-08,5.87306201275153e-09,0.8478885118189831,0.8554657557430393,-35.07513069193005,corrected-two-halo,scale_dependent_camb
3,0.32596586,0.36610056,680,699,689.5481884057971,1.310955029467463e-06,1.0916696138315024e-06,1.101423065444855e-06,1.298516656266802e-08,4.590949665649685e-09,0.8327284989134687,0.8401684578701955,-47.76471789196331,corrected-two-halo,scale_dependent_camb
3,0.32596586,0.36610056,700,719,709.5468309859154,1.2706848637525818e-06,1.05330589038556e-06,1.0627422214413715e-06,7.253895859249772e-09,2.5646394760482655e-09,0.8289277069649992,0.8363538842375796,-84.76005122637004,corrected-two-halo,scale_dependent_camb
3,0.32596586,0.36610056,720,739,729.5455479452055,1.2331071318705108e-06,1.015092705161372e-06,1.0241588538044911e-06,1.354081450923321e-08,4.787400881133998e-09,0.8231991194646398,0.8305513992534742,-45.53920428269994,corrected-two-halo,scale_dependent_camb
3,0.32596586,0.36610056,740,759,749.5443333333334,1.1979286448188468e-06,9.710125105021905e-07,9.797048538121113e-07,1.346235695826601e-08,4.7596619479718994e-09,0.8105762515170751,0.8178323959857093,-47.67484262476784,corrected-two-halo,scale_dependent_camb
3,0.32596586,0.36610056,760,779,769.5431818181818,1.1648976659186445e-06,9.379996615552547e-07,9.463963549773633e-07,1.0271014189070945e-08,3.6313518913776567e-09,0.8052206549968002,0.8124287503237722,-62.483067229628794,corrected-two-halo,scale_dependent_camb
3,0.32596586,0.36610056,780,799,789.5420886075949,1.1337974531621018e-06,9.000294636821316e-07,9.080917608351463e-07,1.1594792837188941e-08,4.099378320814754e-09,0.7938185618357111,0.8009294414117142,-57.02522948248129,corrected-two-halo,scale_dependent_camb
3,0.32596586,0.36610056,800,819,809.5410493827161,1.1044410391897693e-06,8.728059910664847e-07,8.806084381309279e-07,1.08922525556514e-08,3.850992822248804e-09,0.7902694305046698,0.7973340421838656,-60.14943647389618,corrected-two-halo,scale_dependent_camb
3,0.32596586,0.36610056,820,839,829.5400602409638,1.076665254052962e-06,8.40731375817285e-07,8.4824912242793e-07,8.822133285432134e-09,3.1190951353303086e-09,0.7808660794545607,0.7878485158082421,-75.6417704491376,corrected-two-halo,scale_dependent_camb
3,0.32596586,0.36610056,840,859,849.5391176470588,1.050327049865782e-06,8.175607287376825e-07,8.248746199877626e-07,9.462319712573799e-09,3.345435217258038e-09,0.7783868166036056,0.7853502583725429,-69.57729144696386,corrected-two-halo,scale_dependent_camb
3,0.32596586,0.36610056,860,879,869.5382183908046,1.0253022763975028e-06,7.964977505758779e-07,8.036409720141251e-07,7.751220654699907e-09,2.7404703437057675e-09,0.7768418825465292,0.7838088244939768,-83.4909694779717,corrected-two-halo,scale_dependent_camb
3,0.32596586,0.36610056,880,899,889.5373595505617,1.0014828064168263e-06,7.688507229514109e-07,7.757130402577834e-07,1.1601751991752294e-08,4.10183875350629e-09,0.7677123541464058,0.7745645110305812,-56.714097614529415,corrected-two-halo,scale_dependent_camb
3,0.32596586,0.36610056,900,919,909.5365384615385,9.787742245296486e-07,7.518403798659082e-07,7.585646143796602e-07,7.928836222897185e-09,2.8032669300640657e-09,0.7681448499802968,0.775014906777086,-80.95334847707636,corrected-two-halo,scale_dependent_camb
3,0.32596586,0.36610056,920,939,929.535752688172,9.570934638580465e-07,7.264992251051674e-07,7.33017346349801e-07,3.2553046167324215e-09,1.1509239846596851e-09,0.7590682128124111,0.7658785416786841,-200.35575053296256,corrected-two-halo,scale_dependent_camb
3,0.32596586,0.36610056,940,959,949.535,9.363670864901912e-07,7.058011034542734e-07,7.121174335706657e-07,7.510989494345872e-09,2.6555358024364415e-09,0.7537653914127266,0.7605109618279235,-86.82465618590969,corrected-two-halo,scale_dependent_camb
3,0.32596586,0.36610056,960,979,969.5342783505155,9.165298235141224e-07,6.922926992469974e-07,6.984866732094041e-07,7.60612081923562e-09,2.6891698049028422e-09,0.7553411591044971,0.7620992304770773,-83.38526033510428,corrected-two-halo,scale_dependent_camb
3,0.32596586,0.36610056,980,999,989.5335858585859,8.975232341538272e-07,6.72987298184754e-07,6.790130397456722e-07,5.775360638830413e-09,2.0418983357574277e-09,0.7498271605405707,0.7565409049113213,-109.9643072512634,corrected-two-halo,scale_dependent_camb
3,0.32596586,0.36610056,1000,1019,1009.5329207920792,8.792947199822081e-07,6.597312682933357e-07,6.656183911430769e-07,9.333585981828797e-09,3.299920970269421e-09,0.7502959511762847,0.7569912294668906,-66.53597272996092,corrected-two-halo,scale_dependent_camb
3,0.32596586,0.36610056,1020,1039,1029.532281553398,8.617968270471826e-07,6.427286152106818e-07,6.484773852803486e-07,6.606397386576443e-09,2.3357141956306443e-09,0.7458006284531064,0.7524713075380643,-93.79067535159292,corrected-two-halo,scale_dependent_camb
3,0.32596586,0.36610056,1040,1059,1049.5316666666668,8.44986350636611e-07,6.312235870476319e-07,6.368718196207214e-07,4.854740481053772e-09,1.7164099575269817e-09,0.74702222890591,0.7537066357828187,-124.54062192517823,corrected-two-halo,scale_dependent_camb
3,0.32596586,0.36610056,1060,1079,1069.5310747663552,8.288238124398569e-07,6.165133907430803e-07,6.220275295785577e-07,5.289667035610039e-09,1.8701797155494005e-09,0.7438413104085583,0.750494279052455,-113.52407468199193,corrected-two-halo,scale_dependent_camb
3,0.32596586,0.36610056,1080,1099,1089.530504587156,8.132727298812204e-07,6.044171873415183e-07,6.098284183285996e-07,4.85144728267776e-09,1.7152456360752466e-09,0.7431912630708695,0.7498449117034403,-121.76421740829886,corrected-two-halo,scale_dependent_camb
3,0.32596586,0.36610056,1100,1119,1109.529954954955,7.982993576027051e-07,5.893708601734639e-07,5.946453749524227e-07,8.28235773716167e-09,2.928255660079943e-09,0.738283019471976,0.744890208527969,-71.34913125158523,corrected-two-halo,scale_dependent_camb
3,0.32596586,0.36610056,1120,1139,1129.529424778761,7.838723420656904e-07,5.811519771698609e-07,5.863461535170263e-07,6.978875314326754e-09,2.467405029907923e-09,0.7413859961411408,0.748012300028171,-82.1593384298947,corrected-two-halo,scale_dependent_camb
3,0.32596586,0.36610056,1140,1159,1149.5289130434783,7.699624443226469e-07,5.706207134001976e-07,5.757191715129245e-07,6.907909106191715e-09,2.442314686404232e-09,0.7411020077767368,0.747723704913163,-81.6200025460011,corrected-two-halo,scale_dependent_camb
3,0.32596586,0.36610056,1160,1179,1169.5284188034188,7.565423086736643e-07,5.605345078507353e-07,5.655377589543935e-07,7.303165358480096e-09,2.5820588745539794e-09,0.7409162731869405,0.7475295862116009,-75.91143747904935,corrected-two-halo,scale_dependent_camb
3,0.32596586,0.36610056,1180,1199,1189.5279411764707,7.435863358697006e-07,5.50851805216342e-07,5.557825591865768e-07,3.695954336579114e-09,1.3067171871754594e-09,0.740804098520805,0.7474351428694989,-147.49521361233852,corrected-two-halo,scale_dependent_camb
3,0.32596586,0.36610056,1200,1219,1209.527479338843,7.310704447819838e-07,5.417380033732057e-07,5.46579076214141e-07,7.194638197297973e-09,2.5436887287465772e-09,0.7410202494709797,0.7476421460002246,-74.43223664480092,corrected-two-halo,scale_dependent_camb
3,0.32596586,0.36610056,1220,1239,1229.5270325203253,7.189720029715754e-07,5.354357004970193e-07,5.402218177536716e-07,5.384970842586983e-09,1.903874699642546e-09,0.7447239924281,0.7513808820383641,-96.4014609307089,corrected-two-halo,scale_dependent_camb
3,0.32596586,0.36610056,1240,1259,1249.5266,7.072697695231211e-07,5.278897793625442e-07,5.32607714401173e-07,5.77464707628043e-09,2.041646053298481e-09,0.7463768453138829,0.7530474754495523,-87.86047408696075,corrected-two-halo,scale_dependent_camb
3,0.32596586,0.36610056,1260,1279,1269.5261811023622,6.959436382644535e-07,5.154393814841858e-07,5.200432979699553e-07,6.292317169570594e-09,2.2246700699899548e-09,0.7406338001301229,0.7472491583755847,-81.13753999534984,corrected-two-halo,scale_dependent_camb
3,0.32596586,0.36610056,1280,1299,1289.5257751937984,6.849747339697388e-07,5.091549240941589e-07,5.13705593218329e-07,5.148982596607083e-09,1.8204402551361928e-09,0.7433192771116908,0.7499628347474547,-96.5809283658289,corrected-two-halo,scale_dependent_camb
3,0.32596586,0.36610056,1300,1319,1309.5253816793893,6.74345168676795e-07,5.057996795883517e-07,5.103304587120578e-07,2.9427454364028214e-09,1.0404176266931004e-09,0.7500605077082936,0.756779291106114,-161.99791772478338,corrected-two-halo,scale_dependent_camb
3,0.32596586,0.36610056,1320,1339,1329.525,6.6403816486959e-07,4.967888467264619e-07,5.012299903862525e-07,5.342129231951154e-09,1.8887279029437717e-09,0.7481329733871935,0.7548210583418631,-88.55130370153019,corrected-two-halo,scale_dependent_camb
3,0.32596586,0.36610056,1340,1359,1349.5246296296295,6.540378835264377e-07,4.909536032769395e-07,4.953358447107036e-07,7.087909391300244e-09,2.5059543975121085e-09,0.7506501009235408,0.7573503877786935,-65.07871029552932,corrected-two-halo,scale_dependent_camb
3,0.32596586,0.36610056,1360,1379,1369.5242700729927,6.443294007278089e-07,4.843493021382462e-07,4.886832066754557e-07,4.4048174027197766e-09,1.5573381276758347e-09,0.7517106957887449,0.758436920810161,-102.72663061830787,corrected-two-halo,scale_dependent_camb
3,0.32596586,0.36610056,1380,1399,1389.5239208633093,6.348986695955777e-07,4.777824689492927e-07,4.820490783748962e-07,6.5802550803875074e-09,2.3264714946396184e-09,0.7525334227801014,0.7592535651113512,-67.53411808753881,corrected-two-halo,scale_dependent_camb
3,0.32596586,0.36610056,1400,1419,1409.5235815602837,6.257324505837735e-07,4.722313104530135e-07,4.7645114757944967e-07,4.72167316905879e-09,1.669363558194023e-09,0.7546856647956296,0.7614295009551564,-91.9518935089388,corrected-two-halo,scale_dependent_camb
3,0.32596586,0.36610056,1420,1439,1429.5232517482518,6.168182761852677e-07,4.6699105315922444e-07,4.7116714938992493e-07,4.289779906969921e-09,1.5166662310081138e-09,0.7570966542161259,0.7638670376368761,-98.78720839353988,corrected-two-halo,scale_dependent_camb
3,0.32596586,0.36610056,1440,1459,1449.5229310344828,6.081443971566085e-07,4.6273461781709984e-07,4.668688878638636e-07,6.1272595299864e-09,2.1663133818716404e-09,0.7608959648080702,0.7676941365352021,-67.1231505821555,corrected-two-halo,scale_dependent_camb
3,0.32596586,0.36610056,1460,1479,1469.522619047619,5.996997596558769e-07,4.577438497209688e-07,4.6183413443207936e-07,5.636257769070164e-09,1.9927180445124374e-09,0.7632883661378053,0.7701089203322202,-71.23732849503091,corrected-two-halo,scale_dependent_camb
3,0.32596586,0.36610056,1480,1499,1489.5223154362416,5.914739322168758e-07,4.531263896782144e-07,4.571788511537121e-07,4.974727061400763e-09,1.7588316198343527e-09,0.7660969740118091,0.7729484365273402,-78.65877607527374,corrected-two-halo,scale_dependent_camb
3,0.32596586,0.36610056,1500,1519,1509.5220198675497,5.834570886359425e-07,4.482365116904433e-07,4.522456248785307e-07,4.0057053028965425e-09,1.416230691556529e-09,0.768242464477328,0.7751137721813107,-95.47920247151475,corrected-two-halo,scale_dependent_camb
3,0.32596586,0.36610056,1520,1539,1529.5217320261438,5.75639971424824e-07,4.411150254547929e-07,4.4505820216641654e-07,4.205030330180223e-09,1.4867027307827714e-09,0.7663036747829465,0.7731537493214874,-90.48543678883382,corrected-two-halo,scale_dependent_camb
3,0.32596586,0.36610056,1540,1559,1549.5214516129033,5.680138660400773e-07,4.369023026887749e-07,4.4080630427732354e-07,5.0828926953580845e-09,1.7970739464656348e-09,0.769175417731701,0.7760484921792765,-72.95835745054558,corrected-two-halo,scale_dependent_camb
3,0.32596586,0.36610056,1560,1579,1569.521178343949,5.605705584229153e-07,4.3692676164127195e-07,4.4083203721509993e-07,3.991297583567945e-09,1.4111367935371874e-09,0.7794322321716335,0.7863988405943357,-87.61999357391498,corrected-two-halo,scale_dependent_camb
3,0.32596586,0.36610056,1580,1599,1589.5209119496856,5.533022721148977e-07,4.2964527308189077e-07,4.3348397405821827e-07,4.54203335468681e-09,1.605851292737263e-09,0.7765109502255422,0.7834487510801361,-77.00401624500779,corrected-two-halo,scale_dependent_camb
3,0.32596586,0.36610056,1600,1619,1609.520652173913,5.46201739139582e-07,4.258661179766471e-07,4.2967502194884097e-07,4.66126020019437e-09,1.6480043482162014e-09,0.7796864921146229,0.7866599301307559,-73.01899493965908,corrected-two-halo,scale_dependent_camb
3,0.32596586,0.36610056,1620,1639,1629.520398773006,5.392620415554323e-07,4.218656603203991e-07,4.2563634265824154e-07,5.29493996811761e-09,1.8720439787158216e-09,0.7823017898748845,0.7892940905511316,-62.71026886642077,corrected-two-halo,scale_dependent_camb
3,0.32596586,0.36610056,1640,1659,1649.5201515151516,5.32476708868878e-07,4.181008109882169e-07,4.2184354820012125e-07,3.5562773234330317e-09,1.2573339055897208e-09,0.7852001862698823,0.7922291081918476,-90.96700357174888,corrected-two-halo,scale_dependent_camb
3,0.32596586,0.36610056,1660,1679,1669.5199101796406,5.258395863338324e-07,4.13352907411131e-07,4.1704807658284226e-07,4.697170954529601e-09,1.6607007171701845e-09,0.786081759825346,0.7931089393450054,-67.73446760134934,corrected-two-halo,scale_dependent_camb
3,0.32596586,0.36610056,1680,1699,1689.519674556213,5.193449144728328e-07,4.1116370569616016e-07,4.1483593363701297e-07,4.9222419532256185e-09,1.7402753318833757e-09,0.7916967977120114,0.7987676822793136,-62.16327198041463,corrected-two-halo,scale_dependent_camb
3,0.32596586,0.36610056,1700,1719,1709.5194444444444,5.129872250212346e-07,4.067386714885131e-07,4.103768174775509e-07,3.823120250495752e-09,1.351677127208579e-09,0.7928826521394886,0.7999747312626816,-78.60497998670813,corrected-two-halo,scale_dependent_camb
3,0.32596586,0.36610056,1720,1739,1729.519219653179,5.067613523946231e-07,4.0411725507212776e-07,4.077307793513863e-07,4.281363611469613e-09,1.5136906211977452e-09,0.7974508181465173,0.8045814413919234,-67.81048642639777,corrected-two-halo,scale_dependent_camb
3,0.32596586,0.36610056,1740,1759,1749.519,5.006624440607629e-07,4.0029971109529164e-07,4.0388136413634743e-07,3.0851072586813903e-09,1.0907501316507255e-09,0.7995401209816114,0.8066939490419025,-92.01257928209806,corrected-two-halo,scale_dependent_camb
3,0.32596586,0.36610056,1760,1779,1769.5187853107345,4.946858940010075e-07,3.973229940009359e-07,4.0088006128525246e-07,3.252438591043457e-09,1.1499106915598242e-09,0.803182380616106,0.810372937952494,-84.66996673280893,corrected-two-halo,scale_dependent_camb
3,0.32596586,0.36610056,1780,1799,1789.5185754189945,4.888273520865086e-07,3.932182039911574e-07,3.9673520871575266e-07,3.457710477538309e-09,1.2224852630235569e-09,0.8044112145377023,0.8116059934501,-78.20883489334044,corrected-two-halo,scale_dependent_camb
3,0.32596586,0.36610056,1800,1819,1809.5183701657459,4.830826960847985e-07,3.905165403967027e-07,3.940094086543524e-07,3.3521813144998763e-09,1.1851750696248486e-09,0.8083844516926206,0.8156148250551072,-78.10336047432752,corrected-two-halo,scale_dependent_camb
3,0.32596586,0.36610056,1820,1839,1829.518169398907,4.774480350631557e-07,3.8627645389968874e-07,3.8972755568152457e-07,3.976431179272196e-09,1.4058807258924947e-09,0.8090439703005439,0.816272195213815,-64.85015370389156,corrected-two-halo,scale_dependent_camb
3,0.32596586,0.36610056,1840,1859,1849.517972972973,4.7191968115285124e-07,3.834399434201007e-07,3.868672998283876e-07,3.5415096986246857e-09,1.2521127617677206e-09,0.8125110240865487,0.819773608261708,-70.66435263213491,corrected-two-halo,scale_dependent_camb
3,0.32596586,0.36610056,1860,1879,1869.5177807486632,4.664941370082328e-07,3.8217386772570923e-07,3.855925010992793e-07,2.904466108172158e-09,1.0268838404075168e-09,0.819246883094191,0.8265752353763758,-82.11276287010345,corrected-two-halo,scale_dependent_camb
3,0.32596586,0.36610056,1880,1899,1889.5175925925926,4.611680841935489e-07,3.794131535850406e-07,3.828076421143209e-07,3.0377920312445386e-09,1.0740216725637348e-09,0.8227220542560436,0.8300826861939979,-76.12037326337732,corrected-two-halo,scale_dependent_camb
3,0.32596586,0.36610056,1900,1919,1909.5174083769634,4.5593837562073176e-07,3.767776139102352e-07,3.801454769410654e-07,3.786779162061429e-09,1.3388286121747743e-09,0.8263783749224353,0.8337650377060737,-59.12688225411387,corrected-two-halo,scale_dependent_camb
3,0.32596586,0.36610056,1920,1939,1929.5172279792746,4.5080202377045976e-07,3.7370398235478066e-07,3.770463025776119e-07,4.0747127383420535e-09,1.440628504334436e-09,0.8289758311845201,0.836389995377654,-53.51694845944899,corrected-two-halo,scale_dependent_camb
3,0.32596586,0.36610056,1940,1959,1949.5170512820512,4.457561898549234e-07,3.6995097504124954e-07,3.732541695981366e-07,4.359349880295317e-09,1.5412629309607915e-09,0.8299401858259208,0.8373505025687171,-49.183830539814814,corrected-two-halo,scale_dependent_camb
3,0.32596586,0.36610056,1960,1979,1969.5168781725888,4.407981712921174e-07,3.662806054872721e-07,3.695561057791503e-07,3.0152222489685e-09,1.0660420495150894e-09,0.8309485595495758,0.8383793986618994,-69.90115055849915,corrected-two-halo,scale_dependent_camb
3,0.32596586,0.36610056,1980,1999,1989.5167085427136,4.359254011544872e-07,3.639378199136647e-07,3.671931160767197e-07,2.570232352647594e-09,9.087143628910837e-10,0.8348626139927301,0.8423301672815127,-79.21915200260877,corrected-two-halo,scale_dependent_camb
3,0.32596586,0.36610056,2000,2019,2009.5165422885573,4.311354335446257e-07,3.6078669589366266e-07,3.640129626630964e-07,2.8675953858775426e-09,1.0138480715266324e-09,0.8368291442144213,0.8443123305136978,-69.38784974462033,corrected-two-halo,scale_dependent_camb
3,0.32596586,0.36610056,2020,2039,2029.5163793103447,4.2642593757879457e-07,3.589421541454069e-07,3.6215125118397104e-07,3.263046398850066e-09,1.1536611179766126e-09,0.8417455940495691,0.8492711612249269,-58.49532621134565,corrected-two-halo,scale_dependent_camb
3,0.32596586,0.36610056,2040,2059,2049.516219512195,4.217946922661677e-07,3.5569755987673625e-07,3.5888137486377726e-07,2.655703774955218e-09,9.389330740467737e-10,0.8432954856915985,0.8508437432809376,-70.39599968989779,corrected-two-halo,scale_dependent_camb
3,0.32596586,0.36610056,2060,2079,2069.5160628019325,4.1723958029689967e-07,3.528016467150467e-07,3.5595377373982815e-07,3.8477797759889354e-09,1.3603955860571154e-09,0.8455613114748123,0.8531160286532219,-47.36705576104947,corrected-two-halo,scale_dependent_camb
3,0.32596586,0.36610056,2080,2099,2089.515909090909,4.1275859077205213e-07,3.494473093821711e-07,3.5257480846069006e-07,2.8209105768828406e-09,9.973424990173561e-10,0.8466142612042084,0.8541913271900891,-63.4799794977746,corrected-two-halo,scale_dependent_camb
3,0.32596586,0.36610056,2100,2119,2109.5157582938386,4.083497889488494e-07,3.477022043606122e-07,3.5080884577981765e-07,3.3075717617654515e-09,1.1694032110027432e-09,0.8514812882740732,0.8590890831187881,-51.86199594597738,corrected-two-halo,scale_dependent_camb
3,0.32596586,0.36610056,2120,2139,2129.5156103286386,4.040113302412868e-07,3.454055249258554e-07,3.484983428000688e-07,2.089564634357072e-09,7.38772661340737e-10,0.8549401936811267,0.8625954687754324,-79.32860591927239,corrected-two-halo,scale_dependent_camb
3,0.32596586,0.36610056,2140,2159,2149.515465116279,3.997414597428246e-07,3.4238226294408765e-07,3.454452875012343e-07,2.5117142220520965e-09,8.880250794078655e-10,0.8565092626728305,0.8641717767365887,-64.5918658479601,corrected-two-halo,scale_dependent_camb
3,0.32596586,0.36610056,2160,2179,2169.5153225806453,3.9553848430690747e-07,3.3941406319371507e-07,3.4245004534526053e-07,2.946155161736767e-09,1.0416231466459087e-09,0.8581062947350424,0.8657818617708652,-53.881695403867056,corrected-two-halo,scale_dependent_camb
3,0.32596586,0.36610056,2180,2199,2189.5151826484016,3.9140078488072295e-07,3.3622720127923357e-07,3.3923397878571653e-07,2.792065729711414e-09,9.871443054987535e-10,0.8590355826233123,0.866717676330404,-55.892115564211245,corrected-two-halo,scale_dependent_camb
3,0.32596586,0.36610056,2200,2219,2209.515045248869,3.873268142534423e-07,3.342923944351309e-07,3.372799306654358e-07,3.473934836788628e-09,1.2282214402467105e-09,0.8630757854435324,0.8707890036364511,-43.17985184142242,corrected-two-halo,scale_dependent_camb
3,0.32596586,0.36610056,2220,2239,2229.5149103139015,3.8331506733213794e-07,3.319513107389659e-07,3.3492200440655946e-07,2.241627554276447e-09,7.925350222617457e-10,0.8660012063948794,0.8737512113406007,-64.80944709117027,corrected-two-halo,scale_dependent_camb
3,0.32596586,0.36610056,2240,2259,2249.514777777778,3.7936411811481477e-07,3.2983954470286326e-07,3.3278720265670255e-07,3.1096826876071073e-09,1.0994388578726968e-09,0.8694537225659205,0.8772237192869788,-45.045318397947625,corrected-two-halo,scale_dependent_camb
3,0.32596586,0.36610056,2260,2279,2269.5146475770925,3.7547256868167355e-07,3.272030649769782e-07,3.301308799062776e-07,2.0797449856070206e-09,7.353008912307214e-10,0.8714433284056542,0.8792410083788659,-65.64592030332442,corrected-two-halo,scale_dependent_camb
3,0.32596586,0.36610056,2280,2299,2289.514519650655,3.716390884178517e-07,3.2379038202301486e-07,3.266882307661336e-07,2.1595507453286678e-09,7.635164881691819e-10,0.8712495324468177,0.8790470134799768,-62.66885802240124,corrected-two-halo,scale_dependent_camb
3,0.32596586,0.36610056,2300,2319,2309.514393939394,3.678623720603438e-07,3.221627817719932e-07,3.250432236653383e-07,2.8613575795578928e-09,1.011642673952456e-09,0.8757698700402713,0.8836000862083783,-45.17364823075695,corrected-two-halo,scale_dependent_camb
3,0.32596586,0.36610056,2320,2339,2329.514270386266,3.641411749229899e-07,3.2004224586261707e-07,3.2290389751488323e-07,2.4433706781709814e-09,8.638619877435371e-10,0.8788960653249415,0.8867546977711935,-51.048581470243924,corrected-two-halo,scale_dependent_camb
3,0.32596586,0.36610056,2340,2359,2349.5141489361704,3.6047427291273833e-07,3.171218705052429e-07,3.1995813220661184e-07,2.237871527534698e-09,7.912070662720412e-10,0.8797350999359947,0.8876032389808456,-54.792739164679745,corrected-two-halo,scale_dependent_camb
3,0.32596586,0.36610056,2360,2379,2369.514029535865,3.568604894430573e-07,3.150964697208882e-07,3.179135035940271e-07,2.7365586490130642e-09,9.675195889159174e-10,0.8829682159900943,0.8908621520140441,-43.166071468345876,corrected-two-halo,scale_dependent_camb
3,0.32596586,0.36610056,2380,2399,2389.513912133891,3.532986762636204e-07,3.1175492049165533e-07,3.145419700000696e-07,3.180796940295836e-09,1.1245815430303037e-09,0.8824117989591151,0.8903004486927889,-36.941523742263314,corrected-two-halo,scale_dependent_camb
3,0.32596586,0.36610056,2400,2419,2409.5137966804978,3.497877142506082e-07,3.100204320558632e-07,3.127914515295492e-07,2.732044149309451e-09,9.659234722388725e-10,0.8863102373965788,0.8942322408312124,-41.170220351484055,corrected-two-halo,scale_dependent_camb
3,0.32596586,0.36610056,2420,2439,2429.513683127572,3.4632652333326e-07,3.0729666094766164e-07,3.100469941288712e-07,1.6924953845304177e-09,5.983874817641958e-10,0.8873032824343025,0.8952447278504335,-65.22506498720294,corrected-two-halo,scale_dependent_camb
3,0.32596586,0.36610056,2440,2459,2449.5135714285716,3.4291404373057676e-07,3.049433610814497e-07,3.076729829310455e-07,1.8666661520969998e-09,6.599661471795939e-10,0.8892705523633784,0.8972306283634749,-57.534288404635824,corrected-two-halo,scale_dependent_camb
3,0.32596586,0.36610056,2460,2479,2469.5134615384613,3.3954924310071825e-07,3.0326285382809525e-07,3.059733415591688e-07,2.8981160746237063e-09,1.0246387645160806e-09,0.8931336470043033,0.9011162527268833,-35.41383610423957,corrected-two-halo,scale_dependent_camb
3,0.32596586,0.36610056,2480,2499,2489.513353413655,3.362311229124419e-07,3.0041796258410503e-07,3.0310748234800443e-07,1.7912388883841764e-09,6.332985823507522e-10,0.8934864803171032,0.901485501170981,-56.550198163086655,corrected-two-halo,scale_dependent_camb
3,0.32596586,0.36610056,2500,2519,2509.513247011952,3.3295870525154597e-07,2.9875436611632257e-07,3.01427978872572e-07,1.7983075364075256e-09,6.357977268263177e-10,0.8972715276827423,0.9053013905879022,-53.79751718515829,corrected-two-halo,scale_dependent_camb
3,0.32596586,0.36610056,2520,2539,2529.51314229249,3.2973103537427117e-07,2.9551180853935233e-07,2.981572164071251e-07,1.6401601195112973e-09,5.798841713690883e-10,0.8962207885706686,0.9042437150894599,-59.010451611618095,corrected-two-halo,scale_dependent_camb
3,0.32596586,0.36610056,2540,2559,2549.513039215686,3.265471860113403e-07,2.93326662529055e-07,2.95949663709939e-07,2.2978220860703543e-09,8.12402789510283e-10,0.898267310497872,0.9062998439057481,-40.89169056436978,corrected-two-halo,scale_dependent_camb
3,0.32596586,0.36610056,2560,2579,2569.512937743191,3.234062547713044e-07,2.9208867376008657e-07,2.947021169858525e-07,1.8941049175182914e-09,6.69667215727985e-10,0.903163341620081,0.911244333212572,-46.765886511515994,corrected-two-halo,scale_dependent_camb
3,0.32596586,0.36610056,2580,2599,2589.5128378378377,3.2030736069093033e-07,2.8923014339918375e-07,2.918181834394982e-07,1.8988548380511715e-09,6.713465662374334e-10,0.9029768868729386,0.9110567512717206,-46.29087099665834,corrected-two-halo,scale_dependent_camb
3,0.32596586,0.36610056,2600,2619,2609.5127394636015,3.1724964536779255e-07,2.865971633693881e-07,2.891624450846039e-07,2.1219866764256394e-09,7.502355842440368e-10,0.9033805633955287,0.9114665668085248,-40.85714226590695,corrected-two-halo,scale_dependent_camb
3,0.32596586,0.36610056,2620,2639,2629.5126425855515,3.142322727119278e-07,2.840804955974151e-07,2.866226790609593e-07,1.2746213815367602e-09,4.5064671116500434e-10,0.904046211249109,0.9121363524736379,-66.90779354977388,corrected-two-halo,scale_dependent_camb
3,0.32596586,0.36610056,2640,2659,2649.512547169811,3.1125443043107964e-07,2.833080062913968e-07,2.858434905975437e-07,1.8726799368310292e-09,6.620923411626081e-10,0.91021356996918,0.9183595883331125,-42.20925451366805,corrected-two-halo,scale_dependent_camb
3,0.32596586,0.36610056,2660,2679,2669.5124531835204,3.0831532728068463e-07,2.7993836056581063e-07,2.8244284168481726e-07,1.73947746506075e-09,6.149981556328211e-10,0.9079612195567556,0.9160843353975927,-46.14154766964244,corrected-two-halo,scale_dependent_camb
3,0.32596586,0.36610056,2680,2699,2689.5123605947956,3.0541419240064303e-07,2.7777754172241224e-07,2.802624599462647e-07,1.6683575975114562e-09,5.898534853222237e-10,0.9095109154522296,0.9176471392613469,-46.85341591757064,corrected-two-halo,scale_dependent_camb
3,0.32596586,0.36610056,2700,2719,2709.512269372694,3.025502760610734e-07,2.76157476550088e-07,2.7862676730880193e-07,2.191625355810862e-09,7.748565754571202e-10,0.9127655745200585,0.9209271627058696,-34.06152873570858,corrected-two-halo,scale_dependent_camb
3,0.32596586,0.36610056,2720,2739,2729.5121794871793,2.9972284898553776e-07,2.74076791912732e-07,2.765278057312476e-07,2.1412488566922215e-09,7.570457933875058e-10,0.9144340941652959,0.9226116949949006,-33.87649372972401,corrected-two-halo,scale_dependent_camb
3,0.32596586,0.36610056,2740,2759,2749.512090909091,2.9693120195878276e-07,2.714209073958412e-07,2.738490516119635e-07,1.697891003382123e-09,6.002951211035652e-10,0.9140868511134688,0.9222643151189504,-42.4962550354302,corrected-two-halo,scale_dependent_camb
3,0.32596586,0.36610056,2760,2779,2769.5120036101084,2.9417464406758503e-07,2.6916710798684326e-07,2.7157596088934765e-07,1.872623520786081e-09,6.620723950786327e-10,0.9149908512339479,0.9231793642519188,-37.771603629194786,corrected-two-halo,scale_dependent_camb
3,0.32596586,0.36610056,2780,2799,2789.511917562724,2.914525035092742e-07,2.6847263888696564e-07,2.7087496547238747e-07,1.4993855996118488e-09,5.301128625494979e-10,0.9211539981794071,0.9293965987969908,-43.34900404376229,corrected-two-halo,scale_dependent_camb
3,0.32596586,0.36610056,2800,2819,2809.5118327402133,2.8876412721071775e-07,2.6550940034772115e-07,2.678840254297773e-07,1.879083198699051e-09,6.643562361069039e-10,0.9194680894485654,0.9276914969230102,-35.00339968097266,corrected-two-halo,scale_dependent_camb
3,0.32596586,0.36610056,2820,2839,2829.511749116608,2.8610887975263893e-07,2.632966270837684e-07,2.6565150007057626e-07,2.0626145822231777e-09,7.292443790321333e-10,0.9202672329198824,0.9284979211419461,-31.28204114394048,corrected-two-halo,scale_dependent_camb
3,0.32596586,0.36610056,2840,2859,2849.5116666666668,2.83486141706894e-07,2.610762996285158e-07,2.6341078876261267e-07,2.027095329685478e-09,7.166864268660909e-10,0.9209490737591381,0.9291840058797728,-31.268684934318358,corrected-two-halo,scale_dependent_camb
3,0.32596586,0.36610056,2860,2879,2869.5115853658535,2.80895310665279e-07,2.594031910308137e-07,2.6172366284831725e-07,1.9377525580249583e-09,6.850989870205134e-10,0.9234870828439149,0.9317480673794262,-31.370823839536296,corrected-two-halo,scale_dependent_camb
3,0.32596586,0.36610056,2880,2899,2889.5115051903113,2.783358006765671e-07,2.5701743118300116e-07,2.5931798602244714e-07,1.4286427046235006e-09,5.051014721659835e-10,0.9234077346796706,0.9316731278984154,-42.206112372130285,corrected-two-halo,scale_dependent_camb
3,0.32596586,0.36610056,2900,2919,2909.5114261168383,2.758070410916422e-07,2.56122839584348e-07,2.584117965046586e-07,2.3487574280304097e-09,8.304111523612885e-10,0.9286305330372123,0.9369296573498147,-23.70416323446744,corrected-two-halo,scale_dependent_camb
3,0.32596586,0.36610056,2920,2939,2929.511348122867,2.7330847511996165e-07,2.532283351329022e-07,2.5549254646014884e-07,2.1689238084562533e-09,7.668303664181845e-10,0.9265293914568665,0.9348138448615874,-26.185895690141333,corrected-two-halo,scale_dependent_camb
3,0.32596586,0.36610056,2940,2959,2949.511271186441,2.7083956093083733e-07,2.5106546719607495e-07,2.5330987827666374e-07,2.2470168117705474e-09,7.94440412521565e-10,0.9269896404099843,0.9352765061576435,-24.89059396160264,corrected-two-halo,scale_dependent_camb
3,0.32596586,0.36610056,2960,2979,2969.5111952861953,2.6839977093868033e-07,2.4964831110380175e-07,2.5188046533261464e-07,1.9092237571175307e-09,6.750125327301319e-10,0.9301360810804767,0.9384526091498053,-27.77942471532653,corrected-two-halo,scale_dependent_camb
3,0.32596586,0.36610056,2980,2999,2989.511120401338,2.6598859053925514e-07,2.469816719905123e-07,2.4919189313807093e-07,1.3722963096487752e-09,4.851800131749616e-10,0.9285423539776314,0.9368518124513114,-39.17498254794909,corrected-two-halo,scale_dependent_camb
3,0.32596586,0.36610056,3000,3019,3009.5110465116277,2.636055173570393e-07,2.456533658678122e-07,2.478511760920194e-07,1.469355814459245e-09,5.194957301900073e-10,0.931897664095885,0.9402351611492201,-34.556879770043636,corrected-two-halo,scale_dependent_camb
3,0.32596586,0.36610056,3020,3039,3029.5109735973597,2.6125006208297244e-07,2.4430132063909044e-07,2.464873685437559e-07,1.5925397446257932e-09,5.630478263669954e-10,0.9351244500814736,0.9434920955749746,-30.10177936968853,corrected-two-halo,scale_dependent_camb
3,0.32596586,0.36610056,3040,3059,3049.5109016393444,2.58921747984786e-07,2.4188572676628144e-07,2.4404812791455243e-07,1.8729621397291775e-09,6.621921149540836e-10,0.9342039772591618,0.9425555397103702,-25.726705035872907,corrected-two-halo,scale_dependent_camb
3,0.32596586,0.36610056,3060,3079,3069.5108306188927,2.566201093147637e-07,2.4047672109065906e-07,2.4262619763819165e-07,2.1793038342899084e-09,7.70500259746119e-10,0.9370922712673948,0.945468374579299,-20.95182710181552,corrected-two-halo,scale_dependent_camb
3,0.32596586,0.36610056,3080,3099,3089.5107605177996,2.5434469120669505e-07,2.387028504056926e-07,2.4083914928481675e-07,1.2818452983102456e-09,4.5320075143363374e-10,0.9385014063914903,0.9469006337116629,-34.51415460261655,corrected-two-halo,scale_dependent_camb
3,0.32596586,0.36610056,3100,3119,3109.510691318328,2.52095050189237e-07,2.3648030285961787e-07,2.3859657062290933e-07,1.4426738876676583e-09,5.100622445052803e-10,0.9380600796489348,0.9464548012497869,-30.61341531907381,corrected-two-halo,scale_dependent_camb
3,0.32596586,0.36610056,3120,3139,3129.5106230031947,2.498707539829546e-07,2.3459230615123587e-07,2.3669094190105746e-07,1.3858600964143603e-09,4.899755359752183e-10,0.9388545974741767,0.9472534825632445,-31.182062592797465,corrected-two-halo,scale_dependent_camb
3,0.32596586,0.36610056,3140,3159,3149.5105555555556,2.476713808294568e-07,2.3308175279521591e-07,2.351662812613175e-07,1.9541089621977042e-09,6.908818491737017e-10,0.9410927981045694,0.9495093073480695,-21.117399525968413,corrected-two-halo,scale_dependent_camb
3,0.32596586,0.36610056,3160,3179,3169.5104889589907,2.454965197310948e-07,2.314686125821123e-07,2.335391543195166e-07,1.4125380098784441e-09,4.994076027343992e-10,0.9428590386358715,0.9512931367635039,-28.08909410304467,corrected-two-halo,scale_dependent_camb
3,0.32596586,0.36610056,3180,3199,3189.510423197492,2.433457686592435e-07,2.2941225170212139e-07,2.3146480169113088e-07,1.4730960629152562e-09,5.208181077132914e-10,0.9427418975316839,0.9511766034249418,-26.75313463715523,corrected-two-halo,scale_dependent_camb
3,0.32596586,0.36610056,3200,3219,3209.5103582554516,2.4121873642553147e-07,2.2752361483376287e-07,2.2955825949372924e-07,1.9641516420623225e-09,6.944324726904803e-10,0.9432252991840188,0.9516601525047702,-19.721315074320735,corrected-two-halo,scale_dependent_camb
3,0.32596586,0.36610056,3220,3239,3229.510294117647,2.391150418372051e-07,2.25597162712344e-07,2.2761607275141332e-07,1.0301566204418554e-09,3.6421536599932614e-10,0.943467048241723,0.9519103064473019,-37.115070880579204,corrected-two-halo,scale_dependent_camb
3,0.32596586,0.36610056,3240,3259,3249.510230769231,2.3703431496118906e-07,2.23726433840958e-07,2.257271524511845e-07,1.626235743514544e-09,5.749611610235405e-10,0.9438567317883487,0.9522973603553733,-23.145704479482557,corrected-two-halo,scale_dependent_camb
3,0.32596586,0.36610056,3260,3279,3269.5101681957185,2.3497619381356698e-07,2.2210525841780977e-07,2.2409429139956624e-07,1.0307123950272563e-09,3.644118619884002e-10,0.9452245132289053,0.9536893408758056,-35.3197487192854,corrected-two-halo,scale_dependent_camb
3,0.32596586,0.36610056,3280,3299,3289.510106382979,2.329403264410173e-07,2.2067909801169903e-07,2.2265338822478206e-07,1.5107887534511736e-09,5.34144486252848e-10,0.9473632212307261,0.9558387404473738,-22.95489094221253,corrected-two-halo,scale_dependent_camb
3,0.32596586,0.36610056,3300,3319,3309.5100453172204,2.3092637129656234e-07,2.1882750346494502e-07,2.2078600146444387e-07,1.0515590785490678e-09,3.7178227763016157e-10,0.9476072491691319,0.95608829872836,-32.54288480004668,corrected-two-halo,scale_dependent_camb
3,0.32596586,0.36610056,3320,3339,3329.509984984985,2.2893399796916456e-07,2.1729264071179578e-07,2.1923565178302195e-07,1.7294375184604784e-09,6.114484984709195e-10,0.9491497227994211,0.9576369334735119,-19.038982492361853,corrected-two-halo,scale_dependent_camb
3,0.32596586,0.36610056,3340,3359,3349.509925373134,2.269628820816079e-07,2.1522754957213661e-07,2.171528727052065e-07,1.5262606644801197e-09,5.396146328560892e-10,0.9482940452560359,0.9567770320572767,-21.747617271529787,corrected-two-halo,scale_dependent_camb
3,0.32596586,0.36610056,3360,3379,3369.5098664688426,2.2501271037130927e-07,2.143063887204866e-07,2.1622310308387748e-07,1.4166593712266142e-09,5.008647240129047e-10,0.9524190360928704,0.9609372853963342,-21.37567518240081,corrected-two-halo,scale_dependent_camb
3,0.32596586,0.36610056,3380,3399,3389.509808259587,2.2308318173117158e-07,2.123888839550959e-07,2.1429024665090023e-07,1.0226189809790546e-09,3.6155040801018325e-10,0.9520613894194726,0.9605845003104386,-29.578995180595836,corrected-two-halo,scale_dependent_camb
3,0.32596586,0.36610056,3400,3419,3409.509750733138,2.2117399973770388e-07,2.1105240486252702e-07,2.1294000304823642e-07,1.771881267439417e-09,6.264546298319132e-10,0.9542369587420749,0.9627714075830235,-16.15694799460997,corrected-two-halo,scale_dependent_camb
3,0.32596586,0.36610056,3420,3439,3429.509693877551,2.1928487805984486e-07,2.0895659601704736e-07,2.1082637058042502e-07,1.2777482459318634e-09,4.517522246738185e-10,0.9529001628649522,0.9614268546273791,-22.862714290460662,corrected-two-halo,scale_dependent_camb
3,0.32596586,0.36610056,3440,3459,3449.5096376811593,2.1741554327879079e-07,2.0800127608350782e-07,2.0986087037084178e-07,1.5570707462073663e-09,5.505076417152132e-10,0.9566991989012896,0.9652523789512983,-17.1010654201838,corrected-two-halo,scale_dependent_camb
3,0.32596586,0.36610056,3460,3479,3469.509582132565,2.1556572512679177e-07,2.0646146409929974e-07,2.0830768207223788e-07,1.4728338075380185e-09,5.207253864354676e-10,0.9577657300475896,0.9663302547272539,-17.483804831974155,corrected-two-halo,scale_dependent_camb
3,0.32596586,0.36610056,3480,3499,3489.5095272206304,2.1373516375866865e-07,2.0499975564241483e-07,2.0683333446659602e-07,1.5160587500669117e-09,5.360077114247572e-10,0.9591297568325393,0.9677084988230313,-16.29716873481971,corrected-two-halo,scale_dependent_camb
3,0.32596586,0.36610056,3500,3519,3509.509472934473,2.1192361053474206e-07,2.0317632666311426e-07,2.0499313568542626e-07,1.5146275886652568e-09,5.355017194587159e-10,0.9587243542635199,0.9672972972108757,-16.334744696001245,corrected-two-halo,scale_dependent_camb
3,0.32596586,0.36610056,3520,3539,3529.509419263456,2.1013081846445068e-07,2.0138444231588557e-07,2.0318668246107565e-07,1.1142268910372406e-09,3.939386952164186e-10,0.9583765189110288,0.9669532719944656,-22.202378833996246,corrected-two-halo,scale_dependent_camb
3,0.32596586,0.36610056,3540,3559,3549.509366197183,2.083565550662833e-07,1.9956423526267842e-07,2.013494637089383e-07,1.2451077417458264e-09,4.402120637481712e-10,0.9578015685620842,0.9663697100620814,-19.97291879905101,corrected-two-halo,scale_dependent_camb
3,0.32596586,0.36610056,3560,3579,3569.5093137254903,2.066005903021339e-07,1.9803215091163895e-07,1.998041011888131e-07,1.0138007657408957e-09,3.584326981137509e-10,0.9585265493290004,0.967103244461298,-23.905295012386688,corrected-two-halo,scale_dependent_camb
3,0.32596586,0.36610056,3580,3599,3589.50926183844,2.048627017739964e-07,1.96665699409667e-07,1.98424903905509e-07,1.243278780039463e-09,4.395654281356211e-10,0.9599878245608012,0.9685750611861522,-18.647968742892896,corrected-two-halo,scale_dependent_camb
3,0.32596586,0.36610056,3600,3619,3609.5092105263157,2.0314267815041098e-07,1.9553921007806953e-07,1.97289120420493e-07,1.000404167141557e-09,3.536962852565376e-10,0.9625707992945151,0.9711849928177874,-21.49716688945891,corrected-two-halo,scale_dependent_camb
3,0.32596586,0.36610056,3620,3639,3629.5091597796145,2.0144030720011927e-07,1.941772429071142e-07,1.959142278918296e-07,1.1012537273137433e-09,3.8935198919525447e-10,0.9639443347066105,0.9725671620287998,-18.65423702603136,corrected-two-halo,scale_dependent_camb
3,0.32596586,0.36610056,3640,3659,3649.509109589041,1.9975539119481027e-07,1.925157696512817e-07,1.9423937108608922e-07,1.0656951918149522e-09,3.767801484051256e-10,0.9637575661902004,0.9723861264733447,-19.214445278428762,corrected-two-halo,scale_dependent_camb
3,0.32596586,0.36610056,3660,3679,3669.5090599455043,1.9808772970000438e-07,1.9112156628028966e-07,1.9283129127403703e-07,1.3183575658236194e-09,4.661097874112357e-10,0.9648329382629369,0.973464088694802,-14.945327491200409,corrected-two-halo,scale_dependent_camb
3,0.32596586,0.36610056,3680,3699,3689.509010840108,1.9643713613396482e-07,1.8999269342580706e-07,1.9169395207122023e-07,1.0557616183119112e-09,3.7326809981241793e-10,0.9671933584708605,0.9758539339551873,-17.26491685573009,corrected-two-halo,scale_dependent_camb
3,0.32596586,0.36610056,3700,3719,3709.508962264151,1.948034221486468e-07,1.8811500830708832e-07,1.897969017536584e-07,1.4548823584864307e-09,5.143785907572164e-10,0.9656658298515166,0.9742996281083393,-13.002900901673339,corrected-two-halo,scale_dependent_camb
3,0.32596586,0.36610056,3720,3739,3729.508914209115,1.9318640960017252e-07,1.8722811536683574e-07,1.8890363771501136e-07,1.082816933322261e-09,3.8283359816789624e-10,0.9691577981822409,0.9778308842013008,-15.563665942203183,corrected-two-halo,scale_dependent_camb
3,0.32596586,0.36610056,3740,3759,3749.5088666666666,1.915859210812395e-07,1.856845246350767e-07,1.8734584207381953e-07,1.0011339640745843e-09,3.5395430743665395e-10,0.969197128824198,0.9778685250800762,-16.672763467411553,corrected-two-halo,scale_dependent_camb
3,0.32596586,0.36610056,3760,3779,3769.5088196286474,1.9000178703836988e-07,1.8447917356125167e-07,1.861305533594932e-07,9.209323373627178e-10,3.255987503815775e-10,0.9709338866586399,0.9796252775343902,-16.961408699038692,corrected-two-halo,scale_dependent_camb
3,0.32596586,0.36610056,3780,3799,3789.5087730870714,1.8843383927719884e-07,1.831754816727241e-07,1.8481422418468407e-07,1.0722992117322321e-09,3.791150220384254e-10,0.9720944092385692,0.9807910558613091,-13.870085063371032,corrected-two-halo,scale_dependent_camb
3,0.32596586,0.36610056,3800,3819,3809.5087270341205,1.868819161367696e-07,1.816592176045455e-07,1.8328531661946452e-07,7.276107940476059e-10,2.572492632677953e-10,0.9720534836104642,0.9807546947738223,-20.302093253372227,corrected-two-halo,scale_dependent_camb
3,0.32596586,0.36610056,3820,3839,3829.508681462141,1.853458567819688e-07,1.8093649455873995e-07,1.825552475133805e-07,1.0869370542238769e-09,3.842902808823167e-10,0.976210084758378,0.9849437731328895,-11.474040439183401,corrected-two-halo,scale_dependent_camb
3,0.32596586,0.36610056,3840,3859,3849.5086363636365,1.83825508077085e-07,1.7937360111442532e-07,1.8097886248866021e-07,1.3313988326820644e-09,4.707205715266707e-10,0.9757818868054327,0.9845144146848701,-9.457642669452461,corrected-two-halo,scale_dependent_camb
3,0.32596586,0.36610056,3860,3879,3869.5085917312663,1.823207154012823e-07,1.7828604476927616e-07,1.7988200293512263e-07,7.115397405519705e-10,2.515672878140075e-10,0.9778704760831706,0.9866240516839124,-16.03813702117386,corrected-two-halo,scale_dependent_camb
3,0.32596586,0.36610056,3880,3899,3889.5085475578408,1.808313332906768e-07,1.768806356852605e-07,1.7846356618266744e-07,9.166986422854781e-10,3.2410191313228134e-10,0.9781525826662696,0.9869062121872247,-12.189676905127829,corrected-two-halo,scale_dependent_camb
3,0.32596586,0.36610056,3900,3919,3909.5085038363172,1.7935721260818984e-07,1.756886732916177e-07,1.7726105705831296e-07,1.0620856228605017e-09,3.755039730626994e-10,0.9795461846043173,0.9883129564772175,-9.76964181404169,corrected-two-halo,scale_dependent_camb
3,0.32596586,0.36610056,3920,3939,3929.5084605597963,1.77898215439156e-07,1.7446443070581682e-07,1.7602590786210267e-07,8.660492322174551e-10,3.0619464247118274e-10,0.9806980372182903,0.9894753998940834,-11.214385417152872,corrected-two-halo,scale_dependent_camb
3,0.32596586,0.36610056,3940,3959,3949.508417721519,1.764541987053456e-07,1.7305745847945205e-07,1.7460579551458415e-07,1.010077440405573e-09,3.571163038171657e-10,0.9807500175636759,0.9895247423732432,-9.51157981191637,corrected-two-halo,scale_dependent_camb
3,0.32596586,0.36610056,3960,3979,3969.5083753148615,1.7502502973378826e-07,1.7163571706072064e-07,1.7317177409220847e-07,9.158650138655918e-10,3.238071809779356e-10,0.9806352686914395,0.9894114822068674,-10.467070751277051,corrected-two-halo,scale_dependent_camb
3,0.32596586,0.36610056,3980,3999,3989.508333333333,1.7361057328666583e-07,1.7054591650558675e-07,1.720718914690245e-07,9.90384062801785e-10,3.501536433931128e-10,0.9823475222559244,0.9911371652744867,-8.752320128334137,corrected-two-halo,scale_dependent_camb
3,0.32596586,0.36610056,4000,4019,4009.5082917705736,1.7221069973550687e-07,1.6938168626074e-07,1.7089733790909132e-07,9.153914293630751e-10,3.2363974357133845e-10,0.9835723710599176,0.9923735178567145,-8.741242480138341,corrected-two-halo,scale_dependent_camb
3,0.32596586,0.36610056,4020,4039,4029.5082506203476,1.7082528348591087e-07,1.6817716427736922e-07,1.696821227328694e-07,1.0092376669743527e-09,3.5681939907322765e-10,0.9844980839223366,0.9933080119657127,-7.421455266781034,corrected-two-halo,scale_dependent_camb
3,0.32596586,0.36610056,4040,4059,4049.5082098765433,1.6945419703208071e-07,1.667331401638238e-07,1.682255184366959e-07,8.419054870644338e-10,2.9765853951071217e-10,0.9839422279535408,0.9927491993889522,-9.141538061463882,corrected-two-halo,scale_dependent_camb
3,0.32596586,0.36610056,4060,4079,4069.5081695331696,1.680973221632308e-07,1.6577200843850042e-07,1.6725622436228263e-07,6.042091549501773e-10,2.136201953601319e-10,0.9861668603948825,0.9949963640697892,-10.885271033528655,corrected-two-halo,scale_dependent_camb
3,0.32596586,0.36610056,4080,4096,4088.005870123517,1.668547501973954e-07,1.6505247570522864e-07,1.6653163242783217e-07,5.034638301648803e-10,1.7800134419586955e-10,0.989198542504576,0.9980634787491458,-10.125061135401177,corrected-two-halo,scale_dependent_camb
4,0.28674463,0.32596586,20,39,30.608333333333334,5.719883829249918e-05,5.6281982687363386e-05,5.580113095339087e-05,2.407425260761026e-06,8.511533635419568e-07,0.9839707303066673,0.9755640607251354,-1.0771920131061083,corrected-two-halo,scale_dependent_camb
4,0.28674463,0.32596586,40,59,50.165,4.3710950651767315e-05,4.2754002714121494e-05,4.2390862616658516e-05,6.657831004620062e-07,2.353898725680445e-07,0.9781073638670192,0.9697996036364992,-4.065374296717861,corrected-two-halo,scale_dependent_camb
4,0.28674463,0.32596586,60,79,69.975,3.335066685488156e-05,3.277586514871015e-05,3.249691645227297e-05,5.080746332751523e-07,1.7963150926886424e-07,0.9827649111583723,0.9744007996504687,-3.199893540453833,corrected-two-halo,scale_dependent_camb
4,0.28674463,0.32596586,80,99,89.86944444444444,2.4664894420743188e-05,2.44382202456479e-05,2.4229258021131433e-05,6.272745409261543e-07,2.217750407772811e-07,0.9908098461226473,0.98233779588996,-1.0220905576246815,corrected-two-halo,scale_dependent_camb
4,0.28674463,0.32596586,100,119,109.80227272727272,1.9984953017275204e-05,1.911997554199128e-05,1.8957507544243387e-05,4.060927903851043e-07,1.435754829361372e-07,0.9567185634844261,0.9485890473625992,-6.024548603947025,corrected-two-halo,scale_dependent_camb
4,0.28674463,0.32596586,120,139,129.75576923076923,1.5942738676486343e-05,1.5235597006368135e-05,1.5105539866231259e-05,3.8241947758938984e-07,1.3520570293063725e-07,0.9556449061564838,0.9474871396161154,-5.230117182860128,corrected-two-halo,scale_dependent_camb
4,0.28674463,0.32596586,140,159,149.72166666666666,1.2859208875240599e-05,1.2432471317289403e-05,1.232664550111323e-05,1.8411762922656097e-07,6.509541208104586e-08,0.966814633614604,0.9585850592136521,-6.555570420537373,corrected-two-halo,scale_dependent_camb
4,0.28674463,0.32596586,160,179,169.6955882352941,1.0987962724136593e-05,1.0553548054018048e-05,1.0463353718261493e-05,2.0033384685484783e-07,7.082871080612509e-08,0.9604644936440955,0.9522560260672597,-6.13331324507148,corrected-two-halo,scale_dependent_camb
4,0.28674463,0.32596586,180,199,189.675,9.201216947301675e-06,8.958329784205035e-06,8.882303556406681e-06,1.5078473929400677e-07,5.3310455827118926e-08,0.9736027131533,0.9653400856950213,-4.5560886570600925,corrected-two-halo,scale_dependent_camb
4,0.28674463,0.32596586,200,219,209.65833333333333,7.876410978587923e-06,7.761641709823123e-06,7.695690570404107e-06,1.3104166760894188e-07,4.633022589213818e-08,0.9854287353622352,0.9770554877500545,-2.4772007162666525,corrected-two-halo,scale_dependent_camb
4,0.28674463,0.32596586,220,239,229.64456521739132,6.932528233986745e-06,6.715837848602957e-06,6.658518776037705e-06,1.4327736602479067e-07,5.065619855333826e-08,0.9687429494594105,0.9604748154351962,-4.277667720281538,corrected-two-halo,scale_dependent_camb
4,0.28674463,0.32596586,240,259,249.633,6.046273422093421e-06,5.937529741856917e-06,5.886884489003865e-06,1.070985222857896e-07,3.7865045681670205e-08,0.9820147597296627,0.9736384840772929,-2.871875057294479,corrected-two-halo,scale_dependent_camb
4,0.28674463,0.32596586,260,279,269.6231481481482,5.373780759109622e-06,5.245592862158615e-06,5.200910645721592e-06,1.206045084331447e-07,4.264013287737338e-08,0.9761456779319285,0.9678308213272414,-3.00627339318232,corrected-two-halo,scale_dependent_camb
4,0.28674463,0.32596586,280,299,289.6146551724138,4.839360437514005e-06,4.706933928514721e-06,4.66700424325997e-06,5.626982555641628e-08,1.9894387613563023e-08,0.9726355350651847,0.9643845097963865,-6.656475764501665,corrected-two-halo,scale_dependent_camb
4,0.28674463,0.32596586,300,319,309.60725806451615,4.355850560257678e-06,4.2328759401600055e-06,4.196917854284771e-06,3.408948253496613e-08,1.2052452133807462e-08,0.9717679432761812,0.9635128194197037,-10.203286329818742,corrected-two-halo,scale_dependent_camb
4,0.28674463,0.32596586,320,339,329.6007575757576,3.971835892224355e-06,3.839586464240973e-06,3.807081393801486e-06,3.394241069472375e-08,1.2000454386028978e-08,0.9667031993335157,0.9585193087293943,-11.020368373496607,corrected-two-halo,scale_dependent_camb
4,0.28674463,0.32596586,340,359,349.595,3.648899554018856e-06,3.530591629241837e-06,3.500410778655885e-06,6.998622028286152e-08,2.4743865475813436e-08,0.9675770946759233,0.9593058747809522,-4.781303264547018,corrected-two-halo,scale_dependent_camb
4,0.28674463,0.32596586,360,379,369.58986486486486,3.362916404820582e-06,3.2140426237574065e-06,3.1867644186056866e-06,4.6604420774568934e-08,1.6477150981484453e-08,0.955730751781468,0.9476192789204068,-9.035165195152159,corrected-two-halo,scale_dependent_camb
4,0.28674463,0.32596586,380,399,389.5852564102564,3.1254381196377316e-06,2.9671154066522286e-06,2.9418619960940926e-06,3.965305853421788e-08,1.401947329216628e-08,0.9493438337522248,0.9412638751699498,-11.293057141737957,corrected-two-halo,scale_dependent_camb
4,0.28674463,0.32596586,400,419,409.5810975609756,2.919890191872756e-06,2.749295567350225e-06,2.725916961372997e-06,3.689831853260633e-08,1.3045525624393597e-08,0.941574986279496,0.9335683132743603,-13.076868608769512,corrected-two-halo,scale_dependent_camb
4,0.28674463,0.32596586,420,439,429.57732558139537,2.7384223647829245e-06,2.5459921717847184e-06,2.52436664891593e-06,2.0898297683488092e-08,7.388664003624773e-09,0.9297295422821088,0.9218324687163578,-26.04397667884244,corrected-two-halo,scale_dependent_camb
4,0.28674463,0.32596586,440,459,449.5738888888889,2.582193565144158e-06,2.368077736162276e-06,2.3479458289895837e-06,2.4154283985433704e-08,8.539829000402899e-09,0.917079868886619,0.9092834327694962,-25.072613160261238,corrected-two-halo,scale_dependent_camb
4,0.28674463,0.32596586,460,479,469.5707446808511,2.444349896902309e-06,2.2233216144729656e-06,2.204434473366081e-06,3.854655308719202e-08,1.362826453966036e-08,0.9095758415317508,0.9018489849426756,-16.218373350922025,corrected-two-halo,scale_dependent_camb
4,0.28674463,0.32596586,480,499,489.5678571428571,2.321458916956285e-06,2.076436819624628e-06,2.0588041040366525e-06,3.399971719704416e-08,1.20207152942274e-08,0.89445339930766,0.8868578672656395,-20.38332090348417,corrected-two-halo,scale_dependent_camb
4,0.28674463,0.32596586,500,519,509.56519607843137,2.2127583534776036e-06,1.9671575537895525e-06,1.9504195477740105e-06,2.2753860378265497e-08,8.044704485821716e-09,0.8890069494926722,0.8814426323184827,-30.529499265126145,corrected-two-halo,scale_dependent_camb
4,0.28674463,0.32596586,520,539,529.5627358490566,2.115101587578137e-06,1.8431448651249913e-06,1.8274932728695316e-06,3.2474836972845946e-08,1.148158872071349e-08,0.8714214371308069,0.8640215125374064,-23.686332011049927,corrected-two-halo,scale_dependent_camb
4,0.28674463,0.32596586,540,559,549.5604545454545,2.0267861715572724e-06,1.7544875144752792e-06,1.7395595964625338e-06,1.8622507679445694e-08,6.584050731417303e-09,0.8656500321033995,0.8582847173887863,-41.35731454538434,corrected-two-halo,scale_dependent_camb
4,0.28674463,0.32596586,560,579,569.5583333333333,1.946887112945659e-06,1.6578873355614996e-06,1.6437976750477843e-06,2.0062954058392133e-08,7.09332543266162e-09,0.8515580202557815,0.8443210004922691,-40.74249519885887,corrected-two-halo,scale_dependent_camb
4,0.28674463,0.32596586,580,599,589.5563559322034,1.8740468096549069e-06,1.583552418748939e-06,1.5700690195322827e-06,1.5959137826187557e-08,5.642407289393979e-09,0.8449908564666747,0.8377960526084193,-51.48412300048057,corrected-two-halo,scale_dependent_camb
4,0.28674463,0.32596586,600,619,609.5545081967213,1.8071640022758967e-06,1.501781224268527e-06,1.4889999579444197e-06,1.914844056912394e-08,6.769996087787565e-09,0.8310154597907117,0.8239429050541128,-45.108265063587176,corrected-two-halo,scale_dependent_camb
4,0.28674463,0.32596586,620,639,629.5527777777778,1.745459826573727e-06,1.4243332221404e-06,1.4122209812473656e-06,1.6000986437204633e-08,5.657203007710685e-09,0.8160217728621766,0.8090824891796582,-56.76420025861474,corrected-two-halo,scale_dependent_camb
4,0.28674463,0.32596586,640,659,649.5511538461539,1.6882871727833086e-06,1.3585722324900239e-06,1.347005132445949e-06,1.781368340748309e-08,6.2980881676707885e-09,0.804704468760657,0.7978530869397519,-52.3515917077456,corrected-two-halo,scale_dependent_camb
4,0.28674463,0.32596586,660,679,669.5496268656716,1.6351028713052636e-06,1.313475828841491e-06,1.3023010909401142e-06,1.8753617312435717e-08,6.630404986700366e-09,0.8032985886649288,0.7964643165848754,-48.50790307815435,corrected-two-halo,scale_dependent_camb
4,0.28674463,0.32596586,680,699,689.5481884057971,1.5854500625530822e-06,1.2629599160094498e-06,1.2522351105105435e-06,1.0387671961038962e-08,3.672596642196006e-09,0.7965939425273856,0.7898294245193974,-87.80984626474023,corrected-two-halo,scale_dependent_camb
4,0.28674463,0.32596586,700,719,709.5468309859154,1.5389432364326743e-06,1.2056366263560645e-06,1.1954079895968051e-06,9.577001268065883e-09,3.385981270040775e-09,0.7834185159101602,0.7767719830705412,-98.43722793912443,corrected-two-halo,scale_dependent_camb
4,0.28674463,0.32596586,720,739,729.5455479452055,1.4952555342219478e-06,1.1704254523950456e-06,1.1604503195897973e-06,2.0206090779606317e-08,7.143931905765299e-09,0.78275948532374,0.7760882959671737,-45.469369824866,corrected-two-halo,scale_dependent_camb
4,0.28674463,0.32596586,740,759,749.5443333333334,1.4541056999577673e-06,1.119288223517996e-06,1.1097460235237577e-06,1.7104746262255173e-08,6.047441036257942e-09,0.7697433711665558,0.7631811246981488,-55.36514939663651,corrected-two-halo,scale_dependent_camb
4,0.28674463,0.32596586,760,779,769.5431818181818,1.4152515117449828e-06,1.0856337671447662e-06,1.076401520964695e-06,9.284055398138064e-09,3.2824092644674987e-09,0.7670959954009848,0.7605725993095805,-100.41945353017705,corrected-two-halo,scale_dependent_camb
4,0.28674463,0.32596586,780,799,789.5420886075949,1.3784856774646326e-06,1.053499552269161e-06,1.0445362744599442e-06,1.5448863107492714e-08,5.461997932465388e-09,0.7642441045936732,0.7577418405834279,-59.49949619420346,corrected-two-halo,scale_dependent_camb
4,0.28674463,0.32596586,800,819,809.5410493827161,1.3436298175785987e-06,1.0203137876639895e-06,1.0116495467960832e-06,1.2302080730535754e-08,4.349442353633094e-09,0.759371200545945,0.7529228166573525,-74.33505346830104,corrected-two-halo,scale_dependent_camb
4,0.28674463,0.32596586,820,839,829.5400602409638,1.3105291910623993e-06,9.915764192703745e-07,9.831457942691568e-07,6.828770357216299e-09,2.4143349133766634e-09,0.7566229169352106,0.7501899240200484,-132.10792339739677,corrected-two-halo,scale_dependent_camb
4,0.28674463,0.32596586,840,859,849.5391176470588,1.2790484316845784e-06,9.595285595414417e-07,9.513514063760134e-07,1.4064758661189977e-08,4.97264311253983e-09,0.7501893874946463,0.7437962338322329,-64.25554074801448,corrected-two-halo,scale_dependent_camb
4,0.28674463,0.32596586,860,879,869.5382183908046,1.2490683907328458e-06,9.379580794956146e-07,9.299626734815155e-07,1.2738559223557944e-08,4.503760804762132e-09,0.7509261193819031,0.7445250239147381,-69.07789394771437,corrected-two-halo,scale_dependent_camb
4,0.28674463,0.32596586,880,899,889.5373595505617,1.220482958178657e-06,9.103192720252223e-07,9.025866516810903e-07,8.56374563512199e-09,3.0277413054757278e-09,0.7458680729009964,0.739532367603094,-102.44061657199636,corrected-two-halo,scale_dependent_camb
4,0.28674463,0.32596586,900,919,909.5365384615385,1.1931973071594465e-06,8.900329889903331e-07,8.824500470255009e-07,1.2012569929089571e-08,4.2470848281684195e-09,0.7459227268197298,0.7395675817659044,-71.38174310962722,corrected-two-halo,scale_dependent_camb
4,0.28674463,0.32596586,920,939,929.535752688172,1.167125998657646e-06,8.666248001207444e-07,8.592522871204269e-07,7.275008911483679e-09,2.5721040672513363e-09,0.7425289138597555,0.7362121040133491,-116.8308865737421,corrected-two-halo,scale_dependent_camb
4,0.28674463,0.32596586,940,959,949.535,1.1421915390457971e-06,8.491200157980693e-07,8.419022310059544e-07,9.75915799398835e-09,3.450383398110033e-09,0.7434129800221039,0.7370937379813647,-84.93882836564175,corrected-two-halo,scale_dependent_camb
4,0.28674463,0.32596586,960,979,969.5342783505155,1.1183230048093452e-06,8.272990817193756e-07,8.202332852242502e-07,1.497629461752167e-08,5.294919740548582e-09,0.7397675610369974,0.733449353806404,-54.96285823962612,corrected-two-halo,scale_dependent_camb
4,0.28674463,0.32596586,980,999,989.5335858585859,1.0954550570174322e-06,8.117895617328151e-07,8.048730858088483e-07,9.15727431504591e-09,3.2375853826771794e-09,0.7410523658935438,0.7347385733927377,-87.616375093111,corrected-two-halo,scale_dependent_camb
4,0.28674463,0.32596586,1000,1019,1009.5329207920792,1.0735272418410199e-06,7.95282197341131e-07,7.88517684038008e-07,6.639319987182252e-09,2.347354092701976e-09,0.7408123113646197,0.7345111081538633,-118.53560797025236,corrected-two-halo,scale_dependent_camb
4,0.28674463,0.32596586,1020,1039,1029.532281553398,1.0524835057677967e-06,7.79358117795337e-07,7.72726280254712e-07,7.473797328365646e-09,2.6423863860506248e-09,0.7404943768945698,0.7341932448537527,-103.36315287359606,corrected-two-halo,scale_dependent_camb
4,0.28674463,0.32596586,1040,1059,1049.5316666666668,1.0322716691434275e-06,7.671175190605346e-07,7.605988293310936e-07,6.026131193436728e-09,2.1305591155994462e-09,0.7431353024510339,0.7368204050027195,-124.45284814746391,corrected-two-halo,scale_dependent_camb
4,0.28674463,0.32596586,1060,1079,1069.5310747663552,1.0128430880058423e-06,7.51966473717157e-07,7.455707377543275e-07,6.712456355511129e-09,2.373211703700329e-09,0.7424313623916634,0.7361167258615156,-109.92555526416992,corrected-two-halo,scale_dependent_camb
4,0.28674463,0.32596586,1080,1099,1089.530504587156,9.941522656797472e-07,7.39507122834591e-07,7.332163340024521e-07,9.328080159057748e-09,3.297974367960711e-09,0.7438570009483972,0.7375292088693463,-77.2125900428435,corrected-two-halo,scale_dependent_camb
4,0.28674463,0.32596586,1100,1119,1109.529954954955,9.761567796862404e-07,7.31156152549854e-07,7.249416043734228e-07,6.189997792995238e-09,2.188494707478348e-09,0.749015084221271,0.7426487419433137,-111.94938068581564,corrected-two-halo,scale_dependent_camb
4,0.28674463,0.32596586,1120,1139,1129.529424778761,9.58816875577061e-07,7.15933958759441e-07,7.098339353106529e-07,8.744833433005634e-09,3.09176551041256e-09,0.746684770570562,0.7403227387747441,-78.55800059856743,corrected-two-halo,scale_dependent_camb
4,0.28674463,0.32596586,1140,1159,1149.5289130434783,9.420953523788608e-07,7.050171975177183e-07,6.990137448277086e-07,9.184095359125573e-09,3.2470680537507966e-09,0.7483501492046399,0.7419777022173466,-73.01299231695671,corrected-two-halo,scale_dependent_camb
4,0.28674463,0.32596586,1160,1179,1169.5284188034188,9.259573209404272e-07,6.943612363089594e-07,6.884458330298547e-07,7.999599849030365e-09,2.8282856500141264e-09,0.7498847091610522,0.7434962902292847,-81.88567679870351,corrected-two-halo,scale_dependent_camb
4,0.28674463,0.32596586,1180,1199,1189.5279411764707,9.103701779924822e-07,6.861846469219081e-07,6.803471446729901e-07,7.1918336821168026e-09,2.542697182895304e-09,0.753742448412644,0.7473302192007968,-88.16839558350388,corrected-two-halo,scale_dependent_camb
4,0.28674463,0.32596586,1200,1219,1209.527479338843,8.9530345357197e-07,6.743768962568626e-07,6.686374892143929e-07,8.408229164335388e-09,2.972757929936025e-09,0.7532383501552662,0.7468277783881504,-74.3170357365296,corrected-two-halo,scale_dependent_camb
4,0.28674463,0.32596586,1220,1239,1229.5270325203253,8.807285946122575e-07,6.700615630895019e-07,6.643560200831631e-07,7.283811958670306e-09,2.5752164144317207e-09,0.7608036882060106,0.7543254802299761,-81.80556412352784,corrected-two-halo,scale_dependent_camb
4,0.28674463,0.32596586,1240,1259,1249.5266,8.666189210855002e-07,6.602990371464468e-07,6.546713879522813e-07,7.797055133162223e-09,2.7566752789721935e-09,0.7619254796783995,0.7554316805502701,-74.84373858352235,corrected-two-halo,scale_dependent_camb
4,0.28674463,0.32596586,1260,1279,1269.5261811023622,8.529495239435689e-07,6.508285970849581e-07,6.452958550405471e-07,4.259938542136194e-09,1.5061157152912189e-09,0.7630329565996884,0.7565463569954931,-134.20013137538317,corrected-two-halo,scale_dependent_camb
4,0.28674463,0.32596586,1280,1299,1289.5257751937984,8.396970230949187e-07,6.420078438934617e-07,6.365523699568141e-07,6.0464828327242875e-09,2.137754506673694e-09,0.7645708228512913,0.7580738676560232,-92.47515492742787,corrected-two-halo,scale_dependent_camb
4,0.28674463,0.32596586,1300,1319,1309.5253816793893,8.268396346415394e-07,6.350112597875615e-07,6.295974834891563e-07,9.16465618685085e-09,3.2401952684827413e-09,0.7679980895725428,0.7614505366111366,-59.20272050264543,corrected-two-halo,scale_dependent_camb
4,0.28674463,0.32596586,1320,1339,1329.525,8.14356938385865e-07,6.277328491339706e-07,6.223987640858962e-07,6.1099237820490254e-09,2.1601842694099113e-09,0.7708325668326698,0.764282508993601,-86.39267116914691,corrected-two-halo,scale_dependent_camb
4,0.28674463,0.32596586,1340,1359,1349.5246296296295,8.022298197173531e-07,6.204856649047684e-07,6.151963549855948e-07,9.384460337589007e-09,3.3179077712426916e-09,0.77345126004339,0.7668579998713396,-54.77673502193647,corrected-two-halo,scale_dependent_camb
4,0.28674463,0.32596586,1360,1379,1369.5242700729927,7.90440432236879e-07,6.134993152840524e-07,6.082678417023238e-07,7.96360781196362e-09,2.81556054327482e-09,0.7761487017407518,0.7695302731174539,-62.84401071589951,corrected-two-halo,scale_dependent_camb
4,0.28674463,0.32596586,1380,1399,1389.5239208633093,7.78972066318957e-07,6.087602059076898e-07,6.035805768151058e-07,5.378524813506015e-09,1.901595684205107e-09,0.7814917019866892,0.7748423889797923,-89.51001615383773,corrected-two-halo,scale_dependent_camb
4,0.28674463,0.32596586,1400,1419,1409.5235815602837,7.678090900788523e-07,6.021522642709985e-07,5.970252891685e-07,5.835640012879851e-09,2.063210312835447e-09,0.7842473761402835,0.7775699674344657,-80.29080931657107,corrected-two-halo,scale_dependent_camb
4,0.28674463,0.32596586,1420,1439,1429.5232517482518,7.56936882105696e-07,5.965231787575642e-07,5.914377114463322e-07,7.337950192517965e-09,2.5943571705692923e-09,0.7880751920795792,0.7813567094273864,-61.831772883041964,corrected-two-halo,scale_dependent_camb
4,0.28674463,0.32596586,1440,1459,1449.5229310344828,7.463417725201235e-07,5.918451235924677e-07,5.868025356657773e-07,7.180489163583372e-09,2.5386862899031614e-09,0.7929947718108058,0.7862383659491007,-60.856928066346136,corrected-two-halo,scale_dependent_camb
4,0.28674463,0.32596586,1460,1479,1469.522619047619,7.36010961086398e-07,5.842170551737398e-07,5.792420076037626e-07,5.9687996852984216e-09,2.1102893665093223e-09,0.7937613514768843,0.7870018766415725,-71.9303751995604,corrected-two-halo,scale_dependent_camb
4,0.28674463,0.32596586,1480,1499,1489.5223154362416,7.259324795164019e-07,5.783783397976746e-07,5.734504000378269e-07,7.095312025452621e-09,2.5085716239160024e-09,0.7967384792907679,0.7899500521313569,-58.819982779039854,corrected-two-halo,scale_dependent_camb
4,0.28674463,0.32596586,1500,1519,1509.5220198675497,7.160951321029963e-07,5.725530074768854e-07,5.676844662990641e-07,5.533686093769997e-09,1.956453480931231e-09,0.7995488054714703,0.7927500702761568,-73.36853445541053,corrected-two-halo,scale_dependent_camb
4,0.28674463,0.32596586,1520,1539,1529.5217320261438,7.064884213122754e-07,5.674401456575082e-07,5.626193159698146e-07,4.776531851488253e-09,1.6887590313704392e-09,0.8031839284832293,0.7963602785234195,-82.33754672620677,corrected-two-halo,scale_dependent_camb
4,0.28674463,0.32596586,1540,1559,1549.5214516129033,6.971025181829006e-07,5.601287247123954e-07,5.553507723646595e-07,8.331889407695204e-09,2.9457677501388228e-09,0.8035098283283393,0.796655811561637,-46.498503985607854,corrected-two-halo,scale_dependent_camb
4,0.28674463,0.32596586,1560,1579,1569.521178343949,6.879282367739098e-07,5.568307038982007e-07,5.520867091488467e-07,7.1462122113008155e-09,2.5265675572044598e-09,0.8094313827115156,0.8025353221985742,-51.88760241216861,corrected-two-halo,scale_dependent_camb
4,0.28674463,0.32596586,1580,1599,1589.5209119496856,6.789569320318182e-07,5.551897810501733e-07,5.504647117346649e-07,4.978047926156051e-09,1.7600057228282866e-09,0.8177098647313837,0.8107505583415536,-70.32201621637572,corrected-two-halo,scale_dependent_camb
4,0.28674463,0.32596586,1600,1619,1609.520652173913,6.701805058358448e-07,5.481596012249478e-07,5.434876172548866e-07,6.701706147144593e-09,2.369410931082756e-09,0.8179282990950127,0.8109570668234408,-51.498413808337055,corrected-two-halo,scale_dependent_camb
4,0.28674463,0.32596586,1620,1639,1629.520398773006,6.615913702026186e-07,5.42749060886547e-07,5.381260091002702e-07,5.838433695747286e-09,2.064198028885471e-09,0.8203690152734685,0.813381240047711,-57.57311442654487,corrected-two-halo,scale_dependent_camb
4,0.28674463,0.32596586,1640,1659,1649.5201515151516,6.531823612286212e-07,5.372993235816082e-07,5.327266787570611e-07,5.774109459097507e-09,2.0414559769206175e-09,0.8225870070510789,0.8155864432024991,-56.76489669976319,corrected-two-halo,scale_dependent_camb
4,0.28674463,0.32596586,1660,1679,1669.5199101796406,6.449467617429484e-07,5.333144995144781e-07,5.287703621207571e-07,6.747320603393296e-09,2.3855380767495534e-09,0.8269124385913844,0.819866682781338,-46.7954225155678,corrected-two-halo,scale_dependent_camb
4,0.28674463,0.32596586,1680,1699,1689.519674556213,6.368782511022943e-07,5.285844391858181e-07,5.240808156001744e-07,6.287171992317206e-09,2.2228509751268162e-09,0.8299615166179033,0.8228901123458169,-48.718431027657175,corrected-two-halo,scale_dependent_camb
4,0.28674463,0.32596586,1700,1719,1709.5194444444444,6.289708476911692e-07,5.25440297839354e-07,5.209673990978002e-07,5.192825834520092e-09,1.8359411805549247e-09,0.8353969023654182,0.8282854459951063,-56.390994955798334,corrected-two-halo,scale_dependent_camb
4,0.28674463,0.32596586,1720,1739,1729.519219653179,6.212189398270098e-07,5.188446851321453e-07,5.144221216752305e-07,7.606249876506809e-09,2.689215433538652e-09,0.8352042281206485,0.8280850577712282,-38.06844681095464,corrected-two-halo,scale_dependent_camb
4,0.28674463,0.32596586,1740,1759,1749.519,6.136172141032163e-07,5.156703940730279e-07,5.112770567932128e-07,5.856325810637118e-09,2.0705238467696554e-09,0.8403779786827935,0.8332182426472982,-47.30533298759198,corrected-two-halo,scale_dependent_camb
4,0.28674463,0.32596586,1760,1779,1769.5187853107345,6.061606523134531e-07,5.10598550918192e-07,5.062450904030129e-07,7.225557832146672e-09,2.554620470483241e-09,0.8423485572173947,0.8351665329494652,-37.40755329388879,corrected-two-halo,scale_dependent_camb
4,0.28674463,0.32596586,1780,1799,1789.5185754189945,5.988445135217764e-07,5.066960363384993e-07,5.02379070877452e-07,5.9215573658591074e-09,2.093586684292062e-09,0.8461228664493289,0.8389140411807137,-44.01464619289778,corrected-two-halo,scale_dependent_camb
4,0.28674463,0.32596586,1800,1819,1809.5183701657459,5.916643172473736e-07,5.036059834834282e-07,4.993110853530542e-07,6.5191518735892744e-09,2.304868248699981e-09,0.851168422368915,0.8439094107889108,-38.2053654535842,corrected-two-halo,scale_dependent_camb
4,0.28674463,0.32596586,1820,1839,1829.518169398907,5.846158189832838e-07,4.985746773475927e-07,4.943271932698092e-07,5.722997836068209e-09,2.023385289299884e-09,0.8528244723426629,0.8455590444499137,-42.523360276807374,corrected-two-halo,scale_dependent_camb
4,0.28674463,0.32596586,1840,1859,1849.517972972973,5.776950037590159e-07,4.938827656360548e-07,4.896751906878434e-07,5.7609998776023654e-09,2.036821039933751e-09,0.8549195724775159,0.8476361877834593,-41.14855280839358,corrected-two-halo,scale_dependent_camb
4,0.28674463,0.32596586,1860,1879,1869.5177807486632,5.708980677052256e-07,4.901659752508337e-07,4.859825102575967e-07,7.4940528476687e-09,2.649547793578447e-09,0.8585875535033748,0.8512596867091275,-30.470140093361433,corrected-two-halo,scale_dependent_camb
4,0.28674463,0.32596586,1880,1899,1889.5175925925926,5.642213979783876e-07,4.85255029822341e-07,4.811220383115651e-07,4.695121913132124e-09,1.6599762716366406e-09,0.8600436487538685,0.8527185250957009,-47.57078128483744,corrected-two-halo,scale_dependent_camb
4,0.28674463,0.32596586,1900,1919,1909.5174083769634,5.576615665264527e-07,4.819752111009859e-07,4.778710032814055e-07,5.4134220368610325e-09,1.913933715844564e-09,0.8642790538768882,0.8569193790024934,-39.54491986785894,corrected-two-halo,scale_dependent_camb
4,0.28674463,0.32596586,1920,1939,1929.5172279792746,5.512153135207407e-07,4.777704908181482e-07,4.7370040981020286e-07,5.234707298972538e-09,1.8507485143150987e-09,0.8667583775322145,0.8593745460091954,-39.68384798610633,corrected-two-halo,scale_dependent_camb
4,0.28674463,0.32596586,1940,1959,1949.5170512820512,5.448795337168519e-07,4.727416858024566e-07,4.687140651758733e-07,6.04701462552329e-09,2.1379425238208744e-09,0.8676077124381737,0.8602159489797278,-33.741715275615746,corrected-two-halo,scale_dependent_camb
4,0.28674463,0.32596586,1960,1979,1969.5168781725888,5.386512600210927e-07,4.7019836633187605e-07,4.661927857007853e-07,6.016187588255329e-09,2.127043520272842e-09,0.8729179735204997,0.8654816581744001,-32.18217823791215,corrected-two-halo,scale_dependent_camb
4,0.28674463,0.32596586,1980,1999,1989.5167085427136,5.325276556419322e-07,4.656751459802767e-07,4.617107808492565e-07,5.653901160995806e-09,1.998955925549314e-09,0.8744619007982439,0.8670174702808441,-33.4437136943299,corrected-two-halo,scale_dependent_camb
4,0.28674463,0.32596586,2000,2019,2009.5165422885573,5.265060055623524e-07,4.609724893835714e-07,4.5704966667310996e-07,4.12190681511536e-09,1.4573141301935578e-09,0.8755313035626522,0.8680806331637998,-44.96869605599512,corrected-two-halo,scale_dependent_camb
4,0.28674463,0.32596586,2020,2039,2029.5163793103447,5.205837047596455e-07,4.588593143746289e-07,4.549537731419901e-07,4.396113468891365e-09,1.5542608223593004e-09,0.8814323425403511,0.8739301076510705,-39.71301952481933,corrected-two-halo,scale_dependent_camb
4,0.28674463,0.32596586,2040,2059,2049.516219512195,5.147582380887112e-07,4.525143608406752e-07,4.486615174113645e-07,4.49896700079642e-09,1.590625037298826e-09,0.8790813383013616,0.8715965752723789,-39.131709729489465,corrected-two-halo,scale_dependent_camb
4,0.28674463,0.32596586,2060,2079,2069.5160628019325,5.090271856406334e-07,4.5134756221584874e-07,4.475076972329438e-07,4.355150111517779e-09,1.5397780884697851e-09,0.8866865561370906,0.8791430199739437,-37.45969880770681,corrected-two-halo,scale_dependent_camb
4,0.28674463,0.32596586,2080,2099,2089.515909090909,5.03388214254102e-07,4.4803973584370614e-07,4.442298063687676e-07,3.4173016263033205e-09,1.2081985766594475e-09,0.8900481242048769,0.8824795531357589,-45.810746246224724,corrected-two-halo,scale_dependent_camb
4,0.28674463,0.32596586,2100,2119,2109.5157582938386,4.978390721366962e-07,4.436330709558602e-07,4.3985534958384116e-07,4.484922282907367e-09,1.5856594796692252e-09,0.8911174228487391,0.8835291848347855,-34.18514622833369,corrected-two-halo,scale_dependent_camb
4,0.28674463,0.32596586,2120,2139,2129.5156103286386,4.923775686475686e-07,4.3840139148012466e-07,4.3467110901677455e-07,3.6570596100576383e-09,1.2929658247375935e-09,0.8903764496914384,0.8828003887559327,-41.74601999120773,corrected-two-halo,scale_dependent_camb
4,0.28674463,0.32596586,2140,2159,2149.515465116279,4.870015878862102e-07,4.35244332394855e-07,4.315392662477615e-07,4.161609714493913e-09,1.471351224885229e-09,0.8937226145072683,0.8861147006128289,-35.17668291294112,corrected-two-halo,scale_dependent_camb
4,0.28674463,0.32596586,2160,2179,2169.5153225806453,4.817090882399473e-07,4.311592960923259e-07,4.2748550509540574e-07,5.037836309928386e-09,1.7811441086290875e-09,0.8950615768277934,0.8874350007747168,-28.380517838350883,corrected-two-halo,scale_dependent_camb
4,0.28674463,0.32596586,2180,2199,2189.5151826484016,4.764980766599777e-07,4.269664366109139e-07,4.2332956563902397e-07,4.934057504373063e-09,1.744452760053283e-09,0.8960507030872888,0.8884182043427343,-28.393798435419317,corrected-two-halo,scale_dependent_camb
4,0.28674463,0.32596586,2200,2219,2209.515045248869,4.713666319913448e-07,4.243036540365285e-07,4.2069022170257883e-07,4.735457371046744e-09,1.6742370095434866e-09,0.9001563225721068,0.892490458913739,-28.110104893481562,corrected-two-halo,scale_dependent_camb
4,0.28674463,0.32596586,2220,2239,2229.5149103139015,4.6631288559939385e-07,4.209739446754603e-07,4.1738868185023445e-07,4.145464778202517e-09,1.4656431279184935e-09,0.9027714173807242,0.8950828826308912,-30.93450244489184,corrected-two-halo,scale_dependent_camb
4,0.28674463,0.32596586,2240,2259,2249.514777777778,4.613350292153622e-07,4.1793926527746023e-07,4.143811563226802e-07,4.67777907988482e-09,1.6538446541395625e-09,0.905934383496286,0.8982217479289595,-26.239322919043605,corrected-two-halo,scale_dependent_camb
4,0.28674463,0.32596586,2260,2279,2269.5146475770925,4.564313120589302e-07,4.1397748734840736e-07,4.104544512999792e-07,3.441228380769088e-09,1.2166579618267124e-09,0.9069874840115228,0.8992688285307321,-34.8938042100032,corrected-two-halo,scale_dependent_camb
4,0.28674463,0.32596586,2280,2299,2289.514519650655,4.5160003268234873e-07,4.098618014013191e-07,4.063715537103814e-07,4.565319051837715e-09,1.6140840299172938e-09,0.9075769967661009,0.8998483709061629,-25.858772224620996,corrected-two-halo,scale_dependent_camb
4,0.28674463,0.32596586,2300,2319,2309.514393939394,4.468395468087152e-07,4.0688736915388016e-07,4.034225199842873e-07,4.445732395297252e-09,1.5718037620276998e-09,0.9105894320675741,0.9028353082566033,-25.418044300450624,corrected-two-halo,scale_dependent_camb
4,0.28674463,0.32596586,2320,2339,2329.514270386266,4.421482615519991e-07,4.0351506624441194e-07,4.0007994424955833e-07,4.051004166329473e-09,1.4322462583132635e-09,0.9126238896157151,0.9048547264332208,-26.973849701716063,corrected-two-halo,scale_dependent_camb
4,0.28674463,0.32596586,2340,2359,2349.5141489361704,4.375246307384923e-07,3.999355073225779e-07,3.9653013590436604e-07,3.816450484042571e-09,1.3493190086645915e-09,0.9140868404312045,0.906303572521318,-27.857847680598535,corrected-two-halo,scale_dependent_camb
4,0.28674463,0.32596586,2360,2379,2369.514029535865,4.3296716199084614e-07,3.9748642313272523e-07,3.9410455884714325e-07,3.6229269201256884e-09,1.2808980964820838e-09,0.9180521250272762,0.9102412225328892,-27.69989193954367,corrected-two-halo,scale_dependent_camb
4,0.28674463,0.32596586,2380,2399,2389.513912133891,4.284743998926545e-07,3.9351653574664607e-07,3.9016824947953204e-07,3.518639974412441e-09,1.2440270932305485e-09,0.9184131790492818,0.910598741902155,-28.100564960549374,corrected-two-halo,scale_dependent_camb
4,0.28674463,0.32596586,2400,2419,2409.5137966804978,4.2404494473382045e-07,3.9040075988190355e-07,3.8708032077016083e-07,3.0025612146481047e-09,1.0615656979026957e-09,0.9206589177167626,0.912828523431961,-31.692984163285164,corrected-two-halo,scale_dependent_camb
4,0.28674463,0.32596586,2420,2439,2429.513683127572,4.1967743426577476e-07,3.871346570230053e-07,3.838391329592636e-07,3.6176568435210697e-09,1.2790348430298345e-09,0.9224576434525172,0.9146051267464256,-25.443229650945767,corrected-two-halo,scale_dependent_camb
4,0.28674463,0.32596586,2440,2459,2449.5135714285716,4.1537054292434794e-07,3.833765997037923e-07,3.801105474888691e-07,4.285138213577124e-09,1.5150251445709963e-09,0.9229749346323224,0.9151119499538011,-21.117763843857023,corrected-two-halo,scale_dependent_camb
4,0.28674463,0.32596586,2460,2479,2469.5134615384613,4.1112299219169795e-07,3.804313189464837e-07,3.771923520516314e-07,4.0051656633462465e-09,1.4160399001638237e-09,0.925346736066507,0.9174683956273469,-21.674299743717302,corrected-two-halo,scale_dependent_camb
4,0.28674463,0.32596586,2480,2499,2489.513353413655,4.069335378974229e-07,3.770175245467782e-07,3.738108314905636e-07,2.9189563240550207e-09,1.0320069053633312e-09,0.9264842767563047,0.9186041372308599,-28.98819106264838,corrected-two-halo,scale_dependent_camb
4,0.28674463,0.32596586,2500,2519,2509.513247011952,4.0280096969780083e-07,3.7326550602845036e-07,3.700858290108258e-07,3.904752193065884e-09,1.3805383772849648e-09,0.9266747950197108,0.9187808790243991,-21.39416343313568,corrected-two-halo,scale_dependent_camb
4,0.28674463,0.32596586,2520,2539,2529.51314229249,3.9872411406466626e-07,3.6991593501256276e-07,3.6676758518617416e-07,3.351161227579066e-09,1.184814414435296e-09,0.927749092578255,0.9198530318301509,-24.314507572761087,corrected-two-halo,scale_dependent_camb
4,0.28674463,0.32596586,2540,2559,2549.513039215686,3.947018303327629e-07,3.6769287150941627e-07,3.6456305632867335e-07,3.6606155485081044e-09,1.2942230388334969e-09,0.9315712349228883,0.9236416664734483,-20.86885954965708,corrected-two-halo,scale_dependent_camb
4,0.28674463,0.32596586,2560,2579,2569.512937743191,3.9073301010204314e-07,3.647784785521389e-07,3.6167531116282343e-07,2.798262705379303e-09,9.893352672575596e-10,0.9335747661987248,0.9256328536674415,-26.234313491977574,corrected-two-halo,scale_dependent_camb
4,0.28674463,0.32596586,2580,2599,2589.5128378378377,3.868165747355062e-07,3.619029105468636e-07,3.588223873045564e-07,3.6033324936470426e-09,1.273970420563828e-09,0.9355930799871286,0.9276292970380305,-19.555920440928652,corrected-two-halo,scale_dependent_camb
4,0.28674463,0.32596586,2600,2619,2609.5127394636015,3.8295147453134205e-07,3.581213811355739e-07,3.5507609927174025e-07,2.6385376791337664e-09,9.328639426658505e-10,0.9351612539783132,0.9272091188740929,-26.617057708127366,corrected-two-halo,scale_dependent_camb
4,0.28674463,0.32596586,2620,2639,2629.5126425855515,3.791366900605333e-07,3.550662969989175e-07,3.520498151267236e-07,1.8769770361781327e-09,6.636115952064926e-10,0.9365126254128222,0.9285564398172991,-36.27180904535873,corrected-two-halo,scale_dependent_camb
4,0.28674463,0.32596586,2640,2659,2649.512547169811,3.7537123039831324e-07,3.5235894582072156e-07,3.493647543373419e-07,2.9120661886426814e-09,1.0295708746266519e-09,0.9386945969376158,0.9307179827463725,-22.351336022336984,corrected-two-halo,scale_dependent_camb
4,0.28674463,0.32596586,2660,2679,2669.5124531835204,3.716541301157482e-07,3.490589226807703e-07,3.460901097684923e-07,2.6163201140442426e-09,9.250088471977225e-10,0.9392036692073331,0.9312155623313154,-24.42701764791672,corrected-two-halo,scale_dependent_camb
4,0.28674463,0.32596586,2680,2699,2689.5123605947956,3.679844499948899e-07,3.465245982933784e-07,3.4357317647005816e-07,4.308223501058582e-09,1.5231870262328859e-09,0.9416827213709451,0.9336622144626744,-14.088783144762957,corrected-two-halo,scale_dependent_camb
4,0.28674463,0.32596586,2700,2719,2709.512269372694,3.6436127634268564e-07,3.4331186176205103e-07,3.403920480032479e-07,2.2247617305947616e-09,7.865720531139374e-10,0.9422292764151001,0.9342157635958701,-26.760948977659062,corrected-two-halo,scale_dependent_camb
4,0.28674463,0.32596586,2720,2739,2729.5121794871793,3.6078372113268017e-07,3.401058686561823e-07,3.372139171711004e-07,2.2951512603086667e-09,8.114585100065546e-10,0.9426862930190426,0.9346705447585539,-25.482328697656854,corrected-two-halo,scale_dependent_camb
4,0.28674463,0.32596586,2740,2759,2749.512090909091,3.5725091990106126e-07,3.3864552395739773e-07,3.3576312474079383e-07,3.6264733879849452e-09,1.282151962218354e-09,0.9479206493049306,0.9398523727630475,-14.511069274092003,corrected-two-halo,scale_dependent_camb
4,0.28674463,0.32596586,2760,2779,2769.5120036101084,3.5376203113132115e-07,3.343219704279534e-07,3.3147939619933696e-07,2.4159189487013804e-09,8.541563357119104e-10,0.9450476337406843,0.9370123614998338,-22.759370727098965,corrected-two-halo,scale_dependent_camb
4,0.28674463,0.32596586,2780,2799,2789.511917562724,3.503162365878463e-07,3.3148833185114163e-07,3.286676295474844e-07,2.8748795229109737e-09,1.016423402872348e-09,0.946254547262518,0.9382026729585136,-18.52368283089331,corrected-two-halo,scale_dependent_camb
4,0.28674463,0.32596586,2800,2819,2809.5118327402133,3.4691274136089736e-07,3.280966620985152e-07,3.2530354070172546e-07,3.1593894049413636e-09,1.1170128363214847e-09,0.9457613485495837,0.9377099827051564,-16.84499824043806,corrected-two-halo,scale_dependent_camb
4,0.28674463,0.32596586,2820,2839,2829.511749116608,3.4355077177370247e-07,3.252621631499123e-07,3.2249754854795184e-07,1.969936213922427e-09,6.964776276847507e-10,0.9467659218770816,0.9387187427434498,-26.258716571536773,corrected-two-halo,scale_dependent_camb
4,0.28674463,0.32596586,2840,2859,2849.5116666666668,3.4022957536774144e-07,3.2282077406373153e-07,3.200704840303405e-07,3.3840834931307225e-09,1.1964541930470966e-09,0.9488321928356952,0.9407485627444007,-14.550328299384073,corrected-two-halo,scale_dependent_camb
4,0.28674463,0.32596586,2860,2879,2869.5115853658535,3.3694842110905544e-07,3.207981309580398e-07,3.1806956374419403e-07,2.4929818890449473e-09,8.814021995594657e-10,0.9520689543584818,0.9439710763364844,-18.323405772174983,corrected-two-halo,scale_dependent_camb
4,0.28674463,0.32596586,2880,2899,2889.5115051903113,3.3370659958623223e-07,3.17401307961432e-07,3.1470390943351265e-07,1.866875490664167e-09,6.600401595397978e-10,0.9511388397921485,0.9430556957031078,-24.70348415794704,corrected-two-halo,scale_dependent_camb
4,0.28674463,0.32596586,2900,2919,2909.5114261168383,3.3050342136170845e-07,3.146040975252709e-07,3.1192719710630275e-07,2.9360764141576132e-09,1.0380597712663652e-09,0.9518936180117874,0.9437941544481757,-15.316385700065604,corrected-two-halo,scale_dependent_camb
4,0.28674463,0.32596586,2920,2939,2929.511348122867,3.273382169208895e-07,3.118365387493485e-07,3.091806339690433e-07,3.114920975356579e-09,1.101290872267426e-09,0.9526432375744033,0.9445295965663719,-14.075916328648859,corrected-two-halo,scale_dependent_camb
4,0.28674463,0.32596586,2940,2959,2949.511271186441,3.2421033684974103e-07,3.102948419712293e-07,3.07652761223628e-07,2.862073370526553e-09,1.011895744276382e-09,0.9570788056490591,0.9489295258534992,-13.751905724697812,corrected-two-halo,scale_dependent_camb
4,0.28674463,0.32596586,2960,2979,2969.5111952861953,3.211191519915289e-07,3.0711607898294174e-07,3.0450454968065603e-07,2.363146852073695e-09,8.354985820204764e-10,0.9563929061168032,0.9482603195485795,-16.76013976555612,corrected-two-halo,scale_dependent_camb
4,0.28674463,0.32596586,2980,2999,2989.511120401338,3.180640522096224e-07,3.0526536110986154e-07,3.0266904679851186e-07,2.171665471072651e-09,7.677996905320749e-10,0.9597606488037642,0.9515977825719067,-16.669310052588774,corrected-two-halo,scale_dependent_camb
4,0.28674463,0.32596586,3000,3019,3009.5110465116277,3.150444462797224e-07,3.0191723318188006e-07,2.993489354934493e-07,2.53329764659949e-09,8.956559723372105e-10,0.9583321869251842,0.9501800111964605,-14.656534990312093,corrected-two-halo,scale_dependent_camb
4,0.28674463,0.32596586,3020,3039,3029.5109735973597,3.1205976162434273e-07,2.9898996617664405e-07,2.9644505510329206e-07,2.6922953140204492e-09,9.518701367503125e-10,0.9581176522738228,0.9499624480907999,-13.73064974211608,corrected-two-halo,scale_dependent_camb
4,0.28674463,0.32596586,3040,3059,3049.5109016393444,3.091094450329813e-07,2.969143159227826e-07,2.9438970124982914e-07,2.2700480481313215e-09,8.025831842264717e-10,0.960547536459465,0.9523801552502494,-15.194847524686605,corrected-two-halo,scale_dependent_camb
4,0.28674463,0.32596586,3060,3079,3069.5108306188927,3.0619296140695524e-07,2.946513480474854e-07,2.9214467705644923e-07,2.5752667233503543e-09,9.104942817225481e-10,0.962306078799342,0.9541195059286987,-12.676206310307064,corrected-two-halo,scale_dependent_camb
4,0.28674463,0.32596586,3080,3099,3089.5107605177996,3.0330979337290935e-07,2.907453799995499e-07,2.882745879911765e-07,1.6682832467289382e-09,5.898271983509711e-10,0.9585756423040653,0.9504295419724625,-21.301854862723882,corrected-two-halo,scale_dependent_camb
4,0.28674463,0.32596586,3100,3119,3109.510691318328,3.0045944012483965e-07,2.8919818825733773e-07,2.867360594388508e-07,2.926607133032301e-09,1.0347118748180302e-09,0.9625198933246267,0.9543253469410486,-10.883466346109518,corrected-two-halo,scale_dependent_camb
4,0.28674463,0.32596586,3120,3139,3129.5106230031947,2.9764141835109036e-07,2.8722182499971937e-07,2.847777026308756e-07,2.3868219482515305e-09,8.438689925467719e-10,0.9649927976788489,0.9567811637524148,-12.347406343163481,corrected-two-halo,scale_dependent_camb
4,0.28674463,0.32596586,3140,3159,3149.5105555555556,2.9485526133812004e-07,2.844407248627339e-07,2.820205337683774e-07,2.1928063237717216e-09,7.752741106838642e-10,0.9646791567221064,0.9564710919130434,-13.43336031974487,corrected-two-halo,scale_dependent_camb
4,0.28674463,0.32596586,3160,3179,3169.5104889589907,2.9210051776740147e-07,2.8173820977390224e-07,2.7934128090318376e-07,2.082446040437814e-09,7.362558583243267e-10,0.9645248557835467,0.9563190200355008,-14.074330107312443,corrected-two-halo,scale_dependent_camb
4,0.28674463,0.32596586,3180,3199,3189.510423197492,2.89376753562181e-07,2.790933349123299e-07,2.7671917159752813e-07,2.0859619849295376e-09,7.374989324205134e-10,0.9644635634228946,0.956259161080356,-13.943638692601692,corrected-two-halo,scale_dependent_camb
4,0.28674463,0.32596586,3200,3219,3209.5103582554516,2.866835475660814e-07,2.77463409880633e-07,2.751020091738571e-07,2.455939939739991e-09,8.683058927885142e-10,0.9678386228867106,0.9596016636094029,-10.618536349947417,corrected-two-halo,scale_dependent_camb
4,0.28674463,0.32596586,3220,3239,3229.510294117647,2.8402049230452995e-07,2.752022876750597e-07,2.7286016657778943e-07,2.5653154854880635e-09,9.06975987835735e-10,0.9689522239824326,0.9607059137311321,-9.722643981471471,corrected-two-halo,scale_dependent_camb
4,0.28674463,0.32596586,3240,3259,3249.510230769231,2.813871940362599e-07,2.7255635235020244e-07,2.702376323613159e-07,2.1480890180640516e-09,7.594641556327215e-10,0.9686167605590484,0.9603764424563427,-11.627726760455644,corrected-two-halo,scale_dependent_camb
4,0.28674463,0.32596586,3260,3279,3269.5101681957185,2.787832742550126e-07,2.695463624468051e-07,2.672548322152585e-07,1.9561096127679816e-09,6.915891859662156e-10,0.9668670517164591,0.9586472966480456,-13.356067439519997,corrected-two-halo,scale_dependent_camb
4,0.28674463,0.32596586,3280,3299,3289.510106382979,2.762083639526564e-07,2.679981837645617e-07,2.657187185642942e-07,2.0757836456781562e-09,7.33900346067579e-10,0.970275410669671,0.9620227090945,-11.18705043823311,corrected-two-halo,scale_dependent_camb
4,0.28674463,0.32596586,3300,3319,3309.5100453172204,2.7366210464430576e-07,2.656925215260963e-07,2.6343107611692645e-07,2.3050549025636465e-09,8.149599763050254e-10,0.9708780171497696,0.9626143760727224,-9.779109833519676,corrected-two-halo,scale_dependent_camb
4,0.28674463,0.32596586,3320,3339,3329.509984984985,2.711441502163515e-07,2.642957348963216e-07,2.620465195213204e-07,2.4012143084360664e-09,8.489574602886543e-10,0.9747425297039771,0.9664472543930162,-8.06685333526762,corrected-two-halo,scale_dependent_camb
4,0.28674463,0.32596586,3340,3359,3349.509925373134,2.6865416610187057e-07,2.614806456014754e-07,2.592580028925202e-07,1.6533697704563891e-09,5.845544882492791e-10,0.9732983091069018,0.9650250604869182,-12.271773880104204,corrected-two-halo,scale_dependent_camb
4,0.28674463,0.32596586,3360,3379,3369.5098664688426,2.661918223404711e-07,2.5909310428964944e-07,2.5689054083800217e-07,1.5456776298010155e-09,5.46479566780324e-10,0.9733323210743037,0.9650579742807719,-12.989905720802993,corrected-two-halo,scale_dependent_camb
4,0.28674463,0.32596586,3380,3399,3389.509808259587,2.637568006561208e-07,2.576044704424805e-07,2.554155990920018e-07,1.2652550466452438e-09,4.4733521170667667e-10,0.9766742309645257,0.9683754066497265,-13.753288479500405,corrected-two-halo,scale_dependent_camb
4,0.28674463,0.32596586,3400,3419,3409.509750733138,2.6134879360370877e-07,2.546704282542191e-07,2.5250210515499594e-07,2.4343826107165595e-09,8.606842260201453e-10,0.9744465422724841,0.9661498783800497,-7.759367660739894,corrected-two-halo,scale_dependent_camb
4,0.28674463,0.32596586,3420,3439,3429.509693877551,2.589674952432347e-07,2.529781535227199e-07,2.5082694724167144e-07,1.9601251333043044e-09,6.930088868668295e-10,0.9768722259336474,0.9685653676577547,-8.642517915741672,corrected-two-halo,scale_dependent_camb
4,0.28674463,0.32596586,3440,3459,3449.5096376811593,2.5661261125139855e-07,2.5085995415852735e-07,2.4872800020765434e-07,1.8098702722220876e-09,6.398857712780904e-10,0.977582329002391,0.9692742651840295,-8.990131287621837,corrected-two-halo,scale_dependent_camb
4,0.28674463,0.32596586,3460,3479,3469.509582132565,2.5428385685641626e-07,2.479567559654541e-07,2.4584822708636557e-07,1.6864985742817412e-09,5.962672891680317e-10,0.9751179608128455,0.9668259327417157,-10.611182276643584,corrected-two-halo,scale_dependent_camb
4,0.28674463,0.32596586,3480,3499,3489.5095272206304,2.519809469518202e-07,2.47170876426282e-07,2.450696861747361e-07,1.4848019708516037e-09,5.249567711541597e-10,0.9809109752791829,0.9725722882595343,-9.162793566721442,corrected-two-halo,scale_dependent_camb
4,0.28674463,0.32596586,3500,3519,3509.509472934473,2.4970361003559543e-07,2.44770720781106e-07,2.4268880390643734e-07,1.945391532956385e-09,6.877997725081763e-10,0.9802450222734616,0.9719074701076282,-7.171984422880566,corrected-two-halo,scale_dependent_camb
4,0.28674463,0.32596586,3520,3539,3529.509419263456,2.474515790557468e-07,2.4328273315631443e-07,2.412143578116285e-07,1.5917302060177912e-09,5.627616112473202e-10,0.9831528822109751,0.974794174812224,-7.407836313128093,corrected-two-halo,scale_dependent_camb
4,0.28674463,0.32596586,3540,3559,3549.509366197183,2.4522459066584174e-07,2.412975429199635e-07,2.3924581343074996e-07,1.8125714743163542e-09,6.40840790437196e-10,0.9839859137486359,0.9756191774289111,-6.127961584965794,corrected-two-halo,scale_dependent_camb
4,0.28674463,0.32596586,3560,3579,3569.5093137254903,2.430223949560046e-07,2.3920522641270593e-07,2.3716909175400452e-07,2.2053947607247695e-09,7.797247952508839e-10,0.9842929350441563,0.9759145522244577,-4.895533099047418,corrected-two-halo,scale_dependent_camb
4,0.28674463,0.32596586,3580,3599,3589.50926183844,2.408447393948264e-07,2.3691115618251652e-07,2.3489659861281887e-07,1.5189414050647187e-09,5.370268838731425e-10,0.9836675560271988,0.9753030072529152,-7.324741703692998,corrected-two-halo,scale_dependent_camb
4,0.28674463,0.32596586,3600,3619,3609.5092105263157,2.3869138647390395e-07,2.3542441660801788e-07,2.3342274257816121e-07,1.4347956391653138e-09,5.072768630353401e-10,0.9863129964002985,0.9779269626207532,-6.440210669845727,corrected-two-halo,scale_dependent_camb
4,0.28674463,0.32596586,3620,3639,3629.5091597796145,2.365620996302e-07,2.3369129686554248e-07,2.317033484225082e-07,1.9344440988120105e-09,6.839292700481362e-10,0.9878644856080275,0.9794609905167095,-4.1975141149543935,corrected-two-halo,scale_dependent_camb
4,0.28674463,0.32596586,3640,3659,3649.509109589041,2.344566494548955e-07,2.3162815706414266e-07,2.2965700474638975e-07,1.928895573632144e-09,6.819675701580023e-10,0.9879359685582432,0.9795286475360594,-4.14754676691959,corrected-two-halo,scale_dependent_camb
4,0.28674463,0.32596586,3660,3679,3669.5090599455043,2.323748155440139e-07,2.2967511231833616e-07,2.277241687432212e-07,1.250568124918756e-09,4.4214260073289886e-10,0.9883821178325308,0.9799864422058602,-6.105955909253467,corrected-two-halo,scale_dependent_camb
4,0.28674463,0.32596586,3680,3699,3689.509010840108,2.3031637803351146e-07,2.284114897655454e-07,2.2646877623977014e-07,1.5432201644300171e-09,5.456107215661419e-10,0.9917292539756383,0.9832942762186826,-3.491295520180008,corrected-two-halo,scale_dependent_camb
4,0.28674463,0.32596586,3700,3719,3709.508962264151,2.282811301368583e-07,2.2591922726526592e-07,2.239983022518016e-07,1.6241513778187822e-09,5.742242264645676e-10,0.9896535343496137,0.9812388002350914,-4.1132065885383025,corrected-two-halo,scale_dependent_camb
4,0.28674463,0.32596586,3720,3739,3729.508914209115,2.2626886205821676e-07,2.2439877091797475e-07,2.22487611159194e-07,2.4171109301785494e-09,8.545777648046879e-10,0.9917350928305776,0.9832886820368157,-2.188321785635766,corrected-two-halo,scale_dependent_camb
4,0.28674463,0.32596586,3740,3759,3749.5088666666666,2.2427937805431965e-07,2.2217096047770027e-07,2.2028162830748666e-07,1.6978247611500523e-09,6.002717009378162e-10,0.9905991464979508,0.9821751345062819,-3.512438739533053,corrected-two-halo,scale_dependent_camb
4,0.28674463,0.32596586,3760,3779,3769.5088196286474,2.2231247888288838e-07,2.204112357482937e-07,2.1853627716350178e-07,1.7007040978204126e-09,6.012897001802815e-10,0.9914478793806432,0.9830139912146998,-3.1619419624594487,corrected-two-halo,scale_dependent_camb
4,0.28674463,0.32596586,3780,3799,3789.5087730870714,2.2036797857360873e-07,2.19380894827552e-07,2.175156732514265e-07,1.481239362444039e-09,5.23697198872309e-10,0.9955207478307606,0.9870566252835618,-1.8848367877129208,corrected-two-halo,scale_dependent_camb
4,0.28674463,0.32596586,3800,3819,3809.5087270341205,2.1844568652062422e-07,2.1706306777207037e-07,2.1521781349910919e-07,1.37683998351372e-09,4.867864444756628e-10,0.9936706520940009,0.9852234526901026,-2.840298377747811,corrected-two-halo,scale_dependent_camb
4,0.28674463,0.32596586,3820,3839,3829.508681462141,2.1654542465008449e-07,2.1589877058115696e-07,2.1406284448163947e-07,1.764855176004357e-09,6.239705313824294e-10,0.9970137717295461,0.9885355224084895,-1.036353539797529,corrected-two-halo,scale_dependent_camb
4,0.28674463,0.32596586,3840,3859,3849.5086363636365,2.146670106175987e-07,2.142870862635742e-07,2.1246511831877796e-07,1.4810623660357632e-09,5.236346211920403e-10,0.9982301688884032,0.9897427541731453,-0.7255523959810428,corrected-two-halo,scale_dependent_camb
4,0.28674463,0.32596586,3860,3879,3869.5085917312663,2.128102723581268e-07,2.125128002832875e-07,2.1070638320311598e-07,1.5696599011918416e-09,5.549585801446786e-10,0.9986021723879067,0.9901137800741578,-0.5360257242292528,corrected-two-halo,scale_dependent_camb
4,0.28674463,0.32596586,3880,3899,3889.5085475578408,2.10975033974207e-07,2.1070367320665048e-07,2.0891209457037595e-07,1.3283525310495063e-09,4.696435412557099e-10,0.9987137778226891,0.9902218790300882,-0.5778015531332156,corrected-two-halo,scale_dependent_camb
4,0.28674463,0.32596586,3900,3919,3909.5085038363172,2.0916112699024796e-07,2.0971012944426903e-07,2.079254743369222e-07,1.7696554389317901e-09,6.256676806161625e-10,1.0026247824436645,0.9940923408134851,0.8774665385950585,corrected-two-halo,scale_dependent_camb
4,0.28674463,0.32596586,3920,3939,3929.5084605597963,2.0736838184578655e-07,2.0753662188795098e-07,2.0577061030048132e-07,1.9814735131389075e-09,7.005566789410265e-10,1.0008113100013942,0.9922950088577465,0.24015193519922393,corrected-two-halo,scale_dependent_camb
4,0.28674463,0.32596586,3940,3959,3949.508417721519,2.0559663120481206e-07,2.0615842766300127e-07,2.0440468718506263e-07,1.7296157927143224e-09,6.115115279378217e-10,1.0027325178184927,0.9942025119148862,0.9187013368067494,corrected-two-halo,scale_dependent_camb
4,0.28674463,0.32596586,3960,3979,3969.5083753148615,2.0384571039548928e-07,2.048988717841597e-07,2.0315772857151403e-07,1.3273406179689068e-09,4.692857759550783e-10,1.0051664633345834,0.9966249874837176,2.2441792243266896,corrected-two-halo,scale_dependent_camb
4,0.28674463,0.32596586,3980,3999,3989.508333333333,2.0211545156413006e-07,2.0354586004212534e-07,2.018161375005151e-07,1.1238689007090016e-09,3.973476604280028e-10,1.0070771851777074,0.9985190936106141,3.5998915319005977,corrected-two-halo,scale_dependent_camb
4,0.28674463,0.32596586,4000,4019,4009.5082917705736,2.0040569294424792e-07,2.016357945523497e-07,1.9992077815785449e-07,1.38798367257408e-09,4.907263335266703e-10,1.0061380572080054,0.997580334274594,2.5066957366267384,corrected-two-halo,scale_dependent_camb
4,0.28674463,0.32596586,4020,4039,4029.5082506203476,1.987162671975113e-07,2.0019037654533507e-07,1.9848811720964785e-07,1.3287673046172876e-09,4.697901858569275e-10,1.0074181614248954,0.9988518806684473,3.13780362426024,corrected-two-halo,scale_dependent_camb
4,0.28674463,0.32596586,4040,4059,4049.5082098765433,1.9704701096970993e-07,1.9914839295972872e-07,1.9745487630141738e-07,1.2508539516975995e-09,4.4224365575968134e-10,1.0106643687700587,1.0020698884479406,4.751638520193249,corrected-two-halo,scale_dependent_camb
4,0.28674463,0.32596586,4060,4079,4069.5081695331696,1.9539775888464516e-07,1.976086056801233e-07,1.9592735477970187e-07,1.6543487403145166e-09,5.849006063619086e-10,1.0113145964830812,1.00271034784677,3.7798675047195585,corrected-two-halo,scale_dependent_camb
4,0.28674463,0.32596586,4080,4096,4088.005870123517,1.9388982137782205e-07,1.96375473945464e-07,1.9470593678332961e-07,1.2535756529647168e-09,4.432059224708527e-10,1.0128199229334391,1.0042091709596104,5.608346914194101,corrected-two-halo,scale_dependent_camb
5,0.2483836,0.28674463,20,39,30.608333333333334,7.180568501549314e-05,7.106401234770108e-05,7.186653641417831e-05,2.5249913574609924e-06,8.927192556490467e-07,0.9896711149314705,1.0008474454170593,-0.8308016916839426,corrected-two-halo,scale_dependent_camb
5,0.2483836,0.28674463,40,59,50.165,5.358256851715584e-05,5.089656596212311e-05,5.147199741464078e-05,1.7775683002168507e-06,6.284652995527899e-07,0.949871709599499,0.9606108635527745,-4.273907496474453,corrected-two-halo,scale_dependent_camb
5,0.2483836,0.28674463,60,79,69.975,3.837615977290473e-05,3.722037003559385e-05,3.7640487302866006e-05,7.292904537304506e-07,2.578431126437078e-07,0.9698826108669966,0.9808299612469786,-4.482530967999812,corrected-two-halo,scale_dependent_camb
5,0.2483836,0.28674463,80,99,89.86944444444444,2.8813783418113825e-05,2.7778981196013904e-05,2.8092837172182636e-05,8.794703352782913e-07,3.109397189638431e-07,0.9640865551363383,0.9749791190046231,-3.3279833967440173,corrected-two-halo,scale_dependent_camb
5,0.2483836,0.28674463,100,119,109.80227272727272,2.270369907115819e-05,2.1419761922504397e-05,2.1661898761234986e-05,5.28902394198798e-07,1.8699523476188527e-07,0.9434481075251366,0.9541131906894122,-6.8661490240043985,corrected-two-halo,scale_dependent_camb
5,0.2483836,0.28674463,120,139,129.75576923076923,1.7613144772740388e-05,1.6997149409635732e-05,1.718908242875558e-05,4.774854241267524e-07,1.6881659065888066e-07,0.9650263839278705,0.9759235304395429,-3.648902994074601,corrected-two-halo,scale_dependent_camb
5,0.2483836,0.28674463,140,159,149.72166666666666,1.4684143394982671e-05,1.4008225633731436e-05,1.4166388173857972e-05,2.3771956641530491e-07,8.404655871649397e-08,0.9539695477584218,0.9647405226714412,-8.042182470923555,corrected-two-halo,scale_dependent_camb
5,0.2483836,0.28674463,160,179,169.6955882352941,1.2036533958811334e-05,1.1626026049564766e-05,1.1757666489720584e-05,1.9756769923777036e-07,6.985072993722585e-08,0.9658948406035064,0.9768315804163369,-5.8769308440368135,corrected-two-halo,scale_dependent_camb
5,0.2483836,0.28674463,180,199,189.675,1.0200820101264729e-05,9.700823667188391e-06,9.81051009388836e-06,1.1770260574125484e-07,4.161415534148398e-08,0.9509846826909194,0.9617373893959784,-12.015056654962441,corrected-two-halo,scale_dependent_camb
5,0.2483836,0.28674463,200,219,209.65833333333333,8.807619242901738e-06,8.492394143891996e-06,8.588440899206436e-06,1.787389705608357e-07,6.31937690729348e-08,0.9642099538687723,0.975114916114029,-4.988230701130147,corrected-two-halo,scale_dependent_camb
5,0.2483836,0.28674463,220,239,229.64456521739132,7.605646132851488e-06,7.3076569119017915e-06,7.390346186433461e-06,8.257070154135607e-08,2.9193151493611693e-08,0.9608199992815107,0.9716920899740431,-10.20750435302969,corrected-two-halo,scale_dependent_camb
5,0.2483836,0.28674463,240,259,249.633,6.7452634384687296e-06,6.427417838885803e-06,6.500086203885512e-06,8.199940596743765e-08,2.8991168006421905e-08,0.95287869740265,0.9636519408293301,-10.963532049226858,corrected-two-halo,scale_dependent_camb
5,0.2483836,0.28674463,260,279,269.6231481481482,5.993507914579757e-06,5.724011205065792e-06,5.788837568936592e-06,6.408602417701259e-08,2.2657831137425318e-08,0.9550352292255443,0.9658513263751124,-11.894197104718492,corrected-two-halo,scale_dependent_camb
5,0.2483836,0.28674463,280,299,289.6146551724138,5.394754961569028e-06,5.118098364070774e-06,5.175943545091789e-06,7.294164226332858e-08,2.5788764937641456e-08,0.9487174858785817,0.9594399712246432,-10.727795540702488,corrected-two-halo,scale_dependent_camb
5,0.2483836,0.28674463,300,319,309.60725806451615,4.908733300971054e-06,4.619144932110959e-06,4.671319913775439e-06,6.878341212786302e-08,2.4318608574380478e-08,0.9410054791930114,0.9516344904807419,-11.90809778340586,corrected-two-halo,scale_dependent_camb
5,0.2483836,0.28674463,320,339,329.6007575757576,4.488813097177381e-06,4.189769956847049e-06,4.2371402989528984e-06,3.869985073693973e-08,1.3682463443498644e-08,0.9333803538137122,0.9439333309772382,-21.855942942235693,corrected-two-halo,scale_dependent_camb
5,0.2483836,0.28674463,340,359,349.595,4.147013652448864e-06,3.823662374525156e-06,3.866976440119301e-06,6.032152572044542e-08,2.132687994422285e-08,0.9220279205657388,0.9324725607873999,-15.161677599788792,corrected-two-halo,scale_dependent_camb
5,0.2483836,0.28674463,360,379,369.58986486486486,3.852061232761933e-06,3.5155012842806725e-06,3.5552748528510084e-06,3.788134351866971e-08,1.339307744125421e-08,0.9126286089071469,0.9229538779428673,-25.129396134496115,corrected-two-halo,scale_dependent_camb
5,0.2483836,0.28674463,380,399,389.5852564102564,3.5997756114397744e-06,3.23839946973561e-06,3.2750445574687207e-06,2.870945841208406e-08,1.0150326363688903e-08,0.8996114811835098,0.9097913067305955,-35.60241599688137,corrected-two-halo,scale_dependent_camb
5,0.2483836,0.28674463,400,419,409.5810975609756,3.3838167498415583e-06,3.0018237247369655e-06,3.035765728215624e-06,3.1100270831695266e-08,1.0995606200914954e-08,0.8871117872672983,0.8971424733203324,-34.740515268071974,corrected-two-halo,scale_dependent_camb
5,0.2483836,0.28674463,420,439,429.57732558139537,3.1938775849037634e-06,2.78750164576441e-06,2.8190289667431425e-06,2.981786398712129e-08,1.0542206912895804e-08,0.8727640843029999,0.8826352581788398,-38.54752069438632,corrected-two-halo,scale_dependent_camb
5,0.2483836,0.28674463,440,459,449.5738888888889,3.0280847445889297e-06,2.603584179850203e-06,2.632994095821556e-06,3.168310102364736e-08,1.1201667791419746e-08,0.8598121913538606,0.8695245734210757,-37.89619301724748,corrected-two-halo,scale_dependent_camb
5,0.2483836,0.28674463,460,479,469.5707446808511,2.8810524317931042e-06,2.4347454639220737e-06,2.46223215185728e-06,3.959894770956903e-08,1.4000342226643882e-08,0.8450889116262078,0.8546294141286559,-31.878289876490953,corrected-two-halo,scale_dependent_camb
5,0.2483836,0.28674463,480,499,489.5678571428571,2.749544359299462e-06,2.2859514428101676e-06,2.311805947595082e-06,3.227449143399897e-08,1.1410755876163906e-08,0.8313928215337432,0.8407960176296597,-40.62771314367529,corrected-two-halo,scale_dependent_camb
5,0.2483836,0.28674463,500,519,509.56519607843137,2.631621412757067e-06,2.1590113474918807e-06,2.183442992886149e-06,2.5535047145710325e-08,9.028002497324983e-09,0.8204110731983869,0.8296949486357251,-52.349350302597045,corrected-two-halo,scale_dependent_camb
5,0.2483836,0.28674463,520,539,529.5627358490566,2.5247715556825927e-06,2.0423280520894548e-06,2.065411541375957e-06,1.8425995195916475e-08,6.514573076571643e-09,0.8089159779595563,0.8180587810914068,-74.056042955163,corrected-two-halo,scale_dependent_camb
5,0.2483836,0.28674463,540,559,549.5604545454545,2.4272369232093315e-06,1.9269168315826806e-06,1.948703608105026e-06,2.423394940791994e-08,8.567994980635954e-09,0.793872577150351,0.8028485350859029,-58.39406917924162,corrected-two-halo,scale_dependent_camb
5,0.2483836,0.28674463,560,579,569.5583333333333,2.3377074258331414e-06,1.8420779951239684e-06,1.862929792285157e-06,1.535702309274609e-08,5.429527583859583e-09,0.7879848328186174,0.7969045962290268,-91.2840800703428,corrected-two-halo,scale_dependent_camb
5,0.2483836,0.28674463,580,599,589.5563559322034,2.2551139301441e-06,1.75936878818342e-06,1.7792453052936546e-06,2.020982578867207e-08,7.145252430884393e-09,0.7801684716084379,0.7889824463014878,-69.38105360951116,corrected-two-halo,scale_dependent_camb
5,0.2483836,0.28674463,600,619,609.5545081967213,2.178579901309477e-06,1.6755843817708202e-06,1.6945151762699035e-06,2.2196978261464307e-08,7.847816925265896e-09,0.7691177086338115,0.7778072198551831,-64.09368673207354,corrected-two-halo,scale_dependent_camb
5,0.2483836,0.28674463,620,639,629.5527777777778,2.107383866801037e-06,1.6010177777096709e-06,1.6191276987617617e-06,1.631022607918645e-08,5.766535731639207e-09,0.7597181524123467,0.7683117083075911,-87.81114219289255,corrected-two-halo,scale_dependent_camb
5,0.2483836,0.28674463,640,659,649.5511538461539,2.040926425932905e-06,1.53508792926485e-06,1.5524586010059233e-06,1.4465959170559779e-08,5.114488912935272e-09,0.7521525076844272,0.7606636776709363,-98.90303904828446,corrected-two-halo,scale_dependent_camb
5,0.2483836,0.28674463,660,679,669.5496268656716,1.9787006246085664e-06,1.47754167761132e-06,1.4942868171833578e-06,1.6321198149449396e-08,5.770414944282499e-09,0.7467232077634849,0.7551859026066478,-86.84972429821704,corrected-two-halo,scale_dependent_camb
5,0.2483836,0.28674463,680,699,689.5481884057971,1.920278609112582e-06,1.4204534076950698e-06,1.4365268765268668e-06,1.3783565953639283e-08,4.873226477375179e-09,0.7397121443494618,0.7480825280820728,-102.56555974528162,corrected-two-halo,scale_dependent_camb
5,0.2483836,0.28674463,700,719,709.5468309859154,1.8652992434189337e-06,1.3802180095561834e-06,1.3958207186721954e-06,1.9710209265113758e-08,6.968611314983927e-09,0.7399445501443307,0.7483092718752062,-69.60945473020246,corrected-two-halo,scale_dependent_camb
5,0.2483836,0.28674463,720,739,729.5455479452055,1.8134547458261724e-06,1.3315329315221054e-06,1.3465936181353513e-06,1.6432491239151255e-08,5.8097629934961925e-09,0.7342520868451485,0.7425570564882616,-82.9503397717876,corrected-two-halo,scale_dependent_camb
5,0.2483836,0.28674463,740,759,749.5443333333334,1.7644797117709512e-06,1.2988885999728415e-06,1.3135727492387817e-06,1.3747788383156643e-08,4.860577196023852e-09,0.7361312183460523,0.7444533028494792,-95.78926391272667,corrected-two-halo,scale_dependent_camb
5,0.2483836,0.28674463,760,779,769.5431818181818,1.7181425165223258e-06,1.253860046255582e-06,1.2680406863663093e-06,1.1309803049668596e-08,3.99861921515248e-09,0.7297765081755306,0.7380299795694115,-116.11069853998072,corrected-two-halo,scale_dependent_camb
5,0.2483836,0.28674463,780,799,789.5420886075949,1.6742390783408783e-06,1.2196142551974333e-06,1.2334012689225246e-06,1.2375723582870639e-08,4.375479033769052e-09,0.7284588389885363,0.7366936328739794,-103.9028686081555,corrected-two-halo,scale_dependent_camb
5,0.2483836,0.28674463,800,819,809.5410493827161,1.6325876902061929e-06,1.1903891153858094e-06,1.2038375985401546e-06,1.2290229489039402e-08,4.3452523070193186e-09,0.7291425278573952,0.737380053617893,-101.765914514574,corrected-two-halo,scale_dependent_camb
5,0.2483836,0.28674463,820,839,829.5400602409638,1.5930255965309318e-06,1.1596630116875153e-06,1.1727791166334801e-06,1.1050355439807571e-08,3.906890633004793e-09,0.7279625727376051,0.7361960279780779,-110.92263018125924,corrected-two-halo,scale_dependent_camb
5,0.2483836,0.28674463,840,859,849.5391176470588,1.5554053834780085e-06,1.1306314320871552e-06,1.1434186728956915e-06,7.789163806371711e-09,2.7538852736291285e-09,0.7269046668457418,0.7351258296013593,-154.24533311479505,corrected-two-halo,scale_dependent_camb
5,0.2483836,0.28674463,860,879,869.5382183908046,1.5195923133443614e-06,1.0998444098857871e-06,1.1122659281510353e-06,1.3762618289531278e-08,4.865820359704785e-09,0.7237759761137634,0.7319502200581215,-86.26457049968876,corrected-two-halo,scale_dependent_camb
5,0.2483836,0.28674463,880,899,889.5373595505617,1.4854628779406018e-06,1.0821052365038666e-06,1.0943428989959255e-06,1.0576543847099253e-08,3.739372937900369e-09,0.7284633312439707,0.736701613515302,-107.8677222452216,corrected-two-halo,scale_dependent_camb
5,0.2483836,0.28674463,900,919,909.5365384615385,1.452903080690734e-06,1.0576444114834427e-06,1.0695955876035824e-06,1.0617840303030055e-08,3.753973439914189e-09,0.7279524873611123,0.736178208869293,-105.29074739972759,corrected-two-halo,scale_dependent_camb
5,0.2483836,0.28674463,920,939,929.535752688172,1.421807655246623e-06,1.042213711485694e-06,1.0539952462206297e-06,1.4114144450394521e-08,4.990103625760221e-09,0.7330201857050167,0.7413064927110739,-76.06935090513264,corrected-two-halo,scale_dependent_camb
5,0.2483836,0.28674463,940,959,949.535,1.3920792340030513e-06,1.0190177710101096e-06,1.0305359966543205e-06,8.345623637707546e-09,2.950623533726874e-09,0.732011329613639,0.740285446030913,-126.43478869082803,corrected-two-halo,scale_dependent_camb
5,0.2483836,0.28674463,960,979,969.5342783505155,1.36362757271924e-06,9.991439660910782e-07,1.0104363311315208e-06,1.1289109771824698e-08,3.991303036608281e-09,0.7327102986768322,0.7409914197588329,-91.31945214009403,corrected-two-halo,scale_dependent_camb
5,0.2483836,0.28674463,980,999,989.5335858585859,1.3363690854509584e-06,9.83475489495764e-07,9.945877259771258e-07,9.84738530982545e-09,3.4815764647671836e-09,0.7359310389643515,0.7442462840581962,-101.36028880204208,corrected-two-halo,scale_dependent_camb
5,0.2483836,0.28674463,1000,1019,1009.5329207920792,1.3102261902101964e-06,9.667527809259216e-07,9.776813635684707e-07,6.691701192895437e-09,2.3658736455852363e-09,0.73785182142545,0.7461928107326443,-145.17825578944274,corrected-two-halo,scale_dependent_camb
5,0.2483836,0.28674463,1020,1039,1029.532281553398,1.2851268484565852e-06,9.496387497358445e-07,9.603776826207084e-07,7.139654002267209e-09,2.5242488801644086e-09,0.7389455374590795,0.7473018587807928,-132.90610975685166,corrected-two-halo,scale_dependent_camb
5,0.2483836,0.28674463,1040,1059,1049.5316666666668,1.26100438723045e-06,9.417616474195322e-07,9.524053300782967e-07,9.132282784729261e-09,3.228749542397614e-09,0.7468345526441251,0.75527519152417,-98.8750398935724,corrected-two-halo,scale_dependent_camb
5,0.2483836,0.28674463,1060,1079,1069.5310747663552,1.2377969340218737e-06,9.224094707952049e-07,9.328474583713533e-07,6.124807727677156e-09,2.1654465388521427e-09,0.7452025816529487,0.7536352956864478,-145.64546275700206,corrected-two-halo,scale_dependent_camb
5,0.2483836,0.28674463,1080,1099,1089.530504587156,1.2154472523744078e-06,9.105320320464802e-07,9.208242212600563e-07,7.947677127765911e-09,2.8099281958622493e-09,0.7491333171947464,0.7576011377385586,-108.5135274192876,corrected-two-halo,scale_dependent_camb
5,0.2483836,0.28674463,1100,1119,1109.529954954955,1.1939023151596864e-06,8.986388466574961e-07,9.087952144816871e-07,9.220868570692858e-09,3.260069347383414e-09,0.7526904297336099,0.7611972964137641,-90.56968948810051,corrected-two-halo,scale_dependent_camb
5,0.2483836,0.28674463,1120,1139,1129.529424778761,1.1731129629512547e-06,8.887960060528427e-07,8.988407175634396e-07,7.371636183476584e-09,2.6062669668882064e-09,0.7576388925213624,0.766201334355887,-109.08972891517585,corrected-two-halo,scale_dependent_camb
5,0.2483836,0.28674463,1140,1159,1149.5289130434783,1.153033687493562e-06,8.760021183525386e-07,8.859049266724108e-07,7.3339349678033244e-09,2.592937574257437e-09,0.7597367950773163,0.7683252764263726,-106.84081710696772,corrected-two-halo,scale_dependent_camb
5,0.2483836,0.28674463,1160,1179,1169.5284188034188,1.1336222874331793e-06,8.636077223053061e-07,8.733703913629311e-07,6.80384181591679e-09,2.4055213430776776e-09,0.7618125824437895,0.7704245065086649,-112.24783596491004,corrected-two-halo,scale_dependent_camb
5,0.2483836,0.28674463,1180,1199,1189.5279411764707,1.1148396715489721e-06,8.574979218301525e-07,8.671904881460968e-07,7.977322394543804e-09,2.820409380446615e-09,0.7691670324565452,0.7778611671947515,-91.24269388086822,corrected-two-halo,scale_dependent_camb
5,0.2483836,0.28674463,1200,1219,1209.527479338843,1.0966496024107883e-06,8.419966027343908e-07,8.515127145012378e-07,1.003902493434927e-08,3.5493313037896016e-09,0.7677900041028708,0.7764674446872905,-71.7467539320733,corrected-two-halo,scale_dependent_camb
5,0.2483836,0.28674463,1220,1239,1229.5270325203253,1.079018534749161e-06,8.355399004355425e-07,8.449795991719018e-07,8.152934047176437e-09,2.8824974756625708e-09,0.7743517590546118,0.7831001710905123,-84.46794363892803,corrected-two-halo,scale_dependent_camb
5,0.2483836,0.28674463,1240,1259,1249.5266,1.0619153041689737e-06,8.271493210219396e-07,8.36501393471319e-07,9.857284753893811e-09,3.485076446782541e-09,0.7789221209776653,0.7877289179158619,-67.36322337025707,corrected-two-halo,scale_dependent_camb
5,0.2483836,0.28674463,1260,1279,1269.5261811023622,1.045311132432955e-06,8.185738190792338e-07,8.278270163577356e-07,6.883877673888883e-09,2.433818292032753e-09,0.7830910756436779,0.7919431743073216,-93.16115097661941,corrected-two-halo,scale_dependent_camb
5,0.2483836,0.28674463,1280,1299,1289.5257751937984,1.029179280323494e-06,8.088651149468447e-07,8.180093821665069e-07,6.664324335516822e-09,2.3561944648352383e-09,0.7859321795640896,0.7948171886140073,-93.50423688057309,corrected-two-halo,scale_dependent_camb
5,0.2483836,0.28674463,1300,1319,1309.5253816793893,1.0134950499138535e-06,8.016382146250715e-07,8.107004190800027e-07,9.38427794976719e-09,3.3178432874098855e-09,0.7909641144208945,0.7999056523748308,-63.85377998192635,corrected-two-halo,scale_dependent_camb
5,0.2483836,0.28674463,1320,1339,1329.525,9.982354807050103e-07,7.960226347574721e-07,8.050176221232254e-07,9.398324056775922e-09,3.3228093361674584e-09,0.7974297148757685,0.8064406021259397,-60.85598825864963,corrected-two-halo,scale_dependent_camb
5,0.2483836,0.28674463,1340,1359,1349.5246296296295,9.833793231592664e-07,7.860380010166557e-07,7.949318994747377e-07,6.6639443160994044e-09,2.3560601076817193e-09,0.7993232951974021,0.8083675147051999,-83.75903547587656,corrected-two-halo,scale_dependent_camb
5,0.2483836,0.28674463,1360,1379,1369.5242700729927,9.689068838511659e-07,7.79787550610674e-07,7.886084858507665e-07,4.719616402476897e-09,1.6686363813953358e-09,0.8048116528094122,0.8139156600025818,-113.33765423617804,corrected-two-halo,scale_dependent_camb
5,0.2483836,0.28674463,1380,1399,1389.5239208633093,9.54799865657382e-07,7.704732196317996e-07,7.791883435862733e-07,6.693157908664727e-09,2.3663886723845994e-09,0.8069473481768107,0.8160750452659523,-77.89364789336882,corrected-two-halo,scale_dependent_camb
5,0.2483836,0.28674463,1400,1419,1409.5235815602837,9.410412919654949e-07,7.632876136630077e-07,7.719093983233519e-07,8.791330905983342e-09,3.1082048496378475e-09,0.8111095869861097,0.8202715490954838,-57.18853386487644,corrected-two-halo,scale_dependent_camb
5,0.2483836,0.28674463,1420,1439,1429.5232517482518,9.276153722095389e-07,7.562621287718576e-07,7.648056075396531e-07,1.0042961952980704e-08,3.550723250075574e-09,0.8152755456935503,0.8244856979007581,-48.25868741925583,corrected-two-halo,scale_dependent_camb
5,0.2483836,0.28674463,1440,1459,1449.5229310344828,9.145074329237055e-07,7.488127401537462e-07,7.572832054905575e-07,6.909012482936691e-09,2.44270478899352e-09,0.8188153679186305,0.8280776932227901,-67.83246731924217,corrected-two-halo,scale_dependent_camb
5,0.2483836,0.28674463,1460,1479,1469.522619047619,9.017037959108064e-07,7.435221114258648e-07,7.519274001930943e-07,8.622573252080466e-09,3.0485400089119197e-09,0.8245746716357525,0.8338962346649282,-51.88768526000075,corrected-two-halo,scale_dependent_camb
5,0.2483836,0.28674463,1480,1499,1489.5223154362416,8.891917105781595e-07,7.331884154740018e-07,7.414827870299222e-07,7.059384475372586e-09,2.495869316769497e-09,0.8245560622661191,0.8338840524590634,-62.50459271083911,corrected-two-halo,scale_dependent_camb
5,0.2483836,0.28674463,1500,1519,1509.5220198675497,8.769592762613079e-07,7.289568351692639e-07,7.372066357043111e-07,6.91757665119465e-09,2.4457326797187325e-09,0.831232253197646,0.840639532142477,-60.51456167689788,corrected-two-halo,scale_dependent_camb
5,0.2483836,0.28674463,1520,1539,1529.5217320261438,8.649953916474893e-07,7.205803006037895e-07,7.287191430823486e-07,8.27863605218122e-09,2.9269398457363846e-09,0.8330452480577455,0.8424543646347226,-49.33995867870891,corrected-two-halo,scale_dependent_camb
5,0.2483836,0.28674463,1540,1559,1549.5214516129033,8.532896510507161e-07,7.119535164448329e-07,7.200006437687939e-07,5.5882616098921115e-09,1.9757488396995826e-09,0.8343632382839216,0.8437939483763878,-71.5354764562958,corrected-two-halo,scale_dependent_camb
5,0.2483836,0.28674463,1560,1579,1569.521178343949,8.418323154321857e-07,7.092015900030264e-07,7.172226498963581e-07,5.305884476054837e-09,1.8759134466054032e-09,0.8424499475752859,0.8519780444970747,-70.70194292234744,corrected-two-halo,scale_dependent_camb
5,0.2483836,0.28674463,1580,1599,1589.5209119496856,8.306142819112926e-07,6.992378482963934e-07,7.071509109490022e-07,5.782336120816401e-09,2.0443645410645965e-09,0.8418322000043218,0.8513589596868067,-64.26272368551518,corrected-two-halo,scale_dependent_camb
5,0.2483836,0.28674463,1600,1619,1609.520652173913,8.196269757002296e-07,6.936294856188164e-07,7.014739367712477e-07,5.620314501276873e-09,1.987081248126983e-09,0.8462745934224893,0.8558453510781041,-63.40832323800455,corrected-two-halo,scale_dependent_camb
5,0.2483836,0.28674463,1620,1639,1629.520398773006,8.088623901729432e-07,6.882662678395708e-07,6.960499939225896e-07,4.730693556176874e-09,1.6725527466440855e-09,0.8509065030114854,0.860529556546407,-72.10303087621246,corrected-two-halo,scale_dependent_camb
5,0.2483836,0.28674463,1640,1659,1649.5201515151516,7.983129532896014e-07,6.779343360490444e-07,6.856000566830937e-07,5.678170834596205e-09,2.0075365509393273e-09,0.8492087385723683,0.8588111389874702,-59.963350198646104,corrected-two-halo,scale_dependent_camb
5,0.2483836,0.28674463,1660,1679,1669.5199101796406,7.879715802456463e-07,6.709391754105061e-07,6.785204191347227e-07,5.899098700981845e-09,2.0856463471765077e-09,0.8514763631466811,0.861097577812638,-56.11325476803656,corrected-two-halo,scale_dependent_camb
5,0.2483836,0.28674463,1680,1699,1689.519674556213,7.778315528853378e-07,6.663339090171406e-07,6.738611883860312e-07,6.734478329855605e-09,2.3809976473973763e-09,0.8566557971907919,0.8663330587276483,-46.82812013278264,corrected-two-halo,scale_dependent_camb
5,0.2483836,0.28674463,1700,1719,1709.5194444444444,7.678865465003629e-07,6.632514108937219e-07,6.707494788344469e-07,6.358255540567729e-09,2.247982804626189e-09,0.8637362041521436,0.8735007559272688,-46.546234869461315,corrected-two-halo,scale_dependent_camb
5,0.2483836,0.28674463,1720,1739,1729.519219653179,7.581305608197539e-07,6.565804891604201e-07,6.640021031105625e-07,6.4284554115602686e-09,2.272802207034812e-09,0.8660520009251054,0.875841362195699,-44.68055836315825,corrected-two-halo,scale_dependent_camb
5,0.2483836,0.28674463,1740,1759,1749.519,7.485578919554228e-07,6.512779172315954e-07,6.586389586821767e-07,5.176266325357453e-09,1.8300865099439134e-09,0.870043485254417,0.8798771153980421,-53.15594328205216,corrected-two-halo,scale_dependent_camb
5,0.2483836,0.28674463,1760,1779,1769.5187853107345,7.391631158719616e-07,6.405791045480178e-07,6.478213923536154e-07,5.419145825939624e-09,1.915957380880341e-09,0.866627528880891,0.8764254850425077,-51.45417758647984,corrected-two-halo,scale_dependent_camb
5,0.2483836,0.28674463,1780,1799,1789.5185754189945,7.299410604191887e-07,6.366892228516745e-07,6.438929736584149e-07,3.4739575956088277e-09,1.228229486704758e-09,0.8722474421236671,0.8821163907242616,-75.92378995695786,corrected-two-halo,scale_dependent_camb
5,0.2483836,0.28674463,1800,1819,1809.5183701657459,7.208867663314588e-07,6.296272390723773e-07,6.367490351089856e-07,4.270283437522784e-09,1.5097731881304806e-09,0.8734065715708796,0.8832857875160559,-60.445852381367466,corrected-two-halo,scale_dependent_camb
5,0.2483836,0.28674463,1820,1839,1829.518169398907,7.119954828913291e-07,6.255881348287635e-07,6.326581679713612e-07,5.260023469483238e-09,1.8596991322359943e-09,0.8786405951458068,0.888570479973007,-46.463079196404415,corrected-two-halo,scale_dependent_camb
5,0.2483836,0.28674463,1840,1859,1849.517972972973,7.032626493168484e-07,6.17042367341922e-07,6.240226639100351e-07,3.434168533534302e-09,1.2141619288997832e-09,0.8773996001939233,0.887325189978755,-71.01217714267744,corrected-two-halo,scale_dependent_camb
5,0.2483836,0.28674463,1860,1879,1869.5177807486632,6.946838762107007e-07,6.134640413163243e-07,6.204038295550127e-07,4.032220337951407e-09,1.425605172101876e-09,0.8830837483411778,0.8930735990867326,-56.97218029493252,corrected-two-halo,scale_dependent_camb
5,0.2483836,0.28674463,1880,1899,1889.5175925925926,6.862549332577618e-07,6.069592122686479e-07,6.138216998922408e-07,4.182068080212698e-09,1.4785843494511026e-09,0.8844515104427965,0.8944514205214251,-53.629487569343596,corrected-two-halo,scale_dependent_camb
5,0.2483836,0.28674463,1900,1919,1909.5174083769634,6.779717443093508e-07,6.005901028906897e-07,6.073828372370139e-07,4.155930519797546e-09,1.4693433263444889e-09,0.8858630288530833,0.8958822286255517,-52.66409832967722,corrected-two-halo,scale_dependent_camb
5,0.2483836,0.28674463,1920,1939,1929.5172279792746,6.698303839313753e-07,5.950701266853438e-07,6.017957810239609e-07,5.105711951417536e-09,1.80514177181627e-09,0.8883892713148546,0.8984301032925603,-41.41517215615172,corrected-two-halo,scale_dependent_camb
5,0.2483836,0.28674463,1940,1959,1949.5170512820512,6.618270618741346e-07,5.915603316497362e-07,5.982490226418323e-07,4.186217974247657e-09,1.4800515585577649e-09,0.893829167357678,0.9039355703402872,-47.47586651161651,corrected-two-halo,scale_dependent_camb
5,0.2483836,0.28674463,1960,1979,1969.5168781725888,6.539581244850695e-07,5.866703934002417e-07,5.933038798999379e-07,4.3448903156422004e-09,1.5361507028511792e-09,0.8971069728083727,0.9072505680193342,-43.802818929118196,corrected-two-halo,scale_dependent_camb
5,0.2483836,0.28674463,1980,1999,1989.5167085427136,6.462200487397719e-07,5.78787616800004e-07,5.853350858139786e-07,2.882773174910658e-09,1.0192142303009997e-09,0.8956509751263962,0.9057829248032023,-66.16119549258393,corrected-two-halo,scale_dependent_camb
5,0.2483836,0.28674463,2000,2019,2009.5165422885573,6.386094429186763e-07,5.750294004899185e-07,5.815363273982529e-07,3.930879434625061e-09,1.3897757521250611e-09,0.9004398648755113,0.9106290767333808,-45.74841828369768,corrected-two-halo,scale_dependent_camb
5,0.2483836,0.28674463,2020,2039,2029.5163793103447,6.311230398398443e-07,5.692951992898899e-07,5.757368818271673e-07,4.41700274760543e-09,1.561646297675706e-09,0.902035202889053,0.9122419013149449,-39.591449511951964,corrected-two-halo,scale_dependent_camb
5,0.2483836,0.28674463,2040,2059,2049.516219512195,6.237576911836227e-07,5.63293146372197e-07,5.696642630475101e-07,3.5229850473268593e-09,1.2455633084918161e-09,0.903064049283801,0.9132781384491362,-48.543935421989026,corrected-two-halo,scale_dependent_camb
5,0.2483836,0.28674463,2060,2079,2069.5160628019325,6.165103645825669e-07,5.571210673258399e-07,5.63421878122655e-07,3.5722068817882158e-09,1.2629658549568494e-09,0.9036686150492558,0.9138887364921146,-47.02367607456502,corrected-two-halo,scale_dependent_camb
5,0.2483836,0.28674463,2080,2099,2089.515909090909,6.093781424168173e-07,5.526703634706285e-07,5.589142359462459e-07,5.29166349726642e-09,1.8708855713372035e-09,0.9069415605862009,0.9171878625799909,-30.310661333315696,corrected-two-halo,scale_dependent_camb
5,0.2483836,0.28674463,2100,2119,2109.5157582938386,6.023582159355919e-07,5.485840103176832e-07,5.547857513806118e-07,4.0307299228870666e-09,1.4250782308024872e-09,0.9107271982098132,0.9210229672370454,-37.734213080798696,corrected-two-halo,scale_dependent_camb
5,0.2483836,0.28674463,2120,2139,2129.5156103286386,5.954478787484347e-07,5.417952822330461e-07,5.479191269217463e-07,4.590805814093837e-09,1.6230949611281904e-09,0.909895393987866,0.9201798284568777,-33.05573475386522,corrected-two-halo,scale_dependent_camb
5,0.2483836,0.28674463,2140,2159,2149.515465116279,5.886445157560939e-07,5.377400486882215e-07,5.438208623807227e-07,3.861631401330935e-09,1.3652928751620073e-09,0.9135225663276804,0.923852763126831,-37.2846500512441,corrected-two-halo,scale_dependent_camb
5,0.2483836,0.28674463,2160,2179,2169.5153225806453,5.819456128428693e-07,5.30397139433217e-07,5.363909588838536e-07,5.095103980481531e-09,1.8013912877245304e-09,0.9114204622012146,0.9217200835375728,-28.615922460004192,corrected-two-halo,scale_dependent_camb
5,0.2483836,0.28674463,2180,2199,2189.5151826484016,5.753487399225912e-07,5.259309822901743e-07,5.31878275180459e-07,4.344842449432768e-09,1.5361337795905396e-09,0.9141081674410799,0.9244450161688357,-32.17021739186628,corrected-two-halo,scale_dependent_camb
5,0.2483836,0.28674463,2200,2219,2209.515045248869,5.688515405764375e-07,5.208525501689666e-07,5.267415629815558e-07,3.3548491775878354e-09,1.186118301665235e-09,0.9156212350961872,0.9259736950835887,-40.46728757163886,corrected-two-halo,scale_dependent_camb
5,0.2483836,0.28674463,2220,2239,2229.5149103139015,5.624517471427545e-07,5.17500082189664e-07,5.233507272226726e-07,4.447706383795073e-09,1.5725016723540966e-09,0.9200790731268164,0.9304811121687959,-28.586084036270726,corrected-two-halo,scale_dependent_camb
5,0.2483836,0.28674463,2240,2259,2249.514777777778,5.561471515387391e-07,5.110430104221059e-07,5.168304122348133e-07,4.489487170676879e-09,1.5872734112178141e-09,0.9188989083341705,0.9293051502733676,-28.416113315996206,corrected-two-halo,scale_dependent_camb
5,0.2483836,0.28674463,2260,2279,2269.5146475770925,5.499356258048241e-07,5.053119333164539e-07,5.110273792572323e-07,2.7168492255536104e-09,9.605512554251889e-10,0.9188565163003143,0.9292494526233865,-46.456336646624344,corrected-two-halo,scale_dependent_camb
5,0.2483836,0.28674463,2280,2299,2289.514519650655,5.438150913216156e-07,5.022817315164097e-07,5.079582818043121e-07,4.0798575716283536e-09,1.4424474775868446e-09,0.9236259521517345,0.934064335305293,-28.793672179100465,corrected-two-halo,scale_dependent_camb
5,0.2483836,0.28674463,2300,2319,2309.514393939394,5.37783544099945e-07,4.961748451035332e-07,5.017829576216653e-07,4.2698155792035415e-09,1.509607775235395e-09,0.9226292818869166,0.9330574784720652,-27.562589222835527,corrected-two-halo,scale_dependent_camb
5,0.2483836,0.28674463,2320,2339,2329.514270386266,5.318390264088363e-07,4.917243388931474e-07,4.972853991014618e-07,2.816230285769649e-09,9.956877662253237e-10,0.9245736293807596,0.9350299139559338,-40.2884206037447,corrected-two-halo,scale_dependent_camb
5,0.2483836,0.28674463,2340,2359,2349.5141489361704,5.259796476241943e-07,4.861336246321408e-07,4.916301987431557e-07,3.949021274546368e-09,1.3961898611408396e-09,0.9242441733781246,0.9346943383908632,-28.53911498791075,corrected-two-halo,scale_dependent_camb
5,0.2483836,0.28674463,2360,2379,2369.514029535865,5.202035602708851e-07,4.825468711000025e-07,4.880061824300626e-07,3.099428312245557e-09,1.0958133886952046e-09,0.927611627357426,0.9381061947671862,-34.36414407723263,corrected-two-halo,scale_dependent_camb
5,0.2483836,0.28674463,2380,2399,2389.513912133891,5.14508973749028e-07,4.767827862668853e-07,4.821755587240878e-07,3.793066121261619e-09,1.341051387916523e-09,0.9266753557139217,0.9371567520205933,-28.131798544092067,corrected-two-halo,scale_dependent_camb
5,0.2483836,0.28674463,2400,2419,2409.5137966804978,5.088941524557814e-07,4.7307945404553917e-07,4.784281280692925e-07,3.2668426448256443e-09,1.1550032936128044e-09,0.9296224996152727,0.9401328857101848,-31.008308468294747,corrected-two-halo,scale_dependent_camb
5,0.2483836,0.28674463,2420,2439,2429.513683127572,5.033574027374284e-07,4.6851317598718014e-07,4.738126143822394e-07,3.4777983124525304e-09,1.2295873851671578e-09,0.9307763697111564,0.9413045518065007,-28.338145926498232,corrected-two-halo,scale_dependent_camb
5,0.2483836,0.28674463,2440,2459,2449.5135714285716,4.978970860391219e-07,4.659029482182857e-07,4.711709779122921e-07,3.655857338068237e-09,1.2925407573993254e-09,0.9357414640134644,0.9463220234136303,-24.752904415339607,corrected-two-halo,scale_dependent_camb
5,0.2483836,0.28674463,2460,2479,2469.5134615384613,4.925116115188088e-07,4.6061623041381455e-07,4.658280325987322e-07,2.252714332853324e-09,7.964547904183574e-10,0.9352393317050228,0.9458214216761517,-40.04669378438969,corrected-two-halo,scale_dependent_camb
5,0.2483836,0.28674463,2480,2499,2489.513353413655,4.871994340006768e-07,4.559619658727616e-07,4.6111731707521366e-07,3.0319213423192335e-09,1.0719460705890747e-09,0.9358836116220287,0.9464652150531297,-29.140895223160832,corrected-two-halo,scale_dependent_camb
5,0.2483836,0.28674463,2500,2519,2509.513247011952,4.819590577534826e-07,4.5185866009252123e-07,4.5696997287445326e-07,2.576268016794971e-09,9.10848292414871e-10,0.9375457371809424,0.9481510213844533,-33.04655441704593,corrected-two-halo,scale_dependent_camb
5,0.2483836,0.28674463,2520,2539,2529.51314229249,4.767890346063697e-07,4.4630750223123356e-07,4.5135303696837733e-07,3.4263931081919418e-09,1.2114129009066869e-09,0.9360691413545169,0.9466514626138749,-25.16196777524999,corrected-two-halo,scale_dependent_camb
5,0.2483836,0.28674463,2540,2559,2549.513039215686,4.7168796139194917e-07,4.424491075617008e-07,4.474519296146646e-07,3.6650119707564486e-09,1.2957774088258786e-09,0.9380122957898593,0.9486185068074153,-22.5647195506689,corrected-two-halo,scale_dependent_camb
5,0.2483836,0.28674463,2560,2579,2569.512937743191,4.666544814230254e-07,4.375848117848723e-07,4.4253308188236485e-07,2.868096655735346e-09,1.0140252971844608e-09,0.9377062242078817,0.9483099370071315,-28.6675980558551,corrected-two-halo,scale_dependent_camb
5,0.2483836,0.28674463,2580,2599,2589.5128378378377,4.616872829460148e-07,4.331288722376604e-07,4.3803059257217445e-07,2.9732863307441877e-09,1.0512154634392415e-09,0.938143388905746,0.9487603595600735,-27.16703825390888,corrected-two-halo,scale_dependent_camb
5,0.2483836,0.28674463,2600,2619,2609.5127394636015,4.5678510032687495e-07,4.2943464513220127e-07,4.3429390113240334e-07,1.988368526267846e-09,7.029944342109478e-10,0.9401240207373188,0.9507619684215248,-38.90564969461284,corrected-two-halo,scale_dependent_camb
5,0.2483836,0.28674463,2620,2639,2629.5126425855515,4.5194671016232465e-07,4.259513831379212e-07,4.307698238237215e-07,2.1103818999731577e-09,7.461326761821849e-10,0.9424814332312171,0.9531429572061779,-34.84008656130225,corrected-two-halo,scale_dependent_camb
5,0.2483836,0.28674463,2640,2659,2649.512547169811,4.471709341364437e-07,4.221541168508338e-07,4.2692768513979775e-07,2.7499690064244205e-09,9.7226086624777e-10,0.9440553592019095,0.9547304007230729,-25.73056075182466,corrected-two-halo,scale_dependent_camb
5,0.2483836,0.28674463,2660,2679,2669.5124531835204,4.4245663501486646e-07,4.180671346848324e-07,4.227982858111853e-07,1.623051503115218e-09,5.738353620338947e-10,0.9448770830858609,0.9555699979433676,-42.50260953523016,corrected-two-halo,scale_dependent_camb
5,0.2483836,0.28674463,2680,2699,2689.5123605947956,4.37802716320013e-07,4.142482700899603e-07,4.189312003101783e-07,3.2274272382285497e-09,1.1410678429687892e-09,0.9461984922614425,0.9568949316521816,-20.642459057271793,corrected-two-halo,scale_dependent_camb
5,0.2483836,0.28674463,2700,2719,2709.512269372694,4.332081227593074e-07,4.093747794428566e-07,4.1400487479522685e-07,2.405610871758711e-09,8.505118801583333e-10,0.9449840802507465,0.9556720039278904,-28.022352035828025,corrected-two-halo,scale_dependent_camb
5,0.2483836,0.28674463,2720,2739,2729.5121794871793,4.2867183888082986e-07,4.0641887503914484e-07,4.110142409471364e-07,2.825416262422951e-09,9.989354994170092e-10,0.9480885800667879,0.9588085889201547,-22.27667737774073,corrected-two-halo,scale_dependent_camb
5,0.2483836,0.28674463,2740,2759,2749.512090909091,4.241928873523545e-07,4.0247346169206905e-07,4.0702406136723104e-07,2.59975103882174e-09,9.191507944738118e-10,0.9487982323422498,0.9595258984838606,-23.62988292113617,corrected-two-halo,scale_dependent_camb
5,0.2483836,0.28674463,2760,2779,2769.5120036101084,4.1977032654888436e-07,3.977188159845924e-07,4.022184024053999e-07,1.7160508015597178e-09,6.067155793217434e-10,0.9474676765611636,0.9581868392466268,-36.34571340486044,corrected-two-halo,scale_dependent_camb
5,0.2483836,0.28674463,2780,2799,2789.511917562724,4.154032506663188e-07,3.947146444899012e-07,3.9917977688008114e-07,1.7262905499688453e-09,6.103358770906125e-10,0.9501963305697957,0.9609452411356562,-33.897083479734754,corrected-two-halo,scale_dependent_camb
5,0.2483836,0.28674463,2800,2819,2809.5118327402133,4.110907886938567e-07,3.9125712974116705e-07,3.9568432479471603e-07,1.288893690538929e-09,4.5569273440431605e-10,0.9517535797488764,0.9625229649438485,-43.52419394752101,corrected-two-halo,scale_dependent_camb
5,0.2483836,0.28674463,2820,2839,2829.511749116608,4.068321017194704e-07,3.879033243667461e-07,3.922890675844861e-07,2.4614752943673304e-09,8.702629361851462e-10,0.9534727538148488,0.9642529828066213,-21.750641749377284,corrected-two-halo,scale_dependent_camb
5,0.2483836,0.28674463,2840,2859,2849.5116666666668,4.0262638075724115e-07,3.830647557045727e-07,3.87397181007529e-07,2.5498964919340607e-09,9.015245503851814e-10,0.9514149445054298,0.9621753554223899,-21.698383082646675,corrected-two-halo,scale_dependent_camb
5,0.2483836,0.28674463,2860,2879,2869.5115853658535,3.984728457502653e-07,3.7955196358030477e-07,3.8384602416408083e-07,1.8271209508579113e-09,6.459848071998208e-10,0.9525165080337273,0.9632928021515637,-29.28998013432812,corrected-two-halo,scale_dependent_camb
5,0.2483836,0.28674463,2880,2899,2889.5115051903113,3.9437074524889466e-07,3.7654085973325795e-07,3.807987659431998e-07,2.347069198297694e-09,8.298142730151865e-10,0.9547890259852212,0.9655857350749247,-21.48659777910376,corrected-two-halo,scale_dependent_camb
5,0.2483836,0.28674463,2900,2919,2909.5114261168383,3.903193524273642e-07,3.727040687510552e-07,3.769189725437915e-07,2.2186345326410536e-09,7.844057615025678e-10,0.9548695611253682,0.9656681642858934,-22.45685146749315,corrected-two-halo,scale_dependent_camb
5,0.2483836,0.28674463,2920,2939,2929.511348122867,3.863179633712521e-07,3.6875249936154667e-07,3.729245859571007e-07,1.4650520465594089e-09,5.179741184566937e-10,0.9545310710990029,0.9653306895250937,-33.91185656542419,corrected-two-halo,scale_dependent_camb
5,0.2483836,0.28674463,2940,2959,2949.511271186441,3.8236589641576564e-07,3.6586441340534824e-07,3.700021270455403e-07,2.1868889789061894e-09,7.731820133433455e-10,0.9568437374642991,0.9676650834027792,-21.34230068165025,corrected-two-halo,scale_dependent_camb
5,0.2483836,0.28674463,2960,2979,2969.5111952861953,3.784624915615083e-07,3.6211578508731763e-07,3.66209678250312e-07,2.450336649698359e-09,8.663248305958176e-10,0.9568075916671548,0.9676247618075913,-18.86902683251982,corrected-two-halo,scale_dependent_camb
5,0.2483836,0.28674463,2980,2999,2989.511120401338,3.746071066009736e-07,3.5882107974970243e-07,3.628783108378819e-07,2.2385256133165313e-09,7.914383205179472e-10,0.957859777422519,0.9686904077460947,-19.945997612221007,corrected-two-halo,scale_dependent_camb
5,0.2483836,0.28674463,3000,3019,3009.5110465116277,3.7079911704999854e-07,3.5579025739631143e-07,3.598130346300438e-07,2.132608481863543e-09,7.539909595708298e-10,0.9595229358335734,0.9703718754581786,-19.90588807885723,corrected-two-halo,scale_dependent_camb
5,0.2483836,0.28674463,3020,3039,3029.5109735973597,3.67037915402293e-07,3.529700110262087e-07,3.5696114720958895e-07,2.143774180224067e-09,7.579386300845348e-10,0.9616717952403769,0.9725457023107289,-18.560743334213324,corrected-two-halo,scale_dependent_camb
5,0.2483836,0.28674463,3040,3059,3049.5109016393444,3.6332291139977194e-07,3.494141196418422e-07,3.5336733708392765e-07,1.2324106219307348e-09,4.357229539867765e-10,0.9617178236727669,0.972598550756162,-31.921182096713352,corrected-two-halo,scale_dependent_camb
5,0.2483836,0.28674463,3060,3079,3069.5108306188927,3.596535296318132e-07,3.457144778933655e-07,3.496253393210042e-07,2.0034387079098516e-09,7.083225480273354e-10,0.9612431115225882,0.972117080788627,-19.678960915853494,corrected-two-halo,scale_dependent_camb
5,0.2483836,0.28674463,3080,3099,3089.5107605177996,3.5602920972320047e-07,3.429768521210827e-07,3.4685460991445614e-07,2.2014174223362965e-09,7.783185937781025e-10,0.9633390821717536,0.974230766582671,-16.769941906127677,corrected-two-halo,scale_dependent_camb
5,0.2483836,0.28674463,3100,3119,3109.510691318328,3.5244940750586303e-07,3.3941959823371024e-07,3.4325964711070123e-07,1.91511086200381e-09,6.770939386234542e-10,0.9630306960526355,0.9739260154806504,-19.243724583685783,corrected-two-halo,scale_dependent_camb
5,0.2483836,0.28674463,3120,3139,3129.5106230031947,3.48913593353263e-07,3.3629599598103906e-07,3.401010079337436e-07,1.3564422782988377e-09,4.795747666366191e-10,0.9638374726219134,0.9747427856426419,-26.309969268638547,corrected-two-halo,scale_dependent_camb
5,0.2483836,0.28674463,3140,3159,3149.5105555555556,3.454212513373195e-07,3.33937980693747e-07,3.3771376038351323e-07,2.057413098760764e-09,7.27405376917882e-10,0.9667557493955155,0.9776866914702953,-15.786617762201217,corrected-two-halo,scale_dependent_camb
5,0.2483836,0.28674463,3160,3179,3169.5104889589907,3.419718802378471e-07,3.2996753999152714e-07,3.33700623958216e-07,1.4572940746486756e-09,5.152312611835266e-10,0.9648967036764229,0.9758130514301986,-23.298936129661552,corrected-two-halo,scale_dependent_camb
5,0.2483836,0.28674463,3180,3199,3189.510423197492,3.38564994482482e-07,3.2770103708543604e-07,3.314045080299966e-07,2.69648090793368e-09,9.533499676699818e-10,0.9679117523249792,0.9788504819778234,-11.39556067075536,corrected-two-halo,scale_dependent_camb
5,0.2483836,0.28674463,3200,3219,3209.5103582554516,3.352001247613788e-07,3.2470097341107893e-07,3.2837325163772577e-07,1.9923912055075298e-09,7.044166660954072e-10,0.9686779610903368,0.9796334409824192,-14.904745806905517,corrected-two-halo,scale_dependent_camb
5,0.2483836,0.28674463,3220,3239,3229.510294117647,3.318768134127066e-07,3.2098888764968137e-07,3.2461907731672086e-07,2.095834732924594e-09,7.409894759486384e-10,0.967192869995755,0.978131234835739,-14.693765723306878,corrected-two-halo,scale_dependent_camb
5,0.2483836,0.28674463,3240,3259,3249.510230769231,3.285946162746986e-07,3.1801491114595627e-07,3.216131615506016e-07,1.4819800965531695e-09,5.239590879281203e-10,0.9678031696055,0.9787535937038584,-20.191853471952165,corrected-two-halo,scale_dependent_camb
5,0.2483836,0.28674463,3260,3279,3269.5101681957185,3.2535310394344644e-07,3.149702365980589e-07,3.185345871359807e-07,1.3462142869273052e-09,4.75958625608255e-10,0.9680873880730141,0.979042717820049,-21.814642674284247,corrected-two-halo,scale_dependent_camb
5,0.2483836,0.28674463,3280,3299,3289.510106382979,3.2215186314220523e-07,3.1266019282096366e-07,3.1619508740989365e-07,1.9080608126697654e-09,6.746013697775529e-10,0.9705366586160276,0.9815094170984753,-14.070043060202222,corrected-two-halo,scale_dependent_camb
5,0.2483836,0.28674463,3300,3319,3309.5100453172204,3.189904885085754e-07,3.106782741444364e-07,3.141929121657619e-07,1.479286879156292e-09,5.230068917858495e-10,0.9739421247228958,0.9849601272901762,-15.893125874032547,corrected-two-halo,scale_dependent_camb
5,0.2483836,0.28674463,3320,3339,3329.509984984985,3.158685867856139e-07,3.062671312398593e-07,3.09730985721886e-07,2.1008388636174377e-09,7.427587033220653e-10,0.9696030059732681,0.9805691312131218,-12.926749296657263,corrected-two-halo,scale_dependent_camb
5,0.2483836,0.28674463,3340,3359,3349.509925373134,3.127857783434421e-07,3.043236950306539e-07,3.0776433218440256e-07,2.4034703857264856e-09,8.497551040641225e-10,0.9729460739628106,0.9839460534758524,-9.958261235874431,corrected-two-halo,scale_dependent_camb
5,0.2483836,0.28674463,3360,3379,3369.5098664688426,3.097416929667958e-07,3.025343264055367e-07,3.05957298544965e-07,1.4577618336548093e-09,5.153966389661257e-10,0.9767310416230218,0.9877820955080902,-13.984116341381144,corrected-two-halo,scale_dependent_camb
5,0.2483836,0.28674463,3380,3399,3389.509808259587,3.067359660827997e-07,2.980465672243134e-07,3.014173550644279e-07,1.5289060724298488e-09,5.405499258062183e-10,0.971671405314952,0.9826606214905491,-16.075108780241173,corrected-two-halo,scale_dependent_camb
5,0.2483836,0.28674463,3400,3419,3409.509750733138,3.03768244483542e-07,2.9704160098994646e-07,3.0040000212578696e-07,2.4212870030542853e-09,8.56054229529269e-10,0.9778560016863119,0.988911802273863,-7.857730575426766,corrected-two-halo,scale_dependent_camb
5,0.2483836,0.28674463,3420,3439,3429.509693877551,3.0083818199770275e-07,2.936961475129446e-07,2.970180478417223e-07,1.5873116300836575e-09,5.611994087442134e-10,0.9762595477830248,0.987301697774488,-12.726375640237663,corrected-two-halo,scale_dependent_camb
5,0.2483836,0.28674463,3440,3459,3449.5096376811593,2.979454342805284e-07,2.9094181504561294e-07,2.9423230918145867e-07,1.6828603834200632e-09,5.9498099445326e-10,0.9764936178605064,0.9875375667090315,-11.771164625773038,corrected-two-halo,scale_dependent_camb
5,0.2483836,0.28674463,3460,3479,3469.509582132565,2.950896670338167e-07,2.8925888367775125e-07,2.925325009021137e-07,1.0229433708076311e-09,3.616650971339505e-10,0.9802406386686617,0.9913342742312629,-16.122051594892806,corrected-two-halo,scale_dependent_camb
5,0.2483836,0.28674463,3480,3499,3489.5095272206304,2.922705467196102e-07,2.866329661195471e-07,2.898748939932512e-07,1.4819784885880376e-09,5.23958519426596e-10,0.9807110888752278,0.9918033043245468,-10.759593347642712,corrected-two-halo,scale_dependent_camb
5,0.2483836,0.28674463,3500,3519,3509.509472934473,2.894877411133078e-07,2.8382869212831156e-07,2.870389707797601e-07,1.4915170698237344e-09,5.273309171639259e-10,0.9804515073307327,0.991541022344745,-10.73149478022559,corrected-two-halo,scale_dependent_camb
5,0.2483836,0.28674463,3520,3539,3529.509419263456,2.8674092549571217e-07,2.811125398048228e-07,2.8429144206456355e-07,1.6188805200483257e-09,5.723606968284878e-10,0.980371181124009,0.9914575032255546,-9.833634143778294,corrected-two-halo,scale_dependent_camb
5,0.2483836,0.28674463,3540,3559,3549.509366197183,2.840297701931525e-07,2.793995459732269e-07,2.8255879618739506e-07,2.099027329448648e-09,7.421182292745141e-10,0.9836981024320905,0.9948210569449916,-6.239200220768155,corrected-two-halo,scale_dependent_camb
5,0.2483836,0.28674463,3560,3579,3569.5093137254903,2.8135394958827195e-07,2.7703761289093346e-07,2.801721445239644e-07,1.2608541268483207e-09,4.4577925159074546e-10,0.9846586951999254,0.9957995789075044,-9.682677428201975,corrected-two-halo,scale_dependent_camb
5,0.2483836,0.28674463,3580,3599,3589.50926183844,2.7871313759175816e-07,2.738458949689985e-07,2.7694168221657955e-07,1.9377776689577347e-09,6.851078650759375e-10,0.9825367305437576,0.9936441626308504,-7.104344981093117,corrected-two-halo,scale_dependent_camb
5,0.2483836,0.28674463,3600,3619,3609.5092105263157,2.761070050154862e-07,2.722103020527154e-07,2.7529018083050664e-07,1.1258538974506937e-09,3.9804946275634464e-10,0.9858869826118601,0.9970416390379746,-9.789494340194668,corrected-two-halo,scale_dependent_camb
5,0.2483836,0.28674463,3620,3639,3629.5091597796145,2.735352261652911e-07,2.699955239590298e-07,2.730478062430816e-07,1.748287682584141e-09,6.181130379100801e-10,0.9870594283014855,0.9982180725713368,-5.726626020103898,corrected-two-halo,scale_dependent_camb
5,0.2483836,0.28674463,3640,3659,3649.509109589041,2.709974677968945e-07,2.675069804811235e-07,2.705332926309039e-07,1.5138008656825271e-09,5.352094287450904e-10,0.9871198526534314,0.9982871605046197,-6.521722391840424,corrected-two-halo,scale_dependent_camb
5,0.2483836,0.28674463,3660,3679,3669.5090599455043,2.6849340085021683e-07,2.6592045548550234e-07,2.6892938368430426e-07,1.1584737902707734e-09,4.0958233646367304e-10,0.9904171001724179,1.0016238121037866,-6.281875793104878,corrected-two-halo,scale_dependent_camb
5,0.2483836,0.28674463,3680,3699,3689.509010840108,2.660226895366295e-07,2.6275228913120343e-07,2.6572431987933166e-07,1.2375105626454202e-09,4.375260553182782e-10,0.9877063102732982,0.9988784052299542,-7.474755767509645,corrected-two-halo,scale_dependent_camb
5,0.2483836,0.28674463,3700,3719,3709.508962264151,2.6358500014769217e-07,2.610056845609649e-07,2.639587677701804e-07,9.987169432789268e-10,3.5309976153921486e-10,0.9902144826705539,1.0014180155254615,-7.304778614076869,corrected-two-halo,scale_dependent_camb
5,0.2483836,0.28674463,3720,3739,3729.508914209115,2.6117999362524154e-07,2.589957623076279e-07,2.6192517227927076e-07,1.2294830079053e-09,4.346878861217356e-10,0.9916370649708044,1.002853123027097,-5.024826748914547,corrected-two-halo,scale_dependent_camb
5,0.2483836,0.28674463,3740,3759,3749.5088666666666,2.588073317523534e-07,2.5704568497128617e-07,2.5995329005111507e-07,1.187376456109535e-09,4.1980097196815154e-10,0.9931932114552579,1.0044278432569995,-4.196385665350151,corrected-two-halo,scale_dependent_camb
5,0.2483836,0.28674463,3760,3779,3769.5088196286474,2.5646667299071993e-07,2.543459741982661e-07,2.572221551986335e-07,1.6006989525333237e-09,5.659325419872584e-10,0.9917310940726769,1.002945732477065,-3.7472642675874885,corrected-two-halo,scale_dependent_camb
5,0.2483836,0.28674463,3780,3799,3789.5087730870714,2.5415767582182014e-07,2.529606315634579e-07,2.558211244988197e-07,1.553448857515216e-09,5.49227110687752e-10,0.9952901510666887,1.0065449476259993,-2.1795068653171583,corrected-two-halo,scale_dependent_camb
5,0.2483836,0.28674463,3800,3819,3809.5087270341205,2.518799959443698e-07,2.5062197682674733e-07,2.5345529029953833e-07,1.6140579988458788e-09,5.706556781061547e-10,0.9950054822221758,1.006254146341643,-2.2045152022274794,corrected-two-halo,scale_dependent_camb
5,0.2483836,0.28674463,3820,3839,3829.508681462141,2.496332896529695e-07,2.489809335182923e-07,2.517947351403948e-07,2.0524985062562917e-09,7.256678060745416e-10,0.9973867422266314,1.0086584825702936,-0.8989735099398745,corrected-two-halo,scale_dependent_camb
5,0.2483836,0.28674463,3840,3859,3849.5086363636365,2.4741721110283946e-07,2.4678322661569157e-07,2.495757079025964e-07,1.0967843388393278e-09,3.8777182174624635e-10,0.9974375893887011,1.0087241174133992,-1.6349421272873281,corrected-two-halo,scale_dependent_camb
5,0.2483836,0.28674463,3860,3879,3869.5085917312663,2.452314159015538e-07,2.4488944346329945e-07,2.4765797876301745e-07,1.8490161575297e-09,6.537259317563722e-10,0.9986055113004297,1.0098949918489961,-0.5231128545498542,corrected-two-halo,scale_dependent_camb
5,0.2483836,0.28674463,3880,3899,3889.5085475578408,2.430755568194305e-07,2.425544319602392e-07,2.452998911930542e-07,7.112736920244827e-10,2.5147322545505186e-10,0.9978561198583271,1.0091507941099815,-2.0722876491056574,corrected-two-halo,scale_dependent_camb
5,0.2483836,0.28674463,3900,3919,3909.5085038363172,2.409492895376013e-07,2.4049803131126753e-07,2.432177050176751e-07,1.3673142090641918e-09,4.834185746210053e-10,0.9981271651508093,1.0094144933335436,-0.9334730811441012,corrected-two-halo,scale_dependent_camb
5,0.2483836,0.28674463,3920,3939,3929.5084605597963,2.388522672355411e-07,2.387801986102828e-07,2.414815427200222e-07,1.0876534432216198e-09,3.8454356264145243e-10,0.9996982711276204,1.0110079569891137,-0.18741342271665706,corrected-two-halo,scale_dependent_camb
5,0.2483836,0.28674463,3940,3959,3949.508417721519,2.367841462327122e-07,2.3768352449355696e-07,2.403709223650152e-07,1.4493105088176682e-09,5.124086444149494e-10,1.0037983043846224,1.0151478728173713,1.7551972837453524,corrected-two-halo,scale_dependent_camb
5,0.2483836,0.28674463,3960,3979,3969.5083753148615,2.3474458072295256e-07,2.3570235345234006e-07,2.383687034174039e-07,1.194292254213771e-09,4.2224607583656276e-10,1.0040800632178082,1.0154385787449915,2.268280948472864,corrected-two-halo,scale_dependent_camb
5,0.2483836,0.28674463,3980,3999,3989.508333333333,2.3273322757022748e-07,2.3338828932101182e-07,2.3602887993003488e-07,9.899620590259037e-10,3.5000444252730686e-10,1.0028146464414356,1.0141606439020958,1.8715812463815593,corrected-two-halo,scale_dependent_camb
5,0.2483836,0.28674463,4000,4019,4009.5082917705736,2.3074974387915256e-07,2.3231223932323647e-07,2.3493893580783312e-07,1.3224112433404044e-09,4.675429788416668e-10,1.0067713853884155,1.0181546980649068,3.3419290092965928,corrected-two-halo,scale_dependent_camb
5,0.2483836,0.28674463,4020,4039,4029.5082506203476,2.2879378728677584e-07,2.304104352771219e-07,2.3301512440573368e-07,1.490653894897536e-09,5.270257387420933e-10,1.007065961053915,1.0184504009877975,3.06749342869794,corrected-two-halo,scale_dependent_camb
5,0.2483836,0.28674463,4040,4059,4049.5082098765433,2.2686501745648739e-07,2.2827863052545994e-07,2.3086039083426983e-07,1.2031799779294024e-09,4.253883606908805e-10,1.00623107557446,1.0176112360670537,3.323111771738851,corrected-two-halo,scale_dependent_camb
5,0.2483836,0.28674463,4060,4079,4069.5081695331696,2.2496309382094904e-07,2.2745999046361744e-07,2.300321413609995e-07,1.3218448005184765e-09,4.673427110613969e-10,1.011099138975461,1.0225327961753805,5.342752938197365,corrected-two-halo,scale_dependent_camb
5,0.2483836,0.28674463,4080,4096,4088.005870123517,2.232273305913195e-07,2.2539588033324698e-07,2.279464623236027e-07,9.649044186231158e-10,3.4114522880263415e-10,1.0097145351162113,1.0211404746891093,6.356676156775686,corrected-two-halo,scale_dependent_camb
6,0.21083225,0.2483836,20,39,30.608333333333334,9.329632228288859e-05,8.977541130969579e-05,9.016289825307538e-05,3.523204703986641e-06,1.2456409688486484e-06,0.9622609885680502,0.9664142813656449,-2.826585718714114,corrected-two-halo,scale_dependent_camb
6,0.21083225,0.2483836,40,59,50.165,6.642961746851376e-05,6.455244598239446e-05,6.482828863466411e-05,1.849355389163785e-06,6.538458682507994e-07,0.9717419494849712,0.9758943541318954,-2.870969409260322,corrected-two-halo,scale_dependent_camb
6,0.21083225,0.2483836,60,79,69.975,4.53581371038833e-05,4.409673452163606e-05,4.428734443790959e-05,1.0404532897241409e-06,3.6785578833589577e-07,0.9721901589706327,0.9763924902047612,-3.4290681898837847,corrected-two-halo,scale_dependent_camb
6,0.21083225,0.2483836,80,99,89.86944444444444,3.44393963289663e-05,3.2933565244585334e-05,3.3073498658527814e-05,9.740403363903322e-07,3.4437526350541486e-07,0.956275915233902,0.9603390937114173,-4.372645901023872,corrected-two-halo,scale_dependent_camb
6,0.21083225,0.2483836,100,119,109.80227272727272,2.5607032718404677e-05,2.4711151874401657e-05,2.4817763140581032e-05,3.855364366373297e-07,1.3630771437037675e-07,0.965014265656828,0.9691776245024919,-6.5724881980540255,corrected-two-halo,scale_dependent_camb
6,0.21083225,0.2483836,120,139,129.75576923076923,2.0617866096522e-05,1.9630742544344433e-05,1.9715233456302355e-05,3.276986550652646e-07,1.1585897059117999e-07,0.9521229041086805,0.9562208505965654,-8.520044215313575,corrected-two-halo,scale_dependent_camb
6,0.21083225,0.2483836,140,159,149.72166666666666,1.6459565559168328e-05,1.5912489516011923e-05,1.598079885731969e-05,2.170809276013439e-07,7.674969798658812e-08,0.9667624250962279,0.9709125553692421,-7.12805467002626,corrected-two-halo,scale_dependent_camb
6,0.21083225,0.2483836,160,179,169.6955882352941,1.3757570612288701e-05,1.308323420232562e-05,1.3139392394762846e-05,2.4418571711327355e-07,8.633268821984785e-08,0.9509843395344275,0.9550663242117995,-7.81090481331787,corrected-two-halo,scale_dependent_camb
6,0.21083225,0.2483836,180,199,189.675,1.1583777907799109e-05,1.1140359887204156e-05,1.118839173249241e-05,1.2797708582656768e-07,4.52467326122294e-08,0.9617207767513904,0.9658672517330902,-9.80000090603459,corrected-two-halo,scale_dependent_camb
6,0.21083225,0.2483836,200,219,209.65833333333333,9.975613150511672e-06,9.590987346778483e-06,9.631803361128763e-06,2.1299977904800488e-07,7.530679407804028e-08,0.9614433922075797,0.9655349717159718,-5.107451571163707,corrected-two-halo,scale_dependent_camb
6,0.21083225,0.2483836,220,239,229.64456521739132,8.723801239282932e-06,8.330905781592803e-06,8.366952727438812e-06,9.12377516419208e-08,3.225741644310813e-08,0.9549628141548049,0.9590948369803239,-12.180003887883327,corrected-two-halo,scale_dependent_camb
6,0.21083225,0.2483836,240,259,249.633,7.717476609400616e-06,7.3051188381809945e-06,7.3362404058782225e-06,1.562846041917114e-07,5.525495170950732e-08,0.9465683160325576,0.9506009253001153,-7.462820226276128,corrected-two-halo,scale_dependent_camb
6,0.21083225,0.2483836,260,279,269.6231481481482,6.9339280454413175e-06,6.4891464709124184e-06,6.517125327835293e-06,7.548593319417733e-08,2.6688307622898744e-08,0.9358543135126245,0.9398893794578601,-16.665784163371736,corrected-two-halo,scale_dependent_camb
6,0.21083225,0.2483836,280,299,289.6146551724138,6.2796147000985594e-06,5.821541773265751e-06,5.846674992049335e-06,3.192728223439286e-08,1.1287998886397987e-08,0.9270539756482801,0.9310563261082835,-40.5805255158897,corrected-two-halo,scale_dependent_camb
6,0.21083225,0.2483836,300,319,309.60725806451615,5.756074882452544e-06,5.211173514236004e-06,5.233711261961549e-06,5.3137277017405846e-08,1.8786864456397877e-08,0.9053345588192958,0.9092500304185711,-29.00438066614004,corrected-two-halo,scale_dependent_camb
6,0.21083225,0.2483836,320,339,329.6007575757576,5.312220303080658e-06,4.705920703810414e-06,4.726250314366656e-06,6.027492304897812e-08,2.131040341171488e-08,0.8858670076392278,0.8896939593461162,-28.45087385520563,corrected-two-halo,scale_dependent_camb
6,0.21083225,0.2483836,340,359,349.595,4.943632293190618e-06,4.331854777778312e-06,4.350524115918427e-06,5.5502195330499334e-08,1.9622989344468205e-08,0.8762493892891324,0.8800258307865776,-31.17657073919617,corrected-two-halo,scale_dependent_camb
6,0.21083225,0.2483836,360,379,369.58986486486486,4.627324824199094e-06,3.982718277972177e-06,3.999869489517103e-06,3.484496196407646e-08,1.2319554447492892e-08,0.860695635012291,0.8644021419458936,-52.32385221188731,corrected-two-halo,scale_dependent_camb
6,0.21083225,0.2483836,380,399,389.5852564102564,4.355682569458135e-06,3.691550452098607e-06,3.7074589402790578e-06,3.0245914778158684e-08,1.0693545721413208e-08,0.8475251337146571,0.85117748622813,-62.105884676739315,corrected-two-halo,scale_dependent_camb
6,0.21083225,0.2483836,400,419,409.5810975609756,4.118721537462832e-06,3.414924381478084e-06,3.429635688834793e-06,4.492111341480238e-08,1.5882011957028374e-08,0.8291224231637924,0.8326942371897951,-44.3141056617384,corrected-two-halo,scale_dependent_camb
6,0.21083225,0.2483836,420,439,429.57732558139537,3.909741706335254e-06,3.180847746650883e-06,3.194532087856351e-06,3.100793341037516e-08,1.0962959992528591e-08,0.8135697919626536,0.8170698546863098,-66.48696704002593,corrected-two-halo,scale_dependent_camb
6,0.21083225,0.2483836,440,459,449.5738888888889,3.724228744889986e-06,2.9777207597118023e-06,2.990517991248559e-06,3.5694501258812836e-08,1.2619911945589156e-08,0.7995536696819531,0.80298987954267,-59.153184934788634,corrected-two-halo,scale_dependent_camb
6,0.21083225,0.2483836,460,479,469.5707446808511,3.5574485362554168e-06,2.791793192096452e-06,2.8038377551001972e-06,1.8329432938854796e-08,6.480433163184147e-09,0.7847740209434213,0.7881597517223754,-118.1487911191976,corrected-two-halo,scale_dependent_camb
6,0.21083225,0.2483836,480,499,489.5678571428571,3.406307693317297e-06,2.6455252546239683e-06,2.6569241661687062e-06,1.0774095466382495e-08,3.80921798271515e-09,0.7766548100789961,0.7800012228434979,-199.72142370047698,corrected-two-halo,scale_dependent_camb
6,0.21083225,0.2483836,500,519,509.56519607843137,3.268438108599234e-06,2.492622597166505e-06,2.503314104918527e-06,4.1726212007556785e-08,1.4752443731885473e-08,0.762634173983113,0.7659053106535284,-52.58894902651996,corrected-two-halo,scale_dependent_camb
6,0.21083225,0.2483836,520,539,529.5627358490566,3.1419636695706787e-06,2.3799765210048615e-06,2.3902057730477715e-06,2.761257132544908e-08,9.762518215111129e-09,0.7574805985360308,0.7607362860991871,-78.05231516867836,corrected-two-halo,scale_dependent_camb
6,0.21083225,0.2483836,540,559,549.5604545454545,3.025386296827949e-06,2.2534074418732157e-06,2.2630971282342996e-06,3.115401158608441e-08,1.1014606426842277e-08,0.7448329637229678,0.748035756824544,-70.08683061733764,corrected-two-halo,scale_dependent_camb
6,0.21083225,0.2483836,560,579,569.5583333333333,2.917492019835205e-06,2.1693413639326925e-06,2.1786304870879796e-06,2.4040620251307543e-08,8.499642801815103e-09,0.7435637695609629,0.7467477107995791,-88.02142317589447,corrected-two-halo,scale_dependent_camb
6,0.21083225,0.2483836,580,599,589.5563559322034,2.8172761592729637e-06,2.0604693753062185e-06,2.0693019041840306e-06,2.4773181936153222e-08,8.758642469311013e-09,0.7313693293872726,0.7345044600519539,-86.40685889605429,corrected-two-halo,scale_dependent_camb
6,0.21083225,0.2483836,600,619,609.5545081967213,2.7239085036135804e-06,1.996406072171715e-06,2.0049584538165536e-06,2.144492922380388e-08,7.581927438108644e-09,0.732919651861746,0.7360593981614081,-95.95217540400853,corrected-two-halo,scale_dependent_camb
6,0.21083225,0.2483836,620,639,629.5527777777778,2.6366975614091953e-06,1.9279641864349234e-06,1.936251660582209e-06,2.5684161168565977e-08,9.0807222656906e-09,0.7312041451597179,0.734347271724016,-78.04812813756637,corrected-two-halo,scale_dependent_camb
6,0.21083225,0.2483836,640,659,649.5511538461539,2.5550577930450643e-06,1.8627614660469989e-06,1.8707496577741368e-06,1.7870214728293833e-08,6.318075007818143e-09,0.7290486622719398,0.7321750853802084,-109.5739329054183,corrected-two-halo,scale_dependent_camb
6,0.21083225,0.2483836,660,679,669.5496268656716,2.4784854448411132e-06,1.7967407122607288e-06,1.804458507465379e-06,1.7337222595428566e-08,6.129633832084087e-09,0.7249349460577168,0.7280488619456291,-111.22111879048246,corrected-two-halo,scale_dependent_camb
6,0.21083225,0.2483836,680,699,689.5481884057971,2.4065404088830346e-06,1.7541597497145312e-06,1.7617047667183273e-06,1.5005017759740405e-08,5.305074904868509e-09,0.7289134822916613,0.7320486953867524,-122.97294022555808,corrected-two-halo,scale_dependent_camb
6,0.21083225,0.2483836,700,719,709.5468309859154,2.3388344568570644e-06,1.700400000573305e-06,1.707685627599305e-06,2.507237954563623e-08,8.864424798601134e-09,0.7270287965819991,0.7301438640057066,-72.02209627685133,corrected-two-halo,scale_dependent_camb
6,0.21083225,0.2483836,720,739,729.5455479452055,2.275021634108165e-06,1.6568576959793972e-06,1.6639936716397954e-06,1.9349351489917692e-08,6.841028825041413e-09,0.7282821715358785,0.731418834305767,-90.36125324687923,corrected-two-halo,scale_dependent_camb
6,0.21083225,0.2483836,740,759,749.5443333333334,2.214789863777369e-06,1.6067788048819949e-06,1.613690649886633e-06,1.2960045124047687e-08,4.5820678958488845e-09,0.7254768640405466,0.7285976318920165,-132.69359440225676,corrected-two-halo,scale_dependent_camb
6,0.21083225,0.2483836,760,779,769.5431818181818,2.157855853637489e-06,1.5710577964806225e-06,1.5778007127877296e-06,1.4540793138888268e-08,5.140946716169358e-09,0.728064293002842,0.7311891154026982,-114.1420227739889,corrected-two-halo,scale_dependent_camb
6,0.21083225,0.2483836,780,799,789.5420886075949,2.103961192145326e-06,1.5461475732281176e-06,1.5528165708936e-06,1.643536010124725e-08,5.810777289417376e-09,0.7348745685045512,0.7380443026661792,-95.99638587648192,corrected-two-halo,scale_dependent_camb
6,0.21083225,0.2483836,800,819,809.5410493827161,2.052869877514797e-06,1.512689646622831e-06,1.5191876901076668e-06,1.4522727740185412e-08,5.134559633205545e-09,0.7368658204747454,0.7400311664891271,-105.20478278187365,corrected-two-halo,scale_dependent_camb
6,0.21083225,0.2483836,820,839,829.5400602409638,2.004365972796099e-06,1.4779672132499292e-06,1.4843241927926225e-06,9.97467172432927e-09,3.52657900819147e-09,0.7373739293668803,0.7405454956521657,-149.2661183326564,corrected-two-halo,scale_dependent_camb
6,0.21083225,0.2483836,840,859,849.5391176470588,1.9582517452827444e-06,1.4516572069714072e-06,1.45789071121252e-06,1.6887774445356033e-08,5.9707299147300685e-09,0.7413026494005795,0.7444858480144089,-84.84633295194695,corrected-two-halo,scale_dependent_camb
6,0.21083225,0.2483836,860,879,869.5382183908046,1.9143462124331857e-06,1.43082988947437e-06,1.4369670402439009e-06,1.3882731607702057e-08,4.908286830599473e-09,0.7474248284774709,0.7506307014432237,-98.51020114481808,corrected-two-halo,scale_dependent_camb
6,0.21083225,0.2483836,880,899,889.5373595505617,1.8724833824374516e-06,1.4021034543872011e-06,1.4080985312689395e-06,1.819885747853035e-08,6.434267766458162e-09,0.7487935367212996,0.7519952083291589,-73.10543252525812,corrected-two-halo,scale_dependent_camb
6,0.21083225,0.2483836,900,919,909.5365384615385,1.8325112896869334e-06,1.383152215352202e-06,1.3890786183640235e-06,1.697158144841233e-08,6.000360164816083e-09,0.7547850990803445,0.7580191326413788,-74.88868367762466,corrected-two-halo,scale_dependent_camb
6,0.21083225,0.2483836,920,939,929.535752688172,1.7942908680633575e-06,1.3590903439379431e-06,1.3649245594050606e-06,1.6434504459390005e-08,5.8104747743376136e-09,0.7574526338669149,0.7607041777336094,-74.89930531107531,corrected-two-halo,scale_dependent_camb
6,0.21083225,0.2483836,940,959,949.535,1.7576948323602666e-06,1.3354277779533439e-06,1.3411653920623558e-06,1.262215335137408e-08,4.462605113966559e-09,0.7597608830425391,0.7630251664684097,-94.6234416048507,corrected-two-halo,scale_dependent_camb
6,0.21083225,0.2483836,960,979,969.5342783505155,1.7226067645031583e-06,1.311505610337748e-06,1.3171419303498853e-06,1.0573102655384339e-08,3.738156292901879e-09,0.7613493905650708,0.7646213619332797,-109.97430871096036,corrected-two-halo,scale_dependent_camb
6,0.21083225,0.2483836,980,999,989.5335858585859,1.6889200604954217e-06,1.2961761299481264e-06,1.301762224506031e-06,1.3051288811635787e-08,4.614327410965891e-09,0.7674585436375898,0.7707660385798111,-85.11401458291499,corrected-two-halo,scale_dependent_camb
6,0.21083225,0.2483836,1000,1019,1009.5329207920792,1.6565371351204109e-06,1.2810600339391131e-06,1.2865675778095654e-06,9.773578590011399e-09,3.4554818487283578e-09,0.7733361400594229,0.7766608731750809,-108.66128592730881,corrected-two-halo,scale_dependent_camb
6,0.21083225,0.2483836,1020,1039,1029.532281553398,1.6253686931706242e-06,1.2677992988541401e-06,1.2732315142688604e-06,1.761193168353482e-08,6.226758161610839e-09,0.7800072095525787,0.7833493530536472,-57.42464779200324,corrected-two-halo,scale_dependent_camb
6,0.21083225,0.2483836,1040,1059,1049.5316666666668,1.5953329131111386e-06,1.2484839847669508e-06,1.253854800905317e-06,1.0854779703948454e-08,3.837744168474028e-09,0.7825852362891578,0.785951816451973,-90.3783350629395,corrected-two-halo,scale_dependent_camb
6,0.21083225,0.2483836,1060,1079,1069.5310747663552,1.566355024829618e-06,1.2265009448590653e-06,1.2317731591781458e-06,1.0469346536420361e-08,3.7014729652473654e-09,0.7830287038485922,0.7863946165794267,-91.81590225334541,corrected-two-halo,scale_dependent_camb
6,0.21083225,0.2483836,1080,1099,1089.530504587156,1.5383665459834968e-06,1.2155509922142773e-06,1.220766074521741e-06,1.659941905795779e-08,5.868780889819582e-09,0.7901569332666165,0.7935469460831847,-55.005555639195705,corrected-two-halo,scale_dependent_camb
6,0.21083225,0.2483836,1100,1119,1109.529954954955,1.5113048838980206e-06,1.202824562404289e-06,1.207986395399415e-06,1.2773677681157033e-08,4.516177054518696e-09,0.7958847848767044,0.7993002657966182,-68.30563057422191,corrected-two-halo,scale_dependent_camb
6,0.21083225,0.2483836,1120,1139,1129.529424778761,1.4851128533115446e-06,1.185156042724611e-06,1.1902381724204356e-06,1.4737790963966529e-08,5.2105959651652784e-09,0.798024231008383,0.801446280507512,-57.566699201445196,corrected-two-halo,scale_dependent_camb
6,0.21083225,0.2483836,1140,1159,1149.5289130434783,1.459738154068215e-06,1.1769894113455883e-06,1.1820473655011626e-06,1.1798338743886495e-08,4.171342666269057e-09,0.806301738476438,0.8097667120687758,-67.78362876035874,corrected-two-halo,scale_dependent_camb
6,0.21083225,0.2483836,1160,1179,1169.5284188034188,1.4351329929306235e-06,1.157045335786152e-06,1.1620050466792297e-06,1.0396756383656164e-08,3.6758084706139e-09,0.8062286502266242,0.8096845744632691,-75.65346762967438,corrected-two-halo,scale_dependent_camb
6,0.21083225,0.2483836,1180,1199,1189.5279411764707,1.4112536555439377e-06,1.1468913896967007e-06,1.1518241901480082e-06,5.7440711473680465e-09,2.030835829960969e-09,0.8126755847124135,0.8161709169880322,-130.17411941777584,corrected-two-halo,scale_dependent_camb
6,0.21083225,0.2483836,1200,1219,1209.527479338843,1.3880601345380113e-06,1.133288780465225e-06,1.1381469809115543e-06,1.2318593023974042e-08,4.3552803309646716e-09,0.8164551032527262,0.8199550960307381,-58.49711952212174,corrected-two-halo,scale_dependent_camb
6,0.21083225,0.2483836,1220,1239,1229.5270325203253,1.365515775546821e-06,1.1166391965572462e-06,1.1214318282575474e-06,1.1174090252494837e-08,3.9506374955648e-09,0.8177417035772346,0.8212514628829314,-62.996561762241456,corrected-two-halo,scale_dependent_camb
6,0.21083225,0.2483836,1240,1259,1249.5266,1.3435869748670804e-06,1.112369996422153e-06,1.1171479830860157e-06,8.266150058724234e-09,2.9225253804147417e-09,0.8279106728704321,0.8314668153109581,-79.11547321177244,corrected-two-halo,scale_dependent_camb
6,0.21083225,0.2483836,1260,1279,1269.5261811023622,1.3222427887284024e-06,1.097145179068744e-06,1.1018633991967131e-06,1.0259225401069225e-08,3.627183925408663e-09,0.8297607583277999,0.8333291046014116,-62.058504417941066,corrected-two-halo,scale_dependent_camb
6,0.21083225,0.2483836,1280,1299,1289.5257751937984,1.3014548118855732e-06,1.0886659810964353e-06,1.0933474105682109e-06,8.185302271207705e-09,2.893941371016308e-09,0.8364992554133744,0.84009632957148,-73.52907454182794,corrected-two-halo,scale_dependent_camb
6,0.21083225,0.2483836,1300,1319,1309.5253816793893,1.2811967680709496e-06,1.0752050697042342e-06,1.0798091863611493e-06,1.3380273018002573e-08,4.730640892578505e-09,0.8392193115840672,0.8428129177901205,-43.54414191317674,corrected-two-halo,scale_dependent_camb
6,0.21083225,0.2483836,1320,1339,1329.525,1.2614444288214857e-06,1.0616782090181585e-06,1.0662287045993942e-06,1.175163336058472e-08,4.1548298196437555e-09,0.8416369241172516,0.8452442931596492,-48.08048186687359,corrected-two-halo,scale_dependent_camb
6,0.21083225,0.2483836,1340,1359,1349.5246296296295,1.2421753401950053e-06,1.0519331285676117e-06,1.0564568953735843e-06,9.741291052982465e-09,3.4440664805378722e-09,0.8468475379671214,0.8504893481525196,-55.237671137429004,corrected-two-halo,scale_dependent_camb
6,0.21083225,0.2483836,1360,1379,1369.5242700729927,1.2233686834401234e-06,1.041017990617757e-06,1.0454787934718867e-06,1.1945543504613099e-08,4.223387408535419e-09,0.8509437953654374,0.8545901228499583,-43.17640679939468,corrected-two-halo,scale_dependent_camb
6,0.21083225,0.2483836,1380,1399,1389.5239208633093,1.205005114347624e-06,1.0297990626403794e-06,1.0342143462632895e-06,1.1663084969045183e-08,4.1235232355833715e-09,0.8546014040761153,0.8582655243112403,-42.489405709013184,corrected-two-halo,scale_dependent_camb
6,0.21083225,0.2483836,1400,1419,1409.5235815602837,1.1870666320421629e-06,1.0175782890168618e-06,1.0219387563371385e-06,1.1958905625467408e-08,4.228111631668977e-09,0.8572208682728089,0.8608941812971799,-40.08606153059359,corrected-two-halo,scale_dependent_camb
6,0.21083225,0.2483836,1420,1439,1429.5232517482518,1.1695364577773115e-06,1.0046292985912517e-06,1.008945446955485e-06,1.1134436148129771e-08,3.9366176525155916e-09,0.8589978464634923,0.8626883242895843,-41.890570469977,corrected-two-halo,scale_dependent_camb
6,0.21083225,0.2483836,1440,1459,1449.5229310344828,1.1523989314219637e-06,9.95638617574674e-07,9.999117799862451e-07,9.91974644951504e-09,3.5071599910516314e-09,0.8639704449796213,0.8676785032700767,-44.697223464928,corrected-two-halo,scale_dependent_camb
6,0.21083225,0.2483836,1460,1479,1469.522619047619,1.1356393946391867e-06,9.860496059611997e-07,9.902841874439007e-07,8.26191801230385e-09,2.9210291260536667e-09,0.8682770346078789,0.8720058428041166,-51.21133074084886,corrected-two-halo,scale_dependent_camb
6,0.21083225,0.2483836,1480,1499,1489.5223154362416,1.1192440820358677e-06,9.73961003416766e-07,9.781458289228545e-07,6.918330455139185e-09,2.4459991896591655e-09,0.8701953568922728,0.8739343317711717,-59.39620881041497,corrected-two-halo,scale_dependent_camb
6,0.21083225,0.2483836,1500,1519,1509.5220198675497,1.1032000560126425e-06,9.662667702563991e-07,9.70407108871074e-07,1.1806675105342692e-08,4.1742900151271065e-09,0.8758762882489609,0.8796293143588758,-32.80397031830903,corrected-two-halo,scale_dependent_camb
6,0.21083225,0.2483836,1520,1539,1529.5217320261438,1.0874951197058372e-06,9.533873860006424e-07,9.574789447926064e-07,9.363306620127908e-09,3.3104288027106677e-09,0.876681990314154,0.8804443601104164,-40.51068356926563,corrected-two-halo,scale_dependent_camb
6,0.21083225,0.2483836,1540,1559,1549.5214516129033,1.0721177583301164e-06,9.438157073063231e-07,9.478638840500187e-07,9.859220901348711e-09,3.4857609782799093e-09,0.8803283967391502,0.8841042662387851,-36.807472406529,corrected-two-halo,scale_dependent_camb
6,0.21083225,0.2483836,1560,1579,1569.521178343949,1.057057042836453e-06,9.351579488127051e-07,9.391677080229541e-07,7.932296361821603e-09,2.804490273912717e-09,0.8846806850681871,0.8884740084630054,-43.46568613827954,corrected-two-halo,scale_dependent_camb
6,0.21083225,0.2483836,1580,1599,1589.5209119496856,1.0423025977507723e-06,9.250546072719426e-07,9.290154810788352e-07,1.0069808053017017e-08,3.5602147797676188e-09,0.8875106032242038,0.8913107221296349,-32.93284190188173,corrected-two-halo,scale_dependent_camb
6,0.21083225,0.2483836,1600,1619,1609.520652173913,1.02784458119177e-06,9.122964820045942e-07,9.162141358172264e-07,1.0950030696544994e-08,3.87142047986391e-09,0.8875821293398273,0.8913936528758952,-29.84643486497172,corrected-two-halo,scale_dependent_camb
6,0.21083225,0.2483836,1620,1639,1629.520398773006,1.0136735808289115e-06,9.036996970228346e-07,9.075784165542995e-07,7.990876616382203e-09,2.825201521534435e-09,0.8915095688731002,0.8953359678291558,-38.92603163626624,corrected-two-halo,scale_dependent_camb
6,0.21083225,0.2483836,1640,1659,1649.5201515151516,9.997806455157945e-07,8.960141386723797e-07,8.99865637095713e-07,9.524429612070368e-09,3.3673943828144576e-09,0.8962107265140337,0.9000630699661778,-30.815073925700094,corrected-two-halo,scale_dependent_camb
6,0.21083225,0.2483836,1660,1679,1669.5199101796406,9.86157198195968e-07,8.86044377919713e-07,8.898461223972379e-07,9.55798730913275e-09,3.3792588203913647e-09,0.8984818845723614,0.9023369945735656,-29.62567403010004,corrected-two-halo,scale_dependent_camb
6,0.21083225,0.2483836,1680,1699,1689.519674556213,9.727950712678566e-07,8.765406521608235e-07,8.803100022261275e-07,7.332536353348029e-09,2.5924430893746346e-09,0.9010537553592006,0.9049285180678475,-37.1288455671566,corrected-two-halo,scale_dependent_camb
6,0.21083225,0.2483836,1700,1719,1709.5194444444444,9.5968643541872e-07,8.665218541592239e-07,8.702261098973051e-07,1.1341565729921438e-08,4.009849018450202e-09,0.902921852574849,0.9067817130473637,-23.2339374452318,corrected-two-halo,scale_dependent_camb
6,0.21083225,0.2483836,1720,1739,1729.519219653179,9.46823792920444e-07,8.585702600425584e-07,8.622498061560477e-07,8.669264165458438e-09,3.0650477396465984e-09,0.9067899079662217,0.9106761074269892,-28.793526357296262,corrected-two-halo,scale_dependent_camb
6,0.21083225,0.2483836,1740,1759,1749.519,9.341999782352238e-07,8.461191307269565e-07,8.497419639164118e-07,8.933473269112404e-09,3.1584597640690677e-09,0.9057152113462271,0.9095932174197223,-27.887278638241103,corrected-two-halo,scale_dependent_camb
6,0.21083225,0.2483836,1760,1779,1769.5187853107345,9.218081245580419e-07,8.360361042612104e-07,8.396309934224734e-07,5.879598326565001e-09,2.0787519236835945e-09,0.9069524144865239,0.9108522381759566,-41.26130651744224,corrected-two-halo,scale_dependent_camb
6,0.21083225,0.2483836,1780,1799,1789.5185754189945,9.09641649407381e-07,8.297336930095708e-07,8.332959956589076e-07,8.78308382978235e-09,3.1052890678845058e-09,0.9121544660472956,0.9160706264953771,-25.732855992130812,corrected-two-halo,scale_dependent_camb
6,0.21083225,0.2483836,1800,1819,1809.5183701657459,8.976942374894414e-07,8.20538829571313e-07,8.240670596353166e-07,3.865425514340728e-09,1.3666342966809134e-09,0.9140515726892633,0.9179818976447525,-56.45651371805354,corrected-two-halo,scale_dependent_camb
6,0.21083225,0.2483836,1820,1839,1829.518169398907,8.859598305566904e-07,8.117977329596278e-07,8.152764138661856e-07,9.563067375593324e-09,3.3810548951129395e-09,0.9162918057464715,0.9202182601821901,-21.93460322228378,corrected-two-halo,scale_dependent_camb
6,0.21083225,0.2483836,1840,1859,1849.517972972973,8.744326151928164e-07,8.02952053902016e-07,8.063948520130792e-07,8.693626359538454e-09,3.073661075965879e-09,0.9182549231937801,0.92219210263019,-23.255837102448954,corrected-two-halo,scale_dependent_camb
6,0.21083225,0.2483836,1860,1879,1869.5177807486632,8.631070021403033e-07,7.92582684466597e-07,7.959935487949658e-07,5.600685921839281e-09,1.980141497314293e-09,0.9182901801296681,0.9222420242462269,-35.61579703741369,corrected-two-halo,scale_dependent_camb
6,0.21083225,0.2483836,1880,1899,1889.5175925925926,8.519776134063556e-07,7.838611213589585e-07,7.872176201729761e-07,8.820461476231098e-09,3.1185040615188573e-09,0.9200489649310672,0.9239886210455017,-21.842681844775672,corrected-two-halo,scale_dependent_camb
6,0.21083225,0.2483836,1900,1919,1909.5174083769634,8.410392763397584e-07,7.774157906908335e-07,7.80751932618267e-07,6.1467069317812e-09,2.1731890767144217e-09,0.924351350241552,0.9283180400517504,-29.27655321418942,corrected-two-halo,scale_dependent_camb
6,0.21083225,0.2483836,1920,1939,1929.5172279792746,8.302870151910049e-07,7.675370879447793e-07,7.708315224050119e-07,6.1607556167980766e-09,2.1781560369355154e-09,0.9244238123707256,0.9283916384356372,-28.80873830072777,corrected-two-halo,scale_dependent_camb
6,0.21083225,0.2483836,1940,1959,1949.5170512820512,8.197160362134906e-07,7.597426806240181e-07,7.629908443608977e-07,9.386142823138167e-09,3.3185026197132216e-09,0.926836425127771,0.9307989726361543,-18.072414718978077,corrected-two-halo,scale_dependent_camb
6,0.21083225,0.2483836,1960,1979,1969.5168781725888,8.093217175741634e-07,7.517655863531595e-07,7.549916640777134e-07,5.739704287506624e-09,2.0292919118507175e-09,0.9288834959309866,0.9328696458816188,-28.362667236234447,corrected-two-halo,scale_dependent_camb
6,0.21083225,0.2483836,1980,1999,1989.5167085427136,7.990996068089074e-07,7.421223648654997e-07,7.453055841786464e-07,6.718219033270497e-09,2.3752491179610497e-09,0.928698197999448,0.9326817055447193,-23.987901526858717,corrected-two-halo,scale_dependent_camb
6,0.21083225,0.2483836,2000,2019,2009.5165422885573,7.890454099255235e-07,7.371655242365099e-07,7.40321498327766e-07,8.761457322115435e-09,3.0976429427721766e-09,0.9342498099140955,0.9382495468767046,-16.748181326084246,corrected-two-halo,scale_dependent_camb
6,0.21083225,0.2483836,2020,2039,2029.5163793103447,7.791549834320742e-07,7.25889690645747e-07,7.290073326657551e-07,5.458358666687605e-09,1.9298212136815837e-09,0.9316371018360163,0.9356384136241735,-27.601154142518347,corrected-two-halo,scale_dependent_camb
6,0.21083225,0.2483836,2040,2059,2049.516219512195,7.694243213446373e-07,7.199839126706505e-07,7.23081302391081e-07,5.366002244865827e-09,1.8971682876034315e-09,0.9357436367652308,0.9397692304909627,-26.060107053782584,corrected-two-halo,scale_dependent_camb
6,0.21083225,0.2483836,2060,2079,2069.5160628019325,7.598495556071176e-07,7.10195875766375e-07,7.132403112143507e-07,7.684299375621119e-09,2.7168100985846227e-09,0.9346532751459341,0.9386599043865647,-18.27646321935077,corrected-two-halo,scale_dependent_camb
6,0.21083225,0.2483836,2080,2099,2089.515909090909,7.504269505992076e-07,7.037473381012957e-07,7.067691893716113e-07,5.1591737013704795e-09,1.8240433547791829e-09,0.9377959274241967,0.9418227701007593,-25.59128453586722,corrected-two-halo,scale_dependent_camb
6,0.21083225,0.2483836,2100,2119,2109.5157582938386,7.411528837729e-07,6.94550242806064e-07,6.975308069470727e-07,5.134092139387264e-09,1.8151756834986418e-09,0.9371214199024614,0.9411429439446211,-25.67390109425231,corrected-two-halo,scale_dependent_camb
6,0.21083225,0.2483836,2120,2139,2129.5156103286386,7.320238504482994e-07,6.85421746103043e-07,6.883637382966735e-07,6.5995952592044775e-09,2.3333092804350385e-09,0.9363379972978793,0.9403569813676317,-19.97253631827481,corrected-two-halo,scale_dependent_camb
6,0.21083225,0.2483836,2140,2159,2149.515465116279,7.230364654797683e-07,6.812693847075958e-07,6.841974822135969e-07,3.7405568269095e-09,1.3224865488606712e-09,0.942233783818278,0.9462835069592237,-31.582234850067113,corrected-two-halo,scale_dependent_camb
6,0.21083225,0.2483836,2160,2179,2169.5153225806453,7.141874452564807e-07,6.736536826058172e-07,6.765448246888798e-07,5.075383948327874e-09,1.7944192034939967e-09,0.9432449241163755,0.9472930799643466,-22.58879227982975,corrected-two-halo,scale_dependent_camb
6,0.21083225,0.2483836,2180,2199,2189.5151826484016,7.054736211773773e-07,6.658980867367369e-07,6.687513634046602e-07,7.751500695426509e-09,2.7405693530541613e-09,0.9439021768459718,0.9479466606966386,-14.440625046228586,corrected-two-halo,scale_dependent_camb
6,0.21083225,0.2483836,2200,2219,2209.515045248869,6.96891933482585e-07,6.586480432581474e-07,6.61469210885945e-07,7.576115619156156e-09,2.6785613646793183e-09,0.9451222084989261,0.9491704224217065,-14.277772661376448,corrected-two-halo,scale_dependent_camb
6,0.21083225,0.2483836,2220,2239,2229.5149103139015,6.884394212804752e-07,6.506419383193596e-07,6.534290696477102e-07,6.3354913618732955e-09,2.239934452064701e-09,0.9450968643096971,0.9491453415499553,-16.874370107694446,corrected-two-halo,scale_dependent_camb
6,0.21083225,0.2483836,2240,2259,2249.514777777778,6.80113250488345e-07,6.452850230327833e-07,6.48058121283488e-07,3.848210568978883e-09,1.3605478943793553e-09,0.9487905471176251,0.9528679537094148,-25.598678002768438,corrected-two-halo,scale_dependent_camb
6,0.21083225,0.2483836,2260,2279,2269.5146475770925,6.719106771013746e-07,6.370320226660333e-07,6.397627940406578e-07,6.63243890183407e-09,2.3449212616461643e-09,0.9480903405407876,0.9521545286355579,-14.874126055241595,corrected-two-halo,scale_dependent_camb
6,0.21083225,0.2483836,2280,2299,2289.514519650655,6.638290812962497e-07,6.297594111105583e-07,6.324647415021901e-07,4.0783157246009436e-09,1.4419023523425276e-09,0.9486770448212903,0.9527523866040716,-23.628278385385492,corrected-two-halo,scale_dependent_camb
6,0.21083225,0.2483836,2300,2319,2309.514393939394,6.558659336309766e-07,6.23728344364395e-07,6.264074899107029e-07,4.166336405590521e-09,1.4730223625487216e-09,0.9509997583063008,0.9550846564675389,-21.817448318282793,corrected-two-halo,scale_dependent_camb
6,0.21083225,0.2483836,2320,2339,2329.514270386266,6.48018828724111e-07,6.163978496045813e-07,6.190441093618377e-07,4.260281603890909e-09,1.5062370059377812e-09,0.9512036105775067,0.9552872261145223,-20.993362262961085,corrected-two-halo,scale_dependent_camb
6,0.21083225,0.2483836,2340,2359,2349.5141489361704,6.402854486115602e-07,6.099686855101041e-07,6.125965210953087e-07,3.2899527264213393e-09,1.1631739413178497e-09,0.9526511758666434,0.9567553384567866,-26.063825903035532,corrected-two-halo,scale_dependent_camb
6,0.21083225,0.2483836,2360,2379,2369.514029535865,6.326635812527489e-07,6.021892172464047e-07,6.047771251696236e-07,5.077910948437244e-09,1.7953126329506939e-09,0.9518316449541772,0.9559221410723423,-16.97440515207534,corrected-two-halo,scale_dependent_camb
6,0.21083225,0.2483836,2380,2399,2389.513912133891,6.251511090869182e-07,5.949297636060849e-07,5.974833128061272e-07,5.0548821074065885e-09,1.7871707081228722e-09,0.9516575352078093,0.955742226353558,-16.910161599826072,corrected-two-halo,scale_dependent_camb
6,0.21083225,0.2483836,2400,2419,2409.5137966804978,6.177459981120052e-07,5.879391024732441e-07,5.904662431033504e-07,3.6280802999732037e-09,1.282720091400188e-09,0.9517489457967209,0.9558398515052643,-23.23725638866747,corrected-two-halo,scale_dependent_camb
6,0.21083225,0.2483836,2420,2439,2429.513683127572,6.104463101529042e-07,5.84525856637463e-07,5.870407785762041e-07,2.247264698594855e-09,7.945280537487823e-10,0.9575385204491633,0.961658329016949,-32.62371088489837,corrected-two-halo,scale_dependent_camb
6,0.21083225,0.2483836,2440,2459,2449.5135714285716,6.032501774792878e-07,5.768751930801232e-07,5.79353877361736e-07,3.771040530568701e-09,1.3332641656472221e-09,0.9562785302287455,0.9603874130341682,-19.78226451947056,corrected-two-halo,scale_dependent_camb
6,0.21083225,0.2483836,2460,2479,2469.5134615384613,5.961558038112863e-07,5.718340955053853e-07,5.742928477627557e-07,2.937514902878143e-09,1.0385683538308388e-09,0.9592024297165106,0.9633267747982012,-23.41849548581814,corrected-two-halo,scale_dependent_camb
6,0.21083225,0.2483836,2480,2499,2489.513353413655,5.891614718081965e-07,5.654185857309049e-07,5.678523090947631e-07,2.508697721407862e-09,8.869585853773696e-10,0.9597005452436965,0.9638313709685845,-26.768877903346294,corrected-two-halo,scale_dependent_camb
6,0.21083225,0.2483836,2500,2519,2509.513247011952,5.822655216911487e-07,5.591797657194906e-07,5.615897598890356e-07,3.2374536608397786e-09,1.1446127186785103e-09,0.960351841021589,0.9644908361703062,-20.16905420927989,corrected-two-halo,scale_dependent_camb
6,0.21083225,0.2483836,2520,2539,2529.51314229249,5.754663496551627e-07,5.529575702265563e-07,5.553314910558144e-07,3.418973084115883e-09,1.2087895262363126e-09,0.9608860197610263,0.9650112320009437,-18.62092526454106,corrected-two-halo,scale_dependent_camb
6,0.21083225,0.2483836,2540,2559,2549.513039215686,5.687624082168379e-07,5.468099255252253e-07,5.49159201142411e-07,3.2694509576204163e-09,1.1559254714451239e-09,0.9614030702900406,0.965533574668048,-18.991261317364863,corrected-two-halo,scale_dependent_camb
6,0.21083225,0.2483836,2560,2579,2569.512937743191,5.621522053779741e-07,5.406658650357138e-07,5.429901296757323e-07,3.4086217057818575e-09,1.2051297613290041e-09,0.9617784291572536,0.9659130116026889,-17.82906789934837,corrected-two-halo,scale_dependent_camb
6,0.21083225,0.2483836,2580,2599,2589.5128378378377,5.556342935411778e-07,5.334314196932461e-07,5.357287208573217e-07,2.818005592950984e-09,9.963154320986292e-10,0.9600404904700391,0.9641750465814598,-22.284984386083288,corrected-two-halo,scale_dependent_camb
6,0.21083225,0.2483836,2600,2619,2609.5127394636015,5.492072702703522e-07,5.290223661964778e-07,5.312932041191875e-07,4.187781755062831e-09,1.4806044385671145e-09,0.963247201618547,0.9673819573758622,-13.6328809694835,corrected-two-halo,scale_dependent_camb
6,0.21083225,0.2483836,2620,2639,2629.5126425855515,5.428697774860667e-07,5.232372565586612e-07,5.254834579880916e-07,4.1349410933841116e-09,1.4619224434694111e-09,0.9638356715705925,0.9679733147450424,-13.429249284123369,corrected-two-halo,scale_dependent_camb
6,0.21083225,0.2483836,2640,2659,2649.512547169811,5.366205008152603e-07,5.191296141646599e-07,5.213568983931652e-07,3.755538972636997e-09,1.3277835372809901e-09,0.9674054818553757,0.971556057961062,-13.172995567046959,corrected-two-halo,scale_dependent_camb
6,0.21083225,0.2483836,2660,2679,2669.5124531835204,5.304581690064961e-07,5.135782468800066e-07,5.157867040752466e-07,2.6123461460852143e-09,9.236038373516991e-10,0.968178598968314,0.9723419002883339,-18.276149842437103,corrected-two-halo,scale_dependent_camb
6,0.21083225,0.2483836,2680,2699,2689.5123605947956,5.24381549632488e-07,5.06694696047797e-07,5.088744307236768e-07,2.5839281486648916e-09,9.135565580098731e-10,0.966271022317458,0.9704277945711871,-19.360436340384553,corrected-two-halo,scale_dependent_camb
6,0.21083225,0.2483836,2700,2719,2709.512269372694,5.183894514879987e-07,5.01545173360536e-07,5.03699156947558e-07,3.2518450540911135e-09,1.1497008445578809e-09,0.9675065183538893,0.9716616638354171,-14.651009614540351,corrected-two-halo,scale_dependent_camb
6,0.21083225,0.2483836,2720,2739,2729.5121794871793,5.124807241538208e-07,4.965329057132242e-07,4.986620205437146e-07,4.207384361071245e-09,1.4875350063858534e-09,0.9688811350574623,0.9730356617160132,-10.720970176926318,corrected-two-halo,scale_dependent_camb
6,0.21083225,0.2483836,2740,2759,2749.512090909091,5.066542554482596e-07,4.919404606482168e-07,4.940574624330724e-07,3.0788495982507536e-09,1.0885377145882927e-09,0.9709589041406059,0.9751372994902762,-13.51702803022117,corrected-two-halo,scale_dependent_camb
6,0.21083225,0.2483836,2760,2779,2769.5120036101084,5.009089712117537e-07,4.864720110641459e-07,4.885616432145436e-07,3.7664265212336195e-09,1.331632867002575e-09,0.9711784755767437,0.9753501560027152,-10.841546874781217,corrected-two-halo,scale_dependent_camb
6,0.21083225,0.2483836,2780,2799,2789.511917562724,4.952438337518454e-07,4.791833998033884e-07,4.812414142523589e-07,3.0191087369745415e-09,1.0674161305271253e-09,0.9675706533753544,0.9717262113221933,-15.04608511071104,corrected-two-halo,scale_dependent_camb
6,0.21083225,0.2483836,2800,2819,2809.5118327402133,4.896578427526271e-07,4.7679365307334526e-07,4.788432890379574e-07,2.6500800345200697e-09,9.369447815481106e-10,0.9737282066045029,0.9779140600426712,-13.729933644570176,corrected-two-halo,scale_dependent_camb
6,0.21083225,0.2483836,2820,2839,2829.511749116608,4.841500303403844e-07,4.711850351780602e-07,4.732125254208619e-07,1.9797715662384977e-09,6.999549498437769e-10,0.9732211208306462,0.9774088521447932,-18.522613727094623,corrected-two-halo,scale_dependent_camb
6,0.21083225,0.2483836,2840,2859,2849.5116666666668,4.787194600341124e-07,4.652780173088972e-07,4.6727750378980177e-07,2.4590905299554225e-09,8.6941979464155e-10,0.9719220883056281,0.9760988278113965,-15.46024464597901,corrected-two-halo,scale_dependent_camb
6,0.21083225,0.2483836,2860,2879,2869.5115853658535,4.733652253255186e-07,4.613002825276816e-07,4.632813490347291e-07,3.322854290466625e-09,1.174806400841882e-09,0.9745124015192702,0.978697471315399,-10.269728517984841,corrected-two-halo,scale_dependent_camb
6,0.21083225,0.2483836,2880,2899,2889.5115051903113,4.680864479587917e-07,4.5697902110069745e-07,4.58942768682053e-07,2.8969533504925834e-09,1.0242276794571974e-09,0.9762705651775841,0.9804658320773608,-10.844685298859332,corrected-two-halo,scale_dependent_camb
6,0.21083225,0.2483836,2900,2919,2909.5114261168383,4.6288227395055807e-07,4.534796113956324e-07,4.5542566495534055e-07,3.331744283822218e-09,1.1779494881351038e-09,0.9796867085129943,0.983890916946165,-7.982228991679184,corrected-two-halo,scale_dependent_camb
6,0.21083225,0.2483836,2920,2939,2929.511348122867,4.5775187144696737e-07,4.4775939488057726e-07,4.496844525660513e-07,1.9533137148995636e-09,6.906006867950839e-10,0.9781705391289749,0.98237600022166,-14.469253734401644,corrected-two-halo,scale_dependent_camb
6,0.21083225,0.2483836,2940,2959,2949.511271186441,4.526944290525699e-07,4.433777476909427e-07,4.452871660477434e-07,2.16771448729224e-09,7.664028068203314e-10,0.9794194919051118,0.9836373886457385,-12.156376880038419,corrected-two-halo,scale_dependent_camb
6,0.21083225,0.2483836,2960,2979,2969.5111952861953,4.477091537967318e-07,4.3908913599705766e-07,4.409760642114793e-07,2.706848062816352e-09,9.57015310429556e-10,0.9807463891980466,0.9849610187145973,-9.007189023762919,corrected-two-halo,scale_dependent_camb
6,0.21083225,0.2483836,2980,2999,2989.511120401338,4.427952675380588e-07,4.349375177494326e-07,4.3680817872013377e-07,2.5009447641497194e-09,8.842175010516286e-10,0.9822542146118335,0.986478878034959,-8.886670733479816,corrected-two-halo,scale_dependent_camb
6,0.21083225,0.2483836,3000,3019,3009.5110465116277,4.379520042303698e-07,4.2932920048041094e-07,4.311739763520468e-07,3.0699580553846007e-09,1.0853940794603588e-09,0.9803110759474384,0.9845233545848606,-7.944399101795363,corrected-two-halo,scale_dependent_camb
6,0.21083225,0.2483836,3020,3039,3029.5109735973597,4.331786090026698e-07,4.24964467162426e-07,4.2679088505066163e-07,2.2386582826117293e-09,7.914852261970921e-10,0.9810375173899846,0.9852538333628362,-10.37813665797768,corrected-two-halo,scale_dependent_camb
6,0.21083225,0.2483836,3040,3059,3049.5109016393444,4.284743364535853e-07,4.2102269392562063e-07,4.228295133684133e-07,2.9630226596894766e-09,1.0475867077379143e-09,0.9826088941763916,0.9868257615336,-7.113151086133243,corrected-two-halo,scale_dependent_camb
6,0.21083225,0.2483836,3060,3079,3069.5108306188927,4.238384462517551e-07,4.1767553656723946e-07,4.1947190321965005e-07,1.9909077918348727e-09,7.038922001617868e-10,0.9854592953069318,0.9896976240104669,-8.755473754502665,corrected-two-halo,scale_dependent_camb
6,0.21083225,0.2483836,3080,3099,3089.5107605177996,4.192702022743129e-07,4.1143683588621726e-07,4.1320932044680956e-07,1.0185886781934001e-09,3.601254807951976e-10,0.9813166632267118,0.9855442104050649,-21.751769329953227,corrected-two-halo,scale_dependent_camb
6,0.21083225,0.2483836,3100,3119,3109.510691318328,4.1476887200684793e-07,4.089028014911317e-07,4.1065971065668374e-07,2.252965791146759e-09,7.965436943505941e-10,0.9858570136005302,0.9900928887689133,-7.364405188718157,corrected-two-halo,scale_dependent_camb
6,0.21083225,0.2483836,3120,3139,3129.5106230031947,4.103337253338205e-07,4.0561319126195926e-07,4.0735701765938216e-07,2.117025121562735e-09,7.484814096996425e-10,0.9884958662171359,0.9927456421671977,-6.306815387379564,corrected-two-halo,scale_dependent_camb
6,0.21083225,0.2483836,3140,3159,3149.5105555555556,4.0596403243219785e-07,4.010104574529602e-07,4.027339321652372e-07,2.0901944427017697e-09,7.389953322164289e-10,0.9877979954293982,0.9920433831351793,-6.703120795608604,corrected-two-halo,scale_dependent_camb
6,0.21083225,0.2483836,3160,3179,3169.5104889589907,4.0165906293563614e-07,3.9762804832489797e-07,3.9933789550173813e-07,1.8236299997066057e-09,6.447505695838812e-10,0.9899640889930968,0.9942210505174883,-6.252052810654767,corrected-two-halo,scale_dependent_camb
6,0.21083225,0.2483836,3180,3199,3189.510423197492,3.974180840539931e-07,3.9233408838943983e-07,3.9401705344465586e-07,3.1857145554593664e-09,1.1263201825450028e-09,0.9872074375360771,0.9914421845763939,-4.513810320849992,corrected-two-halo,scale_dependent_camb
6,0.21083225,0.2483836,3200,3219,3209.5103582554516,3.932403624198988e-07,3.899305961379882e-07,3.916054718301338e-07,2.598098211821296e-09,9.185664318837407e-10,0.991583350545343,0.9958425158096583,-3.6031866254061646,corrected-two-halo,scale_dependent_camb
6,0.21083225,0.2483836,3220,3239,3229.510294117647,3.8912516236754556e-07,3.8665917965127393e-07,3.883191006516577e-07,2.5882623023829967e-09,9.150889127522616e-10,0.9936627518475857,0.9979285284174799,-2.694801217572218,corrected-two-halo,scale_dependent_camb
6,0.21083225,0.2483836,3240,3259,3249.510230769231,3.8507174598779164e-07,3.81835409345886e-07,3.834764758350971e-07,2.282605868144517e-09,8.070230440705971e-10,0.9915954970063988,0.9958572131834749,-4.010215898646025,corrected-two-halo,scale_dependent_camb
6,0.21083225,0.2483836,3260,3279,3269.5101681957185,3.810793705560273e-07,3.78079988014047e-07,3.797062007915448e-07,2.0153518116745615e-09,7.125344662558381e-10,0.9921292445256116,0.9963966305431886,-4.209456081108907,corrected-two-halo,scale_dependent_camb
6,0.21083225,0.2483836,3280,3299,3289.510106382979,3.7714729153385726e-07,3.751744495649602e-07,3.7679076939385837e-07,1.107969248178277e-09,3.9172628436651024e-10,0.99476904113278,0.9990546872587924,-5.036276725947768,corrected-two-halo,scale_dependent_camb
6,0.21083225,0.2483836,3300,3319,3309.5100453172204,3.73274761790459e-07,3.711042292749451e-07,3.7269902893311994e-07,2.1587002844562863e-09,7.632158048441845e-10,0.9941851613403954,0.9984576164362747,-2.8439302510998337,corrected-two-halo,scale_dependent_camb
6,0.21083225,0.2483836,3320,3339,3329.509984984985,3.6946103104632085e-07,3.6754154605923335e-07,3.691199628980113e-07,2.223506894438702e-09,7.861284015363234e-10,0.9948046347901659,0.9990768494654398,-2.441693981970721,corrected-two-halo,scale_dependent_camb
6,0.21083225,0.2483836,3340,3359,3349.509925373134,3.657053449039536e-07,3.638361060131148e-07,3.6540108182678704e-07,1.8877710094231616e-09,6.674278410452457e-10,0.994888674948599,0.9991680103082812,-2.8006606495639397,corrected-two-halo,scale_dependent_camb
6,0.21083225,0.2483836,3360,3379,3369.5098664688426,3.620069488822342e-07,3.6100215656535987e-07,3.6255226347161474e-07,2.4228814106886205e-09,8.566179377543759e-10,0.9972243838965611,1.0015063649774245,-1.172976040530261,corrected-two-halo,scale_dependent_camb
6,0.21083225,0.2483836,3380,3399,3389.509808259587,3.583650878797141e-07,3.578381694717674e-07,3.5937811137963335e-07,1.5464400115789099e-09,5.467491094428251e-10,0.9985296603219241,1.0028267918225875,-0.9637297964392838,corrected-two-halo,scale_dependent_camb
6,0.21083225,0.2483836,3400,3419,3409.509750733138,3.5477900373096475e-07,3.5476121084056916e-07,3.562874063069843e-07,2.2912949109643057e-09,8.100950846205436e-10,0.9999498479611012,1.0042516681093208,-0.021963953038824806,corrected-two-halo,scale_dependent_camb
6,0.21083225,0.2483836,3420,3439,3429.509693877551,3.5124794005597476e-07,3.505613975188915e-07,3.520688499096297e-07,1.7476178801104887e-09,6.178762269744926e-10,0.9980454190365534,1.002337123609961,-1.1111327918295135,corrected-two-halo,scale_dependent_camb
6,0.21083225,0.2483836,3440,3459,3449.5096376811593,3.477711430950309e-07,3.4744742501565336e-07,3.48937447927243e-07,2.7701108189266016e-09,9.793820723506102e-10,0.9990691634835007,1.0033536561482141,-0.3305329845385066,corrected-two-halo,scale_dependent_camb
6,0.21083225,0.2483836,3460,3479,3469.509582132565,3.4434785890821964e-07,3.447232014077963e-07,3.4620518836819865e-07,1.9447830570244233e-09,6.875846437793368e-10,1.0010900096802307,1.0053937592812914,0.5458855182011587,corrected-two-halo,scale_dependent_camb
6,0.21083225,0.2483836,3480,3499,3489.5095272206304,3.4097733756280284e-07,3.4212287612419223e-07,3.435924653711862e-07,2.012493760081145e-09,7.115239924244952e-10,1.0033595738930257,1.0076695062113965,1.6099788251496778,corrected-two-halo,scale_dependent_camb
6,0.21083225,0.2483836,3500,3519,3509.509472934473,3.3765883263803484e-07,3.394256777660065e-07,3.4088600483746236e-07,1.3826255868461065e-09,4.888319641504559e-10,1.005232634118195,1.0095574937999239,3.614422250480885,corrected-two-halo,scale_dependent_camb
6,0.21083225,0.2483836,3520,3539,3529.509419263456,3.3439160077735093e-07,3.359101328804834e-07,3.3735242000940236e-07,2.159141838691107e-09,7.633719178410362e-10,1.0045411789638328,1.0088543468949833,1.9892428155166577,corrected-two-halo,scale_dependent_camb
6,0.21083225,0.2483836,3540,3559,3549.509366197183,3.311749041081888e-07,3.3241662724418965e-07,3.338464264086616e-07,1.9713454194177857e-09,6.969758570656775e-10,1.0037494481634852,1.0080668017634575,1.781587013972925,corrected-two-halo,scale_dependent_camb
6,0.21083225,0.2483836,3560,3579,3569.5093137254903,3.280080071756148e-07,3.299653798767272e-07,3.313832401773172e-07,2.2991194660456136e-09,8.128614825994238e-10,1.0059674540203052,1.0102900933143844,2.408002769245489,corrected-two-halo,scale_dependent_camb
6,0.21083225,0.2483836,3580,3599,3589.50926183844,3.248901794522215e-07,3.2794271740782065e-07,3.2935296672790494e-07,1.7646249960996151e-09,6.238891504966614e-10,1.0093955993398935,1.013736294778771,4.892756915501956,corrected-two-halo,scale_dependent_camb
6,0.21083225,0.2483836,3600,3619,3609.5092105263157,3.2182069492886304e-07,3.241928488654269e-07,3.2558701131991286e-07,1.777563590773174e-09,6.284636345130102e-10,1.0073710422416688,1.0117031516319432,3.7745285586842674,corrected-two-halo,scale_dependent_camb
6,0.21083225,0.2483836,3620,3639,3629.5091597796145,3.187988301652045e-07,3.2133016117039516e-07,3.2271168069274205e-07,1.510190730787729e-09,5.339330533125354e-10,1.0079402142218616,1.0122737292527386,4.740914594978137,corrected-two-halo,scale_dependent_camb
6,0.21083225,0.2483836,3640,3659,3649.509109589041,3.1582386624053165e-07,3.1951939292151463e-07,3.208943887139268e-07,1.317832991086397e-09,4.659243222342712e-10,1.0117012267786263,1.0160549059631023,7.931602847564648,corrected-two-halo,scale_dependent_camb
6,0.21083225,0.2483836,3660,3679,3669.5090599455043,3.128950862986837e-07,3.159523455863453e-07,3.173086655151263e-07,2.2979016348656796e-09,8.124309142565879e-10,1.0097708766341675,1.0141056200934697,3.763100632943262,corrected-two-halo,scale_dependent_camb
6,0.21083225,0.2483836,3680,3699,3689.509010840108,3.100117779588558e-07,3.138123959892907e-07,3.151626808009225e-07,1.1198247683003303e-09,3.959178437029089e-10,1.012259592378904,1.0166151843519646,9.599511845409058,corrected-two-halo,scale_dependent_camb
6,0.21083225,0.2483836,3700,3719,3709.508962264151,3.0717323068539675e-07,3.1114633907422125e-07,3.1248347686083547e-07,1.631587666607309e-09,5.768533515791819e-10,1.0129344226381944,1.0172874640266991,6.887553618173132,corrected-two-halo,scale_dependent_camb
6,0.21083225,0.2483836,3720,3739,3729.508914209115,3.0437873742350917e-07,3.084466696454744e-07,3.0977071076367816e-07,2.1549880405990626e-09,7.61903328441754e-10,1.0133647056177422,1.017714684625512,5.339171086553674,corrected-two-halo,scale_dependent_camb
6,0.21083225,0.2483836,3740,3759,3749.5088666666666,3.01627593649433e-07,3.0595806078543637e-07,3.0727256228790576e-07,2.1759953948527244e-09,7.693305497655302e-10,1.0143569992506603,1.0187150272631675,5.628877128723351,corrected-two-halo,scale_dependent_camb
6,0.21083225,0.2483836,3760,3779,3769.5088196286474,2.9891909921919084e-07,3.0321888504449196e-07,3.045240215342016e-07,1.8514354323482227e-09,6.545812745712379e-10,1.0143844466162673,1.0187506329627363,6.568757757571897,corrected-two-halo,scale_dependent_camb
6,0.21083225,0.2483836,3780,3799,3789.5087730870714,2.962525571974758e-07,3.0085082495226797e-07,3.0214418285699687e-07,1.3770999210773798e-09,4.868783462826373e-10,1.015521444939721,1.019887172334495,9.444387473586314,corrected-two-halo,scale_dependent_camb
6,0.21083225,0.2483836,3800,3819,3809.5087270341205,2.9362727516954294e-07,2.9833773884158733e-07,2.996219979728661e-07,8.95725204229837e-10,3.1668668299531144e-10,1.0160423232798266,1.0204160965627658,14.874208247380357,corrected-two-halo,scale_dependent_camb
6,0.21083225,0.2483836,3820,3839,3829.508681462141,2.9104256556035563e-07,2.9604977713047695e-07,2.973229103026493e-07,1.3537763286259273e-09,4.786322110906106e-10,1.0172043960665367,1.02157878429295,10.461501449540751,corrected-two-halo,scale_dependent_camb
6,0.21083225,0.2483836,3840,3859,3849.5086363636365,2.8849774707869386e-07,2.936896367611243e-07,2.9495356229516227e-07,1.0517545748278877e-09,3.7185139600238674e-10,1.0179962919468284,1.0223773505403058,13.96227024624944,corrected-two-halo,scale_dependent_camb
6,0.21083225,0.2483836,3860,3879,3869.5085917312663,2.859921442376661e-07,2.9104188059482776e-07,2.9229269006852184e-07,1.36426213548444e-09,4.82339503658544e-10,1.017656905823837,1.0220304856542488,10.469257273889916,corrected-two-halo,scale_dependent_camb
6,0.21083225,0.2483836,3880,3899,3889.5085475578408,2.835250888267939e-07,2.893027746551683e-07,2.905488789705e-07,6.478405220666278e-10,2.2904621314037284e-10,1.0203780408015461,1.0247730815384628,25.22497861526969,corrected-two-halo,scale_dependent_camb
6,0.21083225,0.2483836,3900,3919,3909.5085038363172,2.810959198443305e-07,2.859496037951396e-07,2.871771191344186e-07,1.9921230012993883e-09,7.043218415882474e-10,1.0172670025004171,1.0216338938446914,6.891287000079451,corrected-two-halo,scale_dependent_camb
6,0.21083225,0.2483836,3920,3939,3929.5084605597963,2.7870398537437446e-07,2.848413875760047e-07,2.860654666592798e-07,1.6251752543468698e-09,5.745862214826219e-10,1.0220212215242852,1.0264132616367754,10.681429474228805,corrected-two-halo,scale_dependent_camb
6,0.21083225,0.2483836,3940,3959,3949.508417721519,2.763486416407537e-07,2.823642392157939e-07,2.8357811790037607e-07,1.4535657046084817e-09,5.139130833144297e-10,1.0217681459887917,1.0261607085046596,11.705476607529077,corrected-two-halo,scale_dependent_camb
6,0.21083225,0.2483836,3960,3979,3969.5083753148615,2.740292543961591e-07,2.8009465006814554e-07,2.813000546208436e-07,1.020276047984492e-09,3.607220561060228e-10,1.02213411734215,1.026532934378507,16.81459608392711,corrected-two-halo,scale_dependent_camb
6,0.21083225,0.2483836,3980,3999,3989.508333333333,2.7174519901630113e-07,2.785026341865376e-07,2.797019785647005e-07,1.3584850920566245e-09,4.802970103670352e-10,1.0248668060915076,1.029280294839439,14.069284264485738,corrected-two-halo,scale_dependent_camb
6,0.21083225,0.2483836,4000,4019,4009.5082917705736,2.694958612943683e-07,2.7606009248081784e-07,2.77247709408358e-07,1.6639910905224544e-09,5.883096919712128e-10,1.0243574471048351,1.0287642566262731,11.157781821433517,corrected-two-halo,scale_dependent_camb
6,0.21083225,0.2483836,4020,4039,4029.5082506203476,2.6728063775797583e-07,2.7463871121153516e-07,2.7581880567104194e-07,1.8425726722071229e-09,6.514478156733371e-10,1.0275293920101392,1.0319445807398795,11.294954525181765,corrected-two-halo,scale_dependent_camb
6,0.21083225,0.2483836,4040,4059,4049.5082098765433,2.650989349414607e-07,2.7146605913563415e-07,2.7263280986221156e-07,1.5906742089844096e-09,5.623882599157117e-10,1.024017916916865,1.0284191067097816,11.32158092191986,corrected-two-halo,scale_dependent_camb
6,0.21083225,0.2483836,4060,4079,4069.5081695331696,2.6295017117129335e-07,2.7014985815951757e-07,2.713111114608874e-07,1.5266775255715278e-09,5.397620155083631e-10,1.0273804232800219,1.0317966717889964,13.338632177448334,corrected-two-halo,scale_dependent_camb
6,0.21083225,0.2483836,4080,4096,4088.005870123517,2.6099126458014715e-07,2.687522197974915e-07,2.699067880691883e-07,1.6274157876602491e-09,5.753783696323043e-10,1.0297364558535294,1.034160237138141,13.488437569010438,corrected-two-halo,scale_dependent_camb
7,0.17404257,0.21083225,20,39,30.608333333333334,0.0001247865045918291,0.0001196990192354748,0.00011946266495187824,3.439837722984927e-06,1.2161662900519672e-06,0.9592304843140272,0.9573364150445204,-4.183215237890613,corrected-two-halo,scale_dependent_camb
7,0.17404257,0.21083225,40,59,50.165,8.163033392251497e-05,7.866057513078388e-05,7.849829378009348e-05,2.3586344243929798e-06,8.339031979141525e-07,0.9636194212490906,0.9616314182250623,-3.561275216547152,corrected-two-halo,scale_dependent_camb
7,0.17404257,0.21083225,60,79,69.975,5.592494560107448e-05,5.2495367601149917e-05,5.238885477217906e-05,1.0168392144839964e-06,3.5950695196901805e-07,0.9386753449097915,0.9367707774966976,-9.53967087740802,corrected-two-halo,scale_dependent_camb
7,0.17404257,0.21083225,80,99,89.86944444444444,3.979287577153739e-05,3.792649216302823e-05,3.784906026386041e-05,5.945871958934269e-07,2.102183191114681e-07,0.9530975439115128,0.9511516704940605,-8.878310969271483,corrected-two-halo,scale_dependent_camb
7,0.17404257,0.21083225,100,119,109.80227272727272,3.043219480630667e-05,2.8817921556582058e-05,2.876085446363393e-05,4.167145699117095e-07,1.4733084910190271e-07,0.9469550829311175,0.9450798618597704,-10.95679051308587,corrected-two-halo,scale_dependent_camb
7,0.17404257,0.21083225,120,139,129.75576923076923,2.3506360408432965e-05,2.2197817130045388e-05,2.2152903143142047e-05,3.857409001632623e-07,1.363800031432229e-07,0.9443323740616972,0.9424216577226748,-9.594832440452265,corrected-two-halo,scale_dependent_camb
7,0.17404257,0.21083225,140,159,149.72166666666666,1.9187538589211584e-05,1.8198777215535875e-05,1.8162429581648665e-05,4.073599093812385e-07,1.440234771535056e-07,0.9484685662479057,0.946574230832333,-6.8652791421071635,corrected-two-halo,scale_dependent_camb
7,0.17404257,0.21083225,160,179,169.6955882352941,1.580166149752787e-05,1.5038921977430078e-05,1.5008094112886022e-05,4.0801682554992285e-07,1.442557320922795e-07,0.9517304227649023,0.9497794972531212,-5.287412216035004,corrected-two-halo,scale_dependent_camb
7,0.17404257,0.21083225,180,199,189.675,1.3481185519634279e-05,1.2664576738215802e-05,1.2639456476268653e-05,1.6552540489808527e-07,5.852206813104253e-08,0.9394260408159838,0.9375626837758657,-13.95386061186231,corrected-two-halo,scale_dependent_camb
7,0.17404257,0.21083225,200,219,209.65833333333333,1.1645207756085477e-05,1.0832364448155869e-05,1.0810165831410742e-05,1.9357787397008026e-07,6.84401136859593e-08,0.9301993296336996,0.9282930848323969,-11.8767089087458,corrected-two-halo,scale_dependent_camb
7,0.17404257,0.21083225,220,239,229.64456521739132,1.0282371234321127e-05,9.512429215683648e-06,9.492749618426668e-06,2.2451736925272007e-07,7.93788771463812e-08,0.9251201886129613,0.9232062723762773,-9.69958314247305,corrected-two-halo,scale_dependent_camb
7,0.17404257,0.21083225,240,259,249.633,9.194641721577638e-06,8.232851370874641e-06,8.216339645466544e-06,1.428260081032363e-07,5.049661942980159e-08,0.8953966473271162,0.8936008486534879,-19.046628498369866,corrected-two-halo,scale_dependent_camb
7,0.17404257,0.21083225,260,279,269.6231481481482,8.33882015502466e-06,7.319903268997041e-06,7.305128715450332e-06,1.168128109354904e-07,4.129956537097367e-08,0.8778104255655811,0.8760386457127913,-24.671370676063766,corrected-two-halo,scale_dependent_camb
7,0.17404257,0.21083225,280,299,289.6146551724138,7.64102601393491e-06,6.627186428771531e-06,6.613777143099752e-06,8.878091272889713e-08,3.1388792715267116e-08,0.8673163023768741,0.865561395948428,-32.29941318100647,corrected-two-halo,scale_dependent_camb
7,0.17404257,0.21083225,300,319,309.60725806451615,7.067030005670137e-06,5.97443527797472e-06,5.962320147127317e-06,1.1922338572666922e-07,4.215183226167362e-08,0.8453954876633057,0.8436811704978653,-25.920456337762907,corrected-two-halo,scale_dependent_camb
7,0.17404257,0.21083225,320,339,329.6007575757576,6.584854969131781e-06,5.481077075861423e-06,5.469952022992468e-06,1.0115707600995185e-07,3.576442720581999e-08,0.8323762788330793,0.8306867878843633,-30.862451310019555,corrected-two-halo,scale_dependent_camb
7,0.17404257,0.21083225,340,359,349.595,6.173630414715295e-06,4.956522513547049e-06,4.946515107393284e-06,8.402467770258952e-08,2.9707209695257573e-08,0.8028537798007505,0.8012327876969939,-40.97011848819122,corrected-two-halo,scale_dependent_camb
7,0.17404257,0.21083225,360,379,369.58986486486486,5.817581589987123e-06,4.589837226353831e-06,4.580492801862473e-06,7.547164292983918e-08,2.6683255251489518e-08,0.7889596656888469,0.7873534270230341,-46.01179099258351,corrected-two-halo,scale_dependent_camb
7,0.17404257,0.21083225,380,399,389.5852564102564,5.50548036318681e-06,4.237311698233279e-06,4.228762747667637e-06,7.029349605828573e-08,2.4852503868061842e-08,0.7696534032827863,0.7681005958978385,-51.02780273915439,corrected-two-halo,scale_dependent_camb
7,0.17404257,0.21083225,400,419,409.5810975609756,5.227955848940037e-06,3.977999208286273e-06,3.969819321203912e-06,7.913484496933663e-08,2.797839275298204e-08,0.7609091054379904,0.759344461948505,-44.67578433434276,corrected-two-halo,scale_dependent_camb
7,0.17404257,0.21083225,420,439,429.57732558139537,4.978883266562414e-06,3.741982797878443e-06,3.7343098774267667e-06,6.899400490544033e-08,2.439306436492739e-08,0.751570703215549,0.7500296105566375,-50.70705550477698,corrected-two-halo,scale_dependent_camb
7,0.17404257,0.21083225,440,459,449.5738888888889,4.75365084085674e-06,3.514692963236046e-06,3.5076139815822245e-06,4.0273111457291454e-08,1.4238695105466213e-08,0.7393670845632828,0.7378779172073258,-87.01344248498307,corrected-two-halo,scale_dependent_camb
7,0.17404257,0.21083225,460,479,469.5707446808511,4.548722449486473e-06,3.322648707365816e-06,3.3158887422246106e-06,5.26874021571507e-08,1.8627809674211996e-08,0.7304575612743587,0.7289714373755553,-65.81953345905241,corrected-two-halo,scale_dependent_camb
7,0.17404257,0.21083225,480,499,489.5678571428571,4.3613204808866985e-06,3.1623899046187205e-06,3.1560145417304038e-06,4.509583067493e-08,1.5943783836741663e-08,0.7250991800482812,0.7236373835771766,-75.19736773557489,corrected-two-halo,scale_dependent_camb
7,0.17404257,0.21083225,500,519,509.56519607843137,4.189209942403169e-06,3.0127553771545403e-06,3.0066390669008024e-06,4.566116101628335e-08,1.614365829573239e-08,0.7191703014593372,0.717710286244576,-72.87409976706626,corrected-two-halo,scale_dependent_camb
7,0.17404257,0.21083225,520,539,529.5627358490566,4.030585171742425e-06,2.8853809942732713e-06,2.8794593235995478e-06,5.29699689077331e-08,1.8727712106949326e-08,0.715871485486044,0.7144023016277697,-61.150244671061586,corrected-two-halo,scale_dependent_camb
7,0.17404257,0.21083225,540,559,549.5604545454545,3.883958339115593e-06,2.776860043779032e-06,2.771160778827434e-06,5.3005674261510775e-08,1.8740335855839756e-08,0.7149561867883846,0.713488801081849,-59.075691271113136,corrected-two-halo,scale_dependent_camb
7,0.17404257,0.21083225,560,579,569.5583333333333,3.748075838283501e-06,2.6595899344797667e-06,2.654144753536302e-06,5.283445929437356e-08,1.867980222368808e-08,0.7095880791189577,0.7081352854246982,-58.27074027707919,corrected-two-halo,scale_dependent_camb
7,0.17404257,0.21083225,580,599,589.5563559322034,3.6218599242004494e-06,2.578535861905656e-06,2.573331530169301e-06,3.456662479765022e-08,1.222114739857477e-08,0.711936937338869,0.7105000149163365,-85.37038530575828,corrected-two-halo,scale_dependent_camb
7,0.17404257,0.21083225,600,619,609.5545081967213,3.5043710519857663e-06,2.516658937916275e-06,2.5114994870248303e-06,4.3126504282852545e-08,1.5247521813637858e-08,0.7181485352386414,0.7166762451144204,-64.77853425243511,corrected-two-halo,scale_dependent_camb
7,0.17404257,0.21083225,620,639,629.5527777777778,3.394780495783272e-06,2.4254564785012646e-06,2.4204461842326558e-06,4.939622669587678e-08,1.746420343084122e-08,0.714466364324284,0.7129904826657107,-55.503477219591495,corrected-two-halo,scale_dependent_camb
7,0.17404257,0.21083225,640,659,649.5511538461539,3.2923483536043163e-06,2.3710065715717443e-06,2.3661583472083397e-06,3.9771982148601423e-08,1.406151913925319e-08,0.7201566532217261,0.7186840798963375,-65.52220801382805,corrected-two-halo,scale_dependent_camb
7,0.17404257,0.21083225,660,679,669.5496268656716,3.19641075218529e-06,2.295612113610821e-06,2.29082147945181e-06,5.5299568398396607e-08,1.955134990559777e-08,0.7181843297333986,0.7166855754960917,-46.073475382718215,corrected-two-halo,scale_dependent_camb
7,0.17404257,0.21083225,680,699,689.5481884057971,3.106370378634348e-06,2.249611463916233e-06,2.244991350814706e-06,3.9112263799587026e-08,1.3828273480122553e-08,0.7241929292749787,0.7227056265588233,-61.95704156051459,corrected-two-halo,scale_dependent_camb
7,0.17404257,0.21083225,700,719,709.5468309859154,3.0216898075174446e-06,2.2163648096744053e-06,2.211722028534714e-06,5.4027398873525636e-08,1.9101570056670206e-08,0.7334852188204332,0.7319487337953519,-42.16014680750405,corrected-two-halo,scale_dependent_camb
7,0.17404257,0.21083225,720,739,729.5455479452055,2.941885076530183e-06,2.1599850644270025e-06,2.1555872471533957e-06,3.805523409025259e-08,1.3454557042429541e-08,0.7342180296772859,0.7327231319640164,-58.11414003726948,corrected-two-halo,scale_dependent_camb
7,0.17404257,0.21083225,740,759,749.5443333333334,2.8665200262497155e-06,2.1082406158664707e-06,2.1038140892595053e-06,5.330420539869596e-08,1.8845882551589243e-08,0.7354703949599452,0.7339261787791999,-40.235813223790906,corrected-two-halo,scale_dependent_camb
7,0.17404257,0.21083225,760,779,769.5431818181818,2.7952015414187836e-06,2.0827862337864406e-06,2.078619172863182e-06,2.538556418407099e-08,8.97515228940147e-09,0.745129180463053,0.7436383895982399,-79.37640328104696,corrected-two-halo,scale_dependent_camb
7,0.17404257,0.21083225,780,799,789.5420886075949,2.727575644266373e-06,2.043881521889887e-06,2.0396652661659703e-06,3.8828905211246274e-08,1.3728091090460956e-08,0.7493399958260821,0.7477942070840614,-49.80256307095417,corrected-two-halo,scale_dependent_camb
7,0.17404257,0.21083225,800,819,809.5410493827161,2.663323893361395e-06,2.0214191282732733e-06,2.017195144220213e-06,4.513849485549943e-08,1.5958867902438866e-08,0.758983589383126,0.7573976072712285,-40.222449926415166,corrected-two-halo,scale_dependent_camb
7,0.17404257,0.21083225,820,839,829.5400602409638,2.602159735330647e-06,1.9777445168972936e-06,1.97372669267617e-06,2.5839746658062908e-08,9.135730043029355e-09,0.7600396278693432,0.7584955934403372,-68.34869413745297,corrected-two-halo,scale_dependent_camb
7,0.17404257,0.21083225,840,859,849.5391176470588,2.5438252538503962e-06,1.956828545411312e-06,1.9528136055850777e-06,3.4874598083837326e-08,1.2330032398118375e-08,0.7692464497902946,0.7676681417598363,-47.6070694290035,corrected-two-halo,scale_dependent_camb
7,0.17404257,0.21083225,860,879,869.5382183908046,2.4880885300213677e-06,1.9259564947511325e-06,1.9220312531265787e-06,2.7542066559650792e-08,9.73759101611016e-09,0.7740707259860212,0.7724931126586851,-57.72803913619162,corrected-two-halo,scale_dependent_camb
7,0.17404257,0.21083225,880,899,889.5373595505617,2.434740955377774e-06,1.8994408269382864e-06,1.8955649061741314e-06,2.8903068731153344e-08,1.0218777948449695e-08,0.7801408288396617,0.77854890557752,-52.38396715731539,corrected-two-halo,scale_dependent_camb
7,0.17404257,0.21083225,900,919,909.5365384615385,2.3835951639023114e-06,1.8667593334346787e-06,1.8628734131670281e-06,3.936953005840907e-08,1.3919230838214334e-08,0.7831696261618969,0.7815393492061035,-37.13106251882064,corrected-two-halo,scale_dependent_camb
7,0.17404257,0.21083225,920,939,929.535752688172,2.3344827883569398e-06,1.8366503400829887e-06,1.832873396293361e-06,3.189803506829369e-08,1.1277658451658383e-08,0.7867482892755288,0.7851303960923086,-44.14324572852662,corrected-two-halo,scale_dependent_camb
7,0.17404257,0.21083225,940,959,949.535,2.2872526391734435e-06,1.8136507252016952e-06,1.8099362203014464e-06,2.8504542040028136e-08,1.0077877485560459e-08,0.7929385211495936,0.7913145182578137,-46.994212288284224,corrected-two-halo,scale_dependent_camb
7,0.17404257,0.21083225,960,979,969.5342783505155,2.241768970273324e-06,1.7860875046002377e-06,1.7824314501660795e-06,2.8167389026073208e-08,9.958675894327952e-09,0.7967312993820553,0.7951004201600486,-45.75723424563135,corrected-two-halo,scale_dependent_camb
7,0.17404257,0.21083225,980,999,989.5335858585859,2.197909750914724e-06,1.771489050255279e-06,1.7678486717808853e-06,3.13715309884537e-08,1.1091511149069762e-08,0.8059880754967406,0.8043317843442587,-38.445681109486046,corrected-two-halo,scale_dependent_camb
7,0.17404257,0.21083225,1000,1019,1009.5329207920792,2.155565222860489e-06,1.7436840076262568e-06,1.740108229416533e-06,3.1791841339384354e-08,1.1240113298742743e-08,0.8089219426690993,0.8072630839290337,-36.64386686211631,corrected-two-halo,scale_dependent_camb
7,0.17404257,0.21083225,1020,1039,1029.532281553398,2.1146366096007397e-06,1.723469062357282e-06,1.7199288250857884e-06,2.885699194897032e-08,1.020248734588126e-08,0.8150190224327416,0.8133448637354882,-38.34040993948127,corrected-two-halo,scale_dependent_camb
7,0.17404257,0.21083225,1040,1059,1049.5316666666668,2.075034792050027e-06,1.6957060071045613e-06,1.6922115095587347e-06,3.255638414120636e-08,1.1510419998580596e-08,0.8171940121684859,0.8155099452028548,-32.95525141499985,corrected-two-halo,scale_dependent_camb
7,0.17404257,0.21083225,1060,1079,1069.5310747663552,2.0366794060212275e-06,1.677574399641503e-06,1.6741783884751308e-06,2.108049723668663e-08,7.453081273422695e-09,0.8236811324757012,0.8220137069808824,-48.18208646942768,corrected-two-halo,scale_dependent_camb
7,0.17404257,0.21083225,1080,1099,1089.530504587156,1.9994977050535216e-06,1.6639674256930394e-06,1.6605159965449988e-06,3.468289482717175e-08,1.2262255061736487e-08,0.8321927159443772,0.8304665678526252,-27.3628527274303,corrected-two-halo,scale_dependent_camb
7,0.17404257,0.21083225,1100,1119,1109.529954954955,1.963423795700642e-06,1.644520275193042e-06,1.6411386881087194e-06,3.106076852952692e-08,1.0981640028047095e-08,0.8375778468174263,0.8358555558419745,-29.039698960548773,corrected-two-halo,scale_dependent_camb
7,0.17404257,0.21083225,1120,1139,1129.529424778761,1.928397882586973e-06,1.6206400656254739e-06,1.6172663889416497e-06,3.437534456290834e-08,1.21535196230283e-08,0.8404075114682051,0.8386580402028154,-25.32252602598874,corrected-two-halo,scale_dependent_camb
7,0.17404257,0.21083225,1140,1159,1149.5289130434783,1.894365483352494e-06,1.5991713482502609e-06,1.5958748177645835e-06,2.9194934820806875e-08,1.03219681940459e-08,0.8441725539784315,0.84243237737859,-28.598628629035332,corrected-two-halo,scale_dependent_camb
7,0.17404257,0.21083225,1160,1179,1169.5284188034188,1.8612768264774052e-06,1.5830380280733715e-06,1.5798024275336599e-06,2.4247321322196872e-08,8.572722666267286e-09,0.850511866668098,0.8487734898217935,-32.45629296966209,corrected-two-halo,scale_dependent_camb
7,0.17404257,0.21083225,1180,1199,1189.5279411764707,1.8290862615102084e-06,1.5557714081306655e-06,1.5525730415194367e-06,2.546028171895218e-08,9.001568927195487e-09,0.8505730106168546,0.8488243961974407,-30.363024000605687,corrected-two-halo,scale_dependent_camb
7,0.17404257,0.21083225,1200,1219,1209.527479338843,1.7977517781596187e-06,1.5470990604463186e-06,1.5439244325018694e-06,2.6455078155778606e-08,9.353282580385578e-09,0.8605743458254863,0.8588084580188287,-26.798368974645825,corrected-two-halo,scale_dependent_camb
7,0.17404257,0.21083225,1220,1239,1229.5270325203253,1.767234544517012e-06,1.5208061915491658e-06,1.51769923919225e-06,2.281583257425402e-08,8.06661496583597e-09,0.8605570756114914,0.8587989884540422,-30.549165171701976,corrected-two-halo,scale_dependent_camb
7,0.17404257,0.21083225,1240,1259,1249.5266,1.737498547779952e-06,1.5062739086931778e-06,1.5031768708880772e-06,2.7519519043593497e-08,9.729619265358647e-09,0.8669209598003889,0.8651384905090863,-23.765024383844782,corrected-two-halo,scale_dependent_camb
7,0.17404257,0.21083225,1260,1279,1269.5261811023622,1.708510217069251e-06,1.4810304639662382e-06,1.4779984757933448e-06,2.4448895015084835e-08,8.643989728842232e-09,0.8668549062040567,0.8650802676080439,-26.316522837132208,corrected-two-halo,scale_dependent_camb
7,0.17404257,0.21083225,1280,1299,1289.5257751937984,1.6802382818059435e-06,1.4676913523500473e-06,1.4646548767595212e-06,3.0251533901585104e-08,1.069553238155278e-08,0.8735019123433804,0.8716947427154735,-19.872496466140245,corrected-two-halo,scale_dependent_camb
7,0.17404257,0.21083225,1300,1319,1309.5253816793893,1.6526534325820666e-06,1.454241741567946e-06,1.4512485763547349e-06,2.6494731853619274e-08,9.367302279706706e-09,0.879943557976262,0.8781324310005749,-21.18130546976785,corrected-two-halo,scale_dependent_camb
7,0.17404257,0.21083225,1320,1339,1329.525,1.625728248235853e-06,1.431577662188841e-06,1.4286701688260623e-06,1.8395100402229502e-08,6.503650117511934e-09,0.8805762363681057,0.8787878111710079,-29.85255703166382,corrected-two-halo,scale_dependent_camb
7,0.17404257,0.21083225,1340,1359,1349.5246296296295,1.5994369978393067e-06,1.4174246157296844e-06,1.414525036003141e-06,2.356336653592002e-08,8.330908132566606e-09,0.886202218433421,0.8843893431964092,-21.84784410214682,corrected-two-halo,scale_dependent_camb
7,0.17404257,0.21083225,1360,1379,1369.5242700729927,1.5737555484094104e-06,1.3947997675229546e-06,1.3919335056545278e-06,2.2982024216048612e-08,8.125372584280711e-09,0.886287434495576,0.8844661466397056,-22.02431691965269,corrected-two-halo,scale_dependent_camb
7,0.17404257,0.21083225,1380,1399,1389.5239208633093,1.5486612177615662e-06,1.3804014353429742e-06,1.3775962242467725e-06,1.855998239715152e-08,6.561944705864396e-09,0.8913514586090078,0.88954008045604,-25.641755601539675,corrected-two-halo,scale_dependent_camb
7,0.17404257,0.21083225,1400,1419,1409.5235815602837,1.5241326677842131e-06,1.3668034702127271e-06,1.3639798666749684e-06,2.544296244583772e-08,8.995445639463259e-09,0.8967746044048701,0.8949220074509162,-17.48987252852473,corrected-two-halo,scale_dependent_camb
7,0.17404257,0.21083225,1420,1439,1429.5232517482518,1.5001497940523443e-06,1.3465993666690874e-06,1.3438317447847145e-06,2.4049539883318157e-08,8.502796367955299e-09,0.89764327003074,0.8957983730108918,-18.058815093108226,corrected-two-halo,scale_dependent_camb
7,0.17404257,0.21083225,1440,1459,1449.5229310344828,1.4766936276514105e-06,1.3301342397485482e-06,1.327432597373551e-06,1.6896011420342404e-08,5.973642125164732e-09,0.9007516622551179,0.8989221410027686,-24.53434350970945,corrected-two-halo,scale_dependent_camb
7,0.17404257,0.21083225,1460,1479,1469.522619047619,1.4537462173664838e-06,1.3125637123044198e-06,1.3098666882965535e-06,2.1959434099149175e-08,7.763832381263742e-09,0.9028836647170636,0.9010284413117349,-18.184641054690477,corrected-two-halo,scale_dependent_camb
7,0.17404257,0.21083225,1480,1499,1489.5223154362416,1.4312905296779432e-06,1.2946704658312339e-06,1.2920493337282067e-06,1.7431385679640836e-08,6.162925509776055e-09,0.904547636546264,0.9027163297300184,-22.168053731948113,corrected-two-halo,scale_dependent_camb
7,0.17404257,0.21083225,1500,1519,1509.5220198675497,1.4093103800025978e-06,1.2843040634638991e-06,1.2816686659008683e-06,2.2239152620240197e-08,7.86272781280721e-09,0.9112996552693607,0.909429664385574,-15.898593912291107,corrected-two-halo,scale_dependent_camb
7,0.17404257,0.21083225,1520,1539,1529.5217320261438,1.3877903666148685e-06,1.2651540823150396e-06,1.2625888939041927e-06,1.5045024959007617e-08,5.319219585817572e-09,0.9116319818540272,0.9097835842339285,-23.055315224588444,corrected-two-halo,scale_dependent_camb
7,0.17404257,0.21083225,1540,1559,1549.5214516129033,1.3667158019745805e-06,1.2473191958563947e-06,1.244810396533942e-06,1.559894720892376e-08,5.5150606754004795e-09,0.9126397705026269,0.9108041296774984,-21.649191757897686,corrected-two-halo,scale_dependent_camb
7,0.17404257,0.21083225,1560,1579,1569.521178343949,1.3460726492736386e-06,1.2364892799343793e-06,1.2339446569577511e-06,2.0802418768327636e-08,7.354765688083389e-09,0.9185903009036012,0.9166998955246632,-14.89964112885506,corrected-two-halo,scale_dependent_camb
7,0.17404257,0.21083225,1580,1599,1589.5209119496856,1.3258474913575964e-06,1.2229228428646803e-06,1.2204400781833713e-06,1.604144016541352e-08,5.6715055604810755e-09,0.9223706729742145,0.9204980860458591,-18.14767655525066,corrected-two-halo,scale_dependent_camb
7,0.17404257,0.21083225,1600,1619,1609.520652173913,1.3060275221416677e-06,1.2011540223089882e-06,1.1986901116840726e-06,1.9256291239670924e-08,6.80812705803721e-09,0.9197003906466654,0.9178138219617458,-15.404163133070938,corrected-two-halo,scale_dependent_camb
7,0.17404257,0.21083225,1620,1639,1629.520398773006,1.2866004610028682e-06,1.184130737293458e-06,1.1817076528192224e-06,1.753444544233055e-08,6.199362638308741e-09,0.9203562202756106,0.9184728970935663,-16.5290739851549,corrected-two-halo,scale_dependent_camb
7,0.17404257,0.21083225,1640,1659,1649.5201515151516,1.2675545756917337e-06,1.1674296419455766e-06,1.1650582281501126e-06,1.5493931969984098e-08,5.477932181609399e-09,0.921009370589415,0.9191385132386221,-18.27787026686787,corrected-two-halo,scale_dependent_camb
7,0.17404257,0.21083225,1660,1679,1669.5199101796406,1.2488786047099181e-06,1.1595696208146583e-06,1.1572035976568462e-06,1.6841774440269786e-08,5.954466456964518e-09,0.9284886588989135,0.9265941407696983,-14.998654294340922,corrected-two-halo,scale_dependent_camb
7,0.17404257,0.21083225,1680,1699,1689.519674556213,1.2305617830983995e-06,1.144960121553498e-06,1.1426322651014738e-06,1.4877801919250667e-08,5.260097313126189e-09,0.9304369250527452,0.9285452228367355,-16.27377906703147,corrected-two-halo,scale_dependent_camb
7,0.17404257,0.21083225,1700,1719,1709.5194444444444,1.2125937660197292e-06,1.1270774158021367e-06,1.1247837982302207e-06,1.834974232853691e-08,6.487613616767138e-09,0.9294765051462411,0.9275850080627251,-13.181480166540249,corrected-two-halo,scale_dependent_camb
7,0.17404257,0.21083225,1720,1739,1729.519219653179,1.194964611793252e-06,1.1105987560923494e-06,1.1083255555519035e-06,1.8056859613440443e-08,6.384063939798619e-09,0.9293988668214225,0.9274965506205816,-13.215070603375532,corrected-two-halo,scale_dependent_camb
7,0.17404257,0.21083225,1740,1759,1749.519,1.1776647745475959e-06,1.097824112459277e-06,1.095571838152747e-06,1.818948842287632e-08,6.4309553050650226e-09,0.9322042538641865,0.9302917619945071,-12.415054731516529,corrected-two-halo,scale_dependent_camb
7,0.17404257,0.21083225,1760,1779,1769.5187853107345,1.1606850694797458e-06,1.0822003959344512e-06,1.080023186770265e-06,1.0134574367036531e-08,3.5831131296854465e-09,0.9323807330609726,0.9305049364117038,-21.90404564540907,corrected-two-halo,scale_dependent_camb
7,0.17404257,0.21083225,1780,1799,1789.5185754189945,1.1440166567267922e-06,1.0716893687552375e-06,1.0695223204995605e-06,1.309599795819889e-08,4.6301344813238076e-09,0.9367777666992242,0.934883521328814,-15.620990764586942,corrected-two-halo,scale_dependent_camb
7,0.17404257,0.21083225,1800,1819,1809.5183701657459,1.1276510305029843e-06,1.0569484317866692e-06,1.0548139185180444e-06,1.1985416576680298e-08,4.237484668358147e-09,0.9373009940098413,0.9354081094108954,-16.685039416015048,corrected-two-halo,scale_dependent_camb
7,0.17404257,0.21083225,1820,1839,1829.518169398907,1.1115800204694136e-06,1.0431864718556972e-06,1.041063803290077e-06,1.48310392166429e-08,5.243564201065908e-09,0.9384717722932495,0.9365621764688087,-13.043331976332702,corrected-two-halo,scale_dependent_camb
7,0.17404257,0.21083225,1840,1859,1849.517972972973,1.0957957911112608e-06,1.031586177575697e-06,1.0294866135939044e-06,1.4534347195745864e-08,5.1386677311157906e-09,0.9414036684057274,0.9394876508422145,-12.49538146760492,corrected-two-halo,scale_dependent_camb
7,0.17404257,0.21083225,1860,1879,1869.5177807486632,1.0802908326196682e-06,1.0184203159304582e-06,1.0163370450706569e-06,1.56029136952853e-08,5.516463040102344e-09,0.9427279073180913,0.940799472125552,-11.215613381153386,corrected-two-halo,scale_dependent_camb
7,0.17404257,0.21083225,1880,1899,1889.5175925925926,1.0650579559882226e-06,1.0020191155810594e-06,9.999767187482337e-07,1.4201972830396805e-08,5.021155647300343e-09,0.940811821504425,0.9388941823549849,-12.554647741512735,corrected-two-halo,scale_dependent_camb
7,0.17404257,0.21083225,1900,1919,1909.5174083769634,1.0500902941022096e-06,9.926615468836823e-07,9.906567896590064e-07,1.0495901595210876e-08,3.7108615963201558e-09,0.9453106580061985,0.9434015295855898,-15.475852636346259,corrected-two-halo,scale_dependent_camb
7,0.17404257,0.21083225,1920,1939,1929.5172279792746,1.035381292479121e-06,9.768400728376656e-07,9.748431314212812e-07,1.4482588535168928e-08,5.120368281176248e-09,0.9434592646528468,0.941530563187126,-11.433009585788488,corrected-two-halo,scale_dependent_camb
7,0.17404257,0.21083225,1940,1959,1949.5170512820512,1.020924693544612e-06,9.668906574040952e-07,9.649494119882702e-07,8.23226478818069e-09,2.9105451281229014e-09,0.9470734359917256,0.9451719780016313,-18.56491954665725,corrected-two-halo,scale_dependent_camb
7,0.17404257,0.21083225,1960,1979,1969.5168781725888,1.0067145195079463e-06,9.528577125523076e-07,9.509194475651713e-07,1.2492814715599014e-08,4.416877000753576e-09,0.9465024036983569,0.944577066425896,-12.193413343058918,corrected-two-halo,scale_dependent_camb
7,0.17404257,0.21083225,1980,1999,1989.5167085427136,9.92745066483428e-07,9.4636897118552e-07,9.444537255472586e-07,1.1277850648781923e-08,3.987322335481401e-09,0.9532849904133145,0.9513557482514314,-11.630886945163144,corrected-two-halo,scale_dependent_camb
7,0.17404257,0.21083225,2000,2019,2009.5165422885573,9.790108872119607e-07,9.294119710285425e-07,9.275379440797704e-07,1.0636875370879659e-08,3.76070335269259e-09,0.949337727668518,0.9474235232676772,-13.188734003150332,corrected-two-halo,scale_dependent_camb
7,0.17404257,0.21083225,2020,2039,2029.5163793103447,9.655067767512622e-07,9.183655366078168e-07,9.165090135024728e-07,9.946570429645984e-09,3.516643700176133e-09,0.9511746149498128,0.9492517666073177,-13.405179529869459,corrected-two-halo,scale_dependent_camb
7,0.17404257,0.21083225,2040,2059,2049.516219512195,9.522277558895265e-07,9.06009038695117e-07,9.041795031291232e-07,9.300602393011853e-09,3.2882595106092562e-09,0.9514625393887682,0.9495412179877923,-14.055678101223226,corrected-two-halo,scale_dependent_camb
7,0.17404257,0.21083225,2060,2079,2069.5160628019325,9.39169069567973e-07,8.941356419710295e-07,8.923302266542633e-07,9.971729270398701e-09,3.5255386936276527e-09,0.9520497117546052,0.9501273578619278,-12.773488397203137,corrected-two-halo,scale_dependent_camb
7,0.17404257,0.21083225,2080,2099,2089.515909090909,9.263261767480633e-07,8.831897802778434e-07,8.813864231473504e-07,1.291809002486314e-08,4.567234528279511e-09,0.9534328214477826,0.9514860372849688,-9.444751786475372,corrected-two-halo,scale_dependent_camb
7,0.17404257,0.21083225,2100,2119,2109.5157582938386,9.136947229369789e-07,8.749574514905869e-07,8.731742986209343e-07,1.1814073947950106e-08,4.176905901017424e-09,0.957603704526305,0.9556521195768803,-9.274154688750894,corrected-two-halo,scale_dependent_camb
7,0.17404257,0.21083225,2120,2139,2129.5156103286386,9.012705417222625e-07,8.622900828760367e-07,8.605435785227724e-07,9.557307530790124e-09,3.3790184824534773e-09,0.9567494364436488,0.9548116117035581,-11.536030077563337,corrected-two-halo,scale_dependent_camb
7,0.17404257,0.21083225,2140,2159,2149.515465116279,8.890496532629178e-07,8.508259066606763e-07,8.490999422247541e-07,9.917691150879227e-09,3.5064333332502577e-09,0.9570060609528885,0.9550647020764886,-10.901033320605094,corrected-two-halo,scale_dependent_camb
7,0.17404257,0.21083225,2160,2179,2169.5153225806453,8.770282298205958e-07,8.402370212349521e-07,8.385356145611704e-07,9.384829197556051e-09,3.3180381829346945e-09,0.9580501432739859,0.956110175304962,-11.088241471984254,corrected-two-halo,scale_dependent_camb
7,0.17404257,0.21083225,2180,2199,2189.5151826484016,8.652026071138136e-07,8.323455620904497e-07,8.3065375583687e-07,1.0847718454499602e-08,3.835247639789562e-09,0.9620238719194686,0.9600684845458414,-8.567124762031465,corrected-two-halo,scale_dependent_camb
7,0.17404257,0.21083225,2200,2219,2209.515045248869,8.535692685709503e-07,8.182539207025185e-07,8.166015610493134e-07,9.974047833829352e-09,3.526358429589865e-09,0.9586262659999969,0.9566904422607337,-10.014679044563009,corrected-two-halo,scale_dependent_camb
7,0.17404257,0.21083225,2220,2239,2229.5149103139015,8.42124821696685e-07,8.119191465370132e-07,8.102760811759292e-07,8.921359267007368e-09,3.1541768175511784e-09,0.9641315938190559,0.9621804990184376,-9.576405162701926,corrected-two-halo,scale_dependent_camb
7,0.17404257,0.21083225,2240,2259,2249.514777777778,8.308660284000587e-07,8.017323680853793e-07,8.001146935683667e-07,8.111877207701181e-09,2.8679816908590504e-09,0.9649357907064993,0.9629888167519526,-10.158244875668279,corrected-two-halo,scale_dependent_camb
7,0.17404257,0.21083225,2260,2279,2269.5146475770925,8.197897518998554e-07,7.893515080481786e-07,7.877603763464329e-07,7.553442907563618e-09,2.670545350621833e-09,0.9628706704601558,0.9609297682982806,-11.397763323730594,corrected-two-halo,scale_dependent_camb
7,0.17404257,0.21083225,2280,2299,2289.514519650655,8.088929946532322e-07,7.809081552462863e-07,7.793480092706215e-07,7.274878943989346e-09,2.572058116803048e-09,0.9654035334810349,0.9634747913779665,-10.880329345640837,corrected-two-halo,scale_dependent_camb
7,0.17404257,0.21083225,2300,2319,2309.514393939394,7.981728530403788e-07,7.688922656937227e-07,7.673485759129413e-07,7.51782074387076e-09,2.6579510138679545e-09,0.9633154808070441,0.961381451386097,-11.016225353245273,corrected-two-halo,scale_dependent_camb
7,0.17404257,0.21083225,2320,2339,2329.514270386266,7.876265549947753e-07,7.621422403839456e-07,7.606123751394188e-07,6.1347232462519755e-09,2.168952204063761e-09,0.967644165310045,0.9657017914339676,-11.749597138693085,corrected-two-halo,scale_dependent_camb
7,0.17404257,0.21083225,2340,2359,2349.5141489361704,7.772514126152934e-07,7.545123299436306e-07,7.529855862098621e-07,8.920954289303358e-09,3.154033636310811e-09,0.9707442375753935,0.9687799520057716,-7.209524467297733,corrected-two-halo,scale_dependent_camb
7,0.17404257,0.21083225,2360,2379,2369.514029535865,7.670448441976454e-07,7.426617400019445e-07,7.411613265231196e-07,8.096758907228787e-09,2.8626365644670275e-09,0.9682116314578629,0.9662555352919414,-8.517708639077826,corrected-two-halo,scale_dependent_camb
7,0.17404257,0.21083225,2380,2399,2389.513912133891,7.570043558936202e-07,7.360236399271842e-07,7.345419842853747e-07,7.467565907835884e-09,2.6401832461941148e-09,0.9722845505404405,0.970327288828174,-7.946689305251903,corrected-two-halo,scale_dependent_camb
7,0.17404257,0.21083225,2400,2419,2409.5137966804978,7.47127530927861e-07,7.256710697373216e-07,7.241941226321638e-07,9.712968234713657e-09,3.434052852107778e-09,0.9712813940025842,0.9693045600030077,-6.248145300783498,corrected-two-halo,scale_dependent_camb
7,0.17404257,0.21083225,2420,2439,2429.513683127572,7.374120400189551e-07,7.167958668486349e-07,7.153558699998146e-07,6.58363213802792e-09,2.327665464818615e-09,0.9720425324628681,0.970089761460128,-8.857017248364219,corrected-two-halo,scale_dependent_camb
7,0.17404257,0.21083225,2440,2459,2449.5135714285716,7.278556138249365e-07,7.079638712380545e-07,7.065355369081378e-07,7.450473658083787e-09,2.6341402233413943e-09,0.9726707574839613,0.9707083705726194,-7.551512410242671,corrected-two-halo,scale_dependent_camb
7,0.17404257,0.21083225,2460,2479,2469.5134615384613,7.184560455731228e-07,6.990374907656976e-07,6.976209391988171e-07,8.244375960951379e-09,2.9148270743200396e-09,0.9729718262834928,0.9710001655596269,-6.661992053835679,corrected-two-halo,scale_dependent_camb
7,0.17404257,0.21083225,2480,2499,2489.513353413655,7.092111982213869e-07,6.90080871973226e-07,6.886916130210055e-07,6.828209894362931e-09,2.4141367598345537e-09,0.9730259106227632,0.9710670315812244,-7.924292677384175,corrected-two-halo,scale_dependent_camb
7,0.17404257,0.21083225,2500,2519,2509.513247011952,7.001189822999403e-07,6.830024798490379e-07,6.816273638839083e-07,6.638959099029835e-09,2.347226499472064e-09,0.9755520091818202,0.9735878916533791,-7.292224442230948,corrected-two-halo,scale_dependent_camb
7,0.17404257,0.21083225,2520,2539,2529.51314229249,6.91177355428434e-07,6.750651758234404e-07,6.737084888480514e-07,6.515203801814049e-09,2.3034723945375445e-09,0.9766887912654397,0.9747259275160218,-6.994735271497934,corrected-two-halo,scale_dependent_camb
7,0.17404257,0.21083225,2540,2559,2549.513039215686,6.823843223543306e-07,6.673146214496277e-07,6.659600956973193e-07,7.975344595280264e-09,2.819710122811078e-09,0.9779161091322993,0.9759311195773882,-5.344414939248921,corrected-two-halo,scale_dependent_camb
7,0.17404257,0.21083225,2560,2579,2569.512937743191,6.737379316427336e-07,6.596910432005212e-07,6.583577424291999e-07,8.297098332711626e-09,2.933467247615994e-09,0.9791508125303814,0.97717185200478,-4.788493361781431,corrected-two-halo,scale_dependent_camb
7,0.17404257,0.21083225,2580,2599,2589.5128378378377,6.65236263042271e-07,6.537301523226659e-07,6.524077078121262e-07,7.176150704927856e-09,2.537152413135555e-09,0.9827037229344877,0.9807157908507919,-4.535049081022789,corrected-two-halo,scale_dependent_camb
7,0.17404257,0.21083225,2600,2619,2609.5127394636015,6.568774249067524e-07,6.445648729777441e-07,6.43275447385012e-07,5.6517306373132605e-09,1.998188529541987e-09,0.9812559368579973,0.9792929746007464,-6.161856975442929,corrected-two-halo,scale_dependent_camb
7,0.17404257,0.21083225,2620,2639,2629.5126425855515,6.486595502328447e-07,6.362276033560892e-07,6.349344024066526e-07,8.047914777414814e-09,2.8453675567607193e-09,0.9808344040070127,0.9788407527164823,-4.3691883838405055,corrected-two-halo,scale_dependent_camb
7,0.17404257,0.21083225,2640,2659,2649.512547169811,6.405807926590012e-07,6.289742920559467e-07,6.277033452805642e-07,6.573790592869464e-09,2.324185953159166e-09,0.9818812853334599,0.9798972315030182,-4.993791734812916,corrected-two-halo,scale_dependent_camb
7,0.17404257,0.21083225,2660,2679,2669.5124531835204,6.326393204822106e-07,6.216400490104625e-07,6.203907664966384e-07,5.839997365040994e-09,2.064750869466028e-09,0.9826136771527824,0.9806389619029117,-5.327166407534996,corrected-two-halo,scale_dependent_camb
7,0.17404257,0.21083225,2680,2699,2689.5123605947956,6.248333103049609e-07,6.142766543109848e-07,6.13036592778976e-07,6.555528380375031e-09,2.3177292860120245e-09,0.9831048444123061,0.9811202166538988,-4.55474073598145,corrected-two-halo,scale_dependent_camb
7,0.17404257,0.21083225,2700,2719,2709.512269372694,6.171609453808049e-07,6.049284599822502e-07,6.037256947793194e-07,3.441242951097421e-09,1.2166631132156965e-09,0.9801794240382354,0.978230556061522,-10.054126952385094,corrected-two-halo,scale_dependent_camb
7,0.17404257,0.21083225,2720,2739,2729.5121794871793,6.09620412459457e-07,6.012734490597708e-07,6.000584864599868e-07,6.252086530065638e-09,2.210446390987242e-09,0.9863079332169814,0.9843149510678398,-3.7761437842237284,corrected-two-halo,scale_dependent_camb
7,0.17404257,0.21083225,2740,2759,2749.512090909091,6.022098963036581e-07,5.944770251397734e-07,5.932857550139849e-07,4.58686866795906e-09,1.6217029697629787e-09,0.98715917620858,0.9851810118956046,-4.768364680872997,corrected-two-halo,scale_dependent_camb
7,0.17404257,0.21083225,2760,2779,2769.5120036101084,5.949275760551095e-07,5.875545846057883e-07,5.863729850001736e-07,5.2876502796660875e-09,1.8694666846474173e-09,0.9876069092338758,0.9856207857910028,-3.9439009584232134,corrected-two-halo,scale_dependent_camb
7,0.17404257,0.21083225,2780,2799,2789.511917562724,5.877716243268606e-07,5.832227689556091e-07,5.820450274888154e-07,6.110713156398713e-09,2.160463355387691e-09,0.9922608455682749,0.9902571056494883,-2.1054998965419562,corrected-two-halo,scale_dependent_camb
7,0.17404257,0.21083225,2800,2819,2809.5118327402133,5.80740206609238e-07,5.768514703114546e-07,5.756906372014791e-07,5.138010727548338e-09,1.8165611136293283e-09,0.9933038280223638,0.9913049426399426,-2.1407131687488707,corrected-two-halo,scale_dependent_camb
7,0.17404257,0.21083225,2820,2839,2829.511749116608,5.738314781752941e-07,5.70132489954772e-07,5.689884088958796e-07,4.959050720846663e-09,1.753289196479356e-09,0.9935538771203624,0.9915601191924591,-2.1097422079310757,corrected-two-halo,scale_dependent_camb
7,0.17404257,0.21083225,2840,2859,2849.5116666666668,5.670435847358089e-07,5.649923771579652e-07,5.6386238762883e-07,4.152510153946596e-09,1.4681340444008163e-09,0.9963826280147418,0.9943898543381616,-1.397152791100141,corrected-two-halo,scale_dependent_camb
7,0.17404257,0.21083225,2860,2879,2869.5115853658535,5.603746653831801e-07,5.572473699436926e-07,5.561407995069143e-07,3.2962784559046307e-09,1.165410424424643e-09,0.994419277614292,0.9924445801393061,-2.683428407662869,corrected-two-halo,scale_dependent_camb
7,0.17404257,0.21083225,2880,2899,2889.5115051903113,5.538228552121296e-07,5.484415173904966e-07,5.473364591344598e-07,5.831982608003356e-09,2.06191722494059e-09,0.9902832868470701,0.9882879588362504,-2.6098709281542383,corrected-two-halo,scale_dependent_camb
7,0.17404257,0.21083225,2900,2919,2909.5114261168383,5.473862864325723e-07,5.459908951540936e-07,5.44898326508794e-07,3.918048116326163e-09,1.3852391960347044e-09,0.9974508106741717,0.9954548369488888,-1.0073287577142416,corrected-two-halo,scale_dependent_camb
7,0.17404257,0.21083225,2920,2939,2929.511348122867,5.410630917702475e-07,5.399761342646687e-07,5.388913525233464e-07,5.192049624938863e-09,1.8356667490256703e-09,0.9979910706863732,0.9959861626491734,-0.5921322626537463,corrected-two-halo,scale_dependent_camb
7,0.17404257,0.21083225,2940,2959,2949.511271186441,5.348514085263394e-07,5.3426306764171e-07,5.331967274288653e-07,4.06670284184152e-09,1.4377965782683712e-09,0.9988999918944771,0.9969062788821419,-0.40919619195221746,corrected-two-halo,scale_dependent_camb
7,0.17404257,0.21083225,2960,2979,2969.5111952861953,5.287493824159975e-07,5.272267605474828e-07,5.261621147462134e-07,5.276563637563172e-09,1.8655469647416376e-09,0.9971203335282258,0.9951068166586556,-0.8161798642927941,corrected-two-halo,scale_dependent_camb
7,0.17404257,0.21083225,2980,2999,2989.511120401338,5.227551684744241e-07,5.21760053625569e-07,5.20716051132601e-07,4.067950781845082e-09,1.4382377916878875e-09,0.9980964036151777,0.9960992880323424,-0.6918986933914502,corrected-two-halo,scale_dependent_camb
7,0.17404257,0.21083225,3000,3019,3009.5110465116277,5.168669327911569e-07,5.169595191614279e-07,5.15922563095192e-07,4.056278923358737e-09,1.4341111665455155e-09,1.000179129993422,0.9981728958924395,0.06456010693644638,corrected-two-halo,scale_dependent_camb
7,0.17404257,0.21083225,3020,3039,3029.5109735973597,5.110828551158418e-07,5.114039950227728e-07,5.103796943867486e-07,3.8960870996243825e-09,1.3774748041189143e-09,1.000628351946688,0.9986241746870302,0.2331366831325406,corrected-two-halo,scale_dependent_camb
7,0.17404257,0.21083225,3040,3059,3049.5109016393444,5.054011298376472e-07,5.059984018194094e-07,5.049803188150259e-07,4.567300393121966e-09,1.6147845398462631e-09,1.0011817780897208,0.9991673722162898,0.3698771984893265,corrected-two-halo,scale_dependent_camb
7,0.17404257,0.21083225,3060,3079,3069.5108306188927,4.998199640634028e-07,5.011168941628105e-07,5.001112048531916e-07,4.339431753169541e-09,1.5342208095812055e-09,1.0025947945113356,1.000582691390358,0.8453347075651223,corrected-two-halo,scale_dependent_camb
7,0.17404257,0.21083225,3080,3099,3089.5107605177996,4.943375776976993e-07,4.959445809610431e-07,4.949459078244413e-07,4.855822997831965e-09,1.7167926850042861e-09,1.0032508215758718,1.001230596568392,0.936049691602576,corrected-two-halo,scale_dependent_camb
7,0.17404257,0.21083225,3100,3119,3109.510691318328,4.889522035102685e-07,4.903524069542045e-07,4.893713160140856e-07,3.797571393652967e-09,1.3426442422460304e-09,1.0028636816316272,1.0008571645670237,1.0428700320448845,corrected-two-halo,scale_dependent_camb
7,0.17404257,0.21083225,3120,3139,3129.5106230031947,4.836620867691496e-07,4.841209245662168e-07,4.831500735077799e-07,3.9258785936868865e-09,1.388007687855552e-09,1.0009486743112992,0.9989413822679591,0.330572950770986,corrected-two-halo,scale_dependent_camb
7,0.17404257,0.21083225,3140,3159,3149.5105555555556,4.784654842661543e-07,4.813963047148668e-07,4.804372315379019e-07,3.1806313220851628e-09,1.1245229881503762e-09,1.0061254584606194,1.0041209812130372,2.606278821861312,corrected-two-halo,scale_dependent_camb
7,0.17404257,0.21083225,3160,3179,3169.5104889589907,4.733606635943005e-07,4.77024435203401e-07,4.760690535731839e-07,3.5858875728427683e-09,1.2678027096648456e-09,1.0077399156518012,1.005721620293326,2.8898594246332565,corrected-two-halo,scale_dependent_camb
7,0.17404257,0.21083225,3180,3199,3189.510423197492,4.6834590465837886e-07,4.7122467296185844e-07,4.7029697517124656e-07,1.6956758489774317e-09,5.995119457530989e-10,1.006146671242016,1.0041658750369364,4.801853113807955,corrected-two-halo,scale_dependent_camb
7,0.17404257,0.21083225,3200,3219,3209.5103582554516,4.6341950124581647e-07,4.6565365946668787e-07,4.647216701252026e-07,4.594102231803432e-09,1.6242604207862293e-09,1.0048210276323402,1.0028099138596573,1.3754926194593484,corrected-two-halo,scale_dependent_camb
7,0.17404257,0.21083225,3220,3239,3229.510294117647,4.585797609016344e-07,4.6235506249620826e-07,4.6143369764008426e-07,3.3025320505883703e-09,1.1676214040284752e-09,1.0082325953224605,1.0062234249781077,3.2333268142811527,corrected-two-halo,scale_dependent_camb
7,0.17404257,0.21083225,3240,3259,3249.510230769231,4.53825006987455e-07,4.5878329332375464e-07,4.5787030939115316e-07,2.5428910826466983e-09,8.990477641791409e-10,1.0109255467635276,1.008913793513829,5.515042174457464,corrected-two-halo,scale_dependent_camb
7,0.17404257,0.21083225,3260,3279,3269.5101681957185,4.4915358077700835e-07,4.532970428933519e-07,4.5239106679194954e-07,3.324866412385675e-09,1.1755177933686494e-09,1.0092250452710978,1.007207971067136,3.524797446468048,corrected-two-halo,scale_dependent_camb
7,0.17404257,0.21083225,3280,3299,3289.510106382979,4.445638446176598e-07,4.4995892970112466e-07,4.4905531489591095e-07,4.0907973503632365e-09,1.4463152734509026e-09,1.0121356811823166,1.0101030939259443,3.730227553078535,corrected-two-halo,scale_dependent_camb
7,0.17404257,0.21083225,3300,3319,3309.5100453172204,4.400541828278571e-07,4.454994288428523e-07,4.4460193193265725e-07,4.222359024899485e-09,1.4928293495553219e-09,1.0123740353517452,1.01033452079827,3.6476011250832143,corrected-two-halo,scale_dependent_camb
7,0.17404257,0.21083225,3320,3339,3329.509984984985,4.356230038810942e-07,4.4156494180374323e-07,4.4068549741373794e-07,2.4761136432112575e-09,8.754383740516037e-10,1.0136400921661863,1.0116212722641837,6.787385724421996,corrected-two-halo,scale_dependent_camb
7,0.17404257,0.21083225,3340,3359,3349.509925373134,4.312687425198145e-07,4.3622311956086663e-07,4.353523805921184e-07,2.7106425732846355e-09,9.583568724712595e-10,1.0114879112548356,1.009468894148099,5.169657758363616,corrected-two-halo,scale_dependent_camb
7,0.17404257,0.21083225,3360,3379,3369.5098664688426,4.269898618930282e-07,4.334183931532083e-07,4.325561360285465e-07,2.222949222599021e-09,7.859312347665658e-10,1.0150554657941517,1.013036080320129,8.179508557246072,corrected-two-halo,scale_dependent_camb
7,0.17404257,0.21083225,3380,3399,3389.509808259587,4.2278485404185715e-07,4.296801898125908e-07,4.2881880066914855e-07,3.6129935507025876e-09,1.2773861200425309e-09,1.0163093254283206,1.0142719082048621,5.398004301552983,corrected-two-halo,scale_dependent_camb
7,0.17404257,0.21083225,3400,3419,3409.509750733138,4.186522395793819e-07,4.251658145238629e-07,4.2431205955219033e-07,3.938204481823769e-09,1.3923655473984202e-09,1.01555843807506,1.0135191441433464,4.678063858051744,corrected-two-halo,scale_dependent_camb
7,0.17404257,0.21083225,3420,3439,3429.509693877551,4.14590568893623e-07,4.216576753089057e-07,4.2081974655284735e-07,2.9703767038260975e-09,1.0501867549769893e-09,1.0170459893338673,1.0150248899193428,6.729380638053784,corrected-two-halo,scale_dependent_camb
7,0.17404257,0.21083225,3440,3459,3449.5096376811593,4.10598422536017e-07,4.177985994434975e-07,4.1696374404130823e-07,3.1674643820875233e-09,1.1198677718704725e-09,1.0175358123955016,1.0155025473940609,6.429488452421784,corrected-two-halo,scale_dependent_camb
7,0.17404257,0.21083225,3460,3479,3469.509582132565,4.0667440833552466e-07,4.1315648779232986e-07,4.12327751929785e-07,3.243694858381065e-09,1.1468193152305945e-09,1.015939236214385,1.0139013999366198,5.652223825251694,corrected-two-halo,scale_dependent_camb
7,0.17404257,0.21083225,3480,3499,3489.5095272206304,4.0281716205377286e-07,4.1032189664188054e-07,4.095089386698918e-07,1.905260624212812e-09,6.736113536542968e-10,1.018630622761564,1.0166124416894275,11.141045273947649,corrected-two-halo,scale_dependent_camb
7,0.17404257,0.21083225,3500,3519,3509.509472934473,3.9902534672455267e-07,4.067120961840411e-07,4.058965325030643e-07,3.363422415427583e-09,1.1891493989718405e-09,1.0192638124935822,1.017219923082367,6.464073787645626,corrected-two-halo,scale_dependent_camb
7,0.17404257,0.21083225,3520,3539,3529.509419263456,3.9529765147142524e-07,4.027452513059185e-07,4.019417822524538e-07,2.5977172534228373e-09,9.184317427502906e-10,1.0188404859142748,1.0168079186817756,8.109040103721856,corrected-two-halo,scale_dependent_camb
7,0.17404257,0.21083225,3540,3559,3549.509366197183,3.9163279226912554e-07,4.0086481635057863e-07,4.000656519433529e-07,2.9731718252285216e-09,1.0511749796259362e-09,1.023573164106005,1.021532567856147,8.78257593682294,corrected-two-halo,scale_dependent_camb
7,0.17404257,0.21083225,3560,3579,3569.5093137254903,3.88029509908688e-07,3.9593364626552515e-07,3.9513883433455867e-07,3.2479235315058545e-09,1.1483143769515743e-09,1.0203699361904128,1.0183216076208834,6.883251238062744,corrected-two-halo,scale_dependent_camb
7,0.17404257,0.21083225,3580,3599,3589.50926183844,3.844865721296467e-07,3.9347255864093194e-07,3.9268507164195533e-07,2.857929258193835e-09,1.01043057931015e-09,1.0233713922998986,1.0213232401508787,8.893225022366456,corrected-two-halo,scale_dependent_camb
7,0.17404257,0.21083225,3600,3619,3609.5092105263157,3.810027745212078e-07,3.903052621651831e-07,3.895248526352015e-07,3.6414362820700056e-09,1.2874421441552151e-09,1.0244158002672432,1.0223674962070894,7.225557813379916,corrected-two-halo,scale_dependent_camb
7,0.17404257,0.21083225,3620,3639,3629.5091597796145,3.7757693957837716e-07,3.8731011331098775e-07,3.865401061298288e-07,2.174369199149898e-09,7.687556027610277e-10,1.0257779877750988,1.0237386492974396,12.660946726961557,corrected-two-halo,scale_dependent_camb
7,0.17404257,0.21083225,3640,3659,3649.509109589041,3.7420792039519464e-07,3.837933109485792e-07,3.830251310468954e-07,2.805172614635548e-09,9.917782891037968e-10,1.025615146101829,1.0235623303814336,9.66485217381217,corrected-two-halo,scale_dependent_camb
7,0.17404257,0.21083225,3660,3679,3669.5090599455043,3.7089459971697216e-07,3.8156985087612676e-07,3.8080807012687777e-07,2.786778191549683e-09,9.852748784537822e-10,1.0287824389120275,1.0267285380198863,10.834794829954003,corrected-two-halo,scale_dependent_camb
7,0.17404257,0.21083225,3680,3699,3689.509010840108,3.676358943889569e-07,3.7661199714061184e-07,3.758528696404452e-07,4.141804404323979e-09,1.464348990322897e-09,1.0244157409237038,1.02235085141821,6.12975650679805,corrected-two-halo,scale_dependent_camb
7,0.17404257,0.21083225,3700,3719,3709.508962264151,3.64430753160168e-07,3.7441654506525674e-07,3.7366497314922223e-07,3.4043427745908698e-09,1.203616930698315e-09,1.0274010681549148,1.0253387506651936,8.296486739593435,corrected-two-halo,scale_dependent_camb
7,0.17404257,0.21083225,3720,3739,3729.508914209115,3.6127815958124635e-07,3.71340503391937e-07,3.705987194343877e-07,2.3920885699098053e-09,8.457310244910269e-10,1.027852067842556,1.0257988466945933,11.897806181044727,corrected-two-halo,scale_dependent_camb
7,0.17404257,0.21083225,3740,3759,3749.5088666666666,3.5817713038672815e-07,3.6898268015437667e-07,3.6824398867848e-07,2.7118658203495496e-09,9.58789355618593e-10,1.0301681733727155,1.028105809773177,11.269993460322658,corrected-two-halo,scale_dependent_camb
7,0.17404257,0.21083225,3760,3779,3769.5088196286474,3.5512671699897126e-07,3.6539610190842443e-07,3.646661431039868e-07,2.5410344565835293e-09,8.983913477394437e-10,1.0289175227260723,1.0268620344468287,11.430859096420814,corrected-two-halo,scale_dependent_camb
7,0.17404257,0.21083225,3780,3799,3789.5087730870714,3.5212600229328846e-07,3.627039431440823e-07,3.619776747497621e-07,2.8691572364595526e-09,1.014400269095502e-09,1.030040215098865,1.0279776909183438,10.427778040936202,corrected-two-halo,scale_dependent_camb
7,0.17404257,0.21083225,3800,3819,3809.5087270341205,3.4917410050701946e-07,3.610714250844758e-07,3.6034784471744345e-07,2.96688987595097e-09,1.0489539751593229e-09,1.034072757859706,1.032000495438233,11.342084456707711,corrected-two-halo,scale_dependent_camb
7,0.17404257,0.21083225,3820,3839,3829.508681462141,3.4627015415903797e-07,3.570143300210828e-07,3.5630084721977486e-07,2.711869356754786e-09,9.58790605926655e-10,1.0310283047296942,1.0289678245157967,11.205966970922445,corrected-two-halo,scale_dependent_camb
7,0.17404257,0.21083225,3840,3859,3849.5086363636365,3.4341333359321804e-07,3.5409551521131223e-07,3.5338219307038597e-07,3.5929686709728326e-09,1.2703062559178536e-09,1.0311059023431732,1.0290287490379635,8.409138794940308,corrected-two-halo,scale_dependent_camb
7,0.17404257,0.21083225,3860,3879,3869.5085917312663,3.406028324567807e-07,3.5136656388515237e-07,3.5065415968774626e-07,4.156714543164687e-09,1.469620520464246e-09,1.031602002105304,1.0295104041222,7.324157004130197,corrected-two-halo,scale_dependent_camb
7,0.17404257,0.21083225,3880,3899,3889.5085475578408,3.3783786730028255e-07,3.4888544170849724e-07,3.4819180869037917e-07,1.9447871788078587e-09,6.875861010498457e-10,1.0327008173965153,1.0306476638419388,16.06718691862244,corrected-two-halo,scale_dependent_camb
7,0.17404257,0.21083225,3900,3919,3909.5085038363172,3.351176736993802e-07,3.46884021309693e-07,3.4618819476217143e-07,2.8441163613750614e-09,1.0055469828059576e-09,1.0351110924124756,1.0330347275945886,11.701439924248048,corrected-two-halo,scale_dependent_camb
7,0.17404257,0.21083225,3920,3939,3929.5084605597963,3.324415065106186e-07,3.4446485577340406e-07,3.437779540250021e-07,2.0907334803103603e-09,7.391859107906034e-10,1.0361668113858142,1.0341005779734709,16.265663464724007,corrected-two-halo,scale_dependent_camb
7,0.17404257,0.21083225,3940,3959,3949.508417721519,3.29808635714575e-07,3.4208219797802694e-07,3.4139646642368516e-07,3.076305906389909e-09,1.0876383837062665e-09,1.0372141931240206,1.035135013017484,11.28459830704782,corrected-two-halo,scale_dependent_camb
7,0.17404257,0.21083225,3960,3979,3969.5083753148615,3.272183467525408e-07,3.389600808522314e-07,3.3828000617602414e-07,2.9887788079939327e-09,1.0566928812995779e-09,1.0358834833566661,1.0338051320571238,11.11177552861905,corrected-two-halo,scale_dependent_camb
7,0.17404257,0.21083225,3980,3999,3989.508333333333,3.246699383123081e-07,3.3648689007724455e-07,3.3581500223236795e-07,2.178254695302293e-09,7.701293330998441e-10,1.0363968152590999,1.0343273663647268,15.344113328825049,corrected-two-halo,scale_dependent_camb
7,0.17404257,0.21083225,4000,4019,4009.5082917705736,3.221627220899778e-07,3.342715914436131e-07,3.336028642326428e-07,2.4653887915183215e-09,8.716465663719563e-10,1.0375861902180394,1.035510446610486,13.891948664509624,corrected-two-halo,scale_dependent_camb
7,0.17404257,0.21083225,4020,4039,4029.5082506203476,3.1969602209598303e-07,3.321994900507117e-07,3.3153645491530054e-07,2.091416220401238e-09,7.394272958646271e-10,1.0391104896230918,1.0370365347109718,16.909665121447937,corrected-two-halo,scale_dependent_camb
7,0.17404257,0.21083225,4040,4059,4049.5082098765433,3.172691734987756e-07,3.295674506177007e-07,3.2891416763448266e-07,1.5546619119441159e-09,5.496559901940638e-10,1.0387629122089057,1.0367038310318288,22.37449848328408,corrected-two-halo,scale_dependent_camb
7,0.17404257,0.21083225,4060,4079,4069.5081695331696,3.148815237648917e-07,3.2763791252881795e-07,3.269883482542182e-07,1.5942020858993246e-09,5.636355527605757e-10,1.0405117093292868,1.0384488246390922,22.63233520569803,corrected-two-halo,scale_dependent_camb
7,0.17404257,0.21083225,4080,4096,4088.005870123517,3.1270711533872833e-07,3.2488246191128173e-07,3.2423962945498955e-07,1.3541236159382475e-09,4.787549956973915e-10,1.0389353039164617,1.0368796025116636,25.43126793866214,corrected-two-halo,scale_dependent_camb
8,0.13796899,0.17404257,20,39,30.608333333333334,0.00016648525172886168,0.00015896606292945477,0.00016185442362539213,5.7546004832119845e-06,2.0345585123492887e-06,0.9548357063384049,0.9721847547732857,-3.695734850468642,corrected-two-halo,scale_dependent_camb
8,0.13796899,0.17404257,40,59,50.165,9.986572826080846e-05,9.363692779361773e-05,9.5353238167903e-05,2.8021578297191893e-06,9.907124016747088e-07,0.9376282476915038,0.954814427617043,-6.2871933940278915,corrected-two-halo,scale_dependent_camb
8,0.13796899,0.17404257,60,79,69.975,6.645370387920925e-05,6.25839737371399e-05,6.371895264010431e-05,1.9109657300734627e-06,6.756284131750235e-07,0.9417680292267345,0.9588472714165668,-5.727601247384019,corrected-two-halo,scale_dependent_camb
8,0.13796899,0.17404257,80,99,89.86944444444444,4.6871544898420695e-05,4.363121197136076e-05,4.443056412833725e-05,1.185158422030694e-06,4.1901677849912593e-07,0.9308678019023624,0.9479219049559066,-7.733181803999509,corrected-two-halo,scale_dependent_camb
8,0.13796899,0.17404257,100,119,109.80227272727272,3.485081894697946e-05,3.275916838756744e-05,3.3356730543837715e-05,5.468431477208908e-07,1.933382489994194e-07,0.9399827429423061,0.9571290302986916,-10.818607131475042,corrected-two-halo,scale_dependent_camb
8,0.13796899,0.17404257,120,139,129.75576923076923,2.741805484580516e-05,2.5808570957375882e-05,2.627850192328136e-05,4.1974838793325546e-07,1.4840346574986326e-07,0.9412983927021532,0.9584378640668543,-10.845325480080726,corrected-two-halo,scale_dependent_camb
8,0.13796899,0.17404257,140,159,149.72166666666666,2.2298329092852984e-05,2.0486649026710393e-05,2.0860931794669818e-05,4.2689886054492926e-07,1.5093153958606486e-07,0.9187526536809761,0.9355378920008909,-12.003323302148695,corrected-two-halo,scale_dependent_camb
8,0.13796899,0.17404257,160,179,169.6955882352941,1.8625633323421784e-05,1.6802780960782773e-05,1.7109598324189546e-05,2.693260390234206e-07,9.52211342717867e-08,0.902132060103064,0.918604915445972,-19.14335905132258,corrected-two-halo,scale_dependent_camb
8,0.13796899,0.17404257,180,199,189.675,1.6030558106164803e-05,1.415529643558903e-05,1.4414591768249067e-05,3.416887991672014e-07,1.2080523347330822e-07,0.8830195643747044,0.8991946302047781,-15.523016815245093,corrected-two-halo,scale_dependent_camb
8,0.13796899,0.17404257,200,219,209.65833333333333,1.4082997380406167e-05,1.2208643160892853e-05,1.2430923401806534e-05,2.0252001848224132e-07,7.160163919740889e-08,0.8669065846649149,0.8826901735494049,-26.177532253774757,corrected-two-halo,scale_dependent_camb
8,0.13796899,0.17404257,220,239,229.64456521739132,1.2594625634231547e-05,1.0602601907835722e-05,1.0795798551317163e-05,1.5457711368845542e-07,5.4651262652675356e-08,0.841835415815647,0.8571750256692613,-36.44972924149464,corrected-two-halo,scale_dependent_camb
8,0.13796899,0.17404257,240,259,249.633,1.143163418450004e-05,9.246532615155282e-06,9.415104129493731e-06,2.032198777955766e-07,7.184907683057685e-08,0.8088548378929498,0.8236008935852333,-30.412381978091645,corrected-two-halo,scale_dependent_camb
8,0.13796899,0.17404257,260,279,269.6231481481482,1.0490682834257636e-05,8.338208013152573e-06,8.490142641053149e-06,1.2838762568104955e-07,4.5391880369755136e-08,0.7948203319924902,0.8093031478683481,-47.4198205399587,corrected-two-halo,scale_dependent_camb
8,0.13796899,0.17404257,280,299,289.6146551724138,9.7135112539491e-06,7.481029210746088e-06,7.617162808494908e-06,1.528269244848233e-07,5.403247732555148e-08,0.7701673488775359,0.7841822189064839,-41.3174104483877,corrected-two-halo,scale_dependent_camb
8,0.13796899,0.17404257,300,319,309.60725806451615,9.057344383896097e-06,6.797888204653948e-06,6.921691533117659e-06,1.1487480791800834e-07,4.0614377833162895e-08,0.7505387800800146,0.7642076131525245,-55.63192888300834,corrected-two-halo,scale_dependent_camb
8,0.13796899,0.17404257,320,339,329.6007575757576,8.4921993043275e-06,6.263379461931803e-06,6.377337294065451e-06,1.1500713659603763e-07,4.066116308595288e-08,0.737545038390712,0.7509641572843979,-54.814463562791744,corrected-two-halo,scale_dependent_camb
8,0.13796899,0.17404257,340,359,349.595,7.997545418716264e-06,5.754856087801911e-06,5.859500033634822e-06,1.2550907280532246e-07,4.43741582405398e-08,0.7195777937483296,0.7326623016009539,-50.54043659278823,corrected-two-halo,scale_dependent_camb
8,0.13796899,0.17404257,360,379,369.58986486486486,7.559812872773333e-06,5.349244401292404e-06,5.446520451910807e-06,9.882212332037493e-08,3.493889676554518e-08,0.7075895252060681,0.7204570461692843,-63.26955559915875,corrected-two-halo,scale_dependent_camb
8,0.13796899,0.17404257,380,399,389.5852564102564,7.169170878633961e-06,5.023124486903691e-06,5.114496453670925e-06,1.2948551266757724e-07,4.578004203633023e-08,0.700656264432745,0.7134013877272039,-46.877335543449384,corrected-two-halo,scale_dependent_camb
8,0.13796899,0.17404257,400,419,409.5810975609756,6.8182166847699895e-06,4.761322212676996e-06,4.847872937176953e-06,1.0494755684344493e-07,3.7104564556480285e-08,0.6983236867951811,0.7110177281408143,-55.435079125157344,corrected-two-halo,scale_dependent_camb
8,0.13796899,0.17404257,420,439,429.57732558139537,6.501207337081096e-06,4.554970134399545e-06,4.637670651471031e-06,1.0605380724435261e-07,3.749568313656636e-08,0.7006344972908725,0.7133552909501955,-51.905633925723855,corrected-two-halo,scale_dependent_camb
8,0.13796899,0.17404257,440,459,449.5738888888889,6.213607893267071e-06,4.295536150480497e-06,4.373642330310301e-06,7.996314048033227e-08,2.8271239439307734e-08,0.6913111068909008,0.7038812885263461,-67.8453361376059,corrected-two-halo,scale_dependent_camb
8,0.13796899,0.17404257,460,479,469.5707446808511,5.9517221543748805e-06,4.141242435862498e-06,4.216607715244569e-06,6.797080038458464e-08,2.4031306937308495e-08,0.6958057396577949,0.70846850808469,-75.33837935803736,corrected-two-halo,scale_dependent_camb
8,0.13796899,0.17404257,480,499,489.5678571428571,5.7124531463214e-06,3.981920486766018e-06,4.054121008756505e-06,1.1264309847933471e-07,3.982534939430082e-08,0.6970596317853779,0.7096987764997605,-43.4530440002374,corrected-two-halo,scale_dependent_camb
8,0.13796899,0.17404257,500,519,509.56519607843137,5.493158847237452e-06,3.846535707212979e-06,3.91646124543468e-06,7.65289572258565e-08,2.7057072305769185e-08,0.7002411206709286,0.7129706885145504,-60.857402508895056,corrected-two-halo,scale_dependent_camb
8,0.13796899,0.17404257,520,539,529.5627358490566,5.291549241096366e-06,3.6818883955397694e-06,3.7488346538278665e-06,7.107468958716075e-08,2.5128697488905133e-08,0.6958053733951292,0.7084569155499606,-64.05667648581058,corrected-two-halo,scale_dependent_camb
8,0.13796899,0.17404257,540,559,549.5604545454545,5.10561962500679e-06,3.586039035264953e-06,3.651289701309576e-06,7.366277353887099e-08,2.6043723345172324e-08,0.7023709752487063,0.7151511411907658,-58.34728658425558,corrected-two-halo,scale_dependent_camb
8,0.13796899,0.17404257,560,579,569.5583333333333,4.9336096025810125e-06,3.5271679583450676e-06,3.5914002063405485e-06,6.105792705611272e-08,2.1587237133285438e-08,0.714926441788145,0.7279457629687017,-65.15153539807775,corrected-two-halo,scale_dependent_camb
8,0.13796899,0.17404257,580,599,589.5563559322034,4.773971937112893e-06,3.4249956251678967e-06,3.4873999727121203e-06,4.229701916395339e-08,1.49542545374044e-08,0.7174310344269005,0.7305028221052259,-90.20685775883132,corrected-two-halo,scale_dependent_camb
8,0.13796899,0.17404257,600,619,609.5545081967213,4.6253455697080925e-06,3.3485038620874096e-06,3.4094682614625555e-06,5.8506401422762144e-08,2.068513659442869e-08,0.7239467433562451,0.7371272502948852,-61.7274970262747,corrected-two-halo,scale_dependent_camb
8,0.13796899,0.17404257,620,639,629.5527777777778,4.486533491606803e-06,3.2762068767154096e-06,3.3357973384288237e-06,6.066380447276621e-08,2.1447893757633897e-08,0.7302312314940664,0.7435133036829609,-56.43102434991338,corrected-two-halo,scale_dependent_camb
8,0.13796899,0.17404257,640,659,649.5511538461539,4.3564837385493295e-06,3.210316852706506e-06,3.2687879590058547e-06,4.847835777624177e-08,1.7139687762184075e-08,0.7369055057635802,0.7503271342622599,-66.8720983571039,corrected-two-halo,scale_dependent_camb
8,0.13796899,0.17404257,660,679,669.5496268656716,4.234273072029646e-06,3.1406863495960086e-06,3.1979490914134154e-06,3.7253175182337086e-08,1.3170986396080476e-08,0.7417297600247968,0.7552533899001743,-83.02997889050098,corrected-two-halo,scale_dependent_camb
8,0.13796899,0.17404257,680,699,689.5481884057971,4.119091403165856e-06,3.0973463503800368e-06,3.153788947454427e-06,4.9538277167053395e-08,1.7514425856561082e-08,0.7519489244641366,0.765651605844552,-58.337342094663256,corrected-two-halo,scale_dependent_camb
8,0.13796899,0.17404257,700,719,709.5468309859154,4.010227985142894e-06,3.042525228613387e-06,3.097962259832656e-06,3.9873776571329253e-08,1.40975089025521e-08,0.7586913362246098,0.7725152463426013,-68.6435286701129,corrected-two-halo,scale_dependent_camb
8,0.13796899,0.17404257,720,739,729.5455479452055,3.907059774797228e-06,3.0022685577606307e-06,3.0568898278399182e-06,4.673023484802088e-08,1.652163297373774e-08,0.7684214552147325,0.7824016022377256,-54.764030799789836,corrected-two-halo,scale_dependent_camb
8,0.13796899,0.17404257,740,759,749.5443333333334,3.8090408469894387e-06,2.9421578213547575e-06,2.9957386642149003e-06,4.0515999984224624e-08,1.432456916769964e-08,0.7724143529939193,0.786481107595013,-60.51721454837253,corrected-two-halo,scale_dependent_camb
8,0.13796899,0.17404257,760,779,769.5431818181818,3.7156929965954416e-06,2.8965990133976947e-06,2.949338879595887e-06,3.81566385481803e-08,1.3490408932351155e-08,0.7795582186288658,0.793752035568671,-60.71676457735016,corrected-two-halo,scale_dependent_camb
8,0.13796899,0.17404257,780,799,789.5420886075949,3.6265977581495647e-06,2.8498305421942325e-06,2.9016820615260356e-06,4.682735778671623e-08,1.6555971118017862e-08,0.7858137936004047,0.8001113591948477,-46.917647440806206,corrected-two-halo,scale_dependent_camb
8,0.13796899,0.17404257,800,819,809.5410493827161,3.541388491905105e-06,2.827512955110615e-06,2.8788873599631697e-06,5.666265476516202e-08,2.003327371223915e-08,0.7984193097068383,0.8129261634366638,-35.63449224768262,corrected-two-halo,scale_dependent_camb
8,0.13796899,0.17404257,820,839,829.5400602409638,3.459743610347856e-06,2.7637256050589865e-06,2.814015744564265e-06,5.2778836025446874e-08,1.8660136428363166e-08,0.7988238194277959,0.8133596189462527,-37.29972757492445,corrected-two-halo,scale_dependent_camb
8,0.13796899,0.17404257,840,859,849.5391176470588,3.3813805807160027e-06,2.7230722433335726e-06,2.7725880266872215e-06,5.5639216607059244e-08,1.967143368137938e-08,0.805313740447686,0.8199573992053062,-33.46519364298153,corrected-two-halo,scale_dependent_camb
8,0.13796899,0.17404257,860,879,869.5382183908046,3.306050491846442e-06,2.6828470629783423e-06,2.7316781484137425e-06,4.15885647774371e-08,1.4703778086970887e-08,0.8114960946890929,0.8262663123720442,-42.38389787862237,corrected-two-halo,scale_dependent_camb
8,0.13796899,0.17404257,880,899,889.5373595505617,3.2335336986050836e-06,2.6487067361627976e-06,2.6968989709119464e-06,5.23839163297306e-08,1.8520511230930613e-08,0.819136889559996,0.8340407808569812,-31.577258054603913,corrected-two-halo,scale_dependent_camb
8,0.13796899,0.17404257,900,919,909.5365384615385,3.1636353502242844e-06,2.5995891581031423e-06,2.6468806212295094e-06,4.971052289130866e-08,1.7575323916386725e-08,0.8217094798611495,0.8366579356378289,-32.09307520046568,corrected-two-halo,scale_dependent_camb
8,0.13796899,0.17404257,920,939,929.535752688172,3.0961820963763185e-06,2.574240533718145e-06,2.6210544099140526e-06,5.1196495816652535e-08,1.810069468247186e-08,0.8314241390165524,0.8465440107614014,-28.835443711649663,corrected-two-halo,scale_dependent_camb
8,0.13796899,0.17404257,940,959,949.535,3.0310190487490583e-06,2.5398600602336053e-06,2.5861478784469314e-06,3.239064148094545e-08,1.14518211190794e-08,0.8379558225745362,0.853227194172293,-42.889160021645246,corrected-two-halo,scale_dependent_camb
8,0.13796899,0.17404257,960,979,969.5342783505155,2.968007099661815e-06,2.484975065144648e-06,2.5301931290481046e-06,4.1474452178885804e-08,1.4663433190843666e-08,0.8372537469427868,0.8524889072321975,-32.941264725016,corrected-two-halo,scale_dependent_camb
8,0.13796899,0.17404257,980,999,989.5335858585859,2.907020851651387e-06,2.464753368400104e-06,2.509539710123243e-06,4.9360814683508804e-08,1.745168339380079e-08,0.8478622941421129,0.8632685619360633,-25.342396677238945,corrected-two-halo,scale_dependent_camb
8,0.13796899,0.17404257,1000,1019,1009.5329207920792,2.847946748184331e-06,2.4283639092024334e-06,2.472548229347142e-06,3.757621870734073e-08,1.3285199529654718e-08,0.8526718102262983,0.8681862576691369,-31.582727684693076,corrected-two-halo,scale_dependent_camb
8,0.13796899,0.17404257,1020,1039,1029.532281553398,2.7906816031881693e-06,2.3885642433326526e-06,2.4319441736562824e-06,5.023054704291072e-08,1.7759180218376024e-08,0.8559071162413784,0.8714516807929457,-22.642788400752433,corrected-two-halo,scale_dependent_camb
8,0.13796899,0.17404257,1040,1059,1049.5316666666668,2.7351314024628095e-06,2.3512338347793785e-06,2.3940188183097944e-06,4.033202372686094e-08,1.425952373812005e-08,0.8596420020852541,0.8752847545657714,-26.922187215633013,corrected-two-halo,scale_dependent_camb
8,0.13796899,0.17404257,1060,1079,1069.5310747663552,2.6812100502619637e-06,2.320914063231628e-06,2.363185025670285e-06,3.258244926357231e-08,1.1519635410969304e-08,0.8656218721113873,0.8813875009305568,-31.276683174126525,corrected-two-halo,scale_dependent_camb
8,0.13796899,0.17404257,1080,1099,1089.530504587156,2.628838531479619e-06,2.287897194908344e-06,2.329487205568207e-06,4.116646925301489e-08,1.4554544783157168e-08,0.8703072355001662,0.8861279145421972,-23.425077297217822,corrected-two-halo,scale_dependent_camb
8,0.13796899,0.17404257,1100,1119,1109.529954954955,2.57794402714687e-06,2.242455332155826e-06,2.2833121363905667e-06,2.8686414714980196e-08,1.0142179186446029e-08,0.8698619165279764,0.885710516732054,-33.07856120698301,corrected-two-halo,scale_dependent_camb
8,0.13796899,0.17404257,1120,1139,1129.529424778761,2.5284591664863675e-06,2.2143400310009887e-06,2.254616684790799e-06,3.654643084374273e-08,1.2921114538887839e-08,0.8757665776656028,0.8916959050297382,-24.310529446975714,corrected-two-halo,scale_dependent_camb
8,0.13796899,0.17404257,1140,1159,1149.5289130434783,2.480321373939085e-06,2.1764648981492177e-06,2.2160865471544483e-06,3.4803758364008175e-08,1.23049867749841e-08,0.8774931027154348,0.8934675040254981,-24.693766953703992,corrected-two-halo,scale_dependent_camb
8,0.13796899,0.17404257,1160,1179,1169.5284188034188,2.4334723015303043e-06,2.14906883837617e-06,2.1881840856042308e-06,3.2997444270956605e-08,1.1666358302909304e-08,0.8831285390118123,0.8992023801660605,-24.378084040433688,corrected-two-halo,scale_dependent_camb
8,0.13796899,0.17404257,1180,1199,1189.5279411764707,2.3878574273922214e-06,2.1306935457358272e-06,2.1694531166104743e-06,4.020240259685675e-08,1.4213695748114537e-08,0.8923035024175447,0.9085354476040614,-18.092682312445536,corrected-two-halo,scale_dependent_camb
8,0.13796899,0.17404257,1200,1219,1209.527479338843,2.343425707723976e-06,2.0892744632079575e-06,2.127354434207955e-06,2.4595770249259026e-08,8.695917965878698e-09,0.8915471296238104,0.907796832302451,-29.226499779927185,corrected-two-halo,scale_dependent_camb
8,0.13796899,0.17404257,1220,1239,1229.5270325203253,2.300129311101736e-06,2.056125793146683e-06,2.0935274435360703e-06,3.4857061252405914e-08,1.2323832191905536e-08,0.8939174781272718,0.9101781510419925,-19.79932168463945,corrected-two-halo,scale_dependent_camb
8,0.13796899,0.17404257,1240,1259,1249.5266,2.257923340735125e-06,2.0171463047620344e-06,2.0539567076509104e-06,1.3771854568515627e-08,4.869085877456167e-09,0.8933635028128548,0.9096662719214338,-49.45015184223523,corrected-two-halo,scale_dependent_camb
8,0.13796899,0.17404257,1260,1279,1269.5261811023622,2.2167657068724075e-06,1.9952949910210635e-06,2.0316189830225833e-06,2.9621260774428897e-08,1.0472697180446878e-08,0.9000928626941758,0.916478893878666,-21.147438146578175,corrected-two-halo,scale_dependent_camb
8,0.13796899,0.17404257,1280,1299,1289.5257751937984,2.1766168574604582e-06,1.9649234763618792e-06,2.000687151960445e-06,3.0049694663641615e-08,1.0624171434623097e-08,0.9027420097510548,0.9191728645778857,-19.92563678036028,corrected-two-halo,scale_dependent_camb
8,0.13796899,0.17404257,1300,1319,1309.5253816793893,2.13743959888774e-06,1.93422171818069e-06,1.9694353024053778e-06,2.676624118401366e-08,9.463295324045351e-09,0.9049246206476205,0.9213992776358281,-21.474325142394335,corrected-two-halo,scale_dependent_camb
8,0.13796899,0.17404257,1320,1339,1329.525,2.099198807130786e-06,1.9049583208478448e-06,1.9396608905648207e-06,2.301523789773466e-08,8.137115394054898e-09,0.9074692279630096,0.9240005682053413,-23.87092684280429,corrected-two-halo,scale_dependent_camb
8,0.13796899,0.17404257,1340,1359,1349.5246296296295,2.0618612612518433e-06,1.8736569200550251e-06,1.90780975165925e-06,2.0560225029536213e-08,7.26913727055322e-09,0.9087211420410743,0.9252852204521937,-25.890877306612595,corrected-two-halo,scale_dependent_camb
8,0.13796899,0.17404257,1360,1379,1369.5242700729927,2.025395419395021e-06,1.843185051957532e-06,1.8767276423839554e-06,3.1852609333236405e-08,1.1261598029008688e-08,0.9100371385791349,0.9265981469161848,-16.17979677201534,corrected-two-halo,scale_dependent_camb
8,0.13796899,0.17404257,1380,1399,1389.5239208633093,1.9897712122429673e-06,1.824026374671502e-06,1.8572573184950035e-06,2.330374126878764e-08,8.239116739088269e-09,0.9167015601835803,0.933402447008675,-20.116821113255206,corrected-two-halo,scale_dependent_camb
8,0.13796899,0.17404257,1400,1419,1409.5235815602837,1.9549599099871445e-06,1.8054803997245686e-06,1.8384238212103066e-06,1.5674816538917666e-08,5.5418845342618645e-09,0.9235383244950742,0.9403895250324574,-26.97268579640039,corrected-two-halo,scale_dependent_camb
8,0.13796899,0.17404257,1420,1439,1429.5232517482518,1.920934031449959e-06,1.765859792176588e-06,1.797995527604116e-06,2.5643820238561218e-08,9.066459593107732e-09,0.9192714394484864,0.9360006633059403,-17.10416703243872,corrected-two-halo,scale_dependent_camb
8,0.13796899,0.17404257,1440,1459,1449.5229310344828,1.8876673097328341e-06,1.7427352153570335e-06,1.7744577589569304e-06,2.458244246065361e-08,8.691205881028144e-09,0.9232215901453985,0.9400267461367827,-16.675717542506952,corrected-two-halo,scale_dependent_camb
8,0.13796899,0.17404257,1460,1479,1469.522619047619,1.8551346507258381e-06,1.7173524908240859e-06,1.7485996072675845e-06,2.6886949776145324e-08,9.505972256067242e-09,0.9257292941793503,0.9425728782454843,-14.494273304217991,corrected-two-halo,scale_dependent_camb
8,0.13796899,0.17404257,1480,1499,1489.5223154362416,1.8233121502826377e-06,1.693194329292767e-06,1.7240091800431144e-06,2.6970032744740623e-08,9.535346521314665e-09,0.9286365634267831,0.9455370435478477,-13.6458408406044,corrected-two-halo,scale_dependent_camb
8,0.13796899,0.17404257,1500,1519,1509.5220198675497,1.7921771064833442e-06,1.65948183802084e-06,1.689684037442651e-06,2.5359375807057402e-08,8.965893299914181e-09,0.9259586187199532,0.9428108591110129,-14.800005311659739,corrected-two-halo,scale_dependent_camb
8,0.13796899,0.17404257,1520,1539,1529.5217320261438,1.761708039803088e-06,1.639119987472748e-06,1.6689766387665699e-06,2.1580302626536962e-08,7.629789163641074e-09,0.9304152279715757,0.9473627871693864,-16.067030123783763,corrected-two-halo,scale_dependent_camb
8,0.13796899,0.17404257,1540,1559,1549.5214516129033,1.7318846301903211e-06,1.6112521035227313e-06,1.6406084441109939e-06,1.8367219920158505e-08,6.493792878544358e-09,0.9303460954819298,0.9472966128989223,-18.57658981797256,corrected-two-halo,scale_dependent_camb
8,0.13796899,0.17404257,1560,1579,1569.521178343949,1.7026876793630126e-06,1.5894841635173987e-06,1.6184359190295915e-06,2.0057542794688154e-08,7.091412262031684e-09,0.9335148088415345,0.9505183708353723,-15.963465620482937,corrected-two-halo,scale_dependent_camb
8,0.13796899,0.17404257,1580,1599,1589.5209119496856,1.6740990565931536e-06,1.5648978895962471e-06,1.5934186406440158e-06,1.8276266431819084e-08,6.46163596435567e-09,0.9347701878411339,0.9518066654231768,-16.89992559148999,corrected-two-halo,scale_dependent_camb
8,0.13796899,0.17404257,1600,1619,1609.520652173913,1.646101577114943e-06,1.5407151686984054e-06,1.568812402762823e-06,1.5310432568177526e-08,5.413055345928848e-09,0.9359781863515105,0.9530471415454316,-19.468932364750057,corrected-two-halo,scale_dependent_camb
8,0.13796899,0.17404257,1620,1639,1629.520398773006,1.6186789545424678e-06,1.5150877771105646e-06,1.5427233081144629e-06,1.6323943396910775e-08,5.771385535830487e-09,0.9360026414495616,0.953075533468294,-17.94910022710806,corrected-two-halo,scale_dependent_camb
8,0.13796899,0.17404257,1640,1659,1649.5201515151516,1.591815658751826e-06,1.4962481440442089e-06,1.5235001989104422e-06,1.7819230053076394e-08,6.30004920302672e-09,0.9399632022827609,0.9570833095743314,-15.169328306468435,corrected-two-halo,scale_dependent_camb
8,0.13796899,0.17404257,1660,1679,1669.5199101796406,1.5654969224472185e-06,1.4692551755039446e-06,1.4960277469761758e-06,1.6722833601653928e-08,5.912414520191874e-09,0.938523196332557,0.9556248406017643,-16.277909239041417,corrected-two-halo,scale_dependent_camb
8,0.13796899,0.17404257,1680,1699,1689.519674556213,1.539708633804811e-06,1.4517822153134322e-06,1.4782108263409583e-06,2.0107637678242423e-08,7.109123477963671e-09,0.9428941186917282,0.9600588019618465,-12.368109621942358,corrected-two-halo,scale_dependent_camb
8,0.13796899,0.17404257,1700,1719,1709.5194444444444,1.5144373470763762e-06,1.4235552890625844e-06,1.4495169514290252e-06,1.5545474048932508e-08,5.496155058379836e-09,0.9399895557322065,0.957132333158133,-16.535570239275987,corrected-two-halo,scale_dependent_camb
8,0.13796899,0.17404257,1720,1739,1729.519219653179,1.4896702315916138e-06,1.4032416074839197e-06,1.428801593839753e-06,1.7272514901156314e-08,6.106756207376659e-09,0.9419813712627184,0.9591395219821056,-14.152951447986837,corrected-two-halo,scale_dependent_camb
8,0.13796899,0.17404257,1740,1759,1749.519,1.4653950740517301e-06,1.3808996366264755e-06,1.4060651474323507e-06,1.5292343302013444e-08,5.406659824543192e-09,0.9423394831049692,0.9595126749980565,-15.628029165380985,corrected-two-halo,scale_dependent_camb
8,0.13796899,0.17404257,1760,1779,1769.5187853107345,1.4416002789437447e-06,1.3630430423330567e-06,1.3879040109653662e-06,1.4073989422499935e-08,4.9759066794987225e-09,0.945506921885277,0.9627523185430281,-15.787522088055294,corrected-two-halo,scale_dependent_camb
8,0.13796899,0.17404257,1780,1799,1789.5185754189945,1.4182748486953356e-06,1.3442252735744601e-06,1.3686975802586324e-06,1.8838219468988402e-08,6.66031636600107e-09,0.9477889809658592,0.965043962753546,-11.118026689974732,corrected-two-halo,scale_dependent_camb
8,0.13796899,0.17404257,1800,1819,1809.5183701657459,1.3954083569193228e-06,1.326203624872613e-06,1.3503635106771357e-06,1.6172631220493486e-08,5.717888602820106e-09,0.9504053908638653,0.9677192371546106,-12.103196975991708,corrected-two-halo,scale_dependent_camb
8,0.13796899,0.17404257,1820,1839,1829.518169398907,1.3729909350423354e-06,1.3024176181007077e-06,1.3261562395563245e-06,1.4707190365880242e-08,5.19977701995769e-09,0.9485988471297142,0.965888561759101,-13.572373713479337,corrected-two-halo,scale_dependent_camb
8,0.13796899,0.17404257,1840,1859,1849.517972972973,1.351013242786617e-06,1.2817281076460335e-06,1.3050799642810618e-06,1.4725574634442167e-08,5.206276840441336e-09,0.948716168764064,0.966000867311402,-13.308000566237721,corrected-two-halo,scale_dependent_camb
8,0.13796899,0.17404257,1860,1879,1869.5177807486632,1.3294664172799897e-06,1.2681949450505793e-06,1.291325741290506e-06,1.1575697240779352e-08,4.092627007958743e-09,0.9539127341367762,0.9713112903840645,-14.97118406105873,corrected-two-halo,scale_dependent_camb
8,0.13796899,0.17404257,1880,1899,1889.5175925925926,1.308342026996421e-06,1.2462052038699384e-06,1.268901037315734e-06,1.5791877092486095e-08,5.583271689880708e-09,0.9525072023642541,0.9698542209400456,-11.129106118747776,corrected-two-halo,scale_dependent_camb
8,0.13796899,0.17404257,1900,1919,1909.5174083769634,1.287632025095204e-06,1.2284404341300031e-06,1.2508546638103282e-06,9.830745612282633e-09,3.475693443282474e-09,0.9540306626337409,0.9714379880524046,-17.030152955405576,corrected-two-halo,scale_dependent_camb
8,0.13796899,0.17404257,1920,1939,1929.5172279792746,1.2673287045117871e-06,1.2150979751156395e-06,1.2372533552392045e-06,1.0832521889498722e-08,3.829874842708129e-09,0.9587867542096993,0.9762687066382131,-13.637711815985865,corrected-two-halo,scale_dependent_camb
8,0.13796899,0.17404257,1940,1959,1949.5170512820512,1.2474246367808527e-06,1.1949628880753474e-06,1.216749933964219e-06,1.1270906848200273e-08,3.984867331242155e-09,0.9579439533590663,0.9754095743244307,-13.16524349360258,corrected-two-halo,scale_dependent_camb
8,0.13796899,0.17404257,1960,1979,1969.5168781725888,1.2279126358481833e-06,1.1771134929085044e-06,1.198564193225288e-06,1.5002671859457693e-08,5.304245503869562e-09,0.9586296765285836,0.9760989163511434,-9.577072347541204,corrected-two-halo,scale_dependent_camb
8,0.13796899,0.17404257,1980,1999,1989.5167085427136,1.2087857250362646e-06,1.1561869715210408e-06,1.1772898747261906e-06,8.138820182796468e-09,2.877507471056659e-09,0.9564862883257115,0.9739442238125958,-18.27927609025768,corrected-two-halo,scale_dependent_camb
8,0.13796899,0.17404257,2000,2019,2009.5165422885573,1.1900371165786431e-06,1.1426980749774045e-06,1.1635061754715754e-06,1.6221178695335184e-08,5.735052727155131e-09,0.9602205335096283,0.9777057868721405,-8.254334154085644,corrected-two-halo,scale_dependent_camb
8,0.13796899,0.17404257,2020,2039,2029.5163793103447,1.1716601859036861e-06,1.123462041246507e-06,1.1439603123881279e-06,9.383993563085693e-09,3.3177427415344026e-09,0.9588633758857271,0.9763584409124616,-14.527390582094434,corrected-two-halo,scale_dependent_camb
8,0.13796899,0.17404257,2040,2059,2049.516219512195,1.1536484625563267e-06,1.1112779107203306e-06,1.1315176472141982e-06,1.4080707223140561e-08,4.978281780692545e-09,0.963272562473573,0.9808166733104384,-8.51107946527322,corrected-two-halo,scale_dependent_camb
8,0.13796899,0.17404257,2060,2079,2069.5160628019325,1.1359956206671246e-06,1.0973328963132959e-06,1.117341761233514e-06,1.203774630994621e-08,4.255986022983152e-09,0.9659657804568615,0.9835792857875139,-9.084316570835185,corrected-two-halo,scale_dependent_camb
8,0.13796899,0.17404257,2080,2099,2089.515909090909,1.1186954842548692e-06,1.079589482889255e-06,1.0992399669836135e-06,1.5593865462997113e-08,5.51326400689798e-09,0.9650432115656017,0.9826087460393975,-7.093076137236723,corrected-two-halo,scale_dependent_camb
8,0.13796899,0.17404257,2100,2119,2109.5157582938386,1.101742020716254e-06,1.064139675660888e-06,1.0835381536291999e-06,1.3319711086399668e-08,4.70922901631942e-09,0.9658700999432515,0.983477196344731,-7.984819792169431,corrected-two-halo,scale_dependent_camb
8,0.13796899,0.17404257,2120,2139,2129.5156103286386,1.085129336491515e-06,1.0510919218263662e-06,1.070245185870928e-06,1.2807540203906516e-08,4.528149264250817e-09,0.9686328500018256,0.9862835238896859,-7.51684908752234,corrected-two-halo,scale_dependent_camb
8,0.13796899,0.17404257,2140,2159,2149.515465116279,1.0688516682566805e-06,1.0372154889716244e-06,1.0561281842396566e-06,9.618928551554733e-09,3.4008048032766237e-09,0.9704017122070311,0.9880961181098439,-9.30255663441052,corrected-two-halo,scale_dependent_camb
8,0.13796899,0.17404257,2160,2179,2169.5153225806453,1.0529033932032647e-06,1.0210760572747048e-06,1.039688696167525e-06,1.0519551355337366e-08,3.7192230491995936e-09,0.9697718364913508,0.9874492787077679,-8.557522769549777,corrected-two-halo,scale_dependent_camb
8,0.13796899,0.17404257,2180,2199,2189.5151826484016,1.0372789990309541e-06,1.0061142604464885e-06,1.02445448281341e-06,1.0202788680190837e-08,3.607230531388143e-09,0.9699552978383055,0.9876363869031137,-8.63951951872418,corrected-two-halo,scale_dependent_camb
8,0.13796899,0.17404257,2200,2219,2209.515045248869,1.0219730647090727e-06,9.895059702827566e-07,1.007553619702784e-06,9.08347253358469e-09,3.211492512609742e-09,0.9682309685573185,0.9858905821452413,-10.109659075596753,corrected-two-halo,scale_dependent_camb
8,0.13796899,0.17404257,2220,2239,2229.5149103139015,1.0069802561018617e-06,9.797567034182368e-07,9.97615583107305e-07,1.1675114120569014e-08,4.1277761828905826e-09,0.9729651574411097,0.9907002417000623,-6.595210466222724,corrected-two-halo,scale_dependent_camb
8,0.13796899,0.17404257,2240,2259,2249.514777777778,9.922952850563264e-07,9.641567941022127e-07,9.817346193088834e-07,1.2744899060766609e-08,4.506002275703064e-09,0.9716430266495558,0.9893573355567808,-6.244668606991159,corrected-two-halo,scale_dependent_camb
8,0.13796899,0.17404257,2260,2279,2269.5146475770925,9.779129033437676e-07,9.510868906598966e-07,9.68414389952361e-07,1.1201085899371194e-08,3.960181898049194e-09,0.9725680962055566,0.9902869536142448,-6.773934474344639,corrected-two-halo,scale_dependent_camb
8,0.13796899,0.17404257,2280,2299,2289.514519650655,9.63827860983734e-07,9.398194387570913e-07,9.569660482046571e-07,7.66592680076521e-09,2.7103144124503877e-09,0.975090549673322,0.9928806656698289,-8.85816867458441,corrected-two-halo,scale_dependent_camb
8,0.13796899,0.17404257,2300,2319,2309.514393939394,9.500349128793676e-07,9.28144799195646e-07,9.450528061000533e-07,1.0838132667455729e-08,3.831858552278695e-09,0.976958621849615,0.9947558697982851,-5.712662246027889,corrected-two-halo,scale_dependent_camb
8,0.13796899,0.17404257,2320,2339,2329.514270386266,9.365287914337967e-07,9.154511100105816e-07,9.321595983096059e-07,7.716979728289048e-09,2.7283643480761533e-09,0.9774938244120122,0.9953346942836625,-7.725391016078016,corrected-two-halo,scale_dependent_camb
8,0.13796899,0.17404257,2340,2359,2349.5141489361704,9.233042148000054e-07,9.025636485713244e-07,9.190204194946856e-07,9.069228200682351e-09,3.2064563804153804e-09,0.9775365844797171,0.9953603641826246,-6.468376228462593,corrected-two-halo,scale_dependent_camb
8,0.13796899,0.17404257,2360,2379,2369.514029535865,9.103558747285384e-07,8.912826981408117e-07,9.075346019660337e-07,1.0315610358918241e-08,3.6471190184346416e-09,0.9790486587529145,0.996900912224743,-5.2296556518500905,corrected-two-halo,scale_dependent_camb
8,0.13796899,0.17404257,2380,2399,2389.513912133891,8.976784530519121e-07,8.80958080839693e-07,8.970092519204787e-07,1.009532411892975e-08,3.569236071385667e-09,0.9813737623361979,0.9992545202247439,-4.684580083190698,corrected-two-halo,scale_dependent_camb
8,0.13796899,0.17404257,2400,2419,2409.5137966804978,8.85266630310209e-07,8.687716714408513e-07,8.846149280802409e-07,8.473258189141776e-09,2.9957491621432974e-09,0.9813672420211099,0.9992638350891644,-5.506121499690717,corrected-two-halo,scale_dependent_camb
8,0.13796899,0.17404257,2420,2439,2429.513683127572,8.731150875681889e-07,8.576960243900064e-07,8.733235983340927e-07,9.454707701522208e-09,3.3427439649415144e-09,0.9823401709605913,1.0002388124645567,-4.612696437386962,corrected-two-halo,scale_dependent_camb
8,0.13796899,0.17404257,2440,2459,2449.5135714285716,8.612185205434282e-07,8.462251651936784e-07,8.616543130795307e-07,9.185389304281187e-09,3.2475255324478053e-09,0.9825905330736628,1.000506018537348,-4.61685526409047,corrected-two-halo,scale_dependent_camb
8,0.13796899,0.17404257,2460,2479,2469.5134615384613,8.495716455715513e-07,8.351146952105927e-07,8.50329679907113e-07,1.0271622385485743e-08,3.631566921282255e-09,0.982983247573861,1.0008922547492174,-3.980912557671946,corrected-two-halo,scale_dependent_camb
8,0.13796899,0.17404257,2480,2499,2489.513353413655,8.381692073204627e-07,8.244980287875822e-07,8.395400928328209e-07,6.1928675746319915e-09,2.1895093285062842e-09,0.9836892379086726,1.0016355713147,-6.243946237126656,corrected-two-halo,scale_dependent_camb
8,0.13796899,0.17404257,2500,2519,2509.513247011952,8.270059828561092e-07,8.172452962298796e-07,8.32144807286722e-07,7.678195346444915e-09,2.7146519983730955e-09,0.9881975622564174,1.0062137693525088,-3.595557232411077,corrected-two-halo,scale_dependent_camb
8,0.13796899,0.17404257,2520,2539,2529.51314229249,8.160767880581239e-07,8.052781169907371e-07,8.199775703913212e-07,5.893483334139916e-09,2.0836610151901187e-09,0.9867675796868546,1.004779920701432,-5.182546963571942,corrected-two-halo,scale_dependent_camb
8,0.13796899,0.17404257,2540,2559,2549.513039215686,8.053764871803789e-07,7.954758154364876e-07,8.099746253356273e-07,8.421712395844966e-09,2.9775249721523904e-09,0.9877067782565225,1.0057093027030706,-3.3251347466397054,corrected-two-halo,scale_dependent_camb
8,0.13796899,0.17404257,2560,2579,2569.512937743191,7.949000025918383e-07,7.872348589385243e-07,8.015913061444209e-07,7.832335593900601e-09,2.76914880548794e-09,0.9903570969577039,1.0084177928428293,-2.768050470282818,corrected-two-halo,scale_dependent_camb
8,0.13796899,0.17404257,2580,2599,2589.5128378378377,7.846423210287257e-07,7.780095544912644e-07,7.921985561388841e-07,6.945583839439264e-09,2.4556347160835997e-09,0.9915467642265775,1.0096301651181032,-2.701039569940448,corrected-two-halo,scale_dependent_camb
8,0.13796899,0.17404257,2600,2619,2609.5127394636015,7.74598500645275e-07,7.685084581576513e-07,7.825415028115959e-07,5.164307842850171e-09,1.8258585479071136e-09,0.9921378075447468,1.0102543474583334,-3.335440466954274,corrected-two-halo,scale_dependent_camb
8,0.13796899,0.17404257,2620,2639,2629.5126425855515,7.647636791037073e-07,7.586201606542472e-07,7.724444418471627e-07,8.616608329595016e-09,3.0464310903425627e-09,0.9919667753355387,1.0100433152793777,-2.016628069788128,corrected-two-halo,scale_dependent_camb
8,0.13796899,0.17404257,2640,2659,2649.512547169811,7.551330778022515e-07,7.506065138017485e-07,7.643019737199214e-07,5.365635220136933e-09,1.8970385247660992e-09,0.9940056075762472,1.0121420928140972,-2.3861212839950485,corrected-two-halo,scale_dependent_camb
8,0.13796899,0.17404257,2660,2679,2669.5124531835204,7.457020011215314e-07,7.404671877285183e-07,7.539776311342041e-07,6.45129173271523e-09,2.2808760658078257e-09,0.992980019652435,1.0110977709597482,-2.2950889228429117,corrected-two-halo,scale_dependent_camb
8,0.13796899,0.17404257,2680,2699,2689.5123605947956,7.364658363327681e-07,7.333281684237221e-07,7.467159743780733e-07,3.967202392780644e-09,1.4026178571373453e-09,0.995739560812936,1.0139180088737663,-2.2370083861970644,corrected-two-halo,scale_dependent_camb
8,0.13796899,0.17404257,2700,2719,2709.512269372694,7.274200546731993e-07,7.239239613782872e-07,7.371416514137093e-07,4.229198825444264e-09,1.4952475842289104e-09,0.995193845327123,1.0133644882046557,-2.3381367285170835,corrected-two-halo,scale_dependent_camb
8,0.13796899,0.17404257,2720,2739,2729.5121794871793,7.185602118540097e-07,7.156068523245611e-07,7.286647007666879e-07,6.3155623579096e-09,2.2328884851421898e-09,0.9958898927595385,1.0140621325060664,-1.322663244985379,corrected-two-halo,scale_dependent_camb
8,0.13796899,0.17404257,2740,2759,2749.512090909091,7.098819446633225e-07,7.078388329729373e-07,7.207523720547311e-07,5.291698498625508e-09,1.8708979461863843e-09,0.9971218993443279,1.015313007286816,-1.0920487109144115,corrected-two-halo,scale_dependent_camb
8,0.13796899,0.17404257,2760,2779,2769.5120036101084,7.013809698282913e-07,6.983736148144176e-07,7.110999824872559e-07,7.56446509643309e-09,2.6744422828683943e-09,0.995712237509652,1.0138569665802937,-1.1244793103735335,corrected-two-halo,scale_dependent_camb
8,0.13796899,0.17404257,2780,2799,2789.511917562724,6.930530854502763e-07,6.923095129347118e-07,7.049421771015423e-07,5.3385729123522635e-09,1.8874705540915505e-09,0.9989271059733016,1.0171546623207683,-0.3939518494488061,corrected-two-halo,scale_dependent_camb
8,0.13796899,0.17404257,2800,2819,2809.5118327402133,6.848941713531394e-07,6.844509649204132e-07,6.969456955833222e-07,4.638593233114729e-09,1.6399903651507281e-09,0.9993528833340038,1.0175961845409967,-0.27024941252351886,corrected-two-halo,scale_dependent_camb
8,0.13796899,0.17404257,2820,2839,2829.511749116608,6.769001876498195e-07,6.76320057335288e-07,6.886619891642522e-07,4.630751050476759e-09,1.6372177348894223e-09,0.9991429603283969,1.0173759761468961,-0.35433913411073803,corrected-two-halo,scale_dependent_camb
8,0.13796899,0.17404257,2840,2859,2849.5116666666668,6.690671751472705e-07,6.67167473618574e-07,6.793468436139002e-07,4.565659535056316e-09,1.6142044089136704e-09,0.9971606714553313,1.0153641799336024,-1.1768655309118794,corrected-two-halo,scale_dependent_camb
8,0.13796899,0.17404257,2860,2879,2869.5115853658535,6.613912585049773e-07,6.625499945650649e-07,6.746361362022729e-07,5.378219412209608e-09,1.901487708541271e-09,1.0017519676064464,1.020025782813088,0.60938393389695,corrected-two-halo,scale_dependent_camb
8,0.13796899,0.17404257,2880,2899,2889.5115051903113,6.538686493641688e-07,6.53405957353874e-07,6.653388580143442e-07,4.379073315662281e-09,1.5482362184089288e-09,0.9992923777416999,1.0175420685199226,-0.29885104404174345,corrected-two-halo,scale_dependent_camb
8,0.13796899,0.17404257,2900,2919,2909.5114261168383,6.464956484530717e-07,6.476495466284312e-07,6.59457585153219e-07,5.925383823844792e-09,2.0949395414868636e-09,1.001784850645353,1.020049534333545,0.5508026138742416,corrected-two-halo,scale_dependent_camb
8,0.13796899,0.17404257,2920,2939,2929.511348122867,6.392686505070578e-07,6.410643355978654e-07,6.527648692372228e-07,4.477677688946844e-09,1.5830981289110107e-09,1.002808967856289,1.0211119671197078,1.134285397736409,corrected-two-halo,scale_dependent_camb
8,0.13796899,0.17404257,2940,2959,2949.511271186441,6.321841509602879e-07,6.351248199962809e-07,6.467186778984207e-07,3.812364513329631e-09,1.347874399865167e-09,1.0046516019604828,1.02299097014067,2.181708500649007,corrected-two-halo,scale_dependent_camb
8,0.13796899,0.17404257,2960,2979,2969.5111952861953,6.252387512343962e-07,6.28133386990253e-07,6.396000872016521e-07,4.0879101663043414e-09,1.4452944997376134e-09,1.0046296486744337,1.0229693632054997,2.002799952800189,corrected-two-halo,scale_dependent_camb
8,0.13796899,0.17404257,2980,2999,2989.511120401338,6.184291604500574e-07,6.212452040779772e-07,6.325779596080943e-07,5.285264116637041e-09,1.8686230486179895e-09,1.0045535427628776,1.0228786093264752,1.507015355506018,corrected-two-halo,scale_dependent_camb
8,0.13796899,0.17404257,3000,3019,3009.5110465116277,6.11752197263979e-07,6.160656040072351e-07,6.273136473078388e-07,3.4010493975199373e-09,1.2024525460683848e-09,1.0070509051909375,1.025437505763702,3.587174194407492,corrected-two-halo,scale_dependent_camb
8,0.13796899,0.17404257,3020,3039,3029.5109735973597,6.052047911982322e-07,6.084210704137599e-07,6.195288989385718e-07,3.9114818145876246e-09,1.3829176577913855e-09,1.005314365091459,1.0236681995064505,2.325719971400364,corrected-two-halo,scale_dependent_camb
8,0.13796899,0.17404257,3040,3059,3049.5109016393444,5.98783981540403e-07,6.030282670209411e-07,6.140291758536656e-07,4.882223090991778e-09,1.7261265274529163e-09,1.0070881747197369,1.0254602574271334,2.4588495762248757,corrected-two-halo,scale_dependent_camb
8,0.13796899,0.17404257,3060,3079,3069.5108306188927,5.924869131995997e-07,5.979051578054659e-07,6.088207425038062e-07,3.510068759740123e-09,1.2409967112216475e-09,1.0091449186220942,1.0275682533070631,4.366042679140038,corrected-two-halo,scale_dependent_camb
8,0.13796899,0.17404257,3080,3099,3089.5107605177996,5.863108326091318e-07,5.899551796665529e-07,6.007104127903562e-07,5.867923816018836e-09,2.074624360896481e-09,1.0062157252684611,1.0245596352316144,1.756629839170649,corrected-two-halo,scale_dependent_camb
8,0.13796899,0.17404257,3100,3119,3109.510691318328,5.802530841626907e-07,5.858001464935232e-07,5.96500401443748e-07,2.817737174202125e-09,9.962205317398712e-10,1.0095597291634166,1.0280003979720371,5.568106813804244,corrected-two-halo,scale_dependent_camb
8,0.13796899,0.17404257,3120,3139,3129.5106230031947,5.74311105044584e-07,5.791945679520516e-07,5.897554899413786e-07,5.107381172904834e-09,1.8057319307327555e-09,1.008503166427695,1.0268920185612564,2.70442296796839,corrected-two-halo,scale_dependent_camb
8,0.13796899,0.17404257,3140,3159,3149.5105555555556,5.684824181201526e-07,5.735370490257357e-07,5.839932587259372e-07,6.130968211553195e-09,2.1676245988142116e-09,1.0088914463217662,1.0272846443643335,2.331875597069843,corrected-two-halo,scale_dependent_camb
8,0.13796899,0.17404257,3160,3179,3169.5104889589907,5.627646260234417e-07,5.673056671730493e-07,5.776536460234645e-07,4.842874410820747e-09,1.712214668163078e-09,1.0080691659347802,1.0264569223286657,2.6521447538347696,corrected-two-halo,scale_dependent_camb
8,0.13796899,0.17404257,3180,3199,3189.510423197492,5.571554063165123e-07,5.63490551460621e-07,5.737685599883563e-07,4.963569322599637e-09,1.7548867634498607e-09,1.0113705172242549,1.0298178093284196,3.6100022383521937,corrected-two-halo,scale_dependent_camb
8,0.13796899,0.17404257,3200,3219,3209.5103582554516,5.51652506993145e-07,5.582064938563981e-07,5.683915910224839e-07,4.1491523507467954e-09,1.4669468816945816e-09,1.0118806436663843,1.0303435293362075,4.467773813106384,corrected-two-halo,scale_dependent_camb
8,0.13796899,0.17404257,3220,3239,3229.510294117647,5.462537402813082e-07,5.522580020868483e-07,5.623390489114675e-07,3.496217303605465e-09,1.2360994819405852e-09,1.0109917083633113,1.0294465876277126,4.857426035090527,corrected-two-halo,scale_dependent_camb
8,0.13796899,0.17404257,3240,3259,3249.510230769231,5.40956979755086e-07,5.474214493444622e-07,5.574214273674413e-07,3.2518570913766846e-09,1.1497051003810081e-09,1.0119500622624424,1.0304357799760886,5.6227197628625305,corrected-two-halo,scale_dependent_camb
8,0.13796899,0.17404257,3260,3279,3269.5101681957185,5.357601585237353e-07,5.436641606751541e-07,5.535760369765277e-07,5.099056892592816e-09,1.8027888532041924e-09,1.014752874071857,1.0332534589766498,4.384319404555089,corrected-two-halo,scale_dependent_camb
8,0.13796899,0.17404257,3280,3299,3289.510106382979,5.306612669661e-07,5.375658561037023e-07,5.473641915703235e-07,5.472123740763488e-09,1.9346879022928795e-09,1.0130112928291852,1.0314756807100651,3.5688387410803557,corrected-two-halo,scale_dependent_camb
8,0.13796899,0.17404257,3300,3319,3309.5100453172204,5.256583479217337e-07,5.341637543685962e-07,5.439106121205277e-07,3.716567320334586e-09,1.3140049774724507e-09,1.0161804839217141,1.0347226754239838,6.472887540519796,corrected-two-halo,scale_dependent_camb
8,0.13796899,0.17404257,3320,3339,3329.509984984985,5.20749493313128e-07,5.271626672606234e-07,5.367904637059425e-07,3.5165774907974307e-09,1.2432978951554184e-09,1.0123152764041945,1.0308036217006342,5.158195773100462,corrected-two-halo,scale_dependent_camb
8,0.13796899,0.17404257,3340,3359,3349.509925373134,5.159328404448524e-07,5.244102812233715e-07,5.339813880185963e-07,3.5083750669486846e-09,1.2403979003926113e-09,1.016431287396262,1.034982358475537,6.834452699279665,corrected-two-halo,scale_dependent_camb
8,0.13796899,0.17404257,3360,3379,3369.5098664688426,5.112065680082214e-07,5.21454845509893e-07,5.309714023425898e-07,3.4057139206728547e-09,1.2041017040445994e-09,1.0200472336292572,1.0386631071885026,8.51113943884262,corrected-two-halo,scale_dependent_camb
8,0.13796899,0.17404257,3380,3399,3389.509808259587,5.065688920931307e-07,5.153844155396945e-07,5.247912423923293e-07,3.498795086764021e-09,1.2370108659165069e-09,1.0174024176852596,1.0359721068222414,7.1264721187653945,corrected-two-halo,scale_dependent_camb
8,0.13796899,0.17404257,3400,3419,3409.509750733138,5.020180642658078e-07,5.100739988987204e-07,5.19383993745014e-07,3.653896972459553e-09,1.2918476634915728e-09,1.0160471011032126,1.0345922402306449,6.235978792684561,corrected-two-halo,scale_dependent_camb
8,0.13796899,0.17404257,3420,3439,3429.509693877551,4.975523712643532e-07,5.064408486934865e-07,5.156829801316934e-07,3.692427537207162e-09,1.3054702752995636e-09,1.0178644057238566,1.0364395989537094,6.80864022514315,corrected-two-halo,scale_dependent_camb
8,0.13796899,0.17404257,3440,3459,3449.5096376811593,4.931701362427199e-07,5.030429233791161e-07,5.122301378000363e-07,2.309613815760617e-09,8.165717955232348e-10,1.020019028750632,1.0386479232147499,12.090531647704061,corrected-two-halo,scale_dependent_camb
8,0.13796899,0.17404257,3460,3479,3469.509582132565,4.888697178770904e-07,4.987463602604244e-07,5.078472042755688e-07,3.905863575916499e-09,1.3809313104600468e-09,1.0202030152864106,1.0388191080455706,7.152160508290398,corrected-two-halo,scale_dependent_camb
8,0.13796899,0.17404257,3480,3499,3489.5095272206304,4.846495114295398e-07,4.954701251981905e-07,5.045172966163356e-07,2.3086173900157346e-09,8.162195058226572e-10,1.0223266783798743,1.0409941302286534,13.256989929130233,corrected-two-halo,scale_dependent_camb
8,0.13796899,0.17404257,3500,3519,3509.509472934473,4.805079499764906e-07,4.911595435351782e-07,5.001234217686123e-07,3.707430484468131e-09,1.3107746181725712e-09,1.022167361766249,1.0408223668163687,8.126182343641666,corrected-two-halo,scale_dependent_camb
8,0.13796899,0.17404257,3520,3539,3529.509419263456,4.764435029575852e-07,4.865334862439437e-07,4.954178249335872e-07,2.811771189268848e-09,9.941112375384827e-10,1.0211777119925525,1.0398249149337047,10.149752769461028,corrected-two-halo,scale_dependent_camb
8,0.13796899,0.17404257,3540,3559,3549.509366197183,4.7245467612648986e-07,4.834245682363553e-07,4.922534348074195e-07,2.8422606780582702e-09,1.0048908996774388e-09,1.0232189301200365,1.041906154561224,10.916500600599214,corrected-two-halo,scale_dependent_camb
8,0.13796899,0.17404257,3560,3579,3569.5093137254903,4.6854000811909666e-07,4.79476495639762e-07,4.882379320204406e-07,2.7600209900700144e-09,9.75814779147858e-10,1.0233416300233755,1.0420410713279729,11.207544458606918,corrected-two-halo,scale_dependent_camb
8,0.13796899,0.17404257,3580,3599,3589.50926183844,4.6469806906387466e-07,4.758235767591669e-07,4.845108370148682e-07,2.8397221798682045e-09,1.0039934050353261e-09,1.023941368462547,1.0426357871271252,11.08125575277141,corrected-two-halo,scale_dependent_camb
8,0.13796899,0.17404257,3600,3619,3609.5092105263157,4.60927459435357e-07,4.7246507674893444e-07,4.810854504627035e-07,4.072635347005387e-09,1.4398940355837684e-09,1.0250313082403708,1.0437335433476675,8.012823880404353,corrected-two-halo,scale_dependent_camb
8,0.13796899,0.17404257,3620,3639,3629.5091597796145,4.572268049929701e-07,4.688952591161678e-07,4.774535581640076e-07,3.2924635517213284e-09,1.164061652115848e-09,1.025520056995296,1.0442378988942884,10.023914199036309,corrected-two-halo,scale_dependent_camb
8,0.13796899,0.17404257,3640,3659,3649.509109589041,4.5359475748203716e-07,4.6556080523606745e-07,4.7405511275815436e-07,3.6981176423839547e-09,1.3074820312776508e-09,1.0263804807190793,1.0451071246715797,9.151978740646447,corrected-two-halo,scale_dependent_camb
8,0.13796899,0.17404257,3660,3679,3669.5090599455043,4.5002999010074957e-07,4.6171886374665725e-07,4.701494279292078e-07,2.463891418830862e-09,8.711171651813232e-10,1.0259735437704738,1.0447068823656709,13.41825659407669,corrected-two-halo,scale_dependent_camb
8,0.13796899,0.17404257,3680,3699,3689.509010840108,4.4653119869321385e-07,4.583024082743066e-07,4.6666704301863563e-07,3.2769911132451417e-09,1.1585913190318464e-09,1.0263614493579432,1.0450939248687436,10.159932486745316,corrected-two-halo,scale_dependent_camb
8,0.13796899,0.17404257,3700,3719,3709.508962264151,4.430970964310021e-07,4.560071089162404e-07,4.6432825937113454e-07,3.5195665443748486e-09,1.2443546851823795e-09,1.0291358543967544,1.047915373653184,10.37486549371262,corrected-two-halo,scale_dependent_camb
8,0.13796899,0.17404257,3720,3739,3729.508914209115,4.3972641387571025e-07,4.5180624191410905e-07,4.6005243292786464e-07,3.0552728711199117e-09,1.0802020827720911e-09,1.0274712358803473,1.0462242394606287,11.182933481667334,corrected-two-halo,scale_dependent_camb
8,0.13796899,0.17404257,3740,3759,3749.5088666666666,4.364178957202448e-07,4.487966524380425e-07,4.56985585320843e-07,3.392039386851863e-09,1.1992670262474053e-09,1.028364457184709,1.0471284285138083,10.321935354573807,corrected-two-halo,scale_dependent_camb
8,0.13796899,0.17404257,3760,3779,3769.5088196286474,4.331703009381885e-07,4.453489895023051e-07,4.534791034866555e-07,2.690096356433048e-09,9.51092687839516e-10,1.0281152436760765,1.046884106561509,12.804943955337793,corrected-two-halo,scale_dependent_camb
8,0.13796899,0.17404257,3780,3799,3789.5087730870714,4.29982400759022e-07,4.432915524525446e-07,4.5138871030297e-07,2.1786983673724735e-09,7.702861948645679e-10,1.0309527824162774,1.0497841528075584,17.27819060273129,corrected-two-halo,scale_dependent_camb
8,0.13796899,0.17404257,3800,3819,3809.5087270341205,4.2685298024427636e-07,4.400819516506851e-07,4.481173577357536e-07,2.7788271885976266e-09,9.824637744014654e-10,1.030991868438726,1.0498166311953783,13.465098409829977,corrected-two-halo,scale_dependent_camb
8,0.13796899,0.17404257,3820,3839,3829.508681462141,4.237808388871204e-07,4.3789416719791e-07,4.458863068776355e-07,3.4779946976580504e-09,1.2296568178224317e-09,1.033303365833746,1.0521624999576802,11.477452982192643,corrected-two-halo,scale_dependent_camb
8,0.13796899,0.17404257,3840,3859,3849.5086363636365,4.2076479406417687e-07,4.3353910990292526e-07,4.414544979899052e-07,2.4821135278488267e-09,8.775596536083849e-10,1.0303597544731844,1.0491716612644466,14.556635308178139,corrected-two-halo,scale_dependent_camb
8,0.13796899,0.17404257,3860,3879,3869.5085917312663,4.178036808264698e-07,4.3063631223872905e-07,4.384930610896918e-07,3.0589019666676724e-09,1.0814851618077889e-09,1.0307145006163532,1.049519382458038,11.865748939919326,corrected-two-halo,scale_dependent_camb
8,0.13796899,0.17404257,3880,3899,3889.5085475578408,4.1489635566506253e-07,4.291550914497157e-07,4.3699144546221465e-07,2.4152088660322012e-09,8.539052835766206e-10,1.0343669824763753,1.0532544802948065,16.69826391626228,corrected-two-halo,scale_dependent_camb
8,0.13796899,0.17404257,3900,3919,3909.5085038363172,4.1204169593675595e-07,4.257290546292247e-07,4.334981256060361e-07,2.99206947036342e-09,1.057856306137608e-09,1.0332183825749752,1.052073442762874,12.93876929508826,corrected-two-halo,scale_dependent_camb
8,0.13796899,0.17404257,3920,3939,3929.5084605597963,4.09238604280252e-07,4.237829299378137e-07,4.3151810334052963e-07,2.923533717410425e-09,1.0336252583042134e-09,1.0355399649628398,1.0544413425988042,14.07117864110963,corrected-two-halo,scale_dependent_camb
8,0.13796899,0.17404257,3940,3959,3949.508417721519,4.0648600639454895e-07,4.2069331172521244e-07,4.2837152166973273e-07,3.350402401973395e-09,1.1845461290695423e-09,1.034951523809342,1.0538407594133534,11.993881016540307,corrected-two-halo,scale_dependent_camb
8,0.13796899,0.17404257,3960,3979,3969.5083753148615,4.037828549629592e-07,4.1793653598975633e-07,4.255734860575552e-07,1.3504839169289073e-09,4.774681677719002e-10,1.0350527043256839,1.0539662118556148,29.643192954297064,corrected-two-halo,scale_dependent_camb
8,0.13796899,0.17404257,3980,3999,3989.508333333333,4.0112812794960686e-07,4.1548962191107385e-07,4.2307076566456184e-07,3.5209599190182895e-09,1.2448473175119348e-09,1.0358027596690282,1.0547023162576912,11.536751342462766,corrected-two-halo,scale_dependent_camb
8,0.13796899,0.17404257,4000,4019,4009.5082917705736,3.985208301696004e-07,4.1323946022016055e-07,4.2078684494008834e-07,2.502952384173883e-09,8.849273019181945e-10,1.0369331511336466,1.055871646059284,16.632586675375055,corrected-two-halo,scale_dependent_camb
8,0.13796899,0.17404257,4020,4039,4029.5082506203476,3.9595999159537377e-07,4.101814504006937e-07,4.176698517598174e-07,2.652266996156401e-09,9.377179892497328e-10,1.0359164034427313,1.0548284185909083,15.166029625493811,corrected-two-halo,scale_dependent_camb
8,0.13796899,0.17404257,4040,4059,4049.5082098765433,3.934446652722382e-07,4.076469696274698e-07,4.150901077770178e-07,2.2213850576813683e-09,7.853782189564828e-10,1.0360973361918748,1.0550152141211582,18.083394742092512,corrected-two-halo,scale_dependent_camb
8,0.13796899,0.17404257,4060,4079,4069.5081695331696,3.909739276430524e-07,4.061608943724857e-07,4.1357192384888515e-07,3.2960929343230423e-09,1.1653448326404443e-09,1.0388439372952218,1.0577992408395684,13.032165505057067,corrected-two-halo,scale_dependent_camb
8,0.13796899,0.17404257,4080,4096,4088.005870123517,3.8872718584680993e-07,4.043924704078729e-07,4.1178351517858386e-07,1.0679528439140948e-09,3.775783489595575e-10,1.040298916904763,1.0593123665419686,41.48883166693666,corrected-two-halo,scale_dependent_camb
9,0.10256817,0.13796899,20,39,30.608333333333334,0.0002292212601256573,0.0002222642506746393,0.00022573156241082915,7.798035922486935e-06,2.757022040363403e-06,0.9696493708864342,0.9847758549407017,-2.52337824985288,corrected-two-halo,scale_dependent_camb
9,0.10256817,0.13796899,40,59,50.165,0.00012917263424992536,0.00012203124075622905,0.0001239357768590668,3.3016637170656434e-06,1.1673144017673495e-06,0.9447143465396934,0.9594584609869751,-6.117797812555056,corrected-two-halo,scale_dependent_camb
9,0.10256817,0.13796899,60,79,69.975,8.160438217482756e-05,7.541388676160724e-05,7.656901289696982e-05,3.1957262891442973e-06,1.129859864935027e-06,0.9241401595326347,0.9382953568955393,-5.478993993273948,corrected-two-halo,scale_dependent_camb
9,0.10256817,0.13796899,80,99,89.86944444444444,5.671223454697517e-05,5.332010142777599e-05,5.414816478451325e-05,1.3395492697795839e-06,4.7360218619731584e-07,0.9401869253381393,0.954788066755894,-7.162410178963834,corrected-two-halo,scale_dependent_camb
9,0.10256817,0.13796899,100,119,109.80227272727272,4.241774214612287e-05,3.891519162308449e-05,3.951572981545368e-05,8.825415475036086e-07,3.120255564593356e-07,0.9174272286588803,0.9315849410213258,-11.225203995413256,corrected-two-halo,scale_dependent_camb
9,0.10256817,0.13796899,120,139,129.75576923076923,3.3530756015206736e-05,3.0290384986625525e-05,3.0757703694867626e-05,8.52543970500294e-07,3.014198114002309e-07,0.9033612296987383,0.9172982464492753,-10.750358490134493,corrected-two-halo,scale_dependent_camb
9,0.10256817,0.13796899,140,159,149.72166666666666,2.7837996381584845e-05,2.414221100452158e-05,2.4514702672556665e-05,5.737230428588872e-07,2.0284172706424967e-07,0.8672395338226256,0.8806202262736632,-18.2200449116302,corrected-two-halo,scale_dependent_camb
9,0.10256817,0.13796899,160,179,169.6955882352941,2.3877122042873578e-05,2.0181875019019456e-05,2.0496354717496754e-05,3.919956806752583e-07,1.385914020006558e-07,0.845239010915178,0.8584097648239875,-26.66288796065889,corrected-two-halo,scale_dependent_camb
9,0.10256817,0.13796899,180,199,189.675,2.096035871822283e-05,1.7022985148077448e-05,1.7285853250662814e-05,3.8287488565329377e-07,1.35366713995734e-07,0.8121514224505018,0.8246926249231881,-29.08671898668875,corrected-two-halo,scale_dependent_camb
9,0.10256817,0.13796899,200,219,209.65833333333333,1.876078299056102e-05,1.4488453335478636e-05,1.4714143340829593e-05,2.406860092137748e-07,8.5095354625894e-08,0.7722733823406043,0.7843032643271135,-50.20637934779038,corrected-two-halo,scale_dependent_camb
9,0.10256817,0.13796899,220,239,229.64456521739132,1.703166374322563e-05,1.2773969978676425e-05,1.2973218501645816e-05,1.9415623085516602e-07,6.864459372365434e-08,0.7500130446009592,0.7617117562461232,-62.02518703351349,corrected-two-halo,scale_dependent_camb
9,0.10256817,0.13796899,240,259,249.633,1.5624933955164933e-05,1.1353917067664605e-05,1.1529221736445485e-05,2.605975122738323e-07,9.213513404458569e-08,0.7266537638011255,0.7378733100266589,-46.3560066611887,corrected-two-halo,scale_dependent_camb
9,0.10256817,0.13796899,260,279,269.6231481481482,1.4446319525981932e-05,1.023704984488948e-05,1.03962804566699e-05,1.679930878606116e-07,5.939452580935297e-08,0.7086268461996833,0.7196490731062695,-70.8696571566804,corrected-two-halo,scale_dependent_camb
9,0.10256817,0.13796899,280,299,289.6146551724138,1.3439848842943988e-05,9.463206668185631e-06,9.610888028500562e-06,9.340539336341749e-08,3.302379352333472e-08,0.7041155580521189,0.7151038780876128,-120.41748540937456,corrected-two-halo,scale_dependent_camb
9,0.10256817,0.13796899,300,319,309.60725806451615,1.2569148488873323e-05,8.793008079762786e-06,8.929175700727366e-06,1.727892762435813e-07,6.109023447407598e-08,0.6995707058076912,0.7104041859821931,-61.8125047582354,corrected-two-halo,scale_dependent_camb
9,0.10256817,0.13796899,320,339,329.6007575757576,1.180854675869708e-05,8.17830272220449e-06,8.304535538613202e-06,1.950114718025122e-07,6.894696706036279e-08,0.6925748688068759,0.7032648223624004,-52.65270092757418,corrected-two-halo,scale_dependent_camb
9,0.10256817,0.13796899,340,359,349.595,1.1139084489290001e-05,7.683677616031253e-06,7.802553459342244e-06,1.5112565579933366e-07,5.343098801348646e-08,0.6897943563870935,0.7004663145202137,-64.67046561794015,corrected-two-halo,scale_dependent_camb
9,0.10256817,0.13796899,360,379,369.58986486486486,1.0546197434289892e-05,7.300736796864745e-06,7.414085857174301e-06,1.4826428497105012e-07,5.241934065540213e-08,0.6922624806100386,0.7030103412504068,-61.91341968149465,corrected-two-halo,scale_dependent_camb
9,0.10256817,0.13796899,380,399,389.5852564102564,1.001822407000144e-05,6.970711496484278e-06,7.078273227142951e-06,1.7077508448254022e-07,6.037811014765486e-08,0.6958031131842388,0.7065397197830827,-50.47379863438024,corrected-two-halo,scale_dependent_camb
9,0.10256817,0.13796899,400,419,409.5810975609756,9.545578214561339e-06,6.719301974150757e-06,6.8224307369972625e-06,1.7764487854178655e-07,6.280694912997893e-08,0.7039177536569522,0.7147215793161654,-44.999419324788484,corrected-two-halo,scale_dependent_camb
9,0.10256817,0.13796899,420,439,429.57732558139537,9.120231075302418e-06,6.502526857663337e-06,6.603079879848617e-06,1.367603728271944e-07,4.83520935118548e-08,0.7129783010950432,0.7240035724237026,-54.13838424591234,corrected-two-halo,scale_dependent_camb
9,0.10256817,0.13796899,440,459,449.5738888888889,8.735404956377916e-06,6.282120366052963e-06,6.379004109732548e-06,1.4205062200693364e-07,5.02224790464349e-08,0.7191561693389206,0.7302470969104978,-48.84833717699769,corrected-two-halo,scale_dependent_camb
9,0.10256817,0.13796899,460,479,469.5707446808511,8.385368436423508e-06,6.09532388111478e-06,6.189403489744116e-06,1.200339445889929e-07,4.243840809572358e-08,0.7268999480855886,0.7381194442046478,-53.96160360547289,corrected-two-halo,scale_dependent_camb
9,0.10256817,0.13796899,480,499,489.5678571428571,8.065269325181148e-06,5.936526831314173e-06,6.0282768707602075e-06,1.1967954037287128e-07,4.2313107283473235e-08,0.7360605817315142,0.7474365241516359,-50.30929256992726,corrected-two-halo,scale_dependent_camb
9,0.10256817,0.13796899,500,519,509.56519607843137,7.771002193908443e-06,5.821252553089113e-06,5.910905294128666e-06,1.3709531326536075e-07,4.847051283941531e-08,0.749099332085158,0.7606361633461028,-40.22547991763419,corrected-two-halo,scale_dependent_camb
9,0.10256817,0.13796899,520,539,529.5627358490566,7.499101332193069e-06,5.725122517290585e-06,5.813614515034115e-06,1.0863061709814382e-07,3.8406722997288405e-08,0.7634411463028338,0.7752414932808964,-46.18927824245071,corrected-two-halo,scale_dependent_camb
9,0.10256817,0.13796899,540,559,549.5604545454545,7.246643849510244e-06,5.576302756456661e-06,5.661861068816781e-06,1.5538647506572202e-07,5.4937415111823206e-08,0.769501423315226,0.7813080353327191,-30.404435477236444,corrected-two-halo,scale_dependent_camb
9,0.10256817,0.13796899,560,579,569.5583333333333,7.011166812814744e-06,5.4181650343908134e-06,5.501679771056753e-06,1.224669236406557e-07,4.329859608868137e-08,0.7727907749231836,0.7847024493841727,-36.791072282372575,corrected-two-halo,scale_dependent_camb
9,0.10256817,0.13796899,580,599,589.5563559322034,6.790595352632995e-06,5.314078945286805e-06,5.395536611543533e-06,1.4896139801052928e-07,5.266580733413677e-08,0.7825645130255503,0.7945601720254851,-28.03557909932857,corrected-two-halo,scale_dependent_camb
9,0.10256817,0.13796899,600,619,609.5545081967213,6.583181738257176e-06,5.2252057075030715e-06,5.305647747771315e-06,1.3082778438073686e-07,4.6254606751615255e-08,0.7937204098646663,0.8059397353316766,-29.358719620001576,corrected-two-halo,scale_dependent_camb
9,0.10256817,0.13796899,620,639,629.5527777777778,6.387452583864735e-06,5.132053725767351e-06,5.210856773363044e-06,1.410936873582612e-07,4.988415155682057e-08,0.8034586023748135,0.8157957659875433,-25.166286664561614,corrected-two-halo,scale_dependent_camb
9,0.10256817,0.13796899,640,659,649.5511538461539,6.202163284530147e-06,5.001942819769265e-06,5.07875389261514e-06,1.4466620876778605e-07,5.114722861412514e-08,0.8064835752140624,0.8188681367488196,-23.465992142327362,corrected-two-halo,scale_dependent_camb
9,0.10256817,0.13796899,660,679,669.5496268656716,6.0262597778539484e-06,4.900551200964795e-06,4.976010281662094e-06,1.253246828144104e-07,4.430896653406138e-08,0.8131994606296185,0.825721171189559,-25.40588654948189,corrected-two-halo,scale_dependent_camb
9,0.10256817,0.13796899,680,699,689.5481884057971,5.858846092733601e-06,4.813621966737988e-06,4.887579802184534e-06,1.2674877563702113e-07,4.481245938001495e-08,0.8215989788002886,0.8342222555131336,-23.32440889110748,corrected-two-halo,scale_dependent_camb
9,0.10256817,0.13796899,700,719,709.5468309859154,5.699156578884704e-06,4.697261909712903e-06,4.769548963567048e-06,1.1354727029838707e-07,4.014502240660567e-08,0.8242029929685023,0.8368868090478793,-24.95688404465665,corrected-two-halo,scale_dependent_camb
9,0.10256817,0.13796899,720,739,729.5455479452055,5.546532910565895e-06,4.623217015495375e-06,4.694314962781642e-06,1.2225824387901788e-07,4.322481665140613e-08,0.8335327834597999,0.8463512321073916,-21.360782221860127,corrected-two-halo,scale_dependent_camb
9,0.10256817,0.13796899,740,759,749.5443333333334,5.4004044703320025e-06,4.537332329616537e-06,4.607481320684475e-06,9.391731526156087e-08,3.320478524614226e-08,0.8401837963328688,0.8531733772898716,-25.99240242987981,corrected-two-halo,scale_dependent_camb
9,0.10256817,0.13796899,760,779,769.5431818181818,5.260273194181464e-06,4.465707355887612e-06,4.534666728357893e-06,9.410907404309044e-08,3.3272582213528074e-08,0.8489497010967522,0.8620591670740247,-23.880498158955497,corrected-two-halo,scale_dependent_camb
9,0.10256817,0.13796899,780,799,789.5420886075949,5.1257022372726365e-06,4.389186777597586e-06,4.456754757639175e-06,1.0846544373225837e-07,3.83483253937439e-08,0.85630935517102,0.8694915450279052,-19.20593538603917,corrected-two-halo,scale_dependent_camb
9,0.10256817,0.13796899,800,819,809.5410493827161,4.9963064600087186e-06,4.286924878910686e-06,4.352604097739384e-06,1.3798490179863138e-07,4.878502988158604e-08,0.8580188011331885,0.8711643556251729,-14.540968465529,corrected-two-halo,scale_dependent_camb
9,0.10256817,0.13796899,820,839,829.5400602409638,4.871744727663518e-06,4.227164676409753e-06,4.292169752624083e-06,1.0312048224390294e-07,3.645859613694537e-08,0.8676901013319505,0.8810333858938872,-17.679782535580916,corrected-two-halo,scale_dependent_camb
9,0.10256817,0.13796899,840,859,849.5391176470588,4.751713160404007e-06,4.1403741134181325e-06,4.204102986149827e-06,9.419919387200171e-08,3.330444438459934e-08,0.8713434447011326,0.8847552123269116,-18.356080045237746,corrected-two-halo,scale_dependent_camb
9,0.10256817,0.13796899,860,879,869.5382183908046,4.635939421027269e-06,4.0712527759470605e-06,4.133884797552217e-06,9.270621915700923e-08,3.277659811204372e-08,0.8781936962940122,0.8917037998387385,-17.228348199830876,corrected-two-halo,scale_dependent_camb
9,0.10256817,0.13796899,880,899,889.5373595505617,4.524177699984368e-06,3.997964749637615e-06,4.059556473470374e-06,8.592177398923304e-08,3.0377934519682296e-08,0.8836887087020098,0.897302613353229,-17.322209645485025,corrected-two-halo,scale_dependent_camb
9,0.10256817,0.13796899,900,919,909.5365384615385,4.416204588162667e-06,3.921205456825911e-06,3.981594261963573e-06,9.254394659591166e-08,3.271922609786742e-08,0.8879129982647164,0.9015873659105293,-15.128693137672336,corrected-two-halo,scale_dependent_camb
9,0.10256817,0.13796899,920,939,929.535752688172,4.311816024894013e-06,3.850961492805949e-06,3.910332345168459e-06,8.230931155503277e-08,2.910073617767996e-08,0.8931182292038092,0.9068875672320869,-15.836524865702062,corrected-two-halo,scale_dependent_camb
9,0.10256817,0.13796899,940,959,949.535,4.210824985518271e-06,3.75247609713437e-06,3.8100149714068898e-06,1.0149709911478276e-07,3.588464352741301e-08,0.8911498601912358,0.9048143735515406,-12.77284217784578,corrected-two-halo,scale_dependent_camb
9,0.10256817,0.13796899,960,979,969.5342783505155,4.113059713544993e-06,3.684679352807474e-06,3.7416742591558486e-06,6.116500458841893e-08,2.162509475788866e-08,0.8958487377835068,0.9097057956231196,-19.80940964807793,corrected-two-halo,scale_dependent_camb
9,0.10256817,0.13796899,980,999,989.5335858585859,4.018362163264269e-06,3.6273868673574933e-06,3.6831969952523857e-06,8.385379677791864e-08,2.9646794164952468e-08,0.9027028226870494,0.9165915976723175,-13.187776517468269,corrected-two-halo,scale_dependent_camb
9,0.10256817,0.13796899,1000,1019,1009.5329207920792,3.926586611491694e-06,3.569357776058436e-06,3.6242122709229027e-06,8.677803729797755e-08,3.068066931572953e-08,0.9090230597772175,0.9229930801261709,-11.643449879045226,corrected-two-halo,scale_dependent_camb
9,0.10256817,0.13796899,1020,1039,1029.532281553398,3.83759823475098e-06,3.4902210009408554e-06,3.5439784054758794e-06,7.496561709669271e-08,2.65043481024528e-08,0.9094805624349924,0.9234886480256698,-13.106424367327755,corrected-two-halo,scale_dependent_camb
9,0.10256817,0.13796899,1040,1059,1049.5316666666668,3.751271808468655e-06,3.424507564854604e-06,3.4772083211030805e-06,7.878860210883218e-08,2.7855977415681975e-08,0.9128924108148156,0.9269411811890398,-11.730489249682323,corrected-two-halo,scale_dependent_camb
9,0.10256817,0.13796899,1060,1079,1069.5310747663552,3.6674902596003223e-06,3.349120067804466e-06,3.400615146154058e-06,8.238135596174984e-08,2.912620772194806e-08,0.9131912645268888,0.9272322229765518,-10.93071212137062,corrected-two-halo,scale_dependent_camb
9,0.10256817,0.13796899,1080,1099,1089.530504587156,3.586143730877703e-06,3.2848054343940985e-06,3.3353332080871765e-06,7.560912069968357e-08,2.6731860983149202e-08,0.9159714949824801,0.9300612185086231,-11.272626947804245,corrected-two-halo,scale_dependent_camb
9,0.10256817,0.13796899,1100,1119,1109.529954954955,3.507128847270337e-06,3.2308177042639476e-06,3.280586086911368e-06,8.154814728697811e-08,2.8831623969910788e-08,0.9212144306527411,0.935405064876561,-9.583613579823066,corrected-two-halo,scale_dependent_camb
9,0.10256817,0.13796899,1120,1139,1129.529424778761,3.4303483741177697e-06,3.1710959841012546e-06,3.2199636637519455e-06,6.815589876654345e-08,2.409674909784336e-08,0.9244238888468025,0.9386695788820774,-10.758811861460515,corrected-two-halo,scale_dependent_camb
9,0.10256817,0.13796899,1140,1159,1149.5289130434783,3.355710956116032e-06,3.0935560831279985e-06,3.1412374334197987e-06,6.470898221554135e-08,2.2878080064144495e-08,0.9218779935410597,0.9360870094293016,-11.458779419121527,corrected-two-halo,scale_dependent_camb
9,0.10256817,0.13796899,1160,1179,1169.5284188034188,3.2831309620472613e-06,3.020977790082686e-06,3.0674873618119764e-06,6.684105874469949e-08,2.3631882950032695e-08,0.9201514727877,0.9343176977317968,-11.093198646881943,corrected-two-halo,scale_dependent_camb
9,0.10256817,0.13796899,1180,1199,1189.5279411764707,3.2125283138274723e-06,2.971014743658123e-06,3.0170420552748197e-06,4.4182872234917095e-08,1.5621004284804352e-08,0.9248213411443508,0.939148782685826,-15.460822221544786,corrected-two-halo,scale_dependent_camb
9,0.10256817,0.13796899,1200,1219,1209.527479338843,3.143828225058559e-06,2.922904015868973e-06,2.967931622467891e-06,6.410660279304232e-08,2.2665106776896345e-08,0.9297276462407641,0.9440501865882346,-9.747327085826248,corrected-two-halo,scale_dependent_camb
9,0.10256817,0.13796899,1220,1239,1229.5270325203253,3.076960800557618e-06,2.871858455806268e-06,2.916103320122833e-06,6.166584182613217e-08,2.1802167461417544e-08,0.9333425551881647,0.947721959796942,-9.4074291060424,corrected-two-halo,scale_dependent_camb
9,0.10256817,0.13796899,1240,1259,1249.5266,3.0118605678020984e-06,2.813725632132046e-06,2.8570569001925324e-06,6.183620225974226e-08,2.186239897034333e-08,0.9342151035183408,0.9486019806944337,-9.062817668766598,corrected-two-halo,scale_dependent_camb
9,0.10256817,0.13796899,1260,1279,1269.5261811023622,2.9484661104895096e-06,2.74773829175578e-06,2.7899782223659063e-06,6.33328756854669e-08,2.239155293461913e-08,0.9319212732275887,0.9462473427929986,-8.964443838256,corrected-two-halo,scale_dependent_camb
9,0.10256817,0.13796899,1280,1299,1289.5257751937984,2.8867196087854573e-06,2.7034837760605998e-06,2.7452992193899655e-06,4.467751493656828e-08,1.5795886889105346e-08,0.9365245477367471,0.9510100014684169,-11.600224413561605,corrected-two-halo,scale_dependent_camb
9,0.10256817,0.13796899,1300,1319,1309.5253816793893,2.826566489568619e-06,2.6469516204531475e-06,2.687838207022218e-06,4.4009429808785395e-08,1.5559683126972767e-08,0.9364547518063572,0.9509198587550036,-11.543607131954296,corrected-two-halo,scale_dependent_camb
9,0.10256817,0.13796899,1320,1339,1329.525,2.767955155461744e-06,2.5970026002201964e-06,2.637048385456952e-06,5.0032790851705937e-08,1.768926284646476e-08,0.9382386832011266,0.9527063255535458,-9.664198939511653,corrected-two-halo,scale_dependent_camb
9,0.10256817,0.13796899,1340,1359,1349.5246296296295,2.7108369451962504e-06,2.5493573848968657e-06,2.5885559829089276e-06,5.809932079807213e-08,2.054121185932471e-08,0.9404318431672789,0.9548918047232567,-7.861247983092138,corrected-two-halo,scale_dependent_camb
9,0.10256817,0.13796899,1360,1379,1369.5242700729927,2.655166081175195e-06,2.5077230925778963e-06,2.5463851749972327e-06,5.2390353458588526e-08,1.852278709966402e-08,0.9444693913338787,0.9590304700902872,-7.960086557382771,corrected-two-halo,scale_dependent_camb
9,0.10256817,0.13796899,1380,1399,1389.5239208633093,2.6008996417583776e-06,2.460883595001113e-06,2.4990190286154483e-06,3.0494418343348944e-08,1.078140499946074e-08,0.946166301648377,0.9608287026891774,-12.986808932997878,corrected-two-halo,scale_dependent_camb
9,0.10256817,0.13796899,1400,1419,1409.5235815602837,2.5479974926441175e-06,2.4128660250798406e-06,2.450199566765619e-06,3.533942385804718e-08,1.2494373126625411e-08,0.9469656198821265,0.9616177307235058,-10.815385949721065,corrected-two-halo,scale_dependent_camb
9,0.10256817,0.13796899,1420,1439,1429.5232517482518,2.49642217393735e-06,2.366029501595888e-06,2.4025886907068184e-06,4.2059758409163874e-08,1.4870370193093845e-08,0.9477681805173974,0.9624128145430876,-8.768623151158636,corrected-two-halo,scale_dependent_camb
9,0.10256817,0.13796899,1440,1459,1449.5229310344828,2.4461386451354245e-06,2.319540354499722e-06,2.3553130202905183e-06,4.6448859543876506e-08,1.642215178092828e-08,0.9482456602010415,0.9628697968426569,-7.708995284206689,corrected-two-halo,scale_dependent_camb
9,0.10256817,0.13796899,1460,1479,1469.522619047619,2.3971139671520376e-06,2.2719013708419778e-06,2.30696259344442e-06,4.189964240776125e-08,1.4813760637909708e-08,0.9477652718953441,0.9623917031301082,-8.452451701536871,corrected-two-halo,scale_dependent_camb
9,0.10256817,0.13796899,1480,1499,1489.5223154362416,2.349316945256676e-06,2.23234130171309e-06,2.2668965377423235e-06,3.293654139814932e-08,1.1644825885731417e-08,0.9502086579761991,0.9649172889674332,-10.045289186068306,corrected-two-halo,scale_dependent_camb
9,0.10256817,0.13796899,1500,1519,1509.5220198675497,2.3027178331379086e-06,2.195966845314563e-06,2.2298527016539512e-06,4.312005191486818e-08,1.524524055705963e-08,0.9536413075509664,0.9683568996446845,-7.002250139891175,corrected-two-halo,scale_dependent_camb
9,0.10256817,0.13796899,1520,1539,1529.5217320261438,2.257288065974094e-06,2.1554045801572362e-06,2.188712370478491e-06,3.785191267089713e-08,1.338267206523618e-08,0.9548646504836361,0.969620317172053,-7.61308992107173,corrected-two-halo,scale_dependent_camb
9,0.10256817,0.13796899,1540,1559,1549.5214516129033,2.2130000225387702e-06,2.1179213632426654e-06,2.1505045066940254e-06,4.868985639742685e-08,1.7214463816809862e-08,0.9570363044158355,0.9717598214151623,-5.523184474863568,corrected-two-halo,scale_dependent_camb
9,0.10256817,0.13796899,1560,1579,1569.521178343949,2.1698268998220178e-06,2.083415145572612e-06,2.1156907908665306e-06,2.908369976624292e-08,1.0282640663351988e-08,0.9601757383243366,0.9750504941385288,-8.403653991078663,corrected-two-halo,scale_dependent_camb
9,0.10256817,0.13796899,1580,1599,1589.5209119496856,2.1277426832430446e-06,2.0409656509184786e-06,2.072628546273895e-06,2.4466249323006127e-08,8.650125403249205e-09,0.9592163878611943,0.9740973674104493,-10.03188142127631,corrected-two-halo,scale_dependent_camb
9,0.10256817,0.13796899,1600,1619,1609.520652173913,2.0867220853445872e-06,2.002314020165074e-06,2.0331941085189594e-06,3.929781993210727e-08,1.3893877479920461e-08,0.9595499248451311,0.9743482962098479,-6.075198611870624,corrected-two-halo,scale_dependent_camb
9,0.10256817,0.13796899,1620,1639,1629.520398773006,2.0467405729652004e-06,1.9721359962700183e-06,2.0026491906657476e-06,3.162638780972823e-08,1.1181616642347196e-08,0.963549568674891,0.9784577572351655,-6.672074269890322,corrected-two-halo,scale_dependent_camb
9,0.10256817,0.13796899,1640,1659,1649.5201515151516,2.007774312859927e-06,1.9294034309332982e-06,1.959161488089689e-06,3.8435404623958035e-08,1.3588967623624754e-08,0.9609662891766978,0.97578770459465,-5.767243259184681,corrected-two-halo,scale_dependent_camb
9,0.10256817,0.13796899,1660,1679,1669.5199101796406,1.9698001810254918e-06,1.8934598914262696e-06,1.9226912672108396e-06,3.371358548784568e-08,1.1919552458284028e-08,0.9612446529680595,0.9760844199993286,-6.40462717592774,corrected-two-halo,scale_dependent_camb
9,0.10256817,0.13796899,1680,1699,1689.519674556213,1.9327956821113363e-06,1.8616376921530398e-06,1.890355659917016e-06,3.440424120553181e-08,1.2163736129004591e-08,0.963183904736084,0.9780421580060858,-5.850010983765037,corrected-two-halo,scale_dependent_camb
9,0.10256817,0.13796899,1700,1719,1709.5194444444444,1.8967389053698478e-06,1.8361387311830977e-06,1.8645165600118848e-06,2.982147922512666e-08,1.0543485092550403e-08,0.9680503341734673,0.9830117127524834,-5.747641662581543,corrected-two-halo,scale_dependent_camb
9,0.10256817,0.13796899,1720,1739,1729.519219653179,1.8616084416288374e-06,1.8073152724591177e-06,1.8352257401178335e-06,3.1017323975944155e-08,1.0966280058825098e-08,0.970835344342221,0.9858280071571227,-4.950919443829759,corrected-two-halo,scale_dependent_camb
9,0.10256817,0.13796899,1740,1759,1749.519,1.8273833405707524e-06,1.7709771699355622e-06,1.79839629300134e-06,2.4526134051447322e-08,8.671297852034347e-09,0.9691328199273325,0.9841374018653586,-6.504928281520958,corrected-two-halo,scale_dependent_camb
9,0.10256817,0.13796899,1760,1779,1769.5187853107345,1.7940430657877994e-06,1.738061499735196e-06,1.7649182769059947e-06,2.9726879125831522e-08,1.0510038906694148e-08,0.9687958627525918,0.9837658362626789,-5.326485139550457,corrected-two-halo,scale_dependent_camb
9,0.10256817,0.13796899,1780,1799,1789.5185754189945,1.7615674042094106e-06,1.70966133119371e-06,1.7360591479576467e-06,3.0090886193576785e-08,1.0638734839695402e-08,0.9705341544742104,0.9855195684304728,-4.878970460099062,corrected-two-halo,scale_dependent_camb
9,0.10256817,0.13796899,1800,1819,1809.5183701657459,1.7299363847672374e-06,1.6936996700039517e-06,1.719890788911754e-06,2.8976695182758592e-08,1.0244808830052082e-08,0.979053151848609,0.994193083662533,-3.537080619502538,corrected-two-halo,scale_dependent_camb
9,0.10256817,0.13796899,1820,1839,1829.518169398907,1.6991301937582322e-06,1.658023324006827e-06,1.6837001950891445e-06,2.2407399239081437e-08,7.922211975354385e-09,0.9758071100717228,0.9909188838349351,-5.188812149849899,corrected-two-halo,scale_dependent_camb
9,0.10256817,0.13796899,1840,1859,1849.517972972973,1.6691290839480738e-06,1.6238796640775052e-06,1.6490094120952868e-06,2.3834918062249164e-08,8.426916095421054e-09,0.9728904011644576,0.9879460060661115,-5.369629809789594,corrected-two-halo,scale_dependent_camb
9,0.10256817,0.13796899,1860,1879,1869.5177807486632,1.6399132898301963e-06,1.5988810162700369e-06,1.6235889012940906e-06,2.569548347936602e-08,9.084725307063307e-09,0.9749789980881196,0.9900455782404227,-4.516622371427906,corrected-two-halo,scale_dependent_camb
9,0.10256817,0.13796899,1880,1899,1889.5175925925926,1.6114629963229006e-06,1.5742171713993102e-06,1.598618281418404e-06,1.917059225806465e-08,6.777827892519921e-09,0.9768869499277493,0.9920291592585084,-5.495245012741505,corrected-two-halo,scale_dependent_camb
9,0.10256817,0.13796899,1900,1919,1909.5174083769634,1.5837583662437337e-06,1.5528440217556064e-06,1.5769581744316444e-06,1.7558818044868814e-08,6.207979654573727e-09,0.9804803907293964,0.995706294623581,-4.979775419423468,corrected-two-halo,scale_dependent_camb
9,0.10256817,0.13796899,1920,1939,1929.5172279792746,1.5567796077389358e-06,1.525849035152329e-06,1.5495437301235624e-06,1.8285536386549908e-08,6.4649133882813984e-09,0.9801316946645195,0.9953520218408547,-4.784375401327551,corrected-two-halo,scale_dependent_camb
9,0.10256817,0.13796899,1940,1959,1949.5170512820512,1.53050705496801e-06,1.4965540017220927e-06,1.5197444185539799e-06,1.9235045101278427e-08,6.800615413771528e-09,0.9778158139580566,0.9929679276034079,-4.9926442211628235,corrected-two-halo,scale_dependent_camb
9,0.10256817,0.13796899,1960,1979,1969.5168781725888,1.5049212655291908e-06,1.478173126110763e-06,1.5010942585243081e-06,2.098921449394541e-08,7.420807950223884e-09,0.9822262200481152,0.9974570051652922,-3.6044780565465055,corrected-two-halo,scale_dependent_camb
9,0.10256817,0.13796899,1980,1999,1989.5167085427136,1.4800031154476431e-06,1.4531287084132213e-06,1.4755989975561906e-06,2.254805991941917e-08,7.971943035810945e-09,0.9818416550925344,0.9970242509319851,-3.3711238168284354,corrected-two-halo,scale_dependent_camb
9,0.10256817,0.13796899,2000,2019,2009.5165422885573,1.4557338707312282e-06,1.4313567985783233e-06,1.4535585407030156e-06,1.6998957026000346e-08,6.010038893091775e-09,0.9832544446186032,0.9985056815177902,-4.056058968424489,corrected-two-halo,scale_dependent_camb
9,0.10256817,0.13796899,2020,2039,2029.5163793103447,1.432095224935012e-06,1.408525221135258e-06,1.4303233579037342e-06,2.1702223224917638e-08,7.672894604581722e-09,0.9835415945885697,0.998762744962467,-3.0718529335303946,corrected-two-halo,scale_dependent_camb
9,0.10256817,0.13796899,2040,2059,2049.516219512195,1.4090693213002918e-06,1.3931416403277616e-06,1.414688921033209e-06,2.155910586625963e-08,7.62229497717543e-09,0.9886963112944421,1.0039881641364041,-2.089617499745782,corrected-two-halo,scale_dependent_camb
9,0.10256817,0.13796899,2060,2079,2069.5160628019325,1.386638752023343e-06,1.3666365392280175e-06,1.387791345280654e-06,2.0436450354235574e-08,7.225376314431097e-09,0.9855750369257035,1.0008312137935198,-2.7683281707245313,corrected-two-halo,scale_dependent_camb
9,0.10256817,0.13796899,2080,2099,2089.515909090909,1.3647865370708488e-06,1.3473143550835944e-06,1.3682359326013013e-06,1.302807114591491e-08,4.6061187265286135e-09,0.9871978646384116,1.0025274249391818,-3.793254804012025,corrected-two-halo,scale_dependent_camb
9,0.10256817,0.13796899,2100,2119,2109.5157582938386,1.343496083010656e-06,1.3303163152037758e-06,1.3509384757640133e-06,1.5835055000788042e-08,5.598537385759587e-09,0.9901899469797147,1.0055395716053595,-2.3541448236827183,corrected-two-halo,scale_dependent_camb
9,0.10256817,0.13796899,2120,2139,2129.5156103286386,1.3227511490255173e-06,1.3082250646614915e-06,1.3285096023176267e-06,1.567682385520216e-08,5.54259422774024e-09,0.9890182787784935,1.0043533912605949,-2.6208096366361904,corrected-two-halo,scale_dependent_camb
9,0.10256817,0.13796899,2140,2159,2149.515465116279,1.3025358255135754e-06,1.28918077438108e-06,1.3091839363575113e-06,1.527736894636321e-08,5.401365590331103e-09,0.9897468838315985,1.0051039754252553,-2.4725323455983337,corrected-two-halo,scale_dependent_camb
9,0.10256817,0.13796899,2160,2179,2169.5153225806453,1.2828345306773125e-06,1.2676340460062547e-06,1.2873108164544436e-06,1.3508303104103463e-08,4.775906363617424e-09,0.9881508609976127,1.0034893711309498,-3.1827434446483642,corrected-two-halo,scale_dependent_camb
9,0.10256817,0.13796899,2180,2199,2189.5151826484016,1.2636320215215388e-06,1.2483728136613791e-06,1.2677032780130792e-06,1.755684285271671e-08,6.207281318691277e-09,0.9879243263859474,1.0032218687261805,-2.458275543950513,corrected-two-halo,scale_dependent_camb
9,0.10256817,0.13796899,2200,2219,2209.515045248869,1.2449134287697293e-06,1.2332014203015039e-06,1.2523142719361851e-06,1.6613605095884807e-08,5.873796411627764e-09,0.9905921101037527,1.005944865719514,-1.993941847395374,corrected-two-halo,scale_dependent_camb
9,0.10256817,0.13796899,2220,2239,2229.5149103139015,1.2266643086604796e-06,1.2173887066900162e-06,1.236235303367174e-06,1.7058888574611886e-08,6.031227895306891e-09,0.9924383534232015,1.0078024563355445,-1.5379292793232155,corrected-two-halo,scale_dependent_camb
9,0.10256817,0.13796899,2240,2259,2249.514777777778,1.208870678758252e-06,1.2027597069058671e-06,1.2214230729273655e-06,1.4196022182946283e-08,5.019051775717986e-09,0.9949448919890571,1.010383570707503,-1.2175550533169492,corrected-two-halo,scale_dependent_camb
9,0.10256817,0.13796899,2260,2279,2269.5146475770925,1.191519039032241e-06,1.1855633981684953e-06,1.2039503485844565e-06,1.4675192397148277e-08,5.188464029620406e-09,0.9950016402015843,1.010433160650385,-1.1478620319511614,corrected-two-halo,scale_dependent_camb
9,0.10256817,0.13796899,2280,2299,2289.514519650655,1.174596371579115e-06,1.1651064783609708e-06,1.1831753005509246e-06,1.492794660079141e-08,5.277826135305138e-09,0.9919207197912708,1.0073037250747474,-1.798068556041116,corrected-two-halo,scale_dependent_camb
9,0.10256817,0.13796899,2300,2319,2309.514393939394,1.1580901341438126e-06,1.1572136402872448e-06,1.175174069605008e-06,1.2652754148113396e-08,4.4734241294086e-09,0.9992431557521075,1.014751818496257,-0.19593354692341441,corrected-two-halo,scale_dependent_camb
9,0.10256817,0.13796899,2320,2339,2329.514270386266,1.141988230241959e-06,1.1405187352983557e-06,1.1582053180200908e-06,1.3546449559300157e-08,4.789393172191329e-09,0.9987132135825147,1.0142007486142792,-0.30682278334042595,corrected-two-halo,scale_dependent_camb
9,0.10256817,0.13796899,2340,2359,2349.5141489361704,1.1262789771416781e-06,1.1215860796356313e-06,1.139010423235679e-06,1.1792020265775747e-08,4.169108746909613e-09,0.9958332725716352,1.011303989821697,-1.1256356672215517,corrected-two-halo,scale_dependent_camb
9,0.10256817,0.13796899,2360,2379,2369.514029535865,1.1109510697475499e-06,1.1080193391367765e-06,1.1251890601015692e-06,1.5465367256267235e-08,5.467833030223476e-09,0.9973610623450414,1.0128160373050945,-0.5361777864408421,corrected-two-halo,scale_dependent_camb
9,0.10256817,0.13796899,2380,2399,2389.513912133891,1.0959935635646993e-06,1.0946492494777294e-06,1.1116113702950424e-06,1.390478342745289e-08,4.916083326241131e-09,0.9987734288487995,1.0142499073439322,-0.27345225818166435,corrected-two-halo,scale_dependent_camb
9,0.10256817,0.13796899,2400,2419,2409.5137966804978,1.0813958597011273e-06,1.0775603193821662e-06,1.0942411149234774e-06,1.5072668296279018e-08,5.32899298143719e-09,0.9964531579397565,1.011878402443579,-0.7197495534938148,corrected-two-halo,scale_dependent_camb
9,0.10256817,0.13796899,2420,2439,2429.513683127572,1.0671477010336673e-06,1.0648493304968777e-06,1.0813603179836683e-06,1.3454715455049266e-08,4.75696026860039e-09,0.9978462488982891,1.0133183222305913,-0.4831594982956977,corrected-two-halo,scale_dependent_camb
9,0.10256817,0.13796899,2440,2459,2449.5135714285716,1.0532391870004848e-06,1.0522757000680106e-06,1.068588020008845e-06,1.3030908090793718e-08,4.607121738009442e-09,0.9990852154530843,1.0145729794312648,-0.20912990523460193,corrected-two-halo,scale_dependent_camb
9,0.10256817,0.13796899,2460,2479,2469.5134615384613,1.0396607918966891e-06,1.0439942042192494e-06,1.0601654914743614e-06,1.3725295935947238e-08,4.852624915050226e-09,1.0041681020928515,1.0197224900058652,0.8930037656774951,corrected-two-halo,scale_dependent_camb
9,0.10256817,0.13796899,2480,2499,2489.513353413655,1.026403376746399e-06,1.0306703382399629e-06,1.046639306921053e-06,1.3955328349309011e-08,4.933953654740635e-09,1.0041571974432602,1.0197153776313557,0.8648158844102649,corrected-two-halo,scale_dependent_camb
9,0.10256817,0.13796899,2500,2519,2509.513247011952,1.0134581819308794e-06,1.018955977545707e-06,1.0347454346229132e-06,1.3773127117469028e-08,4.8695357914533375e-09,1.0054247878332316,1.021004569375992,1.1290184219360355,corrected-two-halo,scale_dependent_camb
9,0.10256817,0.13796899,2520,2539,2529.51314229249,1.000816806059285e-06,1.0031658472473714e-06,1.0187315125495152e-06,1.1665303545889411e-08,4.12430762094894e-09,1.002347124042946,1.017900085591857,0.5695601308094992,corrected-two-halo,scale_dependent_camb
9,0.10256817,0.13796899,2540,2559,2549.513039215686,9.884711826498492e-07,9.914133163990772e-07,1.0067774021970783e-06,1.2942474542215925e-08,4.575855757067569e-09,1.00297644868244,1.0185197301333102,0.6429690762615912,corrected-two-halo,scale_dependent_camb
9,0.10256817,0.13796899,2560,2579,2569.512937743191,9.764135537872456e-07,9.802494475366225e-07,9.954472096545897e-07,1.1924284674010268e-08,4.21587127689574e-09,1.0039285543860985,1.019493436765106,0.909869751099575,corrected-two-halo,scale_dependent_camb
9,0.10256817,0.13796899,2580,2599,2589.5128378378377,9.646364420585527e-07,9.689982671037257e-07,9.840379644191317e-07,1.0817480122472483e-08,3.824556774975488e-09,1.0045217294879143,1.0201127818882476,1.140478570932152,corrected-two-halo,scale_dependent_camb
9,0.10256817,0.13796899,2600,2619,2609.5127394636015,9.531326250886593e-07,9.634179932935684e-07,9.783556167185359e-07,1.1887899455714351e-08,4.203007159599742e-09,1.0107911196555175,1.0264632549195662,2.4471450593219113,corrected-two-halo,scale_dependent_camb
9,0.10256817,0.13796899,2620,2639,2629.5126425855515,9.418951144821386e-07,9.5107661292956e-07,9.658217802955988e-07,1.3041805435648155e-08,4.6109745312311925e-09,1.0097478990030322,1.025402685973815,1.9912273176164812,corrected-two-halo,scale_dependent_camb
9,0.10256817,0.13796899,2640,2659,2649.512547169811,9.309171327430505e-07,9.390598034742591e-07,9.536034284384986e-07,1.2453663168060883e-08,4.403034838374496e-09,1.0087469340124993,1.0243698336806848,1.849331433910403,corrected-two-halo,scale_dependent_camb
9,0.10256817,0.13796899,2660,2679,2669.5124531835204,9.201920869024802e-07,9.287265819805888e-07,9.431023716122954e-07,1.3495430399355624e-08,4.771355175207719e-09,1.0092746886216302,1.02489728507331,1.7886941476196128,corrected-two-halo,scale_dependent_camb
9,0.10256817,0.13796899,2680,2699,2689.5123605947956,9.097135463503022e-07,9.169097003199081e-07,9.311287778737631e-07,1.1495158142777585e-08,4.0641521367848944e-09,1.0079103515589896,1.0235406316739781,1.7706408932070024,corrected-two-halo,scale_dependent_camb
9,0.10256817,0.13796899,2700,2719,2709.512269372694,8.99475229273225e-07,9.10084832141419e-07,9.24215796012154e-07,9.681707207612419e-09,3.423000409982707e-09,1.0117953252328766,1.027505556499782,3.0995038263076338,corrected-two-halo,scale_dependent_camb
9,0.10256817,0.13796899,2720,2739,2729.5121794871793,8.894709989292936e-07,9.001422349078878e-07,9.141046416559272e-07,1.101037483307602e-08,3.892755353936877e-09,1.0119972837691615,1.0276947115266115,2.7413066089041616,corrected-two-halo,scale_dependent_camb
9,0.10256817,0.13796899,2740,2759,2749.512090909091,8.796948675507347e-07,8.895032616018019e-07,9.032828440661066e-07,1.2294013341028539e-08,4.346590100719581e-09,1.0111497684172877,1.0268138162281724,2.2565721229253612,corrected-two-halo,scale_dependent_camb
9,0.10256817,0.13796899,2760,2779,2769.5120036101084,8.701410090381255e-07,8.785100242530814e-07,8.921646995144076e-07,8.934075186542162e-09,3.1586725740172158e-09,1.0096179988392997,1.0253104844473744,2.649535530779017,corrected-two-halo,scale_dependent_camb
9,0.10256817,0.13796899,2780,2799,2789.511917562724,8.608037725812235e-07,8.716361595538819e-07,8.851669684402501e-07,1.0480583530681945e-08,3.7054458426686256e-09,1.0125840375213229,1.0283028451257488,2.9233693953699658,corrected-two-halo,scale_dependent_camb
9,0.10256817,0.13796899,2800,2819,2809.5118327402133,8.516776905463791e-07,8.627610792862359e-07,8.761616168454486e-07,8.583851083982718e-09,3.034849655089838e-09,1.013013595240174,1.028747877948244,3.6520388155862995,corrected-two-halo,scale_dependent_camb
9,0.10256817,0.13796899,2820,2839,2829.511749116608,8.427574781834893e-07,8.554982714403647e-07,8.687854153069086e-07,8.81890972161394e-09,3.1179554334125923e-09,1.015117983033906,1.030884255313309,4.086265352077418,corrected-two-halo,scale_dependent_camb
9,0.10256817,0.13796899,2840,2859,2849.5116666666668,8.340380314579694e-07,8.448854772104528e-07,8.580025651128413e-07,9.262792600595572e-09,3.274891730302852e-09,1.0130059365920294,1.0287331425558375,3.3123066793662526,corrected-two-halo,scale_dependent_camb
9,0.10256817,0.13796899,2860,2879,2869.5115853658535,8.255144237314145e-07,8.383898425933306e-07,8.513913205710688e-07,9.617850875526053e-09,3.4004237872627223e-09,1.0155968430008986,1.0313463897125963,3.7864159491368943,corrected-two-halo,scale_dependent_camb
9,0.10256817,0.13796899,2880,2899,2889.5115051903113,8.171818963341527e-07,8.308667435681299e-07,8.437685819268815e-07,8.069484541578126e-09,2.8529936200149555e-09,1.0167463906082195,1.0325345993492951,4.796662403298857,corrected-two-halo,scale_dependent_camb
9,0.10256817,0.13796899,2900,2919,2909.5114261168383,8.090358403181778e-07,8.223403103506612e-07,8.350960734630996e-07,9.544035969881999e-09,3.3743262770959445e-09,1.0164448462842524,1.032211469314725,3.94285227329401,corrected-two-halo,scale_dependent_camb
9,0.10256817,0.13796899,2920,2939,2929.511348122867,8.010717743468815e-07,8.152753854433745e-07,8.279425822908613e-07,8.948244649513908e-09,3.1636822356937627e-09,1.0177307596539316,1.0335435710063405,4.4895820876834405,corrected-two-halo,scale_dependent_camb
9,0.10256817,0.13796899,2940,2959,2949.511271186441,7.932853230894267e-07,8.079561037573062e-07,8.20495923688902e-07,9.058708950120617e-09,3.2027372637127793e-09,1.0184936998591434,1.0343011521926366,4.580700650690387,corrected-two-halo,scale_dependent_camb
9,0.10256817,0.13796899,2960,2979,2969.5111952861953,7.856721996246342e-07,7.998809022928943e-07,8.122921443753535e-07,9.664128586830971e-09,3.416785429003473e-09,1.018084772090763,1.0338817445283635,4.158500135141398,corrected-two-halo,scale_dependent_camb
9,0.10256817,0.13796899,2980,2999,2989.511120401338,7.782281910504697e-07,7.918035249805568e-07,8.040953306201054e-07,8.512427672509438e-09,3.009597665795721e-09,1.0174438989568892,1.03323850236615,4.51068064159263,corrected-two-halo,scale_dependent_camb
9,0.10256817,0.13796899,3000,3019,3009.5110465116277,7.709491518350925e-07,7.856728344165642e-07,7.978625577328096e-07,9.197588950477447e-09,3.2518387587245314e-09,1.0190981241064017,1.0349094435523472,4.5278021679176845,corrected-two-halo,scale_dependent_camb
9,0.10256817,0.13796899,3020,3039,3029.5109735973597,7.638310010791675e-07,7.7849694986241e-07,7.905694055459737e-07,9.898015817484777e-09,3.499477052417597e-09,1.019200515248166,1.0350056549538174,4.190897257951884,corrected-two-halo,scale_dependent_camb
9,0.10256817,0.13796899,3040,3059,3049.5109016393444,7.568697241186178e-07,7.730703071827019e-07,7.85083765059729e-07,6.968688017629123e-09,2.463803276619496e-09,1.0214047180747647,1.0372772751267951,6.575436934361218,corrected-two-halo,scale_dependent_camb
9,0.10256817,0.13796899,3060,3079,3069.5108306188927,7.500613759510637e-07,7.665602071777743e-07,7.784483747132153e-07,9.271115306034672e-09,3.2778342510297552e-09,1.0219966415492203,1.037846234551349,5.0334550081436635,corrected-two-halo,scale_dependent_camb
9,0.10256817,0.13796899,3080,3099,3089.5107605177996,7.434020889837065e-07,7.604785364831078e-07,7.722877032738846e-07,8.641775842406816e-09,3.055329149829974e-09,1.022970674622056,1.038855976756357,5.589069675308671,corrected-two-halo,scale_dependent_camb
9,0.10256817,0.13796899,3100,3119,3109.510691318328,7.36888082000161e-07,7.52316148341804e-07,7.639803762597228e-07,9.311664560647177e-09,3.2921705774840358e-09,1.0209367836425933,1.0367658195611256,4.686290086898685,corrected-two-halo,scale_dependent_camb
9,0.10256817,0.13796899,3120,3139,3129.5106230031947,7.305156663435404e-07,7.474127690185838e-07,7.590176109928843e-07,7.667439409577396e-09,2.7108492004245775e-09,1.0231303768742137,1.0390161990529307,6.233140033166343,corrected-two-halo,scale_dependent_camb
9,0.10256817,0.13796899,3140,3159,3149.5105555555556,7.242812489921246e-07,7.411059595391081e-07,7.526202868293147e-07,7.1129594855427565e-09,2.5148109432662297e-09,1.023229526610548,1.0391271179208703,6.690248661448742,corrected-two-halo,scale_dependent_camb
9,0.10256817,0.13796899,3160,3179,3169.5104889589907,7.181813366630764e-07,7.360689715277729e-07,7.475089380676153e-07,6.500676535564403e-09,2.2983362302989308e-09,1.0249068500551808,1.0408359280690938,7.7828625023981,corrected-two-halo,scale_dependent_camb
9,0.10256817,0.13796899,3180,3199,3189.510423197492,7.122125426188352e-07,7.300058644708714e-07,7.413376313440517e-07,7.779240199393561e-09,2.750376748735088e-09,1.0249831627320258,1.0408938160764796,6.469412548742452,corrected-two-halo,scale_dependent_camb
9,0.10256817,0.13796899,3200,3219,3209.5103582554516,7.063715925888313e-07,7.240403879584673e-07,7.353070629216944e-07,5.3212938155135874e-09,1.8813614708178475e-09,1.0250134568759772,1.0409635249158526,9.391494215067137,corrected-two-halo,scale_dependent_camb
9,0.10256817,0.13796899,3220,3239,3229.510294117647,7.006553246162804e-07,7.176274771793134e-07,7.287626867082509e-07,8.050934738186387e-09,2.846435274130968e-09,1.0242232549539647,1.0401158188690904,5.962599155961752,corrected-two-halo,scale_dependent_camb
9,0.10256817,0.13796899,3240,3259,3249.510230769231,6.950606827241882e-07,7.126842786528292e-07,7.237695238414467e-07,5.8887490560170095e-09,2.0819871951077537e-09,1.0253554781138934,1.0413040786665395,8.464795542476352,corrected-two-halo,scale_dependent_camb
9,0.10256817,0.13796899,3260,3279,3269.5101681957185,6.895847040242523e-07,7.091483151075898e-07,7.201706321033549e-07,6.134464159576286e-09,2.1688606030911132e-09,1.0283701349075305,1.0443541277824326,9.020225207399193,corrected-two-halo,scale_dependent_camb
9,0.10256817,0.13796899,3280,3299,3289.510106382979,6.842245035857719e-07,7.017204120579909e-07,7.126315132592471e-07,6.212038968280304e-09,2.1962874397330434e-09,1.025570420791026,1.0415170890907945,7.966128729646424,corrected-two-halo,scale_dependent_camb
9,0.10256817,0.13796899,3300,3319,3309.5100453172204,6.789772616055498e-07,6.977225414342811e-07,7.085566537221554e-07,7.487222341260632e-09,2.6471328448784056e-09,1.027608111329686,1.0435646284334477,7.081352137275313,corrected-two-halo,scale_dependent_camb
9,0.10256817,0.13796899,3320,3339,3329.509984984985,6.73840217641186e-07,6.915986665698714e-07,7.023494389388842e-07,5.819874771652478e-09,2.0576364583459886e-09,1.0263540947301273,1.0423085778368886,8.630508492719992,corrected-two-halo,scale_dependent_camb
9,0.10256817,0.13796899,3340,3359,3349.509925373134,6.688106707878759e-07,6.873226048806975e-07,6.980166791991718e-07,5.3878842631938454e-09,1.9049047493763267e-09,1.0276788856718062,1.0436685742123262,9.718036609905331,corrected-two-halo,scale_dependent_camb
9,0.10256817,0.13796899,3360,3379,3369.5098664688426,6.638859827450002e-07,6.826756755626459e-07,6.93269136208934e-07,7.710197640842917e-09,2.7259665180642738e-09,1.0283025900621596,1.044259337036221,6.892855320537234,corrected-two-halo,scale_dependent_camb
9,0.10256817,0.13796899,3380,3399,3389.509808259587,6.590635810535348e-07,6.784205548874424e-07,6.889651709001969e-07,6.252862868828983e-09,2.210720868189272e-09,1.0293704194714641,1.045369810601374,8.755955630781312,corrected-two-halo,scale_dependent_camb
9,0.10256817,0.13796899,3400,3419,3409.509750733138,6.543409594948683e-07,6.761580815834425e-07,6.866524874556954e-07,7.0078791821775195e-09,2.4776594457268802e-09,1.0333421311504272,1.0493802619138664,8.805537066928773,corrected-two-halo,scale_dependent_camb
9,0.10256817,0.13796899,3420,3439,3429.509693877551,6.497156800207249e-07,6.684857037804166e-07,6.788724688186843e-07,6.772133838818023e-09,2.3943108802655547e-09,1.0288895963832871,1.044876227701676,7.839426331141222,corrected-two-halo,scale_dependent_camb
9,0.10256817,0.13796899,3440,3459,3449.5096376811593,6.451853758704454e-07,6.66388792030905e-07,6.767368474433828e-07,7.155420505759153e-09,2.529823180931786e-09,1.0328640681476284,1.0489029552636249,8.381382667483482,corrected-two-halo,scale_dependent_camb
9,0.10256817,0.13796899,3460,3479,3469.509582132565,6.407477516978558e-07,6.609037273290221e-07,6.711728535944891e-07,6.386169365024249e-09,2.257851831907217e-09,1.0314569588075133,1.0474837435106292,8.927058607800868,corrected-two-halo,scale_dependent_camb
9,0.10256817,0.13796899,3480,3499,3489.5095272206304,6.364005841782643e-07,6.55475760238132e-07,6.656574826294072e-07,6.3947396512814914e-09,2.26088188567182e-09,1.0299735363764602,1.0459724569375122,8.437051126268626,corrected-two-halo,scale_dependent_camb
9,0.10256817,0.13796899,3500,3519,3509.509472934473,6.321417221818634e-07,6.513424785127154e-07,6.614637595096436e-07,6.1898869480699964e-09,2.1884555178791987e-09,1.0303741323457971,1.0463852270762544,8.773656203649622,corrected-two-halo,scale_dependent_camb
9,0.10256817,0.13796899,3520,3539,3529.509419263456,6.279690810234906e-07,6.467649474079431e-07,6.568242737873861e-07,5.394672498966058e-09,1.907304753149739e-09,1.0299311971758518,1.0459500214833286,9.854673907467019,corrected-two-halo,scale_dependent_camb
9,0.10256817,0.13796899,3540,3559,3549.509366197183,6.238806400487331e-07,6.446751563464943e-07,6.546897625029072e-07,6.313610023234249e-09,2.2321982305981463e-09,1.0333309209533041,1.0493830397618484,9.31571220365542,corrected-two-halo,scale_dependent_camb
9,0.10256817,0.13796899,3560,3579,3569.5093137254903,6.198744410917569e-07,6.400219296678744e-07,6.499776218064645e-07,5.274018609612086e-09,1.864647161480376e-09,1.0325025315459573,1.048563352058343,10.804987126959766,corrected-two-halo,scale_dependent_camb
9,0.10256817,0.13796899,3580,3599,3589.50926183844,6.159485894824207e-07,6.366992578661014e-07,6.465865712273705e-07,6.119666105996182e-09,2.1636287010736865e-09,1.0336889616081715,1.0497411346792673,9.59067901686796,corrected-two-halo,scale_dependent_camb
9,0.10256817,0.13796899,3600,3619,3609.5092105263157,6.121012593691211e-07,6.332975820452307e-07,6.431419574335228e-07,5.4898663715665485e-09,1.9409608695713466e-09,1.0346287846196496,1.0507117042961072,10.920530654897057,corrected-two-halo,scale_dependent_camb
9,0.10256817,0.13796899,3620,3639,3629.5091597796145,6.083306903260756e-07,6.290613010918708e-07,6.388384230597119e-07,5.56462623566581e-09,1.9673924730039327e-09,1.0340778643843915,1.0501499155291403,10.537099765428342,corrected-two-halo,scale_dependent_camb
9,0.10256817,0.13796899,3640,3659,3649.509109589041,6.046351865091732e-07,6.25118041915137e-07,6.34836611339949e-07,5.175942736926709e-09,1.8299721041570672e-09,1.0338763867253913,1.049949830087035,11.192987783493447,corrected-two-halo,scale_dependent_camb
9,0.10256817,0.13796899,3660,3679,3669.5090599455043,6.010131056009963e-07,6.206842072229562e-07,6.303418049256428e-07,4.6311432539088e-09,1.6373563997426227e-09,1.0327299046204481,1.0487987683651567,12.013940046926853,corrected-two-halo,scale_dependent_camb
9,0.10256817,0.13796899,3680,3699,3689.509010840108,5.974628508539071e-07,6.187938198996313e-07,6.283992698742338e-07,7.0428181611357235e-09,2.4900122402014204e-09,1.0357025863871494,1.0517796528706542,8.566612123962386,corrected-two-halo,scale_dependent_camb
9,0.10256817,0.13796899,3700,3719,3709.508962264151,5.939828597364193e-07,6.15620808932476e-07,6.251869032794161e-07,5.628653210728348e-09,1.9900294271267238e-09,1.0364285750697564,1.0525335757278311,10.873180517384803,corrected-two-halo,scale_dependent_camb
9,0.10256817,0.13796899,3720,3739,3729.508914209115,5.905715996131037e-07,6.108602822340482e-07,6.203536862131833e-07,5.972269308103098e-09,2.1115160634159954e-09,1.0343543147591858,1.050429256367205,9.60858549573219,corrected-two-halo,scale_dependent_camb
9,0.10256817,0.13796899,3740,3759,3749.5088666666666,5.872275678887537e-07,6.075060176803855e-07,6.169514802140827e-07,4.968248616991775e-09,1.756541143847785e-09,1.0345325235062421,1.050617365312386,11.54453447484351,corrected-two-halo,scale_dependent_camb
9,0.10256817,0.13796899,3760,3779,3769.5088196286474,5.839492929855505e-07,6.055231804311143e-07,6.149490447363646e-07,4.2731780912519845e-09,1.5107966027710329e-09,1.036944795900451,1.0530863760315934,14.27980934428502,corrected-two-halo,scale_dependent_camb
9,0.10256817,0.13796899,3780,3799,3789.5087730870714,5.80735339447241e-07,6.014852682844791e-07,6.108265095859116e-07,5.9310554434002516e-09,2.0969447618108515e-09,1.0357304393718978,1.0518156345837542,9.895314943498631,corrected-two-halo,scale_dependent_camb
9,0.10256817,0.13796899,3800,3819,3809.5087270341205,5.775843074019636e-07,5.989086184916022e-07,6.082080698637932e-07,5.884443096328704e-09,2.0804648084601956e-09,1.0369198241994446,1.0530204198233475,10.249782165467723,corrected-two-halo,scale_dependent_camb
9,0.10256817,0.13796899,3820,3839,3829.508681462141,5.744948364229797e-07,5.955767126005811e-07,6.048401165456157e-07,5.333099613028996e-09,1.8855354505580775e-09,1.0366963719097373,1.0528208056865698,11.180843177125915,corrected-two-halo,scale_dependent_camb
9,0.10256817,0.13796899,3840,3859,3849.5086363636365,5.714656050470384e-07,5.92182655406172e-07,6.013848606502836e-07,5.390872832748244e-09,1.905961368275308e-09,1.036252488647026,1.052355304219547,10.869606647841088,corrected-two-halo,scale_dependent_camb
9,0.10256817,0.13796899,3860,3879,3869.5085917312663,5.684953317979628e-07,5.882621525801291e-07,5.974125087278154e-07,4.939763913209786e-09,1.7464702802456177e-09,1.0347704188170734,1.0508661642627692,11.31815468362073,corrected-two-halo,scale_dependent_camb
9,0.10256817,0.13796899,3880,3899,3889.5085475578408,5.65582775099903e-07,5.870411738024523e-07,5.961653903874561e-07,5.213297361908503e-09,1.8431789584737204e-09,1.0379403327811016,1.0540727487362942,11.642059282359853,corrected-two-halo,scale_dependent_camb
9,0.10256817,0.13796899,3900,3919,3909.5085038363172,5.627267313028771e-07,5.839475632522409e-07,5.930226100554585e-07,5.332182534091432e-09,1.88521121419026e-09,1.0377107231075222,1.0538376392435411,11.256474494545499,corrected-two-halo,scale_dependent_camb
9,0.10256817,0.13796899,3920,3939,3929.5084605597963,5.599260312112039e-07,5.822098841386854e-07,5.912694260172536e-07,3.999797408633815e-09,1.4141419355086754e-09,1.0397978512970334,1.055977741806805,15.757861617664222,corrected-two-halo,scale_dependent_camb
9,0.10256817,0.13796899,3940,3959,3949.508417721519,5.571795306738809e-07,5.797879933711399e-07,5.88805795256957e-07,4.358846354100094e-09,1.5410849075672175e-09,1.0405766210935912,1.056761354001691,14.670484790451349,corrected-two-halo,scale_dependent_camb
9,0.10256817,0.13796899,3960,3979,3969.5083753148615,5.544861057888189e-07,5.756667067869779e-07,5.846052562174381e-07,5.850271744669293e-09,2.0683834112198556e-09,1.0381986144955377,1.0543190354351104,10.240171567450103,corrected-two-halo,scale_dependent_camb
9,0.10256817,0.13796899,3980,3999,3989.508333333333,5.518446452839804e-07,5.736746521717801e-07,5.825999852933644e-07,4.436192889526097e-09,1.568431037417724e-09,1.0395582471885108,1.0557318808331597,13.91837216109981,corrected-two-halo,scale_dependent_camb
9,0.10256817,0.13796899,4000,4019,4009.5082917705736,5.492540526810484e-07,5.714340049939119e-07,5.803169541742933e-07,4.993884894274124e-09,1.7656049366031488e-09,1.04038195477047,1.0565547060447145,12.562239634159342,corrected-two-halo,scale_dependent_camb
9,0.10256817,0.13796899,4020,4039,4029.5082506203476,5.467132468817079e-07,5.67440571062738e-07,5.762602141386603e-07,5.035715686730913e-09,1.78039435510745e-09,1.0379126064701243,1.0540447253207776,11.641984890352651,corrected-two-halo,scale_dependent_camb
9,0.10256817,0.13796899,4040,4059,4049.5082098765433,5.442211672372477e-07,5.668234669061122e-07,5.756360272297188e-07,4.976542757578531e-09,1.75947356537429e-09,1.0415314600562224,1.0577244361000315,12.846058112874445,corrected-two-halo,scale_dependent_camb
9,0.10256817,0.13796899,4060,4079,4069.5081695331696,5.417767781568045e-07,5.637724493907905e-07,5.725494118384382e-07,4.0364052075193595e-09,1.4270847469268163e-09,1.040599139942502,1.0567994696751792,15.413009830952936,corrected-two-halo,scale_dependent_camb
9,0.10256817,0.13796899,4080,4096,4088.005870123517,5.395570388549116e-07,5.61710073394052e-07,5.704408630249323e-07,5.673144644668275e-09,2.005759524448542e-09,1.0410578176983014,1.0572392202232495,11.044711127686679,corrected-two-halo,scale_dependent_camb
10,0.06779888,0.10256817,20,39,30.608333333333334,0.00032922690451596295,0.0003170354830573812,0.00031523850058216607,8.941996774732618e-06,3.1614732783808353e-06,0.9629695468646287,0.9575113584524237,-3.856246877666361,corrected-two-halo,scale_dependent_camb
10,0.06779888,0.10256817,40,59,50.165,0.00017040551408024847,0.00016393445622730663,0.00016298089416797487,7.836820742966068e-06,2.7707345451473522e-06,0.9620255372141628,0.9564296968185129,-2.33550264289129,corrected-two-halo,scale_dependent_camb
10,0.06779888,0.10256817,60,79,69.975,0.00010540686047065733,9.859712653516913e-05,9.803714479102648e-05,2.8231316471057045e-06,9.981277659253954e-07,0.9353957237215706,0.9300831497425882,-6.822507266065965,corrected-two-halo,scale_dependent_camb
10,0.06779888,0.10256817,80,99,89.86944444444444,7.396349445900789e-05,6.60000229283172e-05,6.56345631684124e-05,1.9901954939884223e-06,7.036403648430621e-07,0.8923324054800545,0.8873913225501866,-11.317530841862435,corrected-two-halo,scale_dependent_camb
10,0.06779888,0.10256817,100,119,109.80227272727272,5.6830781804113354e-05,4.9097067110134406e-05,4.8828630793674436e-05,1.2738804319877154e-06,4.5038474593968103e-07,0.8639167991628933,0.8591933674602427,-17.171351302858525,corrected-two-halo,scale_dependent_camb
10,0.06779888,0.10256817,120,139,129.75576923076923,4.6530326929303504e-05,3.869067989907856e-05,3.8477455315508405e-05,1.2407059775962015e-06,4.3865580510847937e-07,0.8315153245723759,0.8269328383178923,-17.871978300358297,corrected-two-halo,scale_dependent_camb
10,0.06779888,0.10256817,140,159,149.72166666666666,3.974198882923758e-05,3.1225325628105955e-05,3.104768767826877e-05,7.97788454568902e-07,2.820608130890032e-07,0.785701132428832,0.7812313523531429,-30.1944219328483,corrected-two-halo,scale_dependent_camb
10,0.06779888,0.10256817,160,179,169.6955882352941,3.488559436467215e-05,2.6073595264448304e-05,2.592478108850175e-05,7.292671971851496e-07,2.578348902132632e-07,0.7474029248832991,0.7431371476002481,-34.17690713981794,corrected-two-halo,scale_dependent_camb
10,0.06779888,0.10256817,180,199,189.675,3.118107274999348e-05,2.2551550244457286e-05,2.2424239891594837e-05,6.707788292928843e-07,2.37156129434686e-07,0.7232448487347826,0.7191619118235605,-36.38751621603273,corrected-two-halo,scale_dependent_camb
10,0.06779888,0.10256817,200,219,209.65833333333333,2.8228129113285386e-05,2.0212195730556626e-05,2.0095096902879567e-05,5.981490579012379e-07,2.1147762750115507e-07,0.716030299048189,0.7118819962255997,-37.90440377758152,corrected-two-halo,scale_dependent_camb
10,0.06779888,0.10256817,220,239,229.64456521739132,2.580694581972854e-05,1.8166058244300064e-05,1.8062104205595857e-05,5.024206739185023e-07,1.7763253276804406e-07,0.7039212765120282,0.6998931346532292,-43.01513611476842,corrected-two-halo,scale_dependent_camb
10,0.06779888,0.10256817,240,259,249.633,2.378718617591048e-05,1.68320640151229e-05,1.6734352647252775e-05,6.32182250443542e-07,2.235101781172004e-07,0.7076105551386694,0.7035028238943125,-31.11769772354875,corrected-two-halo,scale_dependent_camb
10,0.06779888,0.10256817,260,279,269.6231481481482,2.2080851122750317e-05,1.5699844848923452e-05,1.5609657388375685e-05,5.298602689577143e-07,1.8733389463066385e-07,0.7110162901622757,0.7069318705877583,-34.06220901138723,corrected-two-halo,scale_dependent_camb
10,0.06779888,0.10256817,280,299,289.6146551724138,2.0623565339070637e-05,1.4868947219754475e-05,1.4783179478537644e-05,4.622850970257777e-07,1.6344246347420422e-07,0.7209688031770998,0.7168100779612251,-35.20883127305776,corrected-two-halo,scale_dependent_camb
10,0.06779888,0.10256817,300,319,309.60725806451615,1.9366096223414135e-05,1.4210928123853083e-05,1.412774126294846e-05,5.550771321247646e-07,1.9624940210350113e-07,0.7338044776763881,0.7295089882837429,-26.268452511474344,corrected-two-halo,scale_dependent_camb
10,0.06779888,0.10256817,320,339,329.6007575757576,1.8269908319705523e-05,1.3486643474881614e-05,1.3409724380078888e-05,3.6978863153359337e-07,1.307400244815487e-07,0.7381888972226103,0.7339787450173164,-36.58607885222608,corrected-two-halo,scale_dependent_camb
10,0.06779888,0.10256817,340,359,349.595,1.7304408038154066e-05,1.3035537032286133e-05,1.296152165343384e-05,2.806897996220713e-07,9.923883036132991e-08,0.7533073077995154,0.7490300520454267,-43.01613582430301,corrected-two-halo,scale_dependent_camb
10,0.06779888,0.10256817,360,379,369.58986486486486,1.6481066854019022e-05,1.2530539837233543e-05,1.2460208664387218e-05,2.6969558958216773e-07,9.535179012482739e-08,0.7602990721549002,0.7560316801547777,-41.431073413658474,corrected-two-halo,scale_dependent_camb
10,0.06779888,0.10256817,380,399,389.5852564102564,1.5714692740530252e-05,1.2208015647912234e-05,1.213859595995862e-05,3.134781613271062e-07,1.1083126681414366e-07,0.7768536012432595,0.7724360991578022,-31.63978174587206,corrected-two-halo,scale_dependent_camb
10,0.06779888,0.10256817,400,419,409.5810975609756,1.5009404862126827e-05,1.191617491630483e-05,1.1846934108318614e-05,3.6617952115909235e-07,1.2946401127161852e-07,0.7939138843787783,0.7893007229228612,-23.89258540222679,corrected-two-halo,scale_dependent_camb
10,0.06779888,0.10256817,420,439,429.57732558139537,1.436558447314198e-05,1.159069995060562e-05,1.152450615437429e-05,2.804726483141212e-07,9.916205578013239e-08,0.8068380351858075,0.8022302312809204,-27.983329920962795,corrected-two-halo,scale_dependent_camb
10,0.06779888,0.10256817,440,459,449.5738888888889,1.3773561191451702e-05,1.1251556821270967e-05,1.1186957663326794e-05,2.9861282166598015e-07,1.0557557557463188e-07,0.816895257869405,0.8122051739436686,-23.88814227584218,corrected-two-halo,scale_dependent_camb
10,0.06779888,0.10256817,460,479,469.5707446808511,1.322565358553244e-05,1.0929628629520617e-05,1.0867548609838664e-05,2.3179613775082924e-07,8.195231042823121e-08,0.82639610653923,0.8217021971395568,-28.01659823883234,corrected-two-halo,scale_dependent_camb
10,0.06779888,0.10256817,480,499,489.5678571428571,1.2715735121744545e-05,1.0736128936901773e-05,1.0674813826040852e-05,2.5787324335205186e-07,9.117195953040232e-08,0.8443183845928384,0.8394963974820759,-21.71288403845977,corrected-two-halo,scale_dependent_camb
10,0.06779888,0.10256817,500,519,509.56519607843137,1.223889353934014e-05,1.0343202777542144e-05,1.0284879395964043e-05,2.104827125740025e-07,7.441687669180807e-08,0.8451093021027943,0.8403438891681505,-25.473936102543746,corrected-two-halo,scale_dependent_camb
10,0.06779888,0.10256817,520,539,529.5627358490566,1.1791163109512433e-05,1.0077817714644818e-05,1.0021483267079618e-05,1.8300902749724065e-07,6.47034621808271e-08,0.854692418470118,0.8499147347893832,-26.479964705432906,corrected-two-halo,scale_dependent_camb
10,0.06779888,0.10256817,540,559,549.5604545454545,1.13693126037091e-05,9.788085764274573e-06,9.731416381620386e-06,3.191802227404702e-07,1.1284724996020958e-07,0.8609215091052496,0.8559370931929191,-14.012099009874625,corrected-two-halo,scale_dependent_camb
10,0.06779888,0.10256817,560,579,569.5583333333333,1.0970677538240376e-05,9.5654877888526e-06,9.510067792966232e-06,2.963589168594907e-07,1.0477869988822306e-07,0.8719140413625575,0.8668623938509803,-13.411024863706267,corrected-two-halo,scale_dependent_camb
10,0.06779888,0.10256817,580,599,589.5563559322034,1.0593030531457196e-05,9.31062000233226e-06,9.25773966599004e-06,2.2382511025041606e-07,7.913412662894791e-08,0.8789382768871784,0.8739462836907853,-16.205530834225705,corrected-two-halo,scale_dependent_camb
10,0.06779888,0.10256817,600,619,609.5545081967213,1.0234485108511886e-05,9.056832542181656e-06,9.004510360942564e-06,2.639685939566585e-07,9.332699140351577e-08,0.8849328956128149,0.8798205542801203,-12.618563489724423,corrected-two-halo,scale_dependent_camb
10,0.06779888,0.10256817,620,639,629.5527777777778,9.893426428106581e-06,8.825387775521137e-06,8.774868670823369e-06,1.909808323409172e-07,6.752192081245683e-08,0.8920456264220841,0.8869392959646961,-15.817658024746336,corrected-two-halo,scale_dependent_camb
10,0.06779888,0.10256817,640,659,649.5511538461539,9.568459622617187e-06,8.6431565357249e-06,8.593363568224128e-06,2.237924874598354e-07,7.91225927307275e-08,0.9032965468438486,0.8980926823280728,-11.694549621766148,corrected-two-halo,scale_dependent_camb
10,0.06779888,0.10256817,660,679,669.5496268656716,9.258369397655302e-06,8.354470714446918e-06,8.306429310798525e-06,2.025868287802653e-07,7.16252602048018e-08,0.9023695594348073,0.8971805891545159,-12.61983105714129,corrected-two-halo,scale_dependent_camb
10,0.06779888,0.10256817,680,699,689.5481884057971,8.962087274464645e-06,8.198584740814219e-06,8.152264744253967e-06,1.4834103309720373e-07,5.244647521562542e-08,0.9148075096494712,0.9096390711884634,-14.557747313073097,corrected-two-halo,scale_dependent_camb
10,0.06779888,0.10256817,700,719,709.5468309859154,8.678665151516925e-06,7.957547745116749e-06,7.912181691562532e-06,1.9198389096679163e-07,6.787655559059856e-08,0.9169091797170982,0.9116818719730855,-10.623954031339453,corrected-two-halo,scale_dependent_camb
10,0.06779888,0.10256817,720,739,729.5455479452055,8.407255272235868e-06,7.717207924931083e-06,7.67307075130531e-06,1.7259530253138895e-07,6.10216544104444e-08,0.917922398575954,0.9126725075952993,-11.308237280218295,corrected-two-halo,scale_dependent_camb
10,0.06779888,0.10256817,740,759,749.5443333333334,8.147096320595173e-06,7.529237294706579e-06,7.4867517351801885e-06,1.4993391057319417e-07,5.300964244806149e-08,0.9241620570599246,0.9189472470399436,-11.655596932085874,corrected-two-halo,scale_dependent_camb
10,0.06779888,0.10256817,760,779,769.5431818181818,7.897503484191304e-06,7.274470212376526e-06,7.233175383279083e-06,1.3271103822849485e-07,4.692043753483792e-08,0.9211100985188643,0.9158812525702548,-13.278505157846883,corrected-two-halo,scale_dependent_camb
10,0.06779888,0.10256817,780,799,789.5420886075949,7.657859194409184e-06,7.11771475372536e-06,7.077285224691842e-06,1.4093241718768007e-07,4.9827133941210054e-08,0.9294653470413546,0.9241858651382354,-10.840367445599586,corrected-two-halo,scale_dependent_camb
10,0.06779888,0.10256817,800,819,809.5410493827161,7.427603318693944e-06,6.9096389937295116e-06,6.8706591286457916e-06,1.2946175781934168e-07,4.577164342919352e-08,0.930264945132327,0.9250169716728917,-11.316271083114977,corrected-two-halo,scale_dependent_camb
10,0.06779888,0.10256817,820,839,829.5400602409638,7.2062241861307006e-06,6.7304924563206485e-06,6.6922650654578705e-06,1.5051300111585264e-07,5.3214381872878895e-08,0.9339832181844053,0.9286784441619218,-8.939908969468126,corrected-two-halo,scale_dependent_camb
10,0.06779888,0.10256817,840,859,849.5391176470588,6.993252087298066e-06,6.593298660472687e-06,6.555989080651176e-06,1.1756319026773559e-07,4.156486452812008e-08,0.9428086644335588,0.9374735815056494,-9.622392166220024,corrected-two-halo,scale_dependent_camb
10,0.06779888,0.10256817,860,879,869.5382183908046,6.788254839923072e-06,6.402990033365927e-06,6.366580882339568e-06,1.207369263832417e-07,4.268694969260559e-08,0.9432453825552738,0.9378818315565356,-9.025353400312937,corrected-two-halo,scale_dependent_camb
10,0.06779888,0.10256817,880,899,889.5373595505617,6.5908343664128125e-06,6.253554934913875e-06,6.217464972729742e-06,1.721091329975328e-07,6.084976752334641e-08,0.9488259888281021,0.9433502083460362,-5.542822022607281,corrected-two-halo,scale_dependent_camb
10,0.06779888,0.10256817,900,919,909.5365384615385,6.40062404159891e-06,6.055367782113518e-06,6.021283162675757e-06,1.0322556397099319e-07,3.649574813784752e-08,0.946058969056532,0.9407337665112429,-9.460177612507898,corrected-two-halo,scale_dependent_camb
10,0.06779888,0.10256817,920,939,929.535752688172,6.21728683994993e-06,5.917623095375735e-06,5.884108590836015e-06,1.255437287476838e-07,4.4386410966465866e-08,0.9518015249596224,0.9464109896019213,-6.751249719212308,corrected-two-halo,scale_dependent_camb
10,0.06779888,0.10256817,940,959,949.535,6.040513528439936e-06,5.737225048104975e-06,5.704587228973293e-06,1.118402435038555e-07,3.954149729556547e-08,0.9497909442786578,0.9443877912225449,-7.670131408225024,corrected-two-halo,scale_dependent_camb
10,0.06779888,0.10256817,960,979,969.5342783505155,5.870020017244844e-06,5.5672899153266955e-06,5.535791564708925e-06,9.911851383125497e-08,3.5043686635606494e-08,0.9484277564592978,0.9430617865775537,-8.63864881186777,corrected-two-halo,scale_dependent_camb
10,0.06779888,0.10256817,980,999,989.5335858585859,5.705543975174991e-06,5.4940858542605475e-06,5.463000927359095e-06,1.0256867358757453e-07,3.6263502315541736e-08,0.962938131432427,0.9574899345494122,-5.831155498287794,corrected-two-halo,scale_dependent_camb
10,0.06779888,0.10256817,1000,1019,1009.5329207920792,5.546841780627991e-06,5.3136547695080895e-06,5.283160491791397e-06,1.2202582382334927e-07,4.3142643752682616e-08,0.957960399747782,0.9524628068971634,-5.405023680436884,corrected-two-halo,scale_dependent_camb
10,0.06779888,0.10256817,1020,1039,1029.532281553398,5.393686316464534e-06,5.153205216139071e-06,5.12417311326595e-06,8.119742262178409e-08,2.870762407536675e-08,0.9554143333120096,0.9500317246155232,-8.376907113389882,corrected-two-halo,scale_dependent_camb
10,0.06779888,0.10256817,1040,1059,1049.5316666666668,5.245865441458971e-06,5.04008631389877e-06,5.011527264612023e-06,8.606852832914183e-08,3.0429820014141325e-08,0.9607730831344065,0.9553289767985786,-6.762416848491768,corrected-two-halo,scale_dependent_camb
10,0.06779888,0.10256817,1060,1079,1069.5310747663552,5.10318081959238e-06,4.892286521545773e-06,4.864555883992401e-06,9.102581582549315e-08,3.218248581662198e-08,0.9586739515015946,0.9532399607155133,-6.5530767029090535,corrected-two-halo,scale_dependent_camb
10,0.06779888,0.10256817,1080,1099,1089.530504587156,4.965446949640861e-06,4.801469157707398e-06,4.77441632579137e-06,7.999878495107349e-08,2.8283841662794195e-08,0.9669762271963609,0.9615280103106716,-5.7975784862763575,corrected-two-halo,scale_dependent_camb
10,0.06779888,0.10256817,1100,1119,1109.529954954955,4.832489980120466e-06,4.664607547640286e-06,4.638056120791094e-06,9.591403990339034e-08,3.391073401334221e-08,0.9652596418883842,0.9597652845367047,-4.950716561137439,corrected-two-halo,scale_dependent_camb
10,0.06779888,0.10256817,1120,1139,1129.529424778761,4.704145943640571e-06,4.524304592390478e-06,4.498538195884666e-06,9.667416047230508e-08,3.41794772177417e-08,0.9617696063419935,0.9562922260024985,-5.26167647633716,corrected-two-halo,scale_dependent_camb
10,0.06779888,0.10256817,1140,1159,1149.5289130434783,4.5802586666741304e-06,4.456495058073773e-06,4.431263263532338e-06,7.907985216288497e-08,2.7958949859802815e-08,0.9729789041171717,0.9674700897951725,-4.426618639861534,corrected-two-halo,scale_dependent_camb
10,0.06779888,0.10256817,1160,1179,1169.5284188034188,4.460678116897428e-06,4.343535020858584e-06,4.3190860243201285e-06,5.945959923758636e-08,2.1022142913765892e-08,0.973738724703068,0.9682577202688226,-5.572367028393439,corrected-two-halo,scale_dependent_camb
10,0.06779888,0.10256817,1180,1199,1189.5279411764707,4.345259524498716e-06,4.228600132820488e-06,4.204637113862987e-06,7.48279263916264e-08,2.6455667086823423e-08,0.9731524915783515,0.9676377418096904,-4.409618222642788,corrected-two-halo,scale_dependent_camb
10,0.06779888,0.10256817,1200,1219,1209.527479338843,4.23386300148462e-06,4.125258567228871e-06,4.1020822863713625e-06,5.4636174672179886e-08,1.9316804804395546e-08,0.9743486186922755,0.9688745915805381,-5.622277356710454,corrected-two-halo,scale_dependent_camb
10,0.06779888,0.10256817,1220,1239,1229.5270325203253,4.126353232460904e-06,4.0359309270139555e-06,4.013197782765189e-06,7.296958248184871e-08,2.5798643296633162e-08,0.9780866299240645,0.9725773719987053,-3.504924829080033,corrected-two-halo,scale_dependent_camb
10,0.06779888,0.10256817,1240,1259,1249.5266,4.0225991539208875e-06,3.93253704027925e-06,3.910260556773993e-06,7.213350003582771e-08,2.550304351302692e-08,0.9776109649021697,0.9720731316125802,-3.531426105893341,corrected-two-halo,scale_dependent_camb
10,0.06779888,0.10256817,1260,1279,1269.5261811023622,3.922473722262489e-06,3.836207927741575e-06,3.814467457299342e-06,7.21986231929324e-08,2.5526068026027425e-08,0.9780072982946191,0.9724647575456926,-3.3795175360715106,corrected-two-halo,scale_dependent_camb
10,0.06779888,0.10256817,1280,1299,1289.5257751937984,3.825853867287499e-06,3.7498959165497992e-06,3.7288862745028796e-06,4.8884444727385466e-08,1.7283261180636616e-08,0.9801461442667299,0.9746546532752521,-4.394885313820253,corrected-two-halo,scale_dependent_camb
10,0.06779888,0.10256817,1300,1319,1309.5253816793893,3.7326204729342483e-06,3.6670131504080957e-06,3.6463821628842688e-06,5.569608235842808e-08,1.9691538760584464e-08,0.9824232538502427,0.9768960410855307,-3.331751942995712,corrected-two-halo,scale_dependent_camb
10,0.06779888,0.10256817,1320,1339,1329.525,3.6426582411344185e-06,3.579718307720296e-06,3.5595072962354563e-06,5.513258929196923e-08,1.949231387636214e-08,0.9827214278014395,0.9771730040551191,-3.2289616211469068,corrected-two-halo,scale_dependent_camb
10,0.06779888,0.10256817,1340,1359,1349.5246296296295,3.555855332368734e-06,3.51184383168834e-06,3.491756854628185e-06,7.558523772625182e-08,2.6723417076914957e-08,0.987622808982199,0.9819738229626317,-1.6469263849649503,corrected-two-halo,scale_dependent_camb
10,0.06779888,0.10256817,1360,1379,1369.5242700729927,3.4721028292734703e-06,3.4252012495656075e-06,3.405832682984248e-06,5.3306002506634085e-08,1.884651792519403e-08,0.9864918805651627,0.9809135415776009,-2.488607173697836,corrected-two-halo,scale_dependent_camb
10,0.06779888,0.10256817,1380,1399,1389.5239208633093,3.391294123159742e-06,3.3474449858156067e-06,3.328588236354626e-06,4.665413221659588e-08,1.649472663036436e-08,0.9870700871845112,0.9815097468612685,-2.6583730865484885,corrected-two-halo,scale_dependent_camb
10,0.06779888,0.10256817,1400,1419,1409.5235815602837,3.313324429511066e-06,3.280438749666656e-06,3.2621034567702383e-06,4.371531097904273e-08,1.5455696417479923e-08,0.9900747178418435,0.9845409123584116,-2.1277384697604034,corrected-two-halo,scale_dependent_camb
10,0.06779888,0.10256817,1420,1439,1429.5232517482518,3.2380905662374405e-06,3.2114452200291646e-06,3.1933213918114764e-06,4.984004860297819e-08,1.7621118170916496e-08,0.9917712782693299,0.9861742055973485,-1.5121257317401025,corrected-two-halo,scale_dependent_camb
10,0.06779888,0.10256817,1440,1459,1449.5229310344828,3.1654910495313557e-06,3.130380359697115e-06,3.1127050618478007e-06,5.303822022486565e-08,1.8751842591533996e-08,0.9889082959689812,0.9833245500121158,-1.8723861222092528,corrected-two-halo,scale_dependent_camb
10,0.06779888,0.10256817,1460,1479,1469.522619047619,3.095426461968763e-06,3.0609427475344917e-06,3.0436945513148523e-06,4.629561809105143e-08,1.6367972745702537e-08,0.9888597856037133,0.9832876305447722,-2.1067798052953686,corrected-two-halo,scale_dependent_camb
10,0.06779888,0.10256817,1480,1499,1489.5223154362416,3.027800060184449e-06,3.0177965933164743e-06,3.000858441060243e-06,4.231073895089351e-08,1.4959105214595293e-08,0.9966961270000883,0.9911019160483917,-0.668720937814808,corrected-two-halo,scale_dependent_camb
10,0.06779888,0.10256817,1500,1519,1509.5220198675497,2.9625183951109147e-06,2.9587826572134362e-06,2.942112252609647e-06,4.7327500997799695e-08,1.673279844607863e-08,0.9987389992569689,0.9931118934029425,-0.22325840531198754,corrected-two-halo,scale_dependent_camb
10,0.06779888,0.10256817,1520,1539,1529.5217320261438,2.899491686576857e-06,2.8932187234304667e-06,2.876999595681975e-06,3.804867322328864e-08,1.3452237425669204e-08,0.9978365300457901,0.9922427468928403,-0.46631374007868637,corrected-two-halo,scale_dependent_camb
10,0.06779888,0.10256817,1540,1559,1549.5214516129033,2.838633833511236e-06,2.830672609092841e-06,2.814802613772849e-06,4.095708429967687e-08,1.4480516022965295e-08,0.9971954028292027,0.9916046869247278,-0.5497887233969393,corrected-two-halo,scale_dependent_camb
10,0.06779888,0.10256817,1560,1579,1569.521178343949,2.7798621571241785e-06,2.7683968040228554e-06,2.7527717434634217e-06,4.551853933857316e-08,1.6093233918005853e-08,0.9958755677608186,0.9902547636790803,-0.7124331355486723,corrected-two-halo,scale_dependent_camb
10,0.06779888,0.10256817,1580,1599,1589.5209119496856,2.7230970132174832e-06,2.720033492930971e-06,2.704776820500146e-06,3.4666378393581173e-08,1.225641562064003e-08,0.9988749867259072,0.9932722952475017,-0.2499523825997778,corrected-two-halo,scale_dependent_camb
10,0.06779888,0.10256817,1600,1619,1609.520652173913,2.668261412306677e-06,2.6665504019819814e-06,2.651491650117051e-06,4.270162183435873e-08,1.50973031833693e-08,0.9993587546119717,0.9937150977365712,-0.11333218283516401,corrected-two-halo,scale_dependent_camb
10,0.06779888,0.10256817,1620,1639,1629.520398773006,2.615280768705806e-06,2.6168456259707378e-06,2.602131673382542e-06,3.531823710711074e-08,1.2486882478996179e-08,1.0005983515359638,0.994972205095298,0.12532009230997326,corrected-two-halo,scale_dependent_camb
10,0.06779888,0.10256817,1640,1659,1649.5201515151516,2.56408289932659e-06,2.566297159670558e-06,2.551837074395547e-06,3.5905931077923436e-08,1.2694663675008231e-08,1.0008635681570786,0.9952240916491977,0.17442449840772065,corrected-two-halo,scale_dependent_camb
10,0.06779888,0.10256817,1660,1679,1669.5199101796406,2.5145981821467603e-06,2.525160573881352e-06,2.510892019477909e-06,4.1130311604610604e-08,1.4541761123967952e-08,1.0042004292413726,0.9985261411961702,0.7263488682387149,corrected-two-halo,scale_dependent_camb
10,0.06779888,0.10256817,1680,1699,1689.519674556213,2.4667596519435978e-06,2.478280003575954e-06,2.4643965369618824e-06,2.8524994577069168e-08,1.0085108549377551e-08,1.0046702367712554,0.9990420165256662,1.1423131021299053,corrected-two-halo,scale_dependent_camb
10,0.06779888,0.10256817,1700,1719,1709.5194444444444,2.420502946114422e-06,2.4299694132930644e-06,2.416301907421347e-06,3.3185934316228345e-08,1.1732999597508206e-08,1.0039109504881367,0.9982643943070514,0.8068241288146593,corrected-two-halo,scale_dependent_camb
10,0.06779888,0.10256817,1720,1739,1729.519219653179,2.3757662256172943e-06,2.3777090283493836e-06,2.3643289144988724e-06,3.650500177068353e-08,1.2906467149638622e-08,1.0008177583767042,0.9951858432049853,0.15052939813538982,corrected-two-halo,scale_dependent_camb
10,0.06779888,0.10256817,1740,1759,1749.519,2.332490130598066e-06,2.3464123486283528e-06,2.33325500926334e-06,2.794475195706364e-08,9.879961803707871e-09,1.0059688218387948,1.0003279236448808,1.4091368273369171,corrected-two-halo,scale_dependent_camb
10,0.06779888,0.10256817,1760,1779,1769.5187853107345,2.2906177316120463e-06,2.303805321613257e-06,2.2909471157705305e-06,2.6424890713193776e-08,9.342609707706371e-09,1.0057572199058853,1.0001437970875449,1.4115531327753839,corrected-two-halo,scale_dependent_camb
10,0.06779888,0.10256817,1780,1799,1789.5185754189945,2.2500944236609907e-06,2.271597567178943e-06,2.258854463447181e-06,3.1356233749723147e-08,1.108610275844986e-08,1.0095565516237164,1.0038931876342938,1.9396485840402862,corrected-two-halo,scale_dependent_camb
10,0.06779888,0.10256817,1800,1819,1809.5183701657459,2.210867802369766e-06,2.227790380289896e-06,2.215342194304586e-06,2.3221924376741018e-08,8.210190099497382e-09,1.0076542694692063,1.002023817041446,2.0611676118395867,corrected-two-halo,scale_dependent_camb
10,0.06779888,0.10256817,1820,1839,1829.518169398907,2.17288761598716e-06,2.1912942767549487e-06,2.1790978416217e-06,2.213216612348953e-08,7.824902374133315e-09,1.0084710597236417,1.0028580519253953,2.3523182638846922,corrected-two-halo,scale_dependent_camb
10,0.06779888,0.10256817,1840,1859,1849.517972972973,2.1361058583948775e-06,2.152032933845021e-06,2.1400060387793948e-06,2.247840755393634e-08,7.94731720583165e-09,1.0074561264777915,1.0018258366593535,2.004082011280042,corrected-two-halo,scale_dependent_camb
10,0.06779888,0.10256817,1860,1879,1869.5177807486632,2.100476911161528e-06,2.11849674861346e-06,2.1066356135794326e-06,2.49347484124678e-08,8.815764844818241e-09,1.0085789266981122,1.0029320495670189,2.0440469737034315,corrected-two-halo,scale_dependent_camb
10,0.06779888,0.10256817,1880,1899,1889.5175925925926,2.0659575934542816e-06,2.0905877680204656e-06,2.078899169365827e-06,2.365874784358254e-08,8.364630517289912e-09,1.0119219168119526,1.0062642021078019,2.944562167482812,corrected-two-halo,scale_dependent_camb
10,0.06779888,0.10256817,1900,1919,1909.5174083769634,2.032507059469645e-06,2.051215398308899e-06,2.039701592782598e-06,2.5717482430262647e-08,9.092503110742305e-09,1.0092045627847097,1.0035397334928964,2.05755649587309,corrected-two-halo,scale_dependent_camb
10,0.06779888,0.10256817,1920,1939,1929.5172279792746,2.0000866084046584e-06,2.0259429367290195e-06,2.014645282989993e-06,1.933967585496392e-08,6.837607971497364e-09,1.0129276043425866,1.0072790220804224,3.781487390348127,corrected-two-halo,scale_dependent_camb
10,0.06779888,0.10256817,1940,1959,1949.5170512820512,1.968659465135143e-06,1.997730302576982e-06,1.986434208441133e-06,3.1934925865487625e-08,1.1290701318087987e-08,1.0147668187193783,1.0090288562449625,2.5747592308784837,corrected-two-halo,scale_dependent_camb
10,0.06779888,0.10256817,1960,1979,1969.5168781725888,1.9381905660375005e-06,1.972157093188218e-06,1.9610550462288377e-06,2.9234309331625163e-08,1.0335889185848659e-08,1.0175248645545518,1.0117968173986536,3.2862704446582702,corrected-two-halo,scale_dependent_camb
10,0.06779888,0.10256817,1980,1999,1989.5167085427136,1.9086463765215897e-06,1.9286831626332524e-06,1.917870180327944e-06,2.5134885133972974e-08,8.886523861288617e-09,1.0104979038328612,1.0048326415620081,2.2547383458842387,corrected-two-halo,scale_dependent_camb
10,0.06779888,0.10256817,2000,2019,2009.5165422885573,1.8799947622799343e-06,1.9046917489014727e-06,1.8939565124749602e-06,3.011031099714253e-08,1.0645602544857678e-08,1.0131367316106707,1.0074264835600362,2.3199237917696074,corrected-two-halo,scale_dependent_camb
10,0.06779888,0.10256817,2020,2039,2029.5163793103447,1.8522048862179542e-06,1.8799179792989894e-06,1.869461100837263e-06,1.790772241667945e-08,6.331335978220193e-09,1.0149622178881208,1.009316579795092,4.377131963359428,corrected-two-halo,scale_dependent_camb
10,0.06779888,0.10256817,2040,2059,2049.516219512195,1.8252471298381045e-06,1.8529416538794833e-06,1.842670413145564e-06,1.1606022350920944e-08,4.103348553469418e-09,1.015173027032145,1.0095457119327205,6.749249711668503,corrected-two-halo,scale_dependent_camb
10,0.06779888,0.10256817,2060,2079,2069.5160628019325,1.7990930572854518e-06,1.8292952890643078e-06,1.8190337701476505e-06,2.1699072160907538e-08,7.671780535216975e-09,1.0167874761433555,1.0110837584423154,3.9367955900477027,corrected-two-halo,scale_dependent_camb
10,0.06779888,0.10256817,2080,2099,2089.515909090909,1.7737154086413853e-06,1.8035756667178661e-06,1.7934364903074836e-06,2.379836267706536e-08,8.413991815044876e-09,1.0168348642239924,1.0111185151631537,3.5488812840402835,corrected-two-halo,scale_dependent_camb
10,0.06779888,0.10256817,2100,2119,2109.5157582938386,1.7490880790492623e-06,1.784234122139349e-06,1.7742775271019243e-06,1.8107653397076166e-08,6.40202225422409e-09,1.0200939240916849,1.0144014748910495,5.489834570146519,corrected-two-halo,scale_dependent_camb
10,0.06779888,0.10256817,2120,2139,2129.5156103286386,1.7251861060760303e-06,1.7520423296976422e-06,1.7421867824309491e-06,2.3950966572076063e-08,8.467945439543651e-09,1.0155671457861999,1.009854401386055,3.171515902334298,corrected-two-halo,scale_dependent_camb
10,0.06779888,0.10256817,2140,2159,2149.515465116279,1.7019856942057932e-06,1.734745696191708e-06,1.725053243815917e-06,1.7819885068184276e-08,6.300280785839002e-09,1.0192481065483936,1.0135533158055645,5.199768565799274,corrected-two-halo,scale_dependent_camb
10,0.06779888,0.10256817,2160,2179,2169.5153225806453,1.6794642259841467e-06,1.7091515938693164e-06,1.6996186475252356e-06,1.8180857430789525e-08,6.427903788548553e-09,1.0176766896405747,1.0120005066075632,4.618514660729422,corrected-two-halo,scale_dependent_camb
10,0.06779888,0.10256817,2180,2199,2189.5151826484016,1.657600155809103e-06,1.68985212724098e-06,1.6804006546214953e-06,1.9664373731590052e-08,6.9524060066969696e-09,1.0194570272685177,1.0137551258863529,4.638965474802527,corrected-two-halo,scale_dependent_camb
10,0.06779888,0.10256817,2200,2219,2209.515045248869,1.6363727848911573e-06,1.6650545100661432e-06,1.6558076932511346e-06,1.1841514001555412e-08,4.1866074250076406e-09,1.0175276229474164,1.0118768220416658,6.850827475168291,corrected-two-halo,scale_dependent_camb
10,0.06779888,0.10256817,2220,2239,2229.5149103139015,1.6157620127752244e-06,1.6462916339815893e-06,1.6370875331045388e-06,1.715813655521878e-08,6.066317355359993e-09,1.0188948749661018,1.0131984290760034,5.032644917495121,corrected-two-halo,scale_dependent_camb
10,0.06779888,0.10256817,2240,2259,2249.514777777778,1.595748158570274e-06,1.629704965728363e-06,1.6205823424384512e-06,1.921730744434866e-08,6.794344205022829e-09,1.0212795527763685,1.0155627213071188,4.997804958569183,corrected-two-halo,scale_dependent_camb
10,0.06779888,0.10256817,2260,2279,2269.5146475770925,1.5763118697940892e-06,1.6114970596658481e-06,1.6024784575018442e-06,1.8651074352158692e-08,6.594150575412952e-09,1.0223212110154034,1.016599879889995,5.33581838469855,corrected-two-halo,scale_dependent_camb
10,0.06779888,0.10256817,2280,2299,2289.514519650655,1.557434105886518e-06,1.595159535238741e-06,1.5861967514814424e-06,2.0405507172727782e-08,7.214436247693274e-09,1.024222809305148,1.0184679695187182,5.229158323255695,corrected-two-halo,scale_dependent_camb
10,0.06779888,0.10256817,2300,2319,2309.514393939394,1.539096193546971e-06,1.5737129891402221e-06,1.5648943522830398e-06,1.8859268352935944e-08,6.6677582702889285e-09,1.0224916387542184,1.0167618884669027,5.191669252243477,corrected-two-halo,scale_dependent_camb
10,0.06779888,0.10256817,2320,2339,2329.514270386266,1.5212799400240145e-06,1.5548870133388523e-06,1.5462319216230048e-06,1.65354138362857e-08,5.846151626681741e-09,1.022091314314121,1.0164019658331893,5.7485805125983545,corrected-two-halo,scale_dependent_camb
10,0.06779888,0.10256817,2340,2359,2349.5141489361704,1.5039677448748072e-06,1.5332588463939214e-06,1.5246688429442821e-06,1.9693948589657957e-08,6.962862298043192e-09,1.0194758841198104,1.0137643231645226,4.206761568061746,corrected-two-halo,scale_dependent_camb
10,0.06779888,0.10256817,2360,2379,2369.514029535865,1.487142656064406e-06,1.5172554536504736e-06,1.5088085781404335e-06,1.508302864968196e-08,5.332655919510544e-09,1.0202487619215757,1.0145688256521164,5.6468667846905785,corrected-two-halo,scale_dependent_camb
10,0.06779888,0.10256817,2380,2399,2389.513912133891,1.470788374688558e-06,1.5054183308690933e-06,1.4969597496993161e-06,1.9510105655132827e-08,6.897864005205215e-09,1.023545165828407,1.0177941133212314,5.0203883628907455,corrected-two-halo,scale_dependent_camb
10,0.06779888,0.10256817,2400,2419,2409.5137966804978,1.4548892516369947e-06,1.487720870144062e-06,1.4793881327944747e-06,1.810240486683413e-08,6.400166618561387e-09,1.0225664039170859,1.0168390007211303,5.1298068415673574,corrected-two-halo,scale_dependent_camb
10,0.06779888,0.10256817,2420,2439,2429.513683127572,1.4394302835128194e-06,1.4749583403860723e-06,1.466676091596404e-06,1.8207647715848607e-08,6.437375584666151e-09,1.0246820268269954,1.018928188739432,5.51902812038509,corrected-two-halo,scale_dependent_camb
10,0.06779888,0.10256817,2440,2459,2449.5135714285716,1.4243970750889327e-06,1.4624079982535118e-06,1.4542011181534676e-06,1.876157124653864e-08,6.633217127071009e-09,1.0266856228711407,1.0209239709809668,5.730390312334525,corrected-two-halo,scale_dependent_camb
10,0.06779888,0.10256817,2460,2479,2469.5134615384613,1.409775745003825e-06,1.4467192913317248e-06,1.4386148514488504e-06,1.7153237948317353e-08,6.06458543628081e-09,1.0262052645314872,1.0204565205120246,6.091685361853182,corrected-two-halo,scale_dependent_camb
10,0.06779888,0.10256817,2480,2499,2489.513353413655,1.3955528210458299e-06,1.4342660919884528e-06,1.426251971777148e-06,1.4063787590166155e-08,4.972299787086851e-09,1.0277404555089582,1.0219978421944016,7.785787784389428,corrected-two-halo,scale_dependent_camb
10,0.06779888,0.10256817,2500,2519,2509.513247011952,1.3817151960718078e-06,1.4166446153381583e-06,1.408713929530074e-06,1.6131572402363713e-08,5.703372118456573e-09,1.0252797532846525,1.0195400134087136,6.124345131420781,corrected-two-halo,scale_dependent_camb
10,0.06779888,0.10256817,2520,2539,2529.51314229249,1.3682501673241719e-06,1.4067176357553816e-06,1.3988110424323234e-06,1.9066011885531978e-08,6.740853147221487e-09,1.0281143531715686,1.022335736430362,5.706617187924594,corrected-two-halo,scale_dependent_camb
10,0.06779888,0.10256817,2540,2559,2549.513039215686,1.355145507719579e-06,1.3936790366031542e-06,1.3858729129313732e-06,1.610599233621024e-08,5.6943281993364125e-09,1.0284349751846344,1.022674616885608,6.767001748874558,corrected-two-halo,scale_dependent_camb
10,0.06779888,0.10256817,2560,2579,2569.512937743191,1.3423895118756572e-06,1.3828668420511484e-06,1.3751323825445244e-06,1.509831239939602e-08,5.338059541042929e-09,1.0301531931063244,1.0243914827843947,7.582779821819476,corrected-two-halo,scale_dependent_camb
10,0.06779888,0.10256817,2580,2599,2589.5128378378377,1.3299710024192494e-06,1.3672377733288749e-06,1.3596230712931139e-06,1.4684573700652156e-08,5.191780821282387e-09,1.0280207394310374,1.0222952747239802,7.17803239244227,corrected-two-halo,scale_dependent_camb
10,0.06779888,0.10256817,2600,2619,2609.5127394636015,1.317879314927645e-06,1.3501849144072614e-06,1.342575524512164e-06,2.1247705695281464e-08,7.512198390894775e-09,1.0245133216021303,1.0187393559522369,4.30041883861491,corrected-two-halo,scale_dependent_camb
10,0.06779888,0.10256817,2620,2639,2629.5126425855515,1.3061042631016353e-06,1.341835309854281e-06,1.3343394125434205e-06,1.4106076222477199e-08,4.987251076423973e-09,1.027356963576395,1.0216178372886822,7.164477225050038,corrected-two-halo,scale_dependent_camb
10,0.06779888,0.10256817,2640,2659,2649.512547169811,1.2946360806213549e-06,1.3277528471146895e-06,1.3203437401589613e-06,1.2763144775998302e-08,4.512453110187029e-09,1.0255799811151876,1.019857054752613,7.338971881740403,corrected-two-halo,scale_dependent_camb
10,0.06779888,0.10256817,2660,2679,2669.5124531835204,1.283465362196444e-06,1.3207655827670025e-06,1.3134045874918189e-06,1.4712910374868538e-08,5.201799348529726e-09,1.029062117038145,1.0233268666044393,7.170638094893305,corrected-two-halo,scale_dependent_camb
10,0.06779888,0.10256817,2680,2699,2689.5123605947956,1.2725830487334514e-06,1.30925963769934e-06,1.3019759507107407e-06,1.1177213758382105e-08,3.9517418216617815e-09,1.0288205858174768,1.0230970403122552,9.2811197241791,corrected-two-halo,scale_dependent_camb
10,0.06779888,0.10256817,2700,2719,2709.512269372694,1.261980461181677e-06,1.2973485956752083e-06,1.2900835643060133e-06,1.4312411125514606e-08,5.060201480990582e-09,1.0280258970574028,1.0222690477299636,6.98947159048846,corrected-two-halo,scale_dependent_camb
10,0.06779888,0.10256817,2720,2739,2729.5121794871793,1.2516493344352964e-06,1.288662215102293e-06,1.2814244152460509e-06,1.7360662739326194e-08,6.137921174435087e-09,1.0295712861811217,1.02378867626226,6.0301981102589215,corrected-two-halo,scale_dependent_camb
10,0.06779888,0.10256817,2740,2759,2749.512090909091,1.2415817953245668e-06,1.279814109231206e-06,1.2726641708117586e-06,1.4155293459704344e-08,5.004651997521263e-09,1.030793230096165,1.025034496804189,7.639355129102913,corrected-two-halo,scale_dependent_camb
10,0.06779888,0.10256817,2760,2779,2769.5120036101084,1.231770287148089e-06,1.2678807277535138e-06,1.2607881620491274e-06,1.481571131971826e-08,5.238144971137537e-09,1.0293158886703064,1.0235578623740174,6.893745935707251,corrected-two-halo,scale_dependent_camb
10,0.06779888,0.10256817,2780,2799,2789.511917562724,1.2222074938991088e-06,1.2599659254313214e-06,1.2529104645806573e-06,1.5129158643703218e-08,5.348965335304807e-09,1.0308936344447988,1.025120915094048,7.059015933977993,corrected-two-halo,scale_dependent_camb
10,0.06779888,0.10256817,2800,2819,2809.5118327402133,1.2128863157734453e-06,1.2495318759014099e-06,1.2425765360505973e-06,1.2321255052279797e-08,4.3562215000980264e-09,1.0302135160166235,1.0244789803389107,8.412235265617214,corrected-two-halo,scale_dependent_camb
10,0.06779888,0.10256817,2820,2839,2829.511749116608,1.2037998911124916e-06,1.2404069703208562e-06,1.2334922449842423e-06,1.0708703845612238e-08,3.786098553475436e-09,1.0304096050171048,1.0246655229751769,9.668813077980024,corrected-two-halo,scale_dependent_camb
10,0.06779888,0.10256817,2840,2859,2849.5116666666668,1.1949416181088217e-06,1.2320118972803568e-06,1.2251454682999368e-06,1.0549793747420525e-08,3.729915349460246e-09,1.0310226697352833,1.0252764233276244,9.938638199094653,corrected-two-halo,scale_dependent_camb
10,0.06779888,0.10256817,2860,2879,2869.5115853658535,1.186305135897357e-06,1.2239569216587968e-06,1.2171262883329926e-06,1.1841245447202935e-08,4.186512476705763e-09,1.031738702482274,1.0259807965952383,8.993592153597701,corrected-two-halo,scale_dependent_camb
10,0.06779888,0.10256817,2880,2899,2889.5115051903113,1.177884274979264e-06,1.214370238933655e-06,1.2076017610448974e-06,1.1113026561490817e-08,3.929048220568189e-09,1.0309758477377018,1.0252295464816834,9.286209256325865,corrected-two-halo,scale_dependent_camb
10,0.06779888,0.10256817,2900,2919,2909.5114261168383,1.1696730181823916e-06,1.2055727758785186e-06,1.198820287466271e-06,1.3960458870513037e-08,4.935767567907829e-09,1.0306921311666344,1.0249191601676617,7.273389032649329,corrected-two-halo,scale_dependent_camb
10,0.06779888,0.10256817,2920,2939,2929.511348122867,1.1616654994019691e-06,1.1984757683715394e-06,1.1917776378174743e-06,1.22374211771284e-08,4.326581749291677e-09,1.0316874943678023,1.025921522530373,8.50793330684127,corrected-two-halo,scale_dependent_camb
10,0.06779888,0.10256817,2940,2959,2949.511271186441,1.153856023565674e-06,1.1885660503591763e-06,1.18192489000142e-06,1.2739431104978679e-08,4.504069061394628e-09,1.030081765908922,1.0243261428310675,7.706370910475086,corrected-two-halo,scale_dependent_camb
10,0.06779888,0.10256817,2960,2979,2969.5111952861953,1.14623907539558e-06,1.1836595133283987e-06,1.1770198336292114e-06,1.4392189308580176e-08,5.088407328108785e-09,1.032646276624189,1.0268536982330747,7.354057079138518,corrected-two-halo,scale_dependent_camb
10,0.06779888,0.10256817,2980,2999,2989.511120401338,1.138809305163273e-06,1.1766531974492189e-06,1.170051667960459e-06,1.4033440118546718e-08,4.961570335599865e-09,1.0332311056068515,1.0274342356139308,7.627402158226278,corrected-two-halo,scale_dependent_camb
10,0.06779888,0.10256817,3000,3019,3009.5110465116277,1.1315615105124446e-06,1.1678127895029684e-06,1.161259931840978e-06,1.398331055316602e-08,4.943846857790553e-09,1.0320365076522502,1.0262455209483787,7.332605566735693,corrected-two-halo,scale_dependent_camb
10,0.06779888,0.10256817,3020,3039,3029.5109735973597,1.1244906310441423e-06,1.161348827791037e-06,1.1548646590929125e-06,1.1381318836387942e-08,4.0239038640280494e-09,1.032777682382885,1.0270113660445233,9.159810470720002,corrected-two-halo,scale_dependent_camb
10,0.06779888,0.10256817,3040,3059,3049.5109016393444,1.1175917516229397e-06,1.1530357861490073e-06,1.1465607463525451e-06,1.4131508994462877e-08,4.996242919191695e-09,1.031714652935293,1.0259209095696504,7.094137554825257,corrected-two-halo,scale_dependent_camb
10,0.06779888,0.10256817,3060,3079,3069.5108306188927,1.1108600980349665e-06,1.142983622582075e-06,1.1365950634661993e-06,1.2128010342495045e-08,4.287899177739414e-09,1.028917704942263,1.0231667025188467,7.4916697467789275,corrected-two-halo,scale_dependent_camb
10,0.06779888,0.10256817,3080,3099,3089.5107605177996,1.1042910218979438e-06,1.1423039037833508e-06,1.1359571108450937e-06,9.81732207886715e-09,3.4709475075296873e-09,1.0344228841234935,1.0286754925279802,10.951730558570523,corrected-two-halo,scale_dependent_camb
10,0.06779888,0.10256817,3100,3119,3109.510691318328,1.0978799869617415e-06,1.132089826439522e-06,1.125756897131642e-06,1.2247787523527399e-08,4.330246806209107e-09,1.0311599080810758,1.0253915824142552,7.900205463745714,corrected-two-halo,scale_dependent_camb
10,0.06779888,0.10256817,3120,3139,3129.5106230031947,1.0916225736277218e-06,1.1279990271115354e-06,1.1216559029014816e-06,1.5165781007096966e-08,5.361913296054206e-09,1.0333232880691776,1.027512557910883,6.784230082680143,corrected-two-halo,scale_dependent_camb
10,0.06779888,0.10256817,3140,3159,3149.5105555555556,1.0855145010866174e-06,1.1228469055120503e-06,1.1165741303451803e-06,1.1391890015298188e-08,4.0276413401743355e-09,1.0343914377818653,1.028612818370894,9.269048873109696,corrected-two-halo,scale_dependent_camb
10,0.06779888,0.10256817,3160,3179,3169.5104889589907,1.079551645711561e-06,1.115171220471881e-06,1.1089722752906284e-06,9.329622200747045e-09,3.2985195620283982e-09,1.0329947852905565,1.0272526374221544,10.798654999764764,corrected-two-halo,scale_dependent_camb
10,0.06779888,0.10256817,3180,3199,3189.510423197492,1.0737300284920324e-06,1.1092319656551469e-06,1.1030472079921433e-06,1.1245337366480348e-08,3.975827154284363e-09,1.0330641187459142,1.0273040510390536,8.929446825890677,corrected-two-halo,scale_dependent_camb
10,0.06779888,0.10256817,3200,3219,3209.5103582554516,1.0680457686781358e-06,1.1043390511069145e-06,1.0982024559085026e-06,8.896115520746731e-09,3.145251805469454e-09,1.0339810179424211,1.0282353885149418,11.539070533451792,corrected-two-halo,scale_dependent_camb
10,0.06779888,0.10256817,3220,3239,3229.510294117647,1.0624950331304669e-06,1.0992693865889e-06,1.0931403103509472e-06,1.0000892126338165e-08,3.5358493202244333e-09,1.0346113179937262,1.0288427486857883,10.40043003192764,corrected-two-halo,scale_dependent_camb
10,0.06779888,0.10256817,3240,3259,3249.510230769231,1.0570740215380505e-06,1.0921906507899777e-06,1.0861139564935287e-06,1.0747457543289141e-08,3.799800054687132e-09,1.033220596227341,1.0274719975742332,9.241704496690598,corrected-two-halo,scale_dependent_camb
10,0.06779888,0.10256817,3260,3279,3269.5101681957185,1.0517790019487754e-06,1.0883404212461808e-06,1.082280361879764e-06,9.239064020947636e-09,3.2665024105143616e-09,1.0347615033478166,1.0289997802527666,11.192834017118725,corrected-two-halo,scale_dependent_camb
10,0.06779888,0.10256817,3280,3299,3289.510106382979,1.04660637169478e-06,1.0803813776787753e-06,1.0743393802294684e-06,1.1289886491557428e-08,3.991577648503328e-09,1.0322709730204518,1.0264980314325625,8.461568071125829,corrected-two-halo,scale_dependent_camb
10,0.06779888,0.10256817,3300,3319,3309.5100453172204,1.041552699668746e-06,1.078386858093083e-06,1.0723428037463635e-06,1.2352048070620728e-08,4.367108476139063e-09,1.0353646612754706,1.0295617342141306,8.434450077343158,corrected-two-halo,scale_dependent_camb
10,0.06779888,0.10256817,3320,3339,3329.509984984985,1.0366147230159495e-06,1.070354937476033e-06,1.0643813199807958e-06,1.0291390155030159e-08,3.6385558832291495e-09,1.0325484615556288,1.0267858408223853,9.272968601526516,corrected-two-halo,scale_dependent_camb
10,0.06779888,0.10256817,3340,3359,3349.509925373134,1.0317893070245441e-06,1.0702045129189467e-06,1.0642544361301216e-06,8.072912475172276e-09,2.8542055775598957e-09,1.0372316379253663,1.0314648823016008,13.459158722282469,corrected-two-halo,scale_dependent_camb
10,0.06779888,0.10256817,3360,3379,3369.5098664688426,1.0270734036820318e-06,1.0653571937930831e-06,1.0594218635653021e-06,9.933698010130992e-09,3.5120926126114686e-09,1.0372746387685678,1.031495762393712,10.900563946855836,corrected-two-halo,scale_dependent_camb
10,0.06779888,0.10256817,3380,3399,3389.509808259587,1.0224640408634655e-06,1.0575707900393108e-06,1.051679597606785e-06,9.312102923546388e-09,3.2923255621733625e-09,1.0343354365266457,1.0285736765066544,10.663207059228434,corrected-two-halo,scale_dependent_camb
10,0.06779888,0.10256817,3400,3419,3409.509750733138,1.0179583461230615e-06,1.0554174315027008e-06,1.049566693564404e-06,6.89814358226003e-09,2.438862052307265e-09,1.0367982496752484,1.0310507277254755,15.359247294942922,corrected-two-halo,scale_dependent_camb
10,0.06779888,0.10256817,3420,3439,3429.509693877551,1.0135535762965237e-06,1.0482110998883342e-06,1.042382698660974e-06,8.9331662421539e-09,3.1583512136468852e-09,1.0341940716330433,1.0284436097298286,10.973296269920585,corrected-two-halo,scale_dependent_camb
10,0.06779888,0.10256817,3440,3459,3449.5096376811593,1.0092471205249498e-06,1.045484647648658e-06,1.039657012363427e-06,9.656539778260963e-09,3.414102380002983e-09,1.035905504595207,1.0301312644049554,10.614071603698212,corrected-two-halo,scale_dependent_camb
10,0.06779888,0.10256817,3460,3479,3469.509582132565,1.0050364696304603e-06,1.0382375535441198e-06,1.0324601017772909e-06,1.0366060817420602e-08,3.6649559490951365e-09,1.0330347056220428,1.0272862059989862,9.059067659969196,corrected-two-halo,scale_dependent_camb
10,0.06779888,0.10256817,3480,3499,3489.5095272206304,1.00091917562549e-06,1.0383107439651015e-06,1.032551233292931e-06,8.349721868458739e-09,2.952072477104392e-09,1.037357230483915,1.0316030089519201,12.666209461187705,corrected-two-halo,scale_dependent_camb
10,0.06779888,0.10256817,3500,3519,3509.509472934473,9.968928307418575e-07,1.032246173167728e-06,1.0264939693740202e-06,1.0084683810544557e-08,3.5654741542791238e-09,1.0354635336273423,1.0296934010550909,9.915467311252538,corrected-two-halo,scale_dependent_camb
10,0.06779888,0.10256817,3520,3539,3529.509419263456,9.92955076474172e-07,1.027378991184794e-06,1.0216720867342233e-06,7.269233688131874e-09,2.570062217453872e-09,1.034668149170309,1.0289207547656847,13.39419508089785,corrected-two-halo,scale_dependent_camb
10,0.06779888,0.10256817,3540,3559,3549.509366197183,9.891036281364579e-07,1.02376914801866e-06,1.0180294082701823e-06,1.2127701689581492e-08,4.287790052455311e-09,1.0350474094888464,1.0292444384095756,8.084705514522975,corrected-two-halo,scale_dependent_camb
10,0.06779888,0.10256817,3560,3579,3569.5093137254903,9.853362900882486e-07,1.019875377141242e-06,1.0141707539876729e-06,1.1744530254693443e-08,4.152318492472151e-09,1.0350530954765709,1.0292635764961442,8.318024524277279,corrected-two-halo,scale_dependent_camb
10,0.06779888,0.10256817,3580,3599,3589.50926183844,9.816509449089057e-07,1.018439830006746e-06,1.0127430632131866e-06,1.1196800705325146e-08,3.958666853164864e-09,1.0374765442733354,1.0316732933081079,9.293251102559514,corrected-two-halo,scale_dependent_camb
10,0.06779888,0.10256817,3600,3619,3609.5092105263157,9.78045522583288e-07,1.0116996998082541e-06,1.0060719830533429e-06,8.65371458131366e-09,3.059550131449897e-09,1.0344096225051735,1.028655578726059,10.999714264860787,corrected-two-halo,scale_dependent_camb
10,0.06779888,0.10256817,3620,3639,3629.5091597796145,9.745179733092238e-07,1.0085557467154548e-06,1.002937680938437e-06,9.102467038112114e-09,3.218208084088052e-09,1.0349278046567443,1.0291628357891716,10.576622927064806,corrected-two-halo,scale_dependent_camb
10,0.06779888,0.10256817,3640,3659,3649.509109589041,9.71066265929126e-07,1.0041033763897739e-06,9.985015570462623e-07,1.0380040763329271e-08,3.669898606371457e-09,1.0340214788833568,1.0282527486328505,9.002186164841422,corrected-two-halo,scale_dependent_camb
10,0.06779888,0.10256817,3660,3679,3669.5090599455043,9.676884172984352e-07,1.0040229135510486e-06,9.984260673389922e-07,8.905658339462551e-09,3.148625701382249e-09,1.037547722596547,1.0317639949916622,11.539795357912018,corrected-two-halo,scale_dependent_camb
10,0.06779888,0.10256817,3680,3699,3689.509010840108,9.643825352935847e-07,1.00045640295543e-06,9.948666756046358e-07,1.002201544195214e-08,3.5433175400803258e-09,1.0374061809931712,1.031610008679565,10.180817060225268,corrected-two-halo,scale_dependent_camb
10,0.06779888,0.10256817,3700,3719,3709.508962264151,9.611468493605116e-07,9.956473715768922e-07,9.901213138917965e-07,7.486485961883816e-09,2.6468724954529695e-09,1.0358951623670567,1.030145720761154,13.034448117787527,corrected-two-halo,scale_dependent_camb
10,0.06779888,0.10256817,3720,3739,3729.508914209115,9.57979708252461e-07,9.940014847591645e-07,9.884719182833498e-07,7.979083234481532e-09,2.8210319313768908e-09,1.0376018157758415,1.0318297034563628,12.769007009829204,corrected-two-halo,scale_dependent_camb
10,0.06779888,0.10256817,3740,3759,3749.5088666666666,9.548795439120033e-07,9.893575243429353e-07,9.83842358563813e-07,8.944752100373049e-09,3.162447433103198e-09,1.036107151578178,1.0303313803677825,10.902309417077019,corrected-two-halo,scale_dependent_camb
10,0.06779888,0.10256817,3760,3779,3769.5088196286474,9.51844820039529e-07,9.849777948629523e-07,9.794731683480928e-07,9.815292664222238e-09,3.470230001101059e-09,1.0348092190301013,1.0290261056496757,9.547774877431939,corrected-two-halo,scale_dependent_camb
10,0.06779888,0.10256817,3780,3799,3789.5087730870714,9.488739936803885e-07,9.83543047591464e-07,9.7805623182484e-07,9.074439528934973e-09,3.2082988631885894e-09,1.0365370472180453,1.030754597911639,10.806054980993723,corrected-two-halo,scale_dependent_camb
10,0.06779888,0.10256817,3800,3819,3809.5087270341205,9.459655105268392e-07,9.787843319856671e-07,9.733195213542978e-07,9.77519897905497e-09,3.4560547427687926e-09,1.0346934651354784,1.028916499093317,9.49603634823659,corrected-two-halo,scale_dependent_camb
10,0.06779888,0.10256817,3820,3839,3829.508681462141,9.43117831242565e-07,9.755428112982308e-07,9.700939482187258e-07,9.603884481829372e-09,3.3954859214169003e-09,1.034380624542901,1.0286031247448895,9.549437343016612,corrected-two-halo,scale_dependent_camb
10,0.06779888,0.10256817,3840,3859,3849.5086363636365,9.403294639656291e-07,9.739048883040031e-07,9.68483263660695e-07,8.49587097575694e-09,3.003743989521851e-09,1.035706021798761,1.0299403568365642,11.177858184817795,corrected-two-halo,scale_dependent_camb
10,0.06779888,0.10256817,3860,3879,3869.5085917312663,9.375989752447028e-07,9.723794421712599e-07,9.669263989527414e-07,1.1662358763821007e-08,4.123266483264098e-09,1.0370952484429494,1.0312792830222373,8.435173197688615,corrected-two-halo,scale_dependent_camb
10,0.06779888,0.10256817,3880,3899,3889.5085475578408,9.349249696723677e-07,9.683043953286078e-07,9.629214796336808e-07,8.008993681120046e-09,2.831606871200097e-09,1.0357027855058116,1.029945194394716,11.788156751467795,corrected-two-halo,scale_dependent_camb
10,0.06779888,0.10256817,3900,3919,3909.5085038363172,9.323060532204237e-07,9.650452516695959e-07,9.596536967175092e-07,9.522130482562119e-09,3.366581517781403e-09,1.0351163637049041,1.0293333325495633,9.724760347032229,corrected-two-halo,scale_dependent_camb
10,0.06779888,0.10256817,3920,3939,3929.5084605597963,9.297408094354482e-07,9.639109744041963e-07,9.585291734047145e-07,9.327715236050334e-09,3.2978453481941343e-09,1.0367523557339564,1.030963859687677,10.361360634287875,corrected-two-halo,scale_dependent_camb
10,0.06779888,0.10256817,3940,3959,3949.508417721519,9.272278112640544e-07,9.607639681130977e-07,9.554095814433802e-07,9.645984836670885e-09,3.410370644616297e-09,1.0361681956059154,1.0303935773247639,9.833581256625083,corrected-two-halo,scale_dependent_camb
10,0.06779888,0.10256817,3960,3979,3969.5083753148615,9.24765667139458e-07,9.577859957169163e-07,9.524415175229214e-07,1.0055877294481233e-08,3.555289512853756e-09,1.0357066981947964,1.029927419850125,9.287662357193948,corrected-two-halo,scale_dependent_camb
10,0.06779888,0.10256817,3980,3999,3989.508333333333,9.223530741730908e-07,9.547750774695202e-07,9.494619461972112e-07,7.803791559064562e-09,2.7590569651904457e-09,1.0351514015665815,1.029390992216754,11.751117757074427,corrected-two-halo,scale_dependent_camb
10,0.06779888,0.10256817,4000,4019,4009.5082917705736,9.199888432097972e-07,9.528034201280605e-07,9.475000030096055e-07,8.692406943586143e-09,3.0732299473213966e-09,1.0356684509387906,1.029903797206739,10.677553414727145,corrected-two-halo,scale_dependent_camb
10,0.06779888,0.10256817,4020,4039,4029.5082506203476,9.17671878635593e-07,9.518310902241161e-07,9.465482300873626e-07,6.702041550894322e-09,2.3695295142156903e-09,1.0372237750592417,1.0314669677953991,14.416031276921977,corrected-two-halo,scale_dependent_camb
10,0.06779888,0.10256817,4040,4059,4049.5082098765433,9.154011266352925e-07,9.47471383150809e-07,9.421999541503947e-07,7.523983836198714e-09,2.660129996057042e-09,1.0350341020809053,1.029275502001626,12.055898231685068,corrected-two-halo,scale_dependent_camb
10,0.06779888,0.10256817,4060,4079,4069.5081695331696,9.131755239764896e-07,9.462114814819267e-07,9.409545557787845e-07,7.314538736295155e-09,2.5860799708429917e-09,1.036177007199645,1.030420254455933,12.774530516420288,corrected-two-halo,scale_dependent_camb
10,0.06779888,0.10256817,4080,4096,4088.005870123517,9.111558363869333e-07,9.453494510495057e-07,9.400775758557509e-07,8.617542526332532e-09,3.0467613787665925e-09,1.037527734880306,1.0317418144227697,11.222938199516912,corrected-two-halo,scale_dependent_camb
11,0.03362193,0.06779888,20,39,30.608333333333334,0.0005058552871248328,0.0004660384366897645,0.0004752169606017283,3.568895978804259e-05,1.2617952739809461e-05,0.9212880611342854,0.9394326256877814,-3.1555713716890677,corrected-two-halo,scale_dependent_camb
11,0.03362193,0.06779888,40,59,50.165,0.0002477638632635129,0.00022520959124719715,0.00022974777120034605,1.1391215257669514e-05,4.0274027773268895e-06,0.9089686780015703,0.9272852310830916,-5.600202727000576,corrected-two-halo,scale_dependent_camb
11,0.03362193,0.06779888,60,79,69.975,0.00015922822441517327,0.00013371905666444324,0.0001363950300906767,6.44221917765126e-06,2.277668433203615e-06,0.8397949368309404,0.8566008356347612,-11.199684457518057,corrected-two-halo,scale_dependent_camb
11,0.03362193,0.06779888,80,99,89.86944444444444,0.00011913954878141774,9.083645718574226e-05,9.2661404704165e-05,4.8391011660579135e-06,1.7108806246836399e-06,0.7624374786948167,0.777755209348396,-16.54299615492403,corrected-two-halo,scale_dependent_camb
11,0.03362193,0.06779888,100,119,109.80227272727272,9.664877631922477e-05,6.933476959980887e-05,7.071740938106627e-05,4.089267770450084e-06,1.4457744852864243e-06,0.7173890062591226,0.7316948240243742,-18.892300975974603,corrected-two-halo,scale_dependent_camb
11,0.03362193,0.06779888,120,139,129.75576923076923,8.186946062304502e-05,5.6218530972852616e-05,5.7352918091686716e-05,3.223394254885817e-06,1.1396419680337598e-06,0.6866850049458851,0.7005410522460769,-22.507884379204032,corrected-two-halo,scale_dependent_camb
11,0.03362193,0.06779888,140,159,149.72166666666666,7.122155519056879e-05,4.873484517898844e-05,4.969979262163205e-05,3.341600025118635e-06,1.1814340188872621e-06,0.6842710054363141,0.697819536355945,-19.033403179603322,corrected-two-halo,scale_dependent_camb
11,0.03362193,0.06779888,160,179,169.6955882352941,6.316200323377256e-05,4.40859920571955e-05,4.4972301060979344e-05,2.703814289480857e-06,9.559427095805003e-07,0.6979828029523744,0.7120151160267946,-19.95518244492732,corrected-two-halo,scale_dependent_camb
11,0.03362193,0.06779888,180,199,189.675,5.6869460109911746e-05,4.051141532298316e-05,4.1327882609313976e-05,2.6566016941556297e-06,9.392505364245581e-07,0.7123580080536486,0.726714875250081,-17.416061159995397,corrected-two-halo,scale_dependent_camb
11,0.03362193,0.06779888,200,219,209.65833333333333,5.182563527320581e-05,3.747485155563671e-05,3.8233140200368525e-05,1.9685455882898734e-06,6.959859672773154e-07,0.7230948807107329,0.7377264166433731,-20.61935784956859,corrected-two-halo,scale_dependent_camb
11,0.03362193,0.06779888,220,239,229.64456521739132,4.768022755153358e-05,3.553798646914255e-05,3.625178923503655e-05,2.0067240912675146e-06,7.094841064528359e-07,0.7453401188308614,0.7603107429773698,-17.114183350910913,corrected-two-halo,scale_dependent_camb
11,0.03362193,0.06779888,240,259,249.633,4.419226740206518e-05,3.355535617800392e-05,3.423240363969695e-05,1.6065081977437953e-06,5.679864203282083e-07,0.7593037911522915,0.7746242872819242,-18.727404112786303,corrected-two-halo,scale_dependent_camb
11,0.03362193,0.06779888,260,279,269.6231481481482,4.11947155971251e-05,3.229685736654093e-05,3.2942952564325274e-05,1.8019790264509468e-06,6.370957945796988e-07,0.7840048632061649,0.7996887971384441,-13.966279963367537,corrected-two-halo,scale_dependent_camb
11,0.03362193,0.06779888,280,299,289.6146551724138,3.857106871189243e-05,3.103394325621587e-05,3.1664317334347046e-05,1.4563713618571035e-06,5.149050329475225e-07,0.8045912206380562,0.8209344047701779,-14.637894317192897,corrected-two-halo,scale_dependent_camb
11,0.03362193,0.06779888,300,319,309.60725806451615,3.6242837384081194e-05,2.9887358355307726e-05,3.0488128727421975e-05,1.7113478394280566e-06,6.050528311142628e-07,0.8246417916615723,0.8412180427356154,-10.504006760978616,corrected-two-halo,scale_dependent_camb
11,0.03362193,0.06779888,320,339,329.6007575757576,3.4200436095380955e-05,2.8426178234277647e-05,2.9006270477677337e-05,9.323619503376885e-07,3.296397288020473e-07,0.831164203725368,0.8481257489460746,-17.516874807802132,corrected-two-halo,scale_dependent_camb
11,0.03362193,0.06779888,340,359,349.595,3.2284442038371745e-05,2.7191780748046334e-05,2.774814306095178e-05,1.1497663801372807e-06,4.065038020876905e-07,0.8422564873733138,0.8594896274797521,-12.52795487808704,corrected-two-halo,scale_dependent_camb
11,0.03362193,0.06779888,360,379,369.58986486486486,3.053189572985189e-05,2.607744971025389e-05,2.6607633059410114e-05,1.1652753792503214e-06,4.1198706130881403e-07,0.8541051607469377,0.8714700618276736,-10.812101733115046,corrected-two-halo,scale_dependent_camb
11,0.03362193,0.06779888,380,399,389.5852564102564,2.891904393983632e-05,2.510302359229609e-05,2.561442620215459e-05,1.0583744331121349e-06,3.741918693440293e-07,0.8680447266694173,0.8857286657001278,-10.198031171093696,corrected-two-halo,scale_dependent_camb
11,0.03362193,0.06779888,400,419,409.5810975609756,2.742756035824124e-05,2.3874335698965623e-05,2.4359157156810367e-05,1.0146923701188767e-06,3.587479278646539e-07,0.8704505755209114,0.8881270094257983,-9.904516188916231,corrected-two-halo,scale_dependent_camb
11,0.03362193,0.06779888,420,439,429.57732558139537,2.6042939871062836e-05,2.295255395054444e-05,2.34218038956135e-05,9.723933579009489e-07,3.437929686762592e-07,0.8813349823092659,0.899353299265504,-8.989089952646857,corrected-two-halo,scale_dependent_camb
11,0.03362193,0.06779888,440,459,449.5738888888889,2.47534045686869e-05,2.18848004420451e-05,2.2332527694583856e-05,8.60482417306655e-07,3.0422647618466413e-07,0.8841127442214317,0.9022002461364261,-9.429173169335101,corrected-two-halo,scale_dependent_camb
11,0.03362193,0.06779888,460,479,469.5707446808511,2.3549211745996053e-05,2.100837674454756e-05,2.1436659540695962e-05,7.528652820321511e-07,2.661780731224283e-07,0.8921053057378662,0.9102920204681892,-9.545620988396893,corrected-two-halo,scale_dependent_camb
11,0.03362193,0.06779888,480,499,489.5678571428571,2.2422238167312098e-05,2.018254159399546e-05,2.0595491831351e-05,7.684415231894731e-07,2.71685105996298e-07,0.9001127114695558,0.9185297059851861,-8.243722323693216,corrected-two-halo,scale_dependent_camb
11,0.03362193,0.06779888,500,519,509.56519607843137,2.1365658811099278e-05,1.9199451639790874e-05,1.959280040888389e-05,6.685739443172474e-07,2.363765848756814e-07,0.8986126666881399,0.917022993866475,-9.164220611985266,corrected-two-halo,scale_dependent_camb
11,0.03362193,0.06779888,520,539,529.5627358490566,2.037363569595598e-05,1.8372034153085524e-05,1.8747908241631594e-05,5.536379206351221e-07,1.9574056400155723e-07,0.901755309030692,0.9202043524000441,-10.225788165474649,corrected-two-halo,scale_dependent_camb
11,0.03362193,0.06779888,540,559,549.5604545454545,1.9441064069408672e-05,1.7743585832210436e-05,1.810428655888589e-05,6.86357133461017e-07,2.426638916930227e-07,0.9126859398673919,0.9312394884482554,-6.995182618045204,corrected-two-halo,scale_dependent_camb
11,0.03362193,0.06779888,560,579,569.5583333333333,1.8563418295191194e-05,1.7007513444701633e-05,1.7356383891181343e-05,5.734022715538385e-07,2.0272831728174468e-07,0.9161843564720721,0.9349777942394085,-7.674827430877448,corrected-two-halo,scale_dependent_camb
11,0.03362193,0.06779888,580,599,589.5563559322034,1.773666494579349e-05,1.6130838622687163e-05,1.6460662754660026e-05,5.209936629200759e-07,1.84199076003002e-07,0.9094628935025819,0.9280585050778621,-8.717884790476125,corrected-two-halo,scale_dependent_camb
11,0.03362193,0.06779888,600,619,609.5545081967213,1.695719959870555e-05,1.570319642045439e-05,1.6025188732582043e-05,4.921951758461047e-07,1.7401727325404292e-07,0.9260489227037886,0.9450374538143284,-7.206199446766842,corrected-two-halo,scale_dependent_camb
11,0.03362193,0.06779888,620,639,629.5527777777778,1.622179327631444e-05,1.506237497348379e-05,1.537218116725803e-05,4.555643202404133e-07,1.6106631005431809e-07,0.9285271188529121,0.9476252659256276,-7.198391162246464,corrected-two-halo,scale_dependent_camb
11,0.03362193,0.06779888,640,659,649.5511538461539,1.5527532988871678e-05,1.4416487673974429e-05,1.471024696110727e-05,5.122420898530674e-07,1.8110492767213635e-07,0.9284467586902879,0.9473653652289682,-6.134815486128749,corrected-two-halo,scale_dependent_camb
11,0.03362193,0.06779888,660,679,669.5496268656716,1.487176491324847e-05,1.3861989999699887e-05,1.41457226065427e-05,4.109136189256003e-07,1.452799032120984e-07,0.9321012052410117,0.9511798155134246,-6.9505478130335865,corrected-two-halo,scale_dependent_camb
11,0.03362193,0.06779888,680,699,689.5481884057971,1.4252061076607834e-05,1.3304592641560741e-05,1.357742776419857e-05,3.4287318868192936e-07,1.212239784020234e-07,0.9335206023918752,0.9526641579219337,-7.815850028489724,corrected-two-halo,scale_dependent_camb
11,0.03362193,0.06779888,700,719,709.5468309859154,1.366620404048141e-05,1.2753679081639372e-05,1.3015291945630522e-05,3.389706443055409e-07,1.1984422060581057e-07,0.933227620768796,0.9523706734567415,-7.61425919605667,corrected-two-halo,scale_dependent_camb
11,0.03362193,0.06779888,720,739,729.5455479452055,1.311217128745638e-05,1.2297893947295523e-05,1.2551161015646965e-05,3.0395167062416284e-07,1.0746314372566274e-07,0.9378991227074781,0.9572145406347689,-7.577270791924584,corrected-two-halo,scale_dependent_camb
11,0.03362193,0.06779888,740,759,749.5443333333334,1.2588109291249301e-05,1.1771147421813099e-05,1.2013778719007429e-05,2.652300149700503e-07,9.377297107976603e-08,0.9351005102883784,0.9543751520618652,-8.712125253462114,corrected-two-halo,scale_dependent_camb
11,0.03362193,0.06779888,760,779,769.5431818181818,1.209230670868681e-05,1.1318863896853377e-05,1.155283885016245e-05,2.877974781229654e-07,1.0175177419456794e-07,0.9360384391112234,0.9553875144320629,-7.601271014247565,corrected-two-halo,scale_dependent_camb
11,0.03362193,0.06779888,780,799,789.5420886075949,1.1623172810989792e-05,1.0925703283104602e-05,1.115055649889719e-05,3.014071772325001e-07,1.0656352945969819e-07,0.9399931895337796,0.9593384422843874,-6.545105360356607,corrected-two-halo,scale_dependent_camb
11,0.03362193,0.06779888,800,819,809.5410493827161,1.1179219813368078e-05,1.0522517540225433e-05,1.0738381641668568e-05,3.298380180173206e-07,1.1661534961658902e-07,0.9412568780195767,0.9605662846728931,-5.631353636564726,corrected-two-halo,scale_dependent_camb
11,0.03362193,0.06779888,820,839,829.5400602409638,1.0759050203799759e-05,1.021597731312354e-05,1.0425779435424775e-05,2.8026968717105617e-07,9.909029817984306e-08,0.9495240861982014,0.9690241459922472,-5.480585896417171,corrected-two-halo,scale_dependent_camb
11,0.03362193,0.06779888,840,859,849.5391176470588,1.0361351107302762e-05,9.775844830336902e-06,9.975921079057445e-06,2.578997566668517e-07,9.118133340274567e-08,0.9434913197224646,0.9628011806323538,-6.4213392710511625,corrected-two-halo,scale_dependent_camb
11,0.03362193,0.06779888,860,879,869.5382183908046,9.984890389015208e-06,9.477510607577352e-06,9.672067538604514e-06,2.8062117229202366e-07,9.921456693610421e-08,0.949185242734758,0.9686703771175251,-5.113964583090067,corrected-two-halo,scale_dependent_camb
11,0.03362193,0.06779888,880,899,889.5373595505617,9.62851052399807e-06,9.132700537176027e-06,9.3205518336576e-06,2.2012688014825484e-07,7.78266048371347e-08,0.9485060554707514,0.9680159574450364,-6.370700454678821,corrected-two-halo,scale_dependent_camb
11,0.03362193,0.06779888,900,919,909.5365384615385,9.291120340919648e-06,8.826169056435258e-06,9.007736190580116e-06,1.728335185813466e-07,6.110587650260068e-08,0.9499574575052412,0.9694994640106576,-7.608945507304874,corrected-two-halo,scale_dependent_camb
11,0.03362193,0.06779888,920,939,929.535752688172,8.971681124060673e-06,8.534371791661033e-06,8.709556397402077e-06,1.890363782668937e-07,6.683445248173292e-08,0.9512567013525656,0.9707830981692364,-6.543172213749556,corrected-two-halo,scale_dependent_camb
11,0.03362193,0.06779888,940,959,949.535,8.669194682364454e-06,8.271595153250177e-06,8.441463078316076e-06,1.7685296201084324e-07,6.252696435539705e-08,0.9541365093665384,0.973730938986565,-6.358849069568785,corrected-two-halo,scale_dependent_camb
11,0.03362193,0.06779888,960,979,969.5342783505155,8.38270008131798e-06,8.051858695362057e-06,8.217457442008419e-06,1.9177525866379054e-07,6.780279293248525e-08,0.9605328375408242,0.9802876593810355,-4.879465456317694,corrected-two-halo,scale_dependent_camb
11,0.03362193,0.06779888,980,999,989.5335858585859,8.111275835417328e-06,7.793011192561192e-06,7.953144495438364e-06,1.8587265359413374e-07,6.571590689677503e-08,0.9607626901964724,0.9805047512638523,-4.843038130114506,corrected-two-halo,scale_dependent_camb
11,0.03362193,0.06779888,1000,1019,1009.5329207920792,7.854044292064224e-06,7.539392416442273e-06,7.695162387927754e-06,1.5324020819763653e-07,5.417859518349358e-08,0.959937598526166,0.979770689057992,-5.807678743907621,corrected-two-halo,scale_dependent_camb
11,0.03362193,0.06779888,1020,1039,1029.532281553398,7.610174921983603e-06,7.297250074895388e-06,7.447306144938121e-06,1.6725768129300543e-07,5.913452032391124e-08,0.9588807287222446,0.9785985501364758,-5.291745758216337,corrected-two-halo,scale_dependent_camb
11,0.03362193,0.06779888,1040,1059,1049.5316666666668,7.378885201195476e-06,7.089613887083506e-06,7.235690015380675e-06,1.594194916181999e-07,5.636330178827055e-08,0.960797423157484,0.980593926872368,-5.132263457499727,corrected-two-halo,scale_dependent_camb
11,0.03362193,0.06779888,1060,1079,1069.5310747663552,7.159438394911646e-06,6.886173990681684e-06,7.027697617331975e-06,1.5829871916522685e-07,5.5967048887438394e-08,0.961831586619395,0.9815990067498448,-4.88259448482901,corrected-two-halo,scale_dependent_camb
11,0.03362193,0.06779888,1080,1099,1089.530504587156,6.95113922426243e-06,6.710912716948994e-06,6.849133682268481e-06,1.4716832659507577e-07,5.20318608556273e-08,0.9654406997812757,0.9853253490251057,-4.616911703004273,corrected-two-halo,scale_dependent_camb
11,0.03362193,0.06779888,1100,1119,1109.529954954955,6.753330623056739e-06,6.514224411920343e-06,6.64810264382878e-06,1.391599864280695e-07,4.9200485036557925e-08,0.9645943276758794,0.9844183581255895,-4.8598344296551375,corrected-two-halo,scale_dependent_camb
11,0.03362193,0.06779888,1120,1139,1129.529424778761,6.5653914978888e-06,6.332852593275582e-06,6.463830503542448e-06,1.1236305068260769e-07,3.972633754623981e-08,0.9645811061399774,0.9845308548044681,-5.853519830327997,corrected-two-halo,scale_dependent_camb
11,0.03362193,0.06779888,1140,1159,1149.5289130434783,6.386736054995026e-06,6.174418387401627e-06,6.302049008359814e-06,1.0435948399547373e-07,3.6896649407164225e-08,0.9667564675030924,0.9867401680755261,-5.754388840309517,corrected-two-halo,scale_dependent_camb
11,0.03362193,0.06779888,1160,1179,1169.5284188034188,6.216814416168976e-06,6.060220735691188e-06,6.185117718211242e-06,1.1065612226343601e-07,3.9122847216141645e-08,0.9748112666721219,0.9949014566245863,-4.002614625992249,corrected-two-halo,scale_dependent_camb
11,0.03362193,0.06779888,1180,1199,1189.5279411764707,6.055112105614092e-06,5.897297315903318e-06,6.0189609848260945e-06,1.0484034351247148e-07,3.706665891979782e-08,0.9739369334608267,0.9940296529350002,-4.257594137422588,corrected-two-halo,scale_dependent_camb
11,0.03362193,0.06779888,1200,1219,1209.527479338843,5.901147788426345e-06,5.744283743911315e-06,5.8631123898767365e-06,8.741684007364105e-08,3.090652020298576e-08,0.9734180450754546,0.9935545761751289,-5.075435328364001,corrected-two-halo,scale_dependent_camb
11,0.03362193,0.06779888,1220,1239,1229.5270325203253,5.7544713271066825e-06,5.613639818306145e-06,5.729546273867031e-06,1.0130928342039457e-07,3.5818240651855434e-08,0.9755265947477842,0.9956685763430185,-3.9318376960327415,corrected-two-halo,scale_dependent_camb
11,0.03362193,0.06779888,1240,1259,1249.5266,5.614664226333188e-06,5.465725903482353e-06,5.5784543824777765e-06,1.0158643718725061e-07,3.591622930584308e-08,0.9734733339613963,0.9935508442899248,-4.146825146441676,corrected-two-halo,scale_dependent_camb
11,0.03362193,0.06779888,1260,1279,1269.5261811023622,5.481339172042323e-06,5.326208129198491e-06,5.43604129975218e-06,9.796587344385668e-08,3.4636166718507086e-08,0.9716983317443518,0.9917359844249037,-4.478874469701071,corrected-two-halo,scale_dependent_camb
11,0.03362193,0.06779888,1280,1299,1289.5257751937984,5.354138470214217e-06,5.246639371020055e-06,5.354915858385449e-06,9.028972911012674e-08,3.192223986263352e-08,0.9799222414974521,1.0001451938861043,-3.367529962081238,corrected-two-halo,scale_dependent_camb
11,0.03362193,0.06779888,1300,1319,1309.5253816793893,5.232731940684233e-06,5.128007300278809e-06,5.233874610476848e-06,9.63889756343683e-08,3.407864915134336e-08,0.9799866223623658,1.0002183696404798,-3.073027922566471,corrected-two-halo,scale_dependent_camb
11,0.03362193,0.06779888,1320,1339,1329.525,5.116813665929735e-06,5.01443359322221e-06,5.1177631591764796e-06,8.647402492200386e-08,3.057318470942172e-08,0.9799914401047624,1.000185563381576,-3.3486885216761584,corrected-two-halo,scale_dependent_camb
11,0.03362193,0.06779888,1340,1359,1349.5246296296295,5.006097627416423e-06,4.918204702108627e-06,5.019621860983991e-06,8.417814935737659e-08,2.9761470119167502e-08,0.9824428263591104,1.002701552101881,-2.9532454195261493,corrected-two-halo,scale_dependent_camb
11,0.03362193,0.06779888,1360,1379,1369.5242700729927,4.90031396252988e-06,4.7926684577299265e-06,4.891252514565003e-06,1.0003231926982732e-07,3.5366765646756324e-08,0.9780329371499332,0.9981508433879613,-3.0436909576385385,corrected-two-halo,scale_dependent_camb
11,0.03362193,0.06779888,1380,1399,1389.5239208633093,4.799208073848039e-06,4.708650637001852e-06,4.805750111136875e-06,8.599870074832457e-08,3.040513223618646e-08,0.9811307541884557,1.0013631493338422,-2.9783602367764166,corrected-two-halo,scale_dependent_camb
11,0.03362193,0.06779888,1400,1419,1409.5235815602837,4.702540534707428e-06,4.601894221543952e-06,4.69674214396803e-06,9.893881408979399e-08,3.498015318272423e-08,0.9785974597304056,0.9987669663458291,-2.877240492279557,corrected-two-halo,scale_dependent_camb
11,0.03362193,0.06779888,1420,1439,1429.5232517482518,4.610087243463064e-06,4.524070829890447e-06,4.617732937160567e-06,7.186542518081845e-08,2.5408264739105594e-08,0.9813416950634535,1.001658470500389,-3.3853714315338506,corrected-two-halo,scale_dependent_camb
11,0.03362193,0.06779888,1440,1459,1449.5229310344828,4.521639891157924e-06,4.442197259910003e-06,4.53402659748899e-06,7.335558955740148e-08,2.5935117406987838e-08,0.982430570952085,1.0027394278689217,-3.063129809719565,corrected-two-halo,scale_dependent_camb
11,0.03362193,0.06779888,1460,1479,1469.522619047619,4.43700420972885e-06,4.353201220384619e-06,4.442823859914341e-06,9.5504722780861e-08,3.376601855684408e-08,0.9811127090750827,1.0013116170078744,-2.481873579591609,corrected-two-halo,scale_dependent_camb
11,0.03362193,0.06779888,1480,1499,1489.5223154362416,4.355996948173302e-06,4.297552371007259e-06,4.386259659376859e-06,6.982810423833203e-08,2.4687963012162838e-08,0.9865829618658132,1.0069473674025982,-2.3673308785033864,corrected-two-halo,scale_dependent_camb
11,0.03362193,0.06779888,1500,1519,1509.5220198675497,4.278443233991478e-06,4.223410639641859e-06,4.310554082893697e-06,7.382420960383993e-08,2.610079961330613e-08,0.987137238631006,1.0075052646829818,-2.1084639231345195,corrected-two-halo,scale_dependent_camb
11,0.03362193,0.06779888,1520,1539,1529.5217320261438,4.204174537000911e-06,4.139070244146261e-06,4.2245905796949965e-06,6.590375274221824e-08,2.330049523483202e-08,0.9845143696386371,1.0048561358512602,-2.7941162708561276,corrected-two-halo,scale_dependent_camb
11,0.03362193,0.06779888,1540,1559,1549.5214516129033,4.133028097984633e-06,4.0777397458655936e-06,4.162062087023384e-06,7.265364847395382e-08,2.56869437569382e-08,0.9866227979079069,1.0070248709542788,-2.152391216417328,corrected-two-halo,scale_dependent_camb
11,0.03362193,0.06779888,1560,1579,1569.521178343949,4.0648475452327854e-06,4.00424529659662e-06,4.087210716674941e-06,4.980835697679466e-08,1.7609913489025895e-08,0.985091138606849,1.005501601522149,-3.441371172773298,corrected-two-halo,scale_dependent_camb
11,0.03362193,0.06779888,1580,1599,1589.5209119496856,3.999484053574217e-06,3.9526029413707044e-06,4.033951987142162e-06,7.890886844375707e-08,2.7898497986168898e-08,0.9882782099952077,1.0086180950108157,-1.6804170685731838,corrected-two-halo,scale_dependent_camb
11,0.03362193,0.06779888,1600,1619,1609.520652173913,3.936797663352612e-06,3.899287685495002e-06,3.9800421619615424e-06,4.8875214348550916e-08,1.72799977489032e-08,0.9904719568885169,1.0109846891577616,-2.170716593987452,corrected-two-halo,scale_dependent_camb
11,0.03362193,0.06779888,1620,1639,1629.520398773006,3.876657143497497e-06,3.825271180773359e-06,3.904114116190995e-06,7.377635024502994e-08,2.6083878774727238e-08,0.9867447749898828,1.0070826414813479,-1.9700276622173831,corrected-two-halo,scale_dependent_camb
11,0.03362193,0.06779888,1640,1659,1649.5201515151516,3.81893859933117e-06,3.7834589672785343e-06,3.8618971512382735e-06,5.4226191212224876e-08,1.9171853762041288e-08,0.9907095568232362,1.0112488197413352,-1.850610404867725,corrected-two-halo,scale_dependent_camb
11,0.03362193,0.06779888,1660,1679,1669.5199101796406,3.763524693348856e-06,3.722826272104695e-06,3.799727070643895e-06,5.8687790149893804e-08,2.0749267193921488e-08,0.989186088956428,1.0096192745484087,-1.9614389686052944,corrected-two-halo,scale_dependent_camb
11,0.03362193,0.06779888,1680,1699,1689.519674556213,3.710304047655426e-06,3.6677482854336667e-06,3.7436651922191077e-06,5.054427897410514e-08,1.7870101206387187e-08,0.9885303841207702,1.0089914853702524,-2.381394583627137,corrected-two-halo,scale_dependent_camb
11,0.03362193,0.06779888,1700,1719,1709.5194444444444,3.6591705669432277e-06,3.613053270798946e-06,3.68756519610271e-06,6.70840408203175e-08,2.371779008672083e-08,0.9873967897094212,1.0077598539450436,-1.9444179232407524,corrected-two-halo,scale_dependent_camb
11,0.03362193,0.06779888,1720,1739,1729.519219653179,3.610024013707269e-06,3.57872489387649e-06,3.652657585909537e-06,7.025070731409453e-08,2.4837375762473813e-08,0.9913299413765847,1.011809775237059,-1.2601621093186586,corrected-two-halo,scale_dependent_camb
11,0.03362193,0.06779888,1740,1759,1749.519,3.562770568634348e-06,3.5254441255545885e-06,3.598377572977456e-06,5.332989893921292e-08,1.885496658995536e-08,0.9895231976461322,1.009994189537935,-1.9796610565008643,corrected-two-halo,scale_dependent_camb
11,0.03362193,0.06779888,1760,1779,1769.5187853107345,3.51732193003713e-06,3.4776353153686044e-06,3.5494904113056177e-06,5.7450843788064044e-08,2.031194061371456e-08,0.9887168091354929,1.009145731300219,-1.9538563755808391,corrected-two-halo,scale_dependent_camb
11,0.03362193,0.06779888,1780,1799,1789.5185754189945,3.4735946917972537e-06,3.441984984336617e-06,3.5133812045165653e-06,3.83056365635285e-08,1.354308768586918e-08,0.9909000012191169,1.011453988231058,-2.334010396581743,corrected-two-halo,scale_dependent_camb
11,0.03362193,0.06779888,1800,1819,1809.5183701657459,3.4315107637551115e-06,3.3968316771484585e-06,3.4674313308370523e-06,4.0624437742009766e-08,1.4362907704632911e-08,0.9898939304014586,1.0104678579071782,-2.4144892747216455,corrected-two-halo,scale_dependent_camb
11,0.03362193,0.06779888,1820,1839,1829.518169398907,3.3909973172797747e-06,3.36470349063345e-06,3.434383950291599e-06,4.55717585153373e-08,1.6112049738395398e-08,0.9922459901361947,1.0127946527090232,-1.6319355434750038,corrected-two-halo,scale_dependent_camb
11,0.03362193,0.06779888,1840,1859,1849.517972972973,3.351986130862319e-06,3.3238815274397804e-06,3.3925781806461366e-06,5.294016253885898e-08,1.8717173964172608e-08,0.9916155370800092,1.012109850160202,-1.5015409631996228,corrected-two-halo,scale_dependent_camb
11,0.03362193,0.06779888,1860,1879,1869.5177807486632,3.3144131547715835e-06,3.291023984185933e-06,3.3589410547579164e-06,5.518222634412555e-08,1.950986322445106e-08,0.9929431940155142,1.0134346256507667,-1.1988382653722311,corrected-two-halo,scale_dependent_camb
11,0.03362193,0.06779888,1880,1899,1889.5175925925926,3.2782179109980214e-06,3.2553381684974577e-06,3.3230576511505294e-06,3.1100705421797106e-08,1.0995759851718979e-08,0.9930206767451898,1.0136780840596582,-2.0807786646037796,corrected-two-halo,scale_dependent_camb
11,0.03362193,0.06779888,1900,1919,1909.5174083769634,3.2433424097415968e-06,3.2245969399244382e-06,3.2912668370502143e-06,5.019075111149284e-08,1.7745110231891416e-08,0.9942203235277116,1.014776246616661,-1.056373816346842,corrected-two-halo,scale_dependent_camb
11,0.03362193,0.06779888,1920,1939,1929.5172279792746,3.2097308673320198e-06,3.1820348343093133e-06,3.2479371374204445e-06,4.265716279300304e-08,1.5081584538555468e-08,0.991371228876355,1.011903262817852,-1.83641400224908,corrected-two-halo,scale_dependent_camb
11,0.03362193,0.06779888,1940,1959,1949.5170512820512,3.1773305989704917e-06,3.147464984998229e-06,3.2124180809859924e-06,5.27324793979196e-08,1.8643746885524427e-08,0.9906004071524884,1.0110430693069425,-1.6019105041299995,corrected-two-halo,scale_dependent_camb
11,0.03362193,0.06779888,1960,1979,1969.5168781725888,3.1460920643254667e-06,3.13454375124836e-06,3.199505865932153e-06,4.229897418287241e-08,1.495494574097189e-08,0.9963293149593248,1.0169778253511277,-0.7722069526115327,corrected-two-halo,scale_dependent_camb
11,0.03362193,0.06779888,1980,1999,1989.5167085427136,3.115967659646414e-06,3.1021808319446075e-06,3.1663644185201995e-06,3.929553754306818e-08,1.3893070533537035e-08,0.9955754265744302,1.0161737105061945,-0.9923528185166829,corrected-two-halo,scale_dependent_camb
11,0.03362193,0.06779888,2000,2019,2009.5165422885573,3.0869114987808814e-06,3.0809321480516615e-06,3.1449225945314917e-06,3.376092839148609e-08,1.1936290702386628e-08,0.9980629989775925,1.018792600880693,-0.500938765509816,corrected-two-halo,scale_dependent_camb
11,0.03362193,0.06779888,2020,2039,2029.5163793103447,3.0588800995974276e-06,3.047630661269678e-06,3.1109718931396172e-06,3.399980367045936e-08,1.202074586719654e-08,0.9963223670227447,1.017029694478396,-0.9358353010729779,corrected-two-halo,scale_dependent_camb
11,0.03362193,0.06779888,2040,2059,2049.516219512195,3.031831894777005e-06,3.0156661902610396e-06,3.0780664752893433e-06,4.2416636671146964e-08,1.4996545712647e-08,0.9946680076346534,1.0152497177010333,-1.0779618737355317,corrected-two-halo,scale_dependent_camb
11,0.03362193,0.06779888,2060,2079,2069.5160628019325,3.0057263145604663e-06,2.988564172166377e-06,3.0505015348079493e-06,3.9617633446636393e-08,1.4006948632339782e-08,0.9942901846016545,1.0148966391353003,-1.225259179894812,corrected-two-halo,scale_dependent_camb
11,0.03362193,0.06779888,2080,2099,2089.515909090909,2.980524251701328e-06,2.9611889109443616e-06,3.022520811922568e-06,4.061481946473165e-08,1.4359507130089566e-08,0.9935127718736294,1.0140903266253471,-1.3465184133270387,corrected-two-halo,scale_dependent_camb
11,0.03362193,0.06779888,2100,2119,2109.5157582938386,2.9561888979207642e-06,2.945341190794749e-06,3.0060799612016734e-06,5.3049294934634374e-08,1.8755758092722564e-08,0.996330509483462,1.016876818432002,-0.578366764616363,corrected-two-halo,scale_dependent_camb
11,0.03362193,0.06779888,2120,2139,2129.5156103286386,2.9326853071478624e-06,2.9162594063217483e-06,2.976796542329087e-06,3.148517524341621e-08,1.1131690460733204e-08,0.9943990237254304,1.0150412439663103,-1.4755980579999146,corrected-two-halo,scale_dependent_camb
11,0.03362193,0.06779888,2140,2159,2149.515465116279,2.909979534983815e-06,2.8923256687799477e-06,2.952418012745158e-06,3.2870465160240696e-08,1.1621464407781175e-08,0.9939333366466561,1.0145837718963817,-1.519074153171875,corrected-two-halo,scale_dependent_camb
11,0.03362193,0.06779888,2160,2179,2169.5153225806453,2.8880386436873933e-06,2.8716423066421294e-06,2.9309671107145382e-06,4.1892142208548076e-08,1.4811108917047767e-08,0.9943226739430573,1.0148642287460305,-1.1070296719235846,corrected-two-halo,scale_dependent_camb
11,0.03362193,0.06779888,2180,2199,2189.5151826484016,2.866830962485125e-06,2.861040502976001e-06,2.92023684393925e-06,3.9885439227950635e-08,1.4101632274343913e-08,0.9979801880247223,1.0186288909785703,-0.4106233517136311,corrected-two-halo,scale_dependent_camb
11,0.03362193,0.06779888,2200,2219,2209.515045248869,2.8463259738169517e-06,2.834257523847108e-06,2.893032972769317e-06,3.408344848545882e-08,1.2050318775145146e-08,0.9957599902186679,1.016409574792915,-1.0015046236565728,corrected-two-halo,scale_dependent_camb
11,0.03362193,0.06779888,2220,2239,2229.5149103139015,2.8264943700197254e-06,2.814176067957227e-06,2.8723137371535855e-06,4.12502842836421e-08,1.4584177871418096e-08,0.9956418444723765,1.0162106698742657,-0.8446346562077776,corrected-two-halo,scale_dependent_camb
11,0.03362193,0.06779888,2240,2259,2249.514777777778,2.8073085779171756e-06,2.8001066292192552e-06,2.8581996738767752e-06,3.097997702990261e-08,1.0953075919423807e-08,0.9974345717622308,1.0181280734009501,-0.6575275065106339,corrected-two-halo,scale_dependent_camb
11,0.03362193,0.06779888,2260,2279,2269.5146475770925,2.788743163979516e-06,2.774641427904943e-06,2.832318255239142e-06,3.0972989077480124e-08,1.0950605305151532e-08,0.9949433363901284,1.015625351169824,-1.2877585924806567,corrected-two-halo,scale_dependent_camb
11,0.03362193,0.06779888,2280,2299,2289.514519650655,2.7707745152367116e-06,2.7531319757877106e-06,2.8101566686349936e-06,3.852729386633445e-08,1.3621455376825982e-08,0.993632632553828,1.0142134097097097,-1.2952022350721846,corrected-two-halo,scale_dependent_camb
11,0.03362193,0.06779888,2300,2319,2309.514393939394,2.7533800144778556e-06,2.743475279841895e-06,2.800345860373406e-06,3.280253489979896e-08,1.1597447433878115e-08,0.996402699742179,1.0170575240789843,-0.8540443655754023,corrected-two-halo,scale_dependent_camb
11,0.03362193,0.06779888,2320,2339,2329.514270386266,2.736537702097479e-06,2.7252745665615755e-06,2.781919760380781e-06,2.935239896124507e-08,1.0377640174794682e-08,0.9958841657736817,1.0165837504261381,-1.0853272368470979,corrected-two-halo,scale_dependent_camb
11,0.03362193,0.06779888,2340,2359,2349.5141489361704,2.720226548662579e-06,2.7187112310504625e-06,2.7750125620845213e-06,3.1976497764886115e-08,1.1305399204073725e-08,0.9994429443338603,1.0201402392197365,-0.13403486111045612,corrected-two-halo,scale_dependent_camb
11,0.03362193,0.06779888,2360,2379,2369.514029535865,2.7044266158981886e-06,2.707604329484636e-06,2.763723975303117e-06,3.3905686532128814e-08,1.198747043382684e-08,1.0011750045528198,1.0219260375032342,0.2650862501800399,corrected-two-halo,scale_dependent_camb
11,0.03362193,0.06779888,2380,2399,2389.513912133891,2.689118819916145e-06,2.67770662342891e-06,2.7334276283630127e-06,2.4652522885974118e-08,8.715983053014427e-09,0.9957561575923258,1.016477073500326,-1.309341289194891,corrected-two-halo,scale_dependent_camb
11,0.03362193,0.06779888,2400,2419,2409.5137966804978,2.6742847871523727e-06,2.6740610811953454e-06,2.729763495286867e-06,2.0679173215282213e-08,7.3111918049286366e-09,0.9999163492392051,1.0207452506184165,-0.030597741516847517,corrected-two-halo,scale_dependent_camb
11,0.03362193,0.06779888,2420,2439,2429.513683127572,2.659906887866157e-06,2.6543241243086474e-06,2.709182068496979e-06,3.826379204560907e-08,1.3528293414681025e-08,0.9979011432381423,1.0185251524613899,-0.41267315738814875,corrected-two-halo,scale_dependent_camb
11,0.03362193,0.06779888,2440,2459,2449.5135714285716,2.645968288035107e-06,2.6385151872919845e-06,2.693214391026535e-06,2.965231443358455e-08,1.0483676306931687e-08,0.9971832237079995,1.0178558840652294,-0.7109243479975131,corrected-two-halo,scale_dependent_camb
11,0.03362193,0.06779888,2460,2479,2469.5134615384613,2.6324528327629825e-06,2.621495780177261e-06,2.6758526363112382e-06,2.98176859221254e-08,1.054214395741276e-08,0.9958377022184967,1.0164864505863545,-1.0393571393053425,corrected-two-halo,scale_dependent_camb
11,0.03362193,0.06779888,2480,2499,2489.513353413655,2.6193450306944558e-06,2.6105701532208326e-06,2.6647769027001356e-06,2.839793425720748e-08,1.0040185942480586e-08,0.9966499726569826,1.0173447451455582,-0.873975594067057,corrected-two-halo,scale_dependent_camb
11,0.03362193,0.06779888,2500,2519,2509.513247011952,2.6066302364958647e-06,2.601481250343177e-06,2.655389960873803e-06,3.121587718261765e-08,1.1036479218257679e-08,0.9980246580122505,1.0187060380468411,-0.46654245895463203,corrected-two-halo,scale_dependent_camb
11,0.03362193,0.06779888,2520,2539,2529.51314229249,2.5942948628717986e-06,2.587056447950195e-06,2.640644519527337e-06,3.3213346972608625e-08,1.1742691435116623e-08,0.9972098719289022,1.0178659940775703,-0.6164187283297746,corrected-two-halo,scale_dependent_camb
11,0.03362193,0.06779888,2540,2559,2549.513039215686,2.582326223012242e-06,2.5697481456679513e-06,2.6231125127315684e-06,2.403154966742505e-08,8.496435866128786e-09,0.9951291679446997,1.015794398614653,-1.4803945492525128,corrected-two-halo,scale_dependent_camb
11,0.03362193,0.06779888,2560,2579,2569.512937743191,2.57071203084392e-06,2.556937866408456e-06,2.6098887255531852e-06,3.126122653029005e-08,1.105251263388845e-08,0.994641887434221,1.0152396278693276,-1.2462473368481435,corrected-two-halo,scale_dependent_camb
11,0.03362193,0.06779888,2580,2599,2589.5128378378377,2.55943987862678e-06,2.5442553231662346e-06,2.5968717477619813e-06,3.5041939452706533e-08,1.2389196506468603e-08,0.9940672349495889,1.014625023798287,-1.2256287526488998,corrected-two-halo,scale_dependent_camb
11,0.03362193,0.06779888,2600,2619,2609.5127394636015,2.5484971427878404e-06,2.543983297935343e-06,2.596857919573057e-06,2.4023186827676573e-08,8.493479155780724e-09,0.9982288209091105,1.0189761942335607,-0.5314482757546266,corrected-two-halo,scale_dependent_camb
11,0.03362193,0.06779888,2620,2639,2629.5126425855515,2.5378713231219077e-06,2.5293391848309723e-06,2.581792125878539e-06,2.7133137073244143e-08,9.593012609677523e-09,0.9966380729341155,1.017306158258096,-0.8894117664692831,corrected-two-halo,scale_dependent_camb
11,0.03362193,0.06779888,2640,2659,2649.512547169811,2.527550513234726e-06,2.518737779555935e-06,2.571115409180057e-06,2.2224373229519205e-08,7.8575025091069e-09,0.9965133303438859,1.017236013965781,-1.1215693114417928,corrected-two-halo,scale_dependent_camb
11,0.03362193,0.06779888,2660,2679,2669.5124531835204,2.5175236197794243e-06,2.5053927533766443e-06,2.5573684426978645e-06,2.7551499312690448e-08,9.74092599792996e-09,0.9951814289615909,1.0158269907004611,-1.2453504323262472,corrected-two-halo,scale_dependent_camb
11,0.03362193,0.06779888,2680,2699,2689.5123605947956,2.5077803084637057e-06,2.495553686600308e-06,2.5472832273309654e-06,2.806218812122096e-08,9.92148175772396e-09,0.9951245243364688,1.015752144928301,-1.2323382899816413,corrected-two-halo,scale_dependent_camb
11,0.03362193,0.06779888,2700,2719,2709.512269372694,2.498310817131021e-06,2.495757154878706e-06,2.547652699944561e-06,2.21894796076077e-08,7.845165750770008e-09,0.9989778444560202,1.0197500977361185,-0.32550775005160426,corrected-two-halo,scale_dependent_camb
11,0.03362193,0.06779888,2720,2739,2729.5121794871793,2.4891057653310637e-06,2.479215144375947e-06,2.530561283595381e-06,3.107859228071354e-08,1.0987941675712217e-08,0.9960264360426639,1.0166547837547608,-0.9001340967234216,corrected-two-halo,scale_dependent_camb
11,0.03362193,0.06779888,2740,2759,2749.512090909091,2.4801560647498747e-06,2.470622598792283e-06,2.5215752673033177e-06,4.227612199931917e-08,1.4946866273994183e-08,0.9961561023948897,1.0167002404171772,-0.6378237272503646,corrected-two-halo,scale_dependent_camb
11,0.03362193,0.06779888,2760,2779,2769.5120036101084,2.471452935464223e-06,2.461121587270374e-06,2.512236984083974e-06,2.528647592154346e-08,8.940119298216866e-09,0.9958197269122145,1.016502053522654,-1.155616368107075,corrected-two-halo,scale_dependent_camb
11,0.03362193,0.06779888,2780,2799,2789.511917562724,2.4629879552028847e-06,2.4595829028816543e-06,2.5106144922103176e-06,2.643026864226396e-08,9.344511092763505e-09,0.9986175115822075,1.0193368939977254,-0.36439063396985283,corrected-two-halo,scale_dependent_camb
11,0.03362193,0.06779888,2800,2819,2809.5118327402133,2.454753024851395e-06,2.4476616179587823e-06,2.4983119272069005e-06,3.1880075104634905e-08,1.1271308645611887e-08,0.9971111526003551,1.0177447188839466,-0.6291555945789219,corrected-two-halo,scale_dependent_camb
11,0.03362193,0.06779888,2820,2839,2829.511749116608,2.446740279343711e-06,2.4406995595620995e-06,2.4913358183700457e-06,2.7156746949095595e-08,9.60135996133629e-09,0.9975311152423453,1.0182265111678697,-0.6291525165119228,corrected-two-halo,scale_dependent_camb
11,0.03362193,0.06779888,2840,2859,2849.5116666666668,2.4389420215593098e-06,2.4331342035403157e-06,2.483599665650823e-06,2.5622299253708323e-08,9.058850775944085e-09,0.9976187141934268,1.0183102524359977,-0.6411208400095102,corrected-two-halo,scale_dependent_camb
11,0.03362193,0.06779888,2860,2879,2869.5115853658535,2.4313507583021193e-06,2.429216120499451e-06,2.479656301955078e-06,2.3114530300419708e-08,8.17222055968435e-09,0.9991220362609634,1.0198677806926926,-0.2612065823576965,corrected-two-halo,scale_dependent_camb
11,0.03362193,0.06779888,2880,2899,2889.5115051903113,2.4239593312394596e-06,2.4108268933715746e-06,2.4608643728080677e-06,2.4067151005291158e-08,8.509022839841006e-09,0.9945822367155105,1.015225107572138,-1.5433544033277427,corrected-two-halo,scale_dependent_camb
11,0.03362193,0.06779888,2900,2919,2909.5114261168383,2.4167610466038644e-06,2.4102349317845177e-06,2.4602669847251077e-06,2.383750599700304e-08,8.427831068527922e-09,0.997299644154511,1.018001754117305,-0.7743528277064364,corrected-two-halo,scale_dependent_camb
11,0.03362193,0.06779888,2920,2939,2929.511348122867,2.409749721104377e-06,2.4077106950608337e-06,2.457543597129833e-06,3.121184159232085e-08,1.10350524216252e-08,0.9991538432287446,1.019833543544743,-0.18477719594223488,corrected-two-halo,scale_dependent_camb
11,0.03362193,0.06779888,2940,2959,2949.511271186441,2.4029196105337244e-06,2.396133916770078e-06,2.4457433529568815e-06,3.1355190040838045e-08,1.108573375163474e-08,0.9971760629303202,1.017821546020695,-0.6121104760111976,corrected-two-halo,scale_dependent_camb
11,0.03362193,0.06779888,2960,2979,2969.5111952861953,2.396265291137972e-06,2.388454061550005e-06,2.43795685629564e-06,2.719568768360107e-08,9.615127590052893e-09,0.9967402484120371,1.0173985598806001,-0.8123895928378664,corrected-two-halo,scale_dependent_camb
11,0.03362193,0.06779888,2980,2999,2989.511120401338,2.3897815252096735e-06,2.386274925584532e-06,2.4357286758967044e-06,2.8066854195975874e-08,9.923131464274322e-09,0.9985326693724298,1.0192265067757604,-0.3533763144997341,corrected-two-halo,scale_dependent_camb
11,0.03362193,0.06779888,3000,3019,3009.5110465116277,2.383463142050501e-06,2.3819196582102335e-06,2.4314045270949877e-06,2.319959597722469e-08,8.202295818141862e-09,0.9993524196732744,1.0201141709299697,-0.18817705121699982,corrected-two-halo,scale_dependent_camb
11,0.03362193,0.06779888,3020,3039,3029.5109735973597,2.377304997977e-06,2.3714891548938895e-06,2.42068285865308e-06,2.877345674756342e-08,1.0172953192189957e-08,0.9975535982601897,1.0182466535480272,-0.5716966325545875,corrected-two-halo,scale_dependent_camb
11,0.03362193,0.06779888,3040,3059,3049.5109016393444,2.371302013203021e-06,2.3655132311099583e-06,2.4146547902102192e-06,2.2184653203949425e-08,7.843459359392253e-09,0.9975588170292811,1.0182822671957503,-0.7380394068251273,corrected-two-halo,scale_dependent_camb
11,0.03362193,0.06779888,3060,3079,3069.5108306188927,2.365449268915708e-06,2.36117048200986e-06,2.4101353545387156e-06,2.644563001142543e-08,9.349942156914697e-09,0.9981911314006707,1.0188911621188523,-0.457627099081423,corrected-two-halo,scale_dependent_camb
11,0.03362193,0.06779888,3080,3099,3089.5107605177996,2.35974209773385e-06,2.3548818365480285e-06,2.4036264980295677e-06,2.9422311672693655e-08,1.0402358050972897e-08,0.997940342213461,1.0185971171755852,-0.467226869331516,corrected-two-halo,scale_dependent_camb
11,0.03362193,0.06779888,3100,3119,3109.510691318328,2.354176098400494e-06,2.350960156994073e-06,2.3998344582014737e-06,2.080862801638101e-08,7.356960988785694e-09,0.9986339418667084,1.0193946238057559,-0.43712905523392676,corrected-two-halo,scale_dependent_camb
11,0.03362193,0.06779888,3120,3139,3129.5106230031947,2.3487470417781975e-06,2.344840494651907e-06,2.3935975507954428e-06,2.087726624865284e-08,7.381228268529728e-09,0.9983367527210029,1.019095504206911,-0.5292543441511041,corrected-two-halo,scale_dependent_camb
11,0.03362193,0.06779888,3140,3159,3149.5105555555556,2.3434507448561395e-06,2.335846944721445e-06,2.384437212884968e-06,2.0395569335470675e-08,7.21092269163586e-09,0.9967552976518133,1.0174897928274333,-1.054483657620482,corrected-two-halo,scale_dependent_camb
11,0.03362193,0.06779888,3160,3179,3169.5104889589907,2.3382830595196714e-06,2.3271739937065554e-06,2.375435472389769e-06,2.586045231647456e-08,9.143050598765262e-09,0.9952490500378521,1.0158887576586768,-1.2150283642328565,corrected-two-halo,scale_dependent_camb
11,0.03362193,0.06779888,3180,3199,3189.510423197492,2.3332399101385323e-06,2.3316191909434734e-06,2.3799151051033633e-06,2.7958560720799665e-08,9.884843938946645e-09,0.999305378247639,1.0200044559335777,-0.1639600184959206,corrected-two-halo,scale_dependent_camb
11,0.03362193,0.06779888,3200,3219,3209.5103582554516,2.3283174224023255e-06,2.3249424265293616e-06,2.373243371586577e-06,2.2093704229764987e-08,7.811304041198365e-09,0.9985504571496606,1.0192954572052713,-0.43206561352156847,corrected-two-halo,scale_dependent_camb
11,0.03362193,0.06779888,3220,3239,3229.510294117647,2.323512029813615e-06,2.3144610316437334e-06,2.362468772835719e-06,2.89845038915515e-08,1.0247569625521972e-08,0.9961046045582094,1.0167663186255287,-0.8832336349625642,corrected-two-halo,scale_dependent_camb
11,0.03362193,0.06779888,3240,3259,3249.510230769231,2.318820422767884e-06,2.3133505761847773e-06,2.361198509317697e-06,3.0500489859740224e-08,1.078355160466692e-08,0.9976411081559401,1.0182757086895189,-0.5072398022131618,corrected-two-halo,scale_dependent_camb
11,0.03362193,0.06779888,3260,3279,3269.5101681957185,2.3142394092776993e-06,2.3044141966464125e-06,2.352040462094121e-06,3.232783226479015e-08,1.142961470774719e-08,0.995754452805575,1.0163341150724852,-0.8596276324719019,corrected-two-halo,scale_dependent_camb
11,0.03362193,0.06779888,3280,3299,3289.510106382979,2.3097657118570984e-06,2.3033150299328592e-06,2.351150302658348e-06,2.3316753479482482e-08,8.243717250298544e-09,0.9972072137485093,1.0179172244997852,-0.7824967461135975,corrected-two-halo,scale_dependent_camb
11,0.03362193,0.06779888,3300,3319,3309.5100453172204,2.305395901162638e-06,2.3021404393511127e-06,2.3499188075530256e-06,2.3419396650524688e-08,8.280007091441762e-09,0.998587894682261,1.0193124774655555,-0.39317137963448473,corrected-two-halo,scale_dependent_camb
11,0.03362193,0.06779888,3320,3339,3329.509984984985,2.3011265494890857e-06,2.293311639902914e-06,2.3408808541085944e-06,2.429802035984086e-08,8.590647482926134e-09,0.9966038766586276,1.0172760184042617,-0.9096997172452724,corrected-two-halo,scale_dependent_camb
11,0.03362193,0.06779888,3340,3359,3349.509925373134,2.296954427704533e-06,2.2895559581550373e-06,2.337008205231362e-06,2.580020443820168e-08,9.121749757125833e-09,0.9967790089954508,1.017437776319688,-0.8110800829321196,corrected-two-halo,scale_dependent_camb
11,0.03362193,0.06779888,3360,3379,3369.5098664688426,2.2928767361318297e-06,2.28933896052015e-06,2.33678916842492e-06,2.5881078585224755e-08,9.15034308601718e-09,0.9984570580895473,1.0191516759715449,-0.38662764646342845,corrected-two-halo,scale_dependent_camb
11,0.03362193,0.06779888,3380,3399,3389.509808259587,2.288891126724917e-06,2.279256595051635e-06,2.3266704712862885e-06,1.7815247180857817e-08,6.298641045049543e-09,0.995790742704714,1.0165055227486632,-1.5296206918879036,corrected-two-halo,scale_dependent_camb
11,0.03362193,0.06779888,3400,3419,3409.509750733138,2.284995453700408e-06,2.2725663823967925e-06,2.3196902065512506e-06,2.4062754646819752e-08,8.507468492397176e-09,0.9945605706639428,1.0151837294882389,-1.4609600158640328,corrected-two-halo,scale_dependent_camb
11,0.03362193,0.06779888,3420,3439,3429.509693877551,2.2811875623935034e-06,2.2768356608674813e-06,2.3241837778268825e-06,2.2007010253769946e-08,7.780653092041305e-09,0.9980922649247412,1.0188481719531497,-0.5593234236948025,corrected-two-halo,scale_dependent_camb
11,0.03362193,0.06779888,3440,3459,3449.5096376811593,2.2774651592452484e-06,2.271388626150605e-06,2.318579838312677e-06,2.1801905862865815e-08,7.708137739211582e-09,0.9973318875724724,1.01805282460657,-0.7883269993648166,corrected-two-halo,scale_dependent_camb
11,0.03362193,0.06779888,3460,3479,3469.509582132565,2.2738258092173314e-06,2.2691172502896587e-06,2.3161525657703347e-06,2.5004593503234156e-08,8.84045881347498e-09,0.9979292349886321,1.018614775318947,-0.5326147688732722,corrected-two-halo,scale_dependent_camb
11,0.03362193,0.06779888,3480,3499,3489.5095272206304,2.2702670897582525e-06,2.2628476527669665e-06,2.309832147372492e-06,2.186053829378666e-08,7.728867433962373e-09,0.9967319100802029,1.0174274902687563,-0.9599643226746637,corrected-two-halo,scale_dependent_camb
11,0.03362193,0.06779888,3500,3519,3509.509472934473,2.266786682452012e-06,2.258717736219943e-06,2.3055973021332685e-06,2.17367454079312e-08,7.68510003943685e-09,0.9964403592563281,1.0171214256646657,-1.0499468049423448,corrected-two-halo,scale_dependent_camb
11,0.03362193,0.06779888,3520,3539,3529.509419263456,2.26338239000487e-06,2.253230128610647e-06,2.2999702258103453e-06,2.4591031321683802e-08,8.694242501966702e-09,0.9955145619940071,1.0161651146386257,-1.1676993587338347,corrected-two-halo,scale_dependent_camb
11,0.03362193,0.06779888,3540,3559,3549.509366197183,2.2600521282871846e-06,2.2474634335206173e-06,2.294199828531991e-06,2.0363429921820067e-08,7.199559692968008e-09,0.9944299095542952,1.0151092533740298,-1.7485367582774556,corrected-two-halo,scale_dependent_camb
11,0.03362193,0.06779888,3560,3579,3569.5093137254903,2.2567938613954494e-06,2.244229992945963e-06,2.2908797431543636e-06,2.1940548451278755e-08,7.757155296425605e-09,0.9944328683871385,1.0151036753254183,-1.6196489524034239,corrected-two-halo,scale_dependent_camb
11,0.03362193,0.06779888,3580,3599,3589.50926183844,2.253605655502887e-06,2.2485217872007046e-06,2.295201337156519e-06,2.416275021511306e-08,8.542822264611576e-09,0.9977441180582022,1.018457391403888,-0.5951040703775713,corrected-two-halo,scale_dependent_camb
11,0.03362193,0.06779888,3600,3619,3609.5092105263157,2.250485753281858e-06,2.2430524530254537e-06,2.289615399145802e-06,2.17626025448779e-08,7.694241917875388e-09,0.9966970240777733,1.017387199988661,-0.9660861116330557,corrected-two-halo,scale_dependent_camb
11,0.03362193,0.06779888,3620,3639,3629.5091597796145,2.247432551760879e-06,2.233402510681182e-06,2.2798352642969234e-06,1.9312979787519988e-08,6.828169486337055e-09,0.993757302719183,1.014417657388942,-2.054729471459487,corrected-two-halo,scale_dependent_camb
11,0.03362193,0.06779888,3640,3659,3649.509109589041,2.2444446031652267e-06,2.2340835998246605e-06,2.2805354184780963e-06,1.8969864861442384e-08,6.706860040859158e-09,0.995383711709367,1.0160800650913695,-1.5448366713253925,corrected-two-halo,scale_dependent_camb
11,0.03362193,0.06779888,3660,3679,3669.5090599455043,2.241520516474493e-06,2.2307678263589364e-06,2.27721642888077e-06,1.6828238077693554e-08,5.949680630079391e-09,0.9952029481610686,1.015924865350963,-1.8072718157668695,corrected-two-halo,scale_dependent_camb
11,0.03362193,0.06779888,3680,3699,3689.509010840108,2.2386587279652306e-06,2.2323453176745522e-06,2.2785072504906084e-06,2.9843883299616516e-08,1.0551406129049397e-08,0.9971798245923724,1.0178001774131946,-0.5983477664931086,corrected-two-halo,scale_dependent_camb
11,0.03362193,0.06779888,3700,3719,3709.508962264151,2.2358574512546507e-06,2.228015548545366e-06,2.274236438806954e-06,2.3363184369475545e-08,8.260133048883855e-09,0.9964926642774636,1.017165221123899,-0.9493676025405157,corrected-two-halo,scale_dependent_camb
11,0.03362193,0.06779888,3720,3739,3729.508914209115,2.2331147953039885e-06,2.2174166947643434e-06,2.263294623037843e-06,3.075505401800162e-08,1.087355362594376e-08,0.9929703118833584,1.0135146781514859,-1.4436955092758479,corrected-two-halo,scale_dependent_camb
11,0.03362193,0.06779888,3740,3759,3749.5088666666666,2.2304288444593437e-06,2.2194291489413434e-06,2.2654067420478367e-06,2.7075093428439332e-08,9.57249108225439e-09,0.9950683495035832,1.0156821400850256,-1.1490943604420445,corrected-two-halo,scale_dependent_camb
11,0.03362193,0.06779888,3760,3779,3769.5088196286474,2.227797905137785e-06,2.2191272758631495e-06,2.265118643425079e-06,2.745678264017522e-08,9.707438597216487e-09,0.9961079821223283,1.0167522997491039,-0.8931943465624314,corrected-two-halo,scale_dependent_camb
11,0.03362193,0.06779888,3780,3799,3789.5087730870714,2.225220751383643e-06,2.2142568358122588e-06,2.2600613908019607e-06,2.973430048173725e-08,1.0512662752237418e-08,0.9950728863351795,1.0156571609341023,-1.0429246927997269,corrected-two-halo,scale_dependent_camb
11,0.03362193,0.06779888,3800,3819,3809.5087270341205,2.2226964469755066e-06,2.215353865219619e-06,2.2613479894243688e-06,2.1408240404933116e-08,7.568955981800022e-09,0.9966965431713004,1.017389483166474,-0.9700917502418169,corrected-two-halo,scale_dependent_camb
11,0.03362193,0.06779888,3820,3839,3829.508681462141,2.2202240949697895e-06,2.211112311530989e-06,2.2570116110434427e-06,2.121478259580141e-08,7.500558317444761e-09,0.9958960073177098,1.0165692806221678,-1.2148140249250936,corrected-two-halo,scale_dependent_camb
11,0.03362193,0.06779888,3840,3859,3849.5086363636365,2.2178026855829934e-06,2.21446315299615e-06,2.2603278696715594e-06,2.8302730623389636e-08,1.0006526374947486e-08,0.9984942156448127,1.019174466856319,-0.33373545041606667,corrected-two-halo,scale_dependent_camb
11,0.03362193,0.06779888,3860,3879,3869.5085917312663,2.2154308582847457e-06,2.202639408341704e-06,2.24839212676577e-06,2.3169978794283902e-08,8.191824562693326e-09,0.9942262021424828,1.0148780397987882,-1.5614897322503596,corrected-two-halo,scale_dependent_camb
11,0.03362193,0.06779888,3880,3899,3889.5085475578408,2.213106968904153e-06,2.2045312412761814e-06,2.250291636219567e-06,2.1806983692940375e-08,7.7099330232513e-09,0.9961250279591239,1.0168020198923446,-1.1122959955824792,corrected-two-halo,scale_dependent_camb
11,0.03362193,0.06779888,3900,3919,3909.5085038363172,2.21082950022369e-06,2.2022259582941832e-06,2.24783865493507e-06,2.6220705108452658e-08,9.27041919483981e-09,0.9961084552523675,1.0167399406908744,-0.9280639579163443,corrected-two-halo,scale_dependent_camb
11,0.03362193,0.06779888,3920,3939,3929.5084605597963,2.2085972538726743e-06,2.198515245858702e-06,2.2440923671485876e-06,2.3453253284503398e-08,8.29197721917901e-09,0.9954351079644358,1.0160713381372155,-1.2158750256396065,corrected-two-halo,scale_dependent_camb
11,0.03362193,0.06779888,3940,3959,3949.508417721519,2.2064093305121122e-06,2.2036040218945994e-06,2.2493489812311078e-06,2.2309120457168434e-08,7.887465178785665e-09,0.9987285638350425,1.0194613257500271,-0.3556666880835263,corrected-two-halo,scale_dependent_camb
11,0.03362193,0.06779888,3960,3979,3969.5083753148615,2.204265078688997e-06,2.2027361334982165e-06,2.2484294371963697e-06,2.3059008050371823e-08,8.152590479926552e-09,0.9993063696351394,1.020035865438489,-0.18754102693431918,corrected-two-halo,scale_dependent_camb
11,0.03362193,0.06779888,3980,3999,3989.508333333333,2.2021637950644875e-06,2.1899557832930455e-06,2.235497465484354e-06,1.742054416757958e-08,6.15909245642764e-09,0.9944563561535238,1.0151367806947758,-1.9821121143751859,corrected-two-halo,scale_dependent_camb
11,0.03362193,0.06779888,4000,4019,4009.5082917705736,2.2001044470045863e-06,2.1893797019490984e-06,2.2348925369568584e-06,1.858862307769638e-08,6.5720707155799305e-09,0.9951253473124472,1.0158120174701868,-1.6318669593836723,corrected-two-halo,scale_dependent_camb
11,0.03362193,0.06779888,4020,4039,4029.5082506203476,2.1980857996190956e-06,2.187427811862089e-06,2.232754232767052e-06,2.464090834521806e-08,8.71187669274994e-09,0.9951512412487022,1.0157721018688006,-1.223385974445209,corrected-two-halo,scale_dependent_camb
11,0.03362193,0.06779888,4040,4059,4049.5082098765433,2.196106629850905e-06,2.1828257903005724e-06,2.228113296124171e-06,2.2842659399925013e-08,8.076099681010804e-09,0.9939525524991315,1.0145742769673434,-1.6444620639786753,corrected-two-halo,scale_dependent_camb
11,0.03362193,0.06779888,4060,4079,4069.5081695331696,2.1941658667883668e-06,2.187186884163596e-06,2.2325844560306443e-06,2.11873597910845e-08,7.49086289185752e-09,0.9968193003407777,1.0175094279898318,-0.9316660477602695,corrected-two-halo,scale_dependent_camb
11,0.03362193,0.06779888,4080,4096,4088.005870123517,2.192403978313264e-06,2.182149477912495e-06,2.2274115696580955e-06,2.4984709879462588e-08,8.833428890873261e-09,0.9953227140152071,1.0159676737002479,-1.1608742796768095,corrected-two-halo,scale_dependent_camb
12,0.0,0.03362193,20,39,30.608333333333334,0.0012908497195080716,0.0009884341559750736,0.0011194843156089643,0.00012718840767784054,4.4967892778660094e-05,0.7657236477936059,0.8672460462985477,-6.725144205034039,corrected-two-halo,scale_dependent_camb
12,0.0,0.03362193,40,59,50.165,0.0007232443282120406,0.0004759861996732974,0.0005386274691358843,6.738363502420903e-05,2.3823712633308774e-05,0.6581264188410585,0.7447379096182413,-10.378656439678629,corrected-two-halo,scale_dependent_camb
12,0.0,0.03362193,60,79,69.975,0.0005210925488257022,0.00032723157939106864,0.00037054976017588596,4.322215242885335e-05,1.5281338539960403e-05,0.6279720946470927,0.7111016287047877,-12.686124905072349,corrected-two-halo,scale_dependent_camb
12,0.0,0.03362193,80,99,89.86944444444444,0.00041112695323638376,0.00026386746151296184,0.0002985005412730453,3.963380648166078e-05,1.4012666663708838e-05,0.6418150389698415,0.7260544192572503,-10.509026958074063,corrected-two-halo,scale_dependent_camb
12,0.0,0.03362193,100,119,109.80227272727272,0.0003416535371841013,0.0002285647485555036,0.000258495350941237,3.622051225456234e-05,1.2805884916625737e-05,0.6689957037744368,0.7566008333229864,-8.831001478216926,corrected-two-halo,scale_dependent_camb
12,0.0,0.03362193,120,139,129.75576923076923,0.00029325249889687203,0.00020661570268788482,0.00023378306915730908,3.1604285531815156e-05,1.1173802307051193e-05,0.7045658722947328,0.7972074237618806,-7.7535644383394295,corrected-two-halo,scale_dependent_camb
12,0.0,0.03362193,140,159,149.72166666666666,0.0002567127156551357,0.00018838883290418437,0.00021316826765877523,2.647591740379011e-05,9.36065036717746e-06,0.7338508044816264,0.8303767388957176,-7.299052957957366,corrected-two-halo,scale_dependent_camb
12,0.0,0.03362193,160,179,169.6955882352941,0.00022748047879814142,0.00017294199229210482,0.00019542315316345362,2.8688819418378315e-05,1.0143029377485805e-05,0.7602498166252225,0.8590765862457393,-5.376942575666214,corrected-two-halo,scale_dependent_camb
12,0.0,0.03362193,180,199,189.675,0.00020320249185858818,0.00015656476517598948,0.00017717027598117478,2.2449147218783264e-05,7.936972115128385e-06,0.7704864430744548,0.8718902724109818,-5.876009894718436,corrected-two-halo,scale_dependent_camb
12,0.0,0.03362193,200,219,209.65833333333333,0.00018256880351334536,0.0001429111206579882,0.00016214544779229105,1.540958642422859e-05,5.448111527926099e-06,0.7827795215163457,0.8881333758669159,-7.279161348309148,corrected-two-halo,scale_dependent_camb
12,0.0,0.03362193,220,239,229.64456521739132,0.0001647709177140689,0.00013271808095869668,0.00015048351902217694,1.5523403235742154e-05,5.4883518475432354e-06,0.8054703026477384,0.913289317738187,-5.840157053655388,corrected-two-halo,scale_dependent_camb
12,0.0,0.03362193,240,259,249.633,0.00014926345839657592,0.00012036761926998441,0.00013655356891130785,1.375258446186411e-05,4.862272865912429e-06,0.8064104943232752,0.9148492898275253,-5.9428666229675,corrected-two-halo,scale_dependent_camb
12,0.0,0.03362193,260,279,269.6231481481482,0.00013565598330288176,0.00011148966321294592,0.00012653200981407517,1.149989281780025e-05,4.0658260971925156e-06,0.8218558481421404,0.932741827771538,-5.943766288140772,corrected-two-halo,scale_dependent_camb
12,0.0,0.03362193,280,299,289.6146551724138,0.00012365382487004826,0.00010245844647213449,0.000116364718925105,9.999053358080158e-06,3.5351992174722997e-06,0.8285910005599206,0.9410523212476151,-5.995525879604788,corrected-two-halo,scale_dependent_camb
12,0.0,0.03362193,300,319,309.60725806451615,0.00011302386710099665,9.341863991464256e-05,0.00010619326206988277,7.68907375920906e-06,2.7184980980901323e-06,0.8265390515364767,0.9395649325552615,-7.211786243340634,corrected-two-halo,scale_dependent_camb
12,0.0,0.03362193,320,339,329.6007575757576,0.0001035790649763306,8.596942430418493e-05,9.759972048610407e-05,8.44504966175072e-06,2.9857759416405464e-06,0.829988418256433,0.9422726543091222,-5.89784398305185,corrected-two-halo,scale_dependent_camb
12,0.0,0.03362193,340,359,349.595,9.519056495272417e-05,7.926496572839152e-05,9.010266485620802e-05,6.616832329920706e-06,2.3394035052306567e-06,0.8326977129273053,0.9465503739888189,-6.807546961746748,corrected-two-halo,scale_dependent_camb
12,0.0,0.03362193,360,379,369.58986486486486,8.770575951772413e-05,7.288409077121952e-05,8.285859738855857e-05,6.306662595195922e-06,2.229741943859293e-06,0.8310068936406696,0.9447338218627932,-6.647257449375911,corrected-two-halo,scale_dependent_camb
12,0.0,0.03362193,380,399,389.5852564102564,8.099228242486373e-05,6.764831042056318e-05,7.688490963049741e-05,5.755658683327984e-06,2.0349326425882265e-06,0.835243907137946,0.9492868620145788,-6.557451448283996,corrected-two-halo,scale_dependent_camb
12,0.0,0.03362193,400,419,409.5810975609756,7.498999937511596e-05,6.349146099232631e-05,7.222284025929552e-05,4.633913763041428e-06,1.638335922640133e-06,0.8466657090464622,0.9630996247649167,-7.018425357029389,corrected-two-halo,scale_dependent_camb
12,0.0,0.03362193,420,439,429.57732558139537,6.961947088239648e-05,5.926652378608273e-05,6.744531389483904e-05,4.271593068759416e-06,1.5102362126946185e-06,0.8512923616756253,0.9687708487295156,-6.8551839833330765,corrected-two-halo,scale_dependent_camb
12,0.0,0.03362193,440,459,449.5738888888889,6.481088968496311e-05,5.482663390314951e-05,6.236924820849415e-05,4.197894302097538e-06,1.4841797638587693e-06,0.8459478672435187,0.9623266786131551,-6.727120275414075,corrected-two-halo,scale_dependent_camb
12,0.0,0.03362193,460,479,469.5707446808511,6.050295292324237e-05,5.1506751861345994e-05,5.860255728130318e-05,3.645708814328273e-06,1.2889527124215446e-06,0.8513097191585097,0.9685900348640811,-6.979465557735851,corrected-two-halo,scale_dependent_camb
12,0.0,0.03362193,480,499,489.5678571428571,5.6640613553085006e-05,4.875413418547883e-05,5.5464618500287454e-05,3.5949072932889265e-06,1.2709916624107883e-06,0.8607628188876385,0.9792376003890675,-6.204981197632154,corrected-two-halo,scale_dependent_camb
12,0.0,0.03362193,500,519,509.56519607843137,5.317360972829596e-05,4.571675604838254e-05,5.201290089939558e-05,3.3055611627846427e-06,1.168692356915955e-06,0.8597640122982791,0.9781713365928829,-6.380510350552134,corrected-two-halo,scale_dependent_camb
12,0.0,0.03362193,520,539,529.5627358490566,5.005660049440473e-05,4.34088704609371e-05,4.94103222221981e-05,2.779226694404427e-06,9.826050210340213e-07,0.8671957350717272,0.9870890498790689,-6.765414272432736,corrected-two-halo,scale_dependent_camb
12,0.0,0.03362193,540,559,549.5604545454545,4.724944677735115e-05,4.0792796697454846e-05,4.641362846365075e-05,2.8603648133128647e-06,1.0112916780804597e-06,0.8633497211021045,0.982310516403738,-6.384557709553907,corrected-two-halo,scale_dependent_camb
12,0.0,0.03362193,560,579,569.5583333333333,4.4716513549674516e-05,3.8838845788149644e-05,4.420178924448448e-05,2.57675462871638e-06,9.110203357095883e-07,0.8685571102273993,0.9884891673270045,-6.451741559585266,corrected-two-halo,scale_dependent_camb
12,0.0,0.03362193,580,599,589.5563559322034,4.242612075685016e-05,3.687170029417897e-05,4.1957101279659245e-05,2.533890178420059e-06,8.958654639714072e-07,0.869080171281642,0.9889450303533776,-6.2000609310780055,corrected-two-halo,scale_dependent_camb
12,0.0,0.03362193,600,619,609.5545081967213,4.03503993097114e-05,3.551157485094319e-05,4.040320994591355e-05,2.3668059898902905e-06,8.367922826021818e-07,0.8800798866542167,1.0013088008323487,-5.782587339023806,corrected-two-halo,scale_dependent_camb
12,0.0,0.03362193,620,639,629.5527777777778,3.846507370177219e-05,3.398862811837429e-05,3.869883119939516e-05,1.963146089749257e-06,6.940769562607771e-07,0.8836231117583518,1.0060771363506371,-6.44949460289533,corrected-two-halo,scale_dependent_camb
12,0.0,0.03362193,640,659,649.5511538461539,3.674915936658617e-05,3.250188034011016e-05,3.699508491470669e-05,2.0575156764154285e-06,7.274416435954878e-07,0.8844251378893362,1.0066920047249877,-5.8386525762852965,corrected-two-halo,scale_dependent_camb
12,0.0,0.03362193,660,679,669.5496268656716,3.518470959171901e-05,3.0984792694540345e-05,3.527101332758652e-05,1.9438302167532446e-06,6.872477638707679e-07,0.8806323273400799,1.0024528761745932,-6.1112121682631315,corrected-two-halo,scale_dependent_camb
12,0.0,0.03362193,680,699,689.5481884057971,3.375617478500905e-05,2.998625110877147e-05,3.4136102417802984e-05,1.8536669271720592e-06,6.553702271322966e-07,0.8883189905180907,1.0112550558590738,-5.7523572481063665,corrected-two-halo,scale_dependent_camb
12,0.0,0.03362193,700,719,709.5468309859154,3.244983646390814e-05,2.8616929297628543e-05,3.2602594421798564e-05,1.4196854326215975e-06,5.019345982792445e-07,0.8818820806526192,1.0047075108702113,-7.6362681102672525,corrected-two-halo,scale_dependent_camb
12,0.0,0.03362193,720,739,729.5455479452055,3.125355642417483e-05,2.7569336150577527e-05,3.139519544737161e-05,1.5571771741654248e-06,5.505452696806387e-07,0.8821183668317653,1.0045319329830644,-6.69194792234697,corrected-two-halo,scale_dependent_camb
12,0.0,0.03362193,740,759,749.5443333333334,3.015688191107367e-05,2.6675074856469918e-05,3.0381781214058466e-05,1.4692520894967346e-06,5.194590578778226e-07,0.8845435325551603,1.0074576444490506,-6.702755494972383,corrected-two-halo,scale_dependent_camb
12,0.0,0.03362193,760,779,769.5431818181818,2.9150332120836553e-05,2.5920515118505094e-05,2.952748464109476e-05,1.334910087643776e-06,4.719619876236212e-07,0.8892013652214001,1.012938189475674,-6.84338376188712,corrected-two-halo,scale_dependent_camb
12,0.0,0.03362193,780,799,789.5420886075949,2.82253690888925e-05,2.521521006041753e-05,2.8730423537691024e-05,1.2873480277163984e-06,4.551462600726964e-07,0.893352713334064,1.017893634878889,-6.6136081794766,corrected-two-halo,scale_dependent_camb
12,0.0,0.03362193,800,819,809.5410493827161,2.7373961236412204e-05,2.442187392170388e-05,2.7837788287568977e-05,1.0623311407746697e-06,3.755907767537049e-07,0.8921571018087975,1.0169440968791832,-7.859850394154294,corrected-two-halo,scale_dependent_camb
12,0.0,0.03362193,820,839,829.5400602409638,2.6589174560589652e-05,2.3848446412336655e-05,2.715891044430845e-05,1.3115373658788166e-06,4.636984825962266e-07,0.8969231578811291,1.0214273625689478,-5.910582525325047,corrected-two-halo,scale_dependent_camb
12,0.0,0.03362193,840,859,849.5391176470588,2.58646429111318e-05,2.3148468439016258e-05,2.638082889997891e-05,1.0719866527067477e-06,3.7900451573520486e-07,0.8949850387864223,1.0199572053099928,-7.166601872398862,corrected-two-halo,scale_dependent_camb
12,0.0,0.03362193,860,879,869.5382183908046,2.5194792499912502e-05,2.249487580611663e-05,2.5642101374701056e-05,1.0268643037028346e-06,3.6305135625333835e-07,0.8928383040342464,1.0177540209862854,-7.436734906209419,corrected-two-halo,scale_dependent_camb
12,0.0,0.03362193,880,899,889.5373595505617,2.457454602057585e-05,2.1963646319709564e-05,2.5020521085752585e-05,1.1436625434582433e-06,4.043457699341892e-07,0.8937559335305636,1.0181478455310355,-6.457096611376031,corrected-two-halo,scale_dependent_camb
12,0.0,0.03362193,900,919,909.5365384615385,2.3999490428010362e-05,2.1544050166046433e-05,2.4536322383757056e-05,1.18118832374672e-06,4.1761313678983836e-07,0.8976878167755542,1.0223684730872513,-5.879700722153328,corrected-two-halo,scale_dependent_camb
12,0.0,0.03362193,920,939,929.535752688172,2.3465685565096584e-05,2.0994933508416444e-05,2.39212878585325e-05,1.037986916432658e-06,3.6698379369622335e-07,0.8947078682263093,1.0194156821956903,-6.732591735986424,corrected-two-halo,scale_dependent_camb
12,0.0,0.03362193,940,959,949.535,2.2969694972734336e-05,2.0768545620959602e-05,2.3655992977126295e-05,1.0653238647672163e-06,3.7664886446837956e-07,0.9041715898105065,1.0298784117597823,-5.844035544568925,corrected-two-halo,scale_dependent_camb
12,0.0,0.03362193,960,979,969.5342783505155,2.250843222099684e-05,2.022518966358346e-05,2.304433220269991e-05,9.604666048947873e-07,3.3957622471216226e-07,0.8985605689905194,1.0238088542303343,-6.723799816517609,corrected-two-halo,scale_dependent_camb
12,0.0,0.03362193,980,999,989.5335858585859,2.2079069263331842e-05,1.9874463242539546e-05,2.2642100109638726e-05,1.0031159369325777e-06,3.546550406606614e-07,0.9001495038355792,1.025500660358086,-6.216198187076361,corrected-two-halo,scale_dependent_camb
12,0.0,0.03362193,1000,1019,1009.5329207920792,2.167909911233277e-05,1.953271827676832e-05,2.226256658773147e-05,8.653405596971529e-07,3.059440888988096e-07,0.9009930798119088,1.0269138248031155,-7.015598318274291,corrected-two-halo,scale_dependent_camb
12,0.0,0.03362193,1020,1039,1029.532281553398,2.1306173712716072e-05,1.9214043842098337e-05,2.1896537985969997e-05,8.544175264743688e-07,3.020822134673313e-07,0.9018064013357265,1.027708601329087,-6.925696970384483,corrected-two-halo,scale_dependent_camb
12,0.0,0.03362193,1040,1059,1049.5316666666668,2.0958146976582914e-05,1.8881360998915962e-05,2.1516707747015045e-05,8.652478968695337e-07,3.059113276419229e-07,0.9009079390469301,1.0266512478921073,-6.788849545636582,corrected-two-halo,scale_dependent_camb
12,0.0,0.03362193,1060,1079,1069.5310747663552,2.0633101758464516e-05,1.8680660935148873e-05,2.128348211561088e-05,9.049581606096752e-07,3.1995102602860305e-07,0.905373373030806,1.031521211147013,-6.102311492950482,corrected-two-halo,scale_dependent_camb
12,0.0,0.03362193,1080,1099,1089.530504587156,2.0329141582163197e-05,1.831548049151251e-05,2.0875541653591573e-05,7.893328870518553e-07,2.79071318523961e-07,0.9009470674149137,1.0268776755388327,-7.215578803659087,corrected-two-halo,scale_dependent_camb
12,0.0,0.03362193,1100,1119,1109.529954954955,2.0044711930953873e-05,1.80976661468272e-05,2.062686700007037e-05,7.953152442635697e-07,2.8118640119990275e-07,0.9028648657644232,1.0290428254155903,-6.924395261712772,corrected-two-halo,scale_dependent_camb
12,0.0,0.03362193,1120,1139,1129.529424778761,1.977810207700154e-05,1.788332096496279e-05,2.0383644916540464e-05,7.757687974271092e-07,2.74275688646821e-07,0.9041980315066708,1.0306168325545788,-6.908308648815829,corrected-two-halo,scale_dependent_camb
12,0.0,0.03362193,1140,1159,1149.5289130434783,1.952810455228931e-05,1.7696634169228444e-05,2.017381798103963e-05,7.256762109342321e-07,2.565652848486775e-07,0.9062136123781578,1.033065852705844,-7.138418528216206,corrected-two-halo,scale_dependent_camb
12,0.0,0.03362193,1160,1179,1169.5284188034188,1.929333363925175e-05,1.747619760839283e-05,1.9919003211208697e-05,7.426044462375019e-07,2.625503198369093e-07,0.9058153419810246,1.0324293138581317,-6.921096237809523,corrected-two-halo,scale_dependent_camb
12,0.0,0.03362193,1180,1199,1189.5279411764707,1.9072821683385744e-05,1.7290586431871192e-05,1.9705364897414363e-05,7.741088462136797e-07,2.7368880726709355e-07,0.9065562882566532,1.0331646373320642,-6.511904046464218,corrected-two-halo,scale_dependent_camb
12,0.0,0.03362193,1200,1219,1209.527479338843,1.8865426133575725e-05,1.7152688691206285e-05,1.9546607032882083e-05,7.987391146699328e-07,2.8239692219102445e-07,0.9092128939869957,1.036107368817608,-6.0650003869761635,corrected-two-halo,scale_dependent_camb
12,0.0,0.03362193,1220,1239,1229.5270325203253,1.8670268278502264e-05,1.6933629967580192e-05,1.929976541156e-05,7.410866341701555e-07,2.620136922342155e-07,0.9069837516517258,1.033716555309629,-6.6280441152276905,corrected-two-halo,scale_dependent_camb
12,0.0,0.03362193,1240,1259,1249.5266,1.848650265827177e-05,1.6746196026478583e-05,1.9084046085661297e-05,7.460964836725977e-07,2.63784941512166e-07,0.9058606885270164,1.032323227299143,-6.597444955791462,corrected-two-halo,scale_dependent_camb
12,0.0,0.03362193,1260,1279,1269.5261811023622,1.8313203251326582e-05,1.662774918298917e-05,1.8957344100875044e-05,6.595921263068946e-07,2.3320103266442943e-07,0.9079650869808743,1.0351735761738898,-7.227472576258868,corrected-two-halo,scale_dependent_camb
12,0.0,0.03362193,1280,1299,1289.5257751937984,1.814991409219563e-05,1.6610381270417004e-05,1.8937889996217046e-05,6.488457439183955e-07,2.2940161273436377e-07,0.9151768535124574,1.0434148558510392,-6.711081074923963,corrected-two-halo,scale_dependent_camb
12,0.0,0.03362193,1300,1319,1309.5253816793893,1.7995703147083842e-05,1.6367003147180678e-05,1.8657246974128063e-05,6.601000168275229e-07,2.3338059908004778e-07,0.9094950618716395,1.0367612102532056,-6.978729193100289,corrected-two-halo,scale_dependent_camb
12,0.0,0.03362193,1320,1339,1329.525,1.785014713889988e-05,1.6256334001487886e-05,1.8535080986991356e-05,6.128853776304586e-07,2.1668770330628759e-07,0.9107114846163548,1.0383713278530258,-7.355346487562991,corrected-two-halo,scale_dependent_camb
12,0.0,0.03362193,1340,1359,1349.5246296296295,1.7712523732347766e-05,1.6095001737132554e-05,1.8351062945926914e-05,6.155137078918339e-07,2.1761695838179575e-07,0.9086791910821163,1.036050154299187,-7.432885778953715,corrected-two-halo,scale_dependent_camb
12,0.0,0.03362193,1360,1379,1369.5242700729927,1.7582226705328506e-05,1.5998272895524847e-05,1.8240816830126055e-05,6.097957568167478e-07,2.1559535739195263e-07,0.9099116490561675,1.0374577199939048,-7.34688273887099,corrected-two-halo,scale_dependent_camb
12,0.0,0.03362193,1380,1399,1389.5239208633093,1.7459014042927415e-05,1.5856531244302118e-05,1.8078762098664654e-05,6.166134071105677e-07,2.1800576076921188e-07,0.9082145879094211,1.0354973112578656,-7.350644281009336,corrected-two-halo,scale_dependent_camb
12,0.0,0.03362193,1400,1419,1409.5235815602837,1.7342110048293535e-05,1.578060222800442e-05,1.798592447244916e-05,6.676949284095668e-07,2.3606580582113552e-07,0.9099586027339984,1.03712434198392,-6.614714125400498,corrected-two-halo,scale_dependent_camb
12,0.0,0.03362193,1420,1439,1429.5232517482518,1.7231299963019062e-05,1.564709723453666e-05,1.7843653971554625e-05,5.491724552419179e-07,1.9416178357121294e-07,0.9080624948853344,1.035537307681357,-8.159189204714748,corrected-two-halo,scale_dependent_camb
12,0.0,0.03362193,1440,1459,1449.5229310344828,1.7126199697913562e-05,1.5615287679818015e-05,1.7805041866045224e-05,5.778244373809156e-07,2.042917890036735e-07,0.9117777414285543,1.0396376417480617,-7.395852889948396,corrected-two-halo,scale_dependent_camb
12,0.0,0.03362193,1460,1479,1469.522619047619,1.702621705559303e-05,1.5515031886873905e-05,1.7689395214353224e-05,5.923858252149434e-07,2.0944001704413765e-07,0.911243633052199,1.0389504113917274,-7.215360226029078,corrected-two-halo,scale_dependent_camb
12,0.0,0.03362193,1480,1499,1489.5223154362416,1.6931260640534147e-05,1.540783772120379e-05,1.7566530130990753e-05,5.954658149586664e-07,2.1052895786102346e-07,0.9100230661098431,1.0375205074178437,-7.236168054068905,corrected-two-halo,scale_dependent_camb
12,0.0,0.03362193,1500,1519,1509.5220198675497,1.6840988504156234e-05,1.538982068787015e-05,1.7553602994336486e-05,5.016136885503996e-07,1.7734722035499218e-07,0.9138311972644632,1.0423142911120915,-8.182636375023584,corrected-two-halo,scale_dependent_camb
12,0.0,0.03362193,1520,1539,1529.5217320261438,1.675498584104902e-05,1.5260370307349197e-05,1.7402626533519456e-05,5.384616258353788e-07,1.9037493351846487e-07,0.9107957745903863,1.0386536102515673,-7.850905085436873,corrected-two-halo,scale_dependent_camb
12,0.0,0.03362193,1540,1559,1549.5214516129033,1.6673183920055632e-05,1.5200906175187066e-05,1.7336838723062e-05,5.194288782304565e-07,1.836458410704386e-07,0.9116978645513764,1.0398037235232607,-8.016940303613323,corrected-two-halo,scale_dependent_camb
12,0.0,0.03362193,1560,1579,1569.521178343949,1.6595243881493047e-05,1.5116154191725035e-05,1.723868204090326e-05,5.352981457563943e-07,1.8925647441046566e-07,0.9108726753080449,1.0387724437197199,-7.815266000148102,corrected-two-halo,scale_dependent_camb
12,0.0,0.03362193,1580,1599,1589.5209119496856,1.6520843827082455e-05,1.5057086011799947e-05,1.717011922277389e-05,5.343304250829045e-07,1.889143334852061e-07,0.9113993310146189,1.0393003772983487,-7.748262338162581,corrected-two-halo,scale_dependent_camb
12,0.0,0.03362193,1600,1619,1609.520652173913,1.644995776352533e-05,1.5068883562081507e-05,1.7179334281865595e-05,5.862002393194484e-07,2.072530821779795e-07,0.9160439059298928,1.04433911191903,-6.663708867102974,corrected-two-halo,scale_dependent_camb
12,0.0,0.03362193,1620,1639,1629.520398773006,1.6382280904694955e-05,1.4977156028239862e-05,1.7073278777612578e-05,6.105364646860955e-07,2.158572371705996e-07,0.9142289840694648,1.0421795888458725,-6.509510150658385,corrected-two-halo,scale_dependent_camb
12,0.0,0.03362193,1640,1659,1649.5201515151516,1.6317540225730005e-05,1.4885865488682195e-05,1.6979193381313636e-05,4.94713143640941e-07,1.7490750930531193e-07,0.9122616082300015,1.0405485843105393,-8.185324590888394,corrected-two-halo,scale_dependent_camb
12,0.0,0.03362193,1660,1679,1669.5199101796406,1.6255730142366634e-05,1.4856719080890049e-05,1.6941579972248276e-05,5.2872388012384e-07,1.8693212050541522e-07,0.9139373593665657,1.0421912657183043,-7.4840592279915725,corrected-two-halo,scale_dependent_camb
12,0.0,0.03362193,1680,1699,1689.519674556213,1.6196616551703347e-05,1.4780526510742103e-05,1.6857625048949385e-05,4.92089378339522e-07,1.7397986818687426e-07,0.9125687740744645,1.0408115173398065,-8.139390239336203,corrected-two-halo,scale_dependent_camb
12,0.0,0.03362193,1700,1719,1709.5194444444444,1.613994485027774e-05,1.4757064047128015e-05,1.6831471430423215e-05,4.920854097508855e-07,1.7397846507890598e-07,0.9143193600735304,1.0428456594220379,-7.948574569401643,corrected-two-halo,scale_dependent_camb
12,0.0,0.03362193,1720,1739,1729.519219653179,1.6085705658690406e-05,1.4692224680422067e-05,1.6758558224246946e-05,4.6941303826617044e-07,1.659625712676947e-07,0.9133714735408265,1.0418292227791093,-8.396356887124137,corrected-two-halo,scale_dependent_camb
12,0.0,0.03362193,1740,1759,1749.519,1.603382600673255e-05,1.4641290131906846e-05,1.6697034041697358e-05,5.169790706557552e-07,1.8277970329610187e-07,0.9131501193638385,1.0413630554981905,-7.618657048424055,corrected-two-halo,scale_dependent_camb
12,0.0,0.03362193,1760,1779,1769.5187853107345,1.598402153013252e-05,1.4545896003375557e-05,1.6589759616181977e-05,4.867289940803044e-07,1.720846861571451e-07,0.9100273029508964,1.037896475859191,-8.357080219466415,corrected-two-halo,scale_dependent_camb
12,0.0,0.03362193,1780,1799,1789.5185754189945,1.593622666139e-05,1.4596165018318096e-05,1.6644521738194747e-05,5.242294192341142e-07,1.8534308861896382e-07,0.9159109824712408,1.0444455950492215,-7.230167863593011,corrected-two-halo,scale_dependent_camb
12,0.0,0.03362193,1800,1819,1809.5183701657459,1.589044847353769e-05,1.4529552568005718e-05,1.65713673660237e-05,4.853060543461332e-07,1.7158160098951896e-07,0.9143576150290367,1.0428508291392746,-7.931479236023111,corrected-two-halo,scale_dependent_camb
12,0.0,0.03362193,1820,1839,1829.518169398907,1.584648324070308e-05,1.4506297112273137e-05,1.6545843970463115e-05,4.6545397220575763e-07,1.64562830038453e-07,0.9154269052588554,1.0441334975803127,-8.143917603487884,corrected-two-halo,scale_dependent_camb
12,0.0,0.03362193,1840,1859,1849.517972972973,1.5804202414080102e-05,1.448319419960637e-05,1.6517944204349274e-05,4.858166466501936e-07,1.7176212262983035e-07,0.916414116963167,1.0451615191686796,-7.690916916069307,corrected-two-halo,scale_dependent_camb
12,0.0,0.03362193,1860,1879,1869.5177807486632,1.5763636346229238e-05,1.4390511378419864e-05,1.641211664033236e-05,4.852081038340576e-07,1.7154697025386426e-07,0.9128928796852235,1.0411377349654631,-8.004367350687401,corrected-two-halo,scale_dependent_camb
12,0.0,0.03362193,1880,1899,1889.5175925925926,1.5724678861839414e-05,1.4402994473084955e-05,1.6427407118296164e-05,4.794790015955369e-07,1.6952142673237977e-07,0.9159484018486433,1.044689514020037,-7.796562441873363,corrected-two-halo,scale_dependent_camb
12,0.0,0.03362193,1900,1919,1909.5174083769634,1.568714796625616e-05,1.4376850627818352e-05,1.639902528906215e-05,4.6208999255973404e-07,1.633734836287146e-07,0.9164731956850076,1.0453796524605539,-8.020257078043423,corrected-two-halo,scale_dependent_camb
12,0.0,0.03362193,1920,1939,1929.5172279792746,1.565102063103035e-05,1.4387405054361634e-05,1.640834867728601e-05,4.908970749823427e-07,1.7355832529232778e-07,0.9192630559719905,1.048388412750166,-7.280639373192757,corrected-two-halo,scale_dependent_camb
12,0.0,0.03362193,1940,1959,1949.5170512820512,1.5616315126391528e-05,1.4253800722771939e-05,1.6255038565567694e-05,4.928422187391097e-07,1.742460374627241e-07,0.9127505821576984,1.0409010342072775,-7.819485730980067,corrected-two-halo,scale_dependent_camb
12,0.0,0.03362193,1960,1979,1969.5168781725888,1.5582903191667135e-05,1.4220699495716584e-05,1.6222037956154917e-05,4.3945670401375163e-07,1.5537140772300661e-07,0.9125834461527695,1.0410151277092934,-8.767402676682076,corrected-two-halo,scale_dependent_camb
12,0.0,0.03362193,1980,1999,1989.5167085427136,1.555065490577177e-05,1.4212480793137196e-05,1.621005493760166e-05,4.6639560629252986e-07,1.6489574796252952e-07,0.9139474111705805,1.0424033608761487,-8.115273614809377,corrected-two-halo,scale_dependent_camb
12,0.0,0.03362193,2000,2019,2009.5165422885573,1.5519591513595295e-05,1.4188977865980156e-05,1.6183461983052193e-05,4.6903975156801836e-07,1.6583059448989967e-07,0.9142623279453257,1.0427762849863247,-8.023933410527476,corrected-two-halo,scale_dependent_camb
12,0.0,0.03362193,2020,2039,2029.5163793103447,1.5489715920227747e-05,1.4174553826427203e-05,1.6167490671369993e-05,4.5984142299732194e-07,1.6257849423593897e-07,0.915094498790446,1.0437564352137119,-8.089397678218987,corrected-two-halo,scale_dependent_camb
12,0.0,0.03362193,2040,2059,2049.516219512195,1.546088195839616e-05,1.4128962478603493e-05,1.611610573279442e-05,4.4964086451596393e-07,1.5897205219890986e-07,0.9138522961771041,1.0423794564994033,-8.378324751863536,corrected-two-halo,scale_dependent_camb
12,0.0,0.03362193,2060,2079,2069.5160628019325,1.543301415249227e-05,1.4115295201072621e-05,1.6094966711776864e-05,5.136608155061065e-07,1.8160652293709e-07,0.9146168766256946,1.0428919816144726,-7.255901000186642,corrected-two-halo,scale_dependent_camb
12,0.0,0.03362193,2080,2099,2089.515909090909,1.5406167883708005e-05,1.4088118717434969e-05,1.606764506852952e-05,4.73328649053974e-07,1.6734694873796625e-07,0.9144466569349234,1.0429358676222804,-7.876146988116599,corrected-two-halo,scale_dependent_camb
12,0.0,0.03362193,2100,2119,2109.5157582938386,1.5380323430623235e-05,1.405912982232825e-05,1.6032464345471455e-05,4.95518833841409e-07,1.7519236380745517e-07,0.9140984509035486,1.042400988366068,-7.541388103804795,corrected-two-halo,scale_dependent_camb
12,0.0,0.03362193,2120,2139,2129.5156103286386,1.5355337480000557e-05,1.405048702729292e-05,1.6022108158787126e-05,5.011440745641713e-07,1.7718118673789115e-07,0.9150230039289511,1.0434227303473467,-7.364497759222811,corrected-two-halo,scale_dependent_camb
12,0.0,0.03362193,2140,2159,2149.515465116279,1.5331148572969367e-05,1.4041196875884776e-05,1.6013005570029305e-05,4.780569333355079e-07,1.6901864967739145e-07,0.9158607268760719,1.0444752716219927,-7.632008062700428,corrected-two-halo,scale_dependent_camb
12,0.0,0.03362193,2160,2179,2169.5153225806453,1.5307820985313628e-05,1.3997625184021152e-05,1.596543656781568e-05,4.5238565171164086e-07,1.5994248101839844e-07,0.9144100389892538,1.0429594508018465,-8.19166861080367,corrected-two-halo,scale_dependent_camb
12,0.0,0.03362193,2180,2199,2189.5151826484016,1.528535789261864e-05,1.3980622765813883e-05,1.5943330915790812e-05,4.844238222937362e-07,1.7126968485610395e-07,0.9146415062067458,1.0430459677682724,-7.618015575266341,corrected-two-halo,scale_dependent_camb
12,0.0,0.03362193,2200,2219,2209.515045248869,1.526361897647176e-05,1.3953899572292875e-05,1.5911629345360843e-05,5.009864218295043e-07,1.7712544807901333e-07,0.9141933897722577,1.0424545692530693,-7.39430397146905,corrected-two-halo,scale_dependent_camb
12,0.0,0.03362193,2220,2239,2229.5149103139015,1.5242544163952023e-05,1.3949393364365517e-05,1.5913538213271532e-05,4.169488733486572e-07,1.4741368787646321e-07,0.9151617482175479,1.0440211320434538,-8.772257299947634,corrected-two-halo,scale_dependent_camb
12,0.0,0.03362193,2240,2259,2249.514777777778,1.52221833133527e-05,1.3948982393003276e-05,1.590837653653432e-05,4.712787771915128e-07,1.6662220959071137e-07,0.9163588498351226,1.0450785021475666,-7.641243766223591,corrected-two-halo,scale_dependent_camb
12,0.0,0.03362193,2260,2279,2269.5146475770925,1.520256266603017e-05,1.3922539142764851e-05,1.5875753071302982e-05,5.042201385119563e-07,1.7826873957631227e-07,0.9158021215643132,1.044281376769263,-7.1803027626017055,corrected-two-halo,scale_dependent_camb
12,0.0,0.03362193,2280,2299,2289.514519650655,1.5183592260869474e-05,1.3904364007808343e-05,1.5853659412068225e-05,5.19662614881025e-07,1.8372847945575302e-07,0.9157493015432253,1.0441310027091297,-6.962601861456137,corrected-two-halo,scale_dependent_camb
12,0.0,0.03362193,2300,2319,2309.514393939394,1.5165190374501807e-05,1.3876686165622284e-05,1.5827752048841353e-05,4.4664466014569326e-07,1.579127339848903e-07,0.9150354082566634,1.0436896377808453,-8.159596609877024,corrected-two-halo,scale_dependent_camb
12,0.0,0.03362193,2320,2339,2329.514270386266,1.5147360857696085e-05,1.388697748923512e-05,1.5840460910703122e-05,4.3664807772875363e-07,1.5437840837703618e-07,0.9167918833979196,1.045757149348884,-8.164246423520238,corrected-two-halo,scale_dependent_camb
12,0.0,0.03362193,2340,2359,2349.5141489361704,1.5130159915659857e-05,1.3862247456002999e-05,1.5810813197982286e-05,4.5483980906451195e-07,1.6081015667155544e-07,0.9161996656529349,1.044986522688233,-7.884529720635055,corrected-two-halo,scale_dependent_camb
12,0.0,0.03362193,2360,2379,2369.514029535865,1.5113544181942525e-05,1.3843859195926789e-05,1.579005498899009e-05,4.510086569288154e-07,1.5945563984410127e-07,0.9159902554469824,1.0447618903219174,-7.962622001059976,corrected-two-halo,scale_dependent_camb
12,0.0,0.03362193,2380,2399,2389.513912133891,1.5097438023870904e-05,1.3813733878365919e-05,1.5758553090072908e-05,4.190454677368448e-07,1.481549459311058e-07,0.914972053968674,1.0437898844265299,-8.664605406436625,corrected-two-halo,scale_dependent_camb
12,0.0,0.03362193,2400,2419,2409.5137966804978,1.5081813771561711e-05,1.3801062260974646e-05,1.57422433633111e-05,4.3529444127710645e-07,1.5389982561992567e-07,0.9150797423979566,1.0437897988764917,-8.321981557991084,corrected-two-halo,scale_dependent_camb
12,0.0,0.03362193,2420,2439,2429.513683127572,1.5066699861593538e-05,1.3798404954344692e-05,1.573370472404061e-05,4.973306558790573e-07,1.7583293963201734e-07,0.9158213199373639,1.0442701366971099,-7.213067755695434,corrected-two-halo,scale_dependent_camb
12,0.0,0.03362193,2440,2459,2449.5135714285716,1.5052108434503405e-05,1.3775751642642129e-05,1.5709420670581528e-05,4.864543628955138e-07,1.7198758937059971e-07,0.9152041192491326,1.0436691137948082,-7.421214498861174,corrected-two-halo,scale_dependent_camb
12,0.0,0.03362193,2460,2479,2469.5134615384613,1.5037966075103265e-05,1.3812971569742553e-05,1.5756144490607687e-05,4.3004521502583617e-07,1.5204394388079784e-07,0.9185398810422373,1.047757682915207,-8.056845107366492,corrected-two-halo,scale_dependent_camb
12,0.0,0.03362193,2480,2499,2489.513353413655,1.5024235660108199e-05,1.3743122520475582e-05,1.5673142566549085e-05,4.7258922721667577e-07,1.6708552364031075e-07,0.9147302286375751,1.0431906767918877,-7.6674095500367905,corrected-two-halo,scale_dependent_camb
12,0.0,0.03362193,2500,2519,2509.513247011952,1.5010929118769149e-05,1.3676204954518593e-05,1.559739870986917e-05,4.6128982352129474e-07,1.6309058115212664e-07,0.911083174553022,1.0390695063882969,-8.183943884567803,corrected-two-halo,scale_dependent_camb
12,0.0,0.03362193,2520,2539,2529.51314229249,1.4998068031986572e-05,1.3699687556433251e-05,1.562487096748525e-05,4.5032012270004313e-07,1.5921220623297931e-07,0.9134301516179119,1.0417922451186303,-8.155030988348765,corrected-two-halo,scale_dependent_camb
12,0.0,0.03362193,2540,2559,2549.513039215686,1.4985634154390078e-05,1.3718754596838065e-05,1.5648538824262105e-05,4.312820381203447e-07,1.5248122687942542e-07,0.915460397304516,1.0442360105046222,-8.30842972265562,corrected-two-halo,scale_dependent_camb
12,0.0,0.03362193,2560,2579,2569.512937743191,1.4973565798482057e-05,1.3699388095495177e-05,1.56262124820479e-05,4.336293705628437e-07,1.5331113422332053e-07,0.9149048583259941,1.0435865906858341,-8.311057833091557,corrected-two-halo,scale_dependent_camb
12,0.0,0.03362193,2580,2599,2589.5128378378377,1.4961843776699728e-05,1.3717269195197484e-05,1.5647995586188253e-05,4.1789295717808494e-07,1.4774747191536169e-07,0.9168167640247363,1.0458601105404588,-8.42366075959126,corrected-two-halo,scale_dependent_camb
12,0.0,0.03362193,2600,2619,2609.5127394636015,1.4950483471217753e-05,1.3697637567469867e-05,1.5624399170640638e-05,4.2955556552005896e-07,1.5187082663782799e-07,0.9162003084274948,1.0450765154665593,-8.249417820945913,corrected-two-halo,scale_dependent_camb
12,0.0,0.03362193,2620,2639,2629.5126425855515,1.4939500293239559e-05,1.3689979224260747e-05,1.5615237676673822e-05,4.354704769151538e-07,1.5396206361662257e-07,0.9163612540946736,1.0452315920995061,-8.115772415795984,corrected-two-halo,scale_dependent_camb
12,0.0,0.03362193,2640,2659,2649.512547169811,1.4928878225496578e-05,1.3652907315937387e-05,1.55743746958213e-05,4.158008711202443e-07,1.4700780779619922e-07,0.9145300209241443,1.043238109426219,-8.679613203457208,corrected-two-halo,scale_dependent_camb
12,0.0,0.03362193,2660,2679,2669.5124531835204,1.4918568549180337e-05,1.3620380921864496e-05,1.5536062797148288e-05,4.3441742100565327e-07,1.5358975212933438e-07,0.9129817567257706,1.0413909850621612,-8.452306285530481,corrected-two-halo,scale_dependent_camb
12,0.0,0.03362193,2680,2699,2689.5123605947956,1.4908543299394465e-05,1.3638613977578454e-05,1.5557619303551977e-05,4.2530836570591783e-07,1.5036921474301126e-07,0.9148186850778646,1.0435371847619663,-8.445407685252505,corrected-two-halo,scale_dependent_camb
12,0.0,0.03362193,2700,2719,2709.512269372694,1.4898807885987128e-05,1.3674187707474184e-05,1.5593841908093437e-05,4.781183259099397e-07,1.6904035523023904e-07,0.9178041499773453,1.0466503110466987,-7.2445433331287505,corrected-two-halo,scale_dependent_camb
12,0.0,0.03362193,2720,2739,2729.5121794871793,1.4889394954169127e-05,1.3672644414797315e-05,1.559483921996842e-05,4.4274454501935997e-07,1.5653383505827105e-07,0.9182807264420698,1.047378974630649,-7.773083301248362,corrected-two-halo,scale_dependent_camb
12,0.0,0.03362193,2740,2759,2749.512090909091,1.4880295468105086e-05,1.3662667903070824e-05,1.5587981117950807e-05,3.925584336958448e-07,1.3879036523915077e-07,0.9181718153618545,1.047558575121213,-8.77314187433802,corrected-two-halo,scale_dependent_camb
12,0.0,0.03362193,2760,2779,2769.5120036101084,1.487146475253837e-05,1.364926261155809e-05,1.5569237326158528e-05,4.2616096874139726e-07,1.5067065543703515e-07,0.9178156179422968,1.0469202318151651,-8.11174636119529,corrected-two-halo,scale_dependent_camb
12,0.0,0.03362193,2780,2799,2789.511917562724,1.4862881158167722e-05,1.3646241062871217e-05,1.556430868230697e-05,4.435418344715415e-07,1.5681571944737406e-07,0.918142378832928,1.0471932404407196,-7.758406488737234,corrected-two-halo,scale_dependent_camb
12,0.0,0.03362193,2800,2819,2809.5118327402133,1.4854535848670491e-05,1.3619244826937538e-05,1.553403417792972e-05,4.414144386983506e-07,1.5606357145862863e-07,0.916840819914039,1.0457434911586312,-7.915306629134911,corrected-two-halo,scale_dependent_camb
12,0.0,0.03362193,2820,2839,2829.511749116608,1.4846448603794064e-05,1.3593136230916867e-05,1.5505353365248515e-05,4.241386060905968e-07,1.4995564226483543e-07,0.9155816716627498,1.0443813048519943,-8.357887398886477,corrected-two-halo,scale_dependent_camb
12,0.0,0.03362193,2840,2859,2849.5116666666668,1.483863272575177e-05,1.3579884941559042e-05,1.5488293207600436e-05,4.5091678612562627e-07,1.594231586101372e-07,0.9151709050653819,1.0437816943013363,-7.895639474004797,corrected-two-halo,scale_dependent_camb
12,0.0,0.03362193,2860,2879,2869.5115853658535,1.4831052301961259e-05,1.3575822129078734e-05,1.5485417094483773e-05,4.3280306226445163e-07,1.5301899012274865e-07,0.9153647261619775,1.0441212652480487,-8.203100620881141,corrected-two-halo,scale_dependent_camb
12,0.0,0.03362193,2880,2899,2889.5115051903113,1.482368295049208e-05,1.3571515604264307e-05,1.5477444828183885e-05,4.629214107795691e-07,1.6366743435933831e-07,0.9155292682385516,1.0441025270086544,-7.650681096879602,corrected-two-halo,scale_dependent_camb
12,0.0,0.03362193,2900,2919,2909.5114261168383,1.4816519099518351e-05,1.3568815806081426e-05,1.5475358514763148e-05,4.527821605612514e-07,1.600826680665785e-07,0.9157897151782779,1.0444665451324673,-7.794118554533369,corrected-two-halo,scale_dependent_camb
12,0.0,0.03362193,2920,2939,2929.511348122867,1.480955789284218e-05,1.3556136902524441e-05,1.5459385357775254e-05,4.686449629088812e-07,1.6569101562089397e-07,0.9153640507443137,1.0438789239783552,-7.564809628456885,corrected-two-halo,scale_dependent_camb
12,0.0,0.03362193,2940,2959,2949.511271186441,1.4802817257402315e-05,1.353733908042405e-05,1.5439759691429693e-05,4.48161591011256e-07,1.584490500357056e-07,0.91451099105169,1.0430284602553523,-7.986656762493028,corrected-two-halo,scale_dependent_camb
12,0.0,0.03362193,2960,2979,2969.5111952861953,1.4796290178329818e-05,1.3567523085207265e-05,1.5474062325509867e-05,4.480660763597335e-07,1.5841528050680847e-07,0.916954379894349,1.0458068974730363,-7.756619747737917,corrected-two-halo,scale_dependent_camb
12,0.0,0.03362193,2980,2999,2989.511120401338,1.4789946761192671e-05,1.3541976955176892e-05,1.544651110353969e-05,4.343356334717368e-07,1.5356083586940993e-07,0.915620399034138,1.0443926102607601,-8.126875573125092,corrected-two-halo,scale_dependent_camb
12,0.0,0.03362193,3000,3019,3009.5110465116277,1.4783781888017103e-05,1.351809882784461e-05,1.541864345782608e-05,4.371746311040851e-07,1.5456457310821295e-07,0.9143870580775827,1.0429431098630833,-8.188700908107638,corrected-two-halo,scale_dependent_camb
12,0.0,0.03362193,3020,3039,3029.5109735973597,1.4777785799229479e-05,1.352326809788594e-05,1.542354258920485e-05,4.4805748679862903e-07,1.5841224363835628e-07,0.9151078708009863,1.0436978041736835,-7.919322853652098,corrected-two-halo,scale_dependent_camb
12,0.0,0.03362193,3040,3059,3049.5109016393444,1.4771957707835896e-05,1.3538130869994967e-05,1.5441482374923937e-05,4.357524986576859e-07,1.540617733599158e-07,0.9164750629372277,1.045324030865109,-8.008650107892036,corrected-two-halo,scale_dependent_camb
12,0.0,0.03362193,3060,3079,3069.5108306188927,1.4766317012687782e-05,1.3506446051639507e-05,1.5403063096539242e-05,4.5983281559930774e-07,1.6257545106118686e-07,0.914679404487541,1.0431215233496844,-7.749453886331896,corrected-two-halo,scale_dependent_camb
12,0.0,0.03362193,3080,3099,3089.5107605177996,1.4760851205642358e-05,1.3491866300015732e-05,1.5389030646379353e-05,4.3062315191727635e-07,1.5224827542831546e-07,0.9140303707457227,1.0425571284464186,-8.334970639612367,corrected-two-halo,scale_dependent_camb
12,0.0,0.03362193,3100,3119,3109.510691318328,1.4755531428693e-05,1.3521215938491387e-05,1.542441939415556e-05,4.082857384187198e-07,1.4435080714881681e-07,0.9163489640365365,1.045331336841035,-8.550804214964376,corrected-two-halo,scale_dependent_camb
12,0.0,0.03362193,3120,3139,3129.5106230031947,1.475035240904237e-05,1.3519606266162218e-05,1.5421926017020473e-05,4.189237779452755e-07,1.4811192209269588e-07,0.9165615770559034,1.045529326307242,-8.309568368911517,corrected-two-halo,scale_dependent_camb
12,0.0,0.03362193,3140,3159,3149.5105555555556,1.4745309994930279e-05,1.3519082987045367e-05,1.5421062457056213e-05,4.2371610427600086e-07,1.4980626531575323e-07,0.9168395233259584,1.045828298106874,-8.185418715968517,corrected-two-halo,scale_dependent_camb
12,0.0,0.03362193,3160,3179,3169.5104889589907,1.4740408227303775e-05,1.3454161843144755e-05,1.534597807425742e-05,4.405835193864067e-07,1.5576979711858144e-07,0.9127401111065231,1.0410822982386567,-8.257354172322966,corrected-two-halo,scale_dependent_camb
12,0.0,0.03362193,3180,3199,3189.510423197492,1.4735660924689698e-05,1.3500690488729737e-05,1.539474897080694e-05,4.852579353187163e-07,1.7156458834422366e-07,0.916191717339888,1.0447274166720908,-7.1982828617415,corrected-two-halo,scale_dependent_camb
12,0.0,0.03362193,3200,3219,3209.5103582554516,1.4731055249887346e-05,1.3484894593664792e-05,1.5381122863713307e-05,4.3207124350298054e-07,1.5276025311833076e-07,0.915405879953367,1.044129059513977,-8.157623667049414,corrected-two-halo,scale_dependent_camb
12,0.0,0.03362193,3220,3239,3229.510294117647,1.4726571276382903e-05,1.3478129108273342e-05,1.537390861764067e-05,4.3148153775333444e-07,1.5255176065109104e-07,0.9152251977273422,1.0439570983027058,-8.183728347553703,corrected-two-halo,scale_dependent_camb
12,0.0,0.03362193,3240,3259,3249.510230769231,1.4722205256003987e-05,1.3446361958124875e-05,1.5337453668032234e-05,4.2931291376255385e-07,1.5178503628622864e-07,0.913338845934185,1.041790506335818,-8.405593391124476,corrected-two-halo,scale_dependent_camb
12,0.0,0.03362193,3260,3279,3269.5101681957185,1.471795086901939e-05,1.3466227909692249e-05,1.5361527330679642e-05,4.1155333714396165e-07,1.4550607775722434e-07,0.9149526336603039,1.043727314174893,-8.602547595404436,corrected-two-halo,scale_dependent_camb
12,0.0,0.03362193,3280,3299,3289.510106382979,1.4713809089146563e-05,1.3500671049502084e-05,1.5399423865854985e-05,4.258914138699367e-07,1.5057535339827933e-07,0.9175510547748419,1.046596688359519,-8.05668399419703,corrected-two-halo,scale_dependent_camb
12,0.0,0.03362193,3300,3319,3309.5100453172204,1.4709794699551968e-05,1.3487139530130774e-05,1.5384813184587823e-05,4.1625844861380023e-07,1.4716958587050507e-07,0.9168815612730181,1.045889048679681,-8.30779785231584,corrected-two-halo,scale_dependent_camb
12,0.0,0.03362193,3320,3339,3329.509984984985,1.4705900239241889e-05,1.3474108269465855e-05,1.5367570814350828e-05,4.442831086859098e-07,1.5707779945922337e-07,0.9162382479320059,1.0449935443831795,-7.84192275430877,corrected-two-halo,scale_dependent_camb
12,0.0,0.03362193,3340,3359,3349.509925373134,1.4702105755499799e-05,1.3479905177083156e-05,1.537558074981245e-05,4.289443127345984e-07,1.5165471614301883e-07,0.9168690119128384,1.0458080635191132,-8.05910036628231,corrected-two-halo,scale_dependent_camb
12,0.0,0.03362193,3360,3379,3369.5098664688426,1.4698403626722767e-05,1.3479766274647517e-05,1.537268695482681e-05,4.655315907191671e-07,1.6459027232704172e-07,0.9170904961502296,1.0458745959920535,-7.4040666853859465,corrected-two-halo,scale_dependent_camb
12,0.0,0.03362193,3380,3399,3389.509808259587,1.4694791862408836e-05,1.3468268351015197e-05,1.536191506364876e-05,4.353336167417501e-07,1.539136762382785e-07,0.9165334546499264,1.0453986152023365,-7.968905306990522,corrected-two-halo,scale_dependent_camb
12,0.0,0.03362193,3400,3419,3409.509750733138,1.469127197948179e-05,1.3427775494970032e-05,1.5316958168421647e-05,4.1747355446403754e-07,1.475991906637862e-07,0.9139967944044335,1.0425889732225846,-8.560321224185138,corrected-two-halo,scale_dependent_camb
12,0.0,0.03362193,3420,3439,3429.509693877551,1.4687856442517696e-05,1.344311754111203e-05,1.5334531774996656e-05,4.1760753277227635e-07,1.4764655914892998e-07,0.9152538761338614,1.0440278903194475,-8.430531050507637,corrected-two-halo,scale_dependent_camb
12,0.0,0.03362193,3440,3459,3449.5096376811593,1.4684544820026308e-05,1.3453851362294592e-05,1.534627720986578e-05,4.2513111007501467e-07,1.5030654541370372e-07,0.916191242369778,1.0450631870411824,-8.187889984061279,corrected-two-halo,scale_dependent_camb
12,0.0,0.03362193,3460,3479,3469.509582132565,1.468131337604543e-05,1.3429706929649238e-05,1.5314720631310422e-05,4.662821264458621e-07,1.6485562677797615e-07,0.9147483325001182,1.0431437732470503,-7.592136652283196,corrected-two-halo,scale_dependent_camb
12,0.0,0.03362193,3480,3499,3489.5095272206304,1.4678152736725236e-05,1.3460635868291367e-05,1.5354693595746944e-05,4.130067224183839e-07,1.4601992704883469e-07,0.9170524458852646,1.0460916895440786,-8.338018604999604,corrected-two-halo,scale_dependent_camb
12,0.0,0.03362193,3500,3519,3509.509472934473,1.4675075636159952e-05,1.3462124364285482e-05,1.535420077462566e-05,4.403988726522994e-07,1.5570451463967583e-07,0.9173461655703014,1.0462774540522515,-7.790084151904174,corrected-two-halo,scale_dependent_camb
12,0.0,0.03362193,3520,3539,3529.509419263456,1.4672078623314603e-05,1.3446244639361738e-05,1.533775435300439e-05,4.221393723047403e-07,1.4924880638125726e-07,0.9164512394307267,1.0453702400852731,-8.213358710698579,corrected-two-halo,scale_dependent_camb
12,0.0,0.03362193,3540,3559,3549.509366197183,1.4669152248289259e-05,1.3403949468552942e-05,1.5288259410842765e-05,4.3384074383720776e-07,1.5338586596115272e-07,0.9137507908895098,1.0422046994996392,-8.248496507864344,corrected-two-halo,scale_dependent_camb
12,0.0,0.03362193,3560,3579,3569.5093137254903,1.4666306256425356e-05,1.3432122553764272e-05,1.5322000312624814e-05,4.192947896676087e-07,1.4824309454507662e-07,0.9158490433049301,1.0447075115393964,-8.325404339733359,corrected-two-halo,scale_dependent_camb
12,0.0,0.03362193,3580,3599,3589.50926183844,1.466354284369696e-05,1.343380983356684e-05,1.5321341147508234e-05,4.475836538860048e-07,1.5824471840552328e-07,0.9161367056216764,1.0448594388697834,-7.771084068529627,corrected-two-halo,scale_dependent_camb
12,0.0,0.03362193,3600,3619,3609.5092105263157,1.4660842802437672e-05,1.3422643900310544e-05,1.5309564315803012e-05,4.3364428164271513e-07,1.5331640608616648e-07,0.9155438115794235,1.0442485825751762,-8.076101793249963,corrected-two-halo,scale_dependent_camb
12,0.0,0.03362193,3620,3639,3629.5091597796145,1.4658200093499208e-05,1.3417000678294791e-05,1.5301938516551307e-05,4.5042599447145416e-07,1.592496375567298e-07,0.915323886473969,1.0439166076971205,-7.79404860348434,corrected-two-halo,scale_dependent_camb
12,0.0,0.03362193,3640,3659,3649.509109589041,1.4655624118203815e-05,1.3430597975491652e-05,1.5321196364576734e-05,4.027985356402555e-07,1.4241078800161795e-07,0.9164125571977141,1.0454141182255219,-8.60205999771763,corrected-two-halo,scale_dependent_camb
12,0.0,0.03362193,3660,3679,3669.5090599455043,1.4653111386245559e-05,1.3415398671138453e-05,1.5300867654482058e-05,4.416991151352291e-07,1.5616421977810902e-07,0.9155324297699047,1.0442060563904898,-7.925712540719957,corrected-two-halo,scale_dependent_camb
12,0.0,0.03362193,3680,3699,3689.509010840108,1.4650658444244392e-05,1.3422383456547334e-05,1.531121530303899e-05,4.156186388098647e-07,1.4694337894498886e-07,0.9161624719891279,1.045087178935231,-8.358831793005704,corrected-two-halo,scale_dependent_camb
12,0.0,0.03362193,3700,3719,3709.508962264151,1.464826934933421e-05,1.339786517588717e-05,1.5284439788470078e-05,3.9734657646904033e-07,1.4048322935125872e-07,0.9146380952160827,1.0434297338453011,-8.900736260273307,corrected-two-halo,scale_dependent_camb
12,0.0,0.03362193,3720,3739,3729.508914209115,1.4645941439247343e-05,1.3406844536597178e-05,1.5291782742661736e-05,4.3072546243859254e-07,1.5228444766002017e-07,0.9153965685449414,1.044096947000191,-8.136726512063053,corrected-two-halo,scale_dependent_camb
12,0.0,0.03362193,3740,3759,3749.5088666666666,1.464366534461593e-05,1.340764748537655e-05,1.529402652226555e-05,4.1808946476065673e-07,1.478169478374572e-07,0.9155936829918181,1.0444124583800831,-8.361814239315319,corrected-two-halo,scale_dependent_camb
12,0.0,0.03362193,3760,3779,3769.5088196286474,1.4641439783101665e-05,1.3379163820465936e-05,1.5262446502554382e-05,4.036235260626945e-07,1.4270246616267824e-07,0.913787442947204,1.0424143204939071,-8.845509097206191,corrected-two-halo,scale_dependent_camb
12,0.0,0.03362193,3780,3799,3789.5087730870714,1.4639269532565395e-05,1.3406313866941714e-05,1.5294267136071875e-05,3.938622547563529e-07,1.3925133559582032e-07,0.9157775145214082,1.0447425059050537,-8.854174793715146,corrected-two-halo,scale_dependent_camb
12,0.0,0.03362193,3800,3819,3809.5087270341205,1.4637149755203891e-05,1.3404601650905233e-05,1.5288455137062085e-05,4.4108534112673686e-07,1.559472178963486e-07,0.9157931615845868,1.044496735549668,-7.903623552411689,corrected-two-halo,scale_dependent_camb
12,0.0,0.03362193,3820,3839,3829.508681462141,1.4635075512164895e-05,1.3352778317496221e-05,1.522849379275258e-05,4.490315703287212e-07,1.5875663417314142e-07,0.9123819215279887,1.040547674666552,-8.077125099982842,corrected-two-halo,scale_dependent_camb
12,0.0,0.03362193,3840,3859,3849.5086363636365,1.4633053140652205e-05,1.3405757917248269e-05,1.52929367697957e-05,4.029567257739743e-07,1.4246671665975264e-07,0.916128561031848,1.0450954167117912,-8.614610150208165,corrected-two-halo,scale_dependent_camb
12,0.0,0.03362193,3860,3879,3869.5085917312663,1.4631083555330633e-05,1.3388400317957441e-05,1.5269511303720855e-05,4.4619459451469157e-07,1.5775361175506014e-07,0.9150655361461293,1.0436350285319518,-7.877367900157323,corrected-two-halo,scale_dependent_camb
12,0.0,0.03362193,3880,3899,3889.5085475578408,1.4629157601911891e-05,1.3363451966367012e-05,1.5242810491162544e-05,4.2524250704529403e-07,1.503459301902478e-07,0.9134806206900482,1.0419472471313354,-8.41862253233762,corrected-two-halo,scale_dependent_camb
12,0.0,0.03362193,3900,3919,3909.5085038363172,1.4627271031340775e-05,1.338385887254697e-05,1.5264250229908437e-05,4.463944831906795e-07,1.5782428307419688e-07,0.9149935653663873,1.043547371016976,-7.878459097509402,corrected-two-halo,scale_dependent_camb
12,0.0,0.03362193,3920,3939,3929.5084605597963,1.4625428832577567e-05,1.3363456293032134e-05,1.5239768407361992e-05,4.630365081440228e-07,1.6370812742278928e-07,0.9137138094211338,1.0420048931089123,-7.708673719578309,corrected-two-halo,scale_dependent_camb
12,0.0,0.03362193,3940,3959,3949.508417721519,1.4623629652954195e-05,1.337826558038595e-05,1.5260386742345495e-05,4.2110560610653296e-07,1.4888331483680034e-07,0.9148389215179104,1.0435430262187106,-8.364698716799534,corrected-two-halo,scale_dependent_camb
12,0.0,0.03362193,3960,3979,3969.5083753148615,1.4621864357297885e-05,1.3407659954463257e-05,1.5292250387196225e-05,4.3507966704682436e-07,1.5382389146259737e-07,0.916959672640609,1.045848191004709,-7.893470847016404,corrected-two-halo,scale_dependent_camb
12,0.0,0.03362193,3980,3999,3989.508333333333,1.4620137145765887e-05,1.3353585073689774e-05,1.523138134400819e-05,4.289475619568583e-07,1.5165586491656562e-07,0.9133693439775347,1.0418083764979815,-8.35148757862358,corrected-two-halo,scale_dependent_camb
12,0.0,0.03362193,4000,4019,4009.5082917705736,1.4618456440011262e-05,1.3399641872871255e-05,1.528458064780647e-05,4.2173335016197e-07,1.4910525587602486e-07,0.916624947911459,1.0455673422518126,-8.174189165762222,corrected-two-halo,scale_dependent_camb
12,0.0,0.03362193,4020,4039,4029.5082506203476,1.4616818382494934e-05,1.3388503848664811e-05,1.5273392643065347e-05,4.013839061569558e-07,1.419106409513641e-07,0.9159656703882187,1.0449190954822785,-8.655549193461066,corrected-two-halo,scale_dependent_camb
12,0.0,0.03362193,4040,4059,4049.5082098765433,1.4615215110824854e-05,1.3378098184751212e-05,1.526010762347928e-05,4.2035111005785916e-07,1.4861656020060247e-07,0.9153541759944838,1.0441247362946293,-8.32421988776878,corrected-two-halo,scale_dependent_camb
12,0.0,0.03362193,4060,4079,4069.5081695331696,1.4613644267871246e-05,1.3376703412326345e-05,1.5258428823770105e-05,4.197439098439972e-07,1.4840188250622263e-07,0.9153571256511033,1.044122091935442,-8.335075233921208,corrected-two-halo,scale_dependent_camb
12,0.0,0.03362193,4080,4096,4088.005870123517,1.4612222335744821e-05,1.3354895780238292e-05,1.5232996770705601e-05,4.3048528354919623e-07,1.5219953159932517e-07,0.9139537760501479,1.0424832322351285,-8.26104090002406,corrected-two-halo,scale_dependent_camb
