n_realizations,seeds,segment_index,z_lo,z_hi,ell_min,ell_max,ell_effective,measured_uu,measured_uu_particle_shot,measured_uu_clustering,measured_2uh,measured_hh,measured_hh_parallel,measured_hh_residual,measured_coherent_total,measured_orthogonal_total,measured_total,cross_correlation,cross_correlation_jackknife_sem,linear_theory,corrected_two_halo_theory,one_halo_theory,particle_shot_theory,coherent_over_linear,coherent_over_linear_jackknife_sem,corrected_two_halo_over_linear,measured_total_over_baseline_total,measured_total_over_corrected_total,decomposition_valid,linear_power_evolution,two_halo_model
8,1386;2281;3253;4253;5237;6211;7213;8231,0,0.44933801,0.49256256,20,39,30.608333333333334,1.3467444729521367e-05,3.319547071127023e-08,1.3434249258810097e-05,9.343001363275456e-06,1.7783531026864227e-06,1.6244241265830633e-06,1.539289761033594e-07,2.4401674748668616e-05,1.8712444681462963e-07,2.4588799195483246e-05,0.955742100439716,0.0008142374578748254,2.4840662051214248e-05,2.4878611083758927e-05,1.2095590543843961e-12,3.357280978428278e-08,0.9823278742877075,0.01337793787334179,1.0015276981131356,0.9885247983389449,0.9870189665707506,True,scale_dependent_camb,castro_corrected_numerical_pbs_compensated_response
8,1386;2281;3253;4253;5237;6211;7213;8231,0,0.44933801,0.49256256,40,59,50.165,1.1163844048725074e-05,3.319547071127023e-08,1.1130648578013804e-05,7.697884600097286e-06,1.4903006893435756e-06,1.3309518062016893e-06,1.5934888314188636e-07,2.015948498431278e-05,1.925443538531566e-07,2.035202933816593e-05,0.9450269935990161,0.0007617624650345718,2.0507585192946e-05,2.0562414273868323e-05,7.626715748697332e-12,3.3572809784282775e-08,0.9830257826380768,0.01434368687254621,1.0026736000560994,0.9907923291846217,0.9881547176704406,True,scale_dependent_camb,castro_corrected_numerical_pbs_compensated_response
8,1386;2281;3253;4253;5237;6211;7213;8231,0,0.44933801,0.49256256,60,79,69.975,9.1861001645742e-06,3.319547071127023e-08,9.15290469386293e-06,6.3081381512211965e-06,1.2478963081481856e-06,1.0868846630068572e-06,1.6101164514132832e-07,1.6547927508090984e-05,1.9420711585259854e-07,1.674213462394358e-05,0.933259630732044,0.0005255671615479997,1.7007796372156095e-05,1.7082047546162333e-05,2.7388885512445254e-11,3.357280978428278e-08,0.9729612905750697,0.006324475181510086,1.0043657139573823,0.9824391184350095,0.9781770969783293,True,scale_dependent_camb,castro_corrected_numerical_pbs_compensated_response
8,1386;2281;3253;4253;5237;6211;7213;8231,0,0.44933801,0.49256256,80,99,89.86944444444444,7.691370600639532e-06,3.319547071127023e-08,7.658175129928261e-06,5.333746650869451e-06,1.0922083087953463e-06,9.287086300913435e-07,1.6349967870400286e-07,1.3920630410889056e-05,1.9669514941527308e-07,1.4117325560304327e-05,0.9221190679286518,0.0008258466216800616,1.4326349024978364e-05,1.4420312150601886e-05,7.225513474385209e-11,3.357280978428277e-08,0.9716802506080281,0.011879912988117412,1.0065587628403925,0.983101070371346,0.9767100697617186,True,scale_dependent_camb,castro_corrected_numerical_pbs_compensated_response
8,1386;2281;3253;4253;5237;6211;7213;8231,0,0.44933801,0.49256256,100,119,109.80227272727272,6.188094235932811e-06,3.319547071127023e-08,6.15489876522154e-06,4.279600065402855e-06,9.088986153942833e-07,7.439186824357496e-07,1.6497993295853367e-07,1.1178417513060144e-05,1.981754036698039e-07,1.1376592916729949e-05,0.9047008781120881,0.0007293505090105885,1.1576263217928792e-05,1.1683997120963493e-05,1.572481600713758e-10,3.3572809784282775e-08,0.9656326314131763,0.006944198513648558,1.0093064489815546,0.9798965982496967,0.9708873353194339,True,scale_dependent_camb,castro_corrected_numerical_pbs_compensated_response
8,1386;2281;3253;4253;5237;6211;7213;8231,0,0.44933801,0.49256256,120,139,129.75576923076923,4.967840744598466e-06,3.319547071127023e-08,4.934645273887195e-06,3.4365617540573626e-06,7.65134655402832e-07,5.983184217893485e-07,1.6681623361348347e-07,8.969525449733906e-06,2.000117043247537e-07,9.169537154058663e-06,0.8842951657541842,0.0007552797854112889,9.350583251426001e-06,9.468459895670555e-06,3.00127611546934e-10,3.3572809784282775e-08,0.9592476970210407,0.004524444145587096,1.0126063413452393,0.9770984028867686,0.9649774760730698,True,scale_dependent_camb,castro_corrected_numerical_pbs_compensated_response
8,1386;2281;3253;4253;5237;6211;7213;8231,0,0.44933801,0.49256256,140,159,149.72166666666666,4.250595235983017e-06,3.319547071127023e-08,4.217399765271746e-06,2.94256340921619e-06,6.79705618260452e-07,5.132712037733568e-07,1.664344144870952e-07,7.673234378261293e-06,1.9962988519836543e-07,7.87286426345966e-06,0.868986480691961,0.0011185714426529196,7.990841615875322e-06,8.121649775991893e-06,5.207741318305892e-10,3.3572809784282795e-08,0.9602535936911775,0.007709136566683139,1.0163697600834305,0.9810501975971434,0.965315350917131,True,scale_dependent_camb,castro_corrected_numerical_pbs_compensated_response
8,1386;2281;3253;4253;5237;6211;7213;8231,0,0.44933801,0.49256256,160,179,169.6955882352941,3.7086241286285203e-06,3.319547071127023e-08,3.67542865791725e-06,2.575377714089993e-06,6.175675128071094e-07,4.511426412769678e-07,1.6642487153014163e-07,6.70194901328421e-06,1.9962034224141186e-07,6.901569355525623e-06,0.8547019956784524,0.000907479405235957,6.95731708720345e-06,7.100505294005859e-06,8.405090309102514e-10,3.3572809784282795e-08,0.9632950358998389,0.005011359395746196,1.020580951681184,0.9871046157020861,0.9672947555594938,True,scale_dependent_camb,castro_corrected_numerical_pbs_compensated_response
8,1386;2281;3253;4253;5237;6211;7213;8231,0,0.44933801,0.49256256,180,199,189.675,3.126399933761079e-06,3.319547071127023e-08,3.0932044630498086e-06,2.1673230632610067e-06,5.465914932971857e-07,3.796458750670239e-07,1.6694561823016176e-07,5.6401734013778396e-06,2.0014108894143198e-07,5.840314490319271e-06,0.833408467412213,0.0008803702681703815,5.875567778164914e-06,6.02427881041399e-06,1.2813763137712817e-09,3.3572809784282775e-08,0.9599367438731864,0.007168189909833079,1.0253100700840732,0.9881383301619414,0.9638861688101686,True,scale_dependent_camb,castro_corrected_numerical_pbs_compensated_response
8,1386;2281;3253;4253;5237;6211;7213;8231,0,0.44933801,0.49256256,200,219,209.65833333333333,2.643196079844108e-06,3.319547071127023e-08,2.6100006091328376e-06,1.8423219205781777e-06,4.901864083153292e-07,3.251100830365858e-07,1.650763252787434e-07,4.777432612747601e-06,1.9827179599001363e-07,4.9757044087376145e-06,0.8143940404424492,0.001192610006159586,4.975251714604647e-06,5.1272143314762445e-06,1.865414478465839e-09,3.3572809784282775e-08,0.9602393781853577,0.005075688640986959,1.0305437042362133,0.9930178217856981,0.9637883539550689,True,scale_dependent_camb,castro_corrected_numerical_pbs_compensated_response
8,1386;2281;3253;4253;5237;6211;7213;8231,0,0.44933801,0.49256256,220,239,229.64456521739132,2.3441186188757322e-06,3.319547071127023e-08,2.310923148164462e-06,1.641184392836298e-06,4.550947857272119e-07,2.913863896154283e-07,1.637083961117836e-07,4.243493930616188e-06,1.9690386682305383e-07,4.440397797439243e-06,0.8001726469805772,0.0015169594595253679,4.383442911866637e-06,4.5420846552760896e-06,2.6139450069943445e-09,3.357280978428278e-08,0.9680732738935447,0.006021011213656922,1.0361911279784175,1.0046990658375756,0.969885225169275,True,scale_dependent_camb,castro_corrected_numerical_pbs_compensated_response
8,1386;2281;3253;4253;5237;6211;7213;8231,0,0.44933801,0.49256256,240,259,249.633,2.091931459931375e-06,3.319547071127023e-08,2.0587359892201048e-06,1.4759596542533068e-06,4.284650430170219e-07,2.645381574410604e-07,1.6392688557596154e-07,3.7992338009144718e-06,1.9712235628723176e-07,3.9963561572017044e-06,0.7857537540159366,0.0015265602230679625,3.9171627879299526e-06,4.082591476269399e-06,3.546902327347216e-09,3.357280978428277e-08,0.9698942848689214,0.005125307991422153,1.042231762450411,1.010640023103984,0.9700573594752886,True,scale_dependent_camb,castro_corrected_numerical_pbs_compensated_response
8,1386;2281;3253;4253;5237;6211;7213;8231,0,0.44933801,0.49256256,260,279,269.6231481481482,1.8615274136254577e-06,3.319547071127023e-08,1.8283319429141874e-06,1.3137204277276203e-06,3.9799445702460583e-07,2.359885152307166e-07,1.6200594179388923e-07,3.378040885872524e-06,1.9520141250515945e-07,3.5732422983776842e-06,0.7700287175777272,0.0009038344791655862,3.437221106570323e-06,3.604668962057157e-06,4.68222679218142e-09,3.3572809784282775e-08,0.9827825388990326,0.0024879734443354075,1.0487160558762874,1.0281302909886691,0.9808720411729497,True,scale_dependent_camb,castro_corrected_numerical_pbs_compensated_response
8,1386;2281;3253;4253;5237;6211;7213;8231,0,0.44933801,0.49256256,280,299,289.6146551724138,1.6393696473340165e-06,3.319547071127023e-08,1.6061741766227461e-06,1.1600118646584757e-06,3.710339637965979e-07,2.094460777874421e-07,1.6158788600915578e-07,2.9756321190686644e-06,1.94783356720426e-07,3.1704154757890905e-06,0.751327496259478,0.0020495195837825875,3.0120284735383335e-06,3.1795950021394516e-06,6.0353389710448955e-09,3.357280978428279e-08,0.9879163312068849,0.005797425860419205,1.0556324517092868,1.0389230004082703,0.9848447976661154,True,scale_dependent_camb,castro_corrected_numerical_pbs_compensated_response
8,1386;2281;3253;4253;5237;6211;7213;8231,0,0.44933801,0.49256256,300,319,309.60725806451615,1.4707778861807052e-06,3.319547071127023e-08,1.4375824154694348e-06,1.0434011840385246e-06,3.485458077024841e-07,1.893258464937279e-07,1.592199612087562e-07,2.6703094460016875e-06,1.9241543192002643e-07,2.8627248779217146e-06,0.7370127854587503,0.0008757569769216503,2.7012681557775827e-06,2.8711969050605034e-06,7.61870940812642e-09,3.3572809784282795e-08,0.9885391941893368,0.0041419938670983905,1.0629070271751697,1.0438530433279893,0.982947485329352,True,scale_dependent_camb,castro_corrected_numerical_pbs_compensated_response
8,1386;2281;3253;4253;5237;6211;7213;8231,0,0.44933801,0.49256256,320,339,329.6007575757576,1.3283677239315262e-06,3.319547071127023e-08,1.2951722532202558e-06,9.524304976622881e-07,3.3485215884173455e-07,1.750971445345983e-07,1.5975501430713625e-07,2.422699895417142e-06,1.9295048501840648e-07,2.6156503804355492e-06,0.7231243405374018,0.0009104924246360023,2.4524819409983075e-06,2.625403314761948e-06,9.441532763306011e-09,3.3572809784282795e-08,0.9878563649814105,0.002866048980021943,1.0705087245997216,1.048148377411696,0.9802252556943463,True,scale_dependent_camb,castro_corrected_numerical_pbs_compensated_response
8,1386;2281;3253;4253;5237;6211;7213;8231,0,0.44933801,0.49256256,340,359,349.595,1.1968938785045862e-06,3.319547071127023e-08,1.1636984077933158e-06,8.607337299443351e-07,3.157142356466604e-07,1.5916120295909868e-07,1.565530326875617e-07,2.1835933406967495e-06,1.8974850339883193e-07,2.3733418440955817e-06,0.7100215398549093,0.0019728243596809844,2.208881595232865e-06,2.3821885421401204e-06,1.1509510108156713e-08,3.357280978428279e-08,0.9885515572266563,0.005761666684286175,1.07845913845327,1.0529635493138054,0.9777820354619101,True,scale_dependent_camb,castro_corrected_numerical_pbs_compensated_response
8,1386;2281;3253;4253;5237;6211;7213;8231,0,0.44933801,0.49256256,360,379,369.58986486486486,1.0975493807638584e-06,3.319547071127023e-08,1.064353910052588e-06,7.901260668041326e-07,3.0226778420801126e-07,1.4663806736344937e-07,1.556297168445619e-07,2.00111804422017e-06,1.8882518755583211e-07,2.1899432317760022e-06,0.696510123124251,0.001916167884106949,1.9845078081102707e-06,2.156662375331782e-06,1.3824739880167446e-08,3.357280978428277e-08,1.0083699525101473,0.0027386556332167074,1.0867492516370816,1.077778166879957,0.9935951409214728,True,scale_dependent_camb,castro_corrected_numerical_pbs_compensated_response
8,1386;2281;3253;4253;5237;6211;7213;8231,0,0.44933801,0.49256256,380,399,389.5852564102564,9.951662959020317e-07,3.319547071127023e-08,9.619708251907614e-07,7.212619367726246e-07,2.8965543430306555e-07,1.3519609114284644e-07,1.544593431602191e-07,1.8184288531062325e-06,1.8765481387148933e-07,2.0060836669777225e-06,0.6831895695132352,0.0018760890818838433,1.8043071325612043e-06,1.976304228057465e-06,1.638571393543957e-08,3.357280978428278e-08,1.00782667223899,0.004240774998242814,1.0953258413672131,1.0818750054408575,0.9900412299531408,True,scale_dependent_camb,castro_corrected_numerical_pbs_compensated_response
8,1386;2281;3253;4253;5237;6211;7213;8231,0,0.44933801,0.49256256,400,419,409.5810975609756,9.132569962589304e-07,3.319547071127023e-08,8.800615255476602e-07,6.601389332877658e-07,2.76637025436273e-07,1.2379345039857365e-07,1.5284357503769933e-07,1.6639939092339995e-06,1.8603904574896955e-07,1.8500329549829692e-06,0.6689500350776925,0.001533457240792378,1.6554252596978712e-06,1.8278439334683024e-06,1.918741050173874e-08,3.357280978428279e-08,1.0051761017212533,0.0038588968643976547,1.1041537047718475,1.083039855250622,0.9837439480763008,True,scale_dependent_camb,castro_corrected_numerical_pbs_compensated_response
8,1386;2281;3253;4253;5237;6211;7213;8231,0,0.44933801,0.49256256,420,439,429.57732558139537,8.415958506452596e-07,3.319547071127023e-08,8.084003799339894e-07,6.136329650021519e-07,2.6860765188168826e-07,1.16447686407594e-07,1.5215996547409428e-07,1.5384810313437352e-06,1.853554361853645e-07,1.7238364675291e-06,0.658424893251455,0.0014391659996436561,1.516555126356381e-06,1.688274729603819e-06,2.2221472451847895e-08,3.3572809784282775e-08,1.0144577039148142,0.0040751895679555965,1.1132300437109761,1.0963443990939596,0.9883992295181571,True,scale_dependent_camb,castro_corrected_numerical_pbs_compensated_response
8,1386;2281;3253;4253;5237;6211;7213;8231,0,0.44933801,0.49256256,440,459,449.5738888888889,7.800186148116034e-07,3.319547071127023e-08,7.468231441003332e-07,5.722136006423721e-07,2.590657127783361e-07,1.0960707610184856e-07,1.4945863667648754e-07,1.4286438208445538e-06,1.8265410738775777e-07,1.6112979282323117e-06,0.6504506128745737,0.0017908463563317972,1.3870021232422717e-06,1.5569704054443177e-06,2.5476459505615675e-08,3.357280978428278e-08,1.0300228073948006,0.006559684878384577,1.12254363519266,1.1142743173261496,0.9970781627379128,True,scale_dependent_camb,castro_corrected_numerical_pbs_compensated_response
8,1386;2281;3253;4253;5237;6211;7213;8231,0,0.44933801,0.49256256,460,479,469.5707446808511,7.189108359402209e-07,3.319547071127023e-08,6.857153652289507e-07,5.300199736601179e-07,2.5154337816060297e-07,1.0241901622872211e-07,1.4912436193188086e-07,1.3181543551177908e-06,1.823198326431511e-07,1.5004741877609417e-06,0.6380928164687624,0.002229550303616545,1.2756742915502162e-06,1.4441368463749223e-06,2.8938161101883293e-08,3.357280978428278e-08,1.0333000859615602,0.0071841774612392845,1.1320576544816845,1.1212753793365549,0.99590240703274,True,scale_dependent_camb,castro_corrected_numerical_pbs_compensated_response
8,1386;2281;3253;4253;5237;6211;7213;8231,0,0.44933801,0.49256256,480,499,489.5678571428571,6.690444277119487e-07,3.319547071127023e-08,6.358489570006785e-07,4.901037505233999e-07,2.4312570705081126e-07,9.444133061495558e-08,1.4868437643585568e-07,1.2203940381390339e-06,1.818798471471259e-07,1.4022738852861598e-06,0.6232547654673829,0.0013501324215074583,1.180477678458533e-06,1.3477964186426021e-06,3.258995452327598e-08,3.357280978428276e-08,1.0338137352437056,0.0034612552416824287,1.1417381651828893,1.1248422858597007,0.9917357602645784,True,scale_dependent_camb,castro_corrected_numerical_pbs_compensated_response
8,1386;2281;3253;4253;5237;6211;7213;8231,0,0.44933801,0.49256256,500,512,506.02764067127345,6.303038090228097e-07,3.319547071127023e-08,5.971083383115395e-07,4.6243694489457795e-07,2.3687967743088733e-07,8.953481063760342e-08,1.473448667932839e-07,1.1490800938437209e-06,1.8054033750455413e-07,1.329620431348275e-06,0.614797451018717,0.0011101288958538214,1.1084747826990525e-06,1.2745829107850821e-06,3.572152661805829e-08,3.3572809784282775e-08,1.0366316958927992,0.0048522087258797125,1.149852870519588,1.128931307320012,0.9893912811836156,True,scale_dependent_camb,castro_corrected_numerical_pbs_compensated_response
8,1386;2281;3253;4253;5237;6211;7213;8231,1,0.40720486,0.44933801,20,39,30.608333333333334,1.6168611948147393e-05,3.987073862891348e-08,1.612874120951848e-05,1.1743894730258595e-05,2.345010513189053e-06,2.137784059583053e-06,2.0722645360600002e-07,3.001041999936013e-05,2.470971922349135e-07,3.0257517191595047e-05,0.9547936459617149,0.0004955113736173053,3.0410954370741488e-05,3.0465527903828487e-05,2.5297320991588756e-12,3.930085518748611e-08,0.9868292732119346,0.012387261965344508,1.0017945353645168,0.9936703142018496,0.9918926253086916,True,scale_dependent_camb,castro_corrected_numerical_pbs_compensated_response
8,1386;2281;3253;4253;5237;6211;7213;8231,1,0.40720486,0.44933801,40,59,50.165,1.3156701418905208e-05,3.987073862891348e-08,1.3116830680276294e-05,9.585745836943174e-06,1.9593403612931515e-06,1.751309548209741e-06,2.0803081308341054e-07,2.445388606542921e-05,2.47901551712324e-07,2.4701787617141537e-05,0.9454237659347288,0.0008806268901580568,2.4545878857097025e-05,2.4625781101208635e-05,1.593182155006881e-11,3.930085518748611e-08,0.9962522103118253,0.013508212372131068,1.0032552203397072,1.0047423650689322,1.0014875160475805,True,scale_dependent_camb,castro_corrected_numerical_pbs_compensated_response
8,1386;2281;3253;4253;5237;6211;7213;8231,1,0.40720486,0.44933801,60,79,69.975,1.0726334964060922e-05,3.987073862891348e-08,1.0686464225432008e-05,7.735352300885721e-06,1.6144552003971944e-06,1.3998005784836451e-06,2.1465462191354924e-07,1.9821617104801374e-05,2.545253605424627e-07,2.007614246534384e-05,0.9311509382252756,0.0013675385102103115,2.0250078552899985e-05,2.0359235003950046e-05,5.71132422191793e-11,3.93008551874861e-08,0.9788414920475826,0.013152693472320206,1.0053904211168814,0.9894874332383936,0.9841925123231529,True,scale_dependent_camb,castro_corrected_numerical_pbs_compensated_response
8,1386;2281;3253;4253;5237;6211;7213;8231,1,0.40720486,0.44933801,80,99,89.86944444444444,8.86569687847345e-06,3.987073862891348e-08,8.825826139844535e-06,6.4697047522607205e-06,1.4004796097904027e-06,1.1856419704570074e-06,2.1483763933339523e-07,1.6481172862562264e-05,2.547083779623087e-07,1.673588124052457e-05,0.9201071110789638,0.0007108122049180319,1.658492829931257e-05,1.6720548458518323e-05,1.5032069466804735e-10,3.930085518748611e-08,0.9937439924443564,0.008055947929353042,1.0081773135679684,1.0067071234445903,0.9985609549879463,True,scale_dependent_camb,castro_corrected_numerical_pbs_compensated_response
8,1386;2281;3253;4253;5237;6211;7213;8231,1,0.40720486,0.44933801,100,119,109.80227272727272,6.93247833071829e-06,3.987073862891348e-08,6.892607592089377e-06,5.029802772291273e-06,1.1369488993900783e-06,9.176104830479707e-07,2.1933841634210758e-07,1.2840020847428619e-05,2.5920915497102105e-07,1.3099230002399643e-05,0.8983771772975733,0.0009753789210589001,1.3034938592087277e-05,1.318724682238515e-05,3.261966870293568e-10,3.93008551874861e-08,0.9850465160781823,0.00704715118439708,1.011684614332616,1.0018864380744643,0.990349656837023,True,scale_dependent_camb,castro_corrected_numerical_pbs_compensated_response
8,1386;2281;3253;4253;5237;6211;7213;8231,1,0.40720486,0.44933801,120,139,129.75576923076923,5.610759734571754e-06,3.987073862891348e-08,5.570888995942841e-06,4.079146993767249e-06,9.65139117010638e-07,7.467138642000647e-07,2.1842525281057338e-07,1.0396749853910156e-05,2.5829599143948685e-07,1.0655045845349642e-05,0.8795937777820401,0.001222092940099434,1.0655310223859205e-05,1.0824160113671182e-05,6.204477965744895e-10,3.93008551874861e-08,0.975734130258349,0.00552085896173491,1.0158465484593673,0.9962426543649135,0.9807590201795491,True,scale_dependent_camb,castro_corrected_numerical_pbs_compensated_response
8,1386;2281;3253;4253;5237;6211;7213;8231,1,0.40720486,0.44933801,140,159,149.72166666666666,4.802789577234844e-06,3.987073862891348e-08,4.762918838605931e-06,3.4992293810555553e-06,8.640408897815261e-07,6.427049607686756e-07,2.2133592901285044e-07,8.904853180430162e-06,2.612066676417639e-07,9.166059848071926e-06,0.8624594364224959,0.0013050116269562662,9.171441390488898e-06,9.360049090606998e-06,1.072313459070332e-09,3.9300855187486097e-08,0.9709327903097984,0.004041206760763463,1.0205646737614977,0.9950330403668242,0.9750689485303783,True,scale_dependent_camb,castro_corrected_numerical_pbs_compensated_response
8,1386;2281;3253;4253;5237;6211;7213;8231,1,0.40720486,0.44933801,160,179,169.6955882352941,4.075594611598072e-06,3.987073862891348e-08,4.0357238729691585e-06,2.96816984075221e-06,7.674243202707173e-07,5.457529108073795e-07,2.216714094633378e-07,7.549646624528748e-06,2.6154214809225127e-07,7.811188772620999e-06,0.8432964095402684,0.0015785361138062066,7.714781588397141e-06,7.914631198808272e-06,1.7229112534968392e-09,3.93008551874861e-08,0.9785949917082872,0.006476137057493761,1.0259047658214588,1.0071408983656773,0.9818410686160609,True,scale_dependent_camb,castro_corrected_numerical_pbs_compensated_response
8,1386;2281;3253;4253;5237;6211;7213;8231,1,0.40720486,0.44933801,180,199,189.675,3.384739281619969e-06,3.987073862891348e-08,3.344868542991055e-06,2.486939643001271e-06,6.805888444638527e-07,4.622654603938967e-07,2.1832338406995598e-07,6.294073646386223e-06,2.5819412269886945e-07,6.552267769085092e-06,0.824144395008037,0.0012926082430896287,6.407633410089524e-06,6.612073120957768e-06,2.613537937915963e-09,3.9300855187486097e-08,0.9822774249968033,0.0043262057396017736,1.031905650305514,1.01592669269293,0.9847129642514676,True,scale_dependent_camb,castro_corrected_numerical_pbs_compensated_response
8,1386;2281;3253;4253;5237;6211;7213;8231,1,0.40720486,0.44933801,200,219,209.65833333333333,2.933073792620156e-06,3.987073862891348e-08,2.8932030539912425e-06,2.1732688988666202e-06,6.26696191061632e-07,4.081201369763268e-07,2.1857605408530524e-07,5.47459208983419e-06,2.584467927142187e-07,5.733038882548408e-06,0.8069850409477839,0.0014783678745122673,5.550671953581913e-06,5.764102231242642e-06,3.7840045080508694e-09,3.930085518748609e-08,0.9862935759158623,0.005130259610460255,1.0384512504874297,1.024899557474568,0.9872316480890594,True,scale_dependent_camb,castro_corrected_numerical_pbs_compensated_response
8,1386;2281;3253;4253;5237;6211;7213;8231,1,0.40720486,0.44933801,220,239,229.64456521739132,2.585315882275928e-06,3.987073862891348e-08,2.5454451436470144e-06,1.8974469846483055e-06,5.705042983328932e-07,3.5360269583266e-07,2.1690160250023318e-07,4.7964948241279795e-06,2.5677234112914665e-07,5.053267165257128e-06,0.7872783765826017,0.001406791318488573,4.911474543610192e-06,5.1348776544787026e-06,5.271078342597089e-09,3.9300855187486097e-08,0.9765895723450708,0.004999086203671713,1.0454859551617053,1.0196165811933529,0.9756378702779945,True,scale_dependent_camb,castro_corrected_numerical_pbs_compensated_response
8,1386;2281;3253;4253;5237;6211;7213;8231,1,0.40720486,0.44933801,240,259,249.633,2.263025042463273e-06,3.987073862891348e-08,2.2231543038343593e-06,1.6782799568150308e-06,5.290458503152648e-07,3.1673730525464683e-07,2.12308545060618e-07,4.218171565904037e-06,2.521792836895315e-07,4.470350849593569e-06,0.7737540809910669,0.0013117460066911946,4.260643077003112e-06,4.486775562565802e-06,7.107095564676679e-09,3.9300855187486097e-08,0.9900316665039803,0.0043746952461619325,1.0530747310853716,1.037914531494047,0.986139395517565,True,scale_dependent_camb,castro_corrected_numerical_pbs_compensated_response
8,1386;2281;3253;4253;5237;6211;7213;8231,1,0.40720486,0.44933801,260,279,269.6231481481482,1.9823899409900496e-06,3.987073862891348e-08,1.942519202361136e-06,1.4811490623403266e-06,4.949508387162449e-07,2.82339878829133e-07,2.1261095988711193e-07,3.7060081435305956e-06,2.524816985160254e-07,3.958489842046621e-06,0.7552749481353116,0.0021546895437013543,3.701522342203828e-06,3.928060969294735e-06,9.318793784845404e-09,3.9300855187486116e-08,1.001211880116357,0.004730667107707925,1.0612014750006966,1.0555573232588769,0.9954256381221852,True,scale_dependent_camb,castro_corrected_numerical_pbs_compensated_response
8,1386;2281;3253;4253;5237;6211;7213;8231,1,0.40720486,0.44933801,280,299,289.6146551724138,1.7647901302009963e-06,3.987073862891348e-08,1.7249193915720828e-06,1.328199970185936e-06,4.661162802145746e-07,2.5568081172681864e-07,2.1043546848775598e-07,3.3088001734848375e-06,2.5030620711666945e-07,3.5591063806015063e-06,0.7406310788195896,0.0017804294330391376,3.3038511490276747e-06,3.5343411769152653e-06,1.1926402115315502e-08,3.930085518748611e-08,1.001497956243767,0.0070316904422097785,1.0697640473165457,1.0608116859165089,0.9926198442166029,True,scale_dependent_camb,castro_corrected_numerical_pbs_compensated_response
8,1386;2281;3253;4253;5237;6211;7213;8231,1,0.40720486,0.44933801,300,319,309.60725806451615,1.5793172693766865e-06,3.987073862891348e-08,1.539446530747773e-06,1.1919566121714722e-06,4.410193698531952e-07,2.307258707792162e-07,2.10293499073979e-07,2.9621290136984618e-06,2.501642377028925e-07,3.212293251401354e-06,0.7233014149376294,0.0009712081727902995,2.970287735784734e-06,3.204150951285819e-06,1.4943010489849258e-08,3.93008551874861e-08,0.997253221636416,0.0035276738353138483,1.0787341955742544,1.062079579478859,0.9858514489030623,True,scale_dependent_camb,castro_corrected_numerical_pbs_compensated_response
8,1386;2281;3253;4253;5237;6211;7213;8231,1,0.40720486,0.44933801,320,339,329.6007575757576,1.4330369677944195e-06,3.987073862891348e-08,1.393166229165506e-06,1.088250917019016e-06,4.199850534734386e-07,2.1251772286751963e-07,2.0746733060591895e-07,2.6939348690520416e-06,2.4733806923483245e-07,2.9412729382868735e-06,0.7113456162159826,0.001956946359320048,2.6438201270112717e-06,2.8768446756972065e-06,1.8374224079186366e-08,3.93008551874861e-08,1.0189554279917759,0.007254393305360775,1.0881393353145243,1.0887574153201216,1.002301290802889,True,scale_dependent_camb,castro_corrected_numerical_pbs_compensated_response
8,1386;2281;3253;4253;5237;6211;7213;8231,1,0.40720486,0.44933801,340,359,349.595,1.2839873677939972e-06,3.987073862891348e-08,1.2441166291650837e-06,9.768905465590802e-07,3.9893479756049184e-07,1.9176561055150663e-07,2.071691870089852e-07,2.4127727862756704e-06,2.4703992563789867e-07,2.659812711913569e-06,0.6933210783943952,0.0009734142415455807,2.365685373277634e-06,2.597379919771693e-06,2.221809377099259e-08,3.93008551874861e-08,1.019904342956983,0.004705437146207318,1.0979397129944837,1.0958338725530783,1.0003436923435278,True,scale_dependent_camb,castro_corrected_numerical_pbs_compensated_response
8,1386;2281;3253;4253;5237;6211;7213;8231,1,0.40720486,0.44933801,360,379,369.58986486486486,1.1690648146015992e-06,3.987073862891348e-08,1.1291940759726858e-06,8.909926532301264e-07,3.8062393356123535e-07,1.7575984611551915e-07,2.048640874457162e-07,2.195946575318331e-06,2.4473482607462967e-07,2.440681401392961e-06,0.6795349294637407,0.0013554090028510411,2.1479389301199583e-06,2.3800482534457817e-06,2.646530399183991e-08,3.9300855187486097e-08,1.0223505633820287,0.0051866855113978,1.108061416491418,1.1025323170601384,0.9979013079628403,True,scale_dependent_camb,castro_corrected_numerical_pbs_compensated_response
8,1386;2281;3253;4253;5237;6211;7213;8231,1,0.40720486,0.44933801,380,399,389.5852564102564,1.0705269120361973e-06,3.987073862891348e-08,1.0306561734072838e-06,8.244027903413802e-07,3.670351046107497e-07,1.648561320104956e-07,2.0217897260025408e-07,2.0199150957591594e-06,2.4204971122916755e-07,2.261964806988327e-06,0.6701912463501922,0.002009943028223342,1.9556479031274782e-06,2.1873570249061757e-06,3.109958937626952e-08,3.93008551874861e-08,1.0328623534578514,0.0034834323428972573,1.1184820239922266,1.1164416730557936,1.001863502867464,True,scale_dependent_camb,castro_corrected_numerical_pbs_compensated_response
8,1386;2281;3253;4253;5237;6211;7213;8231,1,0.40720486,0.44933801,400,419,409.5810975609756,9.75033467164266e-07,3.987073862891348e-08,9.351627285353526e-07,7.476602786310485e-07,3.505137217718807e-07,1.4943813391658417e-07,2.0107558785529655e-07,1.8322611410829855e-06,2.4094632648421005e-07,2.0732074675671953e-06,0.6529474133487911,0.0012385907361171684,1.774791610293511e-06,2.0040869322036437e-06,3.609834255133173e-08,3.930085518748609e-08,1.0323810020602757,0.0028470168945258735,1.1291956309576043,1.1205371135596787,0.9969806663844206,True,scale_dependent_camb,castro_corrected_numerical_pbs_compensated_response
8,1386;2281;3253;4253;5237;6211;7213;8231,1,0.40720486,0.44933801,420,439,429.57732558139537,8.989374687480374e-07,3.987073862891348e-08,8.590667301191239e-07,6.881103665783112e-07,3.3746702315833493e-07,1.377936835380878e-07,1.9967333962024713e-07,1.684970780235523e-06,2.3954407824916063e-07,1.9245148584846835e-06,0.638997243508534,0.0016213063738518751,1.6183169843982715e-06,1.8451405419001831e-06,4.1433370074884916e-08,3.930085518748611e-08,1.041187107643213,0.0069674546083936416,1.1401601538441803,1.1326997370897807,0.9992938748141582,True,scale_dependent_camb,castro_corrected_numerical_pbs_compensated_response
8,1386;2281;3253;4253;5237;6211;7213;8231,1,0.40720486,0.44933801,440,459,449.5738888888889,8.260176565167345e-07,3.987073862891348e-08,7.86146917887821e-07,6.392845638663104e-07,3.293559422790233e-07,1.2996449655230218e-07,1.9939144572672114e-07,1.5553959783064334e-06,2.3926218435563464e-07,1.7946581626620683e-06,0.628173501857628,0.001496375603557931,1.4868830203000417e-06,1.7118824107825663e-06,4.707175629003934e-08,3.930085518748611e-08,1.0460782435948233,0.004447973412574502,1.1513228595731233,1.1407288977153358,0.9979998056151664,True,scale_dependent_camb,castro_corrected_numerical_pbs_compensated_response
8,1386;2281;3253;4253;5237;6211;7213;8231,1,0.40720486,0.44933801,460,479,469.5707446808511,7.659560094547749e-07,3.987073862891348e-08,7.260852708258614e-07,5.959737033826267e-07,3.193867263445985e-07,1.2229440170285036e-07,1.9709232464174815e-07,1.4443533759113385e-06,2.3696306327066162e-07,1.6813164391820002e-06,0.6187922372860089,0.0017086346392739772,1.3685500780532516e-06,1.5911557718239846e-06,5.297679442687933e-08,3.930085518748611e-08,1.0553894951114366,0.004130150204348931,1.162658054930213,1.1509340953340332,0.9987424615494797,True,scale_dependent_camb,castro_corrected_numerical_pbs_compensated_response
8,1386;2281;3253;4253;5237;6211;7213;8231,1,0.40720486,0.44933801,480,499,489.5678571428571,7.076251844286119e-07,3.987073862891348e-08,6.677544457996984e-07,5.521499655919579e-07,3.1102989630726967e-07,1.1413985575868779e-07,1.968900405485819e-07,1.3340442671503441e-06,2.3676077917749536e-07,1.5708050463278396e-06,0.6057837117710478,0.002125538065284547,1.2595347776671693e-06,1.4788753457587191e-06,5.910894406429323e-08,3.930085518748611e-08,1.0591563574141054,0.004887528656144658,1.1741441141449056,1.1567519566165592,0.995891612430918,True,scale_dependent_camb,castro_corrected_numerical_pbs_compensated_response
8,1386;2281;3253;4253;5237;6211;7213;8231,1,0.40720486,0.44933801,500,512,506.02764067127345,6.682959785932654e-07,3.987073862891348e-08,6.284252399643519e-07,5.234082268674848e-07,3.0434985383910074e-07,1.0898518810610824e-07,1.953646657329925e-07,1.260818654937945e-06,2.3523540436190598e-07,1.4960540592998508e-06,0.5984077235998603,0.002118550513374978,1.1789365309356548e-06,1.3955383518304632e-06,6.429387078757794e-08,3.9300855187486116e-08,1.0694542257820316,0.003423747907080812,1.1837264477018994,1.166485456973152,0.997946133968184,True,scale_dependent_camb,castro_corrected_numerical_pbs_compensated_response
8,1386;2281;3253;4253;5237;6211;7213;8231,2,0.36610056,0.40720486,20,39,30.608333333333334,1.8414844143955844e-05,4.6382033962654055e-08,1.836846210999319e-05,1.3984427177337433e-05,2.919096678968923e-06,2.661684499050399e-06,2.574121799185239e-07,3.501457378638102e-05,3.0379421388117794e-07,3.53183680002622e-05,0.9548915457501266,0.0009465245229515998,3.6810266045923534e-05,3.688783100505148e-05,5.3732263344298295e-12,4.7005744261433366e-08,0.951217623439552,0.013240697898675156,1.0021071556242267,0.9582468027595702,0.9562344380161678,True,scale_dependent_camb,castro_corrected_numerical_pbs_compensated_response
8,1386;2281;3253;4253;5237;6211;7213;8231,2,0.36610056,0.40720486,40,59,50.165,1.4756439344393002e-05,4.6382033962654055e-08,1.4710057310430347e-05,1.1178923926888939e-05,2.384977459825168e-06,2.1238588253928773e-06,2.6111863443229085e-07,2.8012840062712165e-05,3.075006683949449e-07,2.8320340731107103e-05,0.9436711615368854,0.0009580594705154597,2.9069036145303597e-05,2.9184820384323114e-05,3.378663970276932e-11,4.700574426143336e-08,0.9636659407174024,0.011191042858210373,1.0039830780229781,0.9726702542627355,0.968817612469386,True,scale_dependent_camb,castro_corrected_numerical_pbs_compensated_response
8,1386;2281;3253;4253;5237;6211;7213;8231,2,0.36610056,0.40720486,60,79,69.975,1.2020861483812741e-05,4.6382033962654055e-08,1.1974479449850087e-05,9.117394921230923e-06,2.0076142287290175e-06,1.7355011234064152e-06,2.7211310532260235e-07,2.2827375494487426e-05,3.184951392852564e-07,2.3145870633772683e-05,0.9297631234104634,0.0009284717003473563,2.3702280596027903e-05,2.3861246476632348e-05,1.2084088683682195e-10,4.7005744261433366e-08,0.9630877249133952,0.011260605103759067,1.0067067757450767,0.9745873005250484,0.9681073059200815,True,scale_dependent_camb,castro_corrected_numerical_pbs_compensated_response
8,1386;2281;3253;4253;5237;6211;7213;8231,2,0.36610056,0.40720486,80,99,89.86944444444444,9.49266575916068e-06,4.6382033962654055e-08,9.446283725198025e-06,7.2145603089625275e-06,1.6532620067288131e-06,1.377522684206861e-06,2.7573932252195217e-07,1.8038366718367413e-05,3.221213564846062e-07,1.8360488074852016e-05,0.9128061068327005,0.0006762081503101504,1.864963082920113e-05,1.8841694175454388e-05,3.1708182597737616e-10,4.700574426143336e-08,0.9672237956648121,0.004640954162138482,1.010298506603816,0.9820042565949586,0.9720192465999347,True,scale_dependent_camb,castro_corrected_numerical_pbs_compensated_response
8,1386;2281;3253;4253;5237;6211;7213;8231,2,0.36610056,0.40720486,100,119,109.80227272727272,7.380658963410899e-06,4.6382033962654055e-08,7.334276929448245e-06,5.623247639139317e-06,1.3583903015920702e-06,1.0778470159792811e-06,2.8054328561278906e-07,1.4035371584566841e-05,3.269253195754431e-07,1.4362296904142286e-05,0.890771422690312,0.001624548443913767,1.4478420566432394e-05,1.4692824191799898e-05,6.854741442036092e-10,4.7005744261433366e-08,0.9693993567991288,0.0068561190620542636,1.0148084954697745,0.9887227302720656,0.9743415684229473,True,scale_dependent_camb,castro_corrected_numerical_pbs_compensated_response
8,1386;2281;3253;4253;5237;6211;7213;8231,2,0.36610056,0.40720486,120,139,129.75576923076923,6.078683470354141e-06,4.6382033962654055e-08,6.032301436391487e-06,4.622043763462263e-06,1.1673594225888673e-06,8.853705661358611e-07,2.8198885645300617e-07,1.153971576598961e-05,3.283708904156602e-07,1.186808665640527e-05,0.8708838629639711,0.0015217032729263594,1.2076474032473702e-05,1.23189985650821e-05,1.297978049353979e-09,4.7005744261433366e-08,0.955553395383392,0.009753751947204672,1.0200823959010095,0.9788292120836666,0.9596342339350342,True,scale_dependent_camb,castro_corrected_numerical_pbs_compensated_response
8,1386;2281;3253;4253;5237;6211;7213;8231,2,0.36610056,0.40720486,140,159,149.72166666666666,5.046428386316751e-06,4.6382033962654055e-08,5.000046352354097e-06,3.848514335433832e-06,1.0221765080421787e-06,7.40546264289452e-07,2.8163024375272673e-07,9.589106952077382e-06,3.2801227771538077e-07,9.917119229792762e-06,0.8511638100155777,0.0005680398784098734,1.0132207487459914e-05,1.0396636617313824e-05,2.231701241586747e-09,4.7005744261433366e-08,0.9463985971413733,0.003958338867352409,1.0260978794780091,0.9740384881605159,0.9493814658453293,True,scale_dependent_camb,castro_corrected_numerical_pbs_compensated_response
8,1386;2281;3253;4253;5237;6211;7213;8231,2,0.36610056,0.40720486,160,179,169.6955882352941,4.20241819973649e-06,4.6382033962654055e-08,4.156036165773836e-06,3.2151087848905688e-06,9.041857515464499e-07,6.218018856409434e-07,2.8238386590550655e-07,7.992946836305348e-06,3.287658998681606e-07,8.32171273617351e-06,0.8292723551495164,0.001634849829539532,8.251709829675937e-06,8.52374250116073e-06,3.5648612803549287e-09,4.700574426143336e-08,0.9686412878407346,0.006215798951060559,1.0329668247066168,1.0023405979968294,0.970539870962777,True,scale_dependent_camb,castro_corrected_numerical_pbs_compensated_response
8,1386;2281;3253;4253;5237;6211;7213;8231,2,0.36610056,0.40720486,180,199,189.675,3.530930567296876e-06,4.6382033962654055e-08,3.484548533334222e-06,2.7195805869189556e-06,8.078792180152727e-07,5.306367882376292e-07,2.772424297776435e-07,6.734765908490806e-06,3.2362446374029756e-07,7.058390372231105e-06,0.8104485687196678,0.001089571087085179,6.9947748175296115e-06,7.278574306754692e-06,5.372794483691698e-09,4.7005744261433366e-08,0.9628281230173134,0.0026223003532767847,1.0405730701314144,1.0015945468174554,0.9628203210397094,True,scale_dependent_camb,castro_corrected_numerical_pbs_compensated_response
8,1386;2281;3253;4253;5237;6211;7213;8231,2,0.36610056,0.40720486,200,219,209.65833333333333,3.0775873328442303e-06,4.6382033962654055e-08,3.031205298881576e-06,2.3810962300987836e-06,7.481109811869321e-07,4.6760436014368264e-07,2.805066210432495e-07,5.879905889124042e-06,3.2688865500590353e-07,6.206794544129946e-06,0.7905990009866632,0.0012662108438195882,6.114511249858514e-06,6.412892032010208e-06,7.724232483713623e-09,4.700574426143336e-08,0.9616313796560763,0.003178417419172894,1.048798795187203,1.0060871857894522,0.9596718138023028,True,scale_dependent_camb,castro_corrected_numerical_pbs_compensated_response
8,1386;2281;3253;4253;5237;6211;7213;8231,2,0.36610056,0.40720486,220,239,229.64456521739132,2.6397693649323706e-06,4.6382033962654055e-08,2.5933873309697164e-06,2.0613902484967324e-06,6.8486812158949e-07,4.0963122880380886e-07,2.7523689278568116e-07,5.064408808270258e-06,3.216189267483352e-07,5.3860277350185925e-06,0.7733802074520754,0.0009284798360150986,5.232770957139126e-06,5.534819771400845e-06,1.0678038188457458e-08,4.7005744261433366e-08,0.9678254312585247,0.005176060886969054,1.0577225368233691,1.0180651758939347,0.9630798949264907,True,scale_dependent_camb,castro_corrected_numerical_pbs_compensated_response
8,1386;2281;3253;4253;5237;6211;7213;8231,2,0.36610056,0.40720486,240,259,249.633,2.3078307856093846e-06,4.6382033962654055e-08,2.2614487516467304e-06,1.8022025997688375e-06,6.313464880734753e-07,3.590545892592627e-07,2.722918988142126e-07,4.42270594067483e-06,3.1867393277686665e-07,4.7413798734516975e-06,0.7541302409178953,0.000901152051455519,4.5031776527986896e-06,4.806343381166324e-06,1.4280550316753903e-08,4.700574426143336e-08,0.9821300161067714,0.004736033578657537,1.0673226223218664,1.038759409235008,0.974063392101926,True,scale_dependent_camb,castro_corrected_numerical_pbs_compensated_response
8,1386;2281;3253;4253;5237;6211;7213;8231,2,0.36610056,0.40720486,260,279,269.6231481481482,2.0308735872842332e-06,4.6382033962654055e-08,1.984491553321579e-06,1.616174584803671e-06,6.031997153239555e-07,3.290540950140858e-07,2.741456203098697e-07,3.929720233139336e-06,3.2052765427252373e-07,4.25024788741186e-06,0.7385894263377064,0.001921373363074772,3.993614035097408e-06,4.302950849215986e-06,1.8563635893616483e-08,4.700574426143337e-08,0.9840010072589516,0.00505441746344014,1.0774578643304054,1.0470696819073197,0.9729262231260848,True,scale_dependent_camb,castro_corrected_numerical_pbs_compensated_response
8,1386;2281;3253;4253;5237;6211;7213;8231,2,0.36610056,0.40720486,280,299,289.6146551724138,1.8152733234494294e-06,4.6382033962654055e-08,1.7688912894867754e-06,1.4377227856956364e-06,5.612266578827311e-07,2.921387567446488e-07,2.690879011380823e-07,3.4987528319270606e-06,3.1546993510073634e-07,3.814222767027797e-06,0.7214819037780646,0.0014479538346158093,3.5418807072441817e-06,3.853956601039586e-06,2.35435009918373e-08,4.700574426143336e-08,0.9878234534469464,0.003585773372842361,1.0881102215433507,1.0558606857942907,0.9718988622811621,True,scale_dependent_camb,castro_corrected_numerical_pbs_compensated_response
8,1386;2281;3253;4253;5237;6211;7213;8231,2,0.36610056,0.40720486,300,319,309.60725806451615,1.6132747934410473e-06,4.6382033962654055e-08,1.5668927594783933e-06,1.2880592315816995e-06,5.304193699235511e-07,2.6471125321543043e-07,2.657081167081207e-07,3.119663244275523e-06,3.1209015067077476e-07,3.4317533949462976e-06,0.7064420049010083,0.0014406294098473027,3.1181373684358174e-06,3.427769236960424e-06,2.9220260979781896e-08,4.700574426143338e-08,1.000489354912696,0.002445592998048504,1.099300265491488,1.0743152839859935,0.979383006464943,True,scale_dependent_camb,castro_corrected_numerical_pbs_compensated_response
8,1386;2281;3253;4253;5237;6211;7213;8231,2,0.36610056,0.40720486,320,339,329.6007575757576,1.4576900985492283e-06,4.6382033962654055e-08,1.4113080645865743e-06,1.1726821204129347e-06,5.06659152447159e-07,2.4360084627218153e-07,2.6305830617497744e-07,2.827591031271691e-06,3.094403401376315e-07,3.1370313714093217e-06,0.6933961887200497,0.0017532821219481594,2.785215377756894e-06,3.094199847623232e-06,3.557822475072585e-08,4.7005744261433366e-08,1.0152144978995932,0.002958656968796498,1.1109373703498586,1.093881053757681,0.9874865752532785,True,scale_dependent_camb,castro_corrected_numerical_pbs_compensated_response
8,1386;2281;3253;4253;5237;6211;7213;8231,2,0.36610056,0.40720486,340,359,349.595,1.3121721146690927e-06,4.6382033962654055e-08,1.2657900807064386e-06,1.0590952666898826e-06,4.835945617755931e-07,2.2153807353643137e-07,2.6205648823916174e-07,2.546423420932753e-06,3.084385222018158e-07,2.854861943134568e-06,0.6768360514790279,0.0012753313848217081,2.5144885622107173e-06,2.8236291119274403e-06,4.2586809569753e-08,4.700574426143337e-08,1.0127003396245153,0.0037902414614059614,1.1229437088570127,1.096303001295843,0.9799672907454978,True,scale_dependent_camb,castro_corrected_numerical_pbs_compensated_response
8,1386;2281;3253;4253;5237;6211;7213;8231,2,0.36610056,0.40720486,360,379,369.58986486486486,1.1930416272578474e-06,4.6382033962654055e-08,1.1466595932951933e-06,9.65818138253631e-07,4.636775065259605e-07,2.033743670820122e-07,2.603031394439483e-07,2.3158520986308365e-06,3.0668517340660235e-07,2.6225372720374393e-06,0.6622776407652827,0.0015502602687176193,2.2628231796927773e-06,2.569006862446102e-06,5.020198157062392e-08,4.700574426143337e-08,1.0234348487384943,0.004973062839802662,1.1353104765326363,1.111230054614148,0.9836182292180289,True,scale_dependent_camb,castro_corrected_numerical_pbs_compensated_response
8,1386;2281;3253;4253;5237;6211;7213;8231,2,0.36610056,0.40720486,380,399,389.5852564102564,1.0894516459494565e-06,4.6382033962654055e-08,1.0430696119868025e-06,8.758902467770033e-07,4.4307482397026654e-07,1.838764440030457e-07,2.591983799672208e-07,2.1028363027668513e-06,3.0558041392987486e-07,2.4084167166967267e-06,0.6442056231137814,0.002182919498195234,2.042048558794216e-06,2.344266411475375e-06,5.836810074301114e-08,4.700574426143337e-08,1.0297680207999211,0.004920850195899861,1.147997387907177,1.1215384138846567,0.9831715944110373,True,scale_dependent_camb,castro_corrected_numerical_pbs_compensated_response
8,1386;2281;3253;4253;5237;6211;7213;8231,2,0.36610056,0.40720486,400,419,409.5810975609756,9.8312642863838e-07,4.6382033962654055e-08,9.36744394675726e-07,7.982185426025167e-07,4.272843334818383e-07,1.7004447674732279e-07,2.572398567345155e-07,1.9050074140255655e-06,3.0362189069716957e-07,2.2086293047227346e-06,0.6308451670687312,0.001186044685031933,1.8598893481903894e-06,2.15919299925163e-06,6.702003923071446e-08,4.7005744261433366e-08,1.0242584677841586,0.0037242253587724036,1.1609255149250965,1.1189079354390126,0.9715867744401251,True,scale_dependent_camb,castro_corrected_numerical_pbs_compensated_response
8,1386;2281;3253;4253;5237;6211;7213;8231,2,0.36610056,0.40720486,420,439,429.57732558139537,9.120917774592106e-07,4.6382033962654055e-08,8.657097434965566e-07,7.45871594239045e-07,4.1462376428624085e-07,1.606555890331467e-07,2.539681752530942e-07,1.7722369267687481e-06,3.003502092157482e-07,2.072587135984496e-06,0.6224734383109732,0.002110188599534525,1.6985686943264008e-06,1.9942068917489423e-06,7.608544340820332e-08,4.7005744261433366e-08,1.0433707701598502,0.0050423996634288756,1.1740513636039798,1.1377464895990965,0.9788830189434825,True,scale_dependent_camb,castro_corrected_numerical_pbs_compensated_response
8,1386;2281;3253;4253;5237;6211;7213;8231,2,0.36610056,0.40720486,440,459,449.5738888888889,8.378039981477001e-07,4.6382033962654055e-08,7.914219641850461e-07,6.864213992149212e-07,4.026966265557198e-07,1.4883790146807283e-07,2.5385872508764695e-07,1.62668126486804e-06,3.00240759050301e-07,1.9269220239183413e-06,0.6079498747181176,0.001472035064277779,1.5515050582213285e-06,1.8421706349693868e-06,8.548702893134008e-08,4.7005744261433366e-08,1.0484537296532535,0.005136625574815287,1.1873442662708957,1.1442544568482307,0.9758230268275176,True,scale_dependent_camb,castro_corrected_numerical_pbs_compensated_response
8,1386;2281;3253;4253;5237;6211;7213;8231,2,0.36610056,0.40720486,460,479,469.5707446808511,7.711467346085765e-07,4.6382033962654055e-08,7.247647006459224e-07,6.291793041896958e-07,3.893931851677203e-07,1.3655004047100628e-07,2.52843144696714e-07,1.4904940453066245e-06,2.99225178659368e-07,1.7897192239659925e-06,0.5921772833475073,0.001818358092811755,1.4234618678035211e-06,1.7092215988602724e-06,9.514481117806264e-08,4.700574426143336e-08,1.0470909541163458,0.00402447075442076,1.2007498321663466,1.1431432182038768,0.966698791385304,True,scale_dependent_camb,castro_corrected_numerical_pbs_compensated_response
8,1386;2281;3253;4253;5237;6211;7213;8231,2,0.36610056,0.40720486,480,499,489.5678571428571,7.137984641572439e-07,4.6382033962654055e-08,6.674164301945899e-07,5.85919142983742e-07,3.822784095856266e-07,1.285933438942726e-07,2.5368506569135404e-07,1.3819289170726045e-06,3.000670996540081e-07,1.6819960167266125e-06,0.5799884694500195,0.001780646366258284,1.3116679652040265e-06,1.5926457258993806e-06,1.0497818704092616e-07,4.7005744261433366e-08,1.0535661110375971,0.0051096390275062195,1.2142140908744758,1.149177629422266,0.96409917702787,True,scale_dependent_camb,castro_corrected_numerical_pbs_compensated_response
8,1386;2281;3253;4253;5237;6211;7213;8231,2,0.36610056,0.40720486,500,512,506.02764067127345,6.724183569879259e-07,4.6382033962654055e-08,6.260363230252718e-07,5.504813579026339e-07,3.7405979434685046e-07,1.210112393854242e-07,2.5304855496142623e-07,1.29752892031333e-06,2.9943058892408027e-07,1.59695950923741e-06,0.5687774097556916,0.0021124385584381025,1.2273608318847382e-06,1.5039673145539027e-06,1.1314688933097064e-07,4.700574426143337e-08,1.0571698938125975,0.006647066542005462,1.225366881102444,1.1509506386579411,0.9596420684796743,True,scale_dependent_camb,castro_corrected_numerical_pbs_compensated_response
8,1386;2281;3253;4253;5237;6211;7213;8231,3,0.32596586,0.36610056,20,39,30.608333333333334,2.3260313628685387e-05,5.6203211978288784e-08,2.32041104167071e-05,1.8638210251251854e-05,4.083821347717084e-06,3.742686911192165e-06,3.41134436524919e-07,4.558500757915112e-05,3.973376485032078e-07,4.5982345227654326e-05,0.9573227543755064,0.0010835739947235702,4.538527555987057e-05,4.5500352817626536e-05,1.2164384367268222e-11,5.6703513161308706e-08,1.0044008109858684,0.016036423176594407,1.0025355637117188,1.0118910720134369,1.009335032883584,True,scale_dependent_camb,castro_corrected_numerical_pbs_compensated_response
8,1386;2281;3253;4253;5237;6211;7213;8231,3,0.32596586,0.36610056,40,59,50.165,1.7717036087549876e-05,5.6203211978288784e-08,1.7660832875571587e-05,1.4108511566364639e-05,3.1724621503496067e-06,2.817677116654706e-06,3.5478503369490053e-07,3.458702155859093e-05,4.109882456731893e-07,3.499800980426412e-05,0.942426279279111,0.0008319604928711211,3.5165864213075146e-05,3.5341125282025184e-05,7.632614996796767e-11,5.670351316130869e-08,0.9835396437017182,0.007430721626212353,1.0049838408033458,0.9936224478835773,0.9887028535812619,True,scale_dependent_camb,castro_corrected_numerical_pbs_compensated_response
8,1386;2281;3253;4253;5237;6211;7213;8231,3,0.32596586,0.36610056,60,79,69.975,1.3994996344670655e-05,5.6203211978288784e-08,1.3938793132692367e-05,1.113943551988666e-05,2.588541650057454e-06,2.225569719710454e-06,3.629719303470004e-07,2.7303798372289482e-05,4.1917514232528917e-07,2.7722973514614764e-05,0.9272418468271727,0.00043955530915554134,2.796226697791292e-05,2.820072708052364e-05,2.721320803950006e-10,5.67035131613087e-08,0.9764515299798991,0.006058427006315915,1.008527924534841,0.9894262270924116,0.9810766920319034,True,scale_dependent_camb,castro_corrected_numerical_pbs_compensated_response
8,1386;2281;3253;4253;5237;6211;7213;8231,3,0.32596586,0.36610056,80,99,89.86944444444444,1.0317960712428715e-05,5.6203211978288784e-08,1.0261757500450426e-05,8.211941481186955e-06,2.01304708512013e-06,1.6428955490197217e-06,3.7015153610040837e-07,2.0116594530657102e-05,4.2635474807869716e-07,2.05429492787358e-05,0.9033956810005108,0.0012384779497955647,2.105775516856388e-05,2.1336865110562272e-05,7.111147770413927e-10,5.67035131613087e-08,0.9553057469624401,0.0069340617025791095,1.0132544964913954,0.9729000276445221,0.960207566220012,True,scale_dependent_camb,castro_corrected_numerical_pbs_compensated_response
8,1386;2281;3253;4253;5237;6211;7213;8231,3,0.32596586,0.36610056,100,119,109.80227272727272,8.219797270903407e-06,5.6203211978288784e-08,8.163594058925119e-06,6.5483255528387955e-06,1.6859240476860602e-06,1.3131644970477469e-06,3.727595506383133e-07,1.602508410881166e-05,4.289627626166021e-07,1.6454046871428266e-05,0.8825525285972526,0.001372627190046695,1.6572673784895726e-05,1.6889439271434213e-05,1.5294550545933801e-09,5.670351316130869e-08,0.9669582782361205,0.009484343581170352,1.0191137224234261,0.9893655899639826,0.9708735594339037,True,scale_dependent_camb,castro_corrected_numerical_pbs_compensated_response
8,1386;2281;3253;4253;5237;6211;7213;8231,3,0.32596586,0.36610056,120,139,129.75576923076923,6.676316282464304e-06,5.6203211978288784e-08,6.620113070486015e-06,5.3548263735200094e-06,1.45805637040381e-06,1.0828427394382986e-06,3.752136309655114e-07,1.3057782183444322e-05,4.314168429438002e-07,1.348919902638812e-05,0.8617782661665028,0.0017299492825369864,1.377369102831655e-05,1.4130562097229497e-05,2.8785838476304247e-09,5.670351316130869e-08,0.9480234569368202,0.007520683545550082,1.0259096177037277,0.9751270653141773,0.9506033794825767,True,scale_dependent_camb,castro_corrected_numerical_pbs_compensated_response
8,1386;2281;3253;4253;5237;6211;7213;8231,3,0.32596586,0.36610056,140,159,149.72166666666666,5.411378944181432e-06,5.6203211978288784e-08,5.3551757322031435e-06,4.341336356303652e-06,1.2549538659828184e-06,8.798591447348287e-07,3.750947212479897e-07,1.0576371233241623e-05,4.3129793322627847e-07,1.1007669166467903e-05,0.8373223732420385,0.0013015260680444946,1.1023379815427413e-05,1.1395783793486522e-05,4.914947871388149e-09,5.670351316130871e-08,0.9594490446967823,0.00384004365509902,1.033783103212857,0.9930239853842449,0.9607473772797037,True,scale_dependent_camb,castro_corrected_numerical_pbs_compensated_response
8,1386;2281;3253;4253;5237;6211;7213;8231,3,0.32596586,0.36610056,160,179,169.6955882352941,4.487534203617603e-06,5.6203211978288784e-08,4.431330991639315e-06,3.6166337087900176e-06,1.1127209611060482e-06,7.379294961397954e-07,3.747914649662528e-07,8.785894196569127e-06,4.3099467694454157e-07,9.216888873513669e-06,0.8143559998405245,0.001648544079322786,9.093442672607218e-06,9.481540957980689e-06,7.78971601347595e-09,5.6703513161308706e-08,0.9661790933191299,0.0041882253770157965,1.0426789170335415,1.0064373645288558,0.9655202037632884,True,scale_dependent_camb,castro_corrected_numerical_pbs_compensated_response
8,1386;2281;3253;4253;5237;6211;7213;8231,3,0.32596586,0.36610056,180,199,189.675,3.838061445775538e-06,5.6203211978288784e-08,3.781858233797249e-06,3.128489766946323e-06,1.0212948582384716e-06,6.46999941352943e-07,3.7429491688552863e-07,7.557347942096515e-06,4.304981288638174e-07,7.987846070960333e-06,0.7959330672086723,0.0016526086792332888,7.82731450517561e-06,8.237316789914606e-06,1.1639163884115229e-08,5.6703513161308706e-08,0.9655096824203772,0.006405499927816751,1.0523809646933047,1.011675898105972,0.961735320685376,True,scale_dependent_camb,castro_corrected_numerical_pbs_compensated_response
8,1386;2281;3253;4253;5237;6211;7213;8231,3,0.32596586,0.36610056,200,219,209.65833333333333,3.254265329110322e-06,5.6203211978288784e-08,3.1980621171320334e-06,2.655245363525244e-06,9.188300929271238e-07,5.511406347263915e-07,3.676894582007323e-07,6.404448115383669e-06,4.2389267017902107e-07,6.82834078556269e-06,0.7744860698024841,0.0013199722133130833,6.589317224514155e-06,7.004294343273137e-06,1.6576372705624987e-08,5.67035131613087e-08,0.9719441176025461,0.006084417817662239,1.0629772561586726,1.0248767368693739,0.9647854709101845,True,scale_dependent_camb,castro_corrected_numerical_pbs_compensated_response
8,1386;2281;3253;4253;5237;6211;7213;8231,3,0.32596586,0.36610056,220,239,229.64456521739132,2.8108915816049123e-06,5.6203211978288784e-08,2.7546883696266237e-06,2.3157526152451213e-06,8.524187033189502e-07,4.866893687634703e-07,3.657293345554799e-07,5.557130353635215e-06,4.219325465337687e-07,5.979062900168984e-06,0.7556130409620538,0.0017517782866598704,5.613647500494393e-06,6.031498182049286e-06,2.2684729390136236e-08,5.67035131613087e-08,0.9899321881443036,0.005668608065451692,1.0744347915536365,1.0502415881496148,0.978428084688162,True,scale_dependent_camb,castro_corrected_numerical_pbs_compensated_response
8,1386;2281;3253;4253;5237;6211;7213;8231,3,0.32596586,0.36610056,240,259,249.633,2.461231683684702e-06,5.6203211978288784e-08,2.4050284717064135e-06,2.041529308331913e-06,7.935538513823967e-07,4.332424715351723e-07,3.6031137984722443e-07,4.8798002515734985e-06,4.165145918255132e-07,5.296314843399011e-06,0.7388857832566071,0.001176867674666051,4.931038284605063e-06,5.357852225590962e-06,3.001353163095047e-08,5.67035131613087e-08,0.9896090782358085,0.004705735974549111,1.086556606611316,1.0555147662082494,0.9727702193467043,True,scale_dependent_camb,castro_corrected_numerical_pbs_compensated_response
8,1386;2281;3253;4253;5237;6211;7213;8231,3,0.32596586,0.36610056,260,279,269.6231481481482,2.16878472063544e-06,5.6203211978288784e-08,2.112581508657151e-06,1.8007518395462474e-06,7.409157031550383e-07,3.837375237761122e-07,3.5717817937892616e-07,4.29707087197951e-06,4.1338139135721495e-07,4.710452263336725e-06,0.7196688988640884,0.0016901882794227933,4.297691337627522e-06,4.724662281752909e-06,3.857581011585219e-08,5.6703513161308706e-08,0.9998556281502632,0.006453719811074949,1.09934890865408,1.0722703671247966,0.9772840937369277,True,scale_dependent_camb,castro_corrected_numerical_pbs_compensated_response
8,1386;2281;3253;4253;5237;6211;7213;8231,3,0.32596586,0.36610056,280,299,289.6146551724138,1.884842998243266e-06,5.6203211978288784e-08,1.8286397862649772e-06,1.5749932799364356e-06,6.924496720756622e-07,3.3913237731084266e-07,3.5331729476481953e-07,3.7427654435122555e-06,4.095205067431083e-07,4.152285950255364e-06,0.699826719951662,0.001812642632764044,3.755249088726122e-06,4.17880729926982e-06,4.834830619708724e-08,5.6703513161308706e-08,0.9966756811814842,0.006739693194960112,1.1127909761872492,1.0756378969212865,0.9692862989352962,True,scale_dependent_camb,castro_corrected_numerical_pbs_compensated_response
8,1386;2281;3253;4253;5237;6211;7213;8231,3,0.32596586,0.36610056,300,319,309.60725806451615,1.6951978165944947e-06,5.6203211978288784e-08,1.6389946046162059e-06,1.429010174883942e-06,6.646873832791406e-07,3.114821235790484e-07,3.532052597000922e-07,3.3794869030791968e-06,4.09408471678381e-07,3.788895374757577e-06,0.6845542101338299,0.0016784540844986715,3.344399827166191e-06,3.7682300356726267e-06,5.92733928594015e-08,5.6703513161308706e-08,1.010491292227681,0.004791249236724564,1.1267283310636813,1.0949372472713745,0.9754617690647015,True,scale_dependent_camb,castro_corrected_numerical_pbs_compensated_response
8,1386;2281;3253;4253;5237;6211;7213;8231,3,0.32596586,0.36610056,320,339,329.6007575757576,1.507614188551471e-06,5.6203211978288784e-08,1.451410976573182e-06,1.277758925397933e-06,6.298588243006762e-07,2.812208081974222e-07,3.48638016103254e-07,3.010390710168537e-06,4.048412280815428e-07,3.41523193825008e-06,0.6681933004306897,0.0017105992624412904,2.981124782927373e-06,3.40178874297572e-06,7.12626080273908e-08,5.670351316130869e-08,1.0098170755577787,0.00414589813755012,1.1411091419109496,1.0984664146451018,0.9675549916859595,True,scale_dependent_camb,castro_corrected_numerical_pbs_compensated_response
8,1386;2281;3253;4253;5237;6211;7213;8231,3,0.32596586,0.36610056,340,359,349.595,1.3618151667230625e-06,5.6203211978288784e-08,1.3056119547447736e-06,1.1500006829661263e-06,6.00679272422751e-07,2.5323404209351873e-07,3.4744523032923224e-07,2.708846679804419e-06,4.0364844230752103e-07,3.11249512211194e-06,0.649291504633715,0.0016835635075692905,2.657382021856073e-06,3.071675666858742e-06,8.420139603009723e-08,5.67035131613087e-08,1.0193666764977962,0.00446532935688752,1.1559029306269266,1.1122859087744958,0.9688457762945006,True,scale_dependent_camb,castro_corrected_numerical_pbs_compensated_response
8,1386;2281;3253;4253;5237;6211;7213;8231,3,0.32596586,0.36610056,360,379,369.58986486486486,1.2322410405519947e-06,5.6203211978288784e-08,1.1760378285737058e-06,1.0536545766583557e-06,5.792760582681702e-07,2.3600175520279187e-07,3.432743030653783e-07,2.4656941604348535e-06,3.994775150436671e-07,2.865171675478521e-06,0.6382852768921515,0.0019333619291138852,2.394339035558799e-06,2.8037670166985844e-06,9.795463589678084e-08,5.670351316130869e-08,1.0298015961049565,0.003451609259168483,1.170998331923462,1.1240387760213055,0.968478671910465,True,scale_dependent_camb,castro_corrected_numerical_pbs_compensated_response
8,1386;2281;3253;4253;5237;6211;7213;8231,3,0.32596586,0.36610056,380,399,389.5852564102564,1.1149011859582211e-06,5.6203211978288784e-08,1.0586979739799323e-06,9.553239586897792e-07,5.608808318673662e-07,2.155109125730721e-07,3.4536991929429413e-07,2.229532845242784e-06,4.015731312725829e-07,2.631105976515367e-06,0.6198681668310748,0.0024016292980270134,2.1659449513258536e-06,2.569503878209245e-06,1.1237254551569507e-07,5.6703513161308706e-08,1.029358037875342,0.005118173054446095,1.1863200293416314,1.1268018425719206,0.960755587622876,True,scale_dependent_camb,castro_corrected_numerical_pbs_compensated_response
8,1386;2281;3253;4253;5237;6211;7213;8231,3,0.32596586,0.36610056,400,419,409.5810975609756,1.028067156530934e-06,5.6203211978288784e-08,9.718639445526452e-07,8.853482848122424e-07,5.456967421806653e-07,2.0163356965073604e-07,3.4406317252992927e-07,2.058845799015624e-06,4.0026638450821806e-07,2.4591121835238417e-06,0.6078630416310148,0.0025937260724665126,1.9606006985984535e-06,2.356294609402487e-06,1.2729658413497875e-07,5.670351316130869e-08,1.0501096936706191,0.004693358659382615,1.2018227939462112,1.1466526489364117,0.9680420846601563,True,scale_dependent_camb,castro_corrected_numerical_pbs_compensated_response
8,1386;2281;3253;4253;5237;6211;7213;8231,3,0.32596586,0.36610056,420,439,429.57732558139537,9.330264894303573e-07,5.6203211978288784e-08,8.768232774520685e-07,8.043046793844544e-07,5.256301765828791e-07,1.8444595219904302e-07,3.411842243838361e-07,1.8655739090355662e-06,3.973874363621249e-07,2.262961345397691e-06,0.5923718594820869,0.0021077575460572897,1.7848900679864475e-06,2.172972523069677e-06,1.4256503601908575e-07,5.6703513161308706e-08,1.0452038153476526,0.004042037635918461,1.2174265306552068,1.140514334800989,0.9539339706530211,True,scale_dependent_camb,castro_corrected_numerical_pbs_compensated_response
8,1386;2281;3253;4253;5237;6211;7213;8231,3,0.32596586,0.36610056,440,459,449.5738888888889,8.618020628055432e-07,5.6203211978288784e-08,8.055988508272544e-07,7.458229183914909e-07,5.149988389682756e-07,1.726205992681084e-07,3.423782397001672e-07,1.7240423684868537e-06,3.98581451678456e-07,2.1226238201653097e-06,0.5789528351266913,0.0009691560053198798,1.6318361285947268e-06,2.0121467675837896e-06,1.580180479230286e-07,5.6703513161308706e-08,1.0565045952080563,0.0029920659873561135,1.2330568813405127,1.1495031170860557,0.9531878435914686,True,scale_dependent_camb,castro_corrected_numerical_pbs_compensated_response
8,1386;2281;3253;4253;5237;6211;7213;8231,3,0.32596586,0.36610056,460,479,469.5707446808511,7.962006187306174e-07,5.6203211978288784e-08,7.399974067523287e-07,6.856381758521052e-07,4.999096359690441e-07,1.588180255417912e-07,3.410916104272529e-07,1.584453608146225e-06,3.972948224055417e-07,1.9817484305517667e-06,0.5636430317214904,0.0010616794167580574,1.4942414914759947e-06,1.8658031598207416e-06,1.735019635118781e-07,5.67035131613087e-08,1.0603731841103676,0.00419852516935427,1.2486623952449096,1.1492081039051856,0.9454867675863735,True,scale_dependent_camb,castro_corrected_numerical_pbs_compensated_response
8,1386;2281;3253;4253;5237;6211;7213;8231,3,0.32596586,0.36610056,480,499,489.5678571428571,7.309458164238598e-07,5.6203211978288784e-08,6.74742604445571e-07,6.249388851363323e-07,4.847588730065806e-07,1.4470281244369907e-07,3.4005606056288155e-07,1.4443843020256023e-06,3.9625927254117034e-07,1.8406435745667727e-06,0.5463558562222464,0.0014600167920343608,1.372751965796605e-06,1.735409057290451e-06,1.8887285920172134e-07,5.670351316130871e-08,1.0521815579316467,0.004505388758683614,1.2641825329919647,1.1373733816340106,0.9291555339146249,True,scale_dependent_camb,castro_corrected_numerical_pbs_compensated_response
8,1386;2281;3253;4253;5237;6211;7213;8231,3,0.32596586,0.36610056,500,512,506.02764067127345,6.815401664594946e-07,5.6203211978288784e-08,6.253369544812059e-07,5.882951703447983e-07,4.805921659195183e-07,1.383618883271262e-07,3.422302775923921e-07,1.3519940131531306e-06,3.984334895706809e-07,1.750427502723811e-06,0.5365619809132816,0.0028065421740069616,1.2833747502646236e-06,1.638758644505023e-06,2.013548317175721e-07,5.67035131613087e-08,1.0534678299338194,0.005533740416334085,1.2769135781790326,1.1355844818946552,0.9228236105647489,True,scale_dependent_camb,castro_corrected_numerical_pbs_compensated_response
8,1386;2281;3253;4253;5237;6211;7213;8231,4,0.28674463,0.32596586,20,39,30.608333333333334,2.7876097173725882e-05,7.080401207275769e-08,2.7805293161653125e-05,2.3130904958510103e-05,5.274980555127409e-06,4.81058373570316e-06,4.643968194242489e-07,5.574678185586639e-05,5.352008314970066e-07,5.628198268736339e-05,0.9549672055802094,0.0008138675813311167,5.6950560438239425e-05,5.7128707233555986e-05,2.95054356205972e-11,7.010155350759227e-08,0.9788627438762699,0.01493769328020588,1.0031280955612325,0.9870448991335761,0.9839707303066672,True,scale_dependent_camb,castro_corrected_numerical_pbs_compensated_response
8,1386;2281;3253;4253;5237;6211;7213;8231,4,0.28674463,0.32596586,40,59,50.165,2.122756844120382e-05,7.080401207275769e-08,2.1156764429131064e-05,1.7446035611969613e-05,4.080398660948063e-06,3.596534805613145e-06,4.838638553349185e-07,4.219933484671382e-05,5.546678674076762e-07,4.27540027141215e-05,0.9388383804607972,0.0006566708794940877,4.336422987367357e-05,4.3640664524364405e-05,1.8457389531263694e-10,7.01015535075923e-08,0.973136960339126,0.00538784521493589,1.006374716015853,0.9843324307576465,0.9781073638670196,True,scale_dependent_camb,castro_corrected_numerical_pbs_compensated_response
8,1386;2281;3253;4253;5237;6211;7213;8231,4,0.28674463,0.32596586,60,79,69.975,1.6159408873502024e-05,7.080401207275769e-08,1.6088604861429266e-05,1.3343001456685667e-05,3.2734548185224557e-06,2.7664873587009653e-06,5.069674598214904e-07,3.2198093676815896e-05,5.777714718942481e-07,3.277586514871015e-05,0.9193082753643206,0.0008359587913852237,3.291490360328315e-05,3.327991014264761e-05,6.551587263583173e-10,7.010155350759227e-08,0.9782223294618504,0.005449935377704646,1.011089400223188,0.9936398069706593,0.9827649111583723,True,scale_dependent_camb,castro_corrected_numerical_pbs_compensated_response
8,1386;2281;3253;4253;5237;6211;7213;8231,4,0.28674463,0.32596586,80,99,89.86944444444444,1.1936320275579851e-05,7.080401207275769e-08,1.1865516263507094e-05,9.915532400356778e-06,2.5863675697112674e-06,2.071502423474519e-06,5.148651462367486e-07,2.3852551087338392e-05,5.856691583095063e-07,2.4438220245647894e-05,0.8949475837508934,0.0014857482131656902,2.4172093170284555e-05,2.4593090840643116e-05,1.7020265924759154e-09,7.010155350759227e-08,0.9867805373454797,0.009166006706384384,1.017416682427656,1.0080153573191648,0.9908098461226472,True,scale_dependent_camb,castro_corrected_numerical_pbs_compensated_response
8,1386;2281;3253;4253;5237;6211;7213;8231,4,0.28674463,0.32596586,100,119,109.80227272727272,9.256782570217559e-06,7.080401207275769e-08,9.185978558144801e-06,7.720975702661016e-06,2.1422172691127023e-06,1.6224037924687168e-06,5.198134766439854e-07,1.852935805327453e-05,5.906174887167431e-07,1.911997554199128e-05,0.8702573870844539,0.0013412640921779595,1.9423843299204976e-05,1.9911217069378422e-05,3.6343943891841363e-09,7.010155350759231e-08,0.953949111298326,0.007255726355549189,1.0250915209037643,0.9806333032257529,0.9567185634844263,True,scale_dependent_camb,castro_corrected_numerical_pbs_compensated_response
8,1386;2281;3253;4253;5237;6211;7213;8231,4,0.28674463,0.32596586,120,139,129.75576923076923,7.298974080038124e-06,7.080401207275769e-08,7.2281700679653665e-06,6.117183113050731e-06,1.8194398132792799e-06,1.294239374791241e-06,5.25200438488039e-07,1.4639592555807339e-05,5.960044505607966e-07,1.5235597006368135e-05,0.8434094392793194,0.0017279501947855883,1.5342736544324974e-05,1.5865854815280702e-05,6.7823076980493315e-09,7.01015535075923e-08,0.9541708881928422,0.008819375827539612,1.0340954998115521,0.9880656336328179,0.9556449061564838,True,scale_dependent_camb,castro_corrected_numerical_pbs_compensated_response
8,1386;2281;3253;4253;5237;6211;7213;8231,4,0.28674463,0.32596586,140,159,149.72166666666666,5.9010283154715604e-06,7.080401207275769e-08,5.830224303398803e-06,4.96315063039591e-06,1.568292371421933e-06,1.0562571394396986e-06,5.120352319822344e-07,1.1849632073234411e-05,5.82839244054992e-07,1.2432471317289405e-05,0.8206752077167483,0.0013452991571067674,1.2232858594262012e-05,1.2777639359971218e-05,1.1467961761787538e-08,7.010155350759227e-08,0.9686723656556155,0.0051944252119169474,1.0445342158998505,1.0095857644957664,0.9668146336146043,True,scale_dependent_camb,castro_corrected_numerical_pbs_compensated_response
8,1386;2281;3253;4253;5237;6211;7213;8231,4,0.28674463,0.32596586,160,179,169.6955882352941,4.945739311019206e-06,7.080401207275769e-08,4.874935298946449e-06,4.192840669200653e-06,1.4149680737981906e-06,9.015459590357168e-07,5.134221147624739e-07,9.969321927182819e-06,5.842261268352315e-07,1.055354805401805e-05,0.7982163423426543,0.0018422000338443002,1.0321283057239133e-05,1.0899882469285223e-05,1.7978701343784973e-08,7.010155350759228e-08,0.9658994789596962,0.006630548240891139,1.0560588648559806,1.0138514467796573,0.960464493644095,True,scale_dependent_camb,castro_corrected_numerical_pbs_compensated_response
8,1386;2281;3253;4253;5237;6211;7213;8231,4,0.28674463,0.32596586,180,199,189.675,4.159577905482356e-06,7.080401207275769e-08,4.088773893409599e-06,3.5280876667138845e-06,1.2706642120087968e-06,7.610718340332842e-07,5.095923779755126e-07,8.377933394156767e-06,5.803963900482703e-07,8.958329784205035e-06,0.7739224158596424,0.0017595072777212947,8.518915638853531e-06,9.104571329096032e-06,2.6544064698052504e-08,7.010155350759226e-08,0.9834506819091193,0.006166834683307216,1.0687476804643317,1.039784816904994,0.9736027131532998,True,scale_dependent_camb,castro_corrected_numerical_pbs_compensated_response
8,1386;2281;3253;4253;5237;6211;7213;8231,4,0.28674463,0.32596586,200,219,209.65833333333333,3.520185354481557e-06,7.080401207275769e-08,3.4493813424087995e-06,3.0549728784145752e-06,1.1864834769269914e-06,6.764154468154019e-07,5.100680301115895e-07,7.1807696676387765e-06,5.808720421843471e-07,7.761641709823123e-06,0.7550503462679147,0.002281875539679735,7.176584073948713e-06,7.768990796559776e-06,3.731862852055598e-08,7.010155350759228e-08,1.0005832292420649,0.0065916371123833474,1.0825471723743227,1.0655734726478692,0.9854287353622352,True,scale_dependent_camb,castro_corrected_numerical_pbs_compensated_response
8,1386;2281;3253;4253;5237;6211;7213;8231,4,0.28674463,0.32596586,220,239,229.64456521739132,3.0088806227076163e-06,7.080401207275769e-08,2.9380766106348588e-06,2.623602567005617e-06,1.0833546588897235e-06,5.856969832477516e-07,4.97657675641972e-07,6.147376160888227e-06,5.684616877147297e-07,6.715837848602957e-06,0.7352773128057309,0.0018726863856141304,6.208665032682966e-06,6.812055017126371e-06,5.0371663352779565e-08,7.01015535075923e-08,0.9901284943748602,0.007938757958284496,1.0971851406489328,1.0610983018245053,0.9687429494594108,True,scale_dependent_camb,castro_corrected_numerical_pbs_compensated_response
8,1386;2281;3253;4253;5237;6211;7213;8231,4,0.28674463,0.32596586,240,259,249.633,2.626535245432298e-06,7.080401207275769e-08,2.5557312333595406e-06,2.297805361169081e-06,1.0131891352555394e-06,5.164773792427367e-07,4.967117560128027e-07,5.370013973771358e-06,5.675157680855604e-07,5.9375297418569175e-06,0.7139707015309127,0.0016811156524193917,5.311824934390784e-06,5.910488045621054e-06,6.568382296477432e-08,7.010155350759232e-08,1.0109546229590203,0.0068692351178225785,1.112703848230068,1.089932906914581,0.982014759729663,True,scale_dependent_camb,castro_corrected_numerical_pbs_compensated_response
8,1386;2281;3253;4253;5237;6211;7213;8231,4,0.28674463,0.32596586,260,279,269.6231481481482,2.2851840514208305e-06,7.080401207275769e-08,2.214380039348073e-06,2.0135594929130944e-06,9.468493178246901e-07,4.5773780465141894e-07,4.891115131732711e-07,4.685677336912586e-06,5.599155252460288e-07,5.2455928621586145e-06,0.6952931582025348,0.0020154131662977245,4.624151476624684e-06,5.220528826131296e-06,8.315037947073383e-08,7.01015535075923e-08,1.0133053297667516,0.008929853858620154,1.1289701153868617,1.098000820197537,0.9761456779319284,True,scale_dependent_camb,castro_corrected_numerical_pbs_compensated_response
8,1386;2281;3253;4253;5237;6211;7213;8231,4,0.28674463,0.32596586,280,299,289.6146551724138,2.0211460532430714e-06,7.080401207275769e-08,1.950342041170314e-06,1.7869864352845879e-06,8.988014399870608e-07,4.0932826812969535e-07,4.894731718573655e-07,4.146656744584597e-06,5.602771839301232e-07,4.706933928514721e-06,0.6748449296376492,0.001721318362969766,4.0728513626280385e-06,4.666668912372611e-06,1.0258997163380146e-07,7.010155350759226e-08,1.0181213050478068,0.004647575740607914,1.1457989739555354,1.1086765704509698,0.9726355350651847,True,scale_dependent_camb,castro_corrected_numerical_pbs_compensated_response
8,1386;2281;3253;4253;5237;6211;7213;8231,4,0.28674463,0.32596586,300,319,309.60725806451615,1.7914937872625395e-06,7.080401207275769e-08,1.7206897751897817e-06,1.5864171830523417e-06,8.54964969845124e-07,3.6565561017617895e-07,4.89309359668945e-07,3.6727625684183025e-06,5.601133717417027e-07,4.232875940160006e-06,0.6539762250847527,0.0016396698493973932,3.5781682746541646e-06,4.161991529461772e-06,1.2375747728831365e-07,7.010155350759228e-08,1.0264365134625426,0.00282680975383182,1.1631626044373318,1.1221753177778093,0.9717679432761814,True,scale_dependent_camb,castro_corrected_numerical_pbs_compensated_response
8,1386;2281;3253;4253;5237;6211;7213;8231,4,0.28674463,0.32596586,320,339,329.6007575757576,1.5904323894605645e-06,7.080401207275769e-08,1.5196283773878068e-06,1.4297674756159682e-06,8.193865991644406e-07,3.36305090235817e-07,4.830815089286235e-07,3.285700943239592e-06,5.538855210013812e-07,3.839586464240974e-06,0.6406521558395286,0.001532681796058978,3.180042409207751e-06,3.755374880344264e-06,1.463594583724984e-07,7.010155350759231e-08,1.0332255109950448,0.004089809779961252,1.18091974794759,1.13045270038657,0.9667031993335161,True,scale_dependent_camb,castro_corrected_numerical_pbs_compensated_response
8,1386;2281;3253;4253;5237;6211;7213;8231,4,0.28674463,0.32596586,340,359,349.595,1.4417619980247259e-06,7.080401207275769e-08,1.370957985951968e-06,1.2981032090876455e-06,7.907264221294658e-07,3.0728001126044e-07,4.834464108690258e-07,2.9763412063000533e-06,5.542504229417835e-07,3.5305916292418374e-06,0.6233816721031202,0.002185855792780503,2.843125552147369e-06,3.408727342463324e-06,1.7007065804794057e-07,7.01015535075923e-08,1.046855353979028,0.008104559120879132,1.1989366209623646,1.145069954256301,0.9675770946759232,True,scale_dependent_camb,castro_corrected_numerical_pbs_compensated_response
8,1386;2281;3253;4253;5237;6211;7213;8231,4,0.28674463,0.32596586,360,379,369.58986486486486,1.2925035675830575e-06,7.080401207275769e-08,1.2216995555102997e-06,1.1618179508824945e-06,7.597211052918534e-07,2.7621786078758594e-07,4.835032445042674e-07,2.6597353671803805e-06,5.543072565770251e-07,3.214042623757406e-06,0.6029742736511763,0.0016765861696458764,2.545519044276618e-06,3.098264618837085e-06,1.9455023247590393e-07,7.010155350759227e-08,1.04486956134175,0.00575837180694617,1.217144544961574,1.1437178797631704,0.9557307517814682,True,scale_dependent_camb,castro_corrected_numerical_pbs_compensated_response
8,1386;2281;3253;4253;5237;6211;7213;8231,4,0.28674463,0.32596586,380,399,389.5852564102564,1.1697741804460259e-06,7.080401207275769e-08,1.0989701683732681e-06,1.0620249694459002e-06,7.353162567603024e-07,2.565804487204861e-07,4.787358080398163e-07,2.4175755865396545e-06,5.49539820112574e-07,2.967115406652228e-06,0.5907105077706869,0.001953639219239366,2.295473964772579e-06,2.835879894633181e-06,2.1945667149695892e-07,7.010155350759226e-08,1.0531923357184199,0.005682368059383314,1.2354223738338683,1.1478059802837657,0.9493438337522245,True,scale_dependent_camb,castro_corrected_numerical_pbs_compensated_response
8,1386;2281;3253;4253;5237;6211;7213;8231,4,0.28674463,0.32596586,400,419,409.5810975609756,1.0649372671583671e-06,7.080401207275769e-08,9.941332550856094e-07,9.67308259441933e-07,7.170500407499249e-07,2.3530177267432967e-07,4.817482680755952e-07,2.196743287201872e-06,5.525522801483529e-07,2.749295567350225e-06,0.5728459765054348,0.001583102400342459,2.078165928708187e-06,2.6053279774026625e-06,2.4446066096250124e-07,7.010155350759228e-08,1.0570586577595344,0.00605308085003082,1.2536669673061986,1.1490212856769901,0.941574986279496,True,scale_dependent_camb,castro_corrected_numerical_pbs_compensated_response
8,1386;2281;3253;4253;5237;6211;7213;8231,4,0.28674463,0.32596586,420,439,429.57732558139537,9.764674346251168e-07,7.080401207275769e-08,9.056634225523591e-07,8.785656692594068e-07,6.909590679001946e-07,2.1306967245787297e-07,4.778893954423216e-07,1.9972987642696386e-06,5.486934075150793e-07,2.545992171784718e-06,0.5553089316434385,0.0028172252491420976,1.8863521477128746e-06,2.3990653639534134e-06,2.6925544732191886e-07,7.010155350759227e-08,1.0588154320450094,0.00439679423431241,1.271801432655182,1.1439015620940793,0.9297295422821088,True,scale_dependent_camb,castro_corrected_numerical_pbs_compensated_response
8,1386;2281;3253;4253;5237;6211;7213;8231,4,0.28674463,0.32596586,440,459,449.5738888888889,8.8601581346115e-07,7.080401207275769e-08,8.152118013883923e-07,8.048375610156712e-07,6.772243616854547e-07,1.9864883534513488e-07,4.785755263403197e-07,1.8186981977491983e-06,5.493795384130774e-07,2.368077736162276e-06,0.541597592705533,0.0018653515908115658,1.7201448468278634e-06,2.218527440953545e-06,2.935645706830218e-07,7.010155350759231e-08,1.0572936349535205,0.004296725639315591,1.289732922808654,1.1364167715293587,0.9170798688866189,True,scale_dependent_camb,castro_corrected_numerical_pbs_compensated_response
8,1386;2281;3253;4253;5237;6211;7213;8231,4,0.28674463,0.32596586,460,479,469.5707446808511,8.194846366011084e-07,7.080401207275769e-08,7.486806245283507e-07,7.415679279172516e-07,6.622690499546056e-07,1.836307010288677e-07,4.786383489257379e-07,1.67387925347447e-06,5.494423609984956e-07,2.2233216144729656e-06,0.526569155765976,0.0020863875696893975,1.573449150979291e-06,2.0571013052525015e-06,3.1714703814221456e-07,7.01015535075923e-08,1.063827993699493,0.007427791133183257,1.3073834028714513,1.1339440884405343,0.9095758415317509,True,scale_dependent_camb,castro_corrected_numerical_pbs_compensated_response
8,1386;2281;3253;4253;5237;6211;7213;8231,4,0.28674463,0.32596586,480,499,489.5678571428571,7.519940687832769e-07,7.080401207275769e-08,6.811900567105193e-07,6.785539194322634e-07,6.458888314090873e-07,1.6898199593529696e-07,4.769068354737904e-07,1.5287259720780798e-06,5.47710847546548e-07,2.076436819624628e-06,0.5114949264898874,0.002200456264229674,1.4430239910695794e-06,1.911557216312276e-06,3.3980014713641695e-07,7.010155350759228e-08,1.0593905448134493,0.007275340844445433,1.3246884515727395,1.1206260612125982,0.89445339930766,True,scale_dependent_camb,castro_corrected_numerical_pbs_compensated_response
8,1386;2281;3253;4253;5237;6211;7213;8231,4,0.28674463,0.32596586,500,512,506.02764067127345,7.083353574399031e-07,7.080401207275769e-08,6.375313453671454e-07,6.409051226935706e-07,6.38417402596269e-07,1.6107418846139645e-07,4.773432141348726e-07,1.4395106565221124e-06,5.481472262076302e-07,1.9876578827297425e-06,0.5022970383798364,0.0027835878184968867,1.3468702127111739e-06,1.8030614598391403e-06,3.576608240579397e-07,7.010155350759231e-08,1.068782012503238,0.006725806166030651,1.338704682026993,1.1200390963291287,0.8909972403030141,True,scale_dependent_camb,castro_corrected_numerical_pbs_compensated_response
8,1386;2281;3253;4253;5237;6211;7213;8231,5,0.2483836,0.28674463,20,39,30.608333333333334,3.416205691543496e-05,8.836006388656361e-08,3.407369685154839e-05,2.976316313080121e-05,7.138792301464911e-06,6.4994846568169595e-06,6.393076446479516e-07,7.033634463916657e-05,7.276677085345152e-07,7.106401234770109e-05,0.9541729227647359,0.0007410008084658003,7.143470509460334e-05,7.171604231132911e-05,7.622173608057176e-11,8.956648242792252e-08,0.9846242739578447,0.012400135670176098,1.0039383828400101,0.9935639336081554,0.9896711149314711,True,scale_dependent_camb,castro_corrected_numerical_pbs_compensated_response
8,1386;2281;3253;4253;5237;6211;7213;8231,5,0.2483836,0.28674463,40,59,50.165,2.4450876069331647e-05,8.836006388656361e-08,2.4362516005445083e-05,2.117818221931659e-05,5.267507673474874e-06,4.602515212451098e-06,6.649924610237763e-07,5.014321343721277e-05,7.533525249103399e-07,5.089656596212311e-05,0.9347490400936436,0.0005461998999588216,5.305018899871309e-05,5.349252735395807e-05,4.746807698669252e-10,8.956648242792252e-08,0.945203294910583,0.011703377859967772,1.0083381108266307,0.9577784252542445,0.9498717095994986,True,scale_dependent_camb,castro_corrected_numerical_pbs_compensated_response
8,1386;2281;3253;4253;5237;6211;7213;8231,5,0.2483836,0.28674463,60,79,69.975,1.7816744881581993e-05,8.836006388656361e-08,1.772838481769543e-05,1.5373677372436235e-05,4.0299477815756255e-06,3.332931318647925e-06,6.970164629277006e-07,3.643499350877959e-05,7.853765268142642e-07,3.7220370035593854e-05,0.90941784686831,0.0008646849051548264,3.77263367515948e-05,3.8284919389094046e-05,1.6739013827652794e-09,8.956648242792254e-08,0.9657707756966194,0.006696078041313316,1.0148061721756123,0.9842082136125925,0.9698826108669968,True,scale_dependent_camb,castro_corrected_numerical_pbs_compensated_response
8,1386;2281;3253;4253;5237;6211;7213;8231,5,0.2483836,0.28674463,80,99,89.86944444444444,1.311462758568572e-05,8.836006388656361e-08,1.3026267521799157e-05,1.1447086401890761e-05,3.2172672084374224e-06,2.5148375555980828e-06,7.024296528393396e-07,2.6988191479288e-05,7.907897167259032e-07,2.7778981196013904e-05,0.8841203814834385,0.0016131437068153615,2.8063215987955588e-05,2.871990556679314e-05,4.311368892769962e-09,8.956648242792252e-08,0.9616927543468654,0.011068382213719473,1.0234003679093442,0.9865713185664443,0.9640865551363381,True,scale_dependent_camb,castro_corrected_numerical_pbs_compensated_response
8,1386;2281;3253;4253;5237;6211;7213;8231,5,0.2483836,0.28674463,100,119,109.80227272727272,1.0002418427457632e-05,8.836006388656361e-08,9.914058363571068e-06,8.763408997085642e-06,2.6539344979611217e-06,1.9365766882206194e-06,7.173578097405023e-07,2.0614044048877328e-05,8.057178736270659e-07,2.1419761922504397e-05,0.8542249458599009,0.0017611701213613453,2.186788189099814e-05,2.2605022999254622e-05,9.109589475647297e-09,8.956648242792251e-08,0.9426630412414587,0.008577144182474367,1.033708848069091,0.9751077960725221,0.9434481075251365,True,scale_dependent_camb,castro_corrected_numerical_pbs_compensated_response
8,1386;2281;3253;4253;5237;6211;7213;8231,5,0.2483836,0.28674463,120,139,129.75576923076923,7.830141007896306e-06,8.836006388656361e-08,7.741780944009742e-06,6.910495418079681e-06,2.2565129836597397e-06,1.5421176105561019e-06,7.143953731036378e-07,1.6194393972645524e-05,8.027554369902014e-07,1.6997149409635726e-05,0.8266845668766499,0.002355840509314477,1.673669864995129e-05,1.7506787712273693e-05,1.6790578038771718e-08,8.956648242792252e-08,0.967597870485208,0.010132777261850436,1.0460120050213513,1.009148797098761,0.9650263839278702,True,scale_dependent_camb,castro_corrected_numerical_pbs_compensated_response
8,1386;2281;3253;4253;5237;6211;7213;8231,5,0.2483836,0.28674463,140,159,149.72166666666666,6.3759458733804195e-06,8.836006388656361e-08,6.287585809493856e-06,5.655950589678147e-06,1.9763291706728683e-06,1.2719419679560494e-06,7.043872027168189e-07,1.3215478367128053e-05,7.927472666033825e-07,1.4008225633731434e-05,0.8022394382015037,0.0013053246899245871,1.3743907305175535e-05,1.4566583259541594e-05,2.799365301315903e-08,8.956648242792251e-08,0.961551767898748,0.005908255223487031,1.0598575016623013,1.0105874932609797,0.9539695477584215,True,scale_dependent_camb,castro_corrected_numerical_pbs_compensated_response
8,1386;2281;3253;4253;5237;6211;7213;8231,5,0.2483836,0.28674463,160,179,169.6955882352941,5.18163475046664e-06,8.836006388656361e-08,5.093274686580077e-06,4.6735961723902e-06,1.7707951267079255e-06,1.0721246411533454e-06,6.986704855545802e-07,1.0838995500123623e-05,7.870305494411438e-07,1.1626026049564764e-05,0.7781054904864666,0.0019465486848390036,1.1070663981508585e-05,1.19037610521764e-05,4.32064242070141e-08,8.956648242792252e-08,0.9790736597396579,0.006400291176575636,1.0752526742803632,1.037719600301267,0.9658948406035062,True,scale_dependent_camb,castro_corrected_numerical_pbs_compensated_response
8,1386;2281;3253;4253;5237;6211;7213;8231,5,0.2483836,0.28674463,180,199,189.675,4.29010054520929e-06,8.836006388656361e-08,4.201740481322727e-06,3.840011091212186e-06,1.5707120307669145e-06,8.773557794787099e-07,6.933562512882046e-07,8.919107352013623e-06,7.817163151747682e-07,9.700823667188391e-06,0.7473767537962349,0.0011517625706570771,9.201091802300271e-06,1.0048537500558657e-05,6.271611827815345e-08,8.956648242792252e-08,0.9693531532620779,0.004080732355541531,1.0921027326394597,1.037146942826363,0.9509846826909192,True,scale_dependent_camb,castro_corrected_numerical_pbs_compensated_response
8,1386;2281;3253;4253;5237;6211;7213;8231,5,0.2483836,0.28674463,200,219,209.65833333333333,3.659004172137907e-06,8.836006388656361e-08,3.5706441082513436e-06,3.356256239214489e-06,1.4771337325396008e-06,7.886851504771462e-07,6.884485820624546e-07,7.715585497942979e-06,7.768086459490182e-07,8.492394143891998e-06,0.7307047389553323,0.002409584594285231,7.775763445699148e-06,8.631467880540913e-06,8.658487993290416e-08,8.956648242792254e-08,0.992260830955518,0.007874254094491136,1.1100476423720251,1.0679684514834338,0.9642099538687723,True,scale_dependent_camb,castro_corrected_numerical_pbs_compensated_response
8,1386;2281;3253;4253;5237;6211;7213;8231,5,0.2483836,0.28674463,220,239,229.64456521739132,3.09893805056055e-06,8.836006388656361e-08,3.0105779866739867e-06,2.849601624303412e-06,1.35911723703783e-06,6.743081771320992e-07,6.848090599057308e-07,6.534487788109498e-06,7.731691237922944e-07,7.3076569119017915e-06,0.7043698416421954,0.0016067160974033601,6.554938218366182e-06,7.401430550644212e-06,1.1464909977935513e-07,8.956648242792254e-08,0.9968801490455876,0.0044132426708973155,1.1291381099376736,1.0811496716174436,0.9608199992815105,True,scale_dependent_camb,castro_corrected_numerical_pbs_compensated_response
8,1386;2281;3253;4253;5237;6211;7213;8231,5,0.2483836,0.28674463,240,259,249.633,2.674248865588319e-06,8.836006388656361e-08,2.5858888017017554e-06,2.47765084754486e-06,1.2755181257526242e-06,5.934858566133907e-07,6.820322691392335e-07,5.657025505860006e-06,7.703923330257971e-07,6.427417838885804e-06,0.6821217060461533,0.0012397087350141402,5.6648501254992946e-06,6.509157215897245e-06,1.4653974014356075e-07,8.956648242792251e-08,0.9986187419850584,0.0047277594710429085,1.1490431470724098,1.089216299826916,0.9528786974026503,True,scale_dependent_camb,castro_corrected_numerical_pbs_compensated_response
8,1386;2281;3253;4253;5237;6211;7213;8231,5,0.2483836,0.28674463,260,279,269.6231481481482,2.3411657814637103e-06,8.836006388656361e-08,2.252805717577147e-06,2.1768748746441914e-06,1.2059705489578906e-06,5.258758204140262e-07,6.800947285438644e-07,4.955556412635365e-06,7.68454792430428e-07,5.724011205065792e-06,0.6603485830328322,0.0015759489863323563,4.892311223175557e-06,5.722222930281099e-06,1.817185018707345e-07,8.956648242792252e-08,1.0129274665029908,0.004601474394498769,1.1696359183312244,1.108531917499743,0.9550352292255444,True,scale_dependent_camb,castro_corrected_numerical_pbs_compensated_response
8,1386;2281;3253;4253;5237;6211;7213;8231,5,0.2483836,0.28674463,280,299,289.6146551724138,2.046879899618256e-06,8.836006388656361e-08,1.9585198357316925e-06,1.9229837180060792e-06,1.1482347464464396e-06,4.7202309522882375e-07,6.762116512176159e-07,4.353526648966596e-06,7.645717151041795e-07,5.1180983640707744e-06,0.641159795618725,0.0012948707380162619,4.270910696701025e-06,5.085664781356228e-06,2.1952369778487665e-07,8.956648242792251e-08,1.019343872567831,0.005542617316415903,1.1907682324719508,1.1174885118187008,0.9487174858785821,True,scale_dependent_camb,castro_corrected_numerical_pbs_compensated_response
8,1386;2281;3253;4253;5237;6211;7213;8231,5,0.2483836,0.28674463,300,319,309.60725806451615,1.8092673114002441e-06,8.836006388656361e-08,1.7209072475136804e-06,1.7079343939957096e-06,1.1019432267150045e-06,4.237648336957077e-07,6.781783930192969e-07,3.852606475205098e-06,7.665384569058605e-07,4.619144932110958e-06,0.6201301503446504,0.002318007377065531,3.761706447464087e-06,4.559947075223161e-06,2.5921974331997134e-07,8.956648242792252e-08,1.0241645723850383,0.0065222165080235095,1.212201733151506,1.1237448401778833,0.941005479193011,True,scale_dependent_camb,castro_corrected_numerical_pbs_compensated_response
8,1386;2281;3253;4253;5237;6211;7213;8231,5,0.2483836,0.28674463,320,339,329.6007575757576,1.6067697905833498e-06,8.836006388656361e-08,1.518409726696786e-06,1.5281657496510617e-06,1.0548344166126373e-06,3.844961141494534e-07,6.703383024631839e-07,3.4310715904973012e-06,7.586983663497475e-07,4.189769956847049e-06,0.6037453958707876,0.001571429179988959,3.32235240509004e-06,4.099201617733592e-06,3.0004499701586657e-07,8.956648242792252e-08,1.0327235561286927,0.0034849258430541203,1.2338250486171707,1.128720560645548,0.933380353813712,True,scale_dependent_camb,castro_corrected_numerical_pbs_compensated_response
8,1386;2281;3253;4253;5237;6211;7213;8231,5,0.2483836,0.28674463,340,359,349.595,1.446080605838694e-06,8.836006388656361e-08,1.3577205419521303e-06,1.3660708110555804e-06,1.0115109576308814e-06,3.4361810902096647e-07,6.678928486099149e-07,3.0674094620286774e-06,7.562529124964784e-07,3.823662374525156e-06,0.5828445311849814,0.0023250002856038472,2.9600503834649202e-06,3.7161931676342942e-06,3.4125400238664627e-07,8.956648242792252e-08,1.0362693416177893,0.0067375200868784926,1.2554492951853957,1.127634322584883,0.922027920565739,True,scale_dependent_camb,castro_corrected_numerical_pbs_compensated_response
8,1386;2281;3253;4253;5237;6211;7213;8231,5,0.2483836,0.28674463,360,379,369.58986486486486,1.3020215030979256e-06,8.836006388656361e-08,1.213661439211362e-06,1.2346005730193078e-06,9.788792081634388e-07,3.1397524170539157e-07,6.649039664580472e-07,2.762237253936061e-06,7.532640303446108e-07,3.5155012842806725e-06,0.5663477112022411,0.0017163447277219047,2.6472429507086553e-06,3.380343038793746e-06,3.821517115402639e-07,8.956648242792252e-08,1.0434392707313178,0.005255360255282117,1.2769296591719483,1.1271385314564144,0.9126286089071471,True,scale_dependent_camb,castro_corrected_numerical_pbs_compensated_response
8,1386;2281;3253;4253;5237;6211;7213;8231,5,0.2483836,0.28674463,380,399,389.5852564102564,1.1730647296625732e-06,8.836006388656361e-08,1.0847046657760095e-06,1.1124898081554346e-06,9.528449319176028e-07,2.852466695080313e-07,6.675982624095716e-07,2.4824411434394754e-06,7.559583262961352e-07,3.23839946973561e-06,0.5471408956423439,0.0011169856570967143,2.3788561058026795e-06,3.0880904872097317e-06,4.221186418021217e-07,8.956648242792252e-08,1.0435440535407432,0.0035974431986159753,1.2981409340720678,1.120343635333286,0.8996114811835093,True,scale_dependent_camb,castro_corrected_numerical_pbs_compensated_response
8,1386;2281;3253;4253;5237;6211;7213;8231,5,0.2483836,0.28674463,400,419,409.5810975609756,1.0616049459112164e-06,8.836006388656361e-08,9.732448820246527e-07,1.0118831256487704e-06,9.283356531769781e-07,2.6301383107267887e-07,6.653218221042993e-07,2.248141838746102e-06,7.536818859908629e-07,3.001823724736965e-06,0.5322758701657009,0.0017913388881488131,2.148395632959403e-06,2.8336232670352777e-06,4.606270003783581e-07,8.956648242792251e-08,1.0464282296316618,0.004463992451648487,1.3189485323669072,1.1123678322126647,0.8871117872672982,True,scale_dependent_camb,castro_corrected_numerical_pbs_compensated_response
8,1386;2281;3253;4253;5237;6211;7213;8231,5,0.2483836,0.28674463,420,439,429.57732558139537,9.636276012744269e-07,8.836006388656361e-08,8.752675373878633e-07,9.170144140714608e-07,9.068596304185217e-07,2.401881138321551e-07,6.666715165863665e-07,2.032470065291479e-06,7.550315804729301e-07,2.78750164576441e-06,0.5146425866059615,0.0034429222362744303,1.9466541491345854e-06,2.6070625044446672e-06,4.972485980311741e-07,8.956648242792252e-08,1.0440838020431336,0.006246700410114862,1.3392530489320233,1.1002705749110162,0.8727640843029998,True,scale_dependent_camb,castro_corrected_numerical_pbs_compensated_response
8,1386;2281;3253;4253;5237;6211;7213;8231,5,0.2483836,0.28674463,440,459,449.5738888888889,8.819813423320622e-07,8.836006388656361e-08,7.936212784454986e-07,8.343410371903111e-07,8.872618003278294e-07,2.1928751951539633e-07,6.67974280812433e-07,1.847249835151206e-06,7.563343446989966e-07,2.6035841798502032e-06,0.49714269866842603,0.002400961233958572,1.7711057120331286e-06,2.406862361136182e-06,5.31655901024826e-07,8.956648242792254e-08,1.0429924214013564,0.0061917218490124375,1.358960306425324,1.0883056486954898,0.8598121913538604,True,scale_dependent_camb,castro_corrected_numerical_pbs_compensated_response
8,1386;2281;3253;4253;5237;6211;7213;8231,5,0.2483836,0.28674463,460,479,469.5707446808511,8.054501357651571e-07,8.836006388656361e-08,7.170900718785935e-07,7.571244915492926e-07,8.721708366076238e-07,1.9984849818169932e-07,6.723223384259245e-07,1.6740630616095854e-06,7.606824023124881e-07,2.4347454639220737e-06,0.47868482959296405,0.002572498848593939,1.6167501463723012e-06,2.227868207826201e-06,5.636177415389804e-07,8.956648242792252e-08,1.035449457274449,0.007365904358649439,1.377991653704278,1.0726061051528293,0.8450889116262079,True,scale_dependent_camb,castro_corrected_numerical_pbs_compensated_response
8,1386;2281;3253;4253;5237;6211;7213;8231,5,0.2483836,0.28674463,480,499,489.5678571428571,7.445399696100171e-07,8.836006388656361e-08,6.561799057234535e-07,6.905058133133155e-07,8.509056598868352e-07,1.816568421482681e-07,6.692488177385671e-07,1.528342561185037e-06,7.576088816251307e-07,2.2859514428101676e-06,0.46204595648652447,0.0028795873797425294,1.4803450503427445e-06,2.0669867006743376e-06,5.929911761972021e-07,8.956648242792252e-08,1.0324231913574338,0.007425269394787981,1.396287102250768,1.0568905542223936,0.8313928215337429,True,scale_dependent_camb,castro_corrected_numerical_pbs_compensated_response
8,1386;2281;3253;4253;5237;6211;7213;8231,5,0.2483836,0.28674463,500,512,506.02764067127345,6.918267598113302e-07,8.836006388656361e-08,6.034666959247666e-07,6.411789189140122e-07,8.473694251458474e-07,1.7031196950717643e-07,6.77057455638671e-07,1.414957584345955e-06,7.654175195252346e-07,2.1803751038711894e-06,0.44831801505399105,0.0017720020214469906,1.3796887864649579e-06,1.946530923071562e-06,6.152421926527135e-07,8.956648242792252e-08,1.0255628647757318,0.005953938542342117,1.4108478246452727,1.0459955668425256,0.8223673441873539,True,scale_dependent_camb,castro_corrected_numerical_pbs_compensated_response
8,1386;2281;3253;4253;5237;6211;7213;8231,6,0.21083225,0.2483836,20,39,30.608333333333334,4.217461764563241e-05,1.1760156601917222e-07,4.205701607961324e-05,3.806401810202733e-05,9.536775562036073e-06,8.612531327286618e-06,9.242442347494545e-07,8.873356550892718e-05,1.0418458007686267e-06,8.977541130969582e-05,0.9503085272494527,0.0008246066078706439,9.26978727753524e-05,9.317831464290106e-05,2.2190131587982478e-10,1.1778573867164154e-07,0.9572341074532263,0.013439541082202605,1.0051828791013682,0.967241930022768,0.9622609885680506,True,scale_dependent_camb,castro_corrected_numerical_pbs_compensated_response
8,1386;2281;3253;4253;5237;6211;7213;8231,6,0.21083225,0.2483836,40,59,50.165,3.01951759217448e-05,1.1760156601917222e-07,3.007757435572563e-05,2.7202449060043638e-05,7.154821000606024e-06,6.150539485936024e-06,1.00428151467e-06,6.343056290170529e-05,1.1218830806891723e-06,6.455244598239446e-05,0.927165405823529,0.0009071460825258492,6.556616841995344e-05,6.631045933039878e-05,1.372399443370994e-09,1.1778573867164154e-07,0.9674282397505749,0.009932296670518809,1.0113517524110627,0.9827529124838487,0.9717419494849708,True,scale_dependent_camb,castro_corrected_numerical_pbs_compensated_response
8,1386;2281;3253;4253;5237;6211;7213;8231,6,0.21083225,0.2483836,60,79,69.975,2.035792955667961e-05,1.1760156601917222e-07,2.024032799066044e-05,1.8490622860069722e-05,5.248182104886721e-06,4.2230433952342385e-06,1.0251387096524825e-06,4.29539942459644e-05,1.1427402756716547e-06,4.409673452163606e-05,0.897032801542974,0.0013031544782277668,4.43229010775689e-05,4.523556030861986e-05,4.79105659179742e-09,1.1778573867164154e-07,0.9691151346522018,0.008384777353070073,1.0205911438299973,0.9921534570469891,0.9721901589706328,True,scale_dependent_camb,castro_corrected_numerical_pbs_compensated_response
8,1386;2281;3253;4253;5237;6211;7213;8231,6,0.21083225,0.2483836,80,99,89.86944444444444,1.4978334969053578e-05,1.1760156601917222e-07,1.4860733403034406e-05,1.3741704417135141e-05,4.21352585839661e-06,3.1767348751669523e-06,1.0367909832296573e-06,3.1779172695336494e-05,1.1543925492488296e-06,3.293356524458533e-05,0.8682957067330352,0.0012029089026328538,3.323015156880101e-05,3.4309431686674105e-05,1.2178903620570427e-08,1.1778573867164154e-07,0.9563354723056151,0.010171135430279725,1.0324789405681316,0.9872137445862357,0.9562759152339014,True,scale_dependent_camb,castro_corrected_numerical_pbs_compensated_response
8,1386;2281;3253;4253;5237;6211;7213;8231,6,0.21083225,0.2483836,100,119,109.80227272727272,1.1123698148892469e-05,1.1760156601917222e-07,1.1006096582873297e-05,1.0199371565548054e-05,3.388082159961129e-06,2.362944472384241e-06,1.025137687576888e-06,2.3568412620805594e-05,1.1427392535960603e-06,2.471115187440165e-05,0.835121743788326,0.0011679398450785174,2.4319395570699415e-05,2.5463922696915936e-05,2.5324282817104212e-08,1.1778573867164151e-07,0.9691199993967522,0.00558498909656493,1.0470623179301164,1.0101643832548735,0.9650142656568275,True,scale_dependent_camb,castro_corrected_numerical_pbs_compensated_response
8,1386;2281;3253;4253;5237;6211;7213;8231,6,0.21083225,0.2483836,120,139,129.75576923076923,8.679611162767541e-06,1.1760156601917222e-07,8.562009596748369e-06,8.035121102217345e-06,2.916010279359544e-06,1.885164061011387e-06,1.030846218348157e-06,1.84822947599771e-05,1.1484477843673294e-06,1.9630742544344433e-05,0.8040444352689539,0.0016988824188729084,1.9224321840801986e-05,2.045426505619335e-05,4.5815301657007965e-08,1.1778573867164154e-07,0.9614016511495352,0.005803897150706787,1.0639784969049424,1.0125242742454954,0.9521229041086805,True,scale_dependent_camb,castro_corrected_numerical_pbs_compensated_response
8,1386;2281;3253;4253;5237;6211;7213;8231,6,0.21083225,0.2483836,140,159,149.72166666666666,6.8826841500961735e-06,1.1760156601917222e-07,6.765082584077001e-06,6.456396533689286e-06,2.5734088322264615e-06,1.5404489036966562e-06,1.0329599285298054e-06,1.4761928021462944e-05,1.1505614945489776e-06,1.591248951601192e-05,0.7736940467197556,0.0019731111540635476,1.5019865823718954e-05,1.626698074783789e-05,7.479907265879614e-08,1.1778573867164155e-07,0.982826890380826,0.005221367206253225,1.083031029621418,1.046017495652518,0.9667624250962277,True,scale_dependent_camb,castro_corrected_numerical_pbs_compensated_response
8,1386;2281;3253;4253;5237;6211;7213;8231,6,0.21083225,0.2483836,160,179,169.6955882352941,5.541506926525237e-06,1.1760156601917222e-07,5.423905360506065e-06,5.248703454393449e-06,2.293023821406936e-06,1.2697902213024296e-06,1.0232336001045064e-06,1.1942399036201944e-05,1.1408351661236787e-06,1.308323420232562e-05,0.7441520900638088,0.002068694766277421,1.2252464246904532e-05,1.3526961802019048e-05,1.1282307159801185e-07,1.1778573867164154e-07,0.9746936449309841,0.00673670259073014,1.1040196918294625,1.0480779966922098,0.9509843395344275,True,scale_dependent_camb,castro_corrected_numerical_pbs_compensated_response
8,1386;2281;3253;4253;5237;6211;7213;8231,6,0.21083225,0.2483836,180,199,189.675,4.60757013622007e-06,1.1760156601917222e-07,4.489968570200898e-06,4.41656894718961e-06,2.116220803794474e-06,1.0860923055641104e-06,1.0301284982303637e-06,9.992629822954619e-06,1.147730064249536e-06,1.1140359887204156e-05,0.7163955487466116,0.001642413637910612,1.0036416878514023e-05,1.1306217921495385e-05,1.5977424763208222e-07,1.1778573867164154e-07,0.9956371824636795,0.004514983750165216,1.1265193602808343,1.080122636808049,0.9617207767513907,True,scale_dependent_camb,castro_corrected_numerical_pbs_compensated_response
8,1386;2281;3253;4253;5237;6211;7213;8231,6,0.21083225,0.2483836,200,219,209.65833333333333,3.8713020072492825e-06,1.1760156601917222e-07,3.7537004412301104e-06,3.763829493262124e-06,1.955855846267076e-06,9.434964694270728e-07,1.0123593768400033e-06,8.461026403919308e-06,1.1299609428591756e-06,9.590987346778482e-06,0.6945471257607774,0.0026587159371989654,8.382125213803053e-06,9.642915685193779e-06,2.1491172664625625e-07,1.1778573867164152e-07,1.009413029285977,0.00863414958362691,1.1504141776973877,1.100537291453635,0.9614433922075792,True,scale_dependent_camb,castro_corrected_numerical_pbs_compensated_response
8,1386;2281;3253;4253;5237;6211;7213;8231,6,0.21083225,0.2483836,220,239,229.64456521739132,3.2840178983193362e-06,1.1760156601917222e-07,3.166416332300164e-06,3.2168472760660845e-06,1.830040607207381e-06,8.170203561021194e-07,1.0130202511052618e-06,7.200283964468368e-06,1.130621817124434e-06,8.330905781592802e-06,0.6681686197322352,0.0022426934896758724,7.087203696628185e-06,8.32904194454932e-06,2.7697355606197195e-07,1.1778573867164152e-07,1.015955554924149,0.004969557675261391,1.1752225985139884,1.1134652485198253,0.9549628141548048,True,scale_dependent_camb,castro_corrected_numerical_pbs_compensated_response
8,1386;2281;3253;4253;5237;6211;7213;8231,6,0.21083225,0.2483836,240,259,249.633,2.795429860545604e-06,1.1760156601917222e-07,2.6778282945264318e-06,2.7780794318675038e-06,1.731609545767886e-06,7.20520929734419e-07,1.011088616033467e-06,6.176428656128355e-06,1.1286901820526393e-06,7.3051188381809945e-06,0.6450573301651402,0.0025125460306288268,6.042108609279226e-06,7.255361446892737e-06,3.4432942383623787e-07,1.1778573867164155e-07,1.0222306574633309,0.009111543230948736,1.200799574464823,1.1231346113686729,0.9465683160325576,True,scale_dependent_camb,castro_corrected_numerical_pbs_compensated_response
8,1386;2281;3253;4253;5237;6211;7213;8231,6,0.21083225,0.2483836,260,279,269.6231481481482,2.4392077085137033e-06,1.1760156601917222e-07,2.3216061424945313e-06,2.423097885963638e-06,1.6268408764350781e-06,6.322566150962967e-07,9.945842613387816e-07,5.376960643554465e-06,1.1121858273579539e-06,6.489146470912419e-06,0.6234105576692203,0.0027140943371963253,5.217914484668059e-06,6.400992324925143e-06,4.1514998184453234e-07,1.1778573867164154e-07,1.0304807906211833,0.005912442856512573,1.2267338500340228,1.1283803680128257,0.9358543135126247,True,scale_dependent_camb,castro_corrected_numerical_pbs_compensated_response
8,1386;2281;3253;4253;5237;6211;7213;8231,6,0.21083225,0.2483836,280,299,289.6146551724138,2.125431560405134e-06,1.1760156601917222e-07,2.007829994385962e-06,2.124637466992203e-06,1.5714727458684138e-06,5.620600821245763e-07,1.0094126637438376e-06,4.694527543502741e-06,1.1270142297630098e-06,5.8215417732657505e-06,0.5980506194337519,0.001933645830137631,4.529164934945672e-06,5.674261133381062e-06,4.87567828045853e-07,1.1778573867164154e-07,1.0365106175050463,0.0027763454677914596,1.2528272241975937,1.1338048098142102,0.9270539756482803,True,scale_dependent_camb,castro_corrected_numerical_pbs_compensated_response
8,1386;2281;3253;4253;5237;6211;7213;8231,6,0.21083225,0.2483836,300,319,309.60725806451615,1.8635075467957615e-06,1.1760156601917222e-07,1.7459059807765892e-06,1.8551142729504954e-06,1.4925516944897473e-06,4.927884152407033e-07,9.997632792490438e-07,4.093808668967788e-06,1.117364845268216e-06,5.211173514236004e-06,0.5745999103456364,0.0017904017659477313,3.971365358887813e-06,5.078476413208706e-06,5.598127305721948e-07,1.1778573867164154e-07,1.0308315400409962,0.004302418377355775,1.2787734077005046,1.120932256496024,0.905334558819296,True,scale_dependent_camb,castro_corrected_numerical_pbs_compensated_response
8,1386;2281;3253;4253;5237;6211;7213;8231,6,0.21083225,0.2483836,320,339,329.6007575757576,1.6463525812756557e-06,1.1760156601917222e-07,1.5287510152564834e-06,1.6287789409750584e-06,1.4307891815597e-06,4.338379520419719e-07,9.96951229517728e-07,3.591367908273514e-06,1.1145527955369004e-06,4.705920703810414e-06,0.5506503844868267,0.002036864804939666,3.4991241917386333e-06,4.564122699842195e-06,6.303118645668211e-07,1.1778573867164155e-07,1.026361944155245,0.00595407842558172,1.3043614486785016,1.10799975395111,0.8858670076392278,True,scale_dependent_camb,castro_corrected_numerical_pbs_compensated_response
8,1386;2281;3253;4253;5237;6211;7213;8231,6,0.21083225,0.2483836,340,359,349.595,1.4728446950425873e-06,1.1760156601917222e-07,1.355243129023415e-06,1.4638292988104035e-06,1.3951807839253215e-06,3.9527893006176894e-07,9.999018538635526e-07,3.214351357895587e-06,1.117503419882725e-06,4.331854777778312e-06,0.5322756385929451,0.0024738869466139784,3.1052863604343905e-06,4.128093575217681e-06,6.977529793012945e-07,1.1778573867164154e-07,1.0351223638666096,0.005792084968799212,1.329376133491345,1.1048324500969446,0.8762493892891324,True,scale_dependent_camb,castro_corrected_numerical_pbs_compensated_response
8,1386;2281;3253;4253;5237;6211;7213;8231,6,0.21083225,0.2483836,360,379,369.58986486486486,1.3151936136294653e-06,1.1760156601917222e-07,1.197592047610293e-06,1.3085145708282491e-06,1.3590100935144623e-06,3.5742772037573797e-07,1.0015823731387243e-06,2.86353433881428e-06,1.1191839391578966e-06,3.982718277972177e-06,0.5128410426648748,0.002913709319903383,2.7691455604910995e-06,3.748425428715083e-06,7.611136568123702e-07,1.1778573867164154e-07,1.034085885433354,0.005398327486535191,1.3536397227346586,1.0917404599000093,0.8606956350122908,True,scale_dependent_camb,castro_corrected_numerical_pbs_compensated_response
8,1386;2281;3253;4253;5237;6211;7213;8231,6,0.21083225,0.2483836,380,399,389.5852564102564,1.181501373780873e-06,1.1760156601917222e-07,1.0638998077617007e-06,1.1752279111661727e-06,1.334821167151561e-06,3.2455138940427537e-07,1.0102697777472858e-06,2.5636791083321484e-06,1.127871343766458e-06,3.691550452098607e-06,0.4930945402595264,0.0012468358464480002,2.4823618113207635e-06,3.418234056356273e-06,8.196627744302201e-07,1.1778573867164154e-07,1.0327580357708288,0.003605127799505334,1.3770087989460207,1.079460584622295,0.8475251337146571,True,scale_dependent_camb,castro_corrected_numerical_pbs_compensated_response
8,1386;2281;3253;4253;5237;6211;7213;8231,6,0.21083225,0.2483836,400,419,409.5810975609756,1.0693483532503385e-06,1.1760156601917222e-07,9.517467872311663e-07,1.0477146167835718e-06,1.2978614114441733e-06,2.8833980133923184e-07,1.0095216101049415e-06,2.28780120535397e-06,1.1271231761241138e-06,3.414924381478083e-06,0.47134416754249897,0.0024461461721102308,2.2353003533764747e-06,3.1279944165489384e-06,8.729413822422514e-07,1.1778573867164154e-07,1.0234871577317077,0.007474717807976357,1.3993620194369083,1.0585540292800102,0.8291224231637924,True,scale_dependent_camb,castro_corrected_numerical_pbs_compensated_response
8,1386;2281;3253;4253;5237;6211;7213;8231,6,0.21083225,0.2483836,420,439,429.57732558139537,9.678131618032185e-07,1.1760156601917222e-07,8.502115957840464e-07,9.39972984501769e-07,1.2730616003458954e-06,2.598027408631064e-07,1.013258859482789e-06,2.049987321148922e-06,1.1308604255019612e-06,3.180847746650883e-06,0.4517489532530423,0.0019312078915515536,2.0211151349980014e-06,2.871225874144886e-06,9.207300935187264e-07,1.1778573867164154e-07,1.0142852753170586,0.004699532030687602,1.420614701471584,1.0396181045238617,0.8135697919626536,True,scale_dependent_camb,castro_corrected_numerical_pbs_compensated_response
8,1386;2281;3253;4253;5237;6211;7213;8231,6,0.21083225,0.2483836,440,459,449.5738888888889,8.769830981506255e-07,1.1760156601917222e-07,7.593815321314533e-07,8.462692631979035e-07,1.2544683983632737e-06,2.3577465198006324e-07,1.0186937463832105e-06,1.84142544730942e-06,1.1362953124023828e-06,2.9777207597118028e-06,0.4335295386164564,0.002838744111574835,1.8348215757853715e-06,2.643433691847447e-06,9.63009314370897e-07,1.1778573867164152e-07,1.003599190030901,0.007594946078163915,1.4407034050250689,1.0213005133356161,0.7995536696819533,True,scale_dependent_camb,castro_corrected_numerical_pbs_compensated_response
8,1386;2281;3253;4253;5237;6211;7213;8231,6,0.21083225,0.2483836,460,479,469.5707446808511,8.037207771148339e-07,1.1760156601917222e-07,6.861192110956617e-07,7.554731745974123e-07,1.232599240384206e-06,2.0795938530305826e-07,1.0246398550811476e-06,1.6495517709961324e-06,1.1422414211003199e-06,2.7917931920964525e-06,0.41075070228896726,0.0026348074165464153,1.6715258494733947e-06,2.4397454830375283e-06,9.99917314546247e-07,1.1778573867164152e-07,0.9868538805522001,0.0042926567806918815,1.4595918356908193,1.000919354235393,0.7847740209434215,True,scale_dependent_camb,castro_corrected_numerical_pbs_compensated_response
8,1386;2281;3253;4253;5237;6211;7213;8231,6,0.21083225,0.2483836,480,499,489.5678571428571,7.403575972822526e-07,1.1760156601917222e-07,6.227560312630804e-07,6.888372924585947e-07,1.2163303648831214e-06,1.9048262548309168e-07,1.0258477394000296e-06,1.5020759492047667e-06,1.1434493054192019e-06,2.6455252546239683e-06,0.3957326741992151,0.0012640187926699958,1.5276968105355623e-06,2.2568122202392343e-06,1.031709734406422e-06,1.1778573867164152e-07,0.9832290928709776,0.0025197421234075994,1.4772644707218228,0.9881715522700845,0.7766548100789958,True,scale_dependent_camb,castro_corrected_numerical_pbs_compensated_response
8,1386;2281;3253;4253;5237;6211;7213;8231,6,0.21083225,0.2483836,500,512,506.02764067127345,6.907637580399359e-07,1.1760156601917222e-07,5.731621920207637e-07,6.28046860690821e-07,1.192760500503969e-06,1.720467891614291e-07,1.02071371134254e-06,1.3732558418730136e-06,1.1383152773617123e-06,2.5115711192347266e-06,0.37979274267438917,0.004271920880457873,1.421533913933289e-06,2.1195002271642425e-06,1.0543830963510915e-06,1.1778573867164155e-07,0.9660380441246785,0.011694391369233838,1.490995189344254,0.9683342164963376,0.7630083923339626,True,scale_dependent_camb,castro_corrected_numerical_pbs_compensated_response
8,1386;2281;3253;4253;5237;6211;7213;8231,7,0.17404257,0.21083225,20,39,30.608333333333334,5.506014178211734e-05,1.645192610489017e-07,5.489562252106844e-05,5.125133557619361e-05,1.338754187716386e-05,1.1962244336219638e-05,1.425297540944222e-06,0.0001181092024334817,1.5898168019931238e-06,0.0001196990192354748,0.9452700834776767,0.001049970062496365,0.00012373765287432785,0.0001246223389407258,7.395547141260122e-10,1.6342609638922053e-07,0.9545130337443639,0.009817896964633971,1.0071496916730467,0.9660795996380491,0.9592304843140269,True,scale_dependent_camb,castro_corrected_numerical_pbs_compensated_response
8,1386;2281;3253;4253;5237;6211;7213;8231,7,0.17404257,0.21083225,40,59,50.165,3.5897486120206296e-05,1.645192610489017e-07,3.5732966859157396e-05,3.3433073156911494e-05,9.33001585366608e-06,7.820302083515222e-06,1.509713770150859e-06,7.698634209958412e-05,1.6742330311997607e-06,7.866057513078388e-05,0.9155257712666092,0.0008964323363383315,8.016244607521799e-05,8.146238547217672e-05,4.522353949020965e-09,1.634260963892205e-07,0.9603791534423279,0.010285656171209157,1.0162163140049265,0.9792131060150451,0.9636194212490907,True,scale_dependent_camb,castro_corrected_numerical_pbs_compensated_response
8,1386;2281;3253;4253;5237;6211;7213;8231,7,0.17404257,0.21083225,60,79,69.975,2.3564910751854277e-05,1.645192610489017e-07,2.3400391490805377e-05,2.214709397995023e-05,6.783362869345414e-06,5.240230403297691e-06,1.543132466047723e-06,5.0787715874053294e-05,1.7076517270966247e-06,5.249536760114992e-05,0.8789267175906406,0.0014110900049115226,5.413271070160001e-05,5.574598922167438e-05,1.553028301089633e-08,1.6342609638922053e-07,0.9382075129031392,0.006524049471946905,1.0298022858852824,0.9665578396416854,0.9386753449097914,True,scale_dependent_camb,castro_corrected_numerical_pbs_compensated_response
8,1386;2281;3253;4253;5237;6211;7213;8231,7,0.17404257,0.21083225,80,99,89.86944444444444,1.6640969805466175e-05,1.645192610489017e-07,1.6476450544417275e-05,1.5876323240199325e-05,5.409199117362736e-06,3.8245136436970344e-06,1.5846854736657014e-06,3.6177287428313636e-05,1.749204734714603e-06,3.792649216302823e-05,0.8408559914149522,0.0013261973506469512,3.7809679591467936e-05,3.959080094491507e-05,3.864873023308898e-08,1.6342609638922053e-07,0.9568260778511685,0.005162658677475014,1.0471075495135658,0.9977569502811099,0.9530975439115129,True,scale_dependent_camb,castro_corrected_numerical_pbs_compensated_response
8,1386;2281;3253;4253;5237;6211;7213;8231,7,0.17404257,0.21083225,100,119,109.80227272727272,1.241693787530758e-05,1.645192610489017e-07,1.2252418614258679e-05,1.1919466069560931e-05,4.481517611713545e-06,2.8988903304788516e-06,1.582627281234693e-06,2.707077501429846e-05,1.7471465422835947e-06,2.8817921556582054e-05,0.8042727216505576,0.0011512582741779668,2.826445196062339e-05,3.0190432819320027e-05,7.833589059742342e-08,1.634260963892205e-07,0.9577675538167909,0.005230408063096349,1.068141454197655,1.010934724953124,0.9469550829311175,True,scale_dependent_camb,castro_corrected_numerical_pbs_compensated_response
8,1386;2281;3253;4253;5237;6211;7213;8231,7,0.17404257,0.21083225,120,139,129.75576923076923,9.33112323310935e-06,1.645192610489017e-07,9.166603972060448e-06,9.080394085741194e-06,3.786299811194847e-06,2.2487487460917855e-06,1.5375510651030616e-06,2.0495746803893427e-05,1.7020703261519633e-06,2.219781713004539e-05,0.770660264499717,0.0011461179471770656,2.12453795562154e-05,2.3205309926027654e-05,1.3762438601609488e-07,1.6342609638922056e-07,0.9647154925927098,0.0058219810681477335,1.0922520760161647,1.0302317873660325,0.9443323740616972,True,scale_dependent_camb,castro_corrected_numerical_pbs_compensated_response
8,1386;2281;3253;4253;5237;6211;7213;8231,7,0.17404257,0.21083225,140,159,149.72166666666666,7.463136742903025e-06,1.645192610489017e-07,7.298617481854123e-06,7.344767728112314e-06,3.3908727445205363e-06,1.8478024473141698e-06,1.5430702972063665e-06,1.6491187657280606e-05,1.7075895582552682e-06,1.8198777215535878e-05,0.738196570498265,0.0030906131776220883,1.6806657514771035e-05,1.8806600978828272e-05,2.175115139940928e-07,1.6342609638922053e-07,0.981229470689626,0.00866054127271779,1.118997097566814,1.0588320869219014,0.9484685662479059,True,scale_dependent_camb,castro_corrected_numerical_pbs_compensated_response
8,1386;2281;3253;4253;5237;6211;7213;8231,7,0.17404257,0.21083225,160,179,169.6955882352941,5.974539761094593e-06,1.645192610489017e-07,5.810020500045691e-06,5.983065167176377e-06,3.081317049159109e-06,1.5403159418455481e-06,1.541001107313561e-06,1.3333401609067617e-05,1.7055203683624628e-06,1.5038921977430076e-05,0.7070281602467658,0.002529063149616732,1.3347012269668008e-05,1.532141325902533e-05,3.168221421133149e-07,1.634260963892205e-07,0.9989802466405667,0.010012849371170123,1.1479283115551098,1.0876284545694037,0.9517304227649026,True,scale_dependent_camb,castro_corrected_numerical_pbs_compensated_response
8,1386;2281;3253;4253;5237;6211;7213;8231,7,0.17404257,0.21083225,180,199,189.675,4.911505285038991e-06,1.645192610489017e-07,4.7469860239900895e-06,4.922392666379074e-06,2.8306787867977367e-06,1.276070196940245e-06,1.5546085898574917e-06,1.094544888730941e-05,1.7191278509063934e-06,1.2664576738215802e-05,0.6714164658407517,0.002147008199879301,1.093482241355212e-05,1.288526640550447e-05,4.324930177405912e-07,1.6342609638922053e-07,1.0009718012195716,0.005057131006063583,1.178369974215133,1.0983315086728693,0.9394260408159837,True,scale_dependent_camb,castro_corrected_numerical_pbs_compensated_response
8,1386;2281;3253;4253;5237;6211;7213;8231,7,0.17404257,0.21083225,200,219,209.65833333333333,4.07890038723691e-06,1.645192610489017e-07,3.914381126188008e-06,4.142121258825524e-06,2.611342802093436e-06,1.0957778490212275e-06,1.5155649530722087e-06,9.15228023403476e-06,1.6800842141211104e-06,1.0832364448155869e-05,0.6477826545379087,0.0020710735314517902,9.02673177034295e-06,1.0921645129212805e-05,5.601365304834523e-07,1.634260963892205e-07,1.0139085182639742,0.006983794465670318,1.2099224178894443,1.11097819274557,0.9301993296336996,True,scale_dependent_camb,castro_corrected_numerical_pbs_compensated_response
8,1386;2281;3253;4253;5237;6211;7213;8231,7,0.17404257,0.21083225,220,239,229.64456521739132,3.4648915750926384e-06,1.645192610489017e-07,3.3003723140437365e-06,3.563575287483597e-06,2.4839623531074135e-06,9.619421402493555e-07,1.522020212858058e-06,7.825889741776688e-06,1.6865394739069597e-06,9.512429215683648e-06,0.6223031087743859,0.002719972995397946,7.588341979994084e-06,9.424232454154753e-06,6.947126837771548e-07,1.634260963892205e-07,1.0313043036817364,0.0091697723111138,1.241935653269293,1.1262003058777983,0.9251201886129611,True,scale_dependent_camb,castro_corrected_numerical_pbs_compensated_response
8,1386;2281;3253;4253;5237;6211;7213;8231,7,0.17404257,0.21083225,240,259,249.633,2.9139469131386305e-06,1.645192610489017e-07,2.749427652089729e-06,2.989132812642043e-06,2.329771645093967e-06,8.124340864927162e-07,1.5173375586012506e-06,6.550994551224488e-06,1.6818568196501523e-06,8.232851370874641e-06,0.5905237793015957,0.0035146245927017692,6.436396659093772e-06,8.200054445112955e-06,8.311611800754612e-07,1.6342609638922056e-07,1.0178046659024353,0.007570352214758508,1.2740132219053604,1.1079086487428835,0.8953966473271164,True,scale_dependent_camb,castro_corrected_numerical_pbs_compensated_response
8,1386;2281;3253;4253;5237;6211;7213;8231,7,0.17404257,0.21083225,260,279,269.6231481481482,2.511190715921945e-06,1.645192610489017e-07,2.3466714548730435e-06,2.5879143474972912e-06,2.2207982055778054e-06,7.1348938259709e-07,1.5073088229807155e-06,5.648075184967425e-06,1.6718280840296172e-06,7.319903268997042e-06,0.5668122249024224,0.0017395333826308128,5.522556630867365e-06,7.2104963917211545e-06,9.648976669142845e-07,1.6342609638922053e-07,1.0227283416884303,0.006217225479364298,1.3056446268779474,1.100591626247336,0.8778104255655812,True,scale_dependent_camb,castro_corrected_numerical_pbs_compensated_response
8,1386;2281;3253;4253;5237;6211;7213;8231,7,0.17404257,0.21083225,280,299,289.6146551724138,2.1952465893733836e-06,1.645192610489017e-07,2.030727328324482e-06,2.264248986443568e-06,2.16769085295458e-06,6.311560642709205e-07,1.5365347886836598e-06,4.926132379038971e-06,1.7010540497325615e-06,6.62718642877153e-06,0.5395972245331307,0.002049026775925106,4.777800735786085e-06,6.385465117860984e-06,1.0921347996847065e-06,1.6342609638922053e-07,1.0310460087089592,0.005653508390051525,1.3364862770507302,1.0984235378459237,0.8673163023768738,True,scale_dependent_camb,castro_corrected_numerical_pbs_compensated_response
8,1386;2281;3253;4253;5237;6211;7213;8231,7,0.17404257,0.21083225,300,319,309.60725806451615,1.9056623633940374e-06,1.645192610489017e-07,1.7411431023451357e-06,1.9623238893794364e-06,2.106449025201246e-06,5.529004252497588e-07,1.5535485999514872e-06,4.256367416974331e-06,1.718067861000389e-06,5.97443527797472e-06,0.5123278740355613,0.0012587044147389687,4.167480656480171e-06,5.69357082965452e-06,1.2100330796263954e-06,1.6342609638922053e-07,1.0213286558045438,0.006830893763609448,1.3661901035584592,1.0782350031914487,0.8453954876633059,True,scale_dependent_camb,castro_corrected_numerical_pbs_compensated_response
8,1386;2281;3253;4253;5237;6211;7213;8231,7,0.17404257,0.21083225,320,339,329.6007575757576,1.6940531374867133e-06,1.645192610489017e-07,1.5295338764378116e-06,1.7417391017586322e-06,2.045284836616077e-06,4.958463400725977e-07,1.5494384965434792e-06,3.7671193182690413e-06,1.713957757592381e-06,5.481077075861423e-06,0.4923757515328155,0.0020259376870562814,3.660565380912178e-06,5.1047161804692624e-06,1.3167126922732974e-06,1.634260963892205e-07,1.0291086010681527,0.007052080887634667,1.3945157781056257,1.0662113389642662,0.8323762788330794,True,scale_dependent_camb,castro_corrected_numerical_pbs_compensated_response
8,1386;2281;3253;4253;5237;6211;7213;8231,7,0.17404257,0.21083225,340,359,349.595,1.4788851453374306e-06,1.645192610489017e-07,1.3143658842885288e-06,1.4963155040979938e-06,1.9813218641116246e-06,4.2586316994525286e-07,1.5554586941663717e-06,3.2365445583317755e-06,1.7199779552152734e-06,4.956522513547048e-06,0.46361504947015203,0.001762396433905099,3.235876542298262e-06,4.5990364705976985e-06,1.4111678477283743e-06,1.634260963892205e-07,1.0002064405192168,0.006741621334604736,1.4212645045262637,1.0303612770400783,0.8028537798007506,True,scale_dependent_camb,castro_corrected_numerical_pbs_compensated_response
8,1386;2281;3253;4253;5237;6211;7213;8231,7,0.17404257,0.21083225,360,379,369.58986486486486,1.3201518637382795e-06,1.645192610489017e-07,1.1556326026893778e-06,1.3257034678546548e-06,1.943981894760897e-06,3.802007836642553e-07,1.5637811110966417e-06,2.8615368542082876e-06,1.7283003721455435e-06,4.589837226353831e-06,0.44224241803011527,0.002132235115866059,2.8769933209674866e-06,4.161030997497772e-06,1.49312449610013e-06,1.634260963892205e-07,0.9946275625158555,0.004853536166306354,1.4463123592162126,1.0124170657595042,0.7889596656888469,True,scale_dependent_camb,castro_corrected_numerical_pbs_compensated_response
8,1386;2281;3253;4253;5237;6211;7213;8231,7,0.17404257,0.21083225,380,399,389.5852564102564,1.1779909266476131e-06,1.645192610489017e-07,1.0134716655987114e-06,1.1599541971377312e-06,1.8993665744479329e-06,3.3190215995396974e-07,1.567464414493963e-06,2.5053280226904125e-06,1.7319836755428648e-06,4.237311698233278e-06,0.418023448736406,0.002650893991320717,2.5716003802645968e-06,3.7791790006124554e-06,1.5628752661851347e-06,1.6342609638922056e-07,0.974229138367383,0.007597510613009767,1.4695825329686756,0.9859024127979129,0.7696534032827861,True,scale_dependent_camb,castro_corrected_numerical_pbs_compensated_response
8,1386;2281;3253;4253;5237;6211;7213;8231,7,0.17404257,0.21083225,400,419,409.5810975609756,1.060337405484956e-06,1.645192610489017e-07,8.958181444360544e-07,1.0374088204899866e-06,1.8802529823113296e-06,3.003447372423835e-07,1.5799082450689462e-06,2.2335717021684246e-06,1.744427506117848e-06,3.977999208286273e-06,0.3996702941527194,0.0030997319799178063,2.3093889883087064e-06,3.4434136570598287e-06,1.621116095490988e-06,1.634260963892205e-07,0.9671699802310884,0.0067697687285759945,1.491049656204359,0.9716819929793513,0.7609091054379903,True,scale_dependent_camb,castro_corrected_numerical_pbs_compensated_response
8,1386;2281;3253;4253;5237;6211;7213;8231,7,0.17404257,0.21083225,420,439,429.57732558139537,9.66665104435079e-07,1.645192610489017e-07,8.021458433861772e-07,9.135706951521694e-07,1.8617469982911948e-06,2.6011835064730583e-07,1.601628647643889e-06,1.9758348891856523e-06,1.7661479086927906e-06,3.7419827978784436e-06,0.3737878363496846,0.0029167312642939375,2.082877809131857e-06,3.1466572571826365e-06,1.6687999129905567e-06,1.6342609638922053e-07,0.9486081615172518,0.0074822603699082595,1.5107258060875701,0.9557812439571515,0.7515707032155491,True,scale_dependent_camb,castro_corrected_numerical_pbs_compensated_response
8,1386;2281;3253;4253;5237;6211;7213;8231,7,0.17404257,0.21083225,440,459,449.5738888888889,8.759025165654831e-07,1.645192610489017e-07,7.113832555165814e-07,8.058180339079146e-07,1.832972412762648e-06,2.281972125207274e-07,1.6047752002419208e-06,1.7453985019452233e-06,1.7692944612908225e-06,3.514692963236046e-06,0.35283950427059024,0.002202536144969672,1.8861104222587293e-06,2.8832094243032938e-06,1.7070153201642264e-06,1.6342609638922053e-07,0.9253957145600229,0.004652280297116796,1.5286535667675698,0.9356167874279605,0.7393670845632827,True,scale_dependent_camb,castro_corrected_numerical_pbs_compensated_response
8,1386;2281;3253;4253;5237;6211;7213;8231,7,0.17404257,0.21083225,460,479,469.5707446808511,7.967392232245167e-07,1.645192610489017e-07,6.32219962175615e-07,7.084998881300577e-07,1.8174095960112425e-06,1.9849582483638376e-07,1.6189137711748587e-06,1.5392156751420563e-06,1.7834330322237604e-06,3.3226487073658165e-06,0.33048311822562254,0.003437454166584747,1.71429026973988e-06,2.6484038343661495e-06,1.7368925187311023e-06,1.6342609638922056e-07,0.8978734245371476,0.008302059072354779,1.544898131381221,0.9192277264859104,0.7304575612743588,True,scale_dependent_camb,castro_corrected_numerical_pbs_compensated_response
8,1386;2281;3253;4253;5237;6211;7213;8231,7,0.17404257,0.21083225,480,499,489.5678571428571,7.314935107837648e-07,1.645192610489017e-07,5.669742497348631e-07,6.426000012353139e-07,1.788296392599642e-06,1.8207826977183182e-07,1.6062181228278102e-06,1.3916525207420088e-06,1.770737383876712e-06,3.162389904618721e-06,0.31908714532320936,0.004369855846147368,1.563511428876806e-06,2.438359267221851e-06,1.7595351172756256e-06,1.634260963892205e-07,0.8900814506624636,0.007680294546110411,1.5595404179255137,0.9070456673118555,0.7250991800482814,True,scale_dependent_camb,castro_corrected_numerical_pbs_compensated_response
8,1386;2281;3253;4253;5237;6211;7213;8231,7,0.17404257,0.21083225,500,512,506.02764067127345,6.783853037651653e-07,1.645192610489017e-07,5.138660427162636e-07,5.809313730890227e-07,1.7820629837675636e-06,1.6418737189520864e-07,1.617875611872355e-06,1.2589847877004949e-06,1.7823948729212567e-06,3.041379660621752e-06,0.30353470301199087,0.001787770962102931,1.4525335094016825e-06,2.281265049658162e-06,1.7736057432027973e-06,1.6342609638922056e-07,0.8667509420963976,0.007436723497099855,1.5705421147893828,0.897277186741563,0.7209970612481877,True,scale_dependent_camb,castro_corrected_numerical_pbs_compensated_response
8,1386;2281;3253;4253;5237;6211;7213;8231,8,0.13796899,0.17404257,20,39,30.608333333333334,7.13164395558806e-05,2.3887473343131255e-07,7.10775648224493e-05,6.878864873524057e-05,1.886097463833361e-05,1.664336069560232e-05,2.2176139427312915e-06,0.00015650957425329218,2.456488676162604e-06,0.00015896606292945477,0.9393738086028681,0.001269628671810736,0.00016453262836134695,0.00016624069244753782,2.940203503536424e-09,2.416190778202794e-07,0.9512373066183899,0.01238266666368117,1.010381309185918,0.9647334391589583,0.954835706338405,True,scale_dependent_camb,castro_corrected_numerical_pbs_compensated_response
8,1386;2281;3253;4253;5237;6211;7213;8231,8,0.13796899,0.17404257,40,59,50.165,4.138739277848234e-05,2.3887473343131255e-07,4.114851804505103e-05,4.011613084458449e-05,1.2133404170550879e-05,9.777411377111402e-06,2.3559927934394775e-06,9.104206026674692e-05,2.59486752687079e-06,9.363692779361773e-05,0.897678062227733,0.0014438883162288235,9.721207444515668e-05,9.960649066204609e-05,1.76185209420854e-08,2.416190778202794e-07,0.9365303722441326,0.010092817195728881,1.0246308519857814,0.960661407239767,0.9376282476915038,True,scale_dependent_camb,castro_corrected_numerical_pbs_compensated_response
8,1386;2281;3253;4253;5237;6211;7213;8231,8,0.13796899,0.17404257,60,79,69.975,2.7091146620843805e-05,2.3887473343131255e-07,2.6852271887412493e-05,2.651261698570334e-05,8.98021013059277e-06,6.5443145963387905e-06,2.4358955342539794e-06,5.990920346945462e-05,2.674770267685292e-06,6.25839737371399e-05,0.8536676710809544,0.001605793575317425,6.329797995274647e-05,6.615331087800467e-05,5.877392338432047e-08,2.4161907782027936e-07,0.9464631180043714,0.010428211382788115,1.045109353053443,0.9840499187369832,0.9417680292267344,True,scale_dependent_camb,castro_corrected_numerical_pbs_compensated_response
8,1386;2281;3253;4253;5237;6211;7213;8231,8,0.13796899,0.17404257,80,99,89.86944444444444,1.8305637875009576e-05,2.3887473343131255e-07,1.8066763141578264e-05,1.8280533118327852e-05,7.045040978023339e-06,4.624208117297105e-06,2.420832860726234e-06,4.097150437720322e-05,2.659707594157547e-06,4.363121197136077e-05,0.8101714299778654,0.0026513526761118423,4.338391121045109e-05,4.648895718492026e-05,1.4096863568016766e-07,2.416190778202794e-07,0.9443939754176262,0.009699798769536694,1.0715713703037721,0.9969088925110086,0.9308678019023624,True,scale_dependent_camb,castro_corrected_numerical_pbs_compensated_response
8,1386;2281;3253;4253;5237;6211;7213;8231,8,0.13796899,0.17404257,100,119,109.80227272727272,1.3347336192920563e-05,2.3887473343131255e-07,1.3108461459489251e-05,1.3493396355662027e-05,5.91843583898485e-06,3.4724087524243936e-06,2.4460270865604565e-06,3.0074266567575675e-05,2.684901819991769e-06,3.275916838756744e-05,0.7659703330067948,0.001542203694273481,3.113930424585501e-05,3.4335638673284326e-05,2.7356119587485027e-07,2.4161907782027936e-07,0.965797640503766,0.006145279961353807,1.102646301991631,1.0348981790347918,0.9399827429423062,True,scale_dependent_camb,castro_corrected_numerical_pbs_compensated_response
8,1386;2281;3253;4253;5237;6211;7213;8231,8,0.13796899,0.17404257,120,139,129.75576923076923,1.0147695028850939e-05,2.3887473343131255e-07,9.908820295419627e-06,1.0467563029072742e-05,5.193312899452199e-06,2.7644530958508613e-06,2.4288598036013376e-06,2.314083642034323e-05,2.6677345370326503e-06,2.5808570957375882e-05,0.7295958717058283,0.001953930486198509,2.3456348617037616e-05,2.6718670293446562e-05,4.577654745383185e-07,2.416190778202794e-07,0.9865489637008032,0.005682448660801811,1.1390805418895993,1.0684242443145426,0.9412983927021533,True,scale_dependent_camb,castro_corrected_numerical_pbs_compensated_response
8,1386;2281;3253;4253;5237;6211;7213;8231,8,0.13796899,0.17404257,140,159,149.72166666666666,7.77850267674981e-06,2.3887473343131255e-07,7.539627943318497e-06,8.113249565406323e-06,4.594896784554259e-06,2.182628208096755e-06,2.4122685764575046e-06,1.7835505716821577e-05,2.6511433098888173e-06,2.0486649026710393e-05,0.6892106848713044,0.0028582345574797207,1.814411856829177e-05,2.1370143174271064e-05,6.865668407616467e-07,2.416190778202794e-07,0.9829910254218953,0.008245319905547234,1.1778000178866235,1.0741569819635644,0.918752653680976,True,scale_dependent_camb,castro_corrected_numerical_pbs_compensated_response
8,1386;2281;3253;4253;5237;6211;7213;8231,8,0.13796899,0.17404257,160,179,169.6955882352941,6.1400584177047815e-06,2.3887473343131255e-07,5.901183684273469e-06,6.4892919747007255e-06,4.173430568377269e-06,1.7840026927622987e-06,2.3894278756149704e-06,1.4174478351736494e-05,2.628302609046283e-06,1.6802780960782777e-05,0.65380939421642,0.0036969390538968373,1.4317569730628913e-05,1.7437112365471134e-05,9.469018801303682e-07,2.416190778202794e-07,0.9900058891568511,0.006948069869844938,1.217882133178561,1.0836245768353623,0.9021320601030643,True,scale_dependent_camb,castro_corrected_numerical_pbs_compensated_response
8,1386;2281;3253;4253;5237;6211;7213;8231,8,0.13796899,0.17404257,180,199,189.675,4.987670376391048e-06,2.3887473343131255e-07,4.748795642959735e-06,5.299865942907295e-06,3.867760116290687e-06,1.4787211918895157e-06,2.389038924401171e-06,1.1527382777756547e-05,2.6279136578324836e-06,1.415529643558903e-05,0.6183201264252606,0.0032806556164602604,1.1572684261406214e-05,1.4566065850987907e-05,1.2228731773566138e-06,2.416190778202794e-07,0.9960854817580443,0.009899140165963586,1.2586592290921073,1.0857639625868138,0.8830195643747045,True,scale_dependent_camb,castro_corrected_numerical_pbs_compensated_response
8,1386;2281;3253;4253;5237;6211;7213;8231,8,0.13796899,0.17404257,200,219,209.65833333333333,4.106327739452673e-06,2.3887473343131255e-07,3.86745300602136e-06,4.4166061677477465e-06,3.685709253692432e-06,1.2609338762886897e-06,2.4247753774037425e-06,9.544993050057796e-06,2.663650110835055e-06,1.2208643160892853e-05,0.5849053850707743,0.0035778652205809124,9.499868286779699e-06,1.2342559240868175e-05,1.4988190617177126e-06,2.416190778202794e-07,1.0047500409390826,0.0073852539581783444,1.2992347755015141,1.0861486064390495,0.8669065846649149,True,scale_dependent_camb,castro_corrected_numerical_pbs_compensated_response
8,1386;2281;3253;4253;5237;6211;7213;8231,8,0.13796899,0.17404257,220,239,229.64456521739132,3.4207474741737474e-06,2.3887473343131255e-07,3.1818727407424347e-06,3.6937834591846883e-06,3.4880709744772853e-06,1.0720130372155301e-06,2.416057937261755e-06,7.947669237142654e-06,2.6549326706930677e-06,1.0602601907835722e-05,0.5543797737342232,0.0021679344724894857,7.911666028105178e-06,1.0591490062429004e-05,1.7615164939822624e-06,2.4161907782027947e-07,1.0045506482338333,0.0042578584118208255,1.3387180430523857,1.0693710611349403,0.841835415815647,True,scale_dependent_camb,castro_corrected_numerical_pbs_compensated_response
8,1386;2281;3253;4253;5237;6211;7213;8231,8,0.13796899,0.17404257,240,259,249.633,2.8475303520619633e-06,2.3887473343131255e-07,2.6086556186306506e-06,3.0597741386472305e-06,3.339228124446087e-06,8.972263062121694e-07,2.4420018182339176e-06,6.56565606349005e-06,2.6808765516652302e-06,9.24653261515528e-06,0.5183557905689329,0.0025392452665625614,6.6755888851935795e-06,9.188704599711515e-06,2.0013105069682446e-06,2.4161907782027947e-07,0.9835321162530904,0.00980398302219605,1.3764635237038059,1.0367789948831978,0.8088548378929495,True,scale_dependent_camb,castro_corrected_numerical_pbs_compensated_response
8,1386;2281;3253;4253;5237;6211;7213;8231,8,0.13796899,0.17404257,260,279,269.6231481481482,2.4722559970299527e-06,2.3887473343131255e-07,2.23338126359864e-06,2.6237004534274868e-06,3.2422515626951325e-06,7.705585451880871e-07,2.4716930175070453e-06,5.627640262214214e-06,2.710567750938358e-06,8.338208013152571e-06,0.4875054400768953,0.0018829416277537723,5.691874832826766e-06,8.036744397643572e-06,2.212319358793784e-06,2.416190778202794e-07,0.9887146902384268,0.006046043198253797,1.4119678723947395,1.0236188502421868,0.7948203319924901,True,scale_dependent_camb,castro_corrected_numerical_pbs_compensated_response
8,1386;2281;3253;4253;5237;6211;7213;8231,8,0.13796899,0.17404257,280,299,289.6146551724138,2.114002328806299e-06,2.3887473343131255e-07,1.8751275953749865e-06,2.2276437028343003e-06,3.139383179105488e-06,6.616078392501254e-07,2.4777753398553625e-06,4.7643791374594126e-06,2.716650073286675e-06,7.481029210746087e-06,0.45906920189410416,0.0038945277248008973,4.8999747002008245e-06,7.079874767734724e-06,2.392017408394097e-06,2.4161907782027947e-07,0.9723272932948297,0.009211573894533897,1.4448798618173593,0.993020349156865,0.7701673488775358,True,scale_dependent_camb,castro_corrected_numerical_pbs_compensated_response
8,1386;2281;3253;4253;5237;6211;7213;8231,8,0.13796899,0.17404257,300,319,309.60725806451615,1.8409391030008905e-06,2.3887473343131255e-07,1.602064369569578e-06,1.8883749789003965e-06,3.0685741227526617e-06,5.564632933405679e-07,2.5121108294120937e-06,4.046902641810543e-06,2.7509855628434063e-06,6.797888204653949e-06,0.4258434304448173,0.0037113288803746515,4.254361303817293e-06,6.275222874125827e-06,2.5405024319499903e-06,2.416190778202794e-07,0.9512362380175363,0.007507405320158208,1.4750093905976636,0.9660917797634802,0.7505387800800147,True,scale_dependent_camb,castro_corrected_numerical_pbs_compensated_response
8,1386;2281;3253;4253;5237;6211;7213;8231,8,0.13796899,0.17404257,320,339,329.6007575757576,1.6115223408262142e-06,2.3887473343131255e-07,1.3726476073949018e-06,1.6391657408431933e-06,3.0126913802623965e-06,4.893579953585678e-07,2.5233333849038286e-06,3.501171343596663e-06,2.7622081183351413e-06,6.263379461931804e-06,0.40302874460564936,0.0023899404530229825,3.7216000437565647e-06,5.590894920218732e-06,2.659685306288488e-06,2.416190778202794e-07,0.9407704488477483,0.005908371333635974,1.502282581277947,0.9457149095462021,0.7375450383907121,True,scale_dependent_camb,castro_corrected_numerical_pbs_compensated_response
8,1386;2281;3253;4253;5237;6211;7213;8231,8,0.13796899,0.17404257,340,359,349.595,1.4106367306577458e-06,2.3887473343131255e-07,1.1717619972264331e-06,1.3788290600070888e-06,2.9653902971370765e-06,4.056219567668415e-07,2.559768340370235e-06,2.956213014000363e-06,2.7986430738015478e-06,5.754856087801911e-06,0.3698450383467147,0.002753761463855747,3.2771857273018145e-06,5.0033739797021e-06,2.752552361193885e-06,2.4161907782027947e-07,0.9020584306139658,0.008081792667220334,1.5267288448193925,0.9176412593292818,0.7195777937483296,True,scale_dependent_camb,castro_corrected_numerical_pbs_compensated_response
8,1386;2281;3253;4253;5237;6211;7213;8231,8,0.13796899,0.17404257,360,379,369.58986486486486,1.2452223408450012e-06,2.3887473343131255e-07,1.0063476074136888e-06,1.1895967622806888e-06,2.9144252981667144e-06,3.515535900327735e-07,2.562871708133941e-06,2.547497959727151e-06,2.8017464415652535e-06,5.349244401292404e-06,0.3473116126922191,0.003175778795568827,2.9033055474811407e-06,4.495619816672957e-06,2.8225739782800953e-06,2.416190778202794e-07,0.877447419179603,0.005653368788891042,1.5484487399451572,0.896396422796303,0.7075895252060682,True,scale_dependent_camb,castro_corrected_numerical_pbs_compensated_response
8,1386;2281;3253;4253;5237;6211;7213;8231,8,0.13796899,0.17404257,380,399,389.5852564102564,1.1224231734119294e-06,2.3887473343131255e-07,8.835484399806169e-07,1.026310766889621e-06,2.8743905466021407e-06,2.9803509987994245e-07,2.576355446722198e-06,2.2078943067501806e-06,2.8152301801535107e-06,5.023124486903691e-06,0.32200366829442545,0.0034336909258241687,2.586307002558721e-06,4.054273860229351e-06,2.873277940584331e-06,2.416190778202794e-07,0.8536860877559532,0.010122687079651598,1.5675918814813248,0.8810638013362894,0.700656264432745,True,scale_dependent_camb,castro_corrected_numerical_pbs_compensated_response
8,1386;2281;3253;4253;5237;6211;7213;8231,8,0.13796899,0.17404257,400,419,409.5810975609756,1.0096218896145073e-06,2.3887473343131255e-07,7.707471561831947e-07,8.790896736096453e-07,2.872610649452844e-06,2.506654251162201e-07,2.621945224336624e-06,1.9005022549090603e-06,2.8608199577679367e-06,4.7613222126769955e-06,0.29539887316964375,0.0031741329352835065,2.3155584135450184e-06,3.668623849614598e-06,2.907973757335112e-06,2.4161907782027947e-07,0.8207533197141309,0.008506580790743222,1.5843365592311256,0.8712150855494105,0.698323686795181,True,scale_dependent_camb,castro_corrected_numerical_pbs_compensated_response
8,1386;2281;3253;4253;5237;6211;7213;8231,8,0.13796899,0.17404257,420,439,429.57732558139537,9.143269627239391e-07,2.3887473343131255e-07,6.754522292926266e-07,7.80814145624664e-07,2.8598290260509416e-06,2.256527936276327e-07,2.634176232423309e-06,1.6819191685449234e-06,2.8730509658546215e-06,4.554970134399545e-06,0.2808990836174528,0.001595087890014604,2.0827081373127764e-06,3.329988621573775e-06,2.929599637687044e-06,2.416190778202794e-07,0.8075635459488948,0.005233374305482059,1.5988743510986172,0.8669648934976355,0.7006344972908721,True,scale_dependent_camb,castro_corrected_numerical_pbs_compensated_response
8,1386;2281;3253;4253;5237;6211;7213;8231,8,0.13796899,0.17404257,440,459,449.5738888888889,8.201704909969179e-07,2.3887473343131255e-07,5.812957575656053e-07,6.593651297794592e-07,2.8160005297041194e-06,1.8697985006368106e-07,2.629020679640438e-06,1.4276407374087457e-06,2.8678954130717508e-06,4.295536150480496e-06,0.25768019324897984,0.004213000750067618,1.881179037568999e-06,3.0313283253974696e-06,2.9406604900493245e-06,2.416190778202794e-07,0.758907423959843,0.008829969278297897,1.6113980992020727,0.8483403312247304,0.6913111068909004,True,scale_dependent_camb,castro_corrected_numerical_pbs_compensated_response
8,1386;2281;3253;4253;5237;6211;7213;8231,8,0.13796899,0.17404257,460,479,469.5707446808511,7.499509831094356e-07,2.3887473343131255e-07,5.11076249678123e-07,5.782395214919025e-07,2.81305193126116e-06,1.6355726979377618e-07,2.649494661467384e-06,1.2528730409638015e-06,2.8883693948986968e-06,4.141242435862498e-06,0.2411271157606385,0.003234320010310257,1.7057428122495436e-06,2.766875739461767e-06,2.943227337092834e-06,2.4161907782027947e-07,0.7345028992451126,0.007869122040499112,1.6220943272290826,0.8467778100973525,0.6958057396577949,True,scale_dependent_camb,castro_corrected_numerical_pbs_compensated_response
8,1386;2281;3253;4253;5237;6211;7213;8231,8,0.13796899,0.17404257,480,499,489.5678571428571,6.902936336201347e-07,2.3887473343131255e-07,4.5141890018882215e-07,4.9529889656105e-07,2.796327956584834e-06,1.358610576739141e-07,2.6604668989109197e-06,1.0825788544237862e-06,2.8993416323422324e-06,3.981920486766019e-06,0.22042124105706928,0.001985906709438938,1.552204578757242e-06,2.53186057263023e-06,2.93897349587089e-06,2.416190778202794e-07,0.6974459869784322,0.006637023652784383,1.6311384512583649,0.8413461127752027,0.6970596317853781,True,scale_dependent_camb,castro_corrected_numerical_pbs_compensated_response
8,1386;2281;3253;4253;5237;6211;7213;8231,8,0.13796899,0.17404257,500,512,506.02764067127345,6.406711272005931e-07,2.3887473343131255e-07,4.0179639376928057e-07,4.4339991417284996e-07,2.7949061502484193e-06,1.2232780516279615e-07,2.6725783450856233e-06,9.675241131049266e-07,2.911453078516936e-06,3.878977191621863e-06,0.20920833210469503,0.004177480018021182,1.4394539362148102e-06,2.357136688040663e-06,2.931413332140539e-06,2.4161907782027936e-07,0.6721466305821006,0.010095088241556896,1.6375214438879457,0.8409731542811085,0.7014210818659534,True,scale_dependent_camb,castro_corrected_numerical_pbs_compensated_response
8,1386;2281;3253;4253;5237;6211;7213;8231,9,0.10256817,0.13796899,20,39,30.608333333333334,9.665792839335161e-05,3.932178008344614e-07,9.626471059251715e-05,9.69589139715591e-05,2.8647408309728532e-05,2.441453088229343e-05,4.232877427435101e-06,0.00021763815544636968,4.626095228269562e-06,0.0002222642506746393,0.9231696598936819,0.0012336562356819797,0.00022505151313288887,0.00022880528965126912,1.5814205156766592e-08,4.0015626923146877e-07,0.9670592853017534,0.012160068017619027,1.0166796324367022,0.9857929272931557,0.969649370886434,True,scale_dependent_camb,castro_corrected_numerical_pbs_compensated_response
8,1386;2281;3253;4253;5237;6211;7213;8231,9,0.10256817,0.13796899,40,59,50.165,5.1597573092678044e-05,3.932178008344614e-07,5.120435529184358e-05,5.255504903241653e-05,1.7878618631134476e-05,1.3485343009677899e-05,4.3932756214565765e-06,0.00011724474733393801,4.786493422291038e-06,0.00012203124075622905,0.8684883926891797,0.0012116763333604725,0.00012362278295451732,0.00012868153883529904,9.093914539487064e-08,4.001562692314688e-07,0.948407280048647,0.009369077085166886,1.0409209027646862,0.98321994574434,0.9447143465396932,True,scale_dependent_camb,castro_corrected_numerical_pbs_compensated_response
8,1386;2281;3253;4253;5237;6211;7213;8231,9,0.10256817,0.13796899,60,79,69.975,3.0852978508080574e-05,3.932178008344614e-07,3.0459760707246114e-05,3.1781183857258824e-05,1.2779724396267838e-05,8.289983439763269e-06,4.489740956504569e-06,7.053092800426822e-05,4.882958757339031e-06,7.541388676160725e-05,0.8054082751969623,0.0031494542168761337,7.52453907594292e-05,8.091781669142517e-05,2.86409214170954e-07,4.0015626923146877e-07,0.9373454944205974,0.014992170563384333,1.0753856930603438,0.9931771877499433,0.9241401595326347,True,scale_dependent_camb,castro_corrected_numerical_pbs_compensated_response
8,1386;2281;3253;4253;5237;6211;7213;8231,9,0.10256817,0.13796899,80,99,89.86944444444444,2.081695524625132e-05,3.932178008344614e-07,2.042373744541686e-05,2.2156866653888332e-05,1.0346279527636342e-05,6.0092666833165e-06,4.337012844319842e-06,4.8589870782621694e-05,4.730230645154303e-06,5.332010142777599e-05,0.7621117107001126,0.0017088669917616922,4.9800330941928576e-05,5.567203021011544e-05,6.400480676282582e-07,4.001562692314688e-07,0.9756937326236169,0.00896846005372701,1.1179048242678098,1.0487714406504727,0.9401869253381393,True,scale_dependent_camb,castro_corrected_numerical_pbs_compensated_response
8,1386;2281;3253;4253;5237;6211;7213;8231,9,0.10256817,0.13796899,100,119,109.80227272727272,1.4440574811960114e-05,3.932178008344614e-07,1.4047357011125652e-05,1.5654587407774622e-05,8.820029403349754e-06,4.361427326036508e-06,4.458602077313246e-06,3.4063371744936784e-05,4.8518198781477075e-06,3.8915191623084495e-05,0.703200715028428,0.0016476011153158494,3.504372736059152e-05,4.087105657049283e-05,1.1465293063985683e-06,4.0015626923146877e-07,0.9720247904691441,0.007694354958374906,1.1662873686334647,1.0635351858672684,0.9174272286588804,True,scale_dependent_camb,castro_corrected_numerical_pbs_compensated_response
8,1386;2281;3253;4253;5237;6211;7213;8231,9,0.10256817,0.13796899,120,139,129.75576923076923,1.0700359613872857e-05,3.932178008344614e-07,1.0307141813038395e-05,1.1815229206834554e-05,7.774796165918113e-06,3.385993026540215e-06,4.388803139377898e-06,2.5508364046413163e-05,4.782020940212359e-06,3.0290384986625522e-05,0.659930991042897,0.00293579159179274,2.574959391697404e-05,3.136907695320056e-05,1.7615227927747125e-06,4.0015626923146877e-07,0.9906317019468855,0.010618039925909987,1.2182357925467002,1.0852383912921848,0.9033612296987381,True,scale_dependent_camb,castro_corrected_numerical_pbs_compensated_response
8,1386;2281;3253;4253;5237;6211;7213;8231,9,0.10256817,0.13796899,140,159,149.72166666666666,8.105748254282542e-06,3.932178008344614e-07,7.71253045344808e-06,9.024866119896246e-06,7.011596630342796e-06,2.6401259928133462e-06,4.3714706375294495e-06,1.937752256615767e-05,4.764688438363911e-06,2.414221100452158e-05,0.6136261579098911,0.003190336075891679,1.9600258772695867e-05,2.5016313729837986e-05,2.4215263825153884e-06,4.0015626923146877e-07,0.9886360578642728,0.009605370554702595,1.2763256863060886,1.076722597187929,0.8672395338226258,True,scale_dependent_camb,castro_corrected_numerical_pbs_compensated_response
8,1386;2281;3253;4253;5237;6211;7213;8231,9,0.10256817,0.13796899,160,179,169.6955882352941,6.417438913246162e-06,3.932178008344614e-07,6.0242211124117006e-06,7.1730627400045654e-06,6.591373365768725e-06,2.1352481969010714e-06,4.456125168867653e-06,1.5332532049317338e-05,4.849342969702115e-06,2.0181875019019456e-05,0.5691624308092669,0.0024268074062590524,1.5325507776261793e-05,2.0411922721780766e-05,3.0650430518613473e-06,4.0015626923146877e-07,1.0004583386833306,0.007630913462017562,1.3318920990923053,1.0740348893981058,0.8452390109151778,True,scale_dependent_camb,castro_corrected_numerical_pbs_compensated_response
8,1386;2281;3253;4253;5237;6211;7213;8231,9,0.10256817,0.13796899,180,199,189.675,5.107375780438335e-06,3.932178008344614e-07,4.714157979603873e-06,5.705408579013213e-06,6.2102007886259025e-06,1.7262726023562782e-06,4.483928186269624e-06,1.2145839160973365e-05,4.8771459871040854e-06,1.7022985148077448e-05,0.5272321290836423,0.003744752214898721,1.2232161267234109e-05,1.6914110099422005e-05,3.646092349569348e-06,4.001562692314688e-07,0.9929430209122593,0.008858882898101564,1.3827572846614833,1.045740048767373,0.8121514224505021,True,scale_dependent_camb,castro_corrected_numerical_pbs_compensated_response
8,1386;2281;3253;4253;5237;6211;7213;8231,9,0.10256817,0.13796899,200,219,209.65833333333333,4.083111871471964e-06,3.932178008344614e-07,3.6898940706375023e-06,4.518365143639337e-06,5.886976320367334e-06,1.3832120367433559e-06,4.503764283623978e-06,9.591471251020196e-06,4.896982084458439e-06,1.4488453335478636e-05,0.48472814299134653,0.001379131789174739,9.94780415465936e-06,1.422213019029166e-05,4.138496531037893e-06,4.001562692314688e-07,0.9641797427754683,0.005947449238752823,1.4296753302717853,1.0001378101323273,0.7722733823406042,True,scale_dependent_camb,castro_corrected_numerical_pbs_compensated_response
8,1386;2281;3253;4253;5237;6211;7213;8231,9,0.10256817,0.13796899,220,239,229.64456521739132,3.3771240112058576e-06,3.932178008344614e-07,2.9839062103713962e-06,3.7000824483521914e-06,5.696763519118377e-06,1.1470375708373828e-06,4.549725948280994e-06,7.83102622956097e-06,4.942943749115456e-06,1.2773969978676426e-05,0.4487192755427085,0.002945842953254781,8.219104677142636e-06,1.2097822386478606e-05,4.533685087515562e-06,4.0015626923146877e-07,0.9527833671882883,0.004624462029947455,1.4719148692828672,0.9711869831871296,0.7500130446009591,True,scale_dependent_camb,castro_corrected_numerical_pbs_compensated_response
8,1386;2281;3253;4253;5237;6211;7213;8231,9,0.10256817,0.13796899,240,259,249.633,2.8293075293791373e-06,3.932178008344614e-07,2.436089728544676e-06,2.985714658823758e-06,5.53889487946171e-06,9.148361736700685e-07,4.624058705791642e-06,6.3366405610385016e-06,5.017276506626103e-06,1.1353917067664607e-05,0.40640599239399144,0.0029480750711334985,6.884030866303167e-06,1.0389182796859336e-05,4.835594889074125e-06,4.001562692314688e-07,0.9204840425768424,0.008501755176355076,1.5091714431022722,0.9368086855531648,0.7266537638011258,True,scale_dependent_camb,castro_corrected_numerical_pbs_compensated_response
8,1386;2281;3253;4253;5237;6211;7213;8231,9,0.10256817,0.13796899,260,279,269.6231481481482,2.376887203258033e-06,3.932178008344614e-07,1.9836694024235715e-06,2.434477743006402e-06,5.425684898625047e-06,7.469341758703027e-07,4.678750722754744e-06,5.165081321300276e-06,5.071968523589206e-06,1.0237049844889484e-05,0.3710341478525177,0.004991840669159098,5.8326592477429726e-06,8.990863131787992e-06,5.0553001249624765e-06,4.001562692314688e-07,0.8855448435975366,0.009200810641826405,1.541468950936424,0.9068873999534006,0.7086268461996833,True,scale_dependent_camb,castro_corrected_numerical_pbs_compensated_response
8,1386;2281;3253;4253;5237;6211;7213;8231,9,0.10256817,0.13796899,280,299,289.6146551724138,2.044135871471058e-06,3.932178008344614e-07,1.6509180706365968e-06,2.0289563739965516e-06,5.390114422718021e-06,6.233901065111369e-07,4.766724316206884e-06,4.303264551144285e-06,5.159942117041345e-06,9.463206668185631e-06,0.34007989703709396,0.0036933706639634464,4.99214755044383e-06,7.832977069441406e-06,5.206715504271116e-06,4.0015626923146877e-07,0.8620066830279687,0.0074036534698254785,1.5690596061698958,0.8928379483944674,0.7041155580521188,True,scale_dependent_camb,castro_corrected_numerical_pbs_compensated_response
8,1386;2281;3253;4253;5237;6211;7213;8231,9,0.10256817,0.13796899,300,319,309.60725806451615,1.7901831434779089e-06,3.932178008344614e-07,1.3969653426434475e-06,1.6900732161479398e-06,5.312751720136936e-06,5.111700678514392e-07,4.8015816522854965e-06,3.5982086266428263e-06,5.194799453119958e-06,8.793008079762786e-06,0.31018653922324557,0.0035043133909577378,4.311459882548065e-06,6.865248906377033e-06,5.303743313264826e-06,4.0015626923146877e-07,0.8345685045586674,0.006912333170106534,1.592325823131557,0.8779523201790381,0.6995707058076909,True,scale_dependent_camb,castro_corrected_numerical_pbs_compensated_response
8,1386;2281;3253;4253;5237;6211;7213;8231,9,0.10256817,0.13796899,320,339,329.6007575757576,1.541723018621623e-06,3.932178008344614e-07,1.1485052177871616e-06,1.3704020254848957e-06,5.266177678097973e-06,4.0879259457598996e-07,4.857385083521983e-06,2.9276998378480474e-06,5.250602884356444e-06,8.17830272220449e-06,0.2786145264243356,0.0028359862189722158,3.7535819249514997e-06,6.049680293882013e-06,5.3587101955836005e-06,4.0015626923146877e-07,0.7799749403060855,0.007239740742348391,1.6117086065625654,0.859747394898106,0.6925748688068758,True,scale_dependent_camb,castro_corrected_numerical_pbs_compensated_response
8,1386;2281;3253;4253;5237;6211;7213;8231,9,0.10256817,0.13796899,340,359,349.595,1.3711427789311296e-06,3.932178008344614e-07,9.779249780966682e-07,1.1378714993749334e-06,5.174663337725192e-06,3.3099460032448735e-07,4.843668737400705e-06,2.446791077796089e-06,5.236886538235167e-06,7.683677616031256e-06,0.2529119816909165,0.0034110147307155588,3.291348630587982e-06,5.357180561130098e-06,5.381747658928436e-06,4.0015626923146877e-07,0.7434007613344147,0.007200045512444679,1.627655153678772,0.8468493041806838,0.6897943563870939,True,scale_dependent_camb,castro_corrected_numerical_pbs_compensated_response
8,1386;2281;3253;4253;5237;6211;7213;8231,9,0.10256817,0.13796899,360,379,369.58986486486486,1.2017214399692372e-06,3.932178008344614e-07,8.085036391347758e-07,9.406659181946108e-07,5.158349438700896e-06,2.736080355185041e-07,4.884741403182392e-06,2.022777592847891e-06,5.277959204016853e-06,7.300736796864745e-06,0.23030801090946562,0.0038264335861365865,2.904615981661511e-06,4.765279396558033e-06,5.380761768500389e-06,4.001562692314687e-07,0.6964010408325347,0.009208859230836666,1.6405884380737232,0.8405628002335148,0.6922624806100386,True,scale_dependent_camb,castro_corrected_numerical_pbs_compensated_response
8,1386;2281;3253;4253;5237;6211;7213;8231,9,0.10256817,0.13796899,380,399,389.5852564102564,1.0781927837895748e-06,3.932178008344614e-07,6.849749829551134e-07,7.560249292467558e-07,5.136493783447947e-06,2.086111565624936e-07,4.927882626885454e-06,1.6496110687643627e-06,5.321100427719915e-06,6.970711496484278e-06,0.20152799402047933,0.004234334364832255,2.578218520537282e-06,4.256360199661305e-06,5.361707601108665e-06,4.0015626923146877e-07,0.6398259323731007,0.010677996171938457,1.6508919495211407,0.8358084692435427,0.695803113184239,True,scale_dependent_camb,castro_corrected_numerical_pbs_compensated_response
8,1386;2281;3253;4253;5237;6211;7213;8231,9,0.10256817,0.13796899,400,419,409.5810975609756,9.816795609340171e-07,3.932178008344614e-07,5.884617600995557e-07,6.437914315387461e-07,5.093830981677995e-06,1.760808583605282e-07,4.9177501233174664e-06,1.40833404999883e-06,5.310967924151928e-06,6.719301974150758e-06,0.1859232952352904,0.0034523686037602136,2.3005831162672052e-06,3.816448190266267e-06,5.3289737550636045e-06,4.001562692314688e-07,0.6121639509742697,0.009593590110626297,1.6589047199731768,0.8368047346807512,0.7039177536569522,True,scale_dependent_camb,castro_corrected_numerical_pbs_compensated_response
8,1386;2281;3253;4253;5237;6211;7213;8231,9,0.10256817,0.13796899,420,439,429.57732558139537,8.855873399803784e-07,3.932178008344614e-07,4.923695391459171e-07,5.467848199712936e-07,5.070154697711666e-06,1.5180348070965714e-07,4.918351217002009e-06,1.1909578398268678e-06,5.31156901783647e-06,6.502526857663337e-06,0.17303352673452935,0.0028019033476718554,2.0627457118806158e-06,3.434313078300016e-06,5.285761727770933e-06,4.001562692314688e-07,0.5773653208766414,0.00686855688451112,1.6649231451650603,0.8391804189680968,0.7129783010950432,True,scale_dependent_camb,castro_corrected_numerical_pbs_compensated_response
8,1386;2281;3253;4253;5237;6211;7213;8231,9,0.10256817,0.13796899,440,459,449.5738888888889,8.076878021984865e-07,3.932178008344614e-07,4.1447000136402515e-07,4.4380867506300905e-07,5.030623888791467e-06,1.1880602903284068e-07,4.911817859758626e-06,9.77084705459875e-07,5.305035660593088e-06,6.282120366052962e-06,0.15367680250263738,0.0033754814914517223,1.8576765678448207e-06,3.1008425309550804e-06,5.234406156191372e-06,4.0015626923146877e-07,0.5259713786417823,0.008828610959678995,1.6692047392041531,0.8384837125054231,0.7191561693389202,True,scale_dependent_camb,castro_corrected_numerical_pbs_compensated_response
8,1386;2281;3253;4253;5237;6211;7213;8231,9,0.10256817,0.13796899,460,479,469.5707446808511,7.485913659739109e-07,3.932178008344614e-07,3.553735651394495e-07,3.519202469016803e-07,4.9948122682391895e-06,8.712512151174034e-08,4.907687146727449e-06,7.944189335528701e-07,5.30090494756191e-06,6.095323881114781e-06,0.13207241328268726,0.004120965661351376,1.6798053534055569e-06,2.8085900057338255e-06,5.176622161458215e-06,4.001562692314688e-07,0.4729232062169008,0.009884997269582042,1.671973481951242,0.8399715434243764,0.7268999480855884,True,scale_dependent_camb,castro_corrected_numerical_pbs_compensated_response
8,1386;2281;3253;4253;5237;6211;7213;8231,9,0.10256817,0.13796899,480,499,489.5678571428571,6.920327401232468e-07,3.932178008344614e-07,2.988149392887854e-07,3.09338654203919e-07,4.935155436987007e-06,8.005824877133498e-08,4.855097188215672e-06,6.882118422640392e-07,5.248314989050134e-06,5.936526831314173e-06,0.12736574055764377,0.0038779238561868347,1.5246735091524008e-06,2.551425854800758e-06,5.1136872011489206e-06,4.001562692314688e-07,0.4513830916145655,0.009509643397922932,1.6734244016734778,0.8434343269437184,0.7360605817315143,True,scale_dependent_camb,castro_corrected_numerical_pbs_compensated_response
8,1386;2281;3253;4253;5237;6211;7213;8231,9,0.10256817,0.13796899,500,512,506.02764067127345,6.517744229791265e-07,3.932178008344614e-07,2.585566221446651e-07,2.6659580020055043e-07,4.9075466247659225e-06,6.872123414886425e-08,4.8388253906170586e-06,5.938736564940798e-07,5.23204319145152e-06,5.8259168479456e-06,0.11833501167491188,0.004510265998187926,1.4110817052831652e-06,2.3618334954820126e-06,5.058798001662641e-06,4.0015626923146877e-07,0.4208641174147359,0.010546012280820334,1.6737751518138049,0.8480183900270258,0.7449271124570005,True,scale_dependent_camb,castro_corrected_numerical_pbs_compensated_response
8,1386;2281;3253;4253;5237;6211;7213;8231,10,0.06779888,0.10256817,20,39,30.608333333333334,0.00013178220073935794,7.736910395602463e-07,0.0001310085096997977,0.00013903285662787823,4.622042569014511e-05,3.688717486063043e-05,9.333250829514677e-06,0.00030692854118830634,1.0106941869074923e-05,0.0003170354830573812,0.8933481178010969,0.0015727998615263803,0.00031827336541133324,0.0003283069869940931,1.344315995007544e-07,7.854859223690332e-07,0.9643550939037423,0.009706794393565846,1.0315251688428044,0.9932398330691897,0.9629695468646289,True,scale_dependent_camb,castro_corrected_numerical_pbs_compensated_response
8,1386;2281;3253;4253;5237;6211;7213;8231,10,0.06779888,0.10256817,40,59,50.165,6.489655750340748e-05,7.736910395602463e-07,6.412286646384722e-05,7.018250164301105e-05,2.885539708088809e-05,1.920369366070182e-05,9.651703420186268e-06,0.0001535090617675601,1.0425394459746514e-05,0.00016393445622730663,0.815790901258525,0.0027940722788979138,0.00015670253336142753,0.0001689212619085853,6.987662492941747e-07,7.854859223690332e-07,0.9796208043012182,0.017136997605654628,1.0779740332530285,1.0363347082048997,0.9620255372141627,True,scale_dependent_camb,castro_corrected_numerical_pbs_compensated_response
8,1386;2281;3253;4253;5237;6211;7213;8231,10,0.06779888,0.10256817,60,79,69.975,3.6504146385029276e-05,7.736910395602463e-07,3.573045534546903e-05,4.063534848731903e-05,2.1457631662820826e-05,1.1553390033239902e-05,9.904241629580924e-06,8.791919386602798e-05,1.067793266914117e-05,9.859712653516912e-05,0.7337765432922301,0.002553313121640016,9.003316262484787e-05,0.00010269346225070776,1.927912297580565e-06,7.854859223690333e-07,0.9765201099551681,0.009365762226106389,1.1406181817539067,1.0630812144092547,0.9353957237215703,True,scale_dependent_camb,castro_corrected_numerical_pbs_compensated_response
8,1386;2281;3253;4253;5237;6211;7213;8231,10,0.06779888,0.10256817,80,99,89.86944444444444,2.287980482877011e-05,7.736910395602463e-07,2.210611378920986e-05,2.578800475937161e-05,1.7332213340175474e-05,7.520783569317077e-06,9.811429770858398e-06,5.541490211789855e-05,1.0585120810418645e-05,6.60000229283172e-05,0.6587255858593678,0.004273252516457952,5.7280550676777385e-05,6.946986895854941e-05,3.7081395780894165e-06,7.854859223690332e-07,0.9674296329760111,0.01182945315290525,1.2128002984914354,1.0684079823089347,0.8923324054800549,True,scale_dependent_camb,castro_corrected_numerical_pbs_compensated_response
8,1386;2281;3253;4253;5237;6211;7213;8231,10,0.06779888,0.10256817,100,119,109.80227272727272,1.5640516802091298e-05,7.736910395602463e-07,1.4866825762531051e-05,1.813018517855249e-05,1.5326365129490616e-05,5.527467999205284e-06,9.798897130285333e-06,3.852447894028882e-05,1.057258816984558e-05,4.9097067110134406e-05,0.6005422054716266,0.004579028359265572,3.9098005409562166e-05,5.0354664370916645e-05,5.690631510827677e-06,7.854859223690332e-07,0.98533105555474,0.011500160635735314,1.2879087780422027,1.0773014168485588,0.8639167991628933,True,scale_dependent_camb,castro_corrected_numerical_pbs_compensated_response
8,1386;2281;3253;4253;5237;6211;7213;8231,10,0.06779888,0.10256817,120,139,129.75576923076923,1.121886589282638e-05,7.736910395602463e-07,1.0445174853266134e-05,1.3289745664477588e-05,1.4182068341774594e-05,4.227247085559172e-06,9.954821256215422e-06,2.7962167603302894e-05,1.0728512295775669e-05,3.869067989907856e-05,0.5459577430615568,0.006580394622012831,2.8090285872857877e-05,3.821398657539997e-05,7.5308544315344995e-06,7.854859223690333e-07,0.9954390542647066,0.016063767371477206,1.3603986356124655,1.0627373066125587,0.8315153245723759,True,scale_dependent_camb,castro_corrected_numerical_pbs_compensated_response
8,1386;2281;3253;4253;5237;6211;7213;8231,10,0.06779888,0.10256817,140,159,149.72166666666666,8.352367408633059e-06,7.736910395602463e-07,7.578676369072813e-06,9.562040659139988e-06,1.3310917560332913e-05,3.0161144609686078e-06,1.0294803099364305e-05,2.015683148918141e-05,1.1068494138924551e-05,3.1225325628105955e-05,0.47601420464211897,0.0034266827558724284,2.0983487131679384e-05,2.9931142834133022e-05,9.025360072735523e-06,7.854859223690331e-07,0.9606044678222264,0.007414637238908015,1.4264141439553724,1.0139958381156549,0.785701132428832,True,scale_dependent_camb,castro_corrected_numerical_pbs_compensated_response
8,1386;2281;3253;4253;5237;6211;7213;8231,10,0.06779888,0.10256817,160,179,169.6955882352941,6.32670730539202e-06,7.736910395602463e-07,5.553016265831774e-06,7.150690687624408e-06,1.2596197271431879e-05,2.3020091632317334e-06,1.0294188108200146e-05,1.5005716116687914e-05,1.1067879147760392e-05,2.6073595264448308e-05,0.4274977144850872,0.0059803242955145525,1.616170993646801e-05,2.3982010300228737e-05,1.0118098142074381e-05,7.854859223690332e-07,0.9284732974218489,0.012778978310497794,1.4838782773915926,0.9633590259012254,0.7474029248832992,True,scale_dependent_camb,castro_corrected_numerical_pbs_compensated_response
8,1386;2281;3253;4253;5237;6211;7213;8231,10,0.06779888,0.10256817,180,199,189.675,4.999500103572053e-06,7.736910395602463e-07,4.225809064011807e-06,5.299909808854533e-06,1.2252140332030702e-05,1.6617553914827099e-06,1.0590384940547992e-05,1.1187474264349049e-05,1.1364075980108239e-05,2.2551550244457286e-05,0.3682795188073529,0.003152539985085284,1.2758967837959182e-05,1.9548882753921108e-05,1.084670407370334e-05,7.854859223690333e-07,0.8768322333304434,0.010786152601470393,1.5321680407220137,0.9245789149456624,0.7232448487347826,True,scale_dependent_camb,castro_corrected_numerical_pbs_compensated_response
8,1386;2281;3253;4253;5237;6211;7213;8231,10,0.06779888,0.10256817,200,219,209.65833333333333,4.047173420670911e-06,7.736910395602463e-07,3.2734823811106644e-06,4.16198419131968e-06,1.2003038118566031e-05,1.3229116879283219e-06,1.0680126430637709e-05,8.758378260358665e-06,1.1453817470197955e-05,2.0212195730556626e-05,0.33198604921617497,0.005969563682202859,1.027957509351102e-05,1.6155775507742123e-05,1.1286867683174224e-05,7.854859223690332e-07,0.8520175377567298,0.014098239275942878,1.571638453999957,0.90427076798128,0.7160302990481892,True,scale_dependent_camb,castro_corrected_numerical_pbs_compensated_response
8,1386;2281;3253;4253;5237;6211;7213;8231,10,0.06779888,0.10256817,220,239,229.64456521739132,3.2480297963361647e-06,7.736910395602463e-07,2.4743387567759183e-06,3.1079942561487746e-06,1.1810034191815126e-05,9.759807817140144e-07,1.0834053410101112e-05,6.558313794638707e-06,1.1607744449661358e-05,1.8166058244300064e-05,0.2874716723670738,0.005315946750545262,8.423819217556661e-06,1.350484518453929e-05,1.1516614712820215e-05,7.854859223690333e-07,0.7785439864343331,0.012627546742703676,1.603173671675303,0.8764898433153645,0.7039212765120283,True,scale_dependent_camb,castro_corrected_numerical_pbs_compensated_response
8,1386;2281;3253;4253;5237;6211;7213;8231,10,0.06779888,0.10256817,240,259,249.633,2.736870658797435e-06,7.736910395602463e-07,1.9631796192371887e-06,2.4122910835931633e-06,1.1682902272732297e-05,7.41036150610121e-07,1.0941866122122176e-05,5.116506853440473e-06,1.1715557161682422e-05,1.683206401512289e-05,0.25185137462188123,0.0027805304188411296,7.004006774309044e-06,1.1401409159951412e-05,1.160029109359004e-05,7.854859223690332e-07,0.7305114084423804,0.011087433725907678,1.6278409669408378,0.8680893091531551,0.707610555138669,True,scale_dependent_camb,castro_corrected_numerical_pbs_compensated_response
8,1386;2281;3253;4253;5237;6211;7213;8231,10,0.06779888,0.10256817,260,279,269.6231481481482,2.308835004788805e-06,7.736910395602463e-07,1.5351439652285588e-06,1.8154792011367866e-06,1.1575530642997857e-05,5.367517321526173e-07,1.103877891084524e-05,3.887374898517963e-06,1.1812469950405486e-05,1.5699844848923452e-05,0.21533581719723463,0.004064402025464397,5.896835988525183e-06,9.710331807704737e-06,1.1585033392676546e-05,7.854859223690332e-07,0.6592306291174647,0.008045800988344284,1.6467020325137653,0.8594481570002946,0.7110162901622757,True,scale_dependent_camb,castro_corrected_numerical_pbs_compensated_response
8,1386;2281;3253;4253;5237;6211;7213;8231,10,0.06779888,0.10256817,280,299,289.6146551724138,1.982571371028804e-06,7.736910395602463e-07,1.2088803314685578e-06,1.3835129785390209e-06,1.1502862870186648e-05,3.9584318479659583e-07,1.1107019685390053e-05,2.988236494804175e-06,1.1880710724950299e-05,1.4868947219754473e-05,0.18550627929094404,0.005022121103647864,5.018961149795344e-06,8.335067113132782e-06,1.1503012303568822e-05,7.854859223690332e-07,0.5953894452691719,0.010459794572217712,1.660715607147638,0.859106290354911,0.7209688031770997,True,scale_dependent_camb,castro_corrected_numerical_pbs_compensated_response
8,1386;2281;3253;4253;5237;6211;7213;8231,10,0.06779888,0.10256817,300,319,309.60725806451615,1.740169297089434e-06,7.736910395602463e-07,9.664782575291876e-07,1.0957064491580624e-06,1.1375052377605588e-05,3.1055344840241074e-07,1.1064498929203176e-05,2.3727381550896607e-06,1.1838189968763423e-05,1.4210928123853083e-05,0.16523097876979453,0.006514364507436552,4.31273519185346e-06,7.205298150938619e-06,1.1375312150106487e-05,7.854859223690331e-07,0.5501701471427329,0.0180254859252888,1.6707026586165237,0.8626521035790643,0.733804477676388,True,scale_dependent_camb,castro_corrected_numerical_pbs_compensated_response
8,1386;2281;3253;4253;5237;6211;7213;8231,10,0.06779888,0.10256817,320,339,329.6007575757576,1.5351061398496738e-06,7.736910395602463e-07,7.614151002894275e-07,8.136321781636219e-07,1.1137905156868319e-05,2.1735756261323246e-07,1.0920547594255087e-05,1.7924048410662819e-06,1.1694238633815333e-05,1.3486643474881615e-05,0.13969653045816674,0.004110418415660957,3.7373735801186637e-06,6.268875763425832e-06,1.1215546633910663e-05,7.854859223690332e-07,0.47958942359981366,0.00982248727955647,1.6773479099798183,0.8569256224549274,0.7381888972226103,True,scale_dependent_camb,castro_corrected_numerical_pbs_compensated_response
8,1386;2281;3253;4253;5237;6211;7213;8231,10,0.06779888,0.10256817,340,359,349.595,1.3867479029621334e-06,7.736910395602463e-07,6.130568634018871e-07,6.336724750778738e-07,1.1015116654246125e-05,1.637453349119795e-07,1.0851371319334145e-05,1.4104746733917405e-06,1.1625062358894391e-05,1.3035537032286133e-05,0.12192420079181467,0.004379241153474542,3.263296179643972e-06,5.486317863411473e-06,1.1032604252373557e-05,7.854859223690332e-07,0.4322239219933829,0.008970696814965429,1.6812197120305623,0.8643460704456142,0.7533073077995156,True,scale_dependent_camb,castro_corrected_numerical_pbs_compensated_response
8,1386;2281;3253;4253;5237;6211;7213;8231,10,0.06779888,0.10256817,360,379,369.58986486486486,1.2580464584483924e-06,7.736910395602463e-07,4.843554188881461e-07,5.067538000655368e-07,1.0765739578719616e-05,1.3254699125197859e-07,1.0633192587467637e-05,1.1236562102056614e-06,1.1406883627027883e-05,1.2530539837233545e-05,0.11095911952848167,0.0060419165721331694,2.890057670214818e-06,4.863086696046154e-06,1.0832494235603836e-05,7.854859223690332e-07,0.38880061868182025,0.014656708212970538,1.6826953822290613,0.8636963857984945,0.7602990721549002,True,scale_dependent_camb,castro_corrected_numerical_pbs_compensated_response
8,1386;2281;3253;4253;5237;6211;7213;8231,10,0.06779888,0.10256817,380,399,389.5852564102564,1.157751703785423e-06,7.736910395602463e-07,3.840606642251766e-07,4.1559290016597374e-07,1.0634671043960836e-05,1.1242850072710125e-07,1.0522242543233734e-05,9.120820651182516e-07,1.129593358279398e-05,1.2208015647912232e-05,0.1028196637542234,0.004015678421652586,2.561622754523598e-06,4.3097239820174925e-06,1.0619482836143727e-05,7.85485922369033e-07,0.35605635666204,0.008257607116002149,1.682419464149006,0.874086969359512,0.7768536012432594,True,scale_dependent_camb,castro_corrected_numerical_pbs_compensated_response
8,1386;2281;3253;4253;5237;6211;7213;8231,10,0.06779888,0.10256817,400,419,409.5810975609756,1.0866279608750203e-06,7.736910395602463e-07,3.1293692131477396e-07,3.0944656682288075e-07,1.0520100388606927e-05,7.649878553491959e-08,1.0443601603072007e-05,6.988822736725743e-07,1.1217292642632254e-05,1.1916174916304828e-05,0.08527413607530933,0.0044270464198334775,2.277264724044591e-06,3.827160824048637e-06,1.0396758115709155e-05,7.854859223690332e-07,0.30689549014367884,0.011577738494793119,1.6805954896852378,0.885335053968601,0.7939138843787782,True,scale_dependent_camb,castro_corrected_numerical_pbs_compensated_response
8,1386;2281;3253;4253;5237;6211;7213;8231,10,0.06779888,0.10256817,420,439,429.57732558139537,1.0261238324149312e-06,7.736910395602463e-07,2.524327928546849e-07,2.3527853928425983e-07,1.0329297578906428e-05,5.4822503865019974e-08,1.0274475075041408e-05,5.425338360039648e-07,1.1048166114601654e-05,1.159069995060562e-05,0.07285242941242294,0.004463995753610221,2.034796815065382e-06,3.413281758554902e-06,1.0166816792218043e-05,7.854859223690332e-07,0.2666280151350306,0.011691503254966335,1.6774558193149258,0.8924779489170352,0.8068380351858077,True,scale_dependent_camb,castro_corrected_numerical_pbs_compensated_response
8,1386;2281;3253;4253;5237;6211;7213;8231,10,0.06779888,0.10256817,440,459,449.5738888888889,9.792402308435543e-07,7.736910395602463e-07,2.0554919128330797e-07,2.213598609463344e-07,1.0050956729481077e-05,5.959666848146784e-08,9.991360060999609e-06,4.865057207111102e-07,1.0765051100559855e-05,1.1251556821270966e-05,0.07700293694705652,0.004212469293514482,1.8266245789637694e-06,3.056380264053788e-06,9.931695005028882e-06,7.854859223690331e-07,0.26634138525996476,0.010383545388962011,1.6732394271118645,0.8969811286985161,0.8168952578694049,True,scale_dependent_camb,castro_corrected_numerical_pbs_compensated_response
8,1386;2281;3253;4253;5237;6211;7213;8231,10,0.06779888,0.10256817,460,479,469.5707446808511,9.326587258128696e-07,7.736910395602463e-07,1.589676862526233e-07,1.6079064608815772e-07,9.83617925761959e-06,4.065862767286227e-08,9.795520629946729e-06,3.604169600136433e-07,1.0569211669506975e-05,1.0929628629520617e-05,0.06429291851687575,0.005573990058300913,1.646770749393576e-06,2.7470609405987385e-06,9.69310672256467e-06,7.854859223690333e-07,0.21886286245147785,0.012761898303104199,1.6681501912821473,0.9013856553473627,0.8263961065392299,True,scale_dependent_camb,castro_corrected_numerical_pbs_compensated_response
8,1386;2281;3253;4253;5237;6211;7213;8231,10,0.06779888,0.10256817,480,499,489.5678571428571,9.137868909696172e-07,7.736910395602463e-07,1.4009585140937084e-07,1.3912199484402317e-07,9.683220051088134e-06,3.4538726976332475e-08,9.648681324111802e-06,3.1375657322972643e-07,1.0422372363672048e-05,1.0736128936901775e-05,0.05972322655858802,0.007688187749744069,1.490483248381274e-06,2.4777235937195256e-06,9.452525605655986e-06,7.854859223690332e-07,0.21050660822285586,0.019047638069892132,1.6623625903950514,0.9153884741031886,0.8443183845928385,True,scale_dependent_camb,castro_corrected_numerical_pbs_compensated_response
8,1386;2281;3253;4253;5237;6211;7213;8231,10,0.06779888,0.10256817,500,512,506.02764067127345,8.810995147418675e-07,7.736910395602463e-07,1.0740847518162118e-07,8.626210492495978e-08,9.39927835364621e-06,1.731974765841857e-08,9.381958605987792e-06,2.1099032776499953e-07,1.0155649645548038e-05,1.0366639973313037e-05,0.04292630673474739,0.011195236107376647,1.3763967531203662e-06,2.280912339340099e-06,9.253912521293342e-06,7.854859223690331e-07,0.1532917941623104,0.022766780002915498,1.6571619586933395,0.9080961767984956,0.8414268240388231,True,scale_dependent_camb,castro_corrected_numerical_pbs_compensated_response
8,1386;2281;3253;4253;5237;6211;7213;8231,11,0.03362193,0.06779888,20,39,30.608333333333334,0.00018114600070760485,2.029640409298417e-06,0.00017911636029830643,0.0002005830566740441,8.430937930811562e-05,5.615562218562343e-05,2.815375712249219e-05,0.000435855039157974,3.0183397531790606e-05,0.0004660384366897646,0.8161287473309439,0.005917887193074726,0.0004659511118874478,0.0005012660150329788,2.500124355616934e-06,2.0891477362372467e-06,0.9354093767314721,0.026229011732765907,1.07579100520327,0.9904323891363691,0.9212880611342854,True,scale_dependent_camb,castro_corrected_numerical_pbs_compensated_response
8,1386;2281;3253;4253;5237;6211;7213;8231,11,0.03362193,0.06779888,40,59,50.165,7.784741822113423e-05,2.029640409298417e-06,7.581777781183581e-05,9.133859829723459e-05,5.602357472882836e-05,2.7509179837770222e-05,2.8514394891058138e-05,0.0001946655559468406,3.0544035300356555e-05,0.00022520959124719715,0.7007343593214022,0.004703025164708313,0.0002003043852680698,0.0002363392465809476,9.335468946328016e-06,2.0891477362372463e-06,0.9718486976024879,0.01715317400018836,1.1799005112376941,1.0636690730715535,0.9089686780015706,True,scale_dependent_camb,castro_corrected_numerical_pbs_compensated_response
8,1386;2281;3253;4253;5237;6211;7213;8231,11,0.03362193,0.06779888,60,79,69.975,4.124948666001222e-05,2.029640409298417e-06,3.92198462507138e-05,4.940008194250379e-05,4.3069488061927235e-05,1.555569647268616e-05,2.7513791589241075e-05,0.00010417562466590375,2.954343199853949e-05,0.00013371905666444326,0.6009798008123556,0.006967327541101381,0.00010701266274623366,0.00013894264792919974,1.8196428749736262e-05,2.0891477362372467e-06,0.9734887628480231,0.01720130678613384,1.2983757656669455,1.0504391692372412,0.8397949368309408,True,scale_dependent_camb,castro_corrected_numerical_pbs_compensated_response
8,1386;2281;3253;4253;5237;6211;7213;8231,11,0.03362193,0.06779888,80,99,89.86944444444444,2.39855130090089e-05,2.029640409298417e-06,2.195587259971048e-05,2.867650831600584e-05,3.817443586072754e-05,9.363578303064071e-06,2.8810857557663468e-05,5.999595921878039e-05,3.0840497966961885e-05,9.083645718574226e-05,0.49526154646612414,0.0076822263958197055,6.491235520657836e-05,9.146193684901943e-05,2.5588464196161073e-05,2.0891477362372467e-06,0.9242610136059316,0.018227912933676906,1.409006599097339,0.9810615555073865,0.7624374786948166,True,scale_dependent_camb,castro_corrected_numerical_pbs_compensated_response
8,1386;2281;3253;4253;5237;6211;7213;8231,11,0.03362193,0.06779888,100,119,109.80227272727272,1.576533606643741e-05,2.029640409298417e-06,1.3735695657138993e-05,1.8317948924123236e-05,3.525148460924823e-05,6.107212571581517e-06,2.9144272037666713e-05,3.816085715284374e-05,3.117391244696513e-05,6.933476959980887e-05,0.4162294568880413,0.006958363460981848,4.283724457043675e-05,6.426081628657883e-05,3.029881229640868e-05,2.0891477362372467e-06,0.8908336083591072,0.01720314440717854,1.5001155403661777,0.9216959922627791,0.7173890062591226,True,scale_dependent_camb,castro_corrected_numerical_pbs_compensated_response
8,1386;2281;3253;4253;5237;6211;7213;8231,11,0.03362193,0.06779888,120,139,129.75576923076923,1.0906091534070542e-05,2.029640409298417e-06,8.876451124772125e-06,1.1521600296154125e-05,3.379083914262795e-05,3.738748502030046e-06,3.0052090640597905e-05,2.4136799922956294e-05,3.2081731049896325e-05,5.6218530972852616e-05,0.332631701662913,0.007395624577903915,2.9999442538728768e-05,4.7073367124622655e-05,3.2706945762185115e-05,2.0891477362372467e-06,0.8045749480776551,0.02027511206200827,1.5691413953393214,0.8676296919685824,0.6866850049458851,True,scale_dependent_camb,castro_corrected_numerical_pbs_compensated_response
8,1386;2281;3253;4253;5237;6211;7213;8231,11,0.03362193,0.06779888,140,159,149.72166666666666,7.828458002038769e-06,2.029640409298417e-06,5.798817592740352e-06,7.5613451489896434e-06,3.334504202796003e-05,2.464896487420398e-06,3.088014554053963e-05,1.582505922915039e-05,3.290978594983805e-05,4.8734845178988446e-05,0.2718840361166008,0.009340488072475664,2.1959556367794454e-05,3.553921222041302e-05,3.359319523391851e-05,2.0891477362372463e-06,0.7206456708004894,0.023027205592144554,1.618393906742774,0.8454760467426591,0.6842710054363143,True,scale_dependent_camb,castro_corrected_numerical_pbs_compensated_response
8,1386;2281;3253;4253;5237;6211;7213;8231,11,0.03362193,0.06779888,160,179,169.6955882352941,6.048871790517067e-06,2.029640409298417e-06,4.01923138121865e-06,4.917366620662849e-06,3.3119753646015575e-05,1.5040496669961265e-06,3.161570397901945e-05,1.0440647668877627e-05,3.3645344388317865e-05,4.4085992057195496e-05,0.21310200706420482,0.004852326423487217,1.663495486392091e-05,2.7477437861753743e-05,3.3595417635781555e-05,2.0891477362372467e-06,0.6276330626854935,0.010182829331415422,1.6517891443967059,0.8426298990966591,0.6979828029523744,True,scale_dependent_camb,castro_corrected_numerical_pbs_compensated_response
8,1386;2281;3253;4253;5237;6211;7213;8231,11,0.03362193,0.06779888,180,199,189.675,4.809460937948281e-06,2.029640409298417e-06,2.779820528649864e-06,3.4045778666517643e-06,3.22973765183831e-05,1.0424369424781538e-06,3.125493957590495e-05,7.2268353377797825e-06,3.3284579985203366e-05,4.051141532298315e-05,0.17965581287515853,0.005635461226135964,1.2951763327640095e-05,2.1669510232445638e-05,3.311080214122886e-05,2.0891477362372467e-06,0.5579808057762405,0.018498675038727302,1.6730934378797038,0.8413286387219793,0.7123580080536486,True,scale_dependent_camb,castro_corrected_numerical_pbs_compensated_response
8,1386;2281;3253;4253;5237;6211;7213;8231,11,0.03362193,0.06779888,200,219,209.65833333333333,3.9981843673184825e-06,2.029640409298417e-06,1.9685439580200657e-06,2.220359171493421e-06,3.1256308016824815e-05,6.260966170389043e-07,3.063021139978591e-05,4.814999746552391e-06,3.265985180908433e-05,3.7474851555636715e-05,0.1415310861512946,0.007556077117625146,1.0312338453590373e-05,1.7379907260756144e-05,3.2356580276212436e-05,2.0891477362372467e-06,0.4669163806271299,0.019081122916426392,1.6853507416356281,0.8372759262080849,0.7230948807107329,True,scale_dependent_camb,castro_corrected_numerical_pbs_compensated_response
8,1386;2281;3253;4253;5237;6211;7213;8231,11,0.03362193,0.06779888,220,239,229.64456521739132,3.3785179277601755e-06,2.029640409298417e-06,1.3488775184617586e-06,1.4875409281359776e-06,3.067192761324639e-05,4.101147032613953e-07,3.0261812909984997e-05,3.2465331498591316e-06,3.229145331928342e-05,3.553798646914255e-05,0.11563309089197064,0.005695061374349469,8.365025954088591e-06,1.4144102774739339e-05,3.1446977040557004e-05,2.0891477362372467e-06,0.3881079589803683,0.015504632916663817,1.6908617919859645,0.848138675173654,0.7453401188308613,True,scale_dependent_camb,castro_corrected_numerical_pbs_compensated_response
8,1386;2281;3253;4253;5237;6211;7213;8231,11,0.03362193,0.06779888,240,259,249.633,2.969853681590011e-06,2.029640409298417e-06,9.402132722915943e-07,9.559229638918929e-07,2.9629579532522025e-05,2.429737857956078e-07,2.938660574672642e-05,2.139110021979095e-06,3.1416246156024836e-05,3.3555356178003933e-05,0.09055594478341732,0.006269740259157006,6.893119219622673e-06,1.1658598497270883e-05,3.0444521168557036e-05,2.0891477362372467e-06,0.3103254062238879,0.012912780717814628,1.6913385835663917,0.851080135468178,0.7593037911522921,True,scale_dependent_camb,castro_corrected_numerical_pbs_compensated_response
8,1386;2281;3253;4253;5237;6211;7213;8231,11,0.03362193,0.06779888,260,279,269.6231481481482,2.7397065737855674e-06,2.029640409298417e-06,7.100661644871505e-07,6.664828193080964e-07,2.889066797344727e-05,1.5639364704615039e-07,2.873427432640112e-05,1.5329426308413972e-06,3.076391473569954e-05,3.229685736654093e-05,0.07357508323692998,0.009660935997028492,5.757415865153961e-06,9.718889554969407e-06,2.9386678305918445e-05,2.0891477362372463e-06,0.26625532474027813,0.02504118646166589,1.6880645384315156,0.8674199643142113,0.7840048632061649,True,scale_dependent_camb,castro_corrected_numerical_pbs_compensated_response
8,1386;2281;3253;4253;5237;6211;7213;8231,11,0.03362193,0.06779888,280,299,289.6146551724138,2.5394810535649403e-06,2.029640409298417e-06,5.098406442665234e-07,4.279700194949367e-07,2.8066492183156002e-05,8.981156153703439e-08,2.797668062161897e-05,1.0276222252984946e-06,3.0006321030917385e-05,3.103394325621587e-05,0.05656816034841482,0.00673994217568927,4.865429835112415e-06,8.183727551961209e-06,2.8298193423693968e-05,2.0891477362372463e-06,0.2112089291438218,0.01666179916221037,1.682015326354434,0.8803263510995801,0.8045912206380565,True,scale_dependent_camb,castro_corrected_numerical_pbs_compensated_response
8,1386;2281;3253;4253;5237;6211;7213;8231,11,0.03362193,0.06779888,300,319,309.60725806451615,2.3945865617329916e-06,2.029640409298417e-06,3.649461524345747e-07,3.9040208729825777e-07,2.710236970627648e-05,1.044084098092802e-07,2.69979612964672e-05,8.597566495421127e-07,2.9027601705765618e-05,2.9887358355307726e-05,0.06206747929430156,0.012202577486487393,4.155916543731126e-06,6.956845752794928e-06,2.719684389504902e-05,2.0891477362372463e-06,0.20687534037202654,0.02913600510705788,1.6739618516374648,0.8937097189219281,0.8246417916615723,True,scale_dependent_camb,castro_corrected_numerical_pbs_compensated_response
8,1386;2281;3253;4253;5237;6211;7213;8231,11,0.03362193,0.06779888,320,339,329.6007575757576,2.303150398492445e-06,2.029640409298417e-06,2.735099891940283e-07,2.848420897404673e-07,2.5838185746044744e-05,7.416092582834256e-08,2.57640248202164e-05,6.325130047628381e-07,2.7793665229514818e-05,2.8426178234277653e-05,0.05357430717955443,0.008029515603721366,3.61286860434547e-06,6.015146314186174e-06,2.609614204495753e-05,2.0891477362372467e-06,0.17507224148757222,0.019879023105927412,1.664922523601136,0.8939567471053307,0.8311642037253684,True,scale_dependent_camb,castro_corrected_numerical_pbs_compensated_response
8,1386;2281;3253;4253;5237;6211;7213;8231,11,0.03362193,0.06779888,340,359,349.595,2.2242349449121045e-06,2.029640409298417e-06,1.9459453561368764e-07,2.513180108949155e-07,2.471622779223932e-05,8.114403418496375e-08,2.4635083758054356e-05,5.270565806935669e-07,2.6664724167352773e-05,2.7191780748046337e-05,0.05729770183929438,0.005246130658212874,3.1361232966748224e-06,5.188694611926383e-06,2.500659969020812e-05,2.0891477362372467e-06,0.16805990416652175,0.01637990958172608,1.6544931818936668,0.8994408912727685,0.8422564873733137,True,scale_dependent_camb,castro_corrected_numerical_pbs_compensated_response
8,1386;2281;3253;4253;5237;6211;7213;8231,11,0.03362193,0.06779888,360,379,369.58986486486486,2.1690543239861434e-06,2.029640409298417e-06,1.3941391468772655e-07,1.6344746529884314e-07,2.3744947920968897e-05,4.790603931547233e-08,2.3697041881653426e-05,3.50767419302042e-07,2.5726682290951843e-05,2.6077449710253887e-05,0.04491687387258757,0.009078861450984752,2.7420988887589167e-06,4.506396031385397e-06,2.393635196222924e-05,2.0891477362372467e-06,0.12791931784079477,0.01892965709267685,1.6434112022214513,0.9064868459974232,0.8541051607469378,True,scale_dependent_camb,castro_corrected_numerical_pbs_compensated_response
8,1386;2281;3253;4253;5237;6211;7213;8231,11,0.03362193,0.06779888,380,399,389.5852564102564,2.1558476036275e-06,2.029640409298417e-06,1.262071943290831e-07,1.1046438920290691e-07,2.2836711599465682e-05,2.41713266562162e-08,2.2812540272809466e-05,2.608429101882062e-07,2.4842180682107883e-05,2.5103023592296086e-05,0.03253370018648105,0.007661747926559557,2.4132830742869854e-06,3.938358313119582e-06,2.2891537890479487e-05,2.0891477362372463e-06,0.10808632976687715,0.021365442306160932,1.6319504143885757,0.916370456076936,0.8680447266694175,True,scale_dependent_camb,castro_corrected_numerical_pbs_compensated_response
8,1386;2281;3253;4253;5237;6211;7213;8231,11,0.03362193,0.06779888,400,419,409.5810975609756,2.129535265568521e-06,2.029640409298417e-06,9.989485627010405e-08,2.1270428062572923e-08,2.172353000533453e-05,1.1322682840189706e-09,2.1722397737050512e-05,1.2229755261669593e-07,2.375203814634893e-05,2.387433569896562e-05,0.007219539089061323,0.004189608960636448,2.1364834553841705e-06,3.4617782939386806e-06,2.1876634328065306e-05,2.0891477362372467e-06,0.057242452455455624,0.005399982777220444,1.6203159847620738,0.9146461130341056,0.8704505755209115,True,scale_dependent_camb,castro_corrected_numerical_pbs_compensated_response
8,1386;2281;3253;4253;5237;6211;7213;8231,11,0.03362193,0.06779888,420,439,429.57732558139537,2.1047177398085857e-06,2.029640409298417e-06,7.507733051016885e-08,5.3785753843821223e-08,2.0794050456892033e-05,9.633091962947123e-09,2.0784417364929085e-05,1.384961763169372e-07,2.2814057774227502e-05,2.2952553950544442e-05,0.02152352040811138,0.007552419695769016,1.901622997546834e-06,3.0590594675401746e-06,2.089473266728542e-05,2.089147736237247e-06,0.07283051188148364,0.013157902577410764,1.608657168895453,0.9223262869401312,0.8813349823092658,True,scale_dependent_camb,castro_corrected_numerical_pbs_compensated_response
8,1386;2281;3253;4253;5237;6211;7213;8231,11,0.03362193,0.06779888,440,459,449.5738888888889,2.0719638524479957e-06,2.029640409298417e-06,4.232344314957884e-08,2.346235264287882e-08,1.9789374236954227e-05,3.251637571128713e-09,1.97861225993831e-05,6.903743336358637e-08,2.1815763008681516e-05,2.18848004420451e-05,0.012818435892152907,0.01982145460443764,1.7009074408649693e-06,2.716482002573983e-06,1.9947774829875676e-05,2.089147736237247e-06,0.04058858918770941,0.02624217175048112,1.5970780874428767,0.9219377017870596,0.8841127442214315,True,scale_dependent_camb,castro_corrected_numerical_pbs_compensated_response
8,1386;2281;3253;4253;5237;6211;7213;8231,11,0.03362193,0.06779888,460,479,469.5707446808511,2.0618810399623917e-06,2.029640409298417e-06,3.224063066397482e-08,-1.4510839930993502e-08,1.896100654451616e-05,1.632757107774236e-09,1.8959373787408387e-05,1.9362547840755554e-08,2.0989014196706804e-05,2.100837674454756e-05,-0.009279617974491831,0.019954093640684796,1.5282393679616643e-06,2.423248860781623e-06,1.9036815148977183e-05,2.0891477362372467e-06,0.012669839716654427,0.014064252130442611,1.5856474526066586,0.9273501008671453,0.8921053057378663,True,scale_dependent_camb,castro_corrected_numerical_pbs_compensated_response
8,1386;2281;3253;4253;5237;6211;7213;8231,11,0.03362193,0.06779888,480,499,489.5678571428571,2.041006704063862e-06,2.029640409298417e-06,1.1366294765444965e-08,4.424405443156386e-08,1.809729083550003e-05,4.3055727326691245e-08,1.805423510817334e-05,9.866607652370007e-08,2.0083875517471758e-05,2.018254159399546e-05,0.048776280786466106,0.030805990983319688,1.3787986963801077e-06,2.1707908508775097e-06,1.816229958019734e-05,2.0891477362372467e-06,0.07155945010880672,0.057448606202809636,1.5744073856297478,0.933070367393808,0.9001127114695561,True,scale_dependent_camb,castro_corrected_numerical_pbs_compensated_response
8,1386;2281;3253;4253;5237;6211;7213;8231,11,0.03362193,0.06779888,500,512,506.02764067127345,2.0608022652127983e-06,2.029640409298417e-06,3.116185591438141e-08,-4.312309309978541e-09,1.729229725189301e-05,1.4918889648309918e-10,1.729214806299653e-05,2.699873550088597e-08,1.9321788472294945e-05,1.9348787207795828e-05,-0.002937256710034119,0.03713774279074364,1.2700780407885007e-06,1.988000070286643e-06,1.7468989142010933e-05,2.0891477362372463e-06,0.021257540587131467,0.03938462873599264,1.5652582018128869,0.9289700189386524,0.8980165332659126,True,scale_dependent_camb,castro_corrected_numerical_pbs_compensated_response
8,1386;2281;3253;4253;5237;6211;7213;8231,12,0.0,0.03362193,20,39,30.608333333333334,0.0003138082104470941,1.3273060240107964e-05,0.00030053515020698617,0.0003679811464251288,0.00030664479910285064,0.00011264083754520201,0.00019400396155764863,0.000781157134177317,0.0002072770217977566,0.0009884341559750736,0.6060802525126552,0.008275213761163427,0.0009156261550063441,0.001149314081225252,0.0001269982271838635,1.4537411098956004e-05,0.8531398212100053,0.034429843015616135,1.2552219865511474,0.9349885346307714,0.7657236477936059,True,scale_dependent_camb,castro_corrected_numerical_pbs_compensated_response
8,1386;2281;3253;4253;5237;6211;7213;8231,12,0.0,0.03362193,40,59,50.165,0.00010942786999256804,1.3273060240107964e-05,9.615480975246007e-05,0.000126315370351306,0.00024024295932942343,4.148407351661204e-05,0.0001987588858128114,0.0002639542536203781,0.00021203194605291936,0.0004759861996732974,0.41554241857544266,0.006515052684187879,0.0003341511424553174,0.0004926018746776281,0.0002161050424354565,1.4537411098956006e-05,0.7899247378921472,0.034193415409569695,1.4741888088666306,0.8427613256471,0.6581264188410585,True,scale_dependent_camb,castro_corrected_numerical_pbs_compensated_response
8,1386;2281;3253;4253;5237;6211;7213;8231,12,0.0,0.03362193,60,79,69.975,5.313038213547058e-05,1.3273060240107964e-05,3.9857321895362614e-05,5.353371662562902e-05,0.00022056748062996906,1.7975736197710958e-05,0.0002025917444322581,0.0001113667747187026,0.00021586480467236606,0.0003272315793910687,0.2854779711883864,0.010563286007710018,0.000163421589575792,0.0002631289746972111,0.0002434261630295351,1.4537411098956002e-05,0.6814691682279391,0.02335686482471135,1.6101237014046825,0.776561700735888,0.6279720946470929,True,scale_dependent_camb,castro_corrected_numerical_pbs_compensated_response
8,1386;2281;3253;4253;5237;6211;7213;8231,12,0.0,0.03362193,80,99,89.86944444444444,3.129569015239115e-05,1.3273060240107964e-05,1.8022629912283187e-05,2.3341295488256096e-05,0.00020923047587231467,7.557388651402772e-06,0.0002016730872209119,4.892131405194205e-05,0.00021494614746101986,0.0002638674615129619,0.19005242138426245,0.008873062792419858,9.373077960993448e-05,0.00015698480908650297,0.0002396047330509249,1.4537411098956004e-05,0.5219343555610083,0.01943515002256886,1.674848003396573,0.7585168131542941,0.6418150389698415,True,scale_dependent_camb,castro_corrected_numerical_pbs_compensated_response
8,1386;2281;3253;4253;5237;6211;7213;8231,12,0.0,0.03362193,100,119,109.80227272727272,2.1822804917574168e-05,1.3273060240107964e-05,8.549744677466203e-06,1.0315830029473525e-05,0.00019642611360845587,3.111682079742679e-06,0.0001933144315287132,2.197725678668241e-05,0.00020658749176882116,0.0002285647485555036,0.1258629763076647,0.009406491185762115,5.942517469243238e-05,0.00010088874224139328,0.0002262273838437521,1.4537411098956004e-05,0.3698307476659576,0.024022552162983202,1.697744142336382,0.76140035202811,0.6689957037744367,True,scale_dependent_camb,castro_corrected_numerical_pbs_compensated_response
8,1386;2281;3253;4253;5237;6211;7213;8231,12,0.0,0.03362193,120,139,129.75576923076923,1.7603292928810346e-05,1.3273060240107964e-05,4.330232688702381e-06,5.058315432329986e-06,0.00018395409432674453,1.4772043936405115e-06,0.000182476889933104,1.0865752514672878e-05,0.00019574995017321197,0.00020661570268788482,0.08961187534812112,0.007998376449214317,4.036713827804549e-05,6.852922248216794e-05,0.00021018586531574806,1.4537411098956006e-05,0.26917321807234584,0.017947152874641284,1.6976487659378863,0.7794159699337327,0.704565872294733,True,scale_dependent_camb,castro_corrected_numerical_pbs_compensated_response
8,1386;2281;3253;4253;5237;6211;7213;8231,12,0.0,0.03362193,140,159,149.72166666666666,1.5379763600651256e-05,1.3273060240107964e-05,2.106703360543292e-06,1.6291669470865186e-06,0.0001713799023564466,3.1496899269134963e-07,0.00017106493336375525,4.05083930032116e-06,0.00018433799360386322,0.00018838883290418437,0.04287004656435618,0.011656609739960602,2.884290582636835e-05,4.859778298451024e-05,0.00019357752157166951,1.4537411098956004e-05,0.14044490956309472,0.022756853591567008,1.6849128613137816,0.7950310236585584,0.7338508044816263,True,scale_dependent_camb,castro_corrected_numerical_pbs_compensated_response
8,1386;2281;3253;4253;5237;6211;7213;8231,12,0.0,0.03362193,160,179,169.6955882352941,1.4459257055079283e-05,1.3273060240107964e-05,1.1861968149713184e-06,8.400252283267905e-07,0.00015764271000869877,1.4871949901554462e-07,0.00015749399050968323,2.1749415423136536e-06,0.0001707670507497912,0.00017294199229210482,0.030714751842435425,0.02515111292602626,2.1420765110141155e-05,3.5675507530497867e-05,0.0001772675601686876,1.4537411098956006e-05,0.10153426038381695,0.04559287317875952,1.6654637379692914,0.8110746630776933,0.7602498166252223,True,scale_dependent_camb,castro_corrected_numerical_pbs_compensated_response
8,1386;2281;3253;4253;5237;6211;7213;8231,12,0.0,0.03362193,180,199,189.675,1.3972189263264116e-05,1.3273060240107964e-05,6.991290231561519e-07,3.009315484795972e-07,0.00014229164436424578,3.238307732580766e-08,0.00014225926128691996,1.0324436489615569e-06,0.00015553232152702793,0.0001565647651759895,0.015085835207397353,0.013955631167648358,1.6401896867601752e-05,2.694603920585308e-05,0.00016171904155377908,1.4537411098956002e-05,0.06294660046307915,0.02233957120214442,1.6428611533998183,0.812654969617409,0.7704864430744551,True,scale_dependent_camb,castro_corrected_numerical_pbs_compensated_response
8,1386;2281;3253;4253;5237;6211;7213;8231,12,0.0,0.03362193,200,219,209.65833333333333,1.3734678898630902e-05,1.3273060240107964e-05,4.6161865852293747e-07,5.978038180741608e-07,0.0001285786379412831,1.9354146453239982e-07,0.0001283850964767507,1.252963941129498e-06,0.00014165815671685867,0.00014291112065798815,0.03879739809431069,0.022750152604281378,1.2873758865464415e-05,2.0845571666613835e-05,0.00014718582074777547,1.4537411098956004e-05,0.09732696986353705,0.04470491964562713,1.6192296192943987,0.8185199531506334,0.7827795215163456,True,scale_dependent_camb,castro_corrected_numerical_pbs_compensated_response
8,1386;2281;3253;4253;5237;6211;7213;8231,12,0.0,0.03362193,220,239,229.64456521739132,1.3495119846160835e-05,1.3273060240107964e-05,2.2205960605287028e-07,8.837773169775458e-07,0.0001183391837955583,8.793386153018595e-07,0.00011745984518025644,1.9851755383322754e-06,0.0001307329054203644,0.00013271808095869668,0.08620129451436274,0.0361577148137306,1.0313639944601972e-05,1.6457914899737996e-05,0.0001337755917153749,1.4537411098956004e-05,0.19248059356302147,0.10113679171185869,1.595742627058826,0.8366695446009672,0.8054703026477384,True,scale_dependent_camb,castro_corrected_numerical_pbs_compensated_response
8,1386;2281;3253;4253;5237;6211;7213;8231,12,0.0,0.03362193,240,259,249.633,1.3307916262562554e-05,1.3273060240107964e-05,3.485602245458925e-08,1.6529029184079713e-07,0.00010689441271558107,1.9595523709288536e-07,0.00010669845747848818,3.9610155138827177e-07,0.00011997151771859615,0.00012036761926998441,0.0428154915786953,0.0717392066863577,8.406243459340231e-06,1.3222671678374973e-05,0.00012150337561924489,1.4537411098956004e-05,0.04711992381664378,0.12649095896076423,1.5729584495537274,0.8332993701707782,0.8064104943232755,True,scale_dependent_camb,castro_corrected_numerical_pbs_compensated_response
8,1386;2281;3253;4253;5237;6211;7213;8231,12,0.0,0.03362193,260,279,269.6231481481482,1.339239996884231e-05,1.3273060240107964e-05,1.193397287343462e-07,4.698456379933149e-07,9.762741760611033e-05,4.624506144821901e-07,9.716496699162814e-05,1.0516359812098511e-06,0.0001104380272317361,0.00011148966321294594,0.06882508866777372,0.028058433852837926,6.953076757615192e-06,1.0784703860811363e-05,0.00011033386834311436,1.4537411098956006e-05,0.15124757253083274,0.08113625932286478,1.5510692944673266,0.8457440371949404,0.8218558481421406,True,scale_dependent_camb,castro_corrected_numerical_pbs_compensated_response
8,1386;2281;3253;4253;5237;6211;7213;8231,12,0.0,0.03362193,280,299,289.6146551724138,1.3274065283331194e-05,1.3273060240107964e-05,1.0050432232298673e-09,8.032663914547515e-07,8.838111479734857e-05,nan,nan,nan,nan,0.00010245844647213449,nan,nan,5.824591465367735e-06,8.912012616818355e-06,0.00010020440115427388,1.4537411098956e-05,nan,nan,1.5300665582827613,0.8498092612206701,0.8285910005599209,False,scale_dependent_camb,castro_corrected_numerical_pbs_compensated_response
8,1386;2281;3253;4253;5237;6211;7213;8231,12,0.0,0.03362193,300,319,309.60725806451615,1.3293440646125433e-05,1.3273060240107964e-05,2.0380406017468484e-08,-2.550968255006632e-07,8.03802960940178e-05,7.98246981987738e-07,7.958204911203006e-05,5.635305625045433e-07,9.285510935213803e-05,9.341863991464255e-05,-0.09965379493232081,nan,4.933596793244179e-06,7.448986032103028e-06,9.103746996993762e-05,1.4537411098956004e-05,0.11422306810240633,nan,1.5098489690732932,0.8453526980181986,0.8265390515364766,True,scale_dependent_camb,castro_corrected_numerical_pbs_compensated_response
8,1386;2281;3253;4253;5237;6211;7213;8231,12,0.0,0.03362193,320,339,329.6007575757576,1.3330479194672213e-05,1.3273060240107964e-05,5.741895456424889e-08,5.349211593946902e-08,7.258545299357326e-05,1.24584577052854e-08,7.257299453586798e-05,1.2336952820900332e-07,8.584605477597594e-05,8.596942430418493e-05,0.013101087442265652,0.02814181277119439,4.21983158941849e-06,6.2888235428154326e-06,8.275283033455915e-05,1.4537411098956006e-05,0.029235652085822728,0.04510023902119187,1.4903020202476986,0.8469053537648652,0.829988418256433,True,scale_dependent_camb,castro_corrected_numerical_pbs_compensated_response
8,1386;2281;3253;4253;5237;6211;7213;8231,12,0.0,0.03362193,340,359,349.595,1.3305667242174682e-05,1.3273060240107964e-05,3.2607002066717506e-08,-4.711045797352201e-08,6.600640894419038e-05,1.7016247353358777e-08,6.598939269683702e-05,2.5127914465542712e-09,7.926245293694499e-05,7.926496572839152e-05,-0.01605605481347502,0.08598259417846105,3.6555442689459974e-06,5.380102151759753e-06,7.527305170200842e-05,1.4537411098956009e-05,0.0006873918797538688,0.10199114837327874,1.4717650111541385,0.8480619661980762,0.8326977129273052,True,scale_dependent_camb,castro_corrected_numerical_pbs_compensated_response
8,1386;2281;3253;4253;5237;6211;7213;8231,12,0.0,0.03362193,360,379,369.58986486486486,1.3207979237480746e-05,1.3273060240107964e-05,-6.508100262721851e-08,2.3928520507857074e-08,5.965218301323092e-05,nan,nan,nan,nan,7.288409077121952e-05,nan,nan,3.1937467624994416e-06,4.643433898434688e-06,6.852491452033344e-05,1.4537411098955999e-05,nan,nan,1.4539142404642986,0.8449734466069595,0.8310068936406697,False,scale_dependent_camb,castro_corrected_numerical_pbs_compensated_response
8,1386;2281;3253;4253;5237;6211;7213;8231,12,0.0,0.03362193,380,399,389.5852564102564,1.3301925082603728e-05,1.3273060240107964e-05,2.88648424957633e-08,-3.228146747128027e-07,5.466920001267226e-05,9.025626436834722e-07,5.3766637368988784e-05,6.086128114664329e-07,6.703969760909674e-05,6.764831042056318e-05,-0.12848940494463162,nan,2.794950600967809e-06,4.013581820335093e-06,6.244128950557263e-05,1.4537411098956002e-05,0.21775440727134432,nan,1.4360117201875795,0.8480031864945174,0.8352439071379463,True,scale_dependent_camb,castro_corrected_numerical_pbs_compensated_response
8,1386;2281;3253;4253;5237;6211;7213;8231,12,0.0,0.03362193,400,419,409.5810975609756,1.3310392858799653e-05,1.3273060240107964e-05,3.73326186916888e-08,-1.1493896786906085e-07,5.029600710139572e-05,8.846798589129045e-08,5.020753911550443e-05,1.0861636713918396e-08,6.348059935561239e-05,6.349146099232631e-05,-0.04193979619285828,nan,2.4614310163690037e-06,3.4919873207261947e-06,5.696060095543377e-05,1.4537411098956006e-05,0.004412732529039555,nan,1.4186817739371071,0.8584632111356287,0.8466657090464621,True,scale_dependent_camb,castro_corrected_numerical_pbs_compensated_response
8,1386;2281;3253;4253;5237;6211;7213;8231,12,0.0,0.03362193,420,439,429.57732558139537,1.3280832079464891e-05,1.3273060240107964e-05,7.77183935692716e-09,3.7215534308946245e-08,4.5948476172308894e-05,4.455174413332047e-08,4.590392442817557e-05,8.953911779919387e-08,5.917698466828354e-05,5.926652378608273e-05,0.031138436247987417,nan,2.180160213401964e-06,3.0565211377051556e-06,5.202553864573532e-05,1.4537411098956007e-05,0.041069971485937405,nan,1.4019708821929655,0.8621449309205298,0.8512923616756253,True,scale_dependent_camb,castro_corrected_numerical_pbs_compensated_response
8,1386;2281;3253;4253;5237;6211;7213;8231,12,0.0,0.03362193,440,459,449.5738888888889,1.3281731103997038e-05,1.3273060240107964e-05,8.670863889074043e-09,-3.1053143723146037e-07,4.185543423638394e-05,2.780281605808199e-06,3.907515263057574e-05,2.4784210324658126e-06,5.234821287068371e-05,5.4826633903149515e-05,-0.25773207320345376,nan,1.941141475374547e-06,2.6902818176612218e-06,4.758319676834587e-05,1.4537411098956e-05,1.2767853677370922,nan,1.3859277398326295,0.8558404112549782,0.845947867243519,True,scale_dependent_camb,castro_corrected_numerical_pbs_compensated_response
8,1386;2281;3253;4253;5237;6211;7213;8231,12,0.0,0.03362193,460,479,469.5707446808511,1.3216680449937522e-05,1.3273060240107964e-05,-5.637979017044226e-08,2.287105262137626e-08,3.826720035878711e-05,nan,nan,nan,nan,5.150675186134602e-05,nan,nan,1.7366114919013088e-06,2.3801901455587116e-06,4.3585351678727654e-05,1.4537411098956e-05,nan,nan,1.3705944920085655,0.8604625840119585,0.8513097191585103,False,scale_dependent_camb,castro_corrected_numerical_pbs_compensated_response
8,1386;2281;3253;4253;5237;6211;7213;8231,12,0.0,0.03362193,480,499,489.5678571428571,1.328611598775002e-05,1.3273060240107964e-05,1.305574764205565e-08,7.652668327707445e-08,3.5391491514451725e-05,1.1214090173061083e-07,3.527935061272111e-05,2.0172333264974092e-07,4.855241085282908e-05,4.8754134185478824e-05,0.05629017374658507,nan,1.560474992277996e-06,2.1159984553153234e-06,3.998720399881367e-05,1.4537411098956004e-05,0.12927046806130696,nan,1.3559963894239464,0.8692886845184951,0.8607628188876385,True,scale_dependent_camb,castro_corrected_numerical_pbs_compensated_response
8,1386;2281;3253;4253;5237;6211;7213;8231,12,0.0,0.03362193,500,512,506.02764067127345,1.3300926423786741e-05,1.3273060240107964e-05,2.786618367877665e-08,3.801532580651056e-08,3.2845395036394744e-05,1.296522168979143e-08,3.283242981470495e-05,7.884673117507863e-08,4.610549005481292e-05,4.618433678598799e-05,0.019867934921176236,nan,1.4328686579480943e-06,1.9264208029088877e-06,3.7287793357428734e-05,1.4537411098956006e-05,0.055027186712276355,nan,1.3444503738867266,0.8671800177006187,0.8592174946003655,True,scale_dependent_camb,castro_corrected_numerical_pbs_compensated_response
