segment_index,z_lo,z_hi,ell_min,ell_max,ell_effective,theory_cl,ensemble_mean_theoretical_normalization_cl,ensemble_mean_measured_normalization_cl,realization_std_cl,ensemble_sem_cl,theoretical_normalization_mean_over_theory,measured_normalization_mean_over_theory,mean_minus_theory_over_sem,theory_model,linear_power_evolution
0,0.44933801,0.49256256,20,39,30.608333333333334,2.5070844120856847e-05,2.458879919548325e-05,2.492045406224715e-05,9.407543174473692e-07,3.3260687864877834e-07,0.9807726886637783,0.9940013962878663,-1.4492933138722652,standard-halo-model-uncompensated,scale_dependent_camb
0,0.44933801,0.49256256,40,59,50.165,2.0737549482006907e-05,2.0352029338165938e-05,2.062694443402193e-05,8.348312434437525e-07,2.951574166927374e-07,0.9814095612321277,0.9946664359701254,-1.30615096229244,standard-halo-model-uncompensated,scale_dependent_camb
0,0.44933801,0.49256256,60,79,69.975,1.7237501714655584e-05,1.674213462394358e-05,1.6969060087024477e-05,3.081093406949127e-07,1.0893310207614453e-07,0.9712622456019346,0.9844268831948615,-4.54744316714436,standard-halo-model-uncompensated,scale_dependent_camb
0,0.44933801,0.49256256,80,99,89.86944444444444,1.4555780173436504e-05,1.4117325560304327e-05,1.4308741281975448e-05,4.828429467287113e-07,1.7071076093998335e-07,0.969877628824573,0.983028124324666,-2.56840641279974,standard-halo-model-uncompensated,scale_dependent_camb
0,0.44933801,0.49256256,100,119,109.80227272727272,1.1805477383208274e-05,1.1376592916729949e-05,1.1531156948659444e-05,2.2903177763375979e-07,8.097496153602049e-08,0.9636707222794433,0.9767632916785717,-5.2965071960860675,standard-halo-model-uncompensated,scale_dependent_camb
0,0.44933801,0.49256256,120,139,129.75576923076923,9.579610774734419e-06,9.169537154058661e-06,9.29362841944728e-06,1.192107570808246e-07,4.2147367361116656e-08,0.9571930811889248,0.9701467667098336,-9.729519216758344,standard-halo-model-uncompensated,scale_dependent_camb
0,0.44933801,0.49256256,140,159,149.72166666666666,8.219637644389028e-06,7.87286426345966e-06,7.979162322162765e-06,1.7557330327372796e-07,6.207453667008765e-08,0.957811597550643,0.9707438049424941,-5.586403049166398,standard-halo-model-uncompensated,scale_dependent_camb
0,0.44933801,0.49256256,160,179,169.6955882352941,7.185875708652176e-06,6.901569355525622e-06,6.995032912801536e-06,9.924196533061823e-08,3.50873333317802e-08,0.9604353923371881,0.973441957029558,-8.102820195487604,standard-halo-model-uncompensated,scale_dependent_camb
0,0.44933801,0.49256256,180,199,189.675,6.103957637465264e-06,5.840314490319272e-06,5.9193404147741e-06,1.2052114467812586e-07,4.2610659339133884e-08,0.9568078347189394,0.96975450459256,-6.187258100084381,standard-halo-model-uncompensated,scale_dependent_camb
0,0.44933801,0.49256256,200,219,209.65833333333333,5.203487740278734e-06,4.9757044087376145e-06,5.0430793811997944e-06,7.274190743362257e-08,2.5718148011379322e-08,0.9562248739863625,0.9691729149590833,-8.856910359188154,standard-halo-model-uncompensated,scale_dependent_camb
0,0.44933801,0.49256256,220,239,229.64456521739132,4.611472202383356e-06,4.440397797439243e-06,4.500601829228605e-06,7.454717446985237e-08,2.635640629296464e-08,0.962902431710269,0.9759577054161903,-6.490809218925196,standard-halo-model-uncompensated,scale_dependent_camb
0,0.44933801,0.49256256,240,259,249.633,4.144971727882868e-06,3.996356157201704e-06,4.050410646146315e-06,5.6652366062700946e-08,2.0029636106599233e-08,0.9641455767523237,0.9771865556764961,-7.419783858789108,standard-halo-model-uncompensated,scale_dependent_camb
0,0.44933801,0.49256256,260,279,269.6231481481482,3.664854966699322e-06,3.5732422983776842e-06,3.6216009196790035e-06,2.5223614198251543e-08,8.917894322808473e-09,0.9750023754953264,0.9881976101610169,-10.27290355833535,standard-halo-model-uncompensated,scale_dependent_camb
0,0.44933801,0.49256256,280,299,289.6146551724138,3.2394985386503397e-06,3.1704154757890905e-06,3.2133718294548226e-06,4.872707315825364e-08,1.7227621928787074e-08,0.9786747664686304,0.9919349526218949,-4.010017351600486,standard-halo-model-uncompensated,scale_dependent_camb
0,0.44933801,0.49256256,300,319,309.60725806451615,2.9285353225277596e-06,2.862724877921714e-06,2.90146104734488e-06,3.368538358678934e-08,1.1909581580544384e-08,0.9775278638096667,0.9907550115668367,-5.525840195221802,standard-halo-model-uncompensated,scale_dependent_camb
0,0.44933801,0.49256256,320,339,329.6007575757576,2.679526515142176e-06,2.6156503804355492e-06,2.6510527371395414e-06,2.2251961052023652e-08,7.867256277292432e-09,0.9761614097320335,0.9893735785625829,-8.119239091142205,standard-halo-model-uncompensated,scale_dependent_camb
0,0.44933801,0.49256256,340,359,349.595,2.435724032009813e-06,2.3733418440955817e-06,2.4055172468469467e-06,3.5973401388999775e-08,1.2718518032253653e-08,0.9743886470329082,0.9875984369469223,-4.904831502855334,standard-halo-model-uncompensated,scale_dependent_camb
0,0.44933801,0.49256256,360,379,369.58986486486486,2.2111558509059947e-06,2.1899432317760022e-06,2.2195873603777104e-06,1.484599503730928e-08,5.248851882171611e-09,0.9904065472719614,1.0038131683337748,-4.041382688287287,standard-halo-model-uncompensated,scale_dependent_camb
0,0.44933801,0.49256256,380,399,389.5852564102564,2.0307369181509288e-06,2.006083666977722e-06,2.033288284879908e-06,2.167623866689672e-08,7.66370767599036e-09,0.9878599483011051,1.0012563748194927,-3.2168830304478977,standard-halo-model-uncompensated,scale_dependent_camb
0,0.44933801,0.49256256,400,419,409.5810975609756,1.8816179846024534e-06,1.850032954982969e-06,1.8750480410239521e-06,1.920880477527494e-08,6.791338057542723e-09,0.9832138989540123,0.9965083541758932,-4.650781532573661,standard-halo-model-uncompensated,scale_dependent_camb
0,0.44933801,0.49256256,420,439,429.57732558139537,1.742513786189724e-06,1.7238364675291001e-06,1.747191183491725e-06,1.7488040803290313e-08,6.1829561208368086e-09,0.989281394036219,1.0026842813750294,-3.020774900484992,standard-halo-model-uncompensated,scale_dependent_camb
0,0.44933801,0.49256256,440,459,449.5738888888889,1.612729251516831e-06,1.6112979282323113e-06,1.6330586341046905e-06,2.7414034528607306e-08,9.692324857430191e-09,0.999112483832501,1.0126055768931697,-0.1476759503600932,standard-halo-model-uncompensated,scale_dependent_camb
0,0.44933801,0.49256256,460,479,469.5707446808511,1.501155752887555e-06,1.5004741877609417e-06,1.5207372966566361e-06,2.6632258559935616e-08,9.415925313021974e-09,0.9995459730775423,1.0130443118453332,-0.07238429617433535,standard-halo-model-uncompensated,scale_dependent_camb
0,0.44933801,0.49256256,480,499,489.5678571428571,1.4056977666143398e-06,1.4022738852861603e-06,1.421259906108466e-06,1.1495579509939535e-08,4.064301112573687e-09,0.9975642834402263,1.011070757785728,-0.8424280665591083,standard-halo-model-uncompensated,scale_dependent_camb
0,0.44933801,0.49256256,500,519,509.56519607843137,1.3185988430391155e-06,1.3162605587021703e-06,1.3340701032497228e-06,1.1605735537269382e-08,4.103247149530439e-09,0.9982266901345401,1.0117331061621055,-0.5698619292802694,standard-halo-model-uncompensated,scale_dependent_camb
0,0.44933801,0.49256256,520,539,529.5627358490566,1.2376510295976831e-06,1.2468161269518828e-06,1.263660885974243e-06,1.6729977975578265e-08,5.9149404378164894e-09,1.0074052355106746,1.0210155009405315,1.5494826111187396,standard-halo-model-uncompensated,scale_dependent_camb
0,0.44933801,0.49256256,540,559,549.5604545454545,1.1651381557231204e-06,1.1689602587132127e-06,1.1847688880458138e-06,1.2949387234351077e-08,4.578299762810079e-09,1.0032803860823871,1.0168484159807727,0.8348302182263441,standard-halo-model-uncompensated,scale_dependent_camb
0,0.44933801,0.49256256,560,579,569.5583333333333,1.1011224139851057e-06,1.1139847732748692e-06,1.1290655676912912e-06,5.499191951326976e-09,1.9442579599148935e-09,1.0116811347461476,1.0253769729425954,6.61556210901484,standard-halo-model-uncompensated,scale_dependent_camb
0,0.44933801,0.49256256,580,599,589.5563559322034,1.0429537057421596e-06,1.0489101663351217e-06,1.063109504260559e-06,9.143836799017687e-09,3.23283450332425e-09,1.0057111457202441,1.0193256885779571,1.8424885613034605,standard-halo-model-uncompensated,scale_dependent_camb
0,0.44933801,0.49256256,600,619,609.5545081967213,9.89116390562897e-07,9.915142989686433e-07,1.004938048277452e-06,7.184764453627927e-09,2.5401978331941836e-09,1.0024242934690242,1.0159957492015184,0.9439849032274387,standard-halo-model-uncompensated,scale_dependent_camb
0,0.44933801,0.49256256,620,639,629.5527777777778,9.39904407265487e-07,9.451116228233741e-07,9.579028966352485e-07,5.27241280102407e-09,1.8640794224094397e-09,1.0055401544217,1.0191492764909205,2.7934515532371833,standard-halo-model-uncompensated,scale_dependent_camb
0,0.44933801,0.49256256,640,659,649.5511538461539,8.953528005239126e-07,9.018724008031032e-07,9.140752350022753e-07,6.755023779904234e-09,2.3882615609233343e-09,1.0072815992482245,1.0209106784134783,2.7298518662545836,standard-halo-model-uncompensated,scale_dependent_camb
0,0.44933801,0.49256256,660,679,669.5496268656716,8.546643602778475e-07,8.545237592032864e-07,8.66103206571479e-07,4.997616235504375e-09,1.7669241649465645e-09,0.9998354897184253,1.0133840216408612,-0.07957391570644776,standard-halo-model-uncompensated,scale_dependent_camb
0,0.44933801,0.49256256,680,699,689.5481884057971,8.170272178127882e-07,8.151988659401852e-07,8.262350226410353e-07,9.893608330166855e-09,3.4979187703323487e-09,0.9977621897621752,1.0112698874988482,-0.5226970643544151,standard-halo-model-uncompensated,scale_dependent_camb
0,0.44933801,0.49256256,700,719,709.5468309859154,7.822336006815922e-07,7.819099230901433e-07,7.924949221364252e-07,3.376764079926585e-09,1.1938663896916206e-09,0.9995862136436394,1.0131179758142477,-0.27111709839863396,standard-halo-model-uncompensated,scale_dependent_camb
0,0.44933801,0.49256256,720,739,729.5455479452055,7.502378680578834e-07,7.515908466610513e-07,7.617737299430233e-07,5.38833100773694e-09,1.9050626974242668e-09,1.0018033995093718,1.015376272481423,0.7102016143600466,standard-halo-model-uncompensated,scale_dependent_camb
0,0.44933801,0.49256256,740,759,749.5443333333334,7.207643582518331e-07,7.211480844185299e-07,7.30907635878677e-07,6.496367547746793e-09,2.29681277304599e-09,1.0005323878217667,1.0140729456315594,0.16706897976185742,standard-halo-model-uncompensated,scale_dependent_camb
0,0.44933801,0.49256256,760,779,769.5431818181818,6.933999447833636e-07,6.907307150844827e-07,7.000710783125329e-07,7.807780168245434e-09,2.7604671514900943e-09,0.9961505193085718,1.0096209028849195,-0.9669485461691066,standard-halo-model-uncompensated,scale_dependent_camb
0,0.44933801,0.49256256,780,799,789.5420886075949,6.67950115212178e-07,6.616527000774403e-07,6.705998875453222e-07,7.1946458020202584e-09,2.543691417421926e-09,0.9905720277737547,1.0039670212981437,-2.4756993287811104,standard-halo-model-uncompensated,scale_dependent_camb
0,0.44933801,0.49256256,800,819,809.5410493827161,6.442962433053102e-07,6.379504078632545e-07,6.465901970320335e-07,8.39906056024163e-09,2.96951633887167e-09,0.9901507489637053,1.0035604021450677,-2.1369929368588383,standard-halo-model-uncompensated,scale_dependent_camb
0,0.44933801,0.49256256,820,839,829.5400602409638,6.223102107857251e-07,6.140770406417798e-07,6.223927114829456e-07,3.4466106120035948e-09,1.2185608679286292e-09,0.986769990269724,1.0001325716592635,-6.7564701613472815,standard-halo-model-uncompensated,scale_dependent_camb
0,0.44933801,0.49256256,840,859,849.5391176470588,6.018197764012412e-07,5.940199911182116e-07,6.020575542087403e-07,4.968878729991236e-09,1.7567639224352015e-09,0.9870396660447575,1.0003950980290495,-4.439859666640672,standard-halo-model-uncompensated,scale_dependent_camb
0,0.44933801,0.49256256,860,879,869.5382183908046,5.82670354132361e-07,5.722028205219317e-07,5.799465087533688e-07,4.589513368722385e-09,1.6226380126849568e-09,0.9820352390743884,0.9953252377443361,-6.450935777788699,standard-halo-model-uncompensated,scale_dependent_camb
0,0.44933801,0.49256256,880,899,889.5373595505617,5.647459674273738e-07,5.516012310884611e-07,5.590701705145383e-07,3.6711441252836488e-09,1.297945452850612e-09,0.9767245149198819,0.9899498230351411,-10.127341106703353,standard-halo-model-uncompensated,scale_dependent_camb
0,0.44933801,0.49256256,900,919,909.5365384615385,5.479454773108484e-07,5.301322059918585e-07,5.373129835664622e-07,2.645219926831232e-09,9.352264739960734e-10,0.9674907959704092,0.9805957085428147,-19.047013546223326,standard-halo-model-uncompensated,scale_dependent_camb
0,0.44933801,0.49256256,920,939,929.535752688172,5.32177590596946e-07,5.167790531675317e-07,5.237766493043021e-07,4.720679764447135e-09,1.6690123366253412e-09,0.9710650397508438,0.9842140265936027,-9.226137573404285,standard-halo-model-uncompensated,scale_dependent_camb
0,0.44933801,0.49256256,940,959,949.535,5.17359766903176e-07,4.994048543891935e-07,5.061604497176006e-07,4.350223081405716e-09,1.53803612026811e-09,0.9652951124872786,0.9783529414113268,-11.6739212281,standard-halo-model-uncompensated,scale_dependent_camb
0,0.44933801,0.49256256,960,979,969.5342783505155,5.034172712643322e-07,4.836446400382965e-07,4.901922928331731e-07,3.149982835251517e-09,1.1136871117137874e-09,0.9607231766673863,0.9737295893763348,-17.754206740893963,standard-halo-model-uncompensated,scale_dependent_camb
0,0.44933801,0.49256256,980,999,989.5335858585859,4.902823042878344e-07,4.699614223232484e-07,4.763243025636255e-07,3.2275489406535814e-09,1.1411108712738025e-09,0.9585526914047953,0.971530684256525,-17.807982095466418,standard-halo-model-uncompensated,scale_dependent_camb
0,0.44933801,0.49256256,1000,1019,1009.5329207920792,4.778932675129364e-07,4.5617706395665107e-07,4.6234639743604013e-07,4.5500692580270235e-09,1.6086924136096755e-09,0.954558465179262,0.9674679031202811,-13.499288846372622,standard-halo-model-uncompensated,scale_dependent_camb
0,0.44933801,0.49256256,1020,1039,1029.532281553398,4.661941280517515e-07,4.444256885250112e-07,4.5043748384872064e-07,3.477106545784824e-09,1.2293428087162907e-09,0.9533060623956983,0.9662015386832977,-17.70737940011334,standard-halo-model-uncompensated,scale_dependent_camb
0,0.44933801,0.49256256,1040,1059,1049.5316666666668,4.551338009449982e-07,4.320931783554184e-07,4.3794246407497857e-07,3.3427879583688766e-09,1.1818540167156834e-09,0.9493761558870373,0.9622279495956462,-19.4953202880408,standard-halo-model-uncompensated,scale_dependent_camb
0,0.44933801,0.49256256,1060,1079,1069.5310747663552,4.4466562806434115e-07,4.1955890866911525e-07,4.252414482567924e-07,3.078481764331008e-09,1.0884076656587913e-09,0.9435379804269624,0.9563173346856075,-23.06738567486044,standard-halo-model-uncompensated,scale_dependent_camb
0,0.44933801,0.49256256,1080,1099,1089.530504587156,4.3474665449234874e-07,4.059754650674156e-07,4.1146468951878605e-07,4.609923443169124e-09,1.6298540637078627e-09,0.9338207916550179,0.9464470520175735,-17.652616921713616,standard-halo-model-uncompensated,scale_dependent_camb
0,0.44933801,0.49256256,1100,1119,1109.529954954955,4.253374867086463e-07,3.9706051268505186e-07,4.024378142108089e-07,4.01912904335698e-09,1.420976700510761e-09,0.9335187353402405,0.9461611703331393,-19.89967464873313,standard-halo-model-uncompensated,scale_dependent_camb
0,0.44933801,0.49256256,1120,1139,1129.529424778761,4.1640212166018935e-07,3.8758864810761136e-07,3.9283563740750805e-07,2.156802743798427e-09,7.625449229108098e-10,0.9308037302074758,0.9434045048600568,-37.785935866690075,standard-halo-model-uncompensated,scale_dependent_camb
0,0.44933801,0.49256256,1140,1159,1149.5289130434783,4.079075960290944e-07,3.781087398109882e-07,3.83225379258029e-07,3.1555540493039457e-09,1.1156568333317445e-09,0.9269470426434993,0.939490666485885,-26.709697218558034,standard-halo-model-uncompensated,scale_dependent_camb
0,0.44933801,0.49256256,1160,1179,1169.5284188034188,3.998236982397969e-07,3.684354143095165e-07,3.7342470443330027e-07,1.949783937203646e-09,6.893527219226518e-10,0.9214946886128419,0.9339734139754176,-45.53298033369089,standard-halo-model-uncompensated,scale_dependent_camb
0,0.44933801,0.49256256,1180,1199,1189.5279411764707,3.9212269548444925e-07,3.59544085265282e-07,3.644079175140501e-07,2.5843775176633106e-09,9.137154339428917e-10,0.9169173052355005,0.929321158174334,-35.655094582985306,standard-halo-model-uncompensated,scale_dependent_camb
0,0.44933801,0.49256256,1200,1219,1209.527479338843,3.8477909840112557e-07,3.5269912274757605e-07,3.5747462079871307e-07,3.184613079189422e-09,1.1259307518751058e-09,0.9166275512707119,0.9290385633838456,-28.49196151728166,standard-halo-model-uncompensated,scale_dependent_camb
0,0.44933801,0.49256256,1220,1239,1229.5270325203253,3.7776944698110024e-07,3.462870108818831e-07,3.5098054200949375e-07,1.7585772693570097e-09,6.217509562014316e-10,0.9166623019653778,0.9290866289328402,-50.63512293018114,standard-halo-model-uncompensated,scale_dependent_camb
0,0.44933801,0.49256256,1240,1259,1249.5266,3.7107213421891764e-07,3.358963654421265e-07,3.4044217935429637e-07,2.131614767312492e-09,7.536396284220238e-10,0.9052050382310873,0.9174555240341739,-46.67452115070224,standard-halo-model-uncompensated,scale_dependent_camb
0,0.44933801,0.49256256,1260,1279,1269.5261811023622,3.6466720979950686e-07,3.2979679186371733e-07,3.3425917409471337e-07,3.5777348214775396e-09,1.2649202767770051e-09,0.9043774241315494,0.9166142858813334,-27.567285129335385,standard-halo-model-uncompensated,scale_dependent_camb
0,0.44933801,0.49256256,1280,1299,1289.5257751937984,3.5853626852840376e-07,3.2282676639661334e-07,3.2719372758537396e-07,2.9495667466949022e-09,1.0428293240751544e-09,0.9004019808697221,0.9125819514112927,-34.242901793598705,standard-halo-model-uncompensated,scale_dependent_camb
0,0.44933801,0.49256256,1300,1319,1309.5253816793893,3.52662271492197e-07,3.164094597651489e-07,3.206880647006863e-07,3.050413394728201e-09,1.0784839984172937e-09,0.8972024663322961,0.9093347676341439,-33.614603258138395,standard-halo-model-uncompensated,scale_dependent_camb
0,0.44933801,0.49256256,1320,1339,1329.525,3.4702946744072133e-07,3.106019611772415e-07,3.1480436658778024e-07,3.000587104448625e-09,1.060867744548265e-09,0.8950305098523016,0.907140159910352,-34.33746237519105,standard-halo-model-uncompensated,scale_dependent_camb
0,0.44933801,0.49256256,1340,1359,1349.5246296296295,3.416232735692637e-07,3.0518916478843905e-07,3.093225326299955e-07,1.6895703651314932e-09,5.973533312381549e-10,0.8933500390644852,0.9054492376886634,-60.99255980594671,standard-halo-model-uncompensated,scale_dependent_camb
0,0.44933801,0.49256256,1360,1379,1369.5242700729927,3.3643018151858705e-07,2.9828376059232636e-07,3.023198041693526e-07,2.2457028072698975e-09,7.939758417751055e-10,0.8866141534803018,0.898610828566967,-48.044813102847165,standard-halo-model-uncompensated,scale_dependent_camb
0,0.44933801,0.49256256,1380,1399,1389.5239208633093,3.3143764192708987e-07,2.9282068777720477e-07,2.967797182549422e-07,3.2879235939633842e-09,1.1624565346573767e-09,0.8834865167234682,0.8954315403928328,-33.22012737557288,standard-halo-model-uncompensated,scale_dependent_camb
0,0.44933801,0.49256256,1400,1419,1409.5235815602837,3.2663398644266335e-07,2.879560735829286e-07,2.91853512282574e-07,2.727513481780829e-09,9.643216393724773e-10,0.8815863796631457,0.8935185081660366,-40.10893386661324,standard-halo-model-uncompensated,scale_dependent_camb
0,0.44933801,0.49256256,1420,1439,1429.5232517482518,3.220083557766429e-07,2.8351190825518574e-07,2.8735023739908667e-07,2.08766502087632e-09,7.381010465538005e-10,0.8804489174555465,0.8923688849813686,-52.156066843689445,standard-halo-model-uncompensated,scale_dependent_camb
0,0.44933801,0.49256256,1440,1459,1449.5229310344828,3.175506380935052e-07,2.777928275427577e-07,2.815518996352055e-07,1.5869644445482656e-09,5.610766601210106e-10,0.8747985178381518,0.8866362269827982,-70.85985459130082,standard-halo-model-uncompensated,scale_dependent_camb
0,0.44933801,0.49256256,1460,1479,1469.522619047619,3.1325140650620054e-07,2.7391356936738e-07,2.7762014323268086e-07,3.0061167376429376e-09,1.0628227651128513e-09,0.8744208762617579,0.8862534611706064,-37.01260306994233,standard-halo-model-uncompensated,scale_dependent_camb
0,0.44933801,0.49256256,1480,1499,1489.5223154362416,3.0910186276063343e-07,2.701924898372675e-07,2.738473788828713e-07,2.316239883881918e-09,8.189144643738227e-10,0.8741211955959738,0.8859454175950308,-47.51335409995197,standard-halo-model-uncompensated,scale_dependent_camb
0,0.44933801,0.49256256,1500,1519,1509.5220198675497,3.050937901541912e-07,2.6511016430748655e-07,2.6870016746230787e-07,1.8343873725301521e-09,6.48553875219522e-10,0.8689464448735671,0.8807133286013774,-61.65043086539422,standard-halo-model-uncompensated,scale_dependent_camb
0,0.44933801,0.49256256,1520,1539,1529.5217320261438,3.012195147351633e-07,2.6070469427650436e-07,2.6423243658451083e-07,1.979365456657128e-09,6.998113684243311e-10,0.865497358315977,0.8772088913854997,-57.89391582746163,standard-halo-model-uncompensated,scale_dependent_camb
0,0.44933801,0.49256256,1540,1559,1549.5214516129033,2.9747186323710777e-07,2.568737243266014e-07,2.603470061548657e-07,2.784299082309776e-09,9.843983809763619e-10,0.8635227598714217,0.875198761058451,-41.24157423972972,standard-halo-model-uncompensated,scale_dependent_camb
0,0.44933801,0.49256256,1560,1579,1569.521178343949,2.9384411513333864e-07,2.536939793505708e-07,2.571269555759881e-07,2.132251728862404e-09,7.538648283376727e-10,0.8633624642625606,0.8750454487043606,-53.25906485291511,standard-halo-model-uncompensated,scale_dependent_camb
0,0.44933801,0.49256256,1580,1599,1589.5209119496856,2.9032997497802637e-07,2.495783388264705e-07,2.529520816048107e-07,2.695916974505743e-09,9.531505870944658e-10,0.859636828217134,0.8712572018233922,-42.75466720928227,standard-halo-model-uncompensated,scale_dependent_camb
0,0.44933801,0.49256256,1600,1619,1609.520652173913,2.8692355765016594e-07,2.468407187375963e-07,2.50181460443522e-07,1.9870562054031975e-09,7.025304587197051e-10,0.8603013316827718,0.8719446478792026,-57.05494817351662,standard-halo-model-uncompensated,scale_dependent_camb
0,0.44933801,0.49256256,1620,1639,1629.520398773006,2.836193238813794e-07,2.429556910567392e-07,2.4624063146203707e-07,2.3931712031523476e-09,8.461137931446968e-10,0.8566260145178001,0.8682082309914272,-48.059295515687474,standard-halo-model-uncompensated,scale_dependent_camb
0,0.44933801,0.49256256,1640,1659,1649.5201515151516,2.8041209670495046e-07,2.39784038059308e-07,2.430274349212343e-07,1.8790487530098816e-09,6.643440577167066e-10,0.8551130314167891,0.8666795683103061,-61.155147206821724,standard-halo-model-uncompensated,scale_dependent_camb
0,0.44933801,0.49256256,1660,1679,1669.5199101796406,2.772969900183184e-07,2.3564024609686066e-07,2.388289706450427e-07,1.643399557621169e-09,5.810294856964504e-10,0.8497757082804761,0.861275020076004,-71.69471592569171,standard-halo-model-uncompensated,scale_dependent_camb
0,0.44933801,0.49256256,1680,1699,1689.519674556213,2.742694299106001e-07,2.3334342240242162e-07,2.3649883675417282e-07,2.0550221677074356e-09,7.26560055137303e-10,0.8507817385206999,0.8622865363859952,-56.32845794205465,standard-halo-model-uncompensated,scale_dependent_camb
0,0.44933801,0.49256256,1700,1719,1709.5194444444444,2.713251054259012e-07,2.3036420763056862e-07,2.3348335315082198e-07,1.2132972919121542e-09,4.289653713531791e-10,0.849033882319751,0.8605298532338955,-95.48765595255553,standard-halo-model-uncompensated,scale_dependent_camb
0,0.44933801,0.49256256,1720,1739,1729.519219653179,2.6845995844278945e-07,2.275246676313178e-07,2.3060256208604562e-07,1.7833963726517492e-09,6.305258343227715e-10,0.847518076628939,0.8589830804700378,-64.92246405008765,standard-halo-model-uncompensated,scale_dependent_camb
0,0.44933801,0.49256256,1740,1759,1749.519,2.656701807774244e-07,2.2493710254445912e-07,2.2798200658260269e-07,1.3670667075824413e-09,4.833310696329556e-10,0.8466780196641978,0.8581392383423097,-84.27572898199617,standard-halo-model-uncompensated,scale_dependent_camb
0,0.44933801,0.49256256,1760,1779,1769.5187853107345,2.6295218054329654e-07,2.2230236112102228e-07,2.25308222962558e-07,2.2213937568354234e-09,7.853812945718942e-10,0.8454098409137131,0.8568410518484358,-51.75806923748062,standard-halo-model-uncompensated,scale_dependent_camb
0,0.44933801,0.49256256,1780,1799,1789.5185754189945,2.603025757962093e-07,2.199592439658408e-07,2.2293370677290096e-07,1.892688732323407e-09,6.691665186506257e-10,0.8450137048895233,0.856440648314735,-60.28892765244866,standard-halo-model-uncompensated,scale_dependent_camb
0,0.44933801,0.49256256,1800,1819,1809.5183701657459,2.5771817556578456e-07,2.1676304726044355e-07,2.1969850131974245e-07,1.074672339885946e-09,3.799540495434833e-10,0.8410856036233002,0.8524757745061047,-107.78968760709039,standard-halo-model-uncompensated,scale_dependent_camb
0,0.44933801,0.49256256,1820,1839,1829.518169398907,2.55195973684634e-07,2.1523093836039282e-07,2.1814348748137146e-07,1.3550834943943843e-09,4.79094363980116e-10,0.8433947262285997,0.8548077163276439,-83.41787824892852,standard-halo-model-uncompensated,scale_dependent_camb
0,0.44933801,0.49256256,1840,1859,1849.517972972973,2.527331353572971e-07,2.1235276811457926e-07,2.152267485425761e-07,1.2050485643955076e-09,4.2604900577158865e-10,0.8402252748313719,0.8515968760420077,-94.77869140801693,standard-halo-model-uncompensated,scale_dependent_camb
0,0.44933801,0.49256256,1860,1879,1869.5177807486632,2.5032698118232887e-07,2.1018575101304685e-07,2.130293692935912e-07,1.7943594966028998e-09,6.34401883967195e-10,0.8396448118389418,0.8510044274389604,-63.2741345568856,standard-halo-model-uncompensated,scale_dependent_camb
0,0.44933801,0.49256256,1880,1899,1889.5175925925926,2.479749823033802e-07,2.0829759153211624e-07,2.111128517385441e-07,2.4924433532827585e-09,8.81211798414788e-10,0.8399943800672545,0.8513473810041942,-45.025941371460995,standard-halo-model-uncompensated,scale_dependent_camb
0,0.44933801,0.49256256,1900,1919,1909.5174083769634,2.4567474849280405e-07,2.0579056582908403e-07,2.0857510133189506e-07,1.6525049008712325e-09,5.84248710675026e-10,0.8376545293791631,0.8489887650704335,-68.26576068544313,standard-halo-model-uncompensated,scale_dependent_camb
0,0.44933801,0.49256256,1920,1939,1929.5172279792746,2.434240212819052e-07,2.0419971945035694e-07,2.0696350248829657e-07,1.4214625280799021e-09,5.02562896403936e-10,0.8388642927473322,0.8502180737890929,-78.04854300270833,standard-halo-model-uncompensated,scale_dependent_camb
0,0.44933801,0.49256256,1940,1959,1949.5170512820512,2.412206648050942e-07,2.0148374369075492e-07,2.0420909074037197e-07,1.5456503051285817e-09,5.464699060497382e-10,0.8352673426779309,0.8465654918303641,-72.7156622431145,standard-halo-model-uncompensated,scale_dependent_camb
0,0.44933801,0.49256256,1960,1979,1969.5168781725888,2.390626563645181e-07,1.9994264107544266e-07,2.0264813216865618e-07,1.4794007705084659e-09,5.230471584595697e-10,0.8363608273915186,0.8476779069151739,-74.79252043790491,standard-halo-model-uncompensated,scale_dependent_camb
0,0.44933801,0.49256256,1980,1999,1989.5167085427136,2.3694808558131472e-07,1.9832284700927006e-07,2.0100667577740743e-07,1.8696374435233303e-09,6.610166573378138e-10,0.8369886024726314,0.8483152555728369,-58.43307902043558,standard-halo-model-uncompensated,scale_dependent_camb
0,0.44933801,0.49256256,2000,2019,2009.5165422885573,2.3487513894260996e-07,1.9650170504636223e-07,1.9916085858500667e-07,1.1868110892613747e-09,4.1960108460205546e-10,0.8366219853280257,0.8479435477148145,-91.45217995001283,standard-halo-model-uncompensated,scale_dependent_camb
0,0.44933801,0.49256256,2020,2039,2029.5163793103447,2.3284210132945618e-07,1.9487551941117947e-07,1.9751159092954994e-07,1.8481642620728213e-09,6.534247412291617e-10,0.8369427964208392,0.8482640802579088,-58.10398584978204,standard-halo-model-uncompensated,scale_dependent_camb
0,0.44933801,0.49256256,2040,2059,2049.516219512195,2.3084734697006344e-07,1.933552695907579e-07,1.959679822033424e-07,2.4632806470749127e-09,8.709012247561287e-10,0.8375893079500387,0.8489072314474368,-43.04974699031354,standard-halo-model-uncompensated,scale_dependent_camb
0,0.44933801,0.49256256,2060,2079,2069.5160628019325,2.2888933216252185e-07,1.9070635477368585e-07,1.9328647056005695e-07,1.3446935102451327e-09,4.754209498559377e-10,0.8331814898139318,0.8444538185065557,-80.31404043176099,standard-halo-model-uncompensated,scale_dependent_camb
0,0.44933801,0.49256256,2080,2099,2089.515909090909,2.2696660152783658e-07,1.8966608785608434e-07,1.9223273327262664e-07,1.2432077323833579e-09,4.3954030899591146e-10,0.8356563766621959,0.8469648484781583,-84.86255505658119,standard-halo-model-uncompensated,scale_dependent_camb
0,0.44933801,0.49256256,2100,2119,2109.5157582938386,2.2507776384227303e-07,1.8849764155424478e-07,1.9104721892977054e-07,1.5006980258929636e-09,5.305768753110898e-10,0.8374778491505612,0.8488053891616324,-68.94405691273383,standard-halo-model-uncompensated,scale_dependent_camb
0,0.44933801,0.49256256,2120,2139,2129.5156103286386,2.2322150385849448e-07,1.8731619862633686e-07,1.8984991600781428e-07,1.4088459026437132e-09,4.98102245703126e-10,0.8391494340306977,0.85050012084931,-72.08420669028172,standard-halo-model-uncompensated,scale_dependent_camb
0,0.44933801,0.49256256,2140,2159,2149.515465116279,2.2139657696363289e-07,1.8502688494940832e-07,1.8753005371301038e-07,1.4603853062316422e-09,5.163241765907934e-10,0.835726041870111,0.8470323086513415,-70.4396456008856,standard-halo-model-uncompensated,scale_dependent_camb
0,0.44933801,0.49256256,2160,2179,2169.5153225806453,2.1960179326483118e-07,1.839220597702837e-07,1.8641134566271677e-07,1.1299491957932359e-09,3.9949736937084145e-10,0.8375253090419024,0.8488607624342666,-89.31156055104599,standard-halo-model-uncompensated,scale_dependent_camb
0,0.44933801,0.49256256,2180,2199,2189.5151826484016,2.1783602740702703e-07,1.82405565701407e-07,1.848730771909621e-07,1.481918626789053e-09,5.239373550845979e-10,0.8373526081642219,0.8486799882993019,-67.62346941248201,standard-halo-model-uncompensated,scale_dependent_camb
0,0.44933801,0.49256256,2200,2219,2209.515045248869,2.1609821255832694e-07,1.8056219491912147e-07,1.8300517467753343e-07,1.4912377333347972e-09,5.272321568011457e-10,0.835556170416662,0.8468611216677168,-67.40108163130964,standard-halo-model-uncompensated,scale_dependent_camb
0,0.44933801,0.49256256,2220,2239,2229.5149103139015,2.1438732431728736e-07,1.8007978659990232e-07,1.8251584219131968e-07,1.7362809067170538e-09,6.13868001592178e-10,0.8399740384528946,0.8513369098314845,-55.88748334886688,standard-halo-model-uncompensated,scale_dependent_camb
0,0.44933801,0.49256256,2240,2259,2249.514777777778,2.1270240403899753e-07,1.7831336020391844e-07,1.807265945773359e-07,1.1501357533301822e-09,4.0663439523243507e-10,0.8383232009508736,0.8496687914453516,-84.56993367573364,standard-halo-model-uncompensated,scale_dependent_camb
0,0.44933801,0.49256256,2260,2279,2269.5146475770925,2.1104252439147847e-07,1.7743895773843957e-07,1.7983842647427702e-07,1.6520085680627341e-09,5.840732305277186e-10,0.8407734803687945,0.8521430787128065,-57.5331395049172,standard-halo-model-uncompensated,scale_dependent_camb
0,0.44933801,0.49256256,2280,2299,2289.514519650655,2.0940681734591178e-07,1.753621524858893e-07,1.7773326220211203e-07,1.9355207513671134e-09,6.843099242094837e-10,0.8374233213057946,0.8487463037486535,-49.75035967708775,standard-halo-model-uncompensated,scale_dependent_camb
0,0.44933801,0.49256256,2300,2319,2309.514393939394,2.0779444266341945e-07,1.7433474138673793e-07,1.7669371892726453e-07,1.3025071068225112e-09,4.6050580388893423e-10,0.8389769194603593,0.8503293767748585,-72.65858756636085,standard-halo-model-uncompensated,scale_dependent_camb
0,0.44933801,0.49256256,2320,2339,2329.514270386266,2.0620461511698387e-07,1.7275742213198082e-07,1.7509490157221658e-07,1.2174648839129606e-09,4.304388376356736e-10,0.8377960989572042,0.8491318270101853,-77.70486782448053,standard-halo-model-uncompensated,scale_dependent_camb
0,0.44933801,0.49256256,2340,2359,2349.5141489361704,2.046365751469778e-07,1.7220454614611172e-07,1.7453422775533729e-07,1.4870378592058192e-09,5.257472770627805e-10,0.8415140158714436,0.8528984988630706,-61.68748829676449,standard-halo-model-uncompensated,scale_dependent_camb
0,0.44933801,0.49256256,2360,2379,2369.514029535865,2.0308960675974234e-07,1.707752510350337e-07,1.7308548526360603e-07,1.3331048114927928e-09,4.713237261194839e-10,0.8408862164820825,0.8522616593982991,-68.56085092672951,standard-halo-model-uncompensated,scale_dependent_camb
0,0.44933801,0.49256256,2380,2399,2389.513912133891,2.015630263051095e-07,1.697069770941097e-07,1.7200291578807963e-07,1.3697798052905987e-09,4.842902945266855e-10,0.8419548972102714,0.8533455710657757,-65.7788305300107,standard-halo-model-uncompensated,scale_dependent_camb
0,0.44933801,0.49256256,2400,2419,2409.5137966804978,2.0005617781758686e-07,1.6891528918498757e-07,1.7120047512736422e-07,1.4880870328688514e-09,5.261182159686668e-10,0.8443392802346056,0.8557620014287509,-59.18990768123091,standard-halo-model-uncompensated,scale_dependent_camb
0,0.44933801,0.49256256,2420,2439,2429.513683127572,1.985684443553184e-07,1.675343947390706e-07,1.6979996462382997e-07,1.6058932288251904e-09,5.67768995981926e-10,0.8437110704220684,0.8551205866325362,-54.65964122006356,standard-halo-model-uncompensated,scale_dependent_camb
0,0.44933801,0.49256256,2440,2459,2449.5135714285716,1.9709923303409737e-07,1.6609844336717963e-07,1.683442714191681e-07,1.638595651127837e-09,5.793310482676398e-10,0.8427148132963321,0.8541092160924098,-53.51135548425842,standard-halo-model-uncompensated,scale_dependent_camb
0,0.44933801,0.49256256,2460,2479,2469.5134615384613,1.956479749623251e-07,1.652306509374947e-07,1.6746560306631759e-07,1.5121901871022562e-09,5.346399678718797e-10,0.8445303406248508,0.8559536744429149,-56.89309788399429,standard-halo-model-uncompensated,scale_dependent_camb
0,0.44933801,0.49256256,2480,2499,2489.513353413655,1.9421413635475964e-07,1.6409089403946236e-07,1.663119441587843e-07,1.223453105397124e-09,4.325559936450231e-10,0.8448967573592433,0.8563328462094641,-69.6400992191959,standard-halo-model-uncompensated,scale_dependent_camb
0,0.44933801,0.49256256,2500,2519,2509.513247011952,1.9279720256892661e-07,1.6334942219450233e-07,1.655598795947827e-07,1.154552093037322e-09,4.08195807109906e-10,0.847260333749415,0.8587255281133742,-72.14131027684837,standard-halo-model-uncompensated,scale_dependent_camb
0,0.44933801,0.49256256,2520,2539,2529.51314229249,1.9139668250154228e-07,1.6203181073299095e-07,1.6422444900173177e-07,1.2473806491756317e-09,4.410156578764835e-10,0.8465758581352908,0.8580318470274868,-66.58464669926897,standard-halo-model-uncompensated,scale_dependent_camb
0,0.44933801,0.49256256,2540,2559,2549.513039215686,1.9001210734714373e-07,1.609679275425941e-07,1.6314594734563168e-07,1.097966612409684e-09,3.8818981857565455e-10,0.8471456360857722,0.8586081677814942,-74.81953007195935,standard-halo-model-uncompensated,scale_dependent_camb
0,0.44933801,0.49256256,2560,2579,2569.512937743191,1.886430336078179e-07,1.603110272277637e-07,1.62481653752849e-07,7.040355315666125e-10,2.4891414928351363e-10,0.8498115417346637,0.8613180706722652,-113.82240206756585,standard-halo-model-uncompensated,scale_dependent_camb
0,0.44933801,0.49256256,2580,2599,2589.5128378378377,1.8728903368479624e-07,1.5903782147196902e-07,1.611896654593382e-07,1.2123192958625261e-09,4.286195975338463e-10,0.8491571468067187,0.8606465754456143,-65.91208702396382,standard-halo-model-uncompensated,scale_dependent_camb
0,0.44933801,0.49256256,2600,2619,2609.5127394636015,1.8594970110914702e-07,1.577146527049168e-07,1.5984806090959061e-07,1.4808611220554806e-09,5.235634707004749e-10,0.8481576026430014,0.8596306418140705,-53.92860652874539,standard-halo-model-uncompensated,scale_dependent_camb
0,0.44933801,0.49256256,2620,2639,2629.5126425855515,1.8462464621030048e-07,1.57063326119144e-07,1.5918940546039073e-07,8.687720322112716e-10,3.0715729764090387e-10,0.8507170052487889,0.8622326906401369,-89.73031180713893,standard-halo-model-uncompensated,scale_dependent_camb
0,0.44933801,0.49256256,2640,2659,2649.512547169811,1.833134969613754e-07,1.5611696123838396e-07,1.5822883097371236e-07,1.2387428424695287e-09,4.3796173202825147e-10,0.8516392072934934,0.8631597432623936,-62.097972800137434,standard-halo-model-uncompensated,scale_dependent_camb
0,0.44933801,0.49256256,2660,2679,2669.5124531835204,1.82015900463004e-07,1.5511595412447527e-07,1.572152699867352e-07,7.542748888512758e-10,2.6667644439273325e-10,0.8522110086530801,0.8637447035496236,-100.8711001820367,standard-halo-model-uncompensated,scale_dependent_camb
0,0.44933801,0.49256256,2680,2699,2689.5123605947956,1.8073151675508236e-07,1.54238555711104e-07,1.5632452474728218e-07,1.391538197946156e-09,4.919830480239176e-10,0.8534126115929177,0.8649544227481075,-53.849337188322025,standard-halo-model-uncompensated,scale_dependent_camb
0,0.44933801,0.49256256,2700,2719,2709.512269372694,1.794600214793408e-07,1.5298217382164687e-07,1.550526899865348e-07,8.356266822522816e-10,2.9543864678050237e-10,0.8524582386682594,0.8639957173101321,-89.62215318216572,standard-halo-model-uncompensated,scale_dependent_camb
0,0.44933801,0.49256256,2720,2739,2729.5121794871793,1.782011050055139e-07,1.5248419901721251e-07,1.5454580038840593e-07,1.549203950567138e-09,5.477263094435061e-10,0.8556860464613525,0.8672550059867696,-46.9521101048258,standard-halo-model-uncompensated,scale_dependent_camb
0,0.44933801,0.49256256,2740,2759,2749.512090909091,1.7695447165792628e-07,1.515810578455808e-07,1.5363209497304774e-07,1.219548152058647e-09,4.31175384152096e-10,0.8566104966174845,0.868201258400729,-58.8470834489825,standard-halo-model-uncompensated,scale_dependent_camb
0,0.44933801,0.49256256,2760,2779,2769.5120036101084,1.7571983744274304e-07,1.5064687371022003e-07,1.5268571748189443e-07,7.72103647674423e-10,2.729798625247267e-10,0.8573128447111565,0.868915654054403,-91.84913312150228,standard-halo-model-uncompensated,scale_dependent_camb
0,0.44933801,0.49256256,2780,2799,2789.511917562724,1.7449693143256625e-07,1.49517726694585e-07,1.515401034739867e-07,1.2751575327920616e-09,4.50836269259187e-10,0.8568501776340155,0.8684399331832884,-55.40637797182335,standard-halo-model-uncompensated,scale_dependent_camb
0,0.44933801,0.49256256,2800,2819,2809.5118327402133,1.7328549465015602e-07,1.4872065201484437e-07,1.5073250161177653e-07,1.1247869862883556e-09,3.9767225269743823e-10,0.8582406295177486,0.8698506583952024,-61.77157814930923,standard-halo-model-uncompensated,scale_dependent_camb
0,0.44933801,0.49256256,2820,2839,2829.511749116608,1.7208527908410616e-07,1.4809216572753874e-07,1.5009474079120075e-07,1.3593040682088818e-09,4.805865621624808e-10,0.8605742833770176,0.8722113918753178,-49.92464468545757,standard-halo-model-uncompensated,scale_dependent_camb
0,0.44933801,0.49256256,2840,2859,2849.5116666666668,1.7089604698609975e-07,1.4709861979836924e-07,1.4908842899268617e-07,1.425929564827887e-09,5.041422323920907e-10,0.8607491067966825,0.8723924960348126,-47.203796188259695,standard-halo-model-uncompensated,scale_dependent_camb
0,0.44933801,0.49256256,2860,2879,2869.5115853658535,1.697175709614621e-07,1.454320369260575e-07,1.4739912420310252e-07,1.1876064546846192e-09,4.1988228874420424e-10,0.8569061889241913,0.8684965461624038,-57.8389103004046,standard-halo-model-uncompensated,scale_dependent_camb
0,0.44933801,0.49256256,2880,2899,2889.5115051903113,1.6854963343124515e-07,1.4515282106572165e-07,1.4711602602197158e-07,1.2019105981134455e-09,4.2493956715299827e-10,0.8611874028485055,0.872835039905223,-55.05915234553705,standard-halo-model-uncompensated,scale_dependent_camb
0,0.44933801,0.49256256,2900,2919,2909.5114261168383,1.6739202604108172e-07,1.4478773850465616e-07,1.467468552457579e-07,9.57451511034406e-10,3.385102280548675e-10,0.8649619813378807,0.8766657451755973,-66.77578892169171,standard-halo-model-uncompensated,scale_dependent_camb
0,0.44933801,0.49256256,2920,2939,2929.511348122867,1.6624454862616979e-07,1.4357122052377334e-07,1.455145732469201e-07,7.56048835403677e-10,2.6730362921106593e-10,0.8636146069764885,0.8753043299731609,-84.82237285485311,standard-halo-model-uncompensated,scale_dependent_camb
0,0.44933801,0.49256256,2940,2959,2949.511271186441,1.6510701004228837e-07,1.4240973936792466e-07,1.443366905635197e-07,1.1459634950447106e-09,4.051592791691757e-10,0.8625299394098995,0.8742008623773829,-56.02061174782171,standard-halo-model-uncompensated,scale_dependent_camb
0,0.44933801,0.49256256,2960,2979,2969.5111952861953,1.6397922711769781e-07,1.4192514919102883e-07,1.4384453045254198e-07,1.2334708440004e-09,4.3609779909428846e-10,0.8655068796559248,0.8772119065379913,-50.57140387425042,standard-halo-model-uncompensated,scale_dependent_camb
0,0.44933801,0.49256256,2980,2999,2989.511120401338,1.6286102374206552e-07,1.409728659756953e-07,1.4288005086473047e-07,9.852292811502706e-10,3.483311528624519e-10,0.8656022339572418,0.8773127393023126,-62.837209897827755,standard-halo-model-uncompensated,scale_dependent_camb
0,0.44933801,0.49256256,3000,3019,3009.5110465116277,1.6175223074876428e-07,1.398470654822118e-07,1.417384371296505e-07,1.2256555268429937e-09,4.333346672147256e-10,0.8645758073001424,0.876268824692752,-50.55022578126216,standard-halo-model-uncompensated,scale_dependent_camb
0,0.44933801,0.49256256,3020,3039,3029.5109735973597,1.606526865799416e-07,1.3953215260562814e-07,1.4142010642219356e-07,8.65149895496006e-10,3.058766789240294e-10,0.8685329550103491,0.8802847274628189,-69.04918037101864,standard-halo-model-uncompensated,scale_dependent_camb
0,0.44933801,0.49256256,3040,3059,3049.5109016393444,1.5956223740423157e-07,1.38319152472302e-07,1.4019120742024073e-07,6.926774873290777e-10,2.448984742328248e-10,0.8668664636601153,0.8785989072407109,-86.74241437590084,standard-halo-model-uncompensated,scale_dependent_camb
0,0.44933801,0.49256256,3060,3079,3069.5108306188927,1.5848073347845203e-07,1.37936775807932e-07,1.398024732248202e-07,1.163079488207952e-09,4.11210696585411e-10,0.8703693678114299,0.8821417604293746,-49.959686946647594,standard-halo-model-uncompensated,scale_dependent_camb
0,0.44933801,0.49256256,3080,3099,3089.5107605177996,1.5740803102543313e-07,1.3669030140473764e-07,1.385400672136394e-07,1.071146347231572e-09,3.7870742288532236e-10,0.8683820038550127,0.8801334106723872,-54.706426039526264,standard-halo-model-uncompensated,scale_dependent_camb
0,0.44933801,0.49256256,3100,3119,3109.510691318328,1.5634399367676655e-07,1.360559206068424e-07,1.3789666617895378e-07,9.958439078704407e-10,3.5208399012925e-10,0.8702343940895565,0.8820080831761806,-57.622821936539665,standard-halo-model-uncompensated,scale_dependent_camb
0,0.44933801,0.49256256,3120,3139,3129.5106230031947,1.552884892867316e-07,1.3528679347686941e-07,1.371158756809817e-07,1.3059753394460655e-09,4.61732009292358e-10,0.8711965329707718,0.8829751407253685,-43.31884168159883,standard-halo-model-uncompensated,scale_dependent_camb
0,0.44933801,0.49256256,3140,3159,3149.5105555555556,1.542413907874138e-07,1.3454419041055705e-07,1.3636488172963554e-07,7.292954987694785e-10,2.5784489633436186e-10,0.8722962735469314,0.8841004417392936,-76.39166280535677,standard-halo-model-uncompensated,scale_dependent_camb
0,0.44933801,0.49256256,3160,3179,3169.5104889589907,1.5320257860570998e-07,1.3378940790737264e-07,1.3559969085551713e-07,9.272032604237666e-10,3.2781585649196086e-10,0.873284308429951,0.885100577872801,-59.21974277291684,standard-halo-model-uncompensated,scale_dependent_camb
0,0.44933801,0.49256256,3180,3199,3189.510423197492,1.5217193330242704e-07,1.327653036836119e-07,1.3456119120587786e-07,9.600606628467805e-10,3.3943270252470507e-10,0.872469060505091,0.8842707606168771,-57.17371801381652,standard-halo-model-uncompensated,scale_dependent_camb
0,0.44933801,0.49256256,3200,3219,3209.5103582554516,1.5114934373149667e-07,1.3213587414219672e-07,1.3392366066917235e-07,1.1447863176920392e-09,4.047430841248091e-10,0.8742073956796287,0.8860353433427788,-46.976638601283284,standard-halo-model-uncompensated,scale_dependent_camb
0,0.44933801,0.49256256,3220,3239,3229.510294117647,1.5013470017744055e-07,1.3139414983339286e-07,1.3317077607890327e-07,1.245037324840156e-09,4.4018716761241633e-10,0.8751750906226297,0.887008639052211,-42.57404968367614,standard-halo-model-uncompensated,scale_dependent_camb
0,0.44933801,0.49256256,3240,3259,3249.510230769231,1.491279014136416e-07,1.3044051557825262e-07,1.3220658769981227e-07,4.365422085371326e-10,1.543409779653792e-10,0.8746888700354263,0.8865315373352297,-121.0785760317057,standard-halo-model-uncompensated,scale_dependent_camb
0,0.44933801,0.49256256,3260,3279,3269.5101681957185,1.481288445392787e-07,1.297384523191932e-07,1.3149413219206758e-07,8.261249283776699e-10,2.920792694815506e-10,0.8758486756763366,0.8877010591762217,-62.9637024658717,standard-halo-model-uncompensated,scale_dependent_camb
0,0.44933801,0.49256256,3280,3299,3289.510106382979,1.4713743421413135e-07,1.28787962987659e-07,1.3053076268216868e-07,7.259523039245839e-10,2.566628984615354e-10,0.8752902595829686,0.8871349658864194,-71.49249594102237,standard-halo-model-uncompensated,scale_dependent_camb
0,0.44933801,0.49256256,3300,3319,3309.5100453172204,1.4615357618771767e-07,1.2831058151974157e-07,1.3004675511570143e-07,7.862222109538511e-10,2.779715284424742e-10,0.8779161267661436,0.8897952312071458,-64.19000812044922,standard-halo-model-uncompensated,scale_dependent_camb
0,0.44933801,0.49256256,3320,3339,3329.509984984985,1.4517718375179175e-07,1.2771605193978708e-07,1.294438617801034e-07,9.034125398594945e-10,3.1940456657180536e-10,0.8797253717095255,0.8916267586607308,-54.66775882203684,standard-halo-model-uncompensated,scale_dependent_camb
0,0.44933801,0.49256256,3340,3359,3349.509925373134,1.4420816765596996e-07,1.2698243911520624e-07,1.2870107208857773e-07,6.517833227912165e-10,2.304402037049848e-10,0.8805495637261112,0.8924672865659959,-74.75140302694976,standard-halo-model-uncompensated,scale_dependent_camb
0,0.44933801,0.49256256,3360,3379,3369.5098664688426,1.4324644473273827e-07,1.2631357864757562e-07,1.2802249147202683e-07,9.723595364384084e-10,3.437810109835032e-10,0.8817920673929807,0.8937219468928845,-49.25480333169187,standard-halo-model-uncompensated,scale_dependent_camb
0,0.44933801,0.49256256,3380,3399,3389.509808259587,1.4229193746108466e-07,1.2549620099763388e-07,1.27194734518886e-07,7.138092332783741e-10,2.5236967466235426e-10,0.8819628380698363,0.8938998005679163,-66.55211837920628,standard-halo-model-uncompensated,scale_dependent_camb
0,0.44933801,0.49256256,3400,3419,3409.509750733138,1.4134456530324966e-07,1.2449271401321215e-07,1.261767483799084e-07,9.150510132860559e-10,3.2351938831309584e-10,0.8807746781499347,0.8926890687958234,-52.089154155202024,standard-halo-model-uncompensated,scale_dependent_camb
0,0.44933801,0.49256256,3420,3439,3429.509693877551,1.404042532875547e-07,1.239824981782103e-07,1.2566109662908886e-07,4.902504997324945e-10,1.7332972642047027e-10,0.8830394754800494,0.894994942722489,-94.7428663765836,standard-halo-model-uncompensated,scale_dependent_camb
0,0.44933801,0.49256256,3440,3459,3449.5096376811593,1.3947093198756393e-07,1.2314539135458228e-07,1.2481089951045715e-07,1.0457581853924395e-09,3.6973135218616633e-10,0.882946644147776,0.8948882590215003,-44.15514274472845,standard-halo-model-uncompensated,scale_dependent_camb
0,0.44933801,0.49256256,3460,3479,3469.509582132565,1.3854452870993797e-07,1.2240761155530954e-07,1.2406356221612717e-07,8.311651193049892e-10,2.938612460731418e-10,0.8835254101703772,0.8954778898261028,-54.91338980646657,standard-halo-model-uncompensated,scale_dependent_camb
0,0.44933801,0.49256256,3480,3499,3489.5095272206304,1.376249757411429e-07,1.2198768831468825e-07,1.236376105867736e-07,1.0750808408139676e-09,3.8009847643164583e-10,0.8863775463556366,0.8983660845057807,-41.14009499132193,standard-halo-model-uncompensated,scale_dependent_camb
0,0.44933801,0.49256256,3500,3519,3509.509472934473,1.367122098745462e-07,1.2083179723944198e-07,1.2246683172001628e-07,7.270967307400179e-10,2.5706751444241794e-10,0.8838405680832981,0.8958002495343893,-61.77526036126731,standard-halo-model-uncompensated,scale_dependent_camb
0,0.44933801,0.49256256,3520,3539,3529.509419263456,1.35806164916325e-07,1.2042114298007176e-07,1.2205060756540364e-07,7.156825505311354e-10,2.530319923287249e-10,0.8867133760405317,0.8987118341836937,-60.802674771125,standard-halo-model-uncompensated,scale_dependent_camb
0,0.44933801,0.49256256,3540,3559,3549.509366197183,1.3490678224403007e-07,1.1991341195591488e-07,1.215354319802521e-07,8.720807928557556e-10,3.083271211854228e-10,0.8888612563525977,0.9008845215832751,-48.62812661588217,standard-halo-model-uncompensated,scale_dependent_camb
0,0.44933801,0.49256256,3560,3579,3569.5093137254903,1.3401400033060884e-07,1.1911501336262435e-07,1.2072627096169372e-07,8.505991775428473e-10,3.0073222325612366e-10,0.8888251456472525,0.9008481999184066,-49.542369642562456,standard-halo-model-uncompensated,scale_dependent_camb
0,0.44933801,0.49256256,3580,3599,3589.50926183844,1.331277613094709e-07,1.1823763189318967e-07,1.1983759241718625e-07,6.407509955369376e-10,2.265396869980999e-10,0.8881515825863893,0.9001698161107801,-65.72856885957528,standard-halo-model-uncompensated,scale_dependent_camb
0,0.44933801,0.49256256,3600,3619,3609.5092105263157,1.322480114931858e-07,1.17875211683069e-07,1.1946990244494774e-07,7.753449617468868e-10,2.7412584010502396e-10,0.8913193503037482,0.9033776848213974,-52.43139356950171,standard-halo-model-uncompensated,scale_dependent_camb
0,0.44933801,0.49256256,3620,3639,3629.5091597796145,1.3137469360870545e-07,1.1682214389084127e-07,1.1840291125371906e-07,7.248423333817179e-10,2.5627046461264645e-10,0.8892286686414022,0.9012611790089319,-56.78590289310321,standard-halo-model-uncompensated,scale_dependent_camb
0,0.44933801,0.49256256,3640,3659,3649.509109589041,1.3050775793403097e-07,1.1609479043655848e-07,1.1766636848263485e-07,6.643581560772971e-10,2.348860786494237e-10,0.8895623698879421,0.9016043976643351,-61.36152291504848,standard-halo-model-uncompensated,scale_dependent_camb
0,0.44933801,0.49256256,3660,3679,3669.5090599455043,1.2964714998515774e-07,1.1575558130643656e-07,1.1732262348347005e-07,4.680825028476205e-10,1.6549215595916193e-10,0.8928509521396226,0.9049379295796427,-83.94094933508009,standard-halo-model-uncompensated,scale_dependent_camb
0,0.44933801,0.49256256,3680,3699,3689.509010840108,1.2879282292257232e-07,1.1512341801726894e-07,1.1668095936121992e-07,7.85278161660078e-10,2.7763775661377355e-10,0.8938651658134619,0.9059585519867531,-49.234675686848746,standard-halo-model-uncompensated,scale_dependent_camb
0,0.44933801,0.49256256,3700,3719,3709.508962264151,1.2794472575754072e-07,1.14492808258196e-07,1.1604259384024118e-07,4.826466707985834e-10,1.7064136691939475e-10,0.894861492572687,0.906974423159463,-78.83151513723493,standard-halo-model-uncompensated,scale_dependent_camb
0,0.44933801,0.49256256,3720,3739,3729.508914209115,1.271028131882378e-07,1.135974496559097e-07,1.1513494866986071e-07,7.079326803261331e-10,2.502919994410885e-10,0.8937445742264821,0.9058410729221797,-53.95843080276674,standard-halo-model-uncompensated,scale_dependent_camb
0,0.44933801,0.49256256,3740,3759,3749.5088666666666,1.2626703727906448e-07,1.1293144212663922e-07,1.1445891687336865e-07,9.307865696467955e-10,3.290827476173069e-10,0.8943857760521292,0.9064829534283081,-40.523531692197196,standard-halo-model-uncompensated,scale_dependent_camb
0,0.44933801,0.49256256,3760,3779,3769.5088196286474,1.254373550943287e-07,1.1223819661380356e-07,1.1375805580407942e-07,3.5578854242652645e-10,1.2579024550913726e-10,0.8947748980309782,0.9068913779195483,-104.92990475613911,standard-halo-model-uncompensated,scale_dependent_camb
0,0.44933801,0.49256256,3780,3799,3789.5087730870714,1.2461372108558802e-07,1.1192840777887294e-07,1.134425761045734e-07,8.141263864550276e-10,2.878371443026249e-10,0.898202917012626,0.9103538126965812,-44.071147722957036,standard-halo-model-uncompensated,scale_dependent_camb
0,0.44933801,0.49256256,3800,3819,3809.5087270341205,1.2379609427977416e-07,1.111186272447023e-07,1.1262237360843085e-07,5.924004881173559e-10,2.0944520116300155e-10,0.8975939660388533,0.9097409273180206,-60.52880163726251,standard-halo-model-uncompensated,scale_dependent_camb
0,0.44933801,0.49256256,3820,3839,3829.508681462141,1.2298443096865138e-07,1.1037561536991017e-07,1.118690766290409e-07,7.739097259389468e-10,2.7361840761882586e-10,0.8974763268860009,0.9096198254359222,-46.081751986168925,standard-halo-model-uncompensated,scale_dependent_camb
0,0.44933801,0.49256256,3840,3859,3849.5086363636365,1.2217869249963977e-07,1.0986097003203433e-07,1.1134747411383859e-07,7.061595588836227e-10,2.4966510634315534e-10,0.899182728055125,0.9113493673552522,-49.33698043760746,standard-halo-model-uncompensated,scale_dependent_camb
0,0.44933801,0.49256256,3860,3879,3869.5085917312663,1.2137883681740985e-07,1.0932737288450532e-07,1.1080681554381262e-07,8.560709033499122e-10,3.026667704676082e-10,0.9007119836629054,0.9129006213043488,-39.81759845749005,standard-halo-model-uncompensated,scale_dependent_camb
0,0.44933801,0.49256256,3880,3899,3889.5085475578408,1.2058482724100726e-07,1.0850181187725453e-07,1.0996944119042662e-07,8.953595772154138e-10,3.1655741432466964e-10,0.8997965528482039,0.9119674813700718,-38.17005957522787,standard-halo-model-uncompensated,scale_dependent_camb
0,0.44933801,0.49256256,3900,3919,3909.5085038363172,1.1979662277901372e-07,1.0839417164909034e-07,1.098609590213789e-07,7.45519635558074e-10,2.6358099490541885e-10,0.9048182589340834,0.917062238257226,-43.25976208571081,standard-halo-model-uncompensated,scale_dependent_camb
0,0.44933801,0.49256256,3920,3939,3929.5084605597963,1.190141889335747e-07,1.075808192924129e-07,1.0903579409894875e-07,9.927949320876476e-10,3.5100601440340673e-10,0.9039327180766396,0.9161579394521171,-32.57314453883284,standard-halo-model-uncompensated,scale_dependent_camb
0,0.44933801,0.49256256,3940,3959,3949.508417721519,1.182374862360359e-07,1.068008870444448e-07,1.0824594826723449e-07,7.453731077970137e-10,2.635291895186799e-10,0.9032743374739854,0.9154960217197493,-43.39784603170279,standard-halo-model-uncompensated,scale_dependent_camb
0,0.44933801,0.49256256,3960,3979,3969.5083753148615,1.1746648071830952e-07,1.0613070159440042e-07,1.0756676471271907e-07,6.327163693636135e-10,2.236990176723717e-10,0.9034977548097924,0.9157230561003146,-50.67424632374298,standard-halo-model-uncompensated,scale_dependent_camb
0,0.44933801,0.49256256,3980,3999,3989.508333333333,1.1670113609493763e-07,1.0565339670926649e-07,1.0708276412605401e-07,7.327314240094196e-10,2.5905967935276804e-10,0.905333060539499,0.9175811625256246,-42.64553794427872,standard-halo-model-uncompensated,scale_dependent_camb
0,0.44933801,0.49256256,4000,4019,4009.5082917705736,1.159414172671938e-07,1.0533676963329886e-07,1.0676151867419197e-07,8.452767766169956e-10,2.9885047036269205e-10,0.908534431578873,0.9208229568917015,-35.484794857524875,standard-halo-model-uncompensated,scale_dependent_camb
0,0.44933801,0.49256256,4020,4039,4029.5082506203476,1.1518729159077846e-07,1.0455084766163101e-07,1.0596590521455097e-07,5.786791941244709e-10,2.0459399114848996e-10,0.9076595709278837,0.9199444118454667,-51.9880562935387,standard-halo-model-uncompensated,scale_dependent_camb
0,0.44933801,0.49256256,4040,4059,4049.5082098765433,1.1443872299475022e-07,1.0397429195970928e-07,1.0538192117801096e-07,4.843410884186813e-10,1.7124043401406137e-10,0.9085586525155389,0.9208589402281715,-61.10958019518718,standard-halo-model-uncompensated,scale_dependent_camb
0,0.44933801,0.49256256,4060,4079,4069.5081695331696,1.1369568065247561e-07,1.0337590391761859e-07,1.0477436820320939e-07,7.259038427148439e-10,2.5664576483651953e-10,0.9092333439965882,0.9215334092019267,-40.21019688920487,standard-halo-model-uncompensated,scale_dependent_camb
0,0.44933801,0.49256256,4080,4096,4088.005870123517,1.1301327767316418e-07,1.027521704712038e-07,1.0414295613760163e-07,7.010786875656254e-10,2.478687470615093e-10,0.9092044101965112,0.9215108019323568,-41.397341631835765,standard-halo-model-uncompensated,scale_dependent_camb
1,0.40720486,0.44933801,20,39,30.608333333333334,3.0712992651237914e-05,3.025751719159505e-05,2.9871997809506945e-05,1.0691901954545939e-06,3.780158187920567e-07,0.9851699420888409,0.972617619804071,-1.2049111095359124,standard-halo-model-uncompensated,scale_dependent_camb
1,0.40720486,0.44933801,40,59,50.165,2.4847597863682766e-05,2.4701787617141537e-05,2.4387940167953877e-05,9.389108384630652e-07,3.3195511040339024e-07,0.9941318171945166,0.981500920199585,-0.439246879989412,standard-halo-model-uncompensated,scale_dependent_camb
1,0.40720486,0.44933801,60,79,69.975,2.0551415932436337e-05,2.007614246534384e-05,1.9820807892038567e-05,7.497610289917338e-07,2.6508055393472927e-07,0.976873930796059,0.9644497467814541,-1.7929397688278748,standard-halo-model-uncompensated,scale_dependent_camb
1,0.40720486,0.44933801,80,99,89.86944444444444,1.6885897145736544e-05,1.673588124052457e-05,1.652350998105345e-05,3.7748257932977137e-07,1.334602458119351e-07,0.9911159055442992,0.9785390636010957,-1.1240493699027543,standard-halo-model-uncompensated,scale_dependent_camb
1,0.40720486,0.44933801,100,119,109.80227272727272,1.3335631063194854e-05,1.3099230002399643e-05,1.2932741679466799e-05,2.594493124205312e-07,9.172918409337238e-08,0.982272975333904,0.969788502559883,-2.5771630166749944,standard-halo-model-uncompensated,scale_dependent_camb
1,0.40720486,0.44933801,120,139,129.75576923076923,1.0955709276793806e-05,1.065504584534964e-05,1.0519784262425512e-05,1.649029741332959e-07,5.830200562374168e-08,0.9725564613072541,0.960210242590896,-5.1569998017654815,standard-halo-model-uncompensated,scale_dependent_camb
1,0.40720486,0.44933801,140,159,149.72166666666666,9.471491270813109e-06,9.166059848071926e-06,9.049627607897085e-06,1.0389802549994573e-07,3.673349919145223e-08,0.9677525519468739,0.9554596366238527,-8.314792477277958,standard-halo-model-uncompensated,scale_dependent_camb
1,0.40720486,0.44933801,160,179,169.6955882352941,8.01456071380261e-06,7.811188772620999e-06,7.71211758316272e-06,1.4111454292283907e-07,4.9891525112389816e-08,0.9746246926757488,0.9622632928441074,-4.076282308938808,standard-halo-model-uncompensated,scale_dependent_camb
1,0.40720486,0.44933801,180,199,189.675,6.707199665314879e-06,6.552267769085094e-06,6.468950343067882e-06,7.757581488253139e-08,2.7427192379755118e-08,0.9769006584027924,0.9644785701730244,-5.648842728216886,standard-halo-model-uncompensated,scale_dependent_camb
1,0.40720486,0.44933801,200,219,209.65833333333333,5.849955779748331e-06,5.733038882548408e-06,5.660292309454605e-06,7.87572187456933e-08,2.7844881721236002e-08,0.9800140545327416,0.9675786488933279,-4.198864924994666,standard-halo-model-uncompensated,scale_dependent_camb
1,0.40720486,0.44933801,220,239,229.64456521739132,5.210445468650006e-06,5.053267165257128e-06,4.989007913785012e-06,6.981322802156266e-08,2.468270347528483e-08,0.9698339989663874,0.957501223993739,-6.367953313957817,standard-halo-model-uncompensated,scale_dependent_camb
1,0.40720486,0.44933801,240,259,249.633,4.55936718740566e-06,4.470350849593569e-06,4.413536574748819e-06,5.237227667251125e-08,1.851639599065537e-08,0.9804761638724819,0.968015163801751,-4.80743325304852,standard-halo-model-uncompensated,scale_dependent_camb
1,0.40720486,0.44933801,260,279,269.6231481481482,4.000008895647529e-06,3.958489842046621e-06,3.908137887460746e-06,5.060745583205075e-08,1.7892437598720887e-08,0.9896202596834008,0.9770322990314473,-2.3204805589975126,standard-halo-model-uncompensated,scale_dependent_camb
1,0.40720486,0.44933801,280,299,289.6146551724138,3.6020397792850215e-06,3.5591063806015063e-06,3.5138698621111134e-06,6.778597745006176e-08,2.3965962162148532e-08,0.9880808093984911,0.9755222255786944,-1.7914322985673221,standard-halo-model-uncompensated,scale_dependent_camb
1,0.40720486,0.44933801,300,319,309.60725806451615,3.2681669112608788e-06,3.2122932514013546e-06,3.171474712196961e-06,3.179332199245109e-08,1.124063678865478e-08,0.9829036700460418,0.970413934878677,-4.970684571528694,standard-halo-model-uncompensated,scale_dependent_camb
1,0.40720486,0.44933801,320,339,329.6007575757576,2.9414227326415167e-06,2.9412729382868744e-06,2.9038871764146064e-06,5.4661531818147115e-08,1.9325769909328028e-08,0.9999490741833943,0.9872389793516004,-0.007751016148134017,standard-halo-model-uncompensated,scale_dependent_camb
1,0.40720486,0.44933801,340,359,349.595,2.6629998578418677e-06,2.6598127119135686e-06,2.6259818255700857e-06,3.360349773538063e-08,1.1880630560137217e-08,0.9988031745781308,0.986099123451782,-0.2682640380210814,standard-halo-model-uncompensated,scale_dependent_camb
1,0.40720486,0.44933801,360,379,369.58986486486486,2.444926189315823e-06,2.4406814013929614e-06,2.409691480015111e-06,3.07996674994973e-08,1.0889326873592728e-08,0.998263838008112,0.9855886408944836,-0.3898117828711319,standard-halo-model-uncompensated,scale_dependent_camb
1,0.40720486,0.44933801,380,399,389.5852564102564,2.2523004577598473e-06,2.2619648069883275e-06,2.233216371752857e-06,1.928420770464865e-08,6.817997018883463e-09,1.0042908792187044,0.9915268471658656,1.4174763059756899,standard-halo-model-uncompensated,scale_dependent_camb
1,0.40720486,0.44933801,400,419,409.5810975609756,2.0711175998001916e-06,2.0732074675671953e-06,2.0468726375246704e-06,1.3599114824153249e-08,4.8080131551466326e-09,1.0010090531639562,0.9882937780655912,0.4346634877166814,standard-halo-model-uncompensated,scale_dependent_camb
1,0.40720486,0.44933801,420,439,429.57732558139537,1.914300285115157e-06,1.924514858484683e-06,1.9000397206364962e-06,3.170673775566999e-08,1.1210024638168891e-08,1.0053359305480705,0.9925505080945004,0.911199903588652,standard-halo-model-uncompensated,scale_dependent_camb
1,0.40720486,0.44933801,440,459,449.5738888888889,1.7824984639125858e-06,1.7946581626620683e-06,1.7718451023405344e-06,1.9729544418441746e-08,6.9754473240006785e-09,1.0068217162570743,0.9940233544164367,1.743214188951604,standard-halo-model-uncompensated,scale_dependent_camb
1,0.40720486,0.44933801,460,479,469.5707446808511,1.6637883988468918e-06,1.6813164391820002e-06,1.6599533920941514e-06,1.6902533754345645e-08,5.9759481184661595e-09,1.010535017762629,0.997695015330436,2.933097809357702,standard-halo-model-uncompensated,scale_dependent_camb
1,0.40720486,0.44933801,480,499,489.5678571428571,1.55439115170443e-06,1.5708050463278396e-06,1.5508328269030264e-06,1.7854337781682205e-08,6.3124616595113334e-09,1.0105596938102814,0.9977107919087793,2.6002367236049553,standard-halo-model-uncompensated,scale_dependent_camb
1,0.40720486,0.44933801,500,519,509.56519607843137,1.4576465765962028e-06,1.4791967827465583e-06,1.4604262768118868e-06,1.1306556986267144e-08,3.997471558430815e-09,1.0147842463985186,1.001906978179975,5.390959218935604,standard-halo-model-uncompensated,scale_dependent_camb
1,0.40720486,0.44933801,520,539,529.5627358490566,1.372730946216731e-06,1.3914702723129824e-06,1.3737791356045464e-06,1.3970628128974084e-08,4.939362943716551e-09,1.0136511281747507,1.0007635796298642,3.7938751028794115,standard-halo-model-uncompensated,scale_dependent_camb
1,0.40720486,0.44933801,540,559,549.5604545454545,1.2955617800850821e-06,1.3137431161719906e-06,1.297072991783612e-06,8.12089624941567e-09,2.8711704036371097e-09,1.014033553911813,1.0011664528251447,6.3323779263943845,standard-halo-model-uncompensated,scale_dependent_camb
1,0.40720486,0.44933801,560,579,569.5583333333333,1.224814910294426e-06,1.238549854015406e-06,1.2228202740430196e-06,1.068739490857832e-08,3.778564706537156e-09,1.0112138933038284,0.9983714794499627,3.634963216910776,standard-halo-model-uncompensated,scale_dependent_camb
1,0.40720486,0.44933801,580,599,589.5563559322034,1.1610787861658034e-06,1.1752928413864969e-06,1.160354814297149e-06,1.4701737470433616e-08,5.197849130283984e-09,1.0122421108628055,0.999376466199124,2.7346032684709445,standard-halo-model-uncompensated,scale_dependent_camb
1,0.40720486,0.44933801,600,619,609.5545081967213,1.1036741538334083e-06,1.1156023029750965e-06,1.101444509192219e-06,8.47503539022319e-09,2.9963774976113973e-09,1.010807672808372,0.9979797980831163,3.9808566014118556,standard-halo-model-uncompensated,scale_dependent_camb
1,0.40720486,0.44933801,620,639,629.5527777777778,1.0511360965381055e-06,1.0593942873077242e-06,1.0459253244205715e-06,1.1210363069945156e-08,3.963461873160731e-09,1.0078564429447499,0.995042723644735,2.0835802220126065,standard-halo-model-uncompensated,scale_dependent_camb
1,0.40720486,0.44933801,640,659,649.5511538461539,1.0028434370494308e-06,1.0061888155013291e-06,9.934070522338002e-07,1.0944797583805524e-08,3.869570295111513e-09,1.003335893050007,0.990590370872452,0.8645348699633637,standard-halo-model-uncompensated,scale_dependent_camb
1,0.40720486,0.44933801,660,679,669.5496268656716,9.587023384148776e-07,9.587628079643151e-07,9.465763100870777e-07,8.647995693782569e-09,3.057528199372858e-09,1.000063074373572,0.9873516232912823,0.019777266306138658,standard-halo-model-uncompensated,scale_dependent_camb
1,0.40720486,0.44933801,680,699,689.5481884057971,9.183494270510724e-07,9.210835935706911e-07,9.09389599538798e-07,7.1148676822840085e-09,2.5154855926940184e-09,1.0029772616381964,0.9902435530002501,1.0869338816965928,standard-halo-model-uncompensated,scale_dependent_camb
1,0.40720486,0.44933801,700,719,709.5468309859154,8.811338440840704e-07,8.798726244525101e-07,8.686784490162318e-07,1.0760928095849585e-08,3.8045626142180415e-09,0.9985686401220109,0.985864355169803,-0.33150187273748083,standard-halo-model-uncompensated,scale_dependent_camb
1,0.40720486,0.44933801,720,739,729.5455479452055,8.46737095198047e-07,8.467866302859347e-07,8.360282527222886e-07,5.0689281413415804e-09,1.792136731044977e-09,1.0000585011429979,0.9873528128902235,0.027640239179095846,standard-halo-model-uncompensated,scale_dependent_camb
1,0.40720486,0.44933801,740,759,749.5443333333334,8.149688754953665e-07,8.084695986134347e-07,7.982031761169613e-07,5.162861419224372e-09,1.8253471599299782e-09,0.9920251225815448,0.9794278040763037,-3.5605702984089125,standard-halo-model-uncompensated,scale_dependent_camb
1,0.40720486,0.44933801,760,779,769.5431818181818,7.856083085809835e-07,7.745862139880143e-07,7.647401008527824e-07,7.3938761641003425e-09,2.614129987444465e-09,0.9859699872409979,0.9734368800580857,-4.216352915083706,standard-halo-model-uncompensated,scale_dependent_camb
1,0.40720486,0.44933801,780,799,789.5420886075949,7.583784318130096e-07,7.43658633316247e-07,7.342123775282721e-07,3.3837924019069655e-09,1.1963512767579653e-09,0.9805904310047784,0.9681345707222117,-12.30391004943988,standard-halo-model-uncompensated,scale_dependent_camb
1,0.40720486,0.44933801,800,819,809.5410493827161,7.330569114089707e-07,7.154294124327666e-07,7.063375535789772e-07,6.539305344806777e-09,2.311993576781153e-09,0.9759534373090853,0.9635507729152466,-7.624371950351929,standard-halo-model-uncompensated,scale_dependent_camb
1,0.40720486,0.44933801,820,839,829.5400602409638,7.094702917774751e-07,6.898842006819892e-07,6.811168747312201e-07,4.297192037665261e-09,1.519286814946972e-09,0.9723933597749164,0.9600357937818373,-12.891635011108466,standard-halo-model-uncompensated,scale_dependent_camb
1,0.40720486,0.44933801,840,859,849.5391176470588,6.874648446981927e-07,6.709158782132521e-07,6.623899306279956e-07,4.969907269301218e-09,1.7571275659956042e-09,0.9759275450772965,0.9635255325947536,-9.41819296743193,standard-halo-model-uncompensated,scale_dependent_camb
1,0.40720486,0.44933801,860,879,869.5382183908046,6.669029409915821e-07,6.462083002044916e-07,6.379935863590023e-07,6.270651543995611e-09,2.2170101146085953e-09,0.9689690365492756,0.9566513313172739,-9.334481900071982,standard-halo-model-uncompensated,scale_dependent_camb
1,0.40720486,0.44933801,880,899,889.5373595505617,6.476610364136032e-07,6.250582273042893e-07,6.171155509500066e-07,6.188976803426511e-09,2.188133733154564e-09,0.9651008662888291,0.9528372346856915,-10.329720147738914,standard-halo-model-uncompensated,scale_dependent_camb
1,0.40720486,0.44933801,900,919,909.5365384615385,6.296280968005867e-07,6.040832992421288e-07,5.964074921804894e-07,3.892342300038461e-09,1.3761508175282193e-09,0.9594287521661404,0.9472377348010586,-18.562498552549886,standard-halo-model-uncompensated,scale_dependent_camb
1,0.40720486,0.44933801,920,939,929.535752688172,6.127040734908263e-07,5.851704322554007e-07,5.77737770332997e-07,3.1794471703071043e-09,1.1241043272742665e-09,0.9550620888179261,0.9429311723706815,-24.493848628969626,standard-halo-model-uncompensated,scale_dependent_camb
1,0.40720486,0.44933801,940,959,949.535,5.967986956632681e-07,5.666459919951526e-07,5.59444323723795e-07,4.989461151911978e-09,1.764040907491901e-09,0.949475922304749,0.937408757406954,-17.092973037108486,standard-halo-model-uncompensated,scale_dependent_camb
1,0.40720486,0.44933801,960,979,969.5342783505155,5.818303656957455e-07,5.49885590938288e-07,5.428994615670411e-07,5.529068565424159e-09,1.9548209381283994e-09,0.9450960681310293,0.9330889097165782,-16.341534988898935,standard-halo-model-uncompensated,scale_dependent_camb
1,0.40720486,0.44933801,980,999,989.5335858585859,5.677250161204274e-07,5.344871081515402e-07,5.276975707240709e-07,3.776122552010632e-09,1.3350609315590844e-09,0.9414542128229264,0.929495012092499,-24.896173038388596,standard-halo-model-uncompensated,scale_dependent_camb
1,0.40720486,0.44933801,1000,1019,1009.5329207920792,5.544149868939628e-07,5.173156508718759e-07,5.107431917415149e-07,2.4091350802559493e-09,8.517578760216896e-10,0.9330838146531156,0.9212290501071888,-43.55619955681179,standard-halo-model-uncompensated,scale_dependent_camb
1,0.40720486,0.44933801,1020,1039,1029.532281553398,5.418387775294448e-07,5.060256488839837e-07,4.995965964718278e-07,2.44148375049733e-09,8.631948580667134e-10,0.933904456213426,0.9220392064772045,-41.48904307153933,standard-halo-model-uncompensated,scale_dependent_camb
1,0.40720486,0.44933801,1040,1059,1049.5316666666668,5.299405896813139e-07,4.929492799216737e-07,4.866884434715977e-07,3.7229861738291273e-09,1.3162743848891671e-09,0.930197251390226,0.9183830281131582,-28.10303853383495,standard-halo-model-uncompensated,scale_dependent_camb
1,0.40720486,0.44933801,1060,1079,1069.5310747663552,5.186696895173474e-07,4.778292192071788e-07,4.7175675468505395e-07,3.980268402845224e-09,1.407237389297203e-09,0.9212591922458915,0.9095514239979039,-29.02173479811034,standard-halo-model-uncompensated,scale_dependent_camb
1,0.40720486,0.44933801,1080,1099,1089.530504587156,5.079798804921499e-07,4.671613145763095e-07,4.612253851036779e-07,4.5484761845419465e-09,1.6081291770775622e-09,0.9196453098175978,0.9079599464782454,-25.382641206734142,standard-halo-model-uncompensated,scale_dependent_camb
1,0.40720486,0.44933801,1100,1119,1109.529954954955,4.978290485882714e-07,4.5542927288901444e-07,4.4964170822434594e-07,2.9691189932505986e-09,1.0497420871386366e-09,0.914830651567053,0.9032050449836673,-40.39065997137385,standard-halo-model-uncompensated,scale_dependent_camb
1,0.40720486,0.44933801,1120,1139,1129.529424778761,4.88178720791547e-07,4.433431593203517e-07,4.377110788809248e-07,2.7096652994115854e-09,9.580113539799043e-10,0.9081574850323306,0.8966205617713272,-46.80065772178294,standard-halo-model-uncompensated,scale_dependent_camb
1,0.40720486,0.44933801,1140,1159,1149.5289130434783,4.789937127506989e-07,4.36137818910404e-07,4.3060005786114547e-07,3.791230344653072e-09,1.3404023428721993e-09,0.9105293186539172,0.8989680791181057,-31.972410424517573,standard-halo-model-uncompensated,scale_dependent_camb
1,0.40720486,0.44933801,1160,1179,1169.5284188034188,4.702417885162493e-07,4.246646402984948e-07,4.1926828538341454e-07,4.074947352932703e-09,1.440711453118443e-09,0.9030772055338515,0.8916015029339032,-31.635167554961832,standard-halo-model-uncompensated,scale_dependent_camb
1,0.40720486,0.44933801,1180,1199,1189.5279411764707,4.618933825535346e-07,4.165019116450639e-07,4.1120623471454284e-07,3.5361556314441176e-09,1.2502198131625667e-09,0.9017273842341534,0.8902622342005149,-36.306792158130996,standard-halo-model-uncompensated,scale_dependent_camb
1,0.40720486,0.44933801,1200,1219,1209.527479338843,4.539213519373777e-07,4.0705519102366977e-07,4.0187968550935603e-07,3.764621291955388e-09,1.3309946220704582e-09,0.8967526847686744,0.8853509177175669,-35.21138262813131,standard-halo-model-uncompensated,scale_dependent_camb
1,0.40720486,0.44933801,1220,1239,1229.5270325203253,4.46300733843421e-07,3.976910213461786e-07,3.9263709932281533e-07,4.510494427958846e-09,1.5947005982569188e-09,0.89108305496469,0.8797590269268235,-30.482030639716985,standard-halo-model-uncompensated,scale_dependent_camb
1,0.40720486,0.44933801,1240,1259,1249.5266,4.390085830453742e-07,3.9039073328707276e-07,3.854305163363647e-07,3.206613735329132e-09,1.133709158448577e-09,0.8892553548246311,0.8779566760691969,-42.88388198683379,standard-halo-model-uncompensated,scale_dependent_camb
1,0.40720486,0.44933801,1260,1279,1269.5261811023622,4.320237743872026e-07,3.82781057505717e-07,3.779153876658225e-07,3.188354878581669e-09,1.1272536777371547e-09,0.8860185022193903,0.8747559974028529,-43.68379350097597,standard-halo-model-uncompensated,scale_dependent_camb
1,0.40720486,0.44933801,1280,1299,1289.5257751937984,4.2532677789340114e-07,3.755084286352905e-07,3.707374049680912e-07,2.767277499663819e-09,9.7838034271862e-10,0.8828704143556263,0.8716531011856687,-50.919205019676355,standard-halo-model-uncompensated,scale_dependent_camb
1,0.40720486,0.44933801,1300,1319,1309.5253816793893,4.1889956428548063e-07,3.6857531395316536e-07,3.6389228915635953e-07,4.0511631091676105e-09,1.4323024530925974e-09,0.8798655939923126,0.8686862441049626,-35.13521199636027,standard-halo-model-uncompensated,scale_dependent_camb
1,0.40720486,0.44933801,1320,1339,1329.525,4.1272543585260036e-07,3.618348487336578e-07,3.5723651048792023e-07,2.3600164900572696e-09,8.343918319157848e-10,0.8766962665777704,0.8655548688196254,-60.99123358158537,standard-halo-model-uncompensated,scale_dependent_camb
1,0.40720486,0.44933801,1340,1359,1349.5246296296295,4.067889219560679e-07,3.5646579584173646e-07,3.5193434439890576e-07,3.3535575213077257e-09,1.1856616322079213e-09,0.8762917980353304,0.8651522335136592,-42.44307545030404,standard-halo-model-uncompensated,scale_dependent_camb
1,0.40720486,0.44933801,1360,1379,1369.5242700729927,4.010756942858581e-07,3.513927705652658e-07,3.469276212524219e-07,2.5503102432782813e-09,9.016708335757931e-10,0.8761258175740217,0.8649928833761656,-55.10095466165038,standard-halo-model-uncompensated,scale_dependent_camb
1,0.40720486,0.44933801,1380,1399,1389.5239208633093,3.955724430899926e-07,3.44548167251998e-07,3.401689877739847e-07,1.9243485394767772e-09,6.803599508152289e-10,0.8710115511600827,0.8599410644401141,-74.99600142080043,standard-halo-model-uncompensated,scale_dependent_camb
1,0.40720486,0.44933801,1400,1419,1409.5235815602837,3.90266810536418e-07,3.393767968884768e-07,3.3506636032682525e-07,3.415497853694684e-09,1.2075608467378048e-09,0.8696019946508048,0.8585571493160787,-42.14281523404744,standard-halo-model-uncompensated,scale_dependent_camb
1,0.40720486,0.44933801,1420,1439,1429.5232517482518,3.85147302836274e-07,3.3346933073144777e-07,3.292314514258302e-07,2.5346579288347996e-09,8.961369047336681e-10,0.8658228378486281,0.8548195690358668,-57.66749682090701,standard-halo-model-uncompensated,scale_dependent_camb
1,0.40720486,0.44933801,1440,1459,1449.5229310344828,3.8020322815419725e-07,3.2940693464560743e-07,3.2521988702473496e-07,2.751567265053265e-09,9.728259360050429e-10,0.8663969957456842,0.8553843390641519,-52.21519249084505,standard-halo-model-uncompensated,scale_dependent_camb
1,0.40720486,0.44933801,1460,1479,1469.522619047619,3.75424628167601e-07,3.2483068065745444e-07,3.2070000851414914e-07,3.165886416774401e-09,1.1193098768837795e-09,0.8652354062196477,0.854232739283633,-45.20101944512712,standard-halo-model-uncompensated,scale_dependent_camb
1,0.40720486,0.44933801,1480,1499,1489.5223154362416,3.708022193345833e-07,3.190070834947216e-07,3.149558134892241e-07,2.3260716224708317e-09,8.2239050888736e-10,0.8603160036830152,0.8493903139372321,-62.98119358154693,standard-halo-model-uncompensated,scale_dependent_camb
1,0.40720486,0.44933801,1500,1519,1509.5220198675497,3.6632734772713764e-07,3.1627356862758067e-07,3.122555695616754e-07,1.6937366724266942e-09,5.988263433086267e-10,0.8633632476250722,0.8523949180945724,-83.586468195438,standard-halo-model-uncompensated,scale_dependent_camb
1,0.40720486,0.44933801,1520,1539,1529.5217320261438,3.619919274947578e-07,3.1027734420731136e-07,3.063342943320242e-07,1.77622344734983e-09,6.279898222618056e-10,0.8571388493512874,0.8462462034777292,-82.34939716250194,standard-halo-model-uncompensated,scale_dependent_camb
1,0.40720486,0.44933801,1540,1559,1549.5214516129033,3.5778839887065843e-07,3.0706326572064804e-07,3.0316265773200166e-07,2.908065358783444e-09,1.0281563676647317e-09,0.8582258862776944,0.8473238894523125,-49.33601030475862,standard-halo-model-uncompensated,scale_dependent_camb
1,0.40720486,0.44933801,1560,1579,1569.521178343949,3.537096963437016e-07,3.004044752957141e-07,2.965879025283677e-07,1.7888888605494352e-09,6.324677220417909e-10,0.8492966927426537,0.8385065651131364,-84.28133039881095,standard-halo-model-uncompensated,scale_dependent_camb
1,0.40720486,0.44933801,1580,1599,1589.5209119496856,3.497492072703457e-07,2.984370081766831e-07,2.9464403220627345e-07,1.8089209805209697e-09,6.395501459784982e-10,0.8532885907186637,0.8424437456366338,-80.23170570175702,standard-halo-model-uncompensated,scale_dependent_camb
1,0.40720486,0.44933801,1600,1619,1609.520652173913,3.4590074048455963e-07,2.9501270813837905e-07,2.9126265758222634e-07,2.2233102892183206e-09,7.860588910940493e-10,0.8528825573634408,0.8420411508058849,-64.73819318467831,standard-halo-model-uncompensated,scale_dependent_camb
1,0.40720486,0.44933801,1620,1639,1629.520398773006,3.4215850938133506e-07,2.9116699237388974e-07,2.874669556131106e-07,2.0716089522229583e-09,7.324243690418061e-10,0.8509710686440495,0.8401572596656632,-69.62018081696947,standard-halo-model-uncompensated,scale_dependent_camb
1,0.40720486,0.44933801,1640,1659,1649.5201515151516,3.385170743991034e-07,2.8699474924289906e-07,2.83349057306919e-07,1.4681138296024772e-09,5.190566222328316e-10,0.8477999219163144,0.8370303264905844,-99.26147350662862,standard-halo-model-uncompensated,scale_dependent_camb
1,0.40720486,0.44933801,1660,1679,1669.5199101796406,3.3497134786807674e-07,2.842093734434989e-07,2.805996897760787e-07,1.7383684801859216e-09,6.146060702702088e-10,0.848458757002197,0.8376826602094593,-82.59269942169716,standard-halo-model-uncompensated,scale_dependent_camb
1,0.40720486,0.44933801,1680,1699,1689.519674556213,3.315165527852003e-07,2.8139512006029466e-07,2.7782047062434544e-07,1.4977438625945143e-09,5.295324208605568e-10,0.8488116737948199,0.8380289559910868,-94.65224554797234,standard-halo-model-uncompensated,scale_dependent_camb
1,0.40720486,0.44933801,1700,1719,1709.5194444444444,3.2814819821800956e-07,2.7920912184346234e-07,2.756617272159631e-07,1.4879967998474018e-09,5.260863137779898e-10,0.8508628825624881,0.8400525394103295,-93.0248042818306,standard-halo-model-uncompensated,scale_dependent_camb
1,0.40720486,0.44933801,1720,1739,1729.519219653179,3.2486207474922724e-07,2.747749440361342e-07,2.7128265837540996e-07,1.6521767701291163e-09,5.841326989385929e-10,0.845820320048879,0.8350702635412978,-85.74615118123774,standard-halo-model-uncompensated,scale_dependent_camb
1,0.40720486,0.44933801,1740,1759,1749.519,3.2165422174617767e-07,2.7294987450708023e-07,2.6948136401431494e-07,1.614603570758675e-09,5.708485669057363e-10,0.8485816633318408,0.8377983119617403,-85.31920733916802,standard-halo-model-uncompensated,scale_dependent_camb
1,0.40720486,0.44933801,1760,1779,1769.5187853107345,3.185209110692291e-07,2.6942163615871427e-07,2.6599714891653333e-07,2.162722765952403e-09,7.646379668157353e-10,0.8458522715331449,0.835101055135184,-64.21244698976204,standard-halo-model-uncompensated,scale_dependent_camb
1,0.40720486,0.44933801,1780,1799,1789.5185754189945,3.154586418527804e-07,2.6666511056754626e-07,2.632769257704288e-07,1.2801658222500058e-09,4.5260696697811576e-10,0.845325108233981,0.8345846042578728,-107.80552409745253,standard-halo-model-uncompensated,scale_dependent_camb
1,0.40720486,0.44933801,1800,1819,1809.5183701657459,3.124641134469681e-07,2.6391889277403607e-07,2.6056617288567194e-07,1.4795644810841132e-09,5.231050388886658e-10,0.8446374524824555,0.8339075166463736,-92.80205133574341,standard-halo-model-uncompensated,scale_dependent_camb
1,0.40720486,0.44933801,1820,1839,1829.518169398907,3.095342200860591e-07,2.612466593562307e-07,2.579256209436924e-07,1.962051307060958e-09,6.936898921293661e-10,0.8439992815127093,0.8332701336607692,-69.60972226595919,standard-halo-model-uncompensated,scale_dependent_camb
1,0.40720486,0.44933801,1840,1859,1849.517972972973,3.066660330380577e-07,2.596344275592773e-07,2.5633513638667633e-07,2.093146200699314e-09,7.400389362646716e-10,0.8466357522127541,0.8358771718120629,-63.55287968518426,standard-halo-model-uncompensated,scale_dependent_camb
1,0.40720486,0.44933801,1860,1879,1869.5177807486632,3.0385679406013774e-07,2.559832512766099e-07,2.52729966048774e-07,2.0103358233911637e-09,7.107610465910666e-10,0.8424470220203372,0.831740382276116,-67.35532710063057,standard-halo-model-uncompensated,scale_dependent_camb
1,0.40720486,0.44933801,1880,1899,1889.5175925925926,3.0110389964170806e-07,2.5453378484349595e-07,2.512974890475261e-07,2.35700721003155e-09,8.33327890759447e-10,0.8453353980017291,0.8345872947728409,-55.88450274449687,standard-halo-model-uncompensated,scale_dependent_camb
1,0.40720486,0.44933801,1900,1919,1909.5174083769634,2.9840489244151564e-07,2.5276083678554805e-07,2.4954850930235693e-07,1.4990737127935133e-09,5.300025939073941e-10,0.8470398548679514,0.8362748588355197,-86.1204382406152,standard-halo-model-uncompensated,scale_dependent_camb
1,0.40720486,0.44933801,1920,1939,1929.5172279792746,2.9575745653093145e-07,2.502767039633348e-07,2.4709568929131206e-07,1.802306903853462e-09,6.37211716747057e-10,0.846222803302881,0.8354673190309568,-71.37463322202277,standard-halo-model-uncompensated,scale_dependent_camb
1,0.40720486,0.44933801,1940,1959,1949.5170512820512,2.9315940412434393e-07,2.4832142562406955e-07,2.451654333612089e-07,2.0229396576073513e-09,7.152171749126753e-10,0.8470525663872058,0.8362871185848832,-62.69141747854264,standard-halo-model-uncompensated,scale_dependent_camb
1,0.40720486,0.44933801,1960,1979,1969.5168781725888,2.906086661950522e-07,2.457411018070688e-07,2.426180123861881e-07,1.8878312879436896e-09,6.674491527205583e-10,0.8456083055765826,0.834861587449517,-67.22244564263931,standard-halo-model-uncompensated,scale_dependent_camb
1,0.40720486,0.44933801,1980,1999,1989.5167085427136,2.8810328810930506e-07,2.434941900235173e-07,2.404009219144675e-07,1.0200559889886284e-09,3.6064425350190466e-10,0.8451628290029677,0.8344261653246404,-123.69280157004403,standard-halo-model-uncompensated,scale_dependent_camb
1,0.40720486,0.44933801,2000,2019,2009.5165422885573,2.8564142373006043e-07,2.420645020862683e-07,2.3898994113763004e-07,1.6345366439608093e-09,5.778959725212949e-10,0.8474418693383435,0.8366781610901176,-75.40616947661175,standard-halo-model-uncompensated,scale_dependent_camb
1,0.40720486,0.44933801,2020,2039,2029.5163793103447,2.8322132775711665e-07,2.4009121444027633e-07,2.370400183475289e-07,1.868154326351798e-09,6.604922962331715e-10,0.8477158706288264,0.836942684453511,-65.29994908769419,standard-halo-model-uncompensated,scale_dependent_camb
1,0.40720486,0.44933801,2040,2059,2049.516219512195,2.808413446178563e-07,2.3756729802153088e-07,2.3454857720183558e-07,1.4325448454672093e-09,5.064810872918492e-10,0.8459128350378436,0.8351639874142757,-85.44059725450249,standard-halo-model-uncompensated,scale_dependent_camb
1,0.40720486,0.44933801,2060,2079,2069.5160628019325,2.784999090315082e-07,2.3690131504105173e-07,2.3389062473496993e-07,1.2599833354733505e-09,4.4547138034762535e-10,0.8506333659672751,0.8398229843174154,-93.381069639075,standard-halo-model-uncompensated,scale_dependent_camb
1,0.40720486,0.44933801,2080,2099,2089.515909090909,2.761955396642697e-07,2.3411479869139862e-07,2.3113972797895526e-07,1.4265917482438497e-09,5.04376349583999e-10,0.8476414897068125,0.8368698794336716,-83.43123345806872,standard-halo-model-uncompensated,scale_dependent_camb
1,0.40720486,0.44933801,2100,2119,2109.5157582938386,2.7392683753101325e-07,2.3261827994128331e-07,2.296627001078395e-07,1.4322575386892237e-09,5.06379509006352e-10,0.8491985744731818,0.8384089057423507,-81.57628192891936,standard-halo-model-uncompensated,scale_dependent_camb
1,0.40720486,0.44933801,2120,2139,2129.5156103286386,2.7169246970769616e-07,2.3035077580895032e-07,2.274227814236126e-07,2.0153572714266727e-09,7.125363965697088e-10,0.8478364382228781,0.8370595683726101,-58.02046617937405,standard-halo-model-uncompensated,scale_dependent_camb
1,0.40720486,0.44933801,2140,2159,2149.515465116279,2.6949117505498227e-07,2.2944815015210998e-07,2.2653293954206464e-07,1.325571177855549e-09,4.686601844035488e-10,0.8514124817085287,0.8405950194689931,-85.44149094686584,standard-halo-model-uncompensated,scale_dependent_camb
1,0.40720486,0.44933801,2160,2179,2169.5153225806453,2.673217652229235e-07,2.274708312500335e-07,2.2457887266393603e-07,1.8353073957265932e-09,6.488791525400482e-10,0.8509252176318014,0.8401069493037967,-61.41503208554761,standard-halo-model-uncompensated,scale_dependent_camb
1,0.40720486,0.44933801,2180,2199,2189.5151826484016,2.6518310274965007e-07,2.2621324789214037e-07,2.233390320913936e-07,1.3325223524225376e-09,4.711177957403134e-10,0.8530454827119971,0.8422068743280375,-82.7178578475741,standard-halo-model-uncompensated,scale_dependent_camb
1,0.40720486,0.44933801,2200,2219,2209.515045248869,2.630741157830955e-07,2.242652290870449e-07,2.2141444508935287e-07,1.5475403991262517e-09,5.471381551911544e-10,0.8524792658505085,0.8416428367734551,-70.93068967652582,standard-halo-model-uncompensated,scale_dependent_camb
1,0.40720486,0.44933801,2220,2239,2229.5149103139015,2.6099378605388054e-07,2.2328413572956744e-07,2.2044702500174854e-07,1.7390332319003013e-09,6.148410954927304e-10,0.8555151412052079,0.8446447263546674,-61.332351725924866,standard-halo-model-uncompensated,scale_dependent_camb
1,0.40720486,0.44933801,2240,2259,2249.514777777778,2.589411430613416e-07,2.2107113426113945e-07,2.1826089718894321e-07,1.946535406803401e-09,6.882041929851998e-10,0.8537505150688589,0.8428977126174134,-55.02728577681963,standard-halo-model-uncompensated,scale_dependent_camb
1,0.40720486,0.44933801,2260,2279,2269.5146475770925,2.569152744237589e-07,2.194545243104482e-07,2.1666485811697348e-07,1.895430392635705e-09,6.701358419498936e-10,0.8541902570902713,0.8433319451439235,-55.90023360683286,standard-halo-model-uncompensated,scale_dependent_camb
1,0.40720486,0.44933801,2280,2299,2289.514519650655,2.549153024038763e-07,2.1868432165310166e-07,2.1590546859938577e-07,1.277278945538176e-09,4.515863019284236e-10,0.8578705146018583,0.8469694308791039,-80.23046889610312,standard-halo-model-uncompensated,scale_dependent_camb
1,0.40720486,0.44933801,2300,2319,2309.514393939394,2.529404028191714e-07,2.166530042447072e-07,2.1389979752345755e-07,1.5432603907293814e-09,5.456249437106732e-10,0.8565377528855828,0.8456529488346541,-66.50612108691682,standard-halo-model-uncompensated,scale_dependent_camb
1,0.40720486,0.44933801,2320,2339,2329.514270386266,2.50989787875193e-07,2.154017815745832e-07,2.1266344844975516e-07,1.5410834550115838e-09,5.448552807065423e-10,0.8582093454801983,0.8472992078685848,-65.31643825578965,standard-halo-model-uncompensated,scale_dependent_camb
1,0.40720486,0.44933801,2340,2359,2349.5141489361704,2.4906270917637393e-07,2.1340757259260967e-07,2.1069544864413706e-07,1.2205069475759276e-09,4.315143695581162e-10,0.8568427336967773,0.8459534120578964,-82.62792411820769,standard-halo-model-uncompensated,scale_dependent_camb
1,0.40720486,0.44933801,2360,2379,2369.514029535865,2.4715845918676205e-07,2.1261751764663e-07,2.0991592230446924e-07,1.3047640610879806e-09,4.613037577219049e-10,0.8602477873758242,0.8493171667891368,-74.87678338175365,standard-halo-model-uncompensated,scale_dependent_camb
1,0.40720486,0.44933801,2380,2399,2389.513912133891,2.4527635647819166e-07,2.1075752916368575e-07,2.0807859242816718e-07,1.7575895944303305e-09,6.214017603823003e-10,0.859265573697581,0.8483434580318717,-55.549934865438985,standard-halo-model-uncompensated,scale_dependent_camb
1,0.40720486,0.44933801,2400,2419,2409.5137966804978,2.4341576372349587e-07,2.097649512774808e-07,2.0709915339752473e-07,1.6315738772845657e-09,5.768484763173721e-10,0.8617558208586682,0.8508041970230639,-58.33561815200317,standard-halo-model-uncompensated,scale_dependent_camb
1,0.40720486,0.44933801,2420,2439,2429.513683127572,2.415760675781173e-07,2.0838512754511587e-07,2.0573547806628628e-07,1.6987907432785689e-09,6.006132271946057e-10,0.8626066714068494,0.8516384927068927,-55.26175337168719,standard-halo-model-uncompensated,scale_dependent_camb
1,0.40720486,0.44933801,2440,2459,2449.5135714285716,2.3975668395965986e-07,2.0686669029828957e-07,2.042381929493291e-07,1.4917516260488318e-09,5.274138453125938e-10,0.862819283624626,0.8518560966737975,-62.36088406415774,standard-halo-model-uncompensated,scale_dependent_camb
1,0.40720486,0.44933801,2460,2479,2469.5134615384613,2.3795706171526035e-07,2.055076071404583e-07,2.0289675102953526e-07,1.2312075615561946e-09,4.352976079122694e-10,0.8636331515404612,0.8526611883967609,-74.54544657489127,standard-halo-model-uncompensated,scale_dependent_camb
1,0.40720486,0.44933801,2480,2499,2489.513353413655,2.36176674077777e-07,2.0436624378547888e-07,2.0176868806356299e-07,1.4177096623979569e-09,5.012360580176431e-10,0.8653108719711143,0.8543125135089215,-63.46397028598931,standard-halo-model-uncompensated,scale_dependent_camb
1,0.40720486,0.44933801,2500,2519,2509.513247011952,2.3441501632672023e-07,2.0260979833442327e-07,2.0003324932907972e-07,2.0007327779713647e-09,7.073658573228755e-10,0.8643209019171031,0.8533295027920895,-44.962896728813334,standard-halo-model-uncompensated,scale_dependent_camb
1,0.40720486,0.44933801,2520,2539,2529.51314229249,2.326716130470695e-07,2.015961338343254e-07,1.9903421631650386e-07,1.3058868369821867e-09,4.6170071894617787e-10,0.8664406078344524,0.8554297351101409,-67.30654282642926,standard-halo-model-uncompensated,scale_dependent_camb
1,0.40720486,0.44933801,2540,2559,2549.513039215686,2.3094600831894873e-07,2.0026076746713562e-07,1.977150872499322e-07,1.27221503715627e-09,4.4979593995034693e-10,0.8671324043434638,0.8561095672927896,-68.22035978181675,standard-halo-model-uncompensated,scale_dependent_camb
1,0.40720486,0.44933801,2560,2579,2569.512937743191,2.2923776880634983e-07,1.9860407844833498e-07,1.960804659444526e-07,8.828779590691795e-10,3.1214449590897795e-10,0.866367176240086,0.8553584645560431,-98.13945387314376,standard-halo-model-uncompensated,scale_dependent_camb
1,0.40720486,0.44933801,2580,2599,2589.5128378378377,2.2754648077898262e-07,1.9790667495869509e-07,1.9539091953875811e-07,1.3887989547156602e-09,4.910145792921161e-10,0.8697417524594596,0.8586857457423944,-60.36441089594231,standard-halo-model-uncompensated,scale_dependent_camb
1,0.40720486,0.44933801,2600,2619,2609.5127394636015,2.258717488516349e-07,1.9644306865901592e-07,1.939465233809774e-07,1.1983274293012182e-09,4.236727256703672e-10,0.8697106639398743,0.8586577310665454,-69.46087961186237,standard-halo-model-uncompensated,scale_dependent_camb
1,0.40720486,0.44933801,2620,2639,2629.5126425855515,2.2421319872667857e-07,1.953185078398214e-07,1.9283740186140375e-07,5.557401916464721e-10,1.9648382904556595e-10,0.8711285015737165,0.8600626678382004,-147.05887516145813,standard-halo-model-uncompensated,scale_dependent_camb
1,0.40720486,0.44933801,2640,2659,2649.512547169811,2.225704718754273e-07,1.9400425604224952e-07,1.9153828760917219e-07,1.4120105967189167e-09,4.992211340236046e-10,0.8716531640856372,0.8605736690731203,-57.22156753048655,standard-halo-model-uncompensated,scale_dependent_camb
1,0.40720486,0.44933801,2660,2679,2669.5124531835204,2.2094322659016157e-07,1.9280424488694627e-07,1.9035361401784155e-07,1.4355690223419258e-09,5.07550295279659e-10,0.8726415734146415,0.8615498965756384,-55.44077496341676,standard-halo-model-uncompensated,scale_dependent_camb
1,0.40720486,0.44933801,2680,2699,2689.5123605947956,2.1933113609228343e-07,1.9117630799254036e-07,1.8874849745125772e-07,3.5555522179726104e-10,1.257077542095651e-10,0.8716332363869354,0.860564080477119,-223.97049630531674,standard-halo-model-uncompensated,scale_dependent_camb
1,0.40720486,0.44933801,2700,2719,2709.512269372694,2.1773388872300083e-07,1.899306710703632e-07,1.8751642706575383e-07,1.3872938504572618e-09,4.90482444578363e-10,0.8723064295792344,0.8612183806826259,-56.68544911232923,standard-halo-model-uncompensated,scale_dependent_camb
1,0.40720486,0.44933801,2720,2739,2729.5121794871793,2.161511875050564e-07,1.8907023678109116e-07,1.8666733886452825e-07,1.167616884314175e-09,4.1281490836323084e-10,0.8747129218370279,0.8635961755248814,-65.6007091200714,standard-halo-model-uncompensated,scale_dependent_camb
1,0.40720486,0.44933801,2740,2759,2749.512090909091,2.1458274877761634e-07,1.8809721565368344e-07,1.8570537802490407e-07,1.6419994029470331e-09,5.805344562640547e-10,0.8765719365847937,0.8654254784356432,-45.62267207079613,standard-halo-model-uncompensated,scale_dependent_camb
1,0.40720486,0.44933801,2760,2779,2769.5120036101084,2.1302830040240264e-07,1.8668498862196149e-07,1.84312917659809e-07,1.2328222278035816e-09,4.358684786387096e-10,0.876338910226108,0.8652039062962464,-60.43867146051886,standard-halo-model-uncompensated,scale_dependent_camb
1,0.40720486,0.44933801,2780,2799,2789.511917562724,2.1148758333926871e-07,1.850495947812765e-07,1.8269789122597313e-07,1.2108308560382482e-09,4.2809335458727877e-10,0.8749903510146959,0.8638705324505452,-61.757530862586876,standard-halo-model-uncompensated,scale_dependent_camb
1,0.40720486,0.44933801,2800,2819,2809.5118327402133,2.0996034998471003e-07,1.8376537166089388e-07,1.814304427813398e-07,1.1580973169695877e-09,4.0944923305157097e-10,0.8752384518042395,0.8641176431385836,-63.976132348785804,standard-halo-model-uncompensated,scale_dependent_camb
1,0.40720486,0.44933801,2820,2839,2829.511749116608,2.084463634650541e-07,1.8310948082463962e-07,1.8078209835579836e-07,1.3366202795530707e-09,4.725666317717175e-10,0.8784489102173174,0.8672835320828534,-53.615471209685325,standard-halo-model-uncompensated,scale_dependent_camb
1,0.40720486,0.44933801,2840,2859,2849.5116666666668,2.0694539686373923e-07,1.8199893976884562e-07,1.796849040756065e-07,1.4666265348531214e-09,5.185307841313852e-10,0.8794539164776914,0.8682720504960926,-48.10988635261563,standard-halo-model-uncompensated,scale_dependent_camb
1,0.40720486,0.44933801,2860,2879,2869.5115853658535,2.0545723293719564e-07,1.8044412534571708e-07,1.7815064419750945e-07,1.1409224607064536e-09,4.033770043867878e-10,0.8782563785470401,0.867093563223285,-62.00925516193812,standard-halo-model-uncompensated,scale_dependent_camb
1,0.40720486,0.44933801,2880,2899,2889.5115051903113,2.039816644125409e-07,1.7971257866056285e-07,1.7742833400052324e-07,1.1308110279130099e-09,3.9980207303890975e-10,0.8810231996985021,0.8698249154477183,-60.70275115761122,standard-halo-model-uncompensated,scale_dependent_camb
1,0.40720486,0.44933801,2900,2919,2909.5114261168383,2.0251849275824568e-07,1.779575324069451e-07,1.756953700489785e-07,1.1993918586448893e-09,4.240490582738691e-10,0.8787223822536544,0.8675522301991108,-57.92009172542026,standard-halo-model-uncompensated,scale_dependent_camb
1,0.40720486,0.44933801,2920,2939,2929.511348122867,2.0106752687464192e-07,1.7728586741902202e-07,1.7503438380690017e-07,1.0058184003753601e-09,3.556105057738115e-10,0.881723021985311,0.8705253728814577,-66.87558176570404,standard-halo-model-uncompensated,scale_dependent_camb
1,0.40720486,0.44933801,2940,2959,2949.511271186441,1.9962858450439234e-07,1.7623887184845975e-07,1.7399953554501973e-07,1.0190600085588403e-09,3.6029212124398853e-10,0.8828338501021733,0.8716163367936484,-64.91874586425708,standard-halo-model-uncompensated,scale_dependent_camb
1,0.40720486,0.44933801,2960,2979,2969.5111952861953,1.9820149086384586e-07,1.7558483222660047e-07,1.733545713368073e-07,7.260594516300767e-10,2.5670078089610664e-10,0.8858905725750476,0.8746380795686997,-88.1051415515519,standard-halo-model-uncompensated,scale_dependent_camb
1,0.40720486,0.44933801,2980,2999,2989.511120401338,1.9678607804087018e-07,1.7405796035090664e-07,1.718457024195529e-07,1.1331916828840814e-09,4.006437616757648e-10,0.8845034266842638,0.8732614833853366,-56.72899434375089,standard-halo-model-uncompensated,scale_dependent_camb
1,0.40720486,0.44933801,3000,3019,3009.5110465116277,1.9538218501485612e-07,1.7211111304296205e-07,1.6992470830366767e-07,6.507336482385147e-10,2.3006908770785757e-10,0.8808946067927093,0.8697042071197394,-101.1481907619147,standard-halo-model-uncompensated,scale_dependent_camb
1,0.40720486,0.44933801,3020,3039,3029.5109735973597,1.93989656827931e-07,1.7174139341669299e-07,1.6955981336474957e-07,9.077174110987236e-10,3.2092656839450227e-10,0.8853121152177085,0.8740662576415055,-69.32509054186225,standard-halo-model-uncompensated,scale_dependent_camb
1,0.40720486,0.44933801,3040,3059,3049.5109016393444,1.9260834563282367e-07,1.7113373060127214e-07,1.6895944697697934e-07,9.860887957781865e-10,3.486350371734161e-10,0.8885063107676062,0.8772176845289608,-61.59626182628842,standard-halo-model-uncompensated,scale_dependent_camb
1,0.40720486,0.44933801,3060,3079,3069.5108306188927,1.9123810846732986e-07,1.6935557771112982e-07,1.672023312161473e-07,1.3586226205374719e-09,4.803456340277419e-10,0.8855744237820762,0.8743149184866116,-45.555802334900044,standard-halo-model-uncompensated,scale_dependent_camb
1,0.40720486,0.44933801,3080,3099,3089.5107605177996,1.8987880917439834e-07,1.6878889742490125e-07,1.6664380013568156e-07,1.1050497681202393e-09,3.9069409229322155e-10,0.8889296186278133,0.877632427021511,-53.9806261868654,standard-halo-model-uncompensated,scale_dependent_camb
1,0.40720486,0.44933801,3100,3119,3109.510691318328,1.8853031514280328e-07,1.6771784577626323e-07,1.6558652643647503e-07,1.073430136267397e-09,3.7951486424233805e-10,0.8896067757019579,0.8783018598947901,-54.8396685544583,standard-halo-model-uncompensated,scale_dependent_camb
1,0.40720486,0.44933801,3120,3139,3129.5106230031947,1.871924998077409e-07,1.6604360663455468e-07,1.639344234788934e-07,9.043328630241496e-10,3.1972994994711067e-10,0.8870206167719993,0.8757531613032836,-66.14611229471822,standard-halo-model-uncompensated,scale_dependent_camb
1,0.40720486,0.44933801,3140,3159,3149.5105555555556,1.8586524058025479e-07,1.6529645571214635e-07,1.6319461697815376e-07,1.6851308347845464e-09,5.957837202313501e-10,0.8893349568542536,0.8780265555231018,-34.52391223466349,standard-halo-model-uncompensated,scale_dependent_camb
1,0.40720486,0.44933801,3160,3179,3169.5104889589907,1.8454842020516822e-07,1.6385896201389664e-07,1.6177702287789455e-07,9.033458566154275e-10,3.193809904847697e-10,0.8878914370100245,0.8766101747066813,-64.77986732982531,standard-halo-model-uncompensated,scale_dependent_camb
1,0.40720486,0.44933801,3180,3199,3189.510423197492,1.8324192569475526e-07,1.6311774529966487e-07,1.6104388349466668e-07,1.25315547048514e-09,4.430573655305304e-10,0.8901769869597786,0.8788593706602598,-45.42116204521976,standard-halo-model-uncompensated,scale_dependent_camb
1,0.40720486,0.44933801,3200,3219,3209.5103582554516,1.8194564803223164e-07,1.622704859001267e-07,1.6020931738178468e-07,5.634849222765398e-10,1.9922200481905796e-10,0.8918624196572181,0.8805339348012524,-98.75998462105021,standard-halo-model-uncompensated,scale_dependent_camb
1,0.40720486,0.44933801,3220,3239,3229.510294117647,1.8065948093913248e-07,1.612757768805152e-07,1.5922656419403996e-07,9.809841731638203e-10,3.4683028054040783e-10,0.8927058576840039,0.8813629008913534,-55.88815379215123,standard-halo-model-uncompensated,scale_dependent_camb
1,0.40720486,0.44933801,3240,3259,3249.510230769231,1.793833223471794e-07,1.5996539470761227e-07,1.579331596571775e-07,8.326111350724834e-10,2.943724898505907e-10,0.8917517671905665,0.8804227594330808,-65.9637986193028,standard-halo-model-uncompensated,scale_dependent_camb
1,0.40720486,0.44933801,3260,3279,3269.5101681957185,1.7811707474426107e-07,1.587962047090286e-07,1.567781860786735e-07,1.001797920220732e-09,3.541890513833297e-10,0.891527131450069,0.8801973999616501,-54.54959705776445,standard-halo-model-uncompensated,scale_dependent_camb
1,0.40720486,0.44933801,3280,3299,3289.510106382979,1.7686064358679217e-07,1.5826844231348545e-07,1.5625774453221737e-07,7.848996553413013e-10,2.7750393442140906e-10,0.8948765485850851,0.8835077231613477,-66.9979736037658,standard-halo-model-uncompensated,scale_dependent_camb
1,0.40720486,0.44933801,3300,3319,3309.5100453172204,1.7561393530295587e-07,1.57173646976095e-07,1.5517621660220422e-07,1.00763407711346e-09,3.5625244444078803e-10,0.8949953015115283,0.8836213158967479,-51.761857678778085,standard-halo-model-uncompensated,scale_dependent_camb
1,0.40720486,0.44933801,3320,3339,3329.509984984985,1.7437686117208292e-07,1.561961085955288e-07,1.5421077215524695e-07,1.294167934330342e-09,4.5755746117958564e-10,0.8957387324536565,0.8843534120221652,-39.734359329829395,standard-halo-model-uncompensated,scale_dependent_camb
1,0.40720486,0.44933801,3340,3359,3349.509925373134,1.7314933653913476e-07,1.5547206079913478e-07,1.5349606914701578e-07,9.65276777616397e-10,3.412768775872267e-10,0.8979073434912954,0.8864952775162555,-51.797460950110406,standard-halo-model-uncompensated,scale_dependent_camb
1,0.40720486,0.44933801,3360,3379,3369.5098664688426,1.7193127624896903e-07,1.544258326309738e-07,1.524633519259938e-07,9.485423745592154e-10,3.353603726468056e-10,0.8981834835411443,0.8867691513277418,-52.19890316746394,standard-halo-model-uncompensated,scale_dependent_camb
1,0.40720486,0.44933801,3380,3399,3389.509808259587,1.7072259887065859e-07,1.531381780107083e-07,1.5119213927079426e-07,8.851245959851186e-10,3.129388020080402e-10,0.8970000399696795,0.8856012049426402,-56.19124489234315,standard-halo-model-uncompensated,scale_dependent_camb
1,0.40720486,0.44933801,3400,3419,3409.509750733138,1.6952322774416914e-07,1.525921302035891e-07,1.5065263781647054e-07,9.436047260387798e-10,3.3361465027084776e-10,0.900125205460746,0.8886843403183865,-50.75046172832756,standard-halo-model-uncompensated,scale_dependent_camb
1,0.40720486,0.44933801,3420,3439,3429.509693877551,1.6833308459494145e-07,1.5106551195762158e-07,1.49145587816745e-07,9.449556236774696e-10,3.3409226471135097e-10,0.8974202089929576,0.8860147021937655,-51.68504171217107,standard-halo-model-uncompensated,scale_dependent_camb
1,0.40720486,0.44933801,3440,3459,3449.5096376811593,1.6715209479064889e-07,1.5041256637771195e-07,1.4850213224566792e-07,6.163174610952202e-10,2.1790112805205318e-10,0.8998545101459691,0.8884251940226099,-76.82166936252906,standard-halo-model-uncompensated,scale_dependent_camb
1,0.40720486,0.44933801,3460,3479,3469.509582132565,1.6598018842161595e-07,1.4944831193758666e-07,1.4754910579876012e-07,7.995125649613139e-10,2.8267037816399757e-10,0.9003984954997418,0.8889561290529568,-58.48464416896892,standard-halo-model-uncompensated,scale_dependent_camb
1,0.40720486,0.44933801,3480,3499,3489.5095272206304,1.648172924170937e-07,1.482265553819468e-07,1.4634289018312765e-07,7.636503101866222e-10,2.699911563940855e-10,0.8993386143417422,0.8879098062889303,-61.44918691681396,standard-halo-model-uncompensated,scale_dependent_camb
1,0.40720486,0.44933801,3500,3519,3509.509472934473,1.6366333911057484e-07,1.476772019446908e-07,1.4579998796423687e-07,9.304102367922355e-10,3.2894969386058556e-10,0.9023230416001508,0.8908530692125921,-48.59751343212749,standard-halo-model-uncompensated,scale_dependent_camb
1,0.40720486,0.44933801,3520,3539,3529.509419263456,1.625182628618274e-07,1.4660425481044094e-07,1.4474173520270079e-07,8.252570814025959e-10,2.917724392409971e-10,0.9020786478322346,0.8906182767025994,-54.54253353327137,standard-halo-model-uncompensated,scale_dependent_camb
1,0.40720486,0.44933801,3540,3559,3549.509366197183,1.6138199602188743e-07,1.4534646534799039e-07,1.4350018314140038e-07,4.607929664323163e-10,1.62914915643678e-10,0.9006361857631119,0.889195738550279,-98.4288676732916,standard-halo-model-uncompensated,scale_dependent_camb
1,0.40720486,0.44933801,3560,3579,3569.5093137254903,1.6025447751843248e-07,1.4475339069905117e-07,1.4291418668040843e-07,5.948420370833787e-10,2.103084190782384e-10,0.9032720516804382,0.8917952801909727,-73.70644925828974,standard-halo-model-uncompensated,scale_dependent_camb
1,0.40720486,0.44933801,3580,3599,3589.50926183844,1.591356426016539e-07,1.4364663918532626e-07,1.4182145707205775e-07,8.106478889008942e-10,2.866073096981906e-10,0.9026679179905692,0.8911985696822378,-54.04259728280557,standard-halo-model-uncompensated,scale_dependent_camb
1,0.40720486,0.44933801,3600,3619,3609.5092105263157,1.580254318996957e-07,1.42796327940273e-07,1.4098168138308322e-07,7.120685868133501e-10,2.5175426320282083e-10,0.9036287781254783,0.8921455216940603,-60.4919406951757,standard-halo-model-uncompensated,scale_dependent_camb
1,0.40720486,0.44933801,3620,3639,3629.5091597796145,1.5692378591060822e-07,1.415951513455179e-07,1.3979537795614353e-07,9.861415962944333e-10,3.4865370497496025e-10,0.9023179661633814,0.8908488738334296,-43.96521346644285,standard-halo-model-uncompensated,scale_dependent_camb
1,0.40720486,0.44933801,3640,3659,3649.509109589041,1.5583064464573291e-07,1.411084382511937e-07,1.393151218943032e-07,8.173055183386906e-10,2.889611371592371e-10,0.9055243182237432,0.8940162072166468,-50.94874189405712,standard-halo-model-uncompensated,scale_dependent_camb
1,0.40720486,0.44933801,3660,3679,3669.5090599455043,1.5474595320970197e-07,1.4067152798705285e-07,1.38884122236344e-07,5.722519108195756e-10,2.0232160334374067e-10,0.909048185553671,0.8974976040125391,-69.56461885455177,standard-halo-model-uncompensated,scale_dependent_camb
1,0.40720486,0.44933801,3680,3699,3689.509010840108,1.536696527747073e-07,1.393337007311879e-07,1.3756338100976987e-07,7.30530675088319e-10,2.582815971098684e-10,0.9067092832926673,0.8951889883648622,-55.505123880046106,standard-halo-model-uncompensated,scale_dependent_camb
1,0.40720486,0.44933801,3700,3719,3709.508962264151,1.5260169125635883e-07,1.3862540325969026e-07,1.368638254743949e-07,6.797458152927345e-10,2.403264377383355e-10,0.9084132824374174,0.8968696503138648,-58.15543278632451,standard-halo-model-uncompensated,scale_dependent_camb
1,0.40720486,0.44933801,3720,3739,3729.508914209115,1.515420113056361e-07,1.380208869624202e-07,1.3626717551079997e-07,7.391569332271325e-10,2.6133143992297875e-10,0.9107763964149457,0.8992039523348465,-51.73937107299808,standard-halo-model-uncompensated,scale_dependent_camb
1,0.40720486,0.44933801,3740,3759,3749.5088666666666,1.5049056271144716e-07,1.3692660549165965e-07,1.3518590264328734e-07,9.788831853143345e-10,3.4608746916262686e-10,0.9098683865924853,0.898301529395533,-39.192280646872504,standard-halo-model-uncompensated,scale_dependent_camb
1,0.40720486,0.44933801,3760,3779,3769.5088196286474,1.49447290314534e-07,1.3575757812098928e-07,1.3403239627757272e-07,6.810586199756786e-10,2.4079058428517706e-10,0.9083977222689505,0.8968539743710418,-56.853187321193175,standard-halo-model-uncompensated,scale_dependent_camb
1,0.40720486,0.44933801,3780,3799,3789.5087730870714,1.4841214541221937e-07,1.3524866177821775e-07,1.33529625671295e-07,9.031695467317628e-10,3.1931865552760495e-10,0.9113045391437498,0.8997216858526793,-41.22365983362862,standard-halo-model-uncompensated,scale_dependent_camb
1,0.40720486,0.44933801,3800,3819,3809.5087270341205,1.47385074332827e-07,1.3434513142347036e-07,1.3263854220576488e-07,7.745028771597408e-10,2.7382811824407214e-10,0.9115246712166413,0.8999455528735474,-47.620905380263785,standard-halo-model-uncompensated,scale_dependent_camb
1,0.40720486,0.44933801,3820,3839,3829.508681462141,1.4636602973655645e-07,1.3330543718849666e-07,1.316118192016768e-07,5.690248381594699e-10,2.0118066086306944e-10,0.9107675970198311,0.8991964832178909,-64.91972186605594,standard-halo-model-uncompensated,scale_dependent_camb
1,0.40720486,0.44933801,3840,3859,3849.5086363636365,1.453549596534348e-07,1.32275013705311e-07,1.305943398712453e-07,8.591613374128665e-10,3.0375940390897067e-10,0.9100137623146131,0.8984512133787331,-43.06021732925033,standard-halo-model-uncompensated,scale_dependent_camb
1,0.40720486,0.44933801,3860,3879,3869.5085917312663,1.44351818066697e-07,1.3171424800857265e-07,1.3004017897274582e-07,7.903328278082746e-10,2.7942485096878545e-10,0.9124529900116308,0.9008558445218988,-45.22707989038566,standard-halo-model-uncompensated,scale_dependent_camb
1,0.40720486,0.44933801,3880,3899,3889.5085475578408,1.4335655422447893e-07,1.3111075401422115e-07,1.2944461873880881e-07,6.438111197554386e-10,2.276216042911875e-10,0.9145780234708882,0.9029557067625543,-53.79893639002824,standard-halo-model-uncompensated,scale_dependent_camb
1,0.40720486,0.44933801,3900,3919,3909.5085038363172,1.4236912271663007e-07,1.3006801186096977e-07,1.2841493663462084e-07,6.897978089348111e-10,2.438803541727137e-10,0.9135970593838364,0.9019858673303516,-50.43912166434189,standard-halo-model-uncompensated,scale_dependent_camb
1,0.40720486,0.44933801,3920,3939,3929.5084605597963,1.4138947512795724e-07,1.2935950855675068e-07,1.2771642585362e-07,5.176085879140347e-10,1.8300227125720358e-10,0.9149161098425505,0.9032951408726628,-65.7367063728889,standard-halo-model-uncompensated,scale_dependent_camb
1,0.40720486,0.44933801,3940,3959,3949.508417721519,1.4041756562862716e-07,1.287411785932775e-07,1.2710492985410512e-07,7.208223712498915e-10,2.5484919337088266e-10,0.9168452537752216,0.9051925183653236,-45.81684909772102,standard-halo-model-uncompensated,scale_dependent_camb
1,0.40720486,0.44933801,3960,3979,3969.5083753148615,1.3945334854452052e-07,1.276136091780606e-07,1.259922649252647e-07,5.737542700491701e-10,2.028527675432529e-10,0.9150989238334418,0.903472496288188,-58.36617123764613,standard-halo-model-uncompensated,scale_dependent_camb
1,0.40720486,0.44933801,3980,3999,3989.508333333333,1.3849677682895605e-07,1.2714729984981327e-07,1.2553153318804977e-07,7.408428306439066e-10,2.6192749467087166e-10,0.9180524107563931,0.9063859539712004,-43.33060564490991,standard-halo-model-uncompensated,scale_dependent_camb
1,0.40720486,0.44933801,4000,4019,4009.5082917705736,1.3754780751855648e-07,1.2609856346534772e-07,1.2449628037371902e-07,7.65074086603242e-10,2.7049453737362817e-10,0.9167617117294716,0.9051127940147161,-42.327080481459646,standard-halo-model-uncompensated,scale_dependent_camb
1,0.40720486,0.44933801,4020,4039,4029.5082506203476,1.3660639362148837e-07,1.2574169492045624e-07,1.241440124724102e-07,6.718637279170989e-10,2.3753969902172704e-10,0.9204671288582857,0.9087716114985864,-45.73845443846575,standard-halo-model-uncompensated,scale_dependent_camb
1,0.40720486,0.44933801,4040,4059,4049.5082098765433,1.3567249242361998e-07,1.246045202976221e-07,1.2302173241889166e-07,4.5286452125126525e-10,1.601117869677845e-10,0.9184213990007676,0.9067551588480592,-69.1265292556183,standard-halo-model-uncompensated,scale_dependent_camb
1,0.40720486,0.44933801,4060,4079,4069.5081695331696,1.347460593047027e-07,1.2418145191739588e-07,1.2260378674342242e-07,6.328443092724304e-10,2.237442512609261e-10,0.9215961680673944,0.9098877353153398,-47.217335541669755,standard-halo-model-uncompensated,scale_dependent_camb
1,0.40720486,0.44933801,4080,4096,4088.005870123517,1.3389573734942374e-07,1.2352813090346693e-07,1.219586257847475e-07,6.280161555835755e-10,2.2203724115392605e-10,0.9225695556020519,0.9108477103081757,-46.69309703217548,standard-halo-model-uncompensated,scale_dependent_camb
2,0.36610056,0.40720486,20,39,30.608333333333334,3.720220119098598e-05,3.53183680002622e-05,3.566285455000763e-05,1.3749924895531294e-06,4.861332567217955e-07,0.9493623191527648,0.9586221623533576,-3.875137453930376,standard-halo-model-uncompensated,scale_dependent_camb
2,0.36610056,0.40720486,40,59,50.165,2.9460500003034767e-05,2.8320340731107107e-05,2.8596655563187233e-05,9.21916181734422e-07,3.2594659189500963e-07,0.9612987127913576,0.9706778758079955,-3.4979941508175543,standard-halo-model-uncompensated,scale_dependent_camb
2,0.36610056,0.40720486,60,79,69.975,2.4093190445199844e-05,2.314587063377268e-05,2.3372719046761287e-05,7.577405178363588e-07,2.6790172927094766e-07,0.9606810142649289,0.9700964718609071,-3.5360720291173395,standard-halo-model-uncompensated,scale_dependent_camb
2,0.36610056,0.40720486,80,99,89.86944444444444,1.904006867083726e-05,1.8360488074852016e-05,1.8540114902939287e-05,2.4425270477258663e-07,8.635637193392589e-08,0.9643078705369311,0.973742018658592,-7.869489891321672,standard-halo-model-uncompensated,scale_dependent_camb
2,0.36610056,0.40720486,100,119,109.80227272727272,1.486847595714195e-05,1.4362296904142284e-05,1.4502922009412467e-05,2.7771748412487654e-07,9.818795813938377e-08,0.9659562248034892,0.9754141615601233,-5.155205002645172,standard-halo-model-uncompensated,scale_dependent_camb
2,0.36610056,0.40720486,120,139,129.75576923076923,1.246605350320169e-05,1.186808665640527e-05,1.1984017163527983e-05,3.3184289627870185e-07,1.173241811236271e-07,0.9520323856589543,0.9613320815966413,-5.096705905548401,standard-halo-model-uncompensated,scale_dependent_camb
2,0.36610056,0.40720486,140,159,149.72166666666666,1.0521350270886036e-05,9.917119229792762e-06,1.0014126454944554e-05,1.1567045793940764e-07,4.089568259595423e-08,0.9425709604246081,0.9517909961286017,-14.774934729981759,standard-halo-model-uncompensated,scale_dependent_camb
2,0.36610056,0.40720486,160,179,169.6955882352941,8.64054640338891e-06,8.32171273617351e-06,8.402994655289102e-06,1.469766612465787e-07,5.196409692180692e-08,0.963100288762948,0.9725073233786885,-6.135653000862594,standard-halo-model-uncompensated,scale_dependent_camb
2,0.36610056,0.40720486,180,199,189.675,7.383229313211094e-06,7.058390372231105e-06,7.127417594607286e-06,5.004191190407139e-08,1.7692487625454346e-08,0.9560031353220003,0.9653523265021615,-18.360275155012143,standard-halo-model-uncompensated,scale_dependent_camb
2,0.36610056,0.40720486,200,219,209.65833333333333,6.502522199615037e-06,6.206794544129946e-06,6.267550839881673e-06,5.558563922381797e-08,1.965249121587531e-08,0.9545210848334207,0.9638645816930429,-15.047845702442137,standard-halo-model-uncompensated,scale_dependent_camb
2,0.36610056,0.40720486,220,239,229.64456521739132,5.620433559349028e-06,5.3860277350185925e-06,5.438585248687023e-06,7.881906220654181e-08,2.7866746686505016e-08,0.9582939960315828,0.96764514538927,-8.411668106343793,standard-halo-model-uncompensated,scale_dependent_camb
2,0.36610056,0.40720486,240,259,249.633,4.890492904786609e-06,4.741379873451698e-06,4.7877089031723396e-06,6.299814644245169e-08,2.227320827582038e-08,0.9695096109455624,0.978982895259153,-6.6947262149380755,standard-halo-model-uncompensated,scale_dependent_camb
2,0.36610056,0.40720486,260,279,269.6231481481482,4.380494820060323e-06,4.25024788741186e-06,4.29175736964686e-06,5.75065124307417e-08,2.033162245108297e-08,0.9702666164443337,0.9797425966566397,-6.406125874205667,standard-halo-model-uncompensated,scale_dependent_camb
2,0.36610056,0.40720486,280,299,289.6146551724138,3.928338597394762e-06,3.8142227670277966e-06,3.851509744846412e-06,3.6007934694618235e-08,1.2730727399543453e-08,0.970950612443987,0.9804424057031892,-8.963810690900308,standard-halo-model-uncompensated,scale_dependent_camb
2,0.36610056,0.40720486,300,319,309.60725806451615,3.5042059190763823e-06,3.4317533949462976e-06,3.4652955159380314e-06,2.36465708565607e-08,8.360325302241128e-09,0.9793241248364819,0.9888960854364955,-8.666232653729697,standard-halo-model-uncompensated,scale_dependent_camb
2,0.36610056,0.40720486,320,339,329.6007575757576,3.1708458013334402e-06,3.1370313714093217e-06,3.167749289493987e-06,2.13623405180429e-08,7.55272792116214e-09,0.9893358327579668,0.9990234429444184,-4.477114795751249,standard-halo-model-uncompensated,scale_dependent_camb
2,0.36610056,0.40720486,340,359,349.595,2.89964369820106e-06,2.8548619431345682e-06,2.8827966218903363e-06,2.7565365216656906e-08,9.745828335290941e-09,0.9845561180174398,0.9941899495027008,-4.594966536023515,standard-halo-model-uncompensated,scale_dependent_camb
2,0.36610056,0.40720486,360,379,369.58986486486486,2.6475141602367404e-06,2.6225372720374393e-06,2.6481480263733544e-06,3.1655039911231596e-08,1.1191746689981335e-08,0.99056590949562,1.0002394193565172,-2.231723866808031,standard-halo-model-uncompensated,scale_dependent_camb
2,0.36610056,0.40720486,380,399,389.5852564102564,2.4262615929842967e-06,2.4084167166967263e-06,2.431961821742309e-06,2.8306683111585065e-08,1.0007923790550259e-08,0.9926451144678009,1.0023493875411023,-1.7830747576655255,standard-halo-model-uncompensated,scale_dependent_camb
2,0.36610056,0.40720486,400,419,409.5810975609756,2.2435851023790536e-06,2.2086293047227346e-06,2.230208987708578e-06,2.149462425499929e-08,7.599497284883419e-09,0.9844196693857289,0.9940380622708309,-4.599751318531488,standard-halo-model-uncompensated,scale_dependent_camb
2,0.36610056,0.40720486,420,439,429.57732558139537,2.0817308623021166e-06,2.072587135984496e-06,2.092865618265834e-06,2.3178353553693018e-08,8.194785487277823e-09,0.995607632819783,1.0053487970829253,-1.1157981294099588,standard-halo-model-uncompensated,scale_dependent_camb
2,0.36610056,0.40720486,440,459,449.5738888888889,1.9341252503024303e-06,1.9269220239183413e-06,1.945741363827683e-06,2.4597302215230942e-08,8.696459597642343e-09,0.9962757187607356,1.006005874502407,-0.8282941239722186,standard-halo-model-uncompensated,scale_dependent_camb
2,0.36610056,0.40720486,460,479,469.5707446808511,1.8055143400105596e-06,1.7897192239659925e-06,1.8072532939749029e-06,1.4769104137349195e-08,5.221666843784955e-09,0.9912517360319195,1.000963134950417,-3.0249183866196008,standard-halo-model-uncompensated,scale_dependent_camb
2,0.36610056,0.40720486,480,499,489.5678571428571,1.693126467023585e-06,1.6819960167266127e-06,1.6984502285100165e-06,1.8857884235020626e-08,6.667268910706986e-09,0.9934260963290362,1.0031443377621936,-1.6694167351039009,standard-halo-model-uncompensated,scale_dependent_camb
2,0.36610056,0.40720486,500,519,509.56519607843137,1.5912013570451884e-06,1.580184735800502e-06,1.5956155512539434e-06,1.8537924065362488e-08,6.554145907869553e-09,0.9930765385562869,1.0027741267245724,-1.6808629834527817,standard-halo-model-uncompensated,scale_dependent_camb
2,0.36610056,0.40720486,520,539,529.5627358490566,1.4992321599184245e-06,1.4880869672269922e-06,1.502647339256825e-06,9.207324670621662e-09,3.255280855591386e-09,0.9925660661574663,1.0022779522943173,-3.423726918151778,standard-halo-model-uncompensated,scale_dependent_camb
2,0.36610056,0.40720486,540,559,549.5604545454545,1.417420395861301e-06,1.4079941609210517e-06,1.4217687253834468e-06,1.1346771330155495e-08,4.011689476063026e-09,0.993349725340645,1.003067776881751,-2.3496920677669118,standard-halo-model-uncompensated,scale_dependent_camb
2,0.36610056,0.40720486,560,579,569.5583333333333,1.343704675167857e-06,1.3263636299292237e-06,1.3393432640019309e-06,1.5690267791086652e-08,5.5473473768551215e-09,0.9870946008009781,0.9967541891856696,-3.126006730889851,standard-halo-model-uncompensated,scale_dependent_camb
2,0.36610056,0.40720486,580,599,589.5563559322034,1.2764719878605013e-06,1.2577250979955097e-06,1.2700227677952615e-06,9.372244494895723e-09,3.313588818639527e-09,0.9853135125225793,0.9949476211569285,-5.657578803844645,standard-halo-model-uncompensated,scale_dependent_camb
2,0.36610056,0.40720486,600,619,609.5545081967213,1.2154451247798277e-06,1.1957190188402474e-06,1.2073952691443462e-06,1.9670030885475382e-08,6.954406112634236e-09,0.9837704676768902,0.993377030791958,-2.836490365977254,standard-halo-model-uncompensated,scale_dependent_camb
2,0.36610056,0.40720486,620,639,629.5527777777778,1.1601489937174224e-06,1.1363557641111024e-06,1.1474573441439711e-06,1.2193186880213451e-08,4.3109425636368876e-09,0.979491229372117,0.9890603279042773,-5.51926388605071,standard-halo-model-uncompensated,scale_dependent_camb
2,0.36610056,0.40720486,640,659,649.5511538461539,1.1095604223876566e-06,1.0837281245720135e-06,1.0943195580649995e-06,8.675308234121566e-09,3.067184640615426e-09,0.976718439758283,0.9862640519478332,-8.422152834744226,standard-halo-model-uncompensated,scale_dependent_camb
2,0.36610056,0.40720486,660,679,669.5496268656716,1.0631499897545126e-06,1.0363958880173555e-06,1.0465348128197006e-06,5.263930532158068e-09,1.8610804874919405e-09,0.9748350637304387,0.9843717470771471,-14.37557478946644,standard-halo-model-uncompensated,scale_dependent_camb
2,0.36610056,0.40720486,680,699,689.5481884057971,1.0206048524395462e-06,9.800087403215207e-07,9.895885368219374e-07,8.321362712451305e-09,2.9420460013436e-09,0.960223477263518,0.969609868556405,-13.798598696106632,standard-halo-model-uncompensated,scale_dependent_camb
2,0.36610056,0.40720486,700,719,709.5468309859154,9.815378820221267e-07,9.484512206943528e-07,9.57723698101851e-07,8.753672484649412e-09,3.0948905870908465e-09,0.9662909991210834,0.9757378860699553,-10.690737005625406,standard-halo-model-uncompensated,scale_dependent_camb
2,0.36610056,0.40720486,720,739,729.5455479452055,9.455161099070539e-07,9.035461462239086e-07,9.123689114453552e-07,1.0632447275957654e-08,3.759137784719046e-09,0.9556115826653964,0.9649427459623537,-11.164784609320211,standard-halo-model-uncompensated,scale_dependent_camb
2,0.36610056,0.40720486,740,759,749.5443333333334,9.122160359861893e-07,8.680574157476048e-07,8.765435588225522e-07,6.572254589636986e-09,2.3236428940083612e-09,0.951591927244685,0.9608947050299639,-19.00404763246963,standard-halo-model-uncompensated,scale_dependent_camb
2,0.36610056,0.40720486,760,779,769.5431818181818,8.813721602512181e-07,8.417282970991071e-07,8.499578507251452e-07,5.5751248623200714e-09,1.9711042980541197e-09,0.9550202911550879,0.9643574973855326,-20.11251418367235,standard-halo-model-uncompensated,scale_dependent_camb
2,0.36610056,0.40720486,780,799,789.5420886075949,8.52749686684908e-07,8.100865850778688e-07,8.180022525952943e-07,6.719099857806808e-09,2.3755605364623805e-09,0.9499699592117197,0.9592524809657855,-17.959172562519463,standard-halo-model-uncompensated,scale_dependent_camb
2,0.36610056,0.40720486,800,819,809.5410493827161,8.261402351313388e-07,7.770077307919778e-07,7.845953519814237e-07,7.006090799708666e-09,2.47702715704134e-09,0.9405276462154759,0.9497120689887348,-19.835270759827583,standard-halo-model-uncompensated,scale_dependent_camb
2,0.36610056,0.40720486,820,839,829.5400602409638,8.013584489023679e-07,7.488101157659832e-07,7.56123831437477e-07,7.889491935195523e-09,2.7893566237466656e-09,0.9344259323547897,0.9435525793396832,-18.838872265032126,standard-halo-model-uncompensated,scale_dependent_camb
2,0.36610056,0.40720486,840,859,849.5391176470588,7.782390708632015e-07,7.277360964016836e-07,7.348388162599941e-07,1.0482545632708734e-08,3.7061395504928868e-09,0.9351060922635233,0.9442327477145692,-13.62684102243302,standard-halo-model-uncompensated,scale_dependent_camb
2,0.36610056,0.40720486,860,879,869.5382183908046,7.566344129475812e-07,7.023782704672916e-07,7.092414919850239e-07,7.086281520410536e-09,2.505378858239604e-09,0.9282927903464939,0.9373635138032762,-21.655863464263682,standard-halo-model-uncompensated,scale_dependent_camb
2,0.36610056,0.40720486,880,899,889.5373595505617,7.36412270454087e-07,6.842641895760836e-07,6.909587088587499e-07,3.04952623957111e-09,1.0781703417035219e-09,0.9291862955435983,0.9382770176177136,-48.36720030306981,standard-halo-model-uncompensated,scale_dependent_camb
2,0.36610056,0.40720486,900,919,909.5365384615385,7.174535730140205e-07,6.577503744640852e-07,6.641784394540956e-07,5.38584572784385e-09,1.904184018291491e-09,0.9167845825910068,0.9257441379292096,-31.353691647671397,standard-halo-model-uncompensated,scale_dependent_camb
2,0.36610056,0.40720486,920,939,929.535752688172,6.996506087879435e-07,6.386590866892973e-07,6.449045739507077e-07,3.327690843869049e-09,1.1765163806960946e-09,0.912825742831402,0.9217523230172322,-51.84077595465369,standard-halo-model-uncompensated,scale_dependent_camb
2,0.36610056,0.40720486,940,959,949.535,6.829064352470058e-07,6.210663514426573e-07,6.271360100061129e-07,4.886476225776743e-09,1.7276302376767909e-09,0.909445744522848,0.9183337242667499,-35.794744995611566,standard-halo-model-uncompensated,scale_dependent_camb
2,0.36610056,0.40720486,960,979,969.5342783505155,6.671338291123329e-07,6.030198820731893e-07,6.089134010187625e-07,4.200767132948904e-09,1.4851954629468707e-09,0.9038964234140973,0.9127305114012332,-43.1686930364917,standard-halo-model-uncompensated,scale_dependent_camb
2,0.36610056,0.40720486,980,999,989.5335858585859,6.522541483042073e-07,5.883768620024821e-07,5.941290572642361e-07,2.803510829278651e-09,9.911907592564277e-10,0.9020668761282707,0.910885823890748,-64.44499780208275,standard-halo-model-uncompensated,scale_dependent_camb
2,0.36610056,0.40720486,1000,1019,1009.5329207920792,6.38196351954465e-07,5.713159003921167e-07,5.768995348916079e-07,3.821625538506316e-09,1.3511486667167538e-09,0.8952039582214343,0.9039530438004908,-49.4989583380677,standard-halo-model-uncompensated,scale_dependent_camb
2,0.36610056,0.40720486,1020,1039,1029.532281553398,6.248961434237501e-07,5.572315090929094e-07,5.626802523768047e-07,3.3099563843995466e-09,1.170246302420313e-09,0.8917185918925469,0.9004380300603712,-57.82084864604663,standard-halo-model-uncompensated,scale_dependent_camb
2,0.36610056,0.40720486,1040,1059,1049.5316666666668,6.122952310634722e-07,5.457865210900131e-07,5.511209777130717e-07,3.2256394384076546e-09,1.1404357602804097e-09,0.8913780369349885,0.9000902665138363,-58.318681586331536,standard-halo-model-uncompensated,scale_dependent_camb
2,0.36610056,0.40720486,1060,1079,1069.5310747663552,6.003406829422923e-07,5.311337693290612e-07,5.363291544708814e-07,3.456047638029635e-09,1.2218973604772525e-09,0.8847206001864718,0.8933746616043279,-56.63889280045588,standard-halo-model-uncompensated,scale_dependent_camb
2,0.36610056,0.40720486,1080,1099,1089.530504587156,5.88984336131825e-07,5.167399471511573e-07,5.217966755670724e-07,3.3776338308113235e-09,1.1941738930658914e-09,0.8773407295427663,0.8859262353121139,-60.497377643376005,standard-halo-model-uncompensated,scale_dependent_camb
2,0.36610056,0.40720486,1100,1119,1109.529954954955,5.781823158765558e-07,5.069462387453307e-07,5.119034703278334e-07,2.6675730704675758e-09,9.431295037191214e-10,0.8767930544135939,0.8853668752420418,-75.53159650961388,standard-halo-model-uncompensated,scale_dependent_camb
2,0.36610056,0.40720486,1120,1139,1129.529424778761,5.678946098431198e-07,4.978057125321167e-07,5.026740324679231e-07,2.878673671689829e-09,1.0177648370375276e-09,0.8765811541504768,0.8851537305606515,-68.86551270037516,standard-halo-model-uncompensated,scale_dependent_camb
2,0.36610056,0.40720486,1140,1159,1149.5289130434783,5.580847320223544e-07,4.861214783295986e-07,4.908729962167409e-07,3.9664015470388485e-09,1.4023347154099911e-09,0.8710531760437531,0.8795671482320336,-51.31674549732326,standard-halo-model-uncompensated,scale_dependent_camb
2,0.36610056,0.40720486,1160,1179,1169.5284188034188,5.487192742449047e-07,4.7591818412777944e-07,4.805707301796772e-07,3.6024200206622703e-09,1.2736478126462368e-09,0.8673254366409724,0.8758043552251612,-57.15951410921648,standard-halo-model-uncompensated,scale_dependent_camb
2,0.36610056,0.40720486,1180,1199,1189.5279411764707,5.397676158579503e-07,4.6600283900174636e-07,4.705561975123749e-07,4.2454196512855296e-09,1.5009825122033127e-09,0.8633397508686099,0.871775526518824,-49.1443279695002,standard-halo-model-uncompensated,scale_dependent_camb
2,0.36610056,0.40720486,1200,1219,1209.527479338843,5.312016410805377e-07,4.589640800616689e-07,4.634496784283024e-07,5.226323655265771e-09,1.8477844486570454e-09,0.8640110356738966,0.8724552836199481,-39.0941492506718,standard-halo-model-uncompensated,scale_dependent_camb
2,0.36610056,0.40720486,1220,1239,1229.5270325203253,5.229955096170681e-07,4.511535281235725e-07,4.555578952875957e-07,4.6678279352578975e-09,1.6503263932164299e-09,0.8626336552180008,0.8710550796528836,-43.53198360566602,standard-halo-model-uncompensated,scale_dependent_camb
2,0.36610056,0.40720486,1240,1259,1249.5266,5.151254475932078e-07,4.4276856560207094e-07,4.470963756781465e-07,2.3527521532196645e-09,8.318235009964379e-10,0.8595354154425763,0.8679368836602622,-86.98585926516967,standard-halo-model-uncompensated,scale_dependent_camb
2,0.36610056,0.40720486,1260,1279,1269.5261811023622,5.075695277472568e-07,4.3412385081315673e-07,4.3836876109524116e-07,1.868766520901469e-09,6.607087396919103e-10,0.8552992783864042,0.8636624878582663,-111.16195764013648,standard-halo-model-uncompensated,scale_dependent_camb
2,0.36610056,0.40720486,1280,1299,1289.5257751937984,5.003075621495762e-07,4.265573159562252e-07,4.3072491394788256e-07,3.4041736193864973e-09,1.2035571253022727e-09,0.8525901829736846,0.8609202549273268,-61.27689716001526,standard-halo-model-uncompensated,scale_dependent_camb
2,0.36610056,0.40720486,1300,1319,1309.5253816793893,4.933208838766438e-07,4.2044104129034483e-07,4.245469640214461e-07,5.229992387797199e-09,1.8490815414827113e-09,0.8522668612494363,0.8605898876310398,-39.414077179018975,standard-halo-model-uncompensated,scale_dependent_camb
2,0.36610056,0.40720486,1320,1339,1329.525,4.865922460930717e-07,4.137886619017549e-07,4.178359856619022e-07,1.9892919958324557e-09,7.033209300066253e-10,0.8503807144978807,0.8586984051159369,-103.51403048766232,standard-halo-model-uncompensated,scale_dependent_camb
2,0.36610056,0.40720486,1340,1359,1349.5246296296295,4.801056994673088e-07,4.061979853144522e-07,4.101675474618812e-07,2.8028783532875868e-09,9.909671452253181e-10,0.84605949432623,0.8543275947712639,-74.58139708158745,standard-halo-model-uncompensated,scale_dependent_camb
2,0.36610056,0.40720486,1360,1379,1369.5242700729927,4.7384646910445904e-07,4.005011743979916e-07,4.0441568902623854e-07,2.317906559920046e-09,8.195037233381234e-10,0.8452129550630912,0.8534741005679741,-89.49964791826274,standard-halo-model-uncompensated,scale_dependent_camb
2,0.36610056,0.40720486,1380,1399,1389.5239208633093,4.6780086431843304e-07,3.959988769714046e-07,3.99873829180273e-07,2.353295000955853e-09,8.320154266541431e-10,0.8465116402646219,0.8547949772663909,-86.2988654378346,standard-halo-model-uncompensated,scale_dependent_camb
2,0.36610056,0.40720486,1400,1419,1409.5235815602837,4.6195616698181294e-07,3.897168622681054e-07,3.935259481010115e-07,2.052136905727248e-09,7.25539960981458e-10,0.8436230320602006,0.851868588901216,-99.56626595175744,standard-halo-model-uncompensated,scale_dependent_camb
2,0.36610056,0.40720486,1420,1439,1429.5232517482518,4.563005657660494e-07,3.8406937122691385e-07,3.878232558506721e-07,2.725662076171339e-09,9.636670686418788e-10,0.841702597019857,0.8499293775794124,-74.95451166649585,standard-halo-model-uncompensated,scale_dependent_camb
2,0.36610056,0.40720486,1440,1459,1449.5229310344828,4.508230840750489e-07,3.790136053070397e-07,3.827172686346361e-07,3.1892556065787528e-09,1.1275721331745259e-09,0.8407147253443327,0.8489300618220447,-63.68504209645495,standard-halo-model-uncompensated,scale_dependent_camb
2,0.36610056,0.40720486,1460,1479,1469.522619047619,4.4551351572294364e-07,3.7483824376671725e-07,3.7849739063549125e-07,4.21149906837796e-09,1.4889897751054413e-09,0.8413622270436841,0.8495755510835535,-47.465250022433224,standard-halo-model-uncompensated,scale_dependent_camb
2,0.36610056,0.40720486,1480,1499,1489.5223154362416,4.4036236007566624e-07,3.7105511471176454e-07,3.7467852632915813e-07,4.167278673864294e-09,1.4733555046917626e-09,0.8426131485170694,0.8508413985808827,-47.040408878372716,standard-halo-model-uncompensated,scale_dependent_camb
2,0.36610056,0.40720486,1500,1519,1509.5220198675497,4.3536076961450423e-07,3.654990092840209e-07,3.690705832843591e-07,2.5519901358830665e-09,9.022647653020476e-10,0.8395313376711839,0.8477350488220547,-77.42933451146793,standard-halo-model-uncompensated,scale_dependent_camb
2,0.36610056,0.40720486,1520,1539,1529.5217320261438,4.3050050078621393e-07,3.603353664057692e-07,3.638535826005432e-07,4.064318431958912e-09,1.436953562069811e-09,0.8370149761677312,0.8451873620031688,-48.82908970236848,standard-halo-model-uncompensated,scale_dependent_camb
2,0.36610056,0.40720486,1540,1559,1549.5214516129033,4.2577387027723986e-07,3.567879927654089e-07,3.602733151718004e-07,3.297716106037476e-09,1.1659187105035974e-09,0.837975314297913,0.846161167516482,-59.168685509844636,standard-halo-model-uncompensated,scale_dependent_camb
2,0.36610056,0.40720486,1560,1579,1569.521178343949,4.2117369288230123e-07,3.537741170291062e-07,3.572299076496934e-07,3.2952860399461152e-09,1.1650595523976312e-09,0.8399720186891394,0.8481771622652671,-57.85075596735829,standard-halo-model-uncompensated,scale_dependent_camb
2,0.36610056,0.40720486,1580,1599,1589.5209119496856,4.166932684574572e-07,3.491895939407945e-07,3.5259887768168086e-07,4.56967364455443e-09,1.615623610936941e-09,0.8380015238389804,0.8461832824584731,-41.78180738366135,standard-halo-model-uncompensated,scale_dependent_camb
2,0.36610056,0.40720486,1600,1619,1609.520652173913,4.1232633892265133e-07,3.455110566548683e-07,3.4888477255715253e-07,3.757010771539617e-09,1.328303896773283e-09,0.8379553378948296,0.8461374877693665,-50.30120172807649,standard-halo-model-uncompensated,scale_dependent_camb
2,0.36610056,0.40720486,1620,1639,1629.520398773006,4.080670403862631e-07,3.417940610620514e-07,3.4513630416480034e-07,2.0215008398832064e-09,7.147084760278582e-10,0.8375929130138032,0.8457833395172162,-92.72728888362654,standard-halo-model-uncompensated,scale_dependent_camb
2,0.36610056,0.40720486,1640,1659,1649.5201515151516,4.0390989802586793e-07,3.378611374592232e-07,3.4116300194068573e-07,2.8649387381420026e-09,1.0129088047121202e-09,0.8364764991166056,0.8446512541736136,-65.20701593211695,standard-halo-model-uncompensated,scale_dependent_camb
2,0.36610056,0.40720486,1660,1679,1669.5199101796406,3.9984977478161786e-07,3.343031355086945e-07,3.375717279323092e-07,2.4157972356094916e-09,8.541133036355935e-10,0.8360718364572736,0.8442463875756276,-76.74232328886517,standard-halo-model-uncompensated,scale_dependent_camb
2,0.36610056,0.40720486,1680,1699,1689.519674556213,3.9588186552382514e-07,3.305142360832962e-07,3.337413500837443e-07,3.390463440518386e-09,1.1987098450778118e-09,0.8348809704783131,0.8430326800702088,-54.53165310099355,standard-halo-model-uncompensated,scale_dependent_camb
2,0.36610056,0.40720486,1700,1719,1709.5194444444444,3.920016695326358e-07,3.278226915752821e-07,3.3102664490690724e-07,1.7164686615455268e-09,6.068633151365194e-10,0.8362788147461946,0.8444521302717255,-105.75524398425044,standard-halo-model-uncompensated,scale_dependent_camb
2,0.36610056,0.40720486,1720,1739,1729.519219653179,3.882049556483025e-07,3.2497254494684e-07,3.2814626728882547e-07,3.0626102162148937e-09,1.0827962260083748e-09,0.8371159105996874,0.8452912888265968,-58.39733200268234,standard-halo-model-uncompensated,scale_dependent_camb
2,0.36610056,0.40720486,1740,1759,1749.519,3.8448775873209554e-07,3.2204106873021493e-07,3.251847781633541e-07,3.947504748330054e-09,1.3956536881551384e-09,0.8375847121692309,0.8457610698340522,-44.743685723660086,standard-halo-model-uncompensated,scale_dependent_camb
2,0.36610056,0.40720486,1760,1779,1769.5187853107345,3.808463620659163e-07,3.187701177667178e-07,3.218840774524526e-07,3.0692076703853733e-09,1.0851287782996317e-09,0.8370044971351086,0.8451809168042975,-57.206338584504564,standard-halo-model-uncompensated,scale_dependent_camb
2,0.36610056,0.40720486,1780,1799,1789.5185754189945,3.772772704301024e-07,3.158932842334861e-07,3.1898041748890524e-07,2.5746626663267155e-09,9.102807153137289e-10,0.8372974175554294,0.845480081864625,-67.43412791674957,standard-halo-model-uncompensated,scale_dependent_camb
2,0.36610056,0.40720486,1800,1819,1809.5183701657459,3.737771979049777e-07,3.1328930098996713e-07,3.163511171089568e-07,1.9933211854519865e-09,7.047454636579536e-10,0.8381712494661382,0.8463628035153181,-85.82942357805398,standard-halo-model-uncompensated,scale_dependent_camb
2,0.36610056,0.40720486,1820,1839,1829.518169398907,3.703430568929349e-07,3.1166948998448287e-07,3.147167239273673e-07,2.3176530900404777e-09,8.194141082027889e-10,0.8415696856835785,0.8497978241248654,-71.60429179958847,standard-halo-model-uncompensated,scale_dependent_camb
2,0.36610056,0.40720486,1840,1859,1849.517972972973,3.669719444485569e-07,3.0758261829138794e-07,3.105889561125259e-07,1.7788728050859187e-09,6.289265116722943e-10,0.8381638513363402,0.8463561337890371,-94.42967509710279,standard-halo-model-uncompensated,scale_dependent_camb
2,0.36610056,0.40720486,1860,1879,1869.5177807486632,3.6366112897203487e-07,3.0661981928979e-07,3.096153906545063e-07,2.4737747517356637e-09,8.746114510401779e-10,0.8431470807906135,0.8513843410476664,-65.21902910647407,standard-halo-model-uncompensated,scale_dependent_camb
2,0.36610056,0.40720486,1880,1899,1889.5175925925926,3.6040803757041894e-07,3.03791288823391e-07,3.0676023414918667e-07,1.5805527366277644e-09,5.588097790462237e-10,0.8429093059946928,0.8511470393865725,-101.3166749580893,standard-halo-model-uncompensated,scale_dependent_camb
2,0.36610056,0.40720486,1900,1919,1909.5174083769634,3.5721024719376737e-07,3.0023433031177813e-07,3.0316742825483025e-07,2.3335781998736403e-09,8.250444847798738e-10,0.840497529593313,0.8487086544591153,-69.05799376041003,standard-halo-model-uncompensated,scale_dependent_camb
2,0.36610056,0.40720486,1920,1939,1929.5172279792746,3.540654771315264e-07,2.9897280104239647e-07,3.018954406951026e-07,1.5107547466172439e-09,5.341324630214087e-10,0.8443997518892123,0.8526542693202367,-103.14421965197371,standard-halo-model-uncompensated,scale_dependent_camb
2,0.36610056,0.40720486,1940,1959,1949.5170512820512,3.5097157756913227e-07,2.965871077344284e-07,2.9948569981605346e-07,1.9116228734313807e-09,6.758607484373212e-10,0.8450459430037707,0.8533047088608267,-80.46697483238654,standard-halo-model-uncompensated,scale_dependent_camb
2,0.36610056,0.40720486,1960,1979,1969.5168781725888,3.479265201215306e-07,2.940742636370049e-07,2.9695066353292263e-07,1.943142365681236e-09,6.870045717920359e-10,0.8452194547696017,0.8534867173367465,-78.38704238030508,standard-halo-model-uncompensated,scale_dependent_camb
2,0.36610056,0.40720486,1980,1999,1989.5167085427136,3.4492839129301537e-07,2.922980722352824e-07,2.9515681506848996e-07,1.5719824060978133e-09,5.557797096288545e-10,0.847416680139201,0.8557046115051613,-94.69636646663318,standard-halo-model-uncompensated,scale_dependent_camb
2,0.36610056,0.40720486,2000,2019,2009.5165422885573,3.419753883234524e-07,2.8979991925826637e-07,2.9263193353981973e-07,2.3688294156821564e-09,8.375076716515098e-10,0.8474291693300553,0.8557105088014056,-62.298496875019,standard-halo-model-uncompensated,scale_dependent_camb
2,0.36610056,0.40720486,2020,2039,2029.5163793103447,3.390658080516383e-07,2.8785774696249896e-07,2.906694924243956e-07,2.462317125187761e-09,8.705605683260154e-10,0.8489730905531454,0.8572657151561794,-58.821939509167514,standard-halo-model-uncompensated,scale_dependent_camb
2,0.36610056,0.40720486,2040,2059,2049.516219512195,3.3619804180598636e-07,2.8548217714006536e-07,2.882718849748159e-07,2.2408064937366095e-09,7.922447335240037e-10,0.8491488397925049,0.8574466508676819,-64.01540145345048,standard-halo-model-uncompensated,scale_dependent_camb
2,0.36610056,0.40720486,2060,2079,2069.5160628019325,3.333705738401701e-07,2.8355921814895286e-07,2.8632800705578646e-07,2.709255012364868e-09,9.578662956034209e-10,0.8505826260625552,0.858888064886802,-52.002409855999694,standard-halo-model-uncompensated,scale_dependent_camb
2,0.36610056,0.40720486,2080,2099,2089.515909090909,3.3058196843309587e-07,2.8199750124392563e-07,2.847512930847522e-07,2.292983586732595e-09,8.10692121664035e-10,0.8530335232152781,0.8613636564463164,-59.9296155603995,standard-halo-model-uncompensated,scale_dependent_camb
2,0.36610056,0.40720486,2100,2119,2109.5157582938386,3.2783086892272886e-07,2.7816122380299643e-07,2.808762299550495e-07,3.1814817588669946e-09,1.1248236629580781e-09,0.8484900299872622,0.8567717581874611,-44.15771712084226,standard-halo-model-uncompensated,scale_dependent_camb
2,0.36610056,0.40720486,2120,2139,2129.5156103286386,3.25115995215363e-07,2.773418341815774e-07,2.8004937960799876e-07,2.729189752977326e-09,9.649142907375527e-10,0.853055027322974,0.8613829640171617,-49.51130011481997,standard-halo-model-uncompensated,scale_dependent_camb
2,0.36610056,0.40720486,2140,2159,2149.515465116279,3.2243613667461387e-07,2.7516488048268967e-07,2.778533830830835e-07,1.9215894508365455e-09,6.793844656715276e-10,0.8533934295347673,0.8617315228642595,-69.5795364487759,standard-halo-model-uncompensated,scale_dependent_camb
2,0.36610056,0.40720486,2160,2179,2169.5153225806453,3.197901433011945e-07,2.729902760207675e-07,2.7565862902690343e-07,2.054062776061305e-09,7.262208589679067e-10,0.8536544410114963,0.8619985162184133,-64.4430226734856,standard-halo-model-uncompensated,scale_dependent_camb
2,0.36610056,0.40720486,2180,2199,2189.5151826484016,3.1717693567748584e-07,2.7211478828483026e-07,2.747747200674107e-07,1.586910865234406e-09,5.610577169729299e-10,0.8579274142478127,0.8663136853898138,-80.3164202709465,standard-halo-model-uncompensated,scale_dependent_camb
2,0.36610056,0.40720486,2200,2219,2209.515045248869,3.1459548267845544e-07,2.703045493744077e-07,2.729436230199163e-07,2.7177671901834094e-09,9.60875804932499e-10,0.8592130664847561,0.8676018507833724,-46.09433714189438,standard-halo-model-uncompensated,scale_dependent_camb
2,0.36610056,0.40720486,2220,2239,2229.5149103139015,3.120448120888934e-07,2.673732913456107e-07,2.699863563992549e-07,1.6420293485863537e-09,5.8054504364637e-10,0.8568426103794446,0.8652166161389118,-76.9475533934515,standard-halo-model-uncompensated,scale_dependent_camb
2,0.36610056,0.40720486,2240,2259,2249.514777777778,3.0952400642425546e-07,2.665892789749937e-07,2.6919395546435346e-07,1.907937898234868e-09,6.74557912962342e-10,0.8612878918657689,0.8697029951705174,-63.64868994081258,standard-halo-model-uncompensated,scale_dependent_camb
2,0.36610056,0.40720486,2260,2279,2269.5146475770925,3.0703218947821867e-07,2.635550028081775e-07,2.661307879313797e-07,1.6976380099113649e-09,6.002056744041807e-10,0.8583953469376361,0.8667846468595093,-72.43714700498393,standard-halo-model-uncompensated,scale_dependent_camb
2,0.36610056,0.40720486,2280,2299,2289.514519650655,3.0456853838334204e-07,2.6191898998501063e-07,2.644777141607178e-07,2.045240974013632e-09,7.231018809428092e-10,0.8599673209034776,0.8683684649917308,-58.98138218465594,standard-halo-model-uncompensated,scale_dependent_camb
2,0.36610056,0.40720486,2300,2319,2309.514393939394,3.021322670760269e-07,2.597692288010412e-07,2.6230764211406796e-07,2.212921462180527e-09,7.823858860705503e-10,0.85978644821698,0.8681881106332224,-54.14596432426659,standard-halo-model-uncompensated,scale_dependent_camb
2,0.36610056,0.40720486,2320,2339,2329.514270386266,2.997226341506748e-07,2.57887933343537e-07,2.604083881132258e-07,1.423825064314049e-09,5.033981790999181e-10,0.8604219500282821,0.8688312407607991,-83.10459303197867,standard-halo-model-uncompensated,scale_dependent_camb
2,0.36610056,0.40720486,2340,2359,2349.5141489361704,2.97338937319303e-07,2.5640585635072925e-07,2.5891094538585153e-07,1.6949127227116172e-09,5.992421398743695e-10,0.8623352819593318,0.8707603105065758,-68.30808156641875,standard-halo-model-uncompensated,scale_dependent_camb
2,0.36610056,0.40720486,2360,2379,2369.514029535865,2.9498050370067077e-07,2.5431403384748915e-07,2.5679880873533004e-07,1.9166296533008693e-09,6.776309124361331e-10,0.862138448666941,0.8705619710918748,-60.01271356848621,standard-halo-model-uncompensated,scale_dependent_camb
2,0.36610056,0.40720486,2380,2399,2389.513912133891,2.926467045035641e-07,2.5184620211630256e-07,2.543066691477855e-07,1.6127522200534849e-09,5.701940155867391e-10,0.8605810290723277,0.8689886652890306,-71.5554728249421,standard-halo-model-uncompensated,scale_dependent_camb
2,0.36610056,0.40720486,2400,2419,2409.5137966804978,2.903369340585392e-07,2.5086902711137587e-07,2.5332107223102455e-07,1.183589997306988e-09,4.1846225662016934e-10,0.8640617079079385,0.8725072235554733,-94.3165275309109,standard-halo-model-uncompensated,scale_dependent_camb
2,0.36610056,0.40720486,2420,2439,2429.513683127572,2.8805062279161113e-07,2.4867113019212696e-07,2.5110321794195335e-07,9.78556286384129e-10,3.459718929374714e-10,0.8632896807587427,0.8717329457871466,-113.82280874071276,standard-halo-model-uncompensated,scale_dependent_camb
2,0.36610056,0.40720486,2440,2459,2449.5135714285716,2.8578722904692073e-07,2.471236062524946e-07,2.4953805092602863e-07,1.895295063941762e-09,6.700879960313055e-10,0.864711859506926,0.8731602589738512,-57.69932161658932,standard-halo-model-uncompensated,scale_dependent_camb
2,0.36610056,0.40720486,2460,2479,2469.5134615384613,2.8354623404996554e-07,2.4574730373994744e-07,2.481476466641698e-07,1.8270227796554813e-09,6.45950098438343e-10,0.8666921800719197,0.8751576175772523,-58.51679626863013,standard-halo-model-uncompensated,scale_dependent_camb
2,0.36610056,0.40720486,2480,2499,2489.513353413655,2.813271489700702e-07,2.440414178981158e-07,2.464256411882673e-07,1.8681976262108707e-09,6.605076050451588e-10,0.8674648671183841,0.8759397807514268,-56.450116224483416,standard-halo-model-uncompensated,scale_dependent_camb
2,0.36610056,0.40720486,2500,2519,2509.513247011952,2.79129509363284e-07,2.425269883507167e-07,2.4489712701949535e-07,1.4184426027826132e-09,5.014951915757411e-10,0.8688690382609117,0.8773602174063381,-72.98678357724434,standard-halo-model-uncompensated,scale_dependent_camb
2,0.36610056,0.40720486,2520,2539,2529.51314229249,2.769528706368866e-07,2.4051408588296215e-07,2.4286449085492086e-07,1.2723267192056166e-09,4.498354255175619e-10,0.8684296549440739,0.8769163153876132,-81.00470235753332,standard-halo-model-uncompensated,scale_dependent_camb
2,0.36610056,0.40720486,2540,2559,2549.513039215686,2.747968096220567e-07,2.398428570052188e-07,2.4218690276142117e-07,1.7289519411388381e-09,6.112768209624584e-10,0.8728007335132018,0.8813308389370104,-57.181871483042286,standard-halo-model-uncompensated,scale_dependent_camb
2,0.36610056,0.40720486,2560,2579,2569.512937743191,2.7266092596268844e-07,2.373470493418956e-07,2.3966592426318506e-07,1.6541028017152696e-09,5.848136539362672e-10,0.8704842782437213,0.8789888885508351,-60.384836063764936,standard-halo-model-uncompensated,scale_dependent_camb
2,0.36610056,0.40720486,2580,2599,2589.5128378378377,2.7054483843864513e-07,2.3595752545693057e-07,2.3826295490165788e-07,1.722512604746679e-09,6.0900017174784e-10,0.8721568181403011,0.8806782501440765,-56.793601358844334,standard-halo-model-uncompensated,scale_dependent_camb
2,0.36610056,0.40720486,2600,2619,2609.5127394636015,2.684481816836893e-07,2.3360232750624168e-07,2.3588418754471383e-07,2.112274857110326e-09,7.468019375962785e-10,0.8701952311284186,0.8786954192249088,-46.66010145823334,standard-halo-model-uncompensated,scale_dependent_camb
2,0.36610056,0.40720486,2620,2639,2629.5126425855515,2.6637060839383385e-07,2.3220424609191985e-07,2.344721682764276e-07,1.9814660866929294e-09,7.005540532958708e-10,0.8717337377876225,0.8802478985585234,-48.77048693269673,standard-halo-model-uncompensated,scale_dependent_camb
2,0.36610056,0.40720486,2640,2659,2649.512547169811,2.643117880570784e-07,2.307040476109102e-07,2.32958665868748e-07,1.26365808927623e-09,4.4677060201422887e-10,0.8728481211783464,0.8813782676179404,-75.22370606895456,standard-halo-model-uncompensated,scale_dependent_camb
2,0.36610056,0.40720486,2660,2679,2669.5124531835204,2.6227140416624423e-07,2.2930528514658842e-07,2.3154742782540363e-07,1.6269311191284133e-09,5.752070134295599e-10,0.8743053245760647,0.8828542652657405,-57.31174733614901,standard-halo-model-uncompensated,scale_dependent_camb
2,0.36610056,0.40720486,2680,2699,2689.5123605947956,2.602491560447398e-07,2.281691564609711e-07,2.3040031423696774e-07,1.1437517295640528e-09,4.0437730198429195e-10,0.8767335115651489,0.8853066720314717,-79.33185029513557,standard-halo-model-uncompensated,scale_dependent_camb
2,0.36610056,0.40720486,2700,2719,2709.512269372694,2.5824475592106485e-07,2.2721415351592865e-07,2.2943512718742692e-07,1.4663201948462481e-09,5.184224765832808e-10,0.8798403386955086,0.8884406049955033,-59.85581992826917,standard-halo-model-uncompensated,scale_dependent_camb
2,0.36610056,0.40720486,2720,2739,2729.5121794871793,2.5625792902354984e-07,2.2462424673357556e-07,2.2681869064051038e-07,1.6131002020337406e-09,5.703170457957239e-10,0.8765553034377829,0.885118722003197,-55.46683642576033,standard-halo-model-uncompensated,scale_dependent_camb
2,0.36610056,0.40720486,2740,2759,2749.512090909091,2.5428841301861805e-07,2.2294257978434274e-07,2.2512258724637127e-07,1.00486089596718e-09,3.552719768437914e-10,0.8767311775547544,0.8853041496227696,-88.2305255617098,standard-halo-model-uncompensated,scale_dependent_camb
2,0.36610056,0.40720486,2760,2779,2769.5120036101084,2.523359561916586e-07,2.216445446751203e-07,2.2381080088058449e-07,1.376177847867253e-09,4.865523441728217e-10,0.8783708355331372,0.8869556453959807,-63.07936213670124,standard-halo-model-uncompensated,scale_dependent_camb
2,0.36610056,0.40720486,2780,2799,2789.511917562724,2.5040031813667084e-07,2.1920474746266707e-07,2.2134656533041875e-07,1.6718063869575802e-09,5.91072816524343e-10,0.8754172083081103,0.8839707831745075,-52.777880832756914,standard-halo-model-uncompensated,scale_dependent_camb
2,0.36610056,0.40720486,2800,2819,2809.5118327402133,2.4848126890367426e-07,2.181750796765855e-07,2.203083273507712e-07,1.0673375214876856e-09,3.773607996293924e-10,0.8780343107518611,0.8866194555541146,-80.31091002789003,standard-halo-model-uncompensated,scale_dependent_camb
2,0.36610056,0.40720486,2820,2839,2829.511749116608,2.4657858850712295e-07,2.1692041036347475e-07,2.190408346295652e-07,1.2748860101727066e-09,4.5074027151649126e-10,0.8797211942723426,0.8883205794782045,-65.79882033585523,standard-halo-model-uncompensated,scale_dependent_camb
2,0.36610056,0.40720486,2840,2859,2849.5116666666668,2.4469206505865886e-07,2.149051882462862e-07,2.170055056111553e-07,1.548299692871331e-09,5.474066060691835e-10,0.878267908666217,0.8868514210263975,-54.41453662071455,standard-halo-model-uncompensated,scale_dependent_camb
2,0.36610056,0.40720486,2860,2879,2869.5115853658535,2.4282149574280583e-07,2.136746052853379e-07,2.1576225891203275e-07,1.4080355733258095e-09,4.97815751025284e-10,0.8799657733418296,0.8885632561153731,-58.549554523813285,standard-halo-model-uncompensated,scale_dependent_camb
2,0.36610056,0.40720486,2880,2899,2889.5115051903113,2.40966686558423e-07,2.1269821972971173e-07,2.147766007368852e-07,1.6056597253536784e-09,5.676864400378577e-10,0.8826872409939641,0.8913124208346205,-49.7959169622338,standard-halo-model-uncompensated,scale_dependent_camb
2,0.36610056,0.40720486,2900,2919,2909.5114261168383,2.391274508252367e-07,2.1082378170097467e-07,2.1288385621339176e-07,1.3302296266599165e-09,4.703071947732382e-10,0.8816377248760645,0.8902526894286816,-60.18123779269169,standard-halo-model-uncompensated,scale_dependent_camb
2,0.36610056,0.40720486,2920,2939,2929.511348122867,2.3730360838216102e-07,2.0913821127729455e-07,2.1118343192177915e-07,6.538632673183603e-10,2.311755751448024e-10,0.881310708687126,0.8899292908419786,-121.83552300983521,standard-halo-model-uncompensated,scale_dependent_camb
2,0.36610056,0.40720486,2940,2959,2949.511271186441,2.35494986564251e-07,2.081207989796304e-07,2.101551154820359e-07,8.959670985776195e-10,3.167722055621353e-10,0.8837589369353644,0.8923974074696426,-86.41600211117995,standard-halo-model-uncompensated,scale_dependent_camb
2,0.36610056,0.40720486,2960,2979,2969.5111952861953,2.3370141938294796e-07,2.064191064113515e-07,2.084369617695897e-07,9.912311330954064e-10,3.504531279674935e-10,0.8832599603218879,0.8918942910998782,-77.84867873722345,standard-halo-model-uncompensated,scale_dependent_camb
2,0.36610056,0.40720486,2980,2999,2989.511120401338,2.319227467707701e-07,2.0527045626258884e-07,2.072764927848224e-07,1.1115943389743454e-09,3.930079475086687e-10,0.8850811708671074,0.89373076022462,-67.81616167595031,standard-halo-model-uncompensated,scale_dependent_camb
2,0.36610056,0.40720486,3000,3019,3009.5110465116277,2.3015881438871258e-07,2.0342587408633985e-07,2.0541490763986586e-07,6.841606817751204e-10,2.4188732875219957e-10,0.8838500260206251,0.892492030711207,-110.5181509104976,standard-halo-model-uncompensated,scale_dependent_camb
2,0.36610056,0.40720486,3020,3039,3029.5109735973597,2.2840947319971548e-07,2.023811850252114e-07,2.043595671824623e-07,9.70039869530275e-10,3.4296088488308566e-10,0.8860454962314738,0.894707055358319,-75.89287677332952,standard-halo-model-uncompensated,scale_dependent_camb
2,0.36610056,0.40720486,3040,3059,3049.5109016393444,2.2667457932795498e-07,2.005777891239985e-07,2.025374244111429e-07,1.449959120900853e-09,5.126379634161391e-10,0.884871121052355,0.8935162690568393,-50.906862281621834,standard-halo-model-uncompensated,scale_dependent_camb
2,0.36610056,0.40720486,3060,3079,3069.5108306188927,2.249539938875478e-07,1.9903194121725982e-07,2.0097631875709827e-07,1.4551201495701586e-09,5.144626626011212e-10,0.8847673152082548,0.8934107605022753,-50.38665496000463,standard-halo-model-uncompensated,scale_dependent_camb
2,0.36610056,0.40720486,3080,3099,3089.5107605177996,2.2324758220830256e-07,1.982833282558434e-07,2.002214085057057e-07,1.0529869599512263e-09,3.722871099412598e-10,0.8881768227654707,0.8968581273094722,-67.05645531589337,standard-halo-model-uncompensated,scale_dependent_camb
2,0.36610056,0.40720486,3100,3119,3109.510691318328,2.215552138816606e-07,1.9670837069407111e-07,1.9862990751831802e-07,1.5075196079367505e-09,5.329886687718808e-10,0.8878525909985537,0.8965255388862674,-46.61795764784626,standard-halo-model-uncompensated,scale_dependent_camb
2,0.36610056,0.40720486,3120,3139,3129.5106230031947,2.198767630771787e-07,1.956042273588746e-07,1.9751664881111137e-07,1.4127323983798144e-09,4.994763294481509e-10,0.889608454396865,0.8983061513497962,-48.59596799135952,standard-halo-model-uncompensated,scale_dependent_camb
2,0.36610056,0.40720486,3140,3159,3149.5105555555556,2.1821210888412276e-07,1.9392259886662303e-07,1.958178585871696e-07,1.0670737885591565e-09,3.7726755595829985e-10,0.8886885327230021,0.8973739339605338,-64.38271628155724,standard-halo-model-uncompensated,scale_dependent_camb
2,0.36610056,0.40720486,3160,3179,3169.5104889589907,2.165611310971264e-07,1.9227272654293835e-07,1.9415288904465417e-07,1.0759466482102497e-09,3.8040458557220214e-10,0.8878450420389851,0.8965269439675106,-63.84887426541821,standard-halo-model-uncompensated,scale_dependent_camb
2,0.36610056,0.40720486,3180,3199,3189.510423197492,2.1492371422017694e-07,1.9078431642896282e-07,1.9264782301319432e-07,1.6667251892687206e-09,5.892763418531721e-10,0.8876838794695093,0.896354428417507,-40.964478083915424,standard-halo-model-uncompensated,scale_dependent_camb
2,0.36610056,0.40720486,3200,3219,3209.5103582554516,2.132997462670161e-07,1.8969367941024188e-07,1.9154685374973362e-07,1.3518386478605082e-09,4.779471374861093e-10,0.8893291376576543,0.8980172602265948,-49.390539256991104,standard-halo-model-uncompensated,scale_dependent_camb
2,0.36610056,0.40720486,3220,3239,3229.510294117647,2.1168911929356144e-07,1.8858943683037955e-07,1.9043242542931267e-07,1.3382393446973993e-09,4.731390577430863e-10,0.8908792169372285,0.8995853261840496,-48.82218469421938,standard-halo-model-uncompensated,scale_dependent_camb
2,0.36610056,0.40720486,3240,3259,3249.510230769231,2.100917265005631e-07,1.8731839297055621e-07,1.8914742700453243e-07,1.6100179102678636e-09,5.692272910911004e-10,0.8916029016975789,0.9003087849060323,-40.00745200806297,standard-halo-model-uncompensated,scale_dependent_camb
2,0.36610056,0.40720486,3260,3279,3269.5101681957185,2.0850746354812663e-07,1.8589813476112128e-07,1.8771414960206405e-07,1.442068812903383e-09,5.098483182708084e-10,0.8915658537959876,0.9002754453378923,-44.34520616579987,standard-halo-model-uncompensated,scale_dependent_camb
2,0.36610056,0.40720486,3280,3299,3289.510106382979,2.0693622888953367e-07,1.8425309242033975e-07,1.860533678128216e-07,1.1248052490350379e-09,3.976787095534493e-10,0.8903858614273743,0.899085524130916,-57.03885051997042,standard-halo-model-uncompensated,scale_dependent_camb
2,0.36610056,0.40720486,3300,3319,3309.5100453172204,2.0537792613076344e-07,1.8290836004949073e-07,1.8469561728737249e-07,1.1937318700531276e-09,4.220479501165325e-10,0.8905940550448133,0.8992963400057775,-53.23936788478321,standard-halo-model-uncompensated,scale_dependent_camb
2,0.36610056,0.40720486,3320,3339,3329.509984984985,2.038324569005328e-07,1.815831887793114e-07,1.83356881043001e-07,1.279074203290415e-09,4.522210213937165e-10,0.8908453125692406,0.899547029119491,-49.199986441697384,standard-halo-model-uncompensated,scale_dependent_camb
2,0.36610056,0.40720486,3340,3359,3349.509925373134,2.0229972591642738e-07,1.8101181289744865e-07,1.827812551183911e-07,1.2160729011418558e-09,4.2994669740730213e-10,0.8947704307430795,0.9035170675115021,-49.51291205945004,standard-halo-model-uncompensated,scale_dependent_camb
2,0.36610056,0.40720486,3360,3379,3369.5098664688426,2.0077964227856854e-07,1.7934943619904779e-07,1.811018544514734e-07,1.1188397907016445e-09,3.9556960153323514e-10,0.8932650450199141,0.9019931124302258,-54.175563532831845,standard-halo-model-uncompensated,scale_dependent_camb
2,0.36610056,0.40720486,3380,3399,3389.509808259587,1.99272115420853e-07,1.780246633469411e-07,1.7976415969823116e-07,1.110821333456997e-09,3.9273464878706286e-10,0.8933746850178294,0.9021039362109345,-54.10129241087686,standard-halo-model-uncompensated,scale_dependent_camb
2,0.36610056,0.40720486,3400,3419,3409.509750733138,1.9777705437914759e-07,1.7707199118184244e-07,1.7880160625288295e-07,1.3304755241227418e-09,4.703941326549583e-10,0.8953110953022255,0.9040563720304589,-44.016414661559224,standard-halo-model-uncompensated,scale_dependent_camb
2,0.36610056,0.40720486,3420,3439,3429.509693877551,1.9629437337201504e-07,1.7591689814612557e-07,1.7763716090493171e-07,7.963434493891604e-10,2.8154992660828075e-10,0.8961892036137465,0.9049528921966379,-72.37606300015332,standard-halo-model-uncompensated,scale_dependent_camb
2,0.36610056,0.40720486,3440,3459,3449.5096376811593,1.9482398675244054e-07,1.7461635140566193e-07,1.7632404086483824e-07,8.074963509034579e-10,2.8549307275361347e-10,0.896277477513813,0.9050427711906447,-70.78152598195693,standard-halo-model-uncompensated,scale_dependent_camb
2,0.36610056,0.40720486,3460,3479,3469.509582132565,1.9336580813999322e-07,1.7340035362058267e-07,1.7509519643557662e-07,1.181498203513945e-09,4.1772269583221705e-10,0.8967477512624366,0.905512707338678,-47.79595343660687,standard-halo-model-uncompensated,scale_dependent_camb
2,0.36610056,0.40720486,3480,3499,3489.5095272206304,1.9191975697686282e-07,1.7262651762389752e-07,1.7431366074790994e-07,8.315833114771263e-10,2.9400909933352044e-10,0.899472364612825,0.9082632423764719,-65.62123212070821,standard-halo-model-uncompensated,scale_dependent_camb
2,0.36610056,0.40720486,3500,3519,3509.509472934473,1.9048574953772287e-07,1.7120913220316232e-07,1.72883630880952e-07,3.6703187892388985e-10,1.2976536524936118e-10,0.898802837580545,0.9075935144781786,-148.5497867440823,standard-halo-model-uncompensated,scale_dependent_camb
2,0.36610056,0.40720486,3520,3539,3529.509419263456,1.890637048160282e-07,1.696128070348055e-07,1.7127108445023897e-07,7.881631981651294e-10,2.786577710521198e-10,0.8971198739591518,0.9058908721634189,-69.80210064762424,standard-halo-model-uncompensated,scale_dependent_camb
2,0.36610056,0.40720486,3540,3559,3549.509366197183,1.8765354578361955e-07,1.6863605312121336e-07,1.7028525818083063e-07,7.43509260793662e-10,2.628702200910978e-10,0.8986563638699641,0.907444927138142,-72.34555765128383,standard-halo-model-uncompensated,scale_dependent_camb
2,0.36610056,0.40720486,3560,3579,3569.5093137254903,1.862551904941276e-07,1.6761178162940809e-07,1.6924927064469542e-07,1.2850717025607718e-09,4.5434145759583186e-10,0.8999039499771293,0.9086955922983078,-41.03391524817467,standard-halo-model-uncompensated,scale_dependent_camb
2,0.36610056,0.40720486,3580,3599,3589.50926183844,1.8486856412928528e-07,1.66388992881711e-07,1.680150806364535e-07,1.1499876164536745e-09,4.0658202093747383e-10,0.900039407269638,0.9088353199895818,-45.451029056732835,standard-halo-model-uncompensated,scale_dependent_camb
2,0.36610056,0.40720486,3600,3619,3609.5092105263157,1.834935883181776e-07,1.6507329597187356e-07,1.6668591047438494e-07,1.1695843956729419e-09,4.1351052867515365e-10,0.8996134278307136,0.9084018248384342,-44.54612656495307,standard-halo-model-uncompensated,scale_dependent_camb
2,0.36610056,0.40720486,3620,3639,3629.5091597796145,1.8213018763670783e-07,1.6422720731379266e-07,1.658329154978898e-07,8.557214987518911e-10,3.02543237287289e-10,0.9017022902396281,0.9105185562575384,-59.17494796261091,standard-halo-model-uncompensated,scale_dependent_camb
2,0.36610056,0.40720486,3640,3659,3649.509109589041,1.8077828794294033e-07,1.6317609264660745e-07,1.647709665181669e-07,9.561496482201893e-10,3.3804995004281386e-10,0.9026310322073151,0.9114532967043815,-52.069805938748324,standard-halo-model-uncompensated,scale_dependent_camb
2,0.36610056,0.40720486,3660,3679,3669.5090599455043,1.7943781269514284e-07,1.619124945512302e-07,1.634941499667195e-07,1.3165974455748724e-09,4.654874909294393e-10,0.9023320788373217,0.9111465833820047,-37.649385827575806,standard-halo-model-uncompensated,scale_dependent_camb
2,0.36610056,0.40720486,3680,3699,3689.509010840108,1.7810869128128602e-07,1.6080108304033422e-07,1.6237237084900234e-07,9.848451117934807e-10,3.4819532848379684e-10,0.9028255829828203,0.9116476556024354,-49.70660668055805,standard-halo-model-uncompensated,scale_dependent_camb
2,0.36610056,0.40720486,3700,3719,3709.508962264151,1.7679084767436426e-07,1.5988183539149377e-07,1.6144536196582316e-07,5.621359621523278e-10,1.9874507539336767e-10,0.904355839087238,0.9131997730063134,-85.07889943639208,standard-halo-model-uncompensated,scale_dependent_camb
2,0.36610056,0.40720486,3720,3739,3729.508914209115,1.7548421253814008e-07,1.5881325174406036e-07,1.6036560959442195e-07,9.46849698373127e-10,3.347619212420376e-10,0.9050002245047746,0.9138463641540846,-49.79945369003418,standard-halo-model-uncompensated,scale_dependent_camb
2,0.36610056,0.40720486,3740,3759,3749.5088666666666,1.741887107400853e-07,1.5748252804881257e-07,1.5902161939307406e-07,9.634694381878617e-10,3.4063788660431505e-10,0.904091472861288,0.9129272426291579,-49.043818518867916,standard-halo-model-uncompensated,scale_dependent_camb
2,0.36610056,0.40720486,3760,3779,3769.5088196286474,1.7290427452709977e-07,1.5634047713150527e-07,1.578686726499347e-07,7.028009160199774e-10,2.4847764677092163e-10,0.9042024990943852,0.9130408897160694,-66.66111664710476,standard-halo-model-uncompensated,scale_dependent_camb
2,0.36610056,0.40720486,3780,3799,3789.5087730870714,1.7163082988919428e-07,1.5542212840113113e-07,1.5694213405949918e-07,4.0859298512732573e-10,1.4445943526439308e-10,0.9055606647213232,0.914416915427268,-112.20244256387683,standard-halo-model-uncompensated,scale_dependent_camb
2,0.36610056,0.40720486,3800,3819,3809.5087270341205,1.70368309633754e-07,1.5448631583336758e-07,1.5599631602600505e-07,9.921640622383517e-10,3.507829682291651e-10,0.906778474033531,0.915641625847877,-45.27584073013142,standard-halo-model-uncompensated,scale_dependent_camb
2,0.36610056,0.40720486,3820,3839,3829.508681462141,1.6911664073032696e-07,1.5331684142161774e-07,1.5481588732212066e-07,7.343688585959163e-10,2.596385999026986e-10,0.9065745438149784,0.9154385201453342,-60.85304463446613,standard-halo-model-uncompensated,scale_dependent_camb
2,0.36610056,0.40720486,3840,3859,3849.5086363636365,1.6787575687831462e-07,1.522948968489659e-07,1.5378363471345711e-07,6.594443245992893e-10,2.3314877686957014e-10,0.9071881472400892,0.9160562404786521,-66.82797241550652,standard-halo-model-uncompensated,scale_dependent_camb
2,0.36610056,0.40720486,3860,3879,3869.5085917312663,1.6664558623374952e-07,1.510121923887413e-07,1.5248729178217175e-07,1.08953781138608e-09,3.8520978739512336e-10,0.9061877713155893,0.9150394872641974,-40.58410340693779,standard-halo-model-uncompensated,scale_dependent_camb
2,0.36610056,0.40720486,3880,3899,3889.5085475578408,1.654260625159098e-07,1.49925896608879e-07,1.513918315584881e-07,5.599903941501852e-10,1.9798650255146174e-10,0.9063015484301933,0.9151631203452482,-78.28900307485308,standard-halo-model-uncompensated,scale_dependent_camb
2,0.36610056,0.40720486,3900,3919,3909.5085038363172,1.6421711535141673e-07,1.49564146047023e-07,1.510266675490305e-07,4.538962045898646e-10,1.604765421101649e-10,0.9107707544792937,0.919676778062023,-91.30910419502096,standard-halo-model-uncompensated,scale_dependent_camb
2,0.36610056,0.40720486,3920,3939,3929.5084605597963,1.6301867810964758e-07,1.483800960355815e-07,1.4983021948718224e-07,7.081263995599579e-10,2.503604895330304e-10,0.9102030378125134,0.9190984813801847,-58.470016979794956,standard-halo-model-uncompensated,scale_dependent_camb
2,0.36610056,0.40720486,3940,3959,3949.508417721519,1.618306829097693e-07,1.4726953319048955e-07,1.487085852595663e-07,9.906818089791414e-10,3.5025891256365336e-10,0.9100223180334814,0.9189146494702777,-41.57253162439801,standard-halo-model-uncompensated,scale_dependent_camb
2,0.36610056,0.40720486,3960,3979,3969.5083753148615,1.6065306127414612e-07,1.4614020453968877e-07,1.475685189105897e-07,6.773174223805809e-10,2.394678711905509e-10,0.9096633663911832,0.9185540427316955,-60.60460913735305,standard-halo-model-uncompensated,scale_dependent_camb
2,0.36610056,0.40720486,3980,3999,3989.508333333333,1.594857478621704e-07,1.4583240950535188e-07,1.472579197122606e-07,7.498434185458208e-10,2.6510968304092624e-10,0.9143914830018673,0.9233296497410085,-51.500715478245205,standard-halo-model-uncompensated,scale_dependent_camb
2,0.36610056,0.40720486,4000,4019,4009.5082917705736,1.5832867347904464e-07,1.448748098971071e-07,1.462905406181841e-07,8.856821866055063e-10,3.131359400624413e-10,0.9150257291600551,0.923967449506524,-42.96492947840721,standard-halo-model-uncompensated,scale_dependent_camb
2,0.36610056,0.40720486,4020,4039,4029.5082506203476,1.5718177379604213e-07,1.4355523279420298e-07,1.4495789895737132e-07,9.608101895033448e-10,3.3969770021547343e-10,0.91330711778631,0.9222309651847267,-40.11372756776304,standard-halo-model-uncompensated,scale_dependent_camb
2,0.36610056,0.40720486,4040,4059,4049.5082098765433,1.5604498079335165e-07,1.4266812920151418e-07,1.4406292133388148e-07,6.3427829817583e-10,2.2425124289979614e-10,0.9142756689524525,0.92321406687641,-59.65118150009431,standard-halo-model-uncompensated,scale_dependent_camb
2,0.36610056,0.40720486,4060,4079,4069.5081695331696,1.5491822858811395e-07,1.4176137917820003e-07,1.4314728374741255e-07,6.52800451670135e-10,2.3079981306879678e-10,0.9150722963345104,0.9240183356860013,-57.00545955811552,standard-halo-model-uncompensated,scale_dependent_camb
2,0.36610056,0.40720486,4080,4096,4088.005870123517,1.5388487716826988e-07,1.4093812374019434e-07,1.4231562777111258e-07,6.692499168425769e-10,2.366155772539596e-10,0.9158672790574571,0.9248188021457978,-54.71640362113517,standard-halo-model-uncompensated,scale_dependent_camb
3,0.32596586,0.36610056,20,39,30.608333333333334,4.591032958771622e-05,4.598234522765432e-05,4.639419690454641e-05,2.0549290095060904e-06,7.26527118739356e-07,1.00156861518061,1.0105393997641796,0.09912312710784482,standard-halo-model-uncompensated,scale_dependent_camb
3,0.32596586,0.36610056,40,59,50.165,3.5690191528848986e-05,3.499800980426413e-05,3.531065887483861e-05,7.383694684283759e-07,2.6105302907340546e-07,0.9806058276816656,0.9893659115361263,-2.6514985366832176,standard-halo-model-uncompensated,scale_dependent_camb
3,0.32596586,0.36610056,60,79,69.975,2.8485788767081112e-05,2.772297351461477e-05,2.7971109004953325e-05,4.809704869776454e-07,1.7004874644624456e-07,0.973221199570648,0.9819320515806618,-4.485862250725156,standard-halo-model-uncompensated,scale_dependent_camb
3,0.32596586,0.36610056,80,99,89.86944444444444,2.1580664954159027e-05,2.0542949278735802e-05,2.0726785384533898e-05,4.102090236955182e-07,1.4503079117950704e-07,0.9519145643738268,0.9604331205067632,-7.155140415243454,standard-halo-model-uncompensated,scale_dependent_camb
3,0.32596586,0.36610056,100,119,109.80227272727272,1.7094955668243725e-05,1.6454046871428263e-05,1.66011565097783e-05,4.4424534753504523e-07,1.5706444887630248e-07,0.9625088938951717,0.9711143352431897,-4.080546561623345,standard-halo-model-uncompensated,scale_dependent_camb
3,0.32596586,0.36610056,120,139,129.75576923076923,1.4295269738654016e-05,1.348919902638812e-05,1.360958750262921e-05,2.920289499851061e-07,1.0324782541862782e-07,0.9436127665302948,0.9520343268395461,-7.807144692855348,standard-halo-model-uncompensated,scale_dependent_camb
3,0.32596586,0.36610056,140,159,149.72166666666666,1.1544473235716413e-05,1.1007669166467902e-05,1.1106188324047727e-05,1.1861808365519487e-07,4.193782566197073e-08,0.9535012071761108,0.9620350878970626,-12.799997634004338,standard-halo-model-uncompensated,scale_dependent_camb
3,0.32596586,0.36610056,160,179,169.6955882352941,9.614001193728132e-06,9.216888873513669e-06,9.299521277692295e-06,1.1214571814469054e-07,3.964949889057296e-08,0.9586943758158126,0.9672893824642966,-10.015569712758204,standard-halo-model-uncompensated,scale_dependent_camb
3,0.32596586,0.36610056,180,199,189.675,8.347221398887357e-06,7.987846070960333e-06,8.059252933779492e-06,1.4277992531972138e-07,5.0480326705441905e-08,0.9569467118752922,0.965501278647497,-7.119116522839027,standard-halo-model-uncompensated,scale_dependent_camb
3,0.32596586,0.36610056,200,219,209.65833333333333,7.108712381109644e-06,6.8283407855626894e-06,6.889570126159448e-06,1.1474540437985352e-07,4.05686267734935e-08,0.9605594402311168,0.9691727216967542,-6.911044761567885,standard-halo-model-uncompensated,scale_dependent_camb
3,0.32596586,0.36610056,220,239,229.64456521739132,6.1325078343987115e-06,5.9790629001689845e-06,6.0324954235832e-06,9.162029073243723e-08,3.239266443559468e-08,0.9749784364939548,0.9836914336652751,-4.737027253031833,standard-halo-model-uncompensated,scale_dependent_camb
3,0.32596586,0.36610056,240,259,249.633,5.449248039370444e-06,5.296314843399011e-06,5.34369637845479e-06,6.827020238958408e-08,2.4137161531326468e-08,0.971934990870942,0.9806300502100381,-6.336005821270568,standard-halo-model-uncompensated,scale_dependent_camb
3,0.32596586,0.36610056,260,279,269.6231481481482,4.815304841458324e-06,4.7104522633367254e-06,4.75246332770837e-06,8.085914551625656e-08,2.8588025057747413e-08,0.9782251422134588,0.986949629188809,-3.667709745944247,standard-halo-model-uncompensated,scale_dependent_camb
3,0.32596586,0.36610056,280,299,289.6146551724138,4.272262609475465e-06,4.1522859502553644e-06,4.189425267112374e-06,7.305293667846798e-08,2.5828113455468083e-08,0.9719173023320233,0.9806104282589356,-4.645196383659999,standard-halo-model-uncompensated,scale_dependent_camb
3,0.32596586,0.36610056,300,319,309.60725806451615,3.860725278538044e-06,3.7888953747575767e-06,3.822798806275104e-06,4.983902828957941e-08,1.762075743565489e-08,0.9813947124961795,0.9901763348783774,-4.076436784443938,standard-halo-model-uncompensated,scale_dependent_camb
3,0.32596586,0.36610056,320,339,329.6007575757576,3.496758582687474e-06,3.41523193825008e-06,3.4458147510796376e-06,3.430004469495402e-08,1.2126897099401826e-08,0.976685080622656,0.9854311270271673,-6.722795103243294,standard-halo-model-uncompensated,scale_dependent_camb
3,0.32596586,0.36610056,340,359,349.595,3.1723195768055507e-06,3.1124951221119394e-06,3.140349400640335e-06,3.8177032064256107e-08,1.3497619129105874e-08,0.9811417313908036,0.9899221451713233,-4.43222275879808,standard-halo-model-uncompensated,scale_dependent_camb
3,0.32596586,0.36610056,360,379,369.58986486486486,2.90851919980227e-06,2.8651716754785215e-06,2.8908328331274597e-06,2.4306458027951425e-08,8.593630649095324e-09,0.9850963595747639,0.9939191164094731,-5.044145611297792,standard-halo-model-uncompensated,scale_dependent_camb
3,0.32596586,0.36610056,380,399,389.5852564102564,2.67933797962226e-06,2.631105976515367e-06,2.654664916725094e-06,3.047578692214307e-08,1.0774817797321833e-08,0.9819985371484589,0.9907913585054153,-4.476363685600498,standard-halo-model-uncompensated,scale_dependent_camb
3,0.32596586,0.36610056,400,419,409.5810975609756,2.4731906701120478e-06,2.4591121835238417e-06,2.481102985841811e-06,2.664403794533464e-08,9.420089954668904e-09,0.9943075611766042,1.0031992340199976,-1.494517213312626,standard-halo-model-uncompensated,scale_dependent_camb
3,0.32596586,0.36610056,420,439,429.57732558139537,2.2966332588537854e-06,2.2629613453976913e-06,2.283234214412348e-06,1.794965027665806e-08,6.346159715275951e-09,0.9853385762283616,0.9941657883818488,-5.305872364832202,standard-halo-model-uncompensated,scale_dependent_camb
3,0.32596586,0.36610056,440,459,449.5738888888889,2.142694782552665e-06,2.1226238201653097e-06,2.141628905206928e-06,1.6533347165083083e-08,5.845420948070814e-09,0.9906328411536784,0.9995025528813455,-3.4336213876914026,standard-halo-model-uncompensated,scale_dependent_camb
3,0.32596586,0.36610056,460,479,469.5707446808511,2.004189724650676e-06,1.9817484305517667e-06,1.9994738114742695e-06,2.427789670341868e-08,8.583532695966938e-09,0.9888028095230251,0.9976469726800796,-2.6144589755513663,standard-halo-model-uncompensated,scale_dependent_camb
3,0.32596586,0.36610056,480,499,489.5678571428571,1.8817537743731192e-06,1.8406435745667725e-06,1.8570981449959456e-06,1.7920367092293036e-08,6.335806546156329e-09,0.9781532523722228,0.986897526279501,-6.48855035374882,standard-halo-model-uncompensated,scale_dependent_camb
3,0.32596586,0.36610056,500,519,509.56519607843137,1.7735246248670469e-06,1.7305207363389038e-06,1.7460479515040167e-06,1.7099927359317263e-08,6.045737296785305e-09,0.9757523025476081,0.9845073065365021,-7.113092484354131,standard-halo-model-uncompensated,scale_dependent_camb
3,0.32596586,0.36610056,520,539,529.5627358490566,1.675999756861588e-06,1.631898147843959e-06,1.6464617258968628e-06,2.4546007928822464e-08,8.678324328764563e-09,0.9736863869836043,0.9823758739559504,-5.081811574090741,standard-halo-model-uncompensated,scale_dependent_camb
3,0.32596586,0.36610056,540,559,549.5604545454545,1.5882201960129398e-06,1.5383507714808972e-06,1.5521170402312465e-06,1.3200135557943849e-08,4.666952682801883e-09,0.968600434211053,0.9772681673030437,-10.685650342206301,standard-halo-model-uncompensated,scale_dependent_camb
3,0.32596586,0.36610056,560,579,569.5583333333333,1.509504928536021e-06,1.4561674368437655e-06,1.4692111212715974e-06,1.9772961966490284e-08,6.990797745324485e-09,0.9646655730074466,0.9733066076812996,-7.629671696327968,standard-halo-model-uncompensated,scale_dependent_camb
3,0.32596586,0.36610056,580,599,589.5563559322034,1.4381842689906264e-06,1.3909166482839842e-06,1.4033535428808738e-06,1.8192034766918972e-08,6.431855573634919e-09,0.9671338216348199,0.9757814580087167,-7.348986643978568,standard-halo-model-uncompensated,scale_dependent_camb
3,0.32596586,0.36610056,600,619,609.5545081967213,1.3733448488605153e-06,1.3119480592771441e-06,1.3236893664435049e-06,7.429529065428927e-09,2.6267351915936733e-09,0.9552939746820961,0.9638433985038716,-23.37380249819584,standard-halo-model-uncompensated,scale_dependent_camb
3,0.32596586,0.36610056,620,639,629.5527777777778,1.3144331967728998e-06,1.2500500106118388e-06,1.2612156976103116e-06,1.4983491403869895e-08,5.297464188763373e-09,0.9510182896178141,0.9595129677999278,-12.153585917131117,standard-halo-model-uncompensated,scale_dependent_camb
3,0.32596586,0.36610056,640,659,649.5511538461539,1.2607372625091834e-06,1.1983694713851837e-06,1.2090750923295262e-06,1.6574756858697285e-08,5.8600614856515446e-09,0.9505306989976071,0.9590222549012024,-10.642856099156676,standard-halo-model-uncompensated,scale_dependent_camb
3,0.32596586,0.36610056,660,679,669.5496268656716,1.2115749005842102e-06,1.1482610148298542e-06,1.1585225688862767e-06,1.6611527902182883e-08,5.87306201275153e-09,0.9477424914267977,0.9562120908312378,-10.780387746100693,standard-halo-model-uncompensated,scale_dependent_camb
3,0.32596586,0.36610056,680,699,689.5481884057971,1.1664437583963442e-06,1.0916696138315024e-06,1.101423065444855e-06,1.298516656266802e-08,4.590949665649685e-09,0.9358956280347001,0.9442573270391698,-16.28729348185091,standard-halo-model-uncompensated,scale_dependent_camb
3,0.32596586,0.36610056,700,719,709.5468309859154,1.1249165867760842e-06,1.05330589038556e-06,1.0627422214413715e-06,7.253895859249772e-09,2.5646394760482655e-09,0.9363413276750105,0.9447297994663771,-27.922324778711534,standard-halo-model-uncompensated,scale_dependent_camb
3,0.32596586,0.36610056,720,739,729.5455479452055,1.0866193264863478e-06,1.015092705161372e-06,1.0241588538044911e-06,1.354081450923321e-08,4.787400881133998e-09,0.9341750882010706,0.9425185332531987,-14.940595763944717,standard-halo-model-uncompensated,scale_dependent_camb
3,0.32596586,0.36610056,740,759,749.5443333333334,1.0512235061592942e-06,9.710125105021905e-07,9.797048538121113e-07,1.346235695826601e-08,4.7596619479718994e-09,0.9236974866076205,0.9319662736533733,-16.85224634310042,standard-halo-model-uncompensated,scale_dependent_camb
3,0.32596586,0.36610056,760,779,769.5431818181818,1.0184399443515383e-06,9.379996615552547e-07,9.463963549773633e-07,1.0271014189070945e-08,3.6313518913776567e-09,0.9210161745496916,0.9292608368576445,-22.151607776509454,standard-halo-model-uncompensated,scale_dependent_camb
3,0.32596586,0.36610056,780,799,789.5420886075949,9.88013288295114e-07,9.000294636821316e-07,9.080917608351463e-07,1.1594792837188941e-08,4.099378320814754e-09,0.9109487436501946,0.9191088536897335,-21.462723790639423,standard-halo-model-uncompensated,scale_dependent_camb
3,0.32596586,0.36610056,800,819,809.5410493827161,9.597174872582808e-07,8.728059910664847e-07,8.806084381309279e-07,1.08922525556514e-08,3.850992822248804e-09,0.909440541257527,0.9175704827955657,-22.56859469840396,standard-halo-model-uncompensated,scale_dependent_camb
3,0.32596586,0.36610056,820,839,829.5400602409638,9.333509887760999e-07,8.40731375817285e-07,8.4824912242793e-07,8.822133285432134e-09,3.1190951353303086e-09,0.9007665775548525,0.9088211537014991,-29.69438537148261,standard-halo-model-uncompensated,scale_dependent_camb
3,0.32596586,0.36610056,840,859,849.5391176470588,9.087335976875704e-07,8.175607287376825e-07,8.248746199877626e-07,9.462319712573799e-09,3.345435217258038e-09,0.8996704103580049,0.9077188541138993,-27.25291719282322,standard-halo-model-uncompensated,scale_dependent_camb
3,0.32596586,0.36610056,860,879,869.5382183908046,8.857050368298544e-07,7.964977505758779e-07,8.036409720141251e-07,7.751220654699907e-09,2.7404703437057675e-09,0.8992810444284361,0.9073460560758966,-32.55181595336916,standard-halo-model-uncompensated,scale_dependent_camb
3,0.32596586,0.36610056,880,899,889.5373595505617,8.64122511026125e-07,7.688507229514109e-07,7.757130402577834e-07,1.1601751991752294e-08,4.10183875350629e-09,0.8897473600571045,0.8976887308914595,-23.226604895981055,standard-halo-model-uncompensated,scale_dependent_camb
3,0.32596586,0.36610056,900,919,909.5365384615385,8.438585582033374e-07,7.518403798659082e-07,7.585646143796602e-07,7.928836222897185e-09,2.8032669300640657e-09,0.8909554481104685,0.8989238860061136,-32.82533580750591,standard-halo-model-uncompensated,scale_dependent_camb
3,0.32596586,0.36610056,920,939,929.535752688172,8.24799076792921e-07,7.264992251051674e-07,7.33017346349801e-07,3.2553046167324215e-09,1.1509239846596851e-09,0.8808196390447302,0.8887223167125788,-85.40950835846886,standard-halo-model-uncompensated,scale_dependent_camb
3,0.32596586,0.36610056,940,959,949.535,8.068417277672095e-07,7.058011034542734e-07,7.121174335706657e-07,7.510989494345872e-09,2.6555358024364415e-09,0.8747702048175569,0.8825986672024557,-38.04905368635281,standard-halo-model-uncompensated,scale_dependent_camb
3,0.32596586,0.36610056,960,979,969.5342783505155,7.898945477999267e-07,6.922926992469974e-07,6.984866732094041e-07,7.60612081923562e-09,2.6891698049028422e-09,0.8764368625852941,0.884278382671309,-36.29441635667019,standard-halo-model-uncompensated,scale_dependent_camb
3,0.32596586,0.36610056,980,999,989.5335858585859,7.738746934290983e-07,6.72987298184754e-07,6.790130397456722e-07,5.775360638830413e-09,2.0418983357574277e-09,0.8696334224378052,0.8774198788397035,-49.40862797996299,standard-halo-model-uncompensated,scale_dependent_camb
3,0.32596586,0.36610056,1000,1019,1009.5329207920792,7.587074186023024e-07,6.597312682933357e-07,6.656183911430769e-07,9.333585981828797e-09,3.299920970269421e-09,0.869546352279906,0.8773057634908659,-29.993491117117827,standard-halo-model-uncompensated,scale_dependent_camb
3,0.32596586,0.36610056,1020,1039,1029.532281553398,7.443252462728974e-07,6.427286152106818e-07,6.484773852803486e-07,6.606397386576443e-09,2.3357141956306443e-09,0.8635050583451975,0.8712285234546412,-43.497030266917754,standard-halo-model-uncompensated,scale_dependent_camb
3,0.32596586,0.36610056,1040,1059,1049.5316666666668,7.306671284680691e-07,6.312235870476319e-07,6.368718196207214e-07,4.854740481053772e-09,1.7164099575269817e-09,0.8639003486732291,0.87163058909739,-57.93694040537741,standard-halo-model-uncompensated,scale_dependent_camb
3,0.32596586,0.36610056,1060,1079,1069.5310747663552,7.176776938917997e-07,6.165133907430803e-07,6.220275295785577e-07,5.289667035610039e-09,1.8701797155494005e-09,0.8590393654286107,0.8667226735241647,-54.09335921441136,standard-halo-model-uncompensated,scale_dependent_camb
3,0.32596586,0.36610056,1080,1099,1089.530504587156,7.053065725258338e-07,6.044171873415183e-07,6.098284183285996e-07,4.85144728267776e-09,1.7152456360752466e-09,0.8569566921473425,0.8646288608153626,-58.81920528605244,standard-halo-model-uncompensated,scale_dependent_camb
3,0.32596586,0.36610056,1100,1119,1109.529954954955,6.93507908485285e-07,5.893708601734639e-07,5.946453749524227e-07,8.28235773716167e-09,2.928255660079943e-09,0.849840143078872,0.8574457013060004,-35.562826610903954,standard-halo-model-uncompensated,scale_dependent_camb
3,0.32596586,0.36610056,1120,1139,1129.529424778761,6.822398937286086e-07,5.811519771698609e-07,5.863461535170263e-07,6.978875314326754e-09,2.467405029907923e-09,0.8518293675172272,0.8594427838461637,-40.96932418206184,standard-halo-model-uncompensated,scale_dependent_camb
3,0.32596586,0.36610056,1140,1159,1149.5289130434783,6.714643470932114e-07,5.706207134001976e-07,5.757191715129245e-07,6.907909106191715e-09,2.442314686404232e-09,0.8498153563483023,0.8574084000218768,-41.29018846522344,standard-halo-model-uncompensated,scale_dependent_camb
3,0.32596586,0.36610056,1160,1179,1169.5284188034188,6.611463498387435e-07,5.605345078507353e-07,5.655377589543935e-07,7.303165358480096e-09,2.5820588745539794e-09,0.8478221319492306,0.8553896714280139,-38.965742795228735,standard-halo-model-uncompensated,scale_dependent_camb
3,0.32596586,0.36610056,1180,1199,1189.5279411764707,6.512539438032671e-07,5.50851805216342e-07,5.557825591865768e-07,3.695954336579114e-09,1.3067171871754594e-09,0.8458325826012121,0.8534037520615297,-76.83540063014689,standard-halo-model-uncompensated,scale_dependent_camb
3,0.32596586,0.36610056,1200,1219,1209.527479338843,6.417578201276252e-07,5.417380033732057e-07,5.46579076214141e-07,7.194638197297973e-09,2.5436887287465772e-09,0.8441471009507469,0.8516905584499832,-39.3207768010613,standard-halo-model-uncompensated,scale_dependent_camb
3,0.32596586,0.36610056,1220,1239,1229.5270325203253,6.326310819747944e-07,5.354357004970193e-07,5.402218177536716e-07,5.384970842586983e-09,1.903874699642546e-09,0.8463632530125235,0.8539286689287191,-51.05135411275939,standard-halo-model-uncompensated,scale_dependent_camb
3,0.32596586,0.36610056,1240,1259,1249.5266,6.238490283871427e-07,5.278897793625442e-07,5.32607714401173e-07,5.77464707628043e-09,2.041646053298481e-09,0.8461819372025231,0.8537445602474387,-47.000923039312724,standard-halo-model-uncompensated,scale_dependent_camb
3,0.32596586,0.36610056,1260,1279,1269.5261811023622,6.153889040651518e-07,5.154393814841858e-07,5.200432979699553e-07,6.292317169570594e-09,2.2246700699899548e-09,0.8375831577060996,0.8450644698574185,-44.92779577936125,standard-halo-model-uncompensated,scale_dependent_camb
3,0.32596586,0.36610056,1280,1299,1289.5257751937984,6.072297678792796e-07,5.091549240941589e-07,5.13705593218329e-07,5.148982596607083e-09,1.8204402551361928e-09,0.8384880831392008,0.8459822301077577,-53.87424470998822,standard-halo-model-uncompensated,scale_dependent_camb
3,0.32596586,0.36610056,1300,1319,1309.5253816793893,5.993522806943381e-07,5.057996795883517e-07,5.103304587120578e-07,2.9427454364028214e-09,1.0404176266931004e-09,0.8439104945131642,0.8514699537321352,-89.91831617014915,standard-halo-model-uncompensated,scale_dependent_camb
3,0.32596586,0.36610056,1320,1339,1329.525,5.917386221704694e-07,4.967888467264619e-07,5.012299903862525e-07,5.342129231951154e-09,1.8887279029437717e-09,0.8395410205003414,0.8470462660486222,-50.27181273492005,standard-halo-model-uncompensated,scale_dependent_camb
3,0.32596586,0.36610056,1340,1359,1349.5246296296295,5.843723290936392e-07,4.909536032769395e-07,4.953358447107036e-07,7.087909391300244e-09,2.5059543975121085e-09,0.840138348163076,0.8476374052121339,-37.27870144382719,standard-halo-model-uncompensated,scale_dependent_camb
3,0.32596586,0.36610056,1360,1379,1369.5242700729927,5.77238185801889e-07,4.843493021382462e-07,4.886832066754557e-07,4.4048174027197766e-09,1.5573381276758347e-09,0.8390804940691801,0.84658849448185,-59.64593174269085,standard-halo-model-uncompensated,scale_dependent_camb
3,0.32596586,0.36610056,1380,1399,1389.5239208633093,5.703221204051048e-07,4.777824689492927e-07,4.820490783748962e-07,6.5802550803875074e-09,2.3264714946396184e-09,0.8377414304216706,0.845222482397303,-39.77682583647856,standard-halo-model-uncompensated,scale_dependent_camb
3,0.32596586,0.36610056,1400,1419,1409.5235815602837,5.636110976949213e-07,4.722313104530135e-07,4.7645114757944967e-07,4.72167316905879e-09,1.669363558194023e-09,0.8378673031534751,0.8453544465821524,-54.73929677772868,standard-halo-model-uncompensated,scale_dependent_camb
3,0.32596586,0.36610056,1420,1439,1429.5232517482518,5.570930422413581e-07,4.6699105315922444e-07,4.7116714938992493e-07,4.289779906969921e-09,1.5166662310081138e-09,0.8382640201004389,0.8457602476855093,-59.40792195408987,standard-halo-model-uncompensated,scale_dependent_camb
3,0.32596586,0.36610056,1440,1459,1449.5229310344828,5.507567545433066e-07,4.6273461781709984e-07,4.668688878638636e-07,6.1272595299864e-09,2.1663133818716404e-09,0.8401796509982058,0.8476861772689401,-40.63222683421633,standard-halo-model-uncompensated,scale_dependent_camb
3,0.32596586,0.36610056,1460,1479,1469.522619047619,5.445918456379037e-07,4.577438497209688e-07,4.6183413443207936e-07,5.636257769070164e-09,1.9927180445124374e-09,0.8405264481784406,0.8480371825823306,-43.582681531939556,standard-halo-model-uncompensated,scale_dependent_camb
3,0.32596586,0.36610056,1480,1499,1489.5223154362416,5.38588656401182e-07,4.531263896782144e-07,4.571788511537121e-07,4.974727061400763e-09,1.7588316198343527e-09,0.8413218219373177,0.8488460455304695,-48.59036292002551,standard-halo-model-uncompensated,scale_dependent_camb
3,0.32596586,0.36610056,1500,1519,1509.5220198675497,5.327382101183071e-07,4.482365116904433e-07,4.522456248785307e-07,4.0057053028965425e-09,1.416230691556529e-09,0.8413823209544173,0.8489078055394204,-59.66661994522305,standard-halo-model-uncompensated,scale_dependent_camb
3,0.32596586,0.36610056,1520,1539,1529.5217320261438,5.270321611034823e-07,4.411150254547929e-07,4.4505820216641654e-07,4.205030330180223e-09,1.4867027307827714e-09,0.8369793306943565,0.8444611828518559,-57.790393378407785,standard-halo-model-uncompensated,scale_dependent_camb
3,0.32596586,0.36610056,1540,1559,1549.5214516129033,5.21462741719044e-07,4.369023026887749e-07,4.4080630427732354e-07,5.0828926953580845e-09,1.7970739464656348e-09,0.8378399216950596,0.845326557414572,-47.05451280765432,standard-halo-model-uncompensated,scale_dependent_camb
3,0.32596586,0.36610056,1560,1579,1569.521178343949,5.160227165338486e-07,4.3692676164127195e-07,4.4083203721509993e-07,3.991297583567945e-09,1.4111367935371874e-09,0.8467200137546884,0.8542880440926935,-56.05123135816828,standard-halo-model-uncompensated,scale_dependent_camb
3,0.32596586,0.36610056,1580,1599,1589.5209119496856,5.1070533187598e-07,4.2964527308189077e-07,4.3348397405821827e-07,4.54203335468681e-09,1.605851292737263e-09,0.8412782210510112,0.8487946904057109,-50.47793600858136,standard-halo-model-uncompensated,scale_dependent_camb
3,0.32596586,0.36610056,1600,1619,1609.520652173913,5.055043140560516e-07,4.258661179766471e-07,4.2967502194884097e-07,4.66126020019437e-09,1.6480043482162014e-09,0.8424579299029008,0.8499927893814127,-48.32402060443885,standard-halo-model-uncompensated,scale_dependent_camb
3,0.32596586,0.36610056,1620,1639,1629.520398773006,5.004137856294638e-07,4.218656603203991e-07,4.2563634265824154e-07,5.29493996811761e-09,1.8720439787158216e-09,0.8430336502215661,0.8505687790412074,-41.95848292140384,standard-halo-model-uncompensated,scale_dependent_camb
3,0.32596586,0.36610056,1640,1659,1649.5201515151516,4.954282764182266e-07,4.181008109882169e-07,4.2184354820012125e-07,3.5562773234330317e-09,1.2573339055897208e-09,0.843917941081078,0.8514724901249133,-61.50113751505106,standard-halo-model-uncompensated,scale_dependent_camb
3,0.32596586,0.36610056,1660,1679,1669.5199101796406,4.905426604510725e-07,4.13352907411131e-07,4.1704807658284226e-07,4.697170954529601e-09,1.6607007171701845e-09,0.8426441586773256,0.8501769778786432,-46.48023105058449,standard-halo-model-uncompensated,scale_dependent_camb
3,0.32596586,0.36610056,1680,1699,1689.519674556213,4.857521637728929e-07,4.1116370569616016e-07,4.1483593363701297e-07,4.9222419532256185e-09,1.7402753318833757e-09,0.8464475021636639,0.8540073819021918,-42.8601478801696,standard-halo-model-uncompensated,scale_dependent_camb
3,0.32596586,0.36610056,1700,1719,1709.5194444444444,4.810523117839232e-07,4.067386714885131e-07,4.103768174775509e-07,3.823120250495752e-09,1.351677127208579e-09,0.8455185881555644,0.8530814787184351,-54.97883984238099,standard-halo-model-uncompensated,scale_dependent_camb
3,0.32596586,0.36610056,1720,1739,1729.519219653179,4.7643891413845757e-07,4.0411725507212776e-07,4.077307793513863e-07,4.281363611469613e-09,1.5136906211977452e-09,0.8482037110736247,0.8557881551062724,-47.77836240347681,standard-halo-model-uncompensated,scale_dependent_camb
3,0.32596586,0.36610056,1740,1759,1749.519,4.71908060252998e-07,4.0029971109529164e-07,4.0388136413634743e-07,3.0851072586813903e-09,1.0907501316507255e-09,0.8482578383608962,0.8558475647138125,-65.65055284415625,standard-halo-model-uncompensated,scale_dependent_camb
3,0.32596586,0.36610056,1760,1779,1769.5187853107345,4.6745608162403295e-07,3.973229940009359e-07,4.0088006128525246e-07,3.252438591043457e-09,1.1499106915598242e-09,0.8499686058646597,0.8575780207897125,-60.99003004134463,standard-halo-model-uncompensated,scale_dependent_camb
3,0.32596586,0.36610056,1780,1799,1789.5185754189945,4.6307954228375357e-07,3.932182039911574e-07,3.9673520871575266e-07,3.457710477538309e-09,1.2224852630235569e-09,0.8491374981756625,0.856732315919609,-57.14697788651375,standard-halo-model-uncompensated,scale_dependent_camb
3,0.32596586,0.36610056,1800,1819,1809.5183701657459,4.5877521717200195e-07,3.905165403967027e-07,3.940094086543524e-07,3.3521813144998763e-09,1.1851750696248486e-09,0.8512154226724327,0.8588288859261379,-57.59375009204809,standard-halo-model-uncompensated,scale_dependent_camb
3,0.32596586,0.36610056,1820,1839,1829.518169398907,4.545400877316507e-07,3.8627645389968874e-07,3.8972755568152457e-07,3.976431179272196e-09,1.4058807258924947e-09,0.8498182323749999,0.8574107459397732,-48.55577900367485,standard-halo-model-uncompensated,scale_dependent_camb
3,0.32596586,0.36610056,1840,1859,1849.517972972973,4.5037132274318687e-07,3.834399434201007e-07,3.868672998283876e-07,3.5415096986246857e-09,1.2521127617677206e-09,0.851386231886589,0.8589962999242496,-53.45475373048119,standard-halo-model-uncompensated,scale_dependent_camb
3,0.32596586,0.36610056,1860,1879,1869.5177807486632,4.4626626236473507e-07,3.8217386772570923e-07,3.855925010992793e-07,2.904466108172158e-09,1.0268838404075168e-09,0.8563808200525747,0.8640413439636921,-62.41445440760943,standard-halo-model-uncompensated,scale_dependent_camb
3,0.32596586,0.36610056,1880,1899,1889.5175925925926,4.422224090255981e-07,3.794131535850406e-07,3.828076421143209e-07,3.0377920312445386e-09,1.0740216725637348e-09,0.8579690803572061,0.8656450562010349,-58.4804357724264,standard-halo-model-uncompensated,scale_dependent_camb
3,0.32596586,0.36610056,1900,1919,1909.5174083769634,4.3823741733048027e-07,3.767776139102352e-07,3.801454769410654e-07,3.786779162061429e-09,1.3388286121747743e-09,0.8597568327354908,0.8674418520826417,-45.90565428715378,standard-halo-model-uncompensated,scale_dependent_camb
3,0.32596586,0.36610056,1920,1939,1929.5172279792746,4.343090868201695e-07,3.7370398235478066e-07,3.770463025776119e-07,4.0747127383420535e-09,1.440628504334436e-09,0.8604562826232484,0.8681520005445618,-42.0685168196003,standard-halo-model-uncompensated,scale_dependent_camb
3,0.32596586,0.36610056,1940,1959,1949.5170512820512,4.30435344779846e-07,3.6995097504124954e-07,3.732541695981366e-07,4.359349880295317e-09,1.5412629309607915e-09,0.8594809406984636,0.8671550190401865,-39.24338185496472,standard-halo-model-uncompensated,scale_dependent_camb
3,0.32596586,0.36610056,1960,1979,1969.5168781725888,4.266142448609708e-07,3.662806054872721e-07,3.695561057791503e-07,3.0152222489685e-09,1.0660420495150894e-09,0.858575656812958,0.8662535539561855,-56.59592827613381,standard-halo-model-uncompensated,scale_dependent_camb
3,0.32596586,0.36610056,1980,1999,1989.5167085427136,4.228439544271354e-07,3.639378199136647e-07,3.671931160767197e-07,2.570232352647594e-09,9.087143628910837e-10,0.8606906072636745,0.8683891828941699,-64.82359795223252,standard-halo-model-uncompensated,scale_dependent_camb
3,0.32596586,0.36610056,2000,2019,2009.5165422885573,4.191227506224374e-07,3.6078669589366266e-07,3.640129626630964e-07,2.8675953858775426e-09,1.0138480715266324e-09,0.8608139151545935,0.8685115807302332,-57.539247119081104,standard-halo-model-uncompensated,scale_dependent_camb
3,0.32596586,0.36610056,2020,2039,2029.5163793103447,4.1544900979347927e-07,3.589421541454069e-07,3.6215125118397104e-07,3.263046398850066e-09,1.1536611179766126e-09,0.8639860625106266,0.8717104690272275,-48.980462951875175,standard-halo-model-uncompensated,scale_dependent_camb
3,0.32596586,0.36610056,2040,2059,2049.516219512195,4.1182120064427783e-07,3.5569755987673625e-07,3.5888137486377726e-07,2.655703774955218e-09,9.389330740467737e-10,0.8637184276095102,0.8714494890071751,-59.77384578184081,standard-halo-model-uncompensated,scale_dependent_camb
3,0.32596586,0.36610056,2060,2079,2069.5160628019325,4.082378844995888e-07,3.528016467150467e-07,3.5595377373982815e-07,3.8477797759889354e-09,1.3603955860571154e-09,0.8642060428749897,0.8719273425006853,-40.75008648419314,standard-halo-model-uncompensated,scale_dependent_camb
3,0.32596586,0.36610056,2080,2099,2089.515909090909,4.0469770981158093e-07,3.494473093821711e-07,3.5257480846069006e-07,2.8209105768828406e-09,9.973424990173561e-10,0.8634773583099017,0.8712053463925995,-55.39761965808735,standard-halo-model-uncompensated,scale_dependent_camb
3,0.32596586,0.36610056,2100,2119,2109.5157582938386,4.0119939342587317e-07,3.477022043606122e-07,3.5080884577981765e-07,3.3075717617654515e-09,1.1694032110027432e-09,0.8666568545668918,0.8744002397018433,-45.74742788621905,standard-halo-model-uncompensated,scale_dependent_camb
3,0.32596586,0.36610056,2120,2139,2129.5156103286386,3.9774172787459564e-07,3.454055249258554e-07,3.484983428000688e-07,2.089564634357072e-09,7.38772661340737e-10,0.8684166149013126,0.8761925600875027,-70.84209485196656,standard-halo-model-uncompensated,scale_dependent_camb
3,0.32596586,0.36610056,2140,2159,2149.515465116279,3.943235812745416e-07,3.4238226294408765e-07,3.454452875012343e-07,2.5117142220520965e-09,8.880250794078655e-10,0.8682774229160527,0.8760452174447144,-58.49082366580051,standard-halo-model-uncompensated,scale_dependent_camb
3,0.32596586,0.36610056,2160,2179,2169.5153225806453,3.9094387584830276e-07,3.3941406319371507e-07,3.4245004534526053e-07,2.946155161736767e-09,1.0416231466459087e-09,0.8681912779864527,0.8759570529201506,-49.470686995116125,standard-halo-model-uncompensated,scale_dependent_camb
3,0.32596586,0.36610056,2180,2199,2189.5151826484016,3.876015985579687e-07,3.3622720127923357e-07,3.3923397878571653e-07,2.792065729711414e-09,9.871443054987535e-10,0.867455662025471,0.8752130539394088,-52.043451998417055,standard-halo-model-uncompensated,scale_dependent_camb
3,0.32596586,0.36610056,2200,2219,2209.515045248869,3.8429579608578783e-07,3.342923944351309e-07,3.372799306654358e-07,3.473934836788628e-09,1.2282214402467105e-09,0.8698830375976986,0.8776570914924697,-40.71204101486198,standard-halo-model-uncompensated,scale_dependent_camb
3,0.32596586,0.36610056,2220,2239,2229.5149103139015,3.810255563671477e-07,3.319513107389659e-07,3.3492200440655946e-07,2.241627554276447e-09,7.925350222617457e-10,0.8712048449031199,0.8790014181721609,-61.92060192890045,standard-halo-model-uncompensated,scale_dependent_camb
3,0.32596586,0.36610056,2240,2259,2249.514777777778,3.7779003451896e-07,3.2983954470286326e-07,3.3278720265670255e-07,3.1096826876071073e-09,1.0994388578726968e-09,0.8730763507905864,0.8808787216434665,-43.61360295094181,standard-halo-model-uncompensated,scale_dependent_camb
3,0.32596586,0.36610056,2260,2279,2269.5146475770925,3.7458841271866916e-07,3.272030649769782e-07,3.301308799062776e-07,2.0797449856070206e-09,7.353008912307214e-10,0.8735002308326092,0.8813163159807057,-64.44347927061396,standard-halo-model-uncompensated,scale_dependent_camb
3,0.32596586,0.36610056,2280,2299,2289.514519650655,3.7141993388993807e-07,3.2379038202301486e-07,3.266882307661336e-07,2.1595507453286678e-09,7.635164881691819e-10,0.8717636090015644,0.8795656909005327,-62.38182489173611,standard-halo-model-uncompensated,scale_dependent_camb
3,0.32596586,0.36610056,2300,2319,2309.514393939394,3.682838660364004e-07,3.221627817719932e-07,3.250432236653383e-07,2.8613575795578928e-09,1.011642673952456e-09,0.8747675678525415,0.8825888224851308,-45.590291366628094,standard-halo-model-uncompensated,scale_dependent_camb
3,0.32596586,0.36610056,2320,2339,2329.514270386266,3.651795315943744e-07,3.2004224586261707e-07,3.2290389751488323e-07,2.4433706781709814e-09,8.638619877435371e-10,0.8763969997587546,0.8842332868577938,-52.25057517539207,standard-halo-model-uncompensated,scale_dependent_camb
3,0.32596586,0.36610056,2340,2359,2349.5141489361704,3.62106275017152e-07,3.171218705052429e-07,3.1995813220661184e-07,2.237871527534698e-09,7.912070662720412e-10,0.8757701602664072,0.8836028378449291,-56.85541298798521,standard-halo-model-uncompensated,scale_dependent_camb
3,0.32596586,0.36610056,2360,2379,2369.514029535865,3.590634834684311e-07,3.150964697208882e-07,3.179135035940271e-07,2.7365586490130642e-09,9.675195889159174e-10,0.8775508628088925,0.885396366467263,-45.44302177572124,standard-halo-model-uncompensated,scale_dependent_camb
3,0.32596586,0.36610056,2380,2399,2389.513912133891,3.560505728167749e-07,3.1175492049165533e-07,3.145419700000696e-07,3.180796940295836e-09,1.1245815430303037e-09,0.8755916835782924,0.8834193623441641,-39.388564217193405,standard-halo-model-uncompensated,scale_dependent_camb
3,0.32596586,0.36610056,2400,2419,2409.5137966804978,3.5306698482320373e-07,3.100204320558632e-07,3.127914515295492e-07,2.732044149309451e-09,9.659234722388725e-10,0.8780782270285175,0.885926651244884,-44.56517933823968,standard-halo-model-uncompensated,scale_dependent_camb
3,0.32596586,0.36610056,2420,2439,2429.513683127572,3.501121988097596e-07,3.0729666094766164e-07,3.100469941288712e-07,1.6924953845304177e-09,5.983874817641958e-10,0.8777090943770209,0.8855646709337922,-71.55152667276239,standard-halo-model-uncompensated,scale_dependent_camb
3,0.32596586,0.36610056,2440,2459,2449.5135714285716,3.4718571212577035e-07,3.049433610814497e-07,3.076729829310455e-07,1.8666661520969998e-09,6.599661471795939e-10,0.8783292354236683,0.8861913730470248,-64.00684523720795,standard-halo-model-uncompensated,scale_dependent_camb
3,0.32596586,0.36610056,2460,2479,2469.5134615384613,3.4428704581408167e-07,3.0326285382809525e-07,3.059733415591688e-07,2.8981160746237063e-09,1.0246387645160806e-09,0.8808430567319693,0.8887158122248879,-40.037712222767055,standard-halo-model-uncompensated,scale_dependent_camb
3,0.32596586,0.36610056,2480,2499,2489.513353413655,3.4141575217917367e-07,3.0041796258410503e-07,3.0310748234800443e-07,1.7912388883841764e-09,6.332985823507522e-10,0.8799182834025973,0.8877958337110784,-64.73690410436134,standard-halo-model-uncompensated,scale_dependent_camb
3,0.32596586,0.36610056,2500,2519,2509.513247011952,3.385713998411502e-07,2.9875436611632257e-07,3.01427978872572e-07,1.7983075364075256e-09,6.357977268263177e-10,0.8823969368248209,0.8902936840323635,-62.62531626777037,standard-halo-model-uncompensated,scale_dependent_camb
3,0.32596586,0.36610056,2520,2539,2529.51314229249,3.3575357570693785e-07,2.9551180853935233e-07,2.981572164071251e-07,1.6401601195112973e-09,5.798841713690883e-10,0.8801449334296576,0.8880239496462468,-69.39621592459746,standard-halo-model-uncompensated,scale_dependent_camb
3,0.32596586,0.36610056,2540,2559,2549.513039215686,3.3296188883369007e-07,2.93326662529055e-07,2.95949663709939e-07,2.2978220860703543e-09,8.12402789510283e-10,0.880961672690317,0.8888394547093702,-48.787654124781156,standard-halo-model-uncompensated,scale_dependent_camb
3,0.32596586,0.36610056,2560,2579,2569.512937743191,3.30195967827481e-07,2.9208867376008657e-07,2.947021169858525e-07,1.8941049175182914e-09,6.69667215727985e-10,0.8845918854850932,0.8925067102570643,-56.904822533336315,standard-halo-model-uncompensated,scale_dependent_camb
3,0.32596586,0.36610056,2580,2599,2589.5128378378377,3.2745545554775003e-07,2.8923014339918375e-07,2.918181834394982e-07,1.8988548380511715e-09,6.713465662374334e-10,0.8832656121589881,0.8911690994775466,-56.93827014383988,standard-halo-model-uncompensated,scale_dependent_camb
3,0.32596586,0.36610056,2600,2619,2609.5127394636015,3.247400109004642e-07,2.865971633693881e-07,2.891624450846039e-07,2.1219866764256394e-09,7.502355842440368e-10,0.8825434308962711,0.8904429247347498,-50.841160206377175,standard-halo-model-uncompensated,scale_dependent_camb
3,0.32596586,0.36610056,2620,2639,2629.5126425855515,3.2204930630772307e-07,2.840804955974151e-07,2.866226790609593e-07,1.2746213815367602e-09,4.5064671116500434e-10,0.8821024918649315,0.8899962628302851,-84.25405038938732,standard-halo-model-uncompensated,scale_dependent_camb
3,0.32596586,0.36610056,2640,2659,2649.512547169811,3.193830311315362e-07,2.833080062913968e-07,2.858434905975437e-07,1.8726799368310292e-09,6.620923411626081e-10,0.8870477723493014,0.89498646682898,-54.48639501975373,standard-halo-model-uncompensated,scale_dependent_camb
3,0.32596586,0.36610056,2660,2679,2669.5124531835204,3.1674088634439206e-07,2.7993836056581063e-07,2.8244284168481726e-07,1.73947746506075e-09,6.149981556328211e-10,0.8838087302105795,0.8917157647204328,-59.84168479450535,standard-halo-model-uncompensated,scale_dependent_camb
3,0.32596586,0.36610056,2680,2699,2689.5123605947956,3.141225848663192e-07,2.7777754172241224e-07,2.802624599462647e-07,1.6683575975114562e-09,5.898534853222237e-10,0.8842966252828516,0.8922072892833721,-61.61706940504471,standard-halo-model-uncompensated,scale_dependent_camb
3,0.32596586,0.36610056,2700,2719,2709.512269372694,3.115278510344186e-07,2.76157476550088e-07,2.7862676730880193e-07,2.191625355810862e-09,7.748565754571202e-10,0.8864615976809637,0.8943879861258964,-45.6476406146056,standard-halo-model-uncompensated,scale_dependent_camb
3,0.32596586,0.36610056,2720,2739,2729.5121794871793,3.0895642021923957e-07,2.74076791912732e-07,2.765278057312476e-07,2.1412488566922215e-09,7.570457933875058e-10,0.8871050218611527,0.8950382242745427,-46.073340095364486,standard-halo-model-uncompensated,scale_dependent_camb
3,0.32596586,0.36610056,2740,2759,2749.512090909091,3.0640803822171324e-07,2.714209073958412e-07,2.738490516119635e-07,1.697891003382123e-09,6.002951211035652e-10,0.8858152317774517,0.8937397765453188,-58.283217030904254,standard-halo-model-uncompensated,scale_dependent_camb
3,0.32596586,0.36610056,2760,2779,2769.5120036101084,3.038824592262028e-07,2.6916710798684326e-07,2.7157596088934765e-07,1.872623520786081e-09,6.620723950786327e-10,0.8857605953046527,0.8936875184598695,-52.43437348756475,standard-halo-model-uncompensated,scale_dependent_camb
3,0.32596586,0.36610056,2780,2799,2789.511917562724,3.013794468283736e-07,2.6847263888696564e-07,2.7087496547238747e-07,1.4993855996118488e-09,5.301128625494979e-10,0.8908127004422189,0.8987838033515354,-62.07509808976839,standard-halo-model-uncompensated,scale_dependent_camb
3,0.32596586,0.36610056,2800,2819,2809.5118327402133,2.9889877308957247e-07,2.6550940034772115e-07,2.678840254297773e-07,1.879083198699051e-09,6.643562361069039e-10,0.8882920381481614,0.8962366177043463,-50.25823636052769,standard-halo-model-uncompensated,scale_dependent_camb
3,0.32596586,0.36610056,2820,2839,2829.511749116608,2.964402180075721e-07,2.632966270837684e-07,2.6565150007057626e-07,2.0626145822231777e-09,7.292443790321333e-10,0.888194688471869,0.8961385261961676,-45.44922371262217,standard-halo-model-uncompensated,scale_dependent_camb
3,0.32596586,0.36610056,2840,2859,2849.5116666666668,2.9400356794888975e-07,2.610762996285158e-07,2.6341078876261267e-07,2.027095329685478e-09,7.166864268660909e-10,0.8880038478781382,0.8959441907467075,-45.943758784936854,standard-halo-model-uncompensated,scale_dependent_camb
3,0.32596586,0.36610056,2860,2879,2869.5115853658535,2.915886162522738e-07,2.594031910308137e-07,2.6172366284831725e-07,1.9377525580249583e-09,6.850989870205134e-10,0.8896204329403099,0.8975784658955331,-46.97923341185205,standard-halo-model-uncompensated,scale_dependent_camb
3,0.32596586,0.36610056,2880,2899,2889.5115051903113,2.891951633922787e-07,2.5701743118300116e-07,2.5931798602244714e-07,1.4286427046235006e-09,5.051014721659835e-10,0.8887335049734907,0.8966885302666536,-63.70548094285395,standard-halo-model-uncompensated,scale_dependent_camb
3,0.32596586,0.36610056,2900,2919,2909.5114261168383,2.868230157263456e-07,2.56122839584348e-07,2.584117965046586e-07,2.3487574280304097e-09,8.304111523612885e-10,0.8929647397219745,0.9009451206356682,-36.969850482741116,standard-halo-model-uncompensated,scale_dependent_camb
3,0.32596586,0.36610056,2920,2939,2929.511348122867,2.844719839233059e-07,2.532283351329022e-07,2.5549254646014884e-07,2.1689238084562533e-09,7.668303664181845e-10,0.8901696808258384,0.898129028161276,-40.743885686662026,standard-halo-model-uncompensated,scale_dependent_camb
3,0.32596586,0.36610056,2940,2959,2949.511271186441,2.8214188460997443e-07,2.5106546719607495e-07,2.5330987827666374e-07,2.2470168117705474e-09,7.94440412521565e-10,0.889855356084905,0.8978102582210815,-39.11736729915652,standard-halo-model-uncompensated,scale_dependent_camb
3,0.32596586,0.36610056,2960,2979,2969.5111952861953,2.798325398725818e-07,2.4964831110380175e-07,2.5188046533261464e-07,1.9092237571175307e-09,6.750125327301319e-10,0.8921346717485964,0.9001114218071466,-44.716545701304184,standard-halo-model-uncompensated,scale_dependent_camb
3,0.32596586,0.36610056,2980,2999,2989.511120401338,2.775437756664972e-07,2.469816719905123e-07,2.4919189313807093e-07,1.3722963096487752e-09,4.851800131749616e-10,0.889883663927996,0.8978471685760501,-62.99126684133183,standard-halo-model-uncompensated,scale_dependent_camb
3,0.32596586,0.36610056,3000,3019,3009.5110465116277,2.752754218228542e-07,2.456533658678122e-07,2.478511760920194e-07,1.469355814459245e-09,5.194957301900073e-10,0.8923912067452777,0.9003752476365909,-57.020788109668636,standard-halo-model-uncompensated,scale_dependent_camb
3,0.32596586,0.36610056,3020,3039,3029.5109735973597,2.7302731251322885e-07,2.4430132063909044e-07,2.464873685437559e-07,1.5925397446257932e-09,5.630478263669954e-10,0.8947871126528905,0.9027938130981418,-51.018742154622515,standard-halo-model-uncompensated,scale_dependent_camb
3,0.32596586,0.36610056,3040,3059,3049.5109016393444,2.707992863749476e-07,2.4188572676628144e-07,2.4404812791455243e-07,1.8729621397291775e-09,6.621921149540836e-10,0.8932288190426301,0.9012140732772994,-43.66340062909243,standard-halo-model-uncompensated,scale_dependent_camb
3,0.32596586,0.36610056,3060,3079,3069.5108306188927,2.685911848030817e-07,2.4047672109065906e-07,2.4262619763819165e-07,2.1793038342899084e-09,7.70500259746119e-10,0.8953261860286487,0.9033289674643405,-36.48858434088832,standard-halo-model-uncompensated,scale_dependent_camb
3,0.32596586,0.36610056,3080,3099,3089.5107605177996,2.664028514983942e-07,2.387028504056926e-07,2.4083914928481675e-07,1.2818452983102456e-09,4.5320075143363374e-10,0.8960221298799853,0.9040411839821033,-61.12081898601605,standard-halo-model-uncompensated,scale_dependent_camb
3,0.32596586,0.36610056,3100,3119,3109.510691318328,2.6423413399661906e-07,2.3648030285961787e-07,2.3859657062290933e-07,1.4426738876676583e-09,5.100622445052803e-10,0.8949650042664196,0.9029740670293651,-54.41263578314877,standard-halo-model-uncompensated,scale_dependent_camb
3,0.32596586,0.36610056,3120,3139,3129.5106230031947,2.6208488284181676e-07,2.3459230615123587e-07,2.3669094190105746e-07,1.3858600964143603e-09,4.899755359752183e-10,0.8951004865581116,0.903107952410647,-56.110100754033155,standard-halo-model-uncompensated,scale_dependent_camb
3,0.32596586,0.36610056,3140,3159,3149.5105555555556,2.599549510529396e-07,2.3308175279521591e-07,2.351662812613175e-07,1.9541089621977042e-09,6.908818491737017e-10,0.8966236336377721,0.9046424401950555,-38.896952192135586,standard-halo-model-uncompensated,scale_dependent_camb
3,0.32596586,0.36610056,3160,3179,3169.5104889589907,2.57844194755616e-07,2.314686125821123e-07,2.335391543195166e-07,1.4125380098784441e-09,4.994076027343992e-10,0.8977072871526062,0.9057374921349861,-52.81373777469524,standard-halo-model-uncompensated,scale_dependent_camb
3,0.32596586,0.36610056,3180,3199,3189.510423197492,2.557524702434777e-07,2.2941225170212139e-07,2.3146480169113088e-07,1.4730960629152562e-09,5.208181077132914e-10,0.8970089379145378,0.9050344713025651,-50.574698059186034,standard-halo-model-uncompensated,scale_dependent_camb
3,0.32596586,0.36610056,3200,3219,3209.5103582554516,2.536796375061236e-07,2.2752361483376287e-07,2.2955825949372924e-07,1.9641516420623225e-09,6.944324726904803e-10,0.8968934876701353,0.904914015765999,-37.66532197295287,standard-halo-model-uncompensated,scale_dependent_camb
3,0.32596586,0.36610056,3220,3239,3229.510294117647,2.516255580855545e-07,2.25597162712344e-07,2.2761607275141332e-07,1.0301566204418554e-09,3.6421536599932614e-10,0.8965590158200041,0.9045824855121523,-71.46429778379705,standard-halo-model-uncompensated,scale_dependent_camb
3,0.32596586,0.36610056,3240,3259,3249.510230769231,2.49590096488926e-07,2.23726433840958e-07,2.257271524511845e-07,1.626235743514544e-09,5.749611610235405e-10,0.8963754451326337,0.9043914627486022,-44.98332131152253,standard-halo-model-uncompensated,scale_dependent_camb
3,0.32596586,0.36610056,3260,3279,3269.5101681957185,2.475731171934032e-07,2.2210525841780977e-07,2.2409429139956624e-07,1.0307123950272563e-09,3.644118619884002e-10,0.897129950681608,0.905164074112718,-69.8875679749528,standard-halo-model-uncompensated,scale_dependent_camb
3,0.32596586,0.36610056,3280,3299,3289.510106382979,2.455744864992034e-07,2.2067909801169903e-07,2.2265338822478206e-07,1.5107887534511736e-09,5.34144486252848e-10,0.8986238805081036,0.9066633566003784,-46.60796681091195,standard-halo-model-uncompensated,scale_dependent_camb
3,0.32596586,0.36610056,3300,3319,3309.5100453172204,2.435940728348433e-07,2.1882750346494502e-07,2.2078600146444387e-07,1.0515590785490678e-09,3.7178227763016157e-10,0.8983285221940107,0.9063685289836123,-66.61578794924534,standard-halo-model-uncompensated,scale_dependent_camb
3,0.32596586,0.36610056,3320,3339,3329.509984984985,2.4163174732119337e-07,2.1729264071179578e-07,2.1923565178302195e-07,1.7294375184604784e-09,6.114484984709195e-10,0.8992719008192065,0.907313108536185,-39.80565275777705,standard-halo-model-uncompensated,scale_dependent_camb
3,0.32596586,0.36610056,3340,3359,3349.509925373134,2.3968737877156614e-07,2.1522754957213661e-07,2.171528727052065e-07,1.5262606644801197e-09,5.396146328560892e-10,0.8979511173062602,0.9059837602553277,-45.32832823670436,standard-halo-model-uncompensated,scale_dependent_camb
3,0.32596586,0.36610056,3360,3379,3369.5098664688426,2.377608395283347e-07,2.143063887204866e-07,2.1622310308387748e-07,1.4166593712266142e-09,5.008647240129047e-10,0.9013527591239306,0.9094142816488058,-46.82791517025224,standard-halo-model-uncompensated,scale_dependent_camb
3,0.32596586,0.36610056,3380,3399,3389.509808259587,2.3585200470668232e-07,2.123888839550959e-07,2.1429024665090023e-07,1.0226189809790546e-09,3.6155040801018325e-10,0.9005176115387853,0.9085792885983844,-64.89584918661066,standard-halo-model-uncompensated,scale_dependent_camb
3,0.32596586,0.36610056,3400,3419,3409.509750733138,2.3396074664648876e-07,2.1105240486252702e-07,2.1294000304823642e-07,1.771881267439417e-09,6.264546298319132e-10,0.902084678253417,0.9101526905707206,-36.568237655308536,standard-halo-model-uncompensated,scale_dependent_camb
3,0.32596586,0.36610056,3420,3439,3429.509693877551,2.3208694016125858e-07,2.0895659601704736e-07,2.1082637058042502e-07,1.2777482459318634e-09,4.517522246738185e-10,0.9003375884565508,0.9083939425197243,-51.20139510306158,standard-halo-model-uncompensated,scale_dependent_camb
3,0.32596586,0.36610056,3440,3459,3449.5096376811593,2.3023046357127613e-07,2.0800127608350782e-07,2.0986087037084178e-07,1.5570707462073663e-09,5.505076417152132e-10,0.9034481052465654,0.9115252044214027,-40.37943491303585,standard-halo-model-uncompensated,scale_dependent_camb
3,0.32596586,0.36610056,3460,3479,3469.509582132565,2.283911919679337e-07,2.0646146409929974e-07,2.0830768207223788e-07,1.4728338075380185e-09,5.207253864354676e-10,0.9039817267921921,0.9120653046089643,-42.11380593281611,standard-halo-model-uncompensated,scale_dependent_camb
3,0.32596586,0.36610056,3480,3499,3489.5095272206304,2.2656900290980661e-07,2.0499975564241483e-07,2.0683333446659602e-07,1.5160587500669117e-09,5.360077114247572e-10,0.9048005376270375,0.9128933429121059,-40.24055402124488,standard-halo-model-uncompensated,scale_dependent_camb
3,0.32596586,0.36610056,3500,3519,3509.509472934473,2.2476377663567967e-07,2.0317632666311426e-07,2.0499313568542626e-07,1.5146275886652568e-09,5.355017194587159e-10,0.9039549419586566,0.9120381351204127,-40.31256892020059,standard-halo-model-uncompensated,scale_dependent_camb
3,0.32596586,0.36610056,3520,3539,3529.509419263456,2.2297538986998093e-07,2.0138444231588557e-07,2.0318668246107565e-07,1.1142268910372406e-09,3.939386952164186e-10,0.9031689211680032,0.9112516075408849,-54.80788715674125,standard-halo-model-uncompensated,scale_dependent_camb
3,0.32596586,0.36610056,3540,3559,3549.509366197183,2.2120372460938375e-07,1.9956423526267842e-07,2.013494637089383e-07,1.2451077417458264e-09,4.402120637481712e-10,0.9021739376906163,0.9102444548096764,-49.15696576431051,standard-halo-model-uncompensated,scale_dependent_camb
3,0.32596586,0.36610056,3560,3579,3569.5093137254903,2.1944866000709052e-07,1.9803215091163895e-07,1.998041011888131e-07,1.0138007657408957e-09,3.584326981137509e-10,0.9024076561016158,0.9104822111119626,-59.750433507198885,standard-halo-model-uncompensated,scale_dependent_camb
3,0.32596586,0.36610056,3580,3599,3589.50926183844,2.177100764433191e-07,1.96665699409667e-07,1.98424903905509e-07,1.243278780039463e-09,4.395654281356211e-10,0.9033376067040654,0.9114180985424852,-47.87541441307158,standard-halo-model-uncompensated,scale_dependent_camb
3,0.32596586,0.36610056,3600,3619,3609.5092105263157,2.1598785756163906e-07,1.9553921007806953e-07,1.97289120420493e-07,1.000404167141557e-09,3.536962852565376e-10,0.9053250135705714,0.91342690578886,-57.81414263013262,standard-halo-model-uncompensated,scale_dependent_camb
3,0.32596586,0.36610056,3620,3639,3629.5091597796145,2.1428188279927708e-07,1.941772429071142e-07,1.959142278918296e-07,1.1012537273137433e-09,3.8935198919525447e-10,0.9061766695834226,0.9142827444509021,-51.63615558691982,standard-halo-model-uncompensated,scale_dependent_camb
3,0.32596586,0.36610056,3640,3659,3649.509109589041,2.1259203705384591e-07,1.925157696512817e-07,1.9423937108608922e-07,1.0656951918149522e-09,3.767801484051256e-10,0.9055643490660037,0.9136719031338494,-53.28377168368644,standard-halo-model-uncompensated,scale_dependent_camb
3,0.32596586,0.36610056,3660,3679,3669.5090599455043,2.1091820087096917e-07,1.9112156628028966e-07,1.9283129127403703e-07,1.3183575658236194e-09,4.661097874112357e-10,0.9061407004756775,0.9142468050540743,-42.47204226418333,standard-halo-model-uncompensated,scale_dependent_camb
3,0.32596586,0.36610056,3680,3699,3689.509010840108,2.0926025982966527e-07,1.8999269342580706e-07,1.9169395207122023e-07,1.0557616183119112e-09,3.7326809981241793e-10,0.9079253441645264,0.916055213862662,-51.618572317165416,standard-halo-model-uncompensated,scale_dependent_camb
3,0.32596586,0.36610056,3700,3719,3709.508962264151,2.0761809626656355e-07,1.8811500830708832e-07,1.897969017536584e-07,1.4548823584864307e-09,5.143785907572164e-10,0.906062678012253,0.9141635780629436,-37.915823694692946,standard-halo-model-uncompensated,scale_dependent_camb
3,0.32596586,0.36610056,3720,3739,3729.508914209115,2.0599159535383152e-07,1.8722811536683574e-07,1.8890363771501136e-07,1.082816933322261e-09,3.8283359816789624e-10,0.9089114293485335,0.9170453648389479,-49.01210363142379,standard-halo-model-uncompensated,scale_dependent_camb
3,0.32596586,0.36610056,3740,3759,3749.5088666666666,2.0438064081267883e-07,1.856845246350767e-07,1.8734584207381953e-07,1.0011339640745843e-09,3.5395430743665395e-10,0.9085230572560065,0.9166516032481168,-52.820705341884036,standard-halo-model-uncompensated,scale_dependent_camb
3,0.32596586,0.36610056,3760,3779,3769.5088196286474,2.0278511855190203e-07,1.8447917356125167e-07,1.861305533594932e-07,9.209323373627178e-10,3.255987503815775e-10,0.9097273748617553,0.9178708708442718,-56.222405550381126,standard-halo-model-uncompensated,scale_dependent_camb
3,0.32596586,0.36610056,3780,3799,3789.5087730870714,2.0120491328495245e-07,1.831754816727241e-07,1.8481422418468407e-07,1.0722992117322321e-09,3.791150220384254e-10,0.9103926871472838,0.9185373317546406,-47.55662678647689,standard-halo-model-uncompensated,scale_dependent_camb
3,0.32596586,0.36610056,3800,3819,3809.5087270341205,1.9963991129388046e-07,1.816592176045455e-07,1.8328531661946452e-07,7.276107940476059e-10,2.572492632677953e-10,0.9099343734787257,0.9180795334539038,-69.89599682785926,standard-halo-model-uncompensated,scale_dependent_camb
3,0.32596586,0.36610056,3820,3839,3829.508681462141,1.9808999780429485e-07,1.8093649455873995e-07,1.825552475133805e-07,1.0869370542238769e-09,3.842902808823167e-10,0.9134055053980975,0.9215773110045563,-44.63683860588686,standard-halo-model-uncompensated,scale_dependent_camb
3,0.32596586,0.36610056,3840,3859,3849.5086363636365,1.9655506032765493e-07,1.7937360111442532e-07,1.8097886248866021e-07,1.3313988326820644e-09,4.707205715266707e-10,0.9125870421011378,0.9207540227505241,-36.500336404473714,standard-halo-model-uncompensated,scale_dependent_camb
3,0.32596586,0.36610056,3860,3879,3869.5085917312663,1.950349845854724e-07,1.7828604476927616e-07,1.7988200293512263e-07,7.115397405519705e-10,2.515672878140075e-10,0.9141234079014364,0.9223063406672606,-66.57836939665748,standard-halo-model-uncompensated,scale_dependent_camb
3,0.32596586,0.36610056,3880,3899,3889.5085475578408,1.9352965883997586e-07,1.768806356852605e-07,1.7846356618266744e-07,9.166986422854781e-10,3.2410191313228134e-10,0.913971722709014,0.922150988393122,-51.36971575949974,standard-halo-model-uncompensated,scale_dependent_camb
3,0.32596586,0.36610056,3900,3919,3909.5085038363172,1.9203896896120746e-07,1.756886732916177e-07,1.7726105705831296e-07,1.0620856228605017e-09,3.755039730626994e-10,0.9148594904563742,0.9230473274105128,-43.54227076809034,standard-halo-model-uncompensated,scale_dependent_camb
3,0.32596586,0.36610056,3920,3939,3929.5084605597963,1.9056280450112136e-07,1.7446443070581682e-07,1.7602590786210267e-07,8.660492322174551e-10,3.0619464247118274e-10,0.9155219517394865,0.9237159807913451,-52.575622046749615,standard-halo-model-uncompensated,scale_dependent_camb
3,0.32596586,0.36610056,3940,3959,3949.508417721519,1.8910105178568923e-07,1.7305745847945205e-07,1.7460579551458415e-07,1.010077440405573e-09,3.571163038171657e-10,0.9151586246890916,0.9233465063561215,-44.92540143014888,standard-halo-model-uncompensated,scale_dependent_camb
3,0.32596586,0.36610056,3960,3979,3969.5083753148615,1.8765360089781577e-07,1.7163571706072064e-07,1.7317177409220847e-07,9.158650138655918e-10,3.238071809779356e-10,0.9146412125295829,0.9228268110160424,-49.467352109731635,standard-halo-model-uncompensated,scale_dependent_camb
3,0.32596586,0.36610056,3980,3999,3989.508333333333,1.862203393705432e-07,1.7054591650558675e-07,1.720718914690245e-07,9.90384062801785e-10,3.501536433931128e-10,0.9158286204507052,0.9240230795983784,-44.76441459544945,standard-halo-model-uncompensated,scale_dependent_camb
3,0.32596586,0.36610056,4000,4019,4009.5082917705736,1.848011567512937e-07,1.6938168626074e-07,1.7089733790909132e-07,9.153914293630751e-10,3.2363974357133845e-10,0.9165618291485843,0.9247633559950373,-47.64393371593084,standard-halo-model-uncompensated,scale_dependent_camb
3,0.32596586,0.36610056,4020,4039,4029.5082506203476,1.833959428560923e-07,1.6817716427736922e-07,1.696821227328694e-07,1.0092376669743527e-09,3.5681939907322765e-10,0.9170168197741158,0.9252228816534732,-42.65120847759688,standard-halo-model-uncompensated,scale_dependent_camb
3,0.32596586,0.36610056,4040,4059,4049.5082098765433,1.820045865898059e-07,1.667331401638238e-07,1.682255184366959e-07,8.419054870644338e-10,2.9765853951071217e-10,0.9160930682455809,0.9242927422254216,-51.30525215599442,standard-halo-model-uncompensated,scale_dependent_camb
3,0.32596586,0.36610056,4060,4079,4069.5081695331696,1.806269790577741e-07,1.6577200843850042e-07,1.6725622436228263e-07,6.042091549501773e-10,2.136201953601319e-10,0.9177588492219522,0.92597587157113,-69.53916784052375,standard-halo-model-uncompensated,scale_dependent_camb
3,0.32596586,0.36610056,4080,4096,4088.005870123517,1.7936483417417303e-07,1.6505247570522864e-07,1.6653163242783217e-07,5.034638301648803e-10,1.7800134419586955e-10,0.9202053260058417,0.928451963254519,-80.40590105429385,standard-halo-model-uncompensated,scale_dependent_camb
4,0.28674463,0.32596586,20,39,30.608333333333334,5.76756794019215e-05,5.6281982687363386e-05,5.580113095339087e-05,2.407425260761026e-06,8.511533635419568e-07,0.9758356255355757,0.9674984591777833,-1.6374213793369023,standard-halo-model-uncompensated,scale_dependent_camb
4,0.28674463,0.32596586,40,59,50.165,4.408818312155682e-05,4.2754002714121494e-05,4.2390862616658516e-05,6.657831004620062e-07,2.353898725680445e-07,0.969738367222872,0.9615016908222648,-5.667960107543084,standard-halo-model-uncompensated,scale_dependent_camb
4,0.28674463,0.32596586,60,79,69.975,3.363771069611038e-05,3.277586514871015e-05,3.249691645227297e-05,5.080746332751523e-07,1.7963150926886424e-07,0.9743785908860948,0.9660858536377948,-4.7978528427897205,standard-halo-model-uncompensated,scale_dependent_camb
4,0.28674463,0.32596586,80,99,89.86944444444444,2.4894010405979405e-05,2.44382202456479e-05,2.4229258021131433e-05,6.272745409261543e-07,2.217750407772811e-07,0.9816907700728675,0.9732966937023413,-2.055191417095645,standard-halo-model-uncompensated,scale_dependent_camb
4,0.28674463,0.32596586,100,119,109.80227272727272,2.014467820277529e-05,1.911997554199128e-05,1.8957507544243387e-05,4.060927903851043e-07,1.435754829361372e-07,0.9491328354581092,0.9410677774754252,-7.137030918014062,standard-halo-model-uncompensated,scale_dependent_camb
4,0.28674463,0.32596586,120,139,129.75576923076923,1.6062727100330566e-05,1.5235597006368135e-05,1.5105539866231259e-05,3.8241947758938984e-07,1.3520570293063725e-07,0.9485062474886092,0.9404094193893384,-6.117568090946305,standard-halo-model-uncompensated,scale_dependent_camb
4,0.28674463,0.32596586,140,159,149.72166666666666,1.2952070733754444e-05,1.2432471317289403e-05,1.232664550111323e-05,1.8411762922656097e-07,6.509541208104586e-08,0.9598829077491902,0.951712336544666,-7.982120396106,standard-halo-model-uncompensated,scale_dependent_camb
4,0.28674463,0.32596586,160,179,169.6955882352941,1.1039503342605096e-05,1.0553548054018048e-05,1.0463353718261493e-05,2.0033384685484783e-07,7.082871080612509e-08,0.9559803304998709,0.9478101861593673,-6.860992993607099,standard-halo-model-uncompensated,scale_dependent_camb
4,0.28674463,0.32596586,180,199,189.675,9.236350336363861e-06,8.958329784205035e-06,8.882303556406681e-06,1.5078473929400677e-07,5.3310455827118926e-08,0.9698993063240305,0.9616681083908993,-5.215122396634949,standard-halo-model-uncompensated,scale_dependent_camb
4,0.28674463,0.32596586,200,219,209.65833333333333,7.893155644973712e-06,7.761641709823123e-06,7.695690570404107e-06,1.3104166760894188e-07,4.633022589213818e-08,0.9833382311123771,0.9749827466413451,-2.8386206330348456,standard-halo-model-uncompensated,scale_dependent_camb
4,0.28674463,0.32596586,220,239,229.64456521739132,6.9242458885516126e-06,6.715837848602957e-06,6.658518776037705e-06,1.4327736602479067e-07,5.065619855333826e-08,0.9699016985671707,0.9616236747234447,-4.114166595608489,standard-halo-model-uncompensated,scale_dependent_camb
4,0.28674463,0.32596586,240,259,249.633,6.026511739038819e-06,5.937529741856917e-06,5.886884489003865e-06,1.070985222857896e-07,3.7865045681670205e-08,0.9852349085117531,0.9768311660076144,-2.349977283269904,standard-halo-model-uncompensated,scale_dependent_camb
4,0.28674463,0.32596586,260,279,269.6231481481482,5.33783894591738e-06,5.245592862158615e-06,5.200910645721592e-06,1.206045084331447e-07,4.264013287737338e-08,0.9827184587820286,0.9743476149087418,-2.1633629525510747,standard-halo-model-uncompensated,scale_dependent_camb
4,0.28674463,0.32596586,280,299,289.6146551724138,4.785465639141235e-06,4.706933928514721e-06,4.66700424325997e-06,5.626982555641628e-08,1.9894387613563023e-08,0.9835895362022479,0.975245586362099,-3.9474304086130796,standard-halo-model-uncompensated,scale_dependent_camb
4,0.28674463,0.32596586,300,319,309.60725806451615,4.289721432235196e-06,4.2328759401600055e-06,4.196917854284771e-06,3.408948253496613e-08,1.2052452133807462e-08,0.9867484420671179,0.9783660595643692,-4.716508428665516,standard-halo-model-uncompensated,scale_dependent_camb
4,0.28674463,0.32596586,320,339,329.6007575757576,3.890442823586326e-06,3.839586464240973e-06,3.807081393801486e-06,3.394241069472375e-08,1.2000454386028978e-08,0.986927873856151,0.9785727657326179,-4.237869476389165,standard-halo-model-uncompensated,scale_dependent_camb
4,0.28674463,0.32596586,340,359,349.595,3.552315742329991e-06,3.530591629241837e-06,3.500410778655885e-06,6.998622028286152e-08,2.4743865475813436e-08,0.9938845207847699,0.9853884149273113,-0.877959553627091,standard-halo-model-uncompensated,scale_dependent_camb
4,0.28674463,0.32596586,360,379,369.58986486486486,3.2534670808827835e-06,3.2140426237574065e-06,3.1867644186056866e-06,4.6604420774568934e-08,1.6477150981484453e-08,0.9878823248721239,0.9794979753540343,-2.3926743870756986,standard-halo-model-uncompensated,scale_dependent_camb
4,0.28674463,0.32596586,380,399,389.5852564102564,3.002104013991403e-06,2.9671154066522286e-06,2.9418619960940926e-06,3.965305853421788e-08,1.401947329216628e-08,0.9883453047675534,0.9799334008360302,-2.495714825372585,standard-halo-model-uncompensated,scale_dependent_camb
4,0.28674463,0.32596586,400,419,409.5810975609756,2.7834218623392755e-06,2.749295567350225e-06,2.725916961372997e-06,3.689831853260633e-08,1.3045525624393597e-08,0.9877394456619056,0.9793402136613422,-2.6159386728916663,standard-halo-model-uncompensated,scale_dependent_camb
4,0.28674463,0.32596586,420,439,429.57732558139537,2.5901838548454535e-06,2.5459921717847184e-06,2.52436664891593e-06,2.0898297683488092e-08,7.388664003624773e-09,0.9829387852224984,0.974589755161048,-5.981011322081415,standard-halo-model-uncompensated,scale_dependent_camb
4,0.28674463,0.32596586,440,459,449.5738888888889,2.422486143686184e-06,2.368077736162276e-06,2.3479458289895837e-06,2.4154283985433704e-08,8.539829000402899e-09,0.9775402605848893,0.9692298282527323,-6.371135478396713,standard-halo-model-uncompensated,scale_dependent_camb
4,0.28674463,0.32596586,460,479,469.5707446808511,2.274242581547322e-06,2.2233216144729656e-06,2.204434473366081e-06,3.854655308719202e-08,1.362826453966036e-08,0.9776097029017408,0.9693048979261719,-3.736423440135655,standard-halo-model-uncompensated,scale_dependent_camb
4,0.28674463,0.32596586,480,499,489.5678571428571,2.1422137776781455e-06,2.076436819624628e-06,2.0588041040366525e-06,3.399971719704416e-08,1.20207152942274e-08,0.9692948674222371,0.9610637955414996,-5.471967053832899,standard-halo-model-uncompensated,scale_dependent_camb
4,0.28674463,0.32596586,500,519,509.56519607843137,2.0252809287343193e-06,1.9671575537895525e-06,1.9504195477740105e-06,2.2753860378265497e-08,8.044704485821716e-09,0.9713010802007155,0.9630365447587103,-7.225047861883002,standard-halo-model-uncompensated,scale_dependent_camb
4,0.28674463,0.32596586,520,539,529.5627358490566,1.9206015462906036e-06,1.8431448651249913e-06,1.8274932728695316e-06,3.2474836972845946e-08,1.148158872071349e-08,0.9596706139723724,0.9515212962309133,-6.746164058800999,standard-halo-model-uncompensated,scale_dependent_camb
4,0.28674463,0.32596586,540,559,549.5604545454545,1.8264922682740055e-06,1.7544875144752792e-06,1.7395595964625338e-06,1.8622507679445694e-08,6.584050731417303e-09,0.9605775753615594,0.9524045771660336,-10.936239214430593,standard-halo-model-uncompensated,scale_dependent_camb
4,0.28674463,0.32596586,560,579,569.5583333333333,1.7418887002222882e-06,1.6578873355614996e-06,1.6437976750477843e-06,2.0062954058392133e-08,7.09332543266162e-09,0.9517756991878592,0.9436869731332511,-11.842310839708494,standard-halo-model-uncompensated,scale_dependent_camb
4,0.28674463,0.32596586,580,599,589.5563559322034,1.6654547987597902e-06,1.583552418748939e-06,1.5700690195322827e-06,1.5959137826187557e-08,5.642407289393979e-09,0.9508228142415867,0.9427268879956765,-14.515503013191342,standard-halo-model-uncompensated,scale_dependent_camb
4,0.28674463,0.32596586,600,619,609.5545081967213,1.5960825788345085e-06,1.501781224268527e-06,1.4889999579444197e-06,1.914844056912394e-08,6.769996087787565e-09,0.940916995262963,0.9329090973674541,-13.929307099023612,standard-halo-model-uncompensated,scale_dependent_camb
4,0.28674463,0.32596586,620,639,629.5527777777778,1.5329283350853087e-06,1.4243332221404e-06,1.4122209812473656e-06,1.6000986437204633e-08,5.657203007710685e-09,0.9291583889087254,0.9212570143853296,-19.195901719788925,standard-halo-model-uncompensated,scale_dependent_camb
4,0.28674463,0.32596586,640,659,649.5511538461539,1.4752698967549619e-06,1.3585722324900239e-06,1.347005132445949e-06,1.781368340748309e-08,6.2980881676707885e-09,0.9208974137399341,0.9130567467070622,-18.529061702242906,standard-halo-model-uncompensated,scale_dependent_camb
4,0.28674463,0.32596586,660,679,669.5496268656716,1.4224833599746188e-06,1.313475828841491e-06,1.3023010909401142e-06,1.8753617312435717e-08,6.630404986700366e-09,0.9233681502361667,0.9155123550713107,-16.440553986035717,standard-halo-model-uncompensated,scale_dependent_camb
4,0.28674463,0.32596586,680,699,689.5481884057971,1.3740278683626715e-06,1.2629599160094498e-06,1.2522351105105435e-06,1.0387671961038962e-08,3.672596642196006e-09,0.9191661574626042,0.9113607804787398,-30.242349806977263,standard-halo-model-uncompensated,scale_dependent_camb
4,0.28674463,0.32596586,700,719,709.5468309859154,1.329432941431424e-06,1.2056366263560645e-06,1.1954079895968051e-06,9.577001268065883e-09,3.385981270040775e-09,0.9068803613801943,0.8991863766439306,-36.561429376680735,standard-halo-model-uncompensated,scale_dependent_camb
4,0.28674463,0.32596586,720,739,729.5455479452055,1.2882877501836205e-06,1.1704254523950456e-06,1.1604503195897973e-06,2.0206090779606317e-08,7.143931905765299e-09,0.9085124439227371,0.9007695054341684,-16.498239253016617,standard-halo-model-uncompensated,scale_dependent_camb
4,0.28674463,0.32596586,740,759,749.5443333333334,1.2502305630314943e-06,1.119288223517996e-06,1.1097460235237577e-06,1.7104746262255173e-08,6.047441036257942e-09,0.8952654467220861,0.8876330945173049,-21.652520252520443,standard-halo-model-uncompensated,scale_dependent_camb
4,0.28674463,0.32596586,760,779,769.5431818181818,1.2149427888367036e-06,1.0856337671447662e-06,1.076401520964695e-06,9.284055398138064e-09,3.2824092644674987e-09,0.8935678100400517,0.8859688957002982,-39.39454567464335,standard-halo-model-uncompensated,scale_dependent_camb
4,0.28674463,0.32596586,780,799,789.5420886075949,1.1821447981442857e-06,1.053499552269161e-06,1.0445362744599442e-06,1.5448863107492714e-08,5.461997932465388e-09,0.8911764057355155,0.8835941892225407,-23.552781869519656,standard-halo-model-uncompensated,scale_dependent_camb
4,0.28674463,0.32596586,800,819,809.5410493827161,1.1515905582537511e-06,1.0203137876639895e-06,1.0116495467960832e-06,1.2302080730535754e-08,4.349442353633094e-09,0.8860039537065786,0.878480237220882,-30.18243717613731,standard-halo-model-uncompensated,scale_dependent_camb
4,0.28674463,0.32596586,820,839,829.5400602409638,1.123062926837598e-06,9.915764192703745e-07,9.831457942691568e-07,6.828770357216299e-09,2.4143349133766634e-09,0.8829215136346165,0.8754146991901604,-54.46075722084796,standard-halo-model-uncompensated,scale_dependent_camb
4,0.28674463,0.32596586,840,859,849.5391176470588,1.0963697062691187e-06,9.595285595414417e-07,9.513514063760134e-07,1.4064758661189977e-08,4.97264311253983e-09,0.8751870414284436,0.8677286511439705,-27.518795061442468,standard-halo-model-uncompensated,scale_dependent_camb
4,0.28674463,0.32596586,860,879,869.5382183908046,1.07134042152921e-06,9.379580794956146e-07,9.299626734815155e-07,1.2738559223557944e-08,4.503760804762132e-09,0.8754995710483805,0.8680365780972823,-29.61576953477665,standard-halo-model-uncompensated,scale_dependent_camb
4,0.28674463,0.32596586,880,899,889.5373595505617,1.047823355396497e-06,9.103192720252223e-07,9.025866516810903e-07,8.56374563512199e-09,3.0277413054757278e-09,0.8687716945197856,0.8613919961151763,-45.414739734400676,standard-halo-model-uncompensated,scale_dependent_camb
4,0.28674463,0.32596586,900,919,909.5365384615385,1.0256833177552954e-06,8.900329889903331e-07,8.824500470255009e-07,1.2012569929089571e-08,4.2470848281684195e-09,0.8677463829071212,0.8603533193429916,-31.939632536951773,standard-halo-model-uncompensated,scale_dependent_camb
4,0.28674463,0.32596586,920,939,929.535752688172,1.0047996238705266e-06,8.666248001207444e-07,8.592522871204269e-07,7.275008911483679e-09,2.5721040672513363e-09,0.8624851955880243,0.8551478988522649,-53.720541679886956,standard-halo-model-uncompensated,scale_dependent_camb
4,0.28674463,0.32596586,940,959,949.535,9.850642767851577e-07,8.491200157980693e-07,8.419022310059544e-07,9.75915799398835e-09,3.450383398110033e-09,0.8619945274731164,0.8546673053189737,-39.39975512911194,standard-halo-model-uncompensated,scale_dependent_camb
4,0.28674463,0.32596586,960,979,969.5342783505155,9.66380309293686e-07,8.272990817193756e-07,8.202332852242502e-07,1.497629461752167e-08,5.294919740548582e-09,0.8560802344203775,0.8487686238389391,-26.266918931598546,standard-halo-model-uncompensated,scale_dependent_camb
4,0.28674463,0.32596586,980,999,989.5335858585859,9.486604440521033e-07,8.117895617328151e-07,8.048730858088483e-07,9.15727431504591e-09,3.2375853826771794e-09,0.8557219464799665,0.848431165076218,-42.27560547178799,standard-halo-model-uncompensated,scale_dependent_camb
4,0.28674463,0.32596586,1000,1019,1009.5329207920792,9.318259883795546e-07,7.95282197341131e-07,7.88517684038008e-07,6.639319987182252e-09,2.347354092701976e-09,0.8534664274862378,0.8462070106128294,-58.169234655710454,standard-halo-model-uncompensated,scale_dependent_camb
4,0.28674463,0.32596586,1020,1039,1029.532281553398,9.158058807672341e-07,7.79358117795337e-07,7.72726280254712e-07,7.473797328365646e-09,2.6423863860506248e-09,0.8510079856032532,0.843766453658657,-51.638081278429276,standard-halo-model-uncompensated,scale_dependent_camb
4,0.28674463,0.32596586,1040,1059,1049.5316666666668,9.005358416765099e-07,7.671175190605346e-07,7.605988293310936e-07,6.026131193436728e-09,2.1305591155994462e-09,0.8518456274126824,0.8446069485864124,-62.6212723407288,standard-halo-model-uncompensated,scale_dependent_camb
4,0.28674463,0.32596586,1060,1079,1069.5310747663552,8.859576228368249e-07,7.51966473717157e-07,7.455707377543275e-07,6.712456355511129e-09,2.373211703700329e-09,0.8487612210044201,0.8415422121060594,-56.45983833247914,standard-halo-model-uncompensated,scale_dependent_camb
4,0.28674463,0.32596586,1080,1099,1089.530504587156,8.720183396436484e-07,7.39507122834591e-07,7.332163340024521e-07,9.328080159057748e-09,3.297974367960711e-09,0.8480407913631629,0.8408267357107215,-40.17957752988699,standard-halo-model-uncompensated,scale_dependent_camb
4,0.28674463,0.32596586,1100,1119,1109.529954954955,8.586699558664161e-07,7.31156152549854e-07,7.249416043734228e-07,6.189997792995238e-09,2.188494707478348e-09,0.8514984687126989,0.84426105678979,-58.26552967244206,standard-halo-model-uncompensated,scale_dependent_camb
4,0.28674463,0.32596586,1120,1139,1129.529424778761,8.458687420787729e-07,7.15933958759441e-07,7.098339353106529e-07,8.744833433005634e-09,3.09176551041256e-09,0.8463889527351378,0.8391774042461879,-42.02607955931097,standard-halo-model-uncompensated,scale_dependent_camb
4,0.28674463,0.32596586,1140,1159,1149.5289130434783,8.335748097630797e-07,7.050171975177183e-07,6.990137448277086e-07,9.184095359125573e-09,3.2470680537507966e-09,0.8457755551875419,0.8385734989117337,-39.591905718409635,standard-halo-model-uncompensated,scale_dependent_camb
4,0.28674463,0.32596586,1160,1179,1169.5284188034188,8.217517328043187e-07,6.943612363089594e-07,6.884458330298547e-07,7.999599849030365e-09,2.8282856500141264e-09,0.8449769055422309,0.8377783770293458,-45.04159489502875,standard-halo-model-uncompensated,scale_dependent_camb
4,0.28674463,0.32596586,1180,1199,1189.5279411764707,8.103662308802516e-07,6.861846469219081e-07,6.803471446729901e-07,7.1918336821168026e-09,2.542697182895304e-09,0.8467586885704103,0.8395551526548316,-48.83852658260355,standard-halo-model-uncompensated,scale_dependent_camb
4,0.28674463,0.32596586,1200,1219,1209.527479338843,7.993878882256412e-07,6.743768962568626e-07,6.686374892143929e-07,8.408229164335388e-09,2.972757929936025e-09,0.8436166048922021,0.8364368525754524,-42.05219359097594,standard-halo-model-uncompensated,scale_dependent_camb
4,0.28674463,0.32596586,1220,1239,1229.5270325203253,7.887888323861914e-07,6.700615630895019e-07,6.643560200831631e-07,7.283811958670306e-09,2.5752164144317207e-09,0.8494815539698709,0.8422482580964002,-46.103802628521755,standard-halo-model-uncompensated,scale_dependent_camb
4,0.28674463,0.32596586,1240,1259,1249.5266,7.785435171746282e-07,6.602990371464468e-07,6.546713879522813e-07,7.797055133162223e-09,2.7566752789721935e-09,0.8481209111376378,0.8408924787250367,-42.89387325745091,standard-halo-model-uncompensated,scale_dependent_camb
4,0.28674463,0.32596586,1260,1279,1269.5261811023622,7.686285171506578e-07,6.508285970849581e-07,6.452958550405471e-07,4.259938542136194e-09,1.5061157152912189e-09,0.8467401125027347,0.8395419121745435,-78.21438875493186,standard-halo-model-uncompensated,scale_dependent_camb
4,0.28674463,0.32596586,1280,1299,1289.5257751937984,7.590222922651844e-07,6.420078438934617e-07,6.365523699568141e-07,6.0464828327242875e-09,2.137754506673694e-09,0.8458352942144673,0.8386477926190049,-54.73708417239874,standard-halo-model-uncompensated,scale_dependent_camb
4,0.28674463,0.32596586,1300,1319,1309.5253816793893,7.497050600787783e-07,6.350112597875615e-07,6.295974834891563e-07,9.16465618685085e-09,3.2401952684827413e-09,0.8470147710098623,0.8397935628485671,-35.39718775804629,standard-halo-model-uncompensated,scale_dependent_camb
4,0.28674463,0.32596586,1320,1339,1329.525,7.406585983286609e-07,6.277328491339706e-07,6.223987640858962e-07,6.1099237820490254e-09,2.1601842694099113e-09,0.8475333312142548,0.8403315177740124,-52.27597978275145,standard-halo-model-uncompensated,scale_dependent_camb
4,0.28674463,0.32596586,1340,1359,1349.5246296296295,7.318661168690516e-07,6.204856649047684e-07,6.151963549855948e-07,9.384460337589007e-09,3.3179077712426916e-09,0.8478130775601792,0.8405859224873341,-33.56948403739585,standard-halo-model-uncompensated,scale_dependent_camb
4,0.28674463,0.32596586,1360,1379,1369.5242700729927,7.233121492200126e-07,6.134993152840524e-07,6.082678417023238e-07,7.96360781196362e-09,2.81556054327482e-09,0.8481805759043624,0.8409479121265315,-39.002121335396794,standard-halo-model-uncompensated,scale_dependent_camb
4,0.28674463,0.32596586,1380,1399,1389.5239208633093,7.149824167178162e-07,6.087602059076898e-07,6.035805768151058e-07,5.378524813506015e-09,1.901595684205107e-09,0.8514338138583213,0.8441893992105297,-55.85951403467173,standard-halo-model-uncompensated,scale_dependent_camb
4,0.28674463,0.32596586,1400,1419,1409.5235815602837,7.068637309105146e-07,6.021522642709985e-07,5.970252891685e-07,5.835640012879851e-09,2.063210312835447e-09,0.8518647059389556,0.8446115751326905,-50.751717354307054,standard-halo-model-uncompensated,scale_dependent_camb
4,0.28674463,0.32596586,1420,1439,1429.5232517482518,6.989439050110521e-07,5.965231787575642e-07,5.914377114463322e-07,7.337950192517965e-09,2.5943571705692923e-09,0.8534635962640401,0.8461876657140033,-39.478267454983175,standard-halo-model-uncompensated,scale_dependent_camb
4,0.28674463,0.32596586,1440,1459,1449.5229310344828,6.912116742699469e-07,5.918451235924677e-07,5.868025356657773e-07,7.180489163583372e-09,2.5386862899031614e-09,0.8562429507828705,0.8489476632256743,-39.140933274299755,standard-halo-model-uncompensated,scale_dependent_camb
4,0.28674463,0.32596586,1460,1479,1469.522619047619,6.836566024745907e-07,5.842170551737398e-07,5.792420076037626e-07,5.9687996852984216e-09,2.1102893665093223e-09,0.8545475214589963,0.8472704066736357,-47.121285298108724,standard-halo-model-uncompensated,scale_dependent_camb
4,0.28674463,0.32596586,1480,1499,1489.5223154362416,6.762690289045442e-07,5.783783397976746e-07,5.734504000378269e-07,7.095312025452621e-09,2.5085716239160024e-09,0.8552488951542878,0.8479619434394795,-39.02248122940079,standard-halo-model-uncompensated,scale_dependent_camb
4,0.28674463,0.32596586,1500,1519,1509.5220198675497,6.690400002735516e-07,5.725530074768854e-07,5.676844662990641e-07,5.533686093769997e-09,1.956453480931231e-09,0.8557829236559616,0.848506017677499,-49.317294654376575,standard-halo-model-uncompensated,scale_dependent_camb
4,0.28674463,0.32596586,1520,1539,1529.5217320261438,6.619612081732437e-07,5.674401456575082e-07,5.626193159698146e-07,4.776531851488253e-09,1.6887590313704392e-09,0.8572105716336808,0.8499279248136394,-55.97072214561665,standard-halo-model-uncompensated,scale_dependent_camb
4,0.28674463,0.32596586,1540,1559,1549.5214516129033,6.55024942655122e-07,5.601287247123954e-07,5.553507723646595e-07,8.331889407695204e-09,2.9457677501388228e-09,0.8551257948161975,0.8478314888492084,-32.21442625212204,standard-halo-model-uncompensated,scale_dependent_camb
4,0.28674463,0.32596586,1560,1579,1569.521178343949,6.482240504154564e-07,5.568307038982007e-07,5.520867091488467e-07,7.1462122113008155e-09,2.5265675572044598e-09,0.8590096333841974,0.8516911842363858,-36.17292807257391,standard-halo-model-uncompensated,scale_dependent_camb
4,0.28674463,0.32596586,1580,1599,1589.5209119496856,6.415518753868799e-07,5.551897810501733e-07,5.504647117346649e-07,4.978047926156051e-09,1.7600057228282866e-09,0.8653856412084728,0.8580205792442177,-49.06921222842661,standard-halo-model-uncompensated,scale_dependent_camb
4,0.28674463,0.32596586,1600,1619,1609.520652173913,6.350022336431395e-07,5.481596012249478e-07,5.434876172548866e-07,6.701706147144593e-09,2.369410931082756e-09,0.8632404300061158,0.8558830008152655,-36.651570767636755,standard-halo-model-uncompensated,scale_dependent_camb
4,0.28674463,0.32596586,1620,1639,1629.520398773006,6.285693818404895e-07,5.42749060886547e-07,5.381260091002702e-07,5.838433695747286e-09,2.064198028885471e-09,0.8634672266366915,0.8561123475734761,-41.57562392416377,standard-halo-model-uncompensated,scale_dependent_camb
4,0.28674463,0.32596586,1640,1659,1649.5201515151516,6.222479583599407e-07,5.372993235816082e-07,5.327266787570611e-07,5.774109459097507e-09,2.0414559769206175e-09,0.8634810550407724,0.8561324655225373,-41.611788712912194,standard-halo-model-uncompensated,scale_dependent_camb
4,0.28674463,0.32596586,1660,1679,1669.5199101796406,6.160329829461767e-07,5.333144995144781e-07,5.287703621207571e-07,6.747320603393296e-09,2.3855380767495534e-09,0.8657239373189117,0.8583474858633604,-34.67497930043848,standard-halo-model-uncompensated,scale_dependent_camb
4,0.28674463,0.32596586,1680,1699,1689.519674556213,6.099198165401874e-07,5.285844391858181e-07,5.240808156001744e-07,6.287171992317206e-09,2.2228509751268162e-09,0.8666457866285606,0.8592618265349358,-36.59056691811247,standard-halo-model-uncompensated,scale_dependent_camb
4,0.28674463,0.32596586,1700,1719,1709.5194444444444,6.039041237861479e-07,5.25440297839354e-07,5.209673990978002e-07,5.192825834520092e-09,1.8359411805549247e-09,0.8700723792795639,0.862665742091013,-42.737657817053645,standard-halo-model-uncompensated,scale_dependent_camb
4,0.28674463,0.32596586,1720,1739,1729.519219653179,5.979818746811255e-07,5.188446851321453e-07,5.144221216752305e-07,7.606249876506809e-09,2.689215433538652e-09,0.8676595514016539,0.8602637361701753,-29.427612441166943,standard-halo-model-uncompensated,scale_dependent_camb
4,0.28674463,0.32596586,1740,1759,1749.519,5.921493055411889e-07,5.156703940730279e-07,5.112770567932128e-07,5.856325810637118e-09,2.0705238467696554e-09,0.8708452230670711,0.8634259164180498,-36.93698654448255,standard-halo-model-uncompensated,scale_dependent_camb
4,0.28674463,0.32596586,1760,1779,1769.5187853107345,5.864028973065626e-07,5.10598550918192e-07,5.062450904030129e-07,7.225557832146672e-09,2.554620470483241e-09,0.8707299252160051,0.8633059159978119,-29.673427917858653,standard-halo-model-uncompensated,scale_dependent_camb
4,0.28674463,0.32596586,1780,1799,1789.5185754189945,5.807393693823959e-07,5.066960363384993e-07,5.02379070877452e-07,5.9215573658591074e-09,2.093586684292062e-09,0.8725016126896303,0.865068044916124,-35.3667386210636,standard-halo-model-uncompensated,scale_dependent_camb
4,0.28674463,0.32596586,1800,1819,1809.5183701657459,5.751556544847765e-07,5.036059834834282e-07,4.993110853530542e-07,6.5191518735892744e-09,2.304868248699981e-09,0.8755994652170421,0.8681320986061352,-31.0428463933696,standard-halo-model-uncompensated,scale_dependent_camb
4,0.28674463,0.32596586,1820,1839,1829.518169398907,5.696488841643874e-07,4.985746773475927e-07,4.943271932698092e-07,5.722997836068209e-09,2.023385289299884e-09,0.8752315526413208,0.8677752331507382,-35.126383093052546,standard-halo-model-uncompensated,scale_dependent_camb
4,0.28674463,0.32596586,1840,1859,1849.517972972973,5.642163789081663e-07,4.938827656360548e-07,4.896751906878434e-07,5.7609998776023654e-09,2.036821039933751e-09,0.8753428367176855,0.8678854584750446,-34.531071651930276,standard-halo-model-uncompensated,scale_dependent_camb
4,0.28674463,0.32596586,1860,1879,1869.5177807486632,5.588556322053096e-07,4.901659752508337e-07,4.859825102575967e-07,7.4940528476687e-09,2.649547793578447e-09,0.8770887273992058,0.8696029569208292,-25.92504921819301,standard-halo-model-uncompensated,scale_dependent_camb
4,0.28674463,0.32596586,1880,1899,1889.5175925925926,5.535642941550611e-07,4.85255029822341e-07,4.811220383115651e-07,4.695121913132124e-09,1.6599762716366406e-09,0.8766010289067061,0.8691348835024322,-41.150747453378386,standard-halo-model-uncompensated,scale_dependent_camb
4,0.28674463,0.32596586,1900,1919,1909.5174083769634,5.483401671750386e-07,4.819752111009859e-07,4.778710032814055e-07,5.4134220368610325e-09,1.913933715844564e-09,0.8789711933452651,0.8714864091451132,-34.67463660034214,standard-halo-model-uncompensated,scale_dependent_camb
4,0.28674463,0.32596586,1920,1939,1929.5172279792746,5.431811940180647e-07,4.777704908181482e-07,4.7370040981020286e-07,5.234707298972538e-09,1.8507485143150987e-09,0.8795784833490735,0.8720854385736501,-35.342837070504345,standard-halo-model-uncompensated,scale_dependent_camb
4,0.28674463,0.32596586,1940,1959,1949.5170512820512,5.380854450195165e-07,4.727416858024566e-07,4.687140651758733e-07,6.04701462552329e-09,2.1379425238208744e-09,0.8785624851556989,0.8710773902439842,-30.56385215645521,standard-halo-model-uncompensated,scale_dependent_camb
4,0.28674463,0.32596586,1960,1979,1969.5168781725888,5.330511082645252e-07,4.7019836633187605e-07,4.661927857007853e-07,6.016187588255329e-09,2.127043520272842e-09,0.8820887135245226,0.8745742734098929,-29.549344587263963,standard-halo-model-uncompensated,scale_dependent_camb
4,0.28674463,0.32596586,1980,1999,1989.5167085427136,5.280764856075564e-07,4.656751459802767e-07,4.617107808492565e-07,5.653901160995806e-09,1.998955925549314e-09,0.8818327622456311,0.8743255824353823,-31.216966232075265,standard-halo-model-uncompensated,scale_dependent_camb
4,0.28674463,0.32596586,2000,2019,2009.5165422885573,5.23159983956133e-07,4.609724893835714e-07,4.5704966667310996e-07,4.12190681511536e-09,1.4573141301935578e-09,0.8811310182741805,0.8736326949490724,-42.67267659327643,standard-halo-model-uncompensated,scale_dependent_camb
4,0.28674463,0.32596586,2020,2039,2029.5163793103447,5.183001085307694e-07,4.588593143746289e-07,4.549537731419901e-07,4.396113468891365e-09,1.5542608223593004e-09,0.8853158755365922,0.8777805862932427,-38.2437704798555,standard-halo-model-uncompensated,scale_dependent_camb
4,0.28674463,0.32596586,2040,2059,2049.516219512195,5.134954480595025e-07,4.525143608406752e-07,4.486615174113645e-07,4.49896700079642e-09,1.590625037298826e-09,0.8812431785923815,0.8737400090046655,-38.33781424840669,standard-halo-model-uncompensated,scale_dependent_camb
4,0.28674463,0.32596586,2060,2079,2069.5160628019325,5.087446782270386e-07,4.5134756221584874e-07,4.475076972329438e-07,4.355150111517779e-09,1.5397780884697851e-09,0.8871789357852012,0.8796312106742737,-37.27622599710486,standard-halo-model-uncompensated,scale_dependent_camb
4,0.28674463,0.32596586,2080,2099,2089.515909090909,5.04046554480081e-07,4.4803973584370614e-07,4.442298063687676e-07,3.4173016263033205e-09,1.2081985766594475e-09,0.8888856234834394,0.8813269378003907,-46.355640304781915,standard-halo-model-uncompensated,scale_dependent_camb
4,0.28674463,0.32596586,2100,2119,2109.5157582938386,4.993999081647966e-07,4.436330709558602e-07,4.3985534958384116e-07,4.484922282907367e-09,1.5856594796692252e-09,0.8883323038366799,0.880767782277392,-35.16949125834358,standard-halo-model-uncompensated,scale_dependent_camb
4,0.28674463,0.32596586,2120,2139,2129.5156103286386,4.948036289585148e-07,4.3840139148012466e-07,4.3467110901677455e-07,3.6570596100576383e-09,1.2929658247375935e-09,0.886010865366715,0.8784719504416127,-43.62237299646875,standard-halo-model-uncompensated,scale_dependent_camb
4,0.28674463,0.32596586,2140,2159,2149.515465116279,4.902566722087994e-07,4.35244332394855e-07,4.315392662477615e-07,4.161609714493913e-09,1.471351224885229e-09,0.8877886973652146,0.8802312966053213,-37.38899243328903,standard-halo-model-uncompensated,scale_dependent_camb
4,0.28674463,0.32596586,2160,2179,2169.5153225806453,4.857580624726482e-07,4.311592960923259e-07,4.2748550509540574e-07,5.037836309928386e-09,1.7811441086290875e-09,0.887600905474633,0.880037899771301,-30.653761318810925,standard-halo-model-uncompensated,scale_dependent_camb
4,0.28674463,0.32596586,2180,2199,2189.5151826484016,4.8130686332269e-07,4.269664366109139e-07,4.2332956563902397e-07,4.934057504373063e-09,1.744452760053283e-09,0.8870981678161863,0.8795419261561717,-31.150414591975707,standard-halo-model-uncompensated,scale_dependent_camb
4,0.28674463,0.32596586,2200,2219,2209.515045248869,4.769022005973796e-07,4.243036540365285e-07,4.2069022170257883e-07,4.735457371046744e-09,1.6742370095434866e-09,0.8897078971433454,0.8821310138129197,-31.41642805709637,standard-halo-model-uncompensated,scale_dependent_camb
4,0.28674463,0.32596586,2220,2239,2229.5149103139015,4.725432415141299e-07,4.209739446754603e-07,4.1738868185023445e-07,4.145464778202517e-09,1.4656431279184935e-09,0.8908686183439413,0.8832814548629064,-35.18543897647741,standard-halo-model-uncompensated,scale_dependent_camb
4,0.28674463,0.32596586,2240,2259,2249.514777777778,4.682291990494508e-07,4.1793926527746023e-07,4.143811563226802e-07,4.67777907988482e-09,1.6538446541395625e-09,0.8925954770140695,0.8849964016851423,-30.40789450575977,standard-halo-model-uncompensated,scale_dependent_camb
4,0.28674463,0.32596586,2260,2279,2269.5146475770925,4.639593308076477e-07,4.1397748734840736e-07,4.104544512999792e-07,3.441228380769088e-09,1.2166579618267124e-09,0.8922710674398264,0.8846776517792438,-41.08126114935104,standard-halo-model-uncompensated,scale_dependent_camb
4,0.28674463,0.32596586,2280,2299,2289.514519650655,4.597329251118138e-07,4.098618014013191e-07,4.063715537103814e-07,4.565319051837715e-09,1.6140840299172938e-09,0.8915215313361223,0.8839296285153948,-30.89747670265355,standard-halo-model-uncompensated,scale_dependent_camb
4,0.28674463,0.32596586,2300,2319,2309.514393939394,4.5554931236478196e-07,4.0688736915388016e-07,4.034225199842873e-07,4.445732395297252e-09,1.5718037620276998e-09,0.893179636342123,0.8855737656371347,-30.959299364524764,standard-halo-model-uncompensated,scale_dependent_camb
4,0.28674463,0.32596586,2320,2339,2329.514270386266,4.514078543409813e-07,4.0351506624441194e-07,4.0007994424955833e-07,4.051004166329473e-09,1.4322462583132635e-09,0.8939035117887151,0.8862937151008204,-33.43893399517206,standard-halo-model-uncompensated,scale_dependent_camb
4,0.28674463,0.32596586,2340,2359,2349.5141489361704,4.4730794111121436e-07,3.999355073225779e-07,3.9653013590436604e-07,3.816450484042571e-09,1.3493190086645915e-09,0.894094359981733,0.8864813240723947,-35.10840170814795,standard-halo-model-uncompensated,scale_dependent_camb
4,0.28674463,0.32596586,2360,2379,2369.514029535865,4.4324899798422345e-07,3.9748642313272523e-07,3.9410455884714325e-07,3.6229269201256884e-09,1.2808980964820838e-09,0.8967565069303844,0.8891267902227059,-35.72694422544823,standard-halo-model-uncompensated,scale_dependent_camb
4,0.28674463,0.32596586,2380,2399,2389.513912133891,4.3923046496770606e-07,3.9351653574664607e-07,3.9016824947953204e-07,3.518639974412441e-09,1.2440270932305485e-09,0.8959226809906706,0.8882996071509264,-36.74673121655888,standard-halo-model-uncompensated,scale_dependent_camb
4,0.28674463,0.32596586,2400,2419,2409.5137966804978,4.3525182146935787e-07,3.9040075988190355e-07,3.8708032077016083e-07,3.0025612146481047e-09,1.0615656979026957e-09,0.8969537647515351,0.8893249876897107,-42.24991602127428,standard-halo-model-uncompensated,scale_dependent_camb
4,0.28674463,0.32596586,2420,2439,2429.513683127572,4.313125619032699e-07,3.871346570230053e-07,3.838391329592636e-07,3.6176568435210697e-09,1.2790348430298345e-09,0.8975733405831747,0.8899326540954002,-34.54003236973122,standard-halo-model-uncompensated,scale_dependent_camb
4,0.28674463,0.32596586,2440,2459,2449.5135714285716,4.2741219847423677e-07,3.833765997037923e-07,3.801105474888691e-07,4.285138213577124e-09,1.5150251445709963e-09,0.8969715910597745,0.8893301334069929,-29.06591941938618,standard-halo-model-uncompensated,scale_dependent_camb
4,0.28674463,0.32596586,2460,2479,2469.5134615384613,4.2355027251172414e-07,3.804313189464837e-07,3.771923520516314e-07,4.0051656633462465e-09,1.4160399001638237e-09,0.8981963739285591,0.8905491898631477,-30.450380360222855,standard-halo-model-uncompensated,scale_dependent_camb
4,0.28674463,0.32596586,2480,2499,2489.513353413655,4.1972633957424373e-07,3.770175245467782e-07,3.738108314905636e-07,2.9189563240550207e-09,1.0320069053633312e-09,0.8982460450997954,0.8906060836442734,-41.38423377354182,standard-halo-model-uncompensated,scale_dependent_camb
4,0.28674463,0.32596586,2500,2519,2509.513247011952,4.159399697866288e-07,3.7326550602845036e-07,3.700858290108258e-07,3.904752193065884e-09,1.3805383772849648e-09,0.8974023492378724,0.889757791732962,-30.911465019975868,standard-halo-model-uncompensated,scale_dependent_camb
4,0.28674463,0.32596586,2520,2539,2529.51314229249,4.1219075243151873e-07,3.6991593501256276e-07,3.6676758518617416e-07,3.351161227579066e-09,1.184814414435296e-09,0.8974387048482377,0.889800615425279,-35.680539419420306,standard-halo-model-uncompensated,scale_dependent_camb
4,0.28674463,0.32596586,2540,2559,2549.513039215686,4.08478292151037e-07,3.6769287150941627e-07,3.6456305632867335e-07,3.6606155485081044e-09,1.2942230388334969e-09,0.9001527830846392,0.8924906496472381,-31.513440433251176,standard-halo-model-uncompensated,scale_dependent_camb
4,0.28674463,0.32596586,2560,2579,2569.512937743191,4.0480220611299375e-07,3.647784785521389e-07,3.6167531116282343e-07,2.798262705379303e-09,9.893352672575596e-10,0.9011276940776284,0.8934618085106676,-40.45517114921087,standard-halo-model-uncompensated,scale_dependent_camb
4,0.28674463,0.32596586,2580,2599,2589.5128378378377,4.0116212431090895e-07,3.619029105468636e-07,3.588223873045564e-07,3.6033324936470426e-09,1.273970420563828e-09,0.902136290081018,0.8944572918515649,-30.816424879527588,standard-halo-model-uncompensated,scale_dependent_camb
4,0.28674463,0.32596586,2600,2619,2609.5127394636015,3.975576868939581e-07,3.581213811355739e-07,3.5507609927174025e-07,2.6385376791337664e-09,9.328639426658505e-10,0.9008035637129985,0.893143588911289,-42.274445344823654,standard-halo-model-uncompensated,scale_dependent_camb
4,0.28674463,0.32596586,2620,2639,2629.5126425855515,3.9398854792036585e-07,3.550662969989175e-07,3.520498151267236e-07,1.8769770361781327e-09,6.636115952064926e-10,0.9012096896549505,0.8935534217554998,-58.65215617478337,standard-halo-model-uncompensated,scale_dependent_camb
4,0.28674463,0.32596586,2640,2659,2649.512547169811,3.9045437141639974e-07,3.5235894582072156e-07,3.493647543373419e-07,2.9120661886426814e-09,1.0295708746266519e-09,0.902433092354724,0.8947646124949186,-37.00126580357329,standard-halo-model-uncompensated,scale_dependent_camb
4,0.28674463,0.32596586,2660,2679,2669.5124531835204,3.8695482971825186e-07,3.490589226807703e-07,3.460901097684923e-07,2.6163201140442426e-09,9.250088471977225e-10,0.9020663288656349,0.8943940821735865,-40.96815630713769,standard-halo-model-uncompensated,scale_dependent_camb
4,0.28674463,0.32596586,2680,2699,2689.5123605947956,3.8348960319661566e-07,3.465245982933784e-07,3.4357317647005816e-07,4.308223501058582e-09,1.5231870262328859e-09,0.9036088472930901,0.8959126234614181,-24.268198367378652,standard-halo-model-uncompensated,scale_dependent_camb
4,0.28674463,0.32596586,2700,2719,2709.512269372694,3.800583815023854e-07,3.4331186176205103e-07,3.403920480032479e-07,2.2247617305947616e-09,7.865720531139374e-10,0.9033134867462363,0.8956309466394743,-46.71729639371196,standard-halo-model-uncompensated,scale_dependent_camb
4,0.28674463,0.32596586,2720,2739,2729.5121794871793,3.766608619598365e-07,3.401058686561823e-07,3.372139171711004e-07,2.2951512603086667e-09,8.114585100065546e-10,0.9029498495982519,0.8952719839712406,-45.04850568805908,standard-halo-model-uncompensated,scale_dependent_camb
4,0.28674463,0.32596586,2740,2759,2749.512090909091,3.732967483702891e-07,3.3864552395739773e-07,3.3576312474079383e-07,3.6264733879849452e-09,1.282151962218354e-09,0.9071751239083409,0.8994536550522962,-27.02583268908194,standard-halo-model-uncompensated,scale_dependent_camb
4,0.28674463,0.32596586,2760,2779,2769.5120036101084,3.69965750454472e-07,3.343219704279534e-07,3.3147939619933696e-07,2.4159189487013804e-09,8.541563357119104e-10,0.9036565412264967,0.8959731969571297,-41.72980815837504,standard-halo-model-uncompensated,scale_dependent_camb
4,0.28674463,0.32596586,2780,2799,2789.511917562724,3.6666758412867935e-07,3.3148833185114163e-07,3.286676295474844e-07,2.8748795229109737e-09,1.016423402872348e-09,0.9040568247636753,0.8963640195478553,-34.61082475878003,standard-halo-model-uncompensated,scale_dependent_camb
4,0.28674463,0.32596586,2800,2819,2809.5118327402133,3.6340197184352373e-07,3.280966620985152e-07,3.2530354070172546e-07,3.1593894049413636e-09,1.1170128363214847e-09,0.9028477760703771,0.8951617379825254,-31.606897071366667,standard-halo-model-uncompensated,scale_dependent_camb
4,0.28674463,0.32596586,2820,2839,2829.511749116608,3.601686401681812e-07,3.252621631499123e-07,3.2249754854795184e-07,1.969936213922427e-09,6.964776276847507e-10,0.9030829641304438,0.8954070748562707,-50.11859050563614,standard-halo-model-uncompensated,scale_dependent_camb
4,0.28674463,0.32596586,2840,2859,2849.5116666666668,3.569673200276554e-07,3.2282077406373153e-07,3.200704840303405e-07,3.3840834931307225e-09,1.1964541930470966e-09,0.9043426553408911,0.8966380564067984,-28.53978544465657,standard-halo-model-uncompensated,scale_dependent_camb
4,0.28674463,0.32596586,2860,2879,2869.5115853658535,3.537977469473824e-07,3.207981309580398e-07,3.1806956374419403e-07,2.4929818890449473e-09,8.814021995594657e-10,0.9067274558018867,0.8990152325404662,-37.43990655552728,standard-halo-model-uncompensated,scale_dependent_camb
4,0.28674463,0.32596586,2880,2899,2889.5115051903113,3.506596612194798e-07,3.17401307961432e-07,3.1470390943351265e-07,1.866875490664167e-09,6.600401595397978e-10,0.9051548925177588,0.897462537718411,-50.38837830903602,standard-halo-model-uncompensated,scale_dependent_camb
4,0.28674463,0.32596586,2900,2919,2909.5114261168383,3.475528063148723e-07,3.146040975252709e-07,3.1192719710630275e-07,2.9360764141576132e-09,1.0380597712663652e-09,0.9051979780023677,0.8974958378661635,-31.74066629073401,standard-halo-model-uncompensated,scale_dependent_camb
4,0.28674463,0.32596586,2920,2939,2929.511348122867,3.4447692869504093e-07,3.118365387493485e-07,3.091806339690433e-07,3.114920975356579e-09,1.101290872267426e-09,0.9052465136944241,0.8975365495166593,-29.638300623058623,standard-halo-model-uncompensated,scale_dependent_camb
4,0.28674463,0.32596586,2940,2959,2949.511271186441,3.4143177806283793e-07,3.102948419712293e-07,3.07652761223628e-07,2.862073370526553e-09,1.011895744276382e-09,0.9088048093582018,0.9010665702212606,-30.77089341241869,standard-halo-model-uncompensated,scale_dependent_camb
4,0.28674463,0.32596586,2960,2979,2969.5111952861953,3.3841710779014523e-07,3.0711607898294174e-07,3.0450454968065603e-07,2.363146852073695e-09,8.354985820204764e-10,0.9075075459051157,0.8997906508600073,-37.463892196571514,standard-halo-model-uncompensated,scale_dependent_camb
4,0.28674463,0.32596586,2980,2999,2989.511120401338,3.354326736230091e-07,3.0526536110986154e-07,3.0266904679851186e-07,2.171665471072651e-09,7.677996905320749e-10,0.9100644782533844,0.9023242832291285,-39.29060259485387,standard-halo-model-uncompensated,scale_dependent_camb
4,0.28674463,0.32596586,3000,3019,3009.5110465116277,3.324782332580388e-07,3.0191723318188006e-07,2.993489354934493e-07,2.53329764659949e-09,8.956559723372105e-10,0.9080812004542862,0.9003564911905748,-34.12136023211004,standard-halo-model-uncompensated,scale_dependent_camb
4,0.28674463,0.32596586,3020,3039,3029.5109735973597,3.2955354665855174e-07,2.9898996617664405e-07,2.9644505510329206e-07,2.6922953140204492e-09,9.518701367503125e-10,0.9072576193101195,0.8995353201597822,-32.10898136404599,standard-halo-model-uncompensated,scale_dependent_camb
4,0.28674463,0.32596586,3040,3059,3049.5109016393444,3.266583767343886e-07,2.969143159227826e-07,2.9438970124982914e-07,2.2700480481313215e-09,8.025831842264717e-10,0.9089444418693373,0.9012158334736425,-37.060408685578544,standard-halo-model-uncompensated,scale_dependent_camb
4,0.28674463,0.32596586,3060,3079,3069.5108306188927,3.237924883642163e-07,2.946513480474854e-07,2.9214467705644923e-07,2.5752667233503543e-09,9.104942817225481e-10,0.9100005671411633,0.9022589700346346,-32.005846606306335,standard-halo-model-uncompensated,scale_dependent_camb
4,0.28674463,0.32596586,3080,3099,3089.5107605177996,3.2095564802985767e-07,2.907453799995499e-07,2.882745879911765e-07,1.6682832467289382e-09,5.898271983509711e-10,0.905874010269801,0.8981757752534053,-51.218845307183386,standard-halo-model-uncompensated,scale_dependent_camb
4,0.28674463,0.32596586,3100,3119,3109.510691318328,3.1814762288712506e-07,2.8919818825733773e-07,2.867360594388508e-07,2.926607133032301e-09,1.0347118748180302e-09,0.909006283413099,0.9012673325570668,-27.97825687936415,standard-halo-model-uncompensated,scale_dependent_camb
4,0.28674463,0.32596586,3120,3139,3129.5106230031947,3.153681830657413e-07,2.8722182499971937e-07,2.847777026308756e-07,2.3868219482515305e-09,8.438689925467719e-10,0.9107507999303956,0.9030007398416319,-33.353942750138344,standard-halo-model-uncompensated,scale_dependent_camb
4,0.28674463,0.32596586,3140,3159,3149.5105555555556,3.126170995219631e-07,2.844407248627339e-07,2.820205337683774e-07,2.1928063237717216e-09,7.752741106838642e-10,0.9098693747005044,0.9021276641604945,-36.34375799596221,standard-halo-model-uncompensated,scale_dependent_camb
4,0.28674463,0.32596586,3160,3179,3169.5104889589907,3.0989414413520973e-07,2.8173820977390224e-07,2.7934128090318376e-07,2.082446040437814e-09,7.362558583243267e-10,0.9091433804279219,0.9014087106509007,-38.242051377884685,standard-halo-model-uncompensated,scale_dependent_camb
4,0.28674463,0.32596586,3180,3199,3189.510423197492,3.0719909199819157e-07,2.790933349123299e-07,2.7671917159752813e-07,2.0859619849295376e-09,7.374989324205134e-10,0.9085096348981815,0.9007812158479854,-38.1095562994471,standard-halo-model-uncompensated,scale_dependent_camb
4,0.28674463,0.32596586,3200,3219,3209.5103582554516,3.0453171745973573e-07,2.77463409880633e-07,2.751020091738571e-07,2.455939939739991e-09,8.683058927885142e-10,0.911114980715657,0.9033607778809781,-31.173700194725615,standard-halo-model-uncompensated,scale_dependent_camb
4,0.28674463,0.32596586,3220,3239,3229.510294117647,3.018917965716526e-07,2.752022876750597e-07,2.7286016657778943e-07,2.5653154854880635e-09,9.06975987835735e-10,0.9115924672359944,0.9038343197014542,-29.426918964283217,standard-halo-model-uncompensated,scale_dependent_camb
4,0.28674463,0.32596586,3240,3259,3249.510230769231,2.9927910560072365e-07,2.7255635235020244e-07,2.702376323613159e-07,2.1480890180640516e-09,7.594641556327215e-10,0.9107095926497029,0.9029619084796625,-35.18632584872695,standard-halo-model-uncompensated,scale_dependent_camb
4,0.28674463,0.32596586,3260,3279,3269.5101681957185,2.9669342440420203e-07,2.695463624468051e-07,2.672548322152585e-07,1.9561096127679816e-09,6.915891859662156e-10,0.908501302272163,0.9007777396885019,-39.253161426273515,standard-halo-model-uncompensated,scale_dependent_camb
4,0.28674463,0.32596586,3280,3299,3289.510106382979,2.941345317187459e-07,2.679981837645617e-07,2.657187185642942e-07,2.0757836456781562e-09,7.33900346067579e-10,0.9111415181296154,0.9033917813443842,-35.61293858795585,standard-halo-model-uncompensated,scale_dependent_camb
4,0.28674463,0.32596586,3300,3319,3309.5100453172204,2.916022070350471e-07,2.656925215260963e-07,2.6343107611692645e-07,2.3050549025636465e-09,8.149599763050254e-10,0.9111471556666347,0.903391914606686,-31.792586461023003,standard-halo-model-uncompensated,scale_dependent_camb
4,0.28674463,0.32596586,3320,3339,3329.509984984985,2.890962314046223e-07,2.642957348963216e-07,2.620465195213204e-07,2.4012143084360664e-09,8.489574602886543e-10,0.9142136983667919,0.9064335368473109,-29.212884824486075,standard-halo-model-uncompensated,scale_dependent_camb
4,0.28674463,0.32596586,3340,3359,3349.509925373134,2.866163878885355e-07,2.614806456014754e-07,2.592580028925202e-07,1.6533697704563891e-09,5.845544882492791e-10,0.9123017965852137,0.9045470316698887,-42.9998277189536,standard-halo-model-uncompensated,scale_dependent_camb
4,0.28674463,0.32596586,3360,3379,3369.5098664688426,2.8416245797598883e-07,2.5909310428964944e-07,2.5689054083800217e-07,1.5456776298010155e-09,5.46479566780324e-10,0.9117780938942409,0.9040270226678181,-45.87427455712516,standard-halo-model-uncompensated,scale_dependent_camb
4,0.28674463,0.32596586,3380,3399,3389.509808259587,2.817342250583606e-07,2.576044704424805e-07,2.554155990920018e-07,1.2652550466452438e-09,4.4733521170667667e-10,0.9143527748150523,0.9065834974046658,-53.94110274445001,standard-halo-model-uncompensated,scale_dependent_camb
4,0.28674463,0.32596586,3400,3419,3409.509750733138,2.793314752947379e-07,2.546704282542191e-07,2.5250210515499594e-07,2.4343826107165595e-09,8.606842260201453e-10,0.9117140414824446,0.9039514966530972,-28.652839560628305,standard-halo-model-uncompensated,scale_dependent_camb
4,0.28674463,0.32596586,3420,3439,3429.509693877551,2.769539915317436e-07,2.529781535227199e-07,2.5082694724167144e-07,1.9601251333043044e-09,6.930088868668295e-10,0.9134302492756251,0.9056628714914998,-34.59672518403208,standard-halo-model-uncompensated,scale_dependent_camb
4,0.28674463,0.32596586,3440,3459,3449.5096376811593,2.7460156027345197e-07,2.5085995415852735e-07,2.4872800020765434e-07,1.8098702722220876e-09,6.398857712780904e-10,0.9135416197516052,0.9057778111674516,-37.1028817651372,standard-halo-model-uncompensated,scale_dependent_camb
4,0.28674463,0.32596586,3460,3479,3469.509582132565,2.722739696403825e-07,2.479567559654541e-07,2.4584822708636557e-07,1.6864985742817412e-09,5.962672891680317e-10,0.9106884374329048,0.9029442932465418,-40.78240432886745,standard-halo-model-uncompensated,scale_dependent_camb
4,0.28674463,0.32596586,3480,3499,3489.5095272206304,2.699710048158794e-07,2.47170876426282e-07,2.450696861747361e-07,1.4848019708516037e-09,5.249567711541597e-10,0.9155460105608484,0.9077629886286268,-43.432392231972734,standard-halo-model-uncompensated,scale_dependent_camb
4,0.28674463,0.32596586,3500,3519,3509.509472934473,2.676924549370129e-07,2.44770720781106e-07,2.4268880390643734e-07,1.945391532956385e-09,6.877997725081763e-10,0.9143728792755841,0.9065956078722547,-33.326172924307556,standard-halo-model-uncompensated,scale_dependent_camb
4,0.28674463,0.32596586,3520,3539,3529.509419263456,2.6543810955462134e-07,2.4328273315631443e-07,2.412143578116285e-07,1.5917302060177912e-09,5.627616112473202e-10,0.9165327976623951,0.9087404902648009,-39.36902581041576,standard-halo-model-uncompensated,scale_dependent_camb
4,0.28674463,0.32596586,3540,3559,3549.509366197183,2.6320775615696674e-07,2.412975429199635e-07,2.3924581343074996e-07,1.8125714743163542e-09,6.40840790437196e-10,0.9167569620405226,0.9089618669446549,-34.189791854628375,standard-halo-model-uncompensated,scale_dependent_camb
4,0.28674463,0.32596586,3560,3579,3569.5093137254903,2.610011878112422e-07,2.3920522641270593e-07,2.3716909175400452e-07,2.2053947607247695e-09,7.797247952508839e-10,0.916490949404034,0.9086897026902682,-27.953402958698017,standard-halo-model-uncompensated,scale_dependent_camb
4,0.28674463,0.32596586,3580,3599,3589.50926183844,2.588181929410263e-07,2.3691115618251652e-07,2.3489659861281887e-07,1.5189414050647187e-09,5.370268838731425e-10,0.9153574309843766,0.9075737526161535,-40.793184505982154,standard-halo-model-uncompensated,scale_dependent_camb
4,0.28674463,0.32596586,3600,3619,3609.5092105263157,2.5665856549872067e-07,2.3542441660801788e-07,2.3342274257816121e-07,1.4347956391653138e-09,5.072768630353401e-10,0.9172669384735238,0.9094679623280475,-41.8590920225421,standard-halo-model-uncompensated,scale_dependent_camb
4,0.28674463,0.32596586,3620,3639,3629.5091597796145,2.5452209708435523e-07,2.3369129686554248e-07,2.317033484225082e-07,1.9344440988120105e-09,6.839292700481362e-10,0.9181572034120523,0.9103466892531366,-30.45753578779665,standard-halo-model-uncompensated,scale_dependent_camb
4,0.28674463,0.32596586,3640,3659,3649.509109589041,2.5240858073833284e-07,2.3162815706414266e-07,2.2965700474638975e-07,1.928895573632144e-09,6.819675701580023e-10,0.917671484806878,0.9098621135407072,-30.47127837673521,standard-halo-model-uncompensated,scale_dependent_camb
4,0.28674463,0.32596586,3660,3679,3669.5090599455043,2.503178122515277e-07,2.2967511231833616e-07,2.277241687432212e-07,1.250568124918756e-09,4.4214260073289886e-10,0.9175340350432232,0.9097401686876216,-46.68787829757647,standard-halo-model-uncompensated,scale_dependent_camb
4,0.28674463,0.32596586,3680,3699,3689.509010840108,2.4824958415155086e-07,2.284114897655454e-07,2.2646877623977014e-07,1.5432201644300171e-09,5.456107215661419e-10,0.9200881062749546,0.9122624596281941,-36.35942917151889,standard-halo-model-uncompensated,scale_dependent_camb
4,0.28674463,0.32596586,3700,3719,3709.508962264151,2.462036952686367e-07,2.2591922726526592e-07,2.239983022518016e-07,1.6241513778187822e-09,5.742242264645676e-10,0.9176110334930673,0.9098088556607307,-35.32499512996848,standard-halo-model-uncompensated,scale_dependent_camb
4,0.28674463,0.32596586,3720,3739,3729.508914209115,2.4417993916126067e-07,2.2439877091797475e-07,2.22487611159194e-07,2.4171109301785494e-09,8.545777648046879e-10,0.9189893800808014,0.9111625300727892,-23.147300407244828,standard-halo-model-uncompensated,scale_dependent_camb
4,0.28674463,0.32596586,3740,3759,3749.5088666666666,2.421781157910869e-07,2.2217096047770027e-07,2.2028162830748666e-07,1.6978247611500523e-09,6.002717009378162e-10,0.9173866092399297,0.9095851934759906,-33.33016579347163,standard-halo-model-uncompensated,scale_dependent_camb
4,0.28674463,0.32596586,3760,3779,3769.5088196286474,2.4019802132090363e-07,2.204112357482937e-07,2.1853627716350178e-07,1.7007040978204126e-09,6.012897001802815e-10,0.9176230284337985,0.9098171415472992,-32.907241828152685,standard-halo-model-uncompensated,scale_dependent_camb
4,0.28674463,0.32596586,3780,3799,3789.5087730870714,2.3823945737062243e-07,2.19380894827552e-07,2.175156732514265e-07,1.481239362444039e-09,5.23697198872309e-10,0.9208419849876811,0.9130127966713905,-36.01043233318619,standard-halo-model-uncompensated,scale_dependent_camb
4,0.28674463,0.32596586,3800,3819,3809.5087270341205,2.3630222132279277e-07,2.1706306777207037e-07,2.1521781349910919e-07,1.37683998351372e-09,4.867864444756628e-10,0.9185824261700807,0.9107735521669856,-39.522779997388106,standard-halo-model-uncompensated,scale_dependent_camb
4,0.28674463,0.32596586,3820,3839,3829.508681462141,2.343861166525864e-07,2.1589877058115696e-07,2.1406284448163947e-07,1.764855176004357e-09,6.239705313824294e-10,0.921124397914609,0.9132914847466386,-29.628556384658207,standard-halo-model-uncompensated,scale_dependent_camb
4,0.28674463,0.32596586,3840,3859,3849.5086363636365,2.3249094288420355e-07,2.142870862635742e-07,2.1246511831877796e-07,1.4810623660357632e-09,5.236346211920403e-10,0.9217007923199136,0.913864065769651,-34.764425200130496,standard-halo-model-uncompensated,scale_dependent_camb
4,0.28674463,0.32596586,3860,3879,3869.5085917312663,2.3061650528523709e-07,2.125128002832875e-07,2.1070638320311598e-07,1.5696599011918416e-09,5.549585801446786e-10,0.921498658651695,0.9136656673489378,-32.62172286304667,standard-halo-model-uncompensated,scale_dependent_camb
4,0.28674463,0.32596586,3880,3899,3889.5085475578408,2.2876260534931993e-07,2.1070367320665048e-07,2.0891209457037595e-07,1.3283525310495063e-09,4.696435412557099e-10,0.9210581986724032,0.9132265924816152,-38.45242307470972,standard-halo-model-uncompensated,scale_dependent_camb
4,0.28674463,0.32596586,3900,3919,3909.5085038363172,2.2692904921153303e-07,2.0971012944426903e-07,2.079254743369222e-07,1.7696554389317901e-09,6.256676806161625e-10,0.9241220115842759,0.9162576367343057,-27.52087138384178,standard-halo-model-uncompensated,scale_dependent_camb
4,0.28674463,0.32596586,3920,3939,3929.5084605597963,2.2511564199980663e-07,2.0753662188795098e-07,2.0577061030048132e-07,1.9814735131389075e-09,7.005566789410265e-10,0.9219111566140271,0.914066248229246,-25.092930579761788,standard-halo-model-uncompensated,scale_dependent_camb
4,0.28674463,0.32596586,3940,3959,3949.508417721519,2.233221901962115e-07,2.0615842766300127e-07,2.0440468718506263e-07,1.7296157927143224e-09,6.115115279378217e-10,0.9231434972130173,0.9152905360881161,-28.067766099342332,standard-halo-model-uncompensated,scale_dependent_camb
4,0.28674463,0.32596586,3960,3979,3969.5083753148615,2.2154850257541769e-07,2.048988717841597e-07,2.0315772857151403e-07,1.3273406179689068e-09,4.692857759550783e-10,0.924848822728602,0.9169898519280526,-35.47866064632598,standard-halo-model-uncompensated,scale_dependent_camb
4,0.28674463,0.32596586,3980,3999,3989.508333333333,2.1979438585144293e-07,2.0354586004212534e-07,2.018161375005151e-07,1.1238689007090016e-09,3.973476604280028e-10,0.9260739725158411,0.9182042421998934,-40.89246628963537,standard-halo-model-uncompensated,scale_dependent_camb
4,0.28674463,0.32596586,4000,4019,4009.5082917705736,2.1805965199239562e-07,2.016357945523497e-07,1.9992077815785449e-07,1.38798367257408e-09,4.907263335266703e-10,0.9246818139441098,0.9168169183578552,-33.468465655824254,standard-halo-model-uncompensated,scale_dependent_camb
4,0.28674463,0.32596586,4020,4039,4029.5082506203476,2.1634410994480378e-07,2.0019037654533507e-07,1.9848811720964785e-07,1.3287673046172876e-09,4.697901858569275e-10,0.925333149104036,0.9174648538399702,-34.3849954421744,standard-halo-model-uncompensated,scale_dependent_camb
4,0.28674463,0.32596586,4040,4059,4049.5082098765433,2.1464757275237597e-07,1.9914839295972872e-07,1.9745487630141738e-07,1.2508539516975995e-09,4.4224365575968134e-10,0.9277924292648416,0.9199026747402701,-35.04669787975348,standard-halo-model-uncompensated,scale_dependent_camb
4,0.28674463,0.32596586,4060,4079,4069.5081695331696,2.1296985302603835e-07,1.976086056801233e-07,1.9592735477970187e-07,1.6543487403145166e-09,5.849006063619086e-10,0.9278712591117911,0.9199769450737574,-26.26300465212757,standard-halo-model-uncompensated,scale_dependent_camb
4,0.28674463,0.32596586,4080,4096,4088.005870123517,2.1143452725507835e-07,1.96375473945464e-07,1.9470593678332961e-07,1.2535756529647168e-09,4.432059224708527e-10,0.9287767541795724,0.920880517061591,-33.97755432883391,standard-halo-model-uncompensated,scale_dependent_camb
5,0.2483836,0.28674463,20,39,30.608333333333334,7.244318605739736e-05,7.106401234770108e-05,7.186653641417831e-05,2.5249913574609924e-06,8.927192556490467e-07,0.9809619953959016,0.9920399740182304,-1.5449131414708492,standard-halo-model-uncompensated,scale_dependent_camb
5,0.2483836,0.28674463,40,59,50.165,5.405678392484492e-05,5.089656596212311e-05,5.147199741464078e-05,1.7775683002168507e-06,6.284652995527899e-07,0.941538920126742,0.9521838644008537,-5.02846850091897,standard-halo-model-uncompensated,scale_dependent_camb
5,0.2483836,0.28674463,60,79,69.975,3.873135000809721e-05,3.722037003559385e-05,3.7640487302866006e-05,7.292904537304506e-07,2.578431126437078e-07,0.9609881924542398,0.9718351489167523,-5.860074977419555,standard-halo-model-uncompensated,scale_dependent_camb
5,0.2483836,0.28674463,80,99,89.86944444444444,2.9066681190804097e-05,2.7778981196013904e-05,2.8092837172182636e-05,8.794703352782913e-07,3.109397189638431e-07,0.9556984168114251,0.9664962087611998,-4.1413171629576535,standard-halo-model-uncompensated,scale_dependent_camb
5,0.2483836,0.28674463,100,119,109.80227272727272,2.286982806757945e-05,2.1419761922504397e-05,2.1661898761234986e-05,5.28902394198798e-07,1.8699523476188527e-07,0.9365947946442726,0.9471824054481267,-7.754562018232855,standard-halo-model-uncompensated,scale_dependent_camb
5,0.2483836,0.28674463,120,139,129.75576923076923,1.773746334124189e-05,1.6997149409635732e-05,1.718908242875558e-05,4.774854241267524e-07,1.6881659065888066e-07,0.9582626941990723,0.9690834646456321,-4.385315025713752,standard-halo-model-uncompensated,scale_dependent_camb
5,0.2483836,0.28674463,140,159,149.72166666666666,1.4743136812542231e-05,1.4008225633731436e-05,1.4166388173857972e-05,2.3771956641530491e-07,8.404655871649397e-08,0.9501523191329545,0.9608801948989845,-8.744096010995515,standard-halo-model-uncompensated,scale_dependent_camb
5,0.2483836,0.28674463,160,179,169.6955882352941,1.2068652952086304e-05,1.1626026049564766e-05,1.1757666489720584e-05,1.9756769923777036e-07,6.985072993722585e-08,0.9633242496673979,0.9742318829118406,-6.336754145866796,standard-halo-model-uncompensated,scale_dependent_camb
5,0.2483836,0.28674463,180,199,189.675,1.0197652708960413e-05,9.700823667188391e-06,9.81051009388836e-06,1.1770260574125484e-07,4.161415534148398e-08,0.9512800586613945,0.9620361051586037,-11.938943316164037,standard-halo-model-uncompensated,scale_dependent_camb
5,0.2483836,0.28674463,200,219,209.65833333333333,8.770818101607203e-06,8.492394143891996e-06,8.588440899206436e-06,1.787389705608357e-07,6.31937690729348e-08,0.9682556456547438,0.9792063636153454,-4.405876747023351,standard-halo-model-uncompensated,scale_dependent_camb
5,0.2483836,0.28674463,220,239,229.64456521739132,7.548537343537349e-06,7.3076569119017915e-06,7.390346186433461e-06,8.257070154135607e-08,2.9193151493611693e-08,0.9680891249956144,0.9790434689656371,-8.251265084835694,standard-halo-model-uncompensated,scale_dependent_camb
5,0.2483836,0.28674463,240,259,249.633,6.6567768316693626e-06,6.427417838885803e-06,6.500086203885512e-06,8.199940596743765e-08,2.8991168006421905e-08,0.965545037999112,0.9764614870310206,-7.911340196185059,standard-halo-model-uncompensated,scale_dependent_camb
5,0.2483836,0.28674463,260,279,269.6231481481482,5.882569003042914e-06,5.724011205065792e-06,5.788837568936592e-06,6.408602417701259e-08,2.2657831137425318e-08,0.973046164372215,0.984066241457119,-6.997924779976939,standard-halo-model-uncompensated,scale_dependent_camb
5,0.2483836,0.28674463,280,299,289.6146551724138,5.2593760530686785e-06,5.118098364070774e-06,5.175943545091789e-06,7.294164226332858e-08,2.5788764937641456e-08,0.9731379373575172,0.9841364247136866,-5.478265025080557,standard-halo-model-uncompensated,scale_dependent_camb
5,0.2483836,0.28674463,300,319,309.60725806451615,4.748265981193587e-06,4.619144932110959e-06,4.671319913775439e-06,6.878341212786302e-08,2.4318608574380478e-08,0.9728066941502358,0.98379491213784,-5.3095574398387315,standard-halo-model-uncompensated,scale_dependent_camb
5,0.2483836,0.28674463,320,339,329.6007575757576,4.306939448546039e-06,4.189769956847049e-06,4.2371402989528984e-06,3.869985073693973e-08,1.3682463443498644e-08,0.9727951848177144,0.9837937936144647,-8.563479243546917,standard-halo-model-uncompensated,scale_dependent_camb
5,0.2483836,0.28674463,340,359,349.595,3.942533489043197e-06,3.823662374525156e-06,3.866976440119301e-06,6.032152572044542e-08,2.132687994422285e-08,0.9698490539526426,0.9808354071984732,-5.573769572901895,standard-halo-model-uncompensated,scale_dependent_camb
5,0.2483836,0.28674463,360,379,369.58986486486486,3.6275324766608387e-06,3.5155012842806725e-06,3.5552748528510084e-06,3.788134351866971e-08,1.339307744125421e-08,0.9691164191910168,0.9800807782494773,-8.36485810461161,standard-halo-model-uncompensated,scale_dependent_camb
5,0.2483836,0.28674463,380,399,389.5852564102564,3.356846742368738e-06,3.23839946973561e-06,3.2750445574687207e-06,2.870945841208406e-08,1.0150326363688903e-08,0.9647147213668901,0.9756312423002385,-11.669306817252066,standard-halo-model-uncompensated,scale_dependent_camb
5,0.2483836,0.28674463,400,419,409.5810975609756,3.1239764343710664e-06,3.0018237247369655e-06,3.035765728215624e-06,3.1100270831695266e-08,1.0995606200914954e-08,0.9608983255154762,0.9717633253615752,-11.109229214114311,standard-halo-model-uncompensated,scale_dependent_camb
5,0.2483836,0.28674463,420,439,429.57732558139537,2.919727072461836e-06,2.78750164576441e-06,2.8190289667431425e-06,2.981786398712129e-08,1.0542206912895804e-08,0.9547130867317892,0.9655111237387721,-12.54248069592342,standard-halo-model-uncompensated,scale_dependent_camb
5,0.2483836,0.28674463,440,459,449.5738888888889,2.7415622475106458e-06,2.603584179850203e-06,2.632994095821556e-06,3.168310102364736e-08,1.1201667791419746e-08,0.9496717363299966,0.9603991659180199,-12.31763610827054,standard-halo-model-uncompensated,scale_dependent_camb
5,0.2483836,0.28674463,460,479,469.5707446808511,2.5844873226127622e-06,2.4347454639220737e-06,2.46223215185728e-06,3.959894770956903e-08,1.4000342226643882e-08,0.9420612910806201,0.9526965484853338,-10.695585598308915,standard-halo-model-uncompensated,scale_dependent_camb
5,0.2483836,0.28674463,480,499,489.5678571428571,2.4452609196751144e-06,2.2859514428101676e-06,2.311805947595082e-06,3.227449143399897e-08,1.1410755876163906e-08,0.9348497023024793,0.9454230135499144,-13.961343016524497,standard-halo-model-uncompensated,scale_dependent_camb
5,0.2483836,0.28674463,500,519,509.56519607843137,2.3216937481895612e-06,2.1590113474918807e-06,2.183442992886149e-06,2.5535047145710325e-08,9.028002497324983e-09,0.9299294315520559,0.9404526305800587,-18.019755837006436,standard-halo-model-uncompensated,scale_dependent_camb
5,0.2483836,0.28674463,520,539,529.5627358490566,2.2112855543213027e-06,2.0423280520894548e-06,2.065411541375957e-06,1.8425995195916475e-08,6.514573076571643e-09,0.9235930873325381,0.9340320327873176,-25.93531460096284,standard-halo-model-uncompensated,scale_dependent_camb
5,0.2483836,0.28674463,540,559,549.5604545454545,2.1121617670217393e-06,1.9269168315826806e-06,1.948703608105026e-06,2.423394940791994e-08,8.567994980635954e-09,0.9122960474280983,0.9226109659454741,-21.620570023409254,standard-halo-model-uncompensated,scale_dependent_camb
5,0.2483836,0.28674463,560,579,569.5583333333333,2.0228341201674373e-06,1.8420779951239684e-06,1.862929792285157e-06,1.535702309274609e-08,5.429527583859583e-09,0.9106421415175125,0.9209503506550284,-33.29131720056173,standard-halo-model-uncompensated,scale_dependent_camb
5,0.2483836,0.28674463,580,599,589.5563559322034,1.942044069092992e-06,1.75936878818342e-06,1.7792453052936546e-06,2.020982578867207e-08,7.145252430884393e-09,0.9059365933982703,0.9161714368946476,-25.565966028013573,standard-halo-model-uncompensated,scale_dependent_camb
5,0.2483836,0.28674463,600,619,609.5545081967213,1.8687218905962347e-06,1.6755843817708202e-06,1.6945151762699035e-06,2.2196978261464307e-08,7.847816925265896e-09,0.8966472700955025,0.9067776135106178,-24.610348414679763,standard-halo-model-uncompensated,scale_dependent_camb
5,0.2483836,0.28674463,620,639,629.5527777777778,1.8019546480970936e-06,1.6010177777096709e-06,1.6191276987617617e-06,1.631022607918645e-08,5.766535731639207e-09,0.8884894963368714,0.8985396499693256,-34.845335178440656,standard-halo-model-uncompensated,scale_dependent_camb
5,0.2483836,0.28674463,640,659,649.5511538461539,1.7409587699945532e-06,1.53508792926485e-06,1.5524586010059233e-06,1.4465959170559779e-08,5.114488912935272e-09,0.8817485834369602,0.8917262302603411,-40.25247570857503,standard-halo-model-uncompensated,scale_dependent_camb
5,0.2483836,0.28674463,660,679,669.5496268656716,1.6850556741999026e-06,1.47754167761132e-06,1.4942868171833578e-06,1.6321198149449396e-08,5.770414944282499e-09,0.8768503618213598,0.8867878017697394,-35.96171134871226,standard-halo-model-uncompensated,scale_dependent_camb
5,0.2483836,0.28674463,680,699,689.5481884057971,1.6336587477963915e-06,1.4204534076950698e-06,1.4365268765268668e-06,1.3783565953639283e-08,4.873226477375179e-09,0.8694921198267938,0.8793310588668338,-43.750345092961595,standard-halo-model-uncompensated,scale_dependent_camb
5,0.2483836,0.28674463,700,719,709.5468309859154,1.5862613769102568e-06,1.3802180095561834e-06,1.3958207186721954e-06,1.9710209265113758e-08,6.968611314983927e-09,0.8701075558207136,0.8799437085147944,-29.56734965416114,standard-halo-model-uncompensated,scale_dependent_camb
5,0.2483836,0.28674463,720,739,729.5455479452055,1.5424245144618462e-06,1.3315329315221054e-06,1.3465936181353513e-06,1.6432491239151255e-08,5.8097629934961925e-09,0.8632726717175387,0.8730369658350376,-36.299515690369105,standard-halo-model-uncompensated,scale_dependent_camb
5,0.2483836,0.28674463,740,759,749.5443333333334,1.5017662262060597e-06,1.2988885999728415e-06,1.3135727492387817e-06,1.3747788383156643e-08,4.860577196023852e-09,0.8649073186671992,0.8746852381660528,-41.73941037273932,standard-halo-model-uncompensated,scale_dependent_camb
5,0.2483836,0.28674463,760,779,769.5431818181818,1.4639530851449304e-06,1.253860046255582e-06,1.2680406863663093e-06,1.1309803049668596e-08,3.99861921515248e-09,0.8564892269969503,0.8661757669924062,-52.54139681348401,standard-halo-model-uncompensated,scale_dependent_camb
5,0.2483836,0.28674463,780,799,789.5420886075949,1.4286931538971955e-06,1.2196142551974333e-06,1.2334012689225246e-06,1.2375723582870639e-08,4.375479033769052e-09,0.8536572404442229,0.8633073277897687,-47.784230500508414,standard-halo-model-uncompensated,scale_dependent_camb
5,0.2483836,0.28674463,800,819,809.5410493827161,1.3957301057273145e-06,1.1903891153858094e-06,1.2038375985401546e-06,1.2290229489039402e-08,4.3452523070193186e-09,0.8528791565798447,0.8625146033608233,-47.25640212187387,standard-halo-model-uncompensated,scale_dependent_camb
5,0.2483836,0.28674463,820,839,829.5400602409638,1.364838504352568e-06,1.1596630116875153e-06,1.1727791166334801e-06,1.1050355439807571e-08,3.906890633004793e-09,0.849670498003439,0.8592805030730033,-52.51631333924803,standard-halo-model-uncompensated,scale_dependent_camb
5,0.2483836,0.28674463,840,859,849.5391176470588,1.3358192349127456e-06,1.1306314320871552e-06,1.1434186728956915e-06,7.789163806371711e-09,2.7538852736291285e-09,0.8463955320728758,0.8559681153044472,-74.50847890812446,standard-halo-model-uncompensated,scale_dependent_camb
5,0.2483836,0.28674463,860,879,869.5382183908046,1.3084957971027882e-06,1.0998444098857871e-06,1.1122659281510353e-06,1.3762618289531278e-08,4.865820359704785e-09,0.840541033697634,0.850034008984793,-42.88102967074194,standard-halo-model-uncompensated,scale_dependent_camb
5,0.2483836,0.28674463,880,899,889.5373595505617,1.282711439994353e-06,1.0821052365038666e-06,1.0943428989959255e-06,1.0576543847099253e-08,3.739372937900369e-09,0.8436076913047804,0.8531481554423053,-53.64701697903538,standard-halo-model-uncompensated,scale_dependent_camb
5,0.2483836,0.28674463,900,919,909.5365384615385,1.2583265088866956e-06,1.0576444114834427e-06,1.0695955876035824e-06,1.0617840303030055e-08,3.753973439914189e-09,0.8405166735454008,0.850014348461837,-53.458582117150044,standard-halo-model-uncompensated,scale_dependent_camb
5,0.2483836,0.28674463,920,939,929.535752688172,1.2352163810830891e-06,1.042213711485694e-06,1.0539952462206297e-06,1.4114144450394521e-08,4.990103625760221e-09,0.8437499109037379,0.8532879440090025,-38.677086503988576,standard-halo-model-uncompensated,scale_dependent_camb
5,0.2483836,0.28674463,940,959,949.535,1.2132696175348665e-06,1.0190177710101096e-06,1.0305359966543205e-06,8.345623637707546e-09,2.950623533726874e-09,0.8398939166387108,0.8493874582866205,-65.83416837301544,standard-halo-model-uncompensated,scale_dependent_camb
5,0.2483836,0.28674463,960,979,969.5342783505155,1.1923863594202221e-06,9.991439660910782e-07,1.0104363311315208e-06,1.1289109771824698e-08,3.991303036608281e-09,0.8379364273983269,0.8474068183930152,-48.415866086018106,standard-halo-model-uncompensated,scale_dependent_camb
5,0.2483836,0.28674463,980,999,989.5335858585859,1.172476970699219e-06,9.83475489495764e-07,9.945877259771258e-07,9.84738530982545e-09,3.4815764647671836e-09,0.8388015407324018,0.8482791140741919,-54.28617843557651,standard-halo-model-uncompensated,scale_dependent_camb
5,0.2483836,0.28674463,1000,1019,1009.5329207920792,1.1534607894589233e-06,9.667527809259216e-07,9.776813635684707e-07,6.691701192895437e-09,2.3658736455852363e-09,0.8381323316412129,0.8476069342826045,-78.91715133705567,standard-halo-model-uncompensated,scale_dependent_camb
5,0.2483836,0.28674463,1020,1039,1029.532281553398,1.135265080461954e-06,9.496387497358445e-07,9.603776826207084e-07,7.139654002267209e-09,2.5242488801644086e-09,0.8364907598051234,0.8459501654273718,-73.53725386777998,standard-halo-model-uncompensated,scale_dependent_camb
5,0.2483836,0.28674463,1040,1059,1049.5316666666668,1.1178242421391806e-06,9.417616474195322e-07,9.524053300782967e-07,9.132282784729261e-09,3.228749542397614e-09,0.8424952795953705,0.8520170650939528,-54.529653789407085,standard-halo-model-uncompensated,scale_dependent_camb
5,0.2483836,0.28674463,1060,1079,1069.5310747663552,1.101078976276043e-06,9.224094707952049e-07,9.328474583713533e-07,6.124807727677156e-09,2.1654465388521427e-09,0.8377323431556963,0.8472121241714512,-82.50931264068385,standard-halo-model-uncompensated,scale_dependent_camb
5,0.2483836,0.28674463,1080,1099,1089.530504587156,1.084975641931356e-06,9.105320320464802e-07,9.208242212600563e-07,7.947677127765911e-09,2.8099281958622493e-09,0.8392188698592807,0.8487049714967839,-62.08116283602979,standard-halo-model-uncompensated,scale_dependent_camb
5,0.2483836,0.28674463,1100,1119,1109.529954954955,1.0694656411052435e-06,8.986388466574961e-07,9.087952144816871e-07,9.220868570692858e-09,3.260069347383414e-09,0.8402690204509929,0.8497656956444988,-52.39974253457393,standard-halo-model-uncompensated,scale_dependent_camb
5,0.2483836,0.28674463,1120,1139,1129.529424778761,1.0545048730306876e-06,8.887960060528427e-07,8.988407175634396e-07,7.371636183476584e-09,2.6062669668882064e-09,0.8428562340337117,0.8523817580663585,-63.58092593089021,standard-halo-model-uncompensated,scale_dependent_camb
5,0.2483836,0.28674463,1140,1159,1149.5289130434783,1.0400532845826667e-06,8.760021183525386e-07,8.859049266724108e-07,7.3339349678033244e-09,2.592937574257437e-09,0.8422665755092005,0.8517880187531837,-63.2684596261863,standard-halo-model-uncompensated,scale_dependent_camb
5,0.2483836,0.28674463,1160,1179,1169.5284188034188,1.0260744296568036e-06,8.636077223053061e-07,8.733703913629311e-07,6.80384181591679e-09,2.4055213430776776e-09,0.8416618691045262,0.851176450869214,-67.53908370799739,standard-halo-model-uncompensated,scale_dependent_camb
5,0.2483836,0.28674463,1180,1199,1189.5279411764707,1.0125351223783389e-06,8.574979218301525e-07,8.671904881460968e-07,7.977322394543804e-09,2.820409380446615e-09,0.8468821504344262,0.856454723377059,-54.96975071173395,standard-halo-model-uncompensated,scale_dependent_camb
5,0.2483836,0.28674463,1200,1219,1209.527479338843,9.994051110683498e-07,8.419966027343908e-07,8.515127145012378e-07,1.003902493434927e-08,3.5493313037896016e-09,0.8424977953477829,0.8520195715138807,-44.34877864624662,standard-halo-model-uncompensated,scale_dependent_camb
5,0.2483836,0.28674463,1220,1239,1229.5270325203253,9.86656793053736e-07,8.355399004355425e-07,8.449795991719018e-07,8.152934047176437e-09,2.8824974756625708e-09,0.846839454527565,0.8564068125012969,-52.42568081814463,standard-halo-model-uncompensated,scale_dependent_camb
5,0.2483836,0.28674463,1240,1259,1249.5266,9.742649212368377e-07,8.271493210219396e-07,8.36501393471319e-07,9.857284753893811e-09,3.485076446782541e-09,0.8489983607044647,0.8585974669080494,-42.213019559647456,standard-halo-model-uncompensated,scale_dependent_camb
5,0.2483836,0.28674463,1260,1279,1269.5261811023622,9.622064401059303e-07,8.185738190792338e-07,8.278270163577356e-07,6.883877673888883e-09,2.433818292032753e-09,0.8507257745948116,0.8603424191035338,-59.01534288606768,standard-halo-model-uncompensated,scale_dependent_camb
5,0.2483836,0.28674463,1280,1299,1289.5257751937984,9.504602275112338e-07,8.088651149468447e-07,8.180093821665069e-07,6.664324335516822e-09,2.3561944648352383e-09,0.8510246841836256,0.8606455677881992,-60.09483286613628,standard-halo-model-uncompensated,scale_dependent_camb
5,0.2483836,0.28674463,1300,1319,1309.5253816793893,9.390069515412086e-07,8.016382146250715e-07,8.107004190800027e-07,9.38427794976719e-09,3.3178432874098855e-09,0.8537084984401112,0.8633593369563303,-41.40302148609788,standard-halo-model-uncompensated,scale_dependent_camb
5,0.2483836,0.28674463,1320,1339,1329.525,9.278288563447008e-07,7.960226347574721e-07,8.050176221232254e-07,9.398324056775922e-09,3.3228093361674584e-09,0.8579412348668525,0.8676358970928046,-39.6671034213641,standard-halo-model-uncompensated,scale_dependent_camb
5,0.2483836,0.28674463,1340,1359,1349.5246296296295,9.169096604035294e-07,7.860380010166557e-07,7.949318994747377e-07,6.6639443160994044e-09,2.3560601076817193e-09,0.8572687528133607,0.8669686162155718,-55.546825380294244,standard-halo-model-uncompensated,scale_dependent_camb
5,0.2483836,0.28674463,1360,1379,1369.5242700729927,9.062344130270796e-07,7.79787550610674e-07,7.886084858507665e-07,4.719616402476897e-09,1.6686363813953358e-09,0.8604700278440792,0.870203641038736,-75.7785601622021,standard-halo-model-uncompensated,scale_dependent_camb
5,0.2483836,0.28674463,1380,1399,1389.5239208633093,8.957893640076082e-07,7.704732196317996e-07,7.791883435862733e-07,6.693157908664727e-09,2.3663886723845994e-09,0.8601053446145357,0.8698343325939014,-52.95670395917172,standard-halo-model-uncompensated,scale_dependent_camb
5,0.2483836,0.28674463,1400,1419,1409.5235815602837,8.855618604242999e-07,7.632876136630077e-07,7.719093983233519e-07,8.791330905983342e-09,3.1082048496378475e-09,0.8619246692684948,0.8716606177613684,-39.3391853743292,standard-halo-model-uncompensated,scale_dependent_camb
5,0.2483836,0.28674463,1420,1439,1429.5232517482518,8.755402619477914e-07,7.562621287718576e-07,7.648056075396531e-07,1.0042961952980704e-08,3.550723250075574e-09,0.8637662499830918,0.873524200746874,-33.59263022636164,standard-halo-model-uncompensated,scale_dependent_camb
5,0.2483836,0.28674463,1440,1459,1449.5229310344828,8.657138424726632e-07,7.488127401537462e-07,7.572832054905575e-07,6.909012482936691e-09,2.44270478899352e-09,0.8649656542570435,0.8747500251672023,-47.8572371273257,standard-halo-model-uncompensated,scale_dependent_camb
5,0.2483836,0.28674463,1460,1479,1469.522619047619,8.560727148300361e-07,7.435221114258648e-07,7.519274001930943e-07,8.622573252080466e-09,3.0485400089119197e-09,0.8685268185115361,0.8783452470417554,-36.919510019598775,standard-halo-model-uncompensated,scale_dependent_camb
5,0.2483836,0.28674463,1480,1499,1489.5223154362416,8.46607756762677e-07,7.331884154740018e-07,7.414827870299222e-07,7.059384475372586e-09,2.495869316769497e-09,0.8660308266931351,0.8758280102054113,-45.44282047406166,standard-halo-model-uncompensated,scale_dependent_camb
5,0.2483836,0.28674463,1500,1519,1509.5220198675497,8.373105470299606e-07,7.289568351692639e-07,7.372066357043111e-07,6.91757665119465e-09,2.4457326797187325e-09,0.8705931601542103,0.8804458970680236,-44.30317048106733,standard-halo-model-uncompensated,scale_dependent_camb
5,0.2483836,0.28674463,1520,1539,1529.5217320261438,8.281733206595853e-07,7.205803006037895e-07,7.287191430823486e-07,8.27863605218122e-09,2.9269398457363846e-09,0.8700839336745295,0.8799113964477533,-36.75955971986387,standard-halo-model-uncompensated,scale_dependent_camb
5,0.2483836,0.28674463,1540,1559,1549.5214516129033,8.191888870302941e-07,7.119535164448329e-07,7.200006437687939e-07,5.5882616098921115e-09,1.9757488396995826e-09,0.8690956722152219,0.8789189589459944,-54.27581098909648,standard-halo-model-uncompensated,scale_dependent_camb
5,0.2483836,0.28674463,1560,1579,1569.521178343949,8.103505956447416e-07,7.092015900030264e-07,7.172226498963581e-07,5.305884476054837e-09,1.8759134466054032e-09,0.8751787113067552,0.8850769700807243,-53.919868117983484,standard-halo-model-uncompensated,scale_dependent_camb
5,0.2483836,0.28674463,1580,1599,1589.5209119496856,8.01652302832896e-07,6.992378482963934e-07,7.071509109490022e-07,5.782336120816401e-09,2.0443645410645965e-09,0.8722457926278161,0.8821167337136776,-50.095984585591864,standard-halo-model-uncompensated,scale_dependent_camb
5,0.2483836,0.28674463,1600,1619,1609.520652173913,7.930883057276942e-07,6.936294856188164e-07,7.014739367712477e-07,5.620314501276873e-09,1.987081248126983e-09,0.8745930063643798,0.8844840249253377,-50.05271938559503,standard-halo-model-uncompensated,scale_dependent_camb
5,0.2483836,0.28674463,1620,1639,1629.520398773006,7.846533412099928e-07,6.882662678395708e-07,6.960499939225896e-07,4.730693556176874e-09,1.6725527466440855e-09,0.8771596725481521,0.887079627863726,-57.62871967046727,standard-halo-model-uncompensated,scale_dependent_camb
5,0.2483836,0.28674463,1640,1659,1649.5201515151516,7.763425039654862e-07,6.779343360490444e-07,6.856000566830937e-07,5.678170834596205e-09,2.0075365509393273e-09,0.8732412982494429,0.8831154460577794,-49.01936548572255,standard-halo-model-uncompensated,scale_dependent_camb
5,0.2483836,0.28674463,1660,1679,1669.5199101796406,7.681512738849342e-07,6.709391754105061e-07,6.785204191347227e-07,5.899098700981845e-09,2.0856463471765077e-09,0.8734466741390966,0.8833161412375163,-46.610058606547234,standard-halo-model-uncompensated,scale_dependent_camb
5,0.2483836,0.28674463,1680,1699,1689.519674556213,7.600754292024276e-07,6.663339090171406e-07,6.738611883860312e-07,6.734478329855605e-09,2.3809976473973763e-09,0.8766681350512106,0.8865714671149627,-39.370689965928385,standard-halo-model-uncompensated,scale_dependent_camb
5,0.2483836,0.28674463,1700,1719,1709.5194444444444,7.521110720781312e-07,6.632514108937219e-07,6.707494788344469e-07,6.358255540567729e-09,2.247982804626189e-09,0.8818530075100686,0.8918223700405354,-39.52862139405264,standard-halo-model-uncompensated,scale_dependent_camb
5,0.2483836,0.28674463,1720,1739,1729.519219653179,7.442545669488192e-07,6.565804891604201e-07,6.640021031105625e-07,6.4284554115602686e-09,2.272802207034812e-09,0.882198804438874,0.8921706800305392,-38.57532235626526,standard-halo-model-uncompensated,scale_dependent_camb
5,0.2483836,0.28674463,1740,1759,1749.519,7.365025334884251e-07,6.512779172315954e-07,6.586389586821767e-07,5.176266325357453e-09,1.8300865099439134e-09,0.8842846936952606,0.8942792845023226,-46.56862710792921,standard-halo-model-uncompensated,scale_dependent_camb
5,0.2483836,0.28674463,1760,1779,1769.5187853107345,7.288518319277196e-07,6.405791045480178e-07,6.478213923536154e-07,5.419145825939624e-09,1.915957380880341e-09,0.8788879666444251,0.8888245374100396,-46.072385670260786,standard-halo-model-uncompensated,scale_dependent_camb
5,0.2483836,0.28674463,1780,1799,1789.5185754189945,7.212995381184377e-07,6.366892228516745e-07,6.438929736584149e-07,3.4739575956088277e-09,1.228229486704758e-09,0.8826973943620215,0.8926845778080721,-68.88803451036327,standard-halo-model-uncompensated,scale_dependent_camb
5,0.2483836,0.28674463,1800,1819,1809.5183701657459,7.13842920707686e-07,6.296272390723773e-07,6.367490351089856e-07,4.270283437522784e-09,1.5097731881304806e-09,0.8820249116544864,0.8920016107713565,-55.780353166551556,standard-halo-model-uncompensated,scale_dependent_camb
5,0.2483836,0.28674463,1820,1839,1829.518169398907,7.064794342435908e-07,6.255881348287635e-07,6.326581679713612e-07,5.260023469483238e-09,1.8596991322359943e-09,0.8855008433452342,0.8955082587064008,-43.49698185725786,standard-halo-model-uncompensated,scale_dependent_camb
5,0.2483836,0.28674463,1840,1859,1849.517972972973,6.99206706979386e-07,6.17042367341922e-07,6.240226639100351e-07,3.434168533534302e-09,1.2141619288997832e-09,0.8824891998069946,0.8924723657269388,-67.67164879886937,standard-halo-model-uncompensated,scale_dependent_camb
5,0.2483836,0.28674463,1860,1879,1869.5177807486632,6.92022518887862e-07,6.134640413163243e-07,6.204038295550127e-07,4.032220337951407e-09,1.425605172101876e-09,0.8864798826232017,0.89650815200646,-55.105353928895404,standard-halo-model-uncompensated,scale_dependent_camb
5,0.2483836,0.28674463,1880,1899,1889.5175925925926,6.849247919206019e-07,6.069592122686479e-07,6.138216998922408e-07,4.182068080212698e-09,1.4785843494511026e-09,0.8861691377336038,0.8961884678915176,-52.72988293220969,standard-halo-model-uncompensated,scale_dependent_camb
5,0.2483836,0.28674463,1900,1919,1909.5174083769634,6.779115821964881e-07,6.005901028906897e-07,6.073828372370139e-07,4.155930519797546e-09,1.4693433263444889e-09,0.8859416458776664,0.8959617348165738,-52.623153431514865,standard-halo-model-uncompensated,scale_dependent_camb
5,0.2483836,0.28674463,1920,1939,1929.5172279792746,6.709810717709847e-07,5.950701266853438e-07,6.017957810239609e-07,5.105711951417536e-09,1.80514177181627e-09,0.8868657428960225,0.8968893555157728,-42.052622276455345,standard-halo-model-uncompensated,scale_dependent_camb
5,0.2483836,0.28674463,1940,1959,1949.5170512820512,6.641315498049567e-07,5.915603316497362e-07,5.982490226418323e-07,4.186217974247657e-09,1.4800515585577649e-09,0.8907276454844927,0.9007989799875147,-49.03289870924328,standard-halo-model-uncompensated,scale_dependent_camb
5,0.2483836,0.28674463,1960,1979,1969.5168781725888,6.573614122849398e-07,5.866703934002417e-07,5.933038798999379e-07,4.3448903156422004e-09,1.5361507028511792e-09,0.8924624756433734,0.9025535554903615,-46.01828372274396,standard-halo-model-uncompensated,scale_dependent_camb
5,0.2483836,0.28674463,1980,1999,1989.5167085427136,6.506691466741081e-07,5.78787616800004e-07,5.853350858139786e-07,2.882773174910658e-09,1.0192142303009997e-09,0.889526758350959,0.8995894285227997,-70.52641901681024,standard-halo-model-uncompensated,scale_dependent_camb
5,0.2483836,0.28674463,2000,2019,2009.5165422885573,6.440533339603762e-07,5.750294004899185e-07,5.815363273982529e-07,3.930879434625061e-09,1.3897757521250611e-09,0.8928288546446617,0.9029319417109491,-49.66551860249072,standard-halo-model-uncompensated,scale_dependent_camb
5,0.2483836,0.28674463,2020,2039,2029.5163793103447,6.375126349994866e-07,5.692951992898899e-07,5.757368818271673e-07,4.41700274760543e-09,1.561646297675706e-09,0.892994378519805,0.9030987783130462,-43.683025926632,standard-halo-model-uncompensated,scale_dependent_camb
5,0.2483836,0.28674463,2040,2059,2049.516219512195,6.310457837589318e-07,5.63293146372197e-07,5.696642630475101e-07,3.5229850473268593e-09,1.2455633084918161e-09,0.8926343553344819,0.9027304796400156,-54.39517760744958,standard-halo-model-uncompensated,scale_dependent_camb
5,0.2483836,0.28674463,2060,2079,2069.5160628019325,6.246515824615093e-07,5.571210673258399e-07,5.63421878122655e-07,3.5722068817882158e-09,1.2629658549568494e-09,0.8918909084172045,0.9019778288280774,-53.469786907245144,standard-halo-model-uncompensated,scale_dependent_camb
5,0.2483836,0.28674463,2080,2099,2089.515909090909,6.183288983002906e-07,5.526703634706285e-07,5.589142359462459e-07,5.29166349726642e-09,1.8708855713372035e-09,0.8938129286692741,0.9039109080662925,-35.09489614735394,standard-halo-model-uncompensated,scale_dependent_camb
5,0.2483836,0.28674463,2100,2119,2109.5157582938386,6.120766578733633e-07,5.485840103176832e-07,5.547857513806118e-07,4.0307299228870666e-09,1.4250782308024872e-09,0.8962668372679284,0.906399131945651,-44.55379794828965,standard-halo-model-uncompensated,scale_dependent_camb
5,0.2483836,0.28674463,2120,2139,2129.5156103286386,6.058938430488404e-07,5.417952822330461e-07,5.479191269217463e-07,4.590805814093837e-09,1.6230949611281904e-09,0.8942082651091943,0.9043153899115941,-39.491565404922696,standard-halo-model-uncompensated,scale_dependent_camb
5,0.2483836,0.28674463,2140,2159,2149.515465116279,5.997794761452698e-07,5.377400486882215e-07,5.438208623807227e-07,3.861631401330935e-09,1.3652928751620073e-09,0.8965629370051635,0.9067013527635387,-45.44038029180119,standard-halo-model-uncompensated,scale_dependent_camb
5,0.2483836,0.28674463,2160,2179,2169.5153225806453,5.937326362211396e-07,5.30397139433217e-07,5.363909588838536e-07,5.095103980481531e-09,1.8013912877245304e-09,0.8933265700349124,0.9034217190716652,-35.15921122718777,standard-halo-model-uncompensated,scale_dependent_camb
5,0.2483836,0.28674463,2180,2199,2189.5151826484016,5.8775244183901e-07,5.259309822901743e-07,5.31878275180459e-07,4.344842449432768e-09,1.5361337795905396e-09,0.8948171795672962,0.9049358834074306,-40.244840892252505,standard-halo-model-uncompensated,scale_dependent_camb
5,0.2483836,0.28674463,2200,2219,2209.515045248869,5.81838040511709e-07,5.208525501689666e-07,5.267415629815558e-07,3.3548491775878354e-09,1.186118301665235e-09,0.8951847660405504,0.9053061613474129,-51.416026763201195,standard-halo-model-uncompensated,scale_dependent_camb
5,0.2483836,0.28674463,2220,2239,2229.5149103139015,5.759886301785582e-07,5.17500082189664e-07,5.233507272226726e-07,4.447706383795073e-09,1.5725016723540966e-09,0.8984553775466669,0.9086129478986978,-37.1945855557244,standard-halo-model-uncompensated,scale_dependent_camb
5,0.2483836,0.28674463,2240,2259,2249.514777777778,5.702034263079035e-07,5.110430104221059e-07,5.168304122348133e-07,4.489487170676879e-09,1.5872734112178141e-09,0.896246824981631,0.9063965391813178,-37.27172361591288,standard-halo-model-uncompensated,scale_dependent_camb
5,0.2483836,0.28674463,2260,2279,2269.5146475770925,5.644816898655775e-07,5.053119333164539e-07,5.110273792572323e-07,2.7168492255536104e-09,9.605512554251889e-10,0.8951786078956538,0.905303729832097,-61.599790968918214,standard-halo-model-uncompensated,scale_dependent_camb
5,0.2483836,0.28674463,2280,2299,2289.514519650655,5.588226920384825e-07,5.022817315164097e-07,5.079582818043121e-07,4.0798575716283536e-09,1.4424474775868446e-09,0.8988212874537685,0.9089793400324773,-39.19793365139612,standard-halo-model-uncompensated,scale_dependent_camb
5,0.2483836,0.28674463,2300,2319,2309.514393939394,5.532257445508829e-07,4.961748451035332e-07,5.017829576216653e-07,4.2698155792035415e-09,1.509607775235395e-09,0.8968759136586015,0.907013027799385,-37.7918691088178,standard-halo-model-uncompensated,scale_dependent_camb
5,0.2483836,0.28674463,2320,2339,2329.514270386266,5.476901702039726e-07,4.917243388931474e-07,4.972853991014618e-07,2.816230285769649e-09,9.956877662253237e-10,0.8978147968403701,0.9079684576341056,-56.20821427081807,standard-halo-model-uncompensated,scale_dependent_camb
5,0.2483836,0.28674463,2340,2359,2349.5141489361704,5.42215324433274e-07,4.861336246321408e-07,4.916301987431557e-07,3.949021274546368e-09,1.3961898611408396e-09,0.896569319836635,0.9067065731810696,-40.167674441718326,standard-halo-model-uncompensated,scale_dependent_camb
5,0.2483836,0.28674463,2360,2379,2369.514029535865,5.368005709678529e-07,4.825468711000025e-07,4.880061824300626e-07,3.099428312245557e-09,1.0958133886952046e-09,0.8989313670623882,0.9091014593188418,-49.509980830267814,standard-halo-model-uncompensated,scale_dependent_camb
5,0.2483836,0.28674463,2380,2399,2389.513912133891,5.314452961498089e-07,4.767827862668853e-07,4.821755587240878e-07,3.793066121261619e-09,1.341051387916523e-09,0.8971436754094164,0.9072910461666172,-40.76093606513323,standard-halo-model-uncompensated,scale_dependent_camb
5,0.2483836,0.28674463,2400,2419,2409.5137966804978,5.261489070259964e-07,4.7307945404553917e-07,4.784281280692925e-07,3.2668426448256443e-09,1.1550032936128044e-09,0.8991360577361512,0.909301761688643,-45.947447313728496,standard-halo-model-uncompensated,scale_dependent_camb
5,0.2483836,0.28674463,2420,2439,2429.513683127572,5.209108162503357e-07,4.6851317598718014e-07,4.738126143822394e-07,3.4777983124525304e-09,1.2295873851671578e-09,0.8994114949650523,0.9095849032140998,-42.614002790889344,standard-halo-model-uncompensated,scale_dependent_camb
5,0.2483836,0.28674463,2440,2459,2449.5135714285716,5.157304567795547e-07,4.659029482182857e-07,4.711709779122921e-07,3.655857338068237e-09,1.2925407573993254e-09,0.9033845918807788,0.9135992876094396,-38.55004824878805,standard-halo-model-uncompensated,scale_dependent_camb
5,0.2483836,0.28674463,2460,2479,2469.5134615384613,5.106072727060855e-07,4.6061623041381455e-07,4.658280325987322e-07,2.252714332853324e-09,7.964547904183574e-10,0.9020949270320191,0.9123019931344984,-62.76695537986781,standard-halo-model-uncompensated,scale_dependent_camb
5,0.2483836,0.28674463,2480,2499,2489.513353413655,5.05540717245336e-07,4.559619658727616e-07,4.6111731707521366e-07,3.0319213423192335e-09,1.0719460705890747e-09,0.9019292617165907,0.9121269590070152,-46.251162006059644,standard-halo-model-uncompensated,scale_dependent_camb
5,0.2483836,0.28674463,2500,2519,2509.513247011952,5.005302560377033e-07,4.5185866009252123e-07,4.5696997287445326e-07,2.576268016794971e-09,9.10848292414871e-10,0.902759932375565,0.9129717282066385,-53.43545829804692,standard-halo-model-uncompensated,scale_dependent_camb
5,0.2483836,0.28674463,2520,2539,2529.51314229249,4.955753642233087e-07,4.4630750223123356e-07,4.5135303696837733e-07,3.4263931081919418e-09,1.2114129009066869e-09,0.9005845214495474,0.9107656868209362,-40.669751787520475,standard-halo-model-uncompensated,scale_dependent_camb
5,0.2483836,0.28674463,2540,2559,2549.513039215686,4.906755249234992e-07,4.424491075617008e-07,4.474519296146646e-07,3.6650119707564486e-09,1.2957774088258786e-09,0.9017142390191208,0.9119100238073347,-37.2181340971958,standard-halo-model-uncompensated,scale_dependent_camb
5,0.2483836,0.28674463,2560,2579,2569.512937743191,4.858302292548937e-07,4.375848117848723e-07,4.4253308188236485e-07,2.868096655735346e-09,1.0140252971844608e-09,0.9006949041766826,0.910880087805708,-47.57812019481124,standard-halo-model-uncompensated,scale_dependent_camb
5,0.2483836,0.28674463,2580,2599,2589.5128378378377,4.810389753077797e-07,4.331288722376604e-07,4.3803059257217445e-07,2.9732863307441877e-09,1.0512154634392415e-09,0.900402866442443,0.9105927275267302,-45.57591163411227,standard-halo-model-uncompensated,scale_dependent_camb
5,0.2483836,0.28674463,2600,2619,2609.5127394636015,4.7630126906764304e-07,4.2943464513220127e-07,4.3429390113240334e-07,1.988368526267846e-09,7.029944342109478e-10,0.9016029832816047,0.9118050472183942,-66.66713369935229,standard-halo-model-uncompensated,scale_dependent_camb
5,0.2483836,0.28674463,2620,2639,2629.5126425855515,4.716166208942783e-07,4.259513831379212e-07,4.307698238237215e-07,2.1103818999731577e-09,7.461326761821849e-10,0.9031729677597733,0.9133898271161369,-61.20257055356046,standard-halo-model-uncompensated,scale_dependent_camb
5,0.2483836,0.28674463,2640,2659,2649.512547169811,4.6698454865347263e-07,4.221541168508338e-07,4.2692768513979775e-07,2.7499690064244205e-09,9.7226086624777e-10,0.9040001817364082,0.9142222935872784,-46.1094685170783,standard-halo-model-uncompensated,scale_dependent_camb
5,0.2483836,0.28674463,2660,2679,2669.5124531835204,4.6240457436756707e-07,4.180671346848324e-07,4.227982858111853e-07,1.623051503115218e-09,5.738353620338947e-10,0.9041154821113627,0.9143471091077516,-77.26508789138686,standard-halo-model-uncompensated,scale_dependent_camb
5,0.2483836,0.28674463,2680,2699,2689.5123605947956,4.578762235865903e-07,4.142482700899603e-07,4.189312003101783e-07,3.2274272382285497e-09,1.1410678429687892e-09,0.9047167089068573,0.9149442114042268,-38.23432039160822,standard-halo-model-uncompensated,scale_dependent_camb
5,0.2483836,0.28674463,2700,2719,2709.512269372694,4.5339902686899665e-07,4.093747794428566e-07,4.1400487479522685e-07,2.405610871758711e-09,8.505118801583333e-10,0.9029017602217743,0.913113726013461,-51.762060534585814,standard-halo-model-uncompensated,scale_dependent_camb
5,0.2483836,0.28674463,2720,2739,2729.5121794871793,4.4897251984456057e-07,4.0641887503914484e-07,4.110142409471364e-07,2.825416262422951e-09,9.989354994170092e-10,0.9052199345738392,0.9154552289512825,-42.598991456656165,standard-halo-model-uncompensated,scale_dependent_camb
5,0.2483836,0.28674463,2740,2759,2749.512090909091,4.445962413631473e-07,4.0247346169206905e-07,4.0702406136723104e-07,2.59975103882174e-09,9.191507944738118e-10,0.9052561048606071,0.9154914583157099,-45.82793152585192,standard-halo-model-uncompensated,scale_dependent_camb
5,0.2483836,0.28674463,2760,2779,2769.5120036101084,4.4026973235714175e-07,3.977188159845924e-07,4.022184024053999e-07,1.7160508015597178e-09,6.067155793217434e-10,0.9033526194391385,0.9135726870252461,-70.13321863288505,standard-halo-model-uncompensated,scale_dependent_camb
5,0.2483836,0.28674463,2780,2799,2789.511917562724,4.359925377773555e-07,3.947146444899012e-07,3.9917977688008114e-07,1.7262905499688453e-09,6.103358770906125e-10,0.905324312434601,0.9155656170517459,-67.63143842079282,standard-halo-model-uncompensated,scale_dependent_camb
5,0.2483836,0.28674463,2800,2819,2809.5118327402133,4.3176420615208403e-07,3.9125712974116705e-07,3.9568432479471603e-07,1.288893690538929e-09,4.5569273440431605e-10,0.9061824119884342,0.9164361453699122,-88.89120530716393,standard-halo-model-uncompensated,scale_dependent_camb
5,0.2483836,0.28674463,2820,2839,2829.511749116608,4.2758428804062853e-07,3.879033243667461e-07,3.922890675844861e-07,2.4614752943673304e-09,8.702629361851462e-10,0.9071973297809484,0.917454355916865,-45.59652264156679,standard-halo-model-uncompensated,scale_dependent_camb
5,0.2483836,0.28674463,2840,2859,2849.5116666666668,4.2345233587518837e-07,3.830647557045727e-07,3.87397181007529e-07,2.5498964919340607e-09,9.015245503851814e-10,0.9046230785641012,0.9148542780071319,-44.79920170045272,standard-halo-model-uncompensated,scale_dependent_camb
5,0.2483836,0.28674463,2860,2879,2869.5115853658535,4.1936790503402717e-07,3.7955196358030477e-07,3.8384602416408083e-07,1.8271209508579113e-09,6.459848071998208e-10,0.9050572516976668,0.9152966155884912,-61.636033866360314,standard-halo-model-uncompensated,scale_dependent_camb
5,0.2483836,0.28674463,2880,2899,2889.5115051903113,4.1533055418293074e-07,3.7654085973325795e-07,3.807987659431998e-07,2.347069198297694e-09,8.298142730151865e-10,0.9066052471723811,0.916857096373118,-46.74503164271663,standard-halo-model-uncompensated,scale_dependent_camb
5,0.2483836,0.28674463,2900,2919,2909.5114261168383,4.1133984253483273e-07,3.727040687510552e-07,3.769189725437915e-07,2.2186345326410536e-09,7.844057615025678e-10,0.9060733491176318,0.9163201167702921,-49.25483172098176,standard-halo-model-uncompensated,scale_dependent_camb
5,0.2483836,0.28674463,2920,2939,2929.511348122867,4.073953326041291e-07,3.6875249936154667e-07,3.729245859571007e-07,1.4650520465594089e-09,5.179741184566937e-10,0.9051465980339737,0.9153874777438257,-74.60379170627084,standard-halo-model-uncompensated,scale_dependent_camb
5,0.2483836,0.28674463,2940,2959,2949.511271186441,4.0349658739009355e-07,3.6586441340534824e-07,3.700021270455403e-07,2.1868889789061894e-09,7.731820133433455e-10,0.9067348394984982,0.9169894829564658,-48.671817677209795,standard-halo-model-uncompensated,scale_dependent_camb
5,0.2483836,0.28674463,2960,2979,2969.5111952861953,3.9964317387476006e-07,3.6211578508731763e-07,3.66209678250312e-07,2.450336649698359e-09,8.663248305958176e-10,0.90609776110125,0.9163416322108245,-43.31791893998103,standard-halo-model-uncompensated,scale_dependent_camb
5,0.2483836,0.28674463,2980,2999,2989.511120401338,3.958346597873496e-07,3.5882107974970243e-07,3.628783108378819e-07,2.2385256133165313e-09,7.914383205179472e-10,0.9064923216740757,0.9167421342861373,-46.76748532143868,standard-halo-model-uncompensated,scale_dependent_camb
5,0.2483836,0.28674463,3000,3019,3009.5110465116277,3.92070613770795e-07,3.5579025739631143e-07,3.598130346300438e-07,2.132608481863543e-09,7.539909595708298e-10,0.9074647395132421,0.9177250780656337,-48.117760450515576,standard-halo-model-uncompensated,scale_dependent_camb
5,0.2483836,0.28674463,3020,3039,3029.5109735973597,3.883506073216888e-07,3.529700110262087e-07,3.5696114720958895e-07,2.143774180224067e-09,7.579386300845348e-10,0.9088952208946265,0.9191723676484468,-46.68002776363837,standard-halo-model-uncompensated,scale_dependent_camb
5,0.2483836,0.28674463,3040,3059,3049.5109016393444,3.846742136921263e-07,3.494141196418422e-07,3.5336733708392765e-07,1.2324106219307348e-09,4.357229539867765e-10,0.9083377757197303,0.9186145691760481,-80.92319609894636,standard-halo-model-uncompensated,scale_dependent_camb
5,0.2483836,0.28674463,3060,3079,3069.5108306188927,3.8104100856342104e-07,3.457144778933655e-07,3.496253393210042e-07,2.0034387079098516e-09,7.083225480273354e-10,0.9072894258724499,0.9175530493138826,-49.873508570974096,standard-halo-model-uncompensated,scale_dependent_camb
5,0.2483836,0.28674463,3080,3099,3089.5107605177996,3.774505669170819e-07,3.429768521210827e-07,3.4685460991445614e-07,2.2014174223362965e-09,7.783185937781025e-10,0.9086669412697627,0.918940492651725,-44.29254944129937,standard-halo-model-uncompensated,scale_dependent_camb
5,0.2483836,0.28674463,3100,3119,3109.510691318328,3.739024686282333e-07,3.3941959823371024e-07,3.4325964711070123e-07,1.91511086200381e-09,6.770939386234542e-10,0.907775761628338,0.9180459502448488,-50.927749352811304,standard-halo-model-uncompensated,scale_dependent_camb
5,0.2483836,0.28674463,3120,3139,3129.5106230031947,3.7039629336593336e-07,3.3629599598103906e-07,3.401010079337436e-07,1.3564422782988377e-09,4.795747666366191e-10,0.9079356408375154,0.918208454094168,-71.10527858679562,standard-halo-model-uncompensated,scale_dependent_camb
5,0.2483836,0.28674463,3140,3159,3149.5105555555556,3.6693162231476075e-07,3.33937980693747e-07,3.3771376038351323e-07,2.057413098760764e-09,7.27405376917882e-10,0.9100823161196198,0.9203724613677916,-45.35798423818698,standard-halo-model-uncompensated,scale_dependent_camb
5,0.2483836,0.28674463,3160,3179,3169.5104889589907,3.635080394788811e-07,3.2996753999152714e-07,3.33700623958216e-07,1.4572940746486756e-09,5.152312611835266e-10,0.90773106549325,0.9180006704572572,-65.09795118081313,standard-halo-model-uncompensated,scale_dependent_camb
5,0.2483836,0.28674463,3180,3199,3189.510423197492,3.601251294811285e-07,3.2770103708543604e-07,3.314045080299966e-07,2.69648090793368e-09,9.533499676699818e-10,0.9099643714327589,0.9202482162449679,-34.01069229061603,standard-halo-model-uncompensated,scale_dependent_camb
5,0.2483836,0.28674463,3200,3219,3209.5103582554516,3.567824820624759e-07,3.2470097341107893e-07,3.2837325163772577e-07,1.9923912055075298e-09,7.044166660954072e-10,0.9100810430323225,0.9203738079837244,-45.54336970649099,standard-halo-model-uncompensated,scale_dependent_camb
5,0.2483836,0.28674463,3220,3239,3229.510294117647,3.5347968446797313e-07,3.2098888764968137e-07,3.2461907731672086e-07,2.095834732924594e-09,7.409894759486384e-10,0.9080829868138134,0.918352854720093,-43.847851923532396,standard-halo-model-uncompensated,scale_dependent_camb
5,0.2483836,0.28674463,3240,3259,3249.510230769231,3.5021632740907513e-07,3.1801491114595627e-07,3.216131615506016e-07,1.4819800965531695e-09,5.239590879281203e-10,0.9080527841139013,0.9183271491935234,-61.45788288633794,standard-halo-model-uncompensated,scale_dependent_camb
5,0.2483836,0.28674463,3260,3279,3269.5101681957185,3.469920032494028e-07,3.149702365980589e-07,3.185345871359807e-07,1.3462142869273052e-09,4.75958625608255e-10,0.9077161250072728,0.9179882653002579,-67.2784669264506,standard-halo-model-uncompensated,scale_dependent_camb
5,0.2483836,0.28674463,3280,3299,3289.510106382979,3.438063102703847e-07,3.1266019282096366e-07,3.1619508740989365e-07,1.9080608126697654e-09,6.746013697775529e-10,0.9094079529112589,0.9196895983707328,-46.16966232916386,standard-halo-model-uncompensated,scale_dependent_camb
5,0.2483836,0.28674463,3300,3319,3309.5100453172204,3.406588416571249e-07,3.106782741444364e-07,3.141929121657619e-07,1.479286879156292e-09,5.230068917858495e-10,0.9119923987093689,0.9223095770459964,-57.32346549070782,standard-halo-model-uncompensated,scale_dependent_camb
5,0.2483836,0.28674463,3320,3339,3329.509984984985,3.375491971512305e-07,3.062671312398593e-07,3.09730985721886e-07,2.1008388636174377e-09,7.427587033220653e-10,0.9073259063408289,0.9175876830277833,-42.11605434101126,standard-halo-model-uncompensated,scale_dependent_camb
5,0.2483836,0.28674463,3340,3359,3349.509925373134,3.344769789150849e-07,3.043236950306539e-07,3.0776433218440256e-07,2.4034703857264856e-09,8.497551040641225e-10,0.9098494491841062,0.9201360679071907,-35.48467522020987,standard-halo-model-uncompensated,scale_dependent_camb
5,0.2483836,0.28674463,3360,3379,3369.5098664688426,3.314417891506897e-07,3.025343264055367e-07,3.05957298544965e-07,1.4577618336548093e-09,5.153966389661257e-10,0.9127826855532383,0.9231102068600705,-56.0877983277903,standard-halo-model-uncompensated,scale_dependent_camb
5,0.2483836,0.28674463,3380,3399,3389.509808259587,3.2844323215302007e-07,2.980465672243134e-07,3.014173550644279e-07,1.5289060724298488e-09,5.405499258062183e-10,0.9074523023980443,0.9177152261246749,-56.2328537616034,standard-halo-model-uncompensated,scale_dependent_camb
5,0.2483836,0.28674463,3400,3419,3409.509750733138,3.254809168356036e-07,2.9704160098994646e-07,3.0040000212578696e-07,2.4212870030542853e-09,8.56054229529269e-10,0.9126237073369758,0.922941980888899,-33.2213951694339,standard-halo-model-uncompensated,scale_dependent_camb
5,0.2483836,0.28674463,3420,3439,3429.509693877551,3.2255445202505226e-07,2.936961475129446e-07,2.970180478417223e-07,1.5873116300836575e-09,5.611994087442134e-10,0.9105319913244717,0.920830718587178,-51.42254974338515,standard-halo-model-uncompensated,scale_dependent_camb
5,0.2483836,0.28674463,3440,3459,3449.5096376811593,3.1966344816971693e-07,2.9094181504561294e-07,2.9423230918145867e-07,1.6828603834200632e-09,5.9498099445326e-10,0.9101503994637041,0.9204440196904957,-48.2731942563928,standard-halo-model-uncompensated,scale_dependent_camb
5,0.2483836,0.28674463,3460,3479,3469.509582132565,3.168075230046383e-07,2.8925888367775125e-07,2.925325009021137e-07,1.0229433708076311e-09,3.616650971339505e-10,0.9130429761717378,0.9233761184952379,-76.17168354148318,standard-halo-model-uncompensated,scale_dependent_camb
5,0.2483836,0.28674463,3480,3499,3489.5095272206304,3.1398628924204867e-07,2.866329661195471e-07,2.898748939932512e-07,1.4819784885880376e-09,5.23958519426596e-10,0.9128837020605852,0.9232087639654538,-52.20513095661889,standard-halo-model-uncompensated,scale_dependent_camb
5,0.2483836,0.28674463,3500,3519,3509.509472934473,3.111993662490797e-07,2.8382869212831156e-07,2.870389707797601e-07,1.4915170698237344e-09,5.273309171639259e-10,0.9120477832244008,0.9223636096675661,-51.90417104305623,standard-halo-model-uncompensated,scale_dependent_camb
5,0.2483836,0.28674463,3520,3539,3529.509419263456,3.084463784374172e-07,2.811125398048228e-07,2.8429144206456355e-07,1.6188805200483257e-09,5.723606968284878e-10,0.9113822027314211,0.92168837742488,-47.756316574590365,standard-halo-model-uncompensated,scale_dependent_camb
5,0.2483836,0.28674463,3540,3559,3549.509366197183,3.0572694510811365e-07,2.793995459732269e-07,2.8255879618739506e-07,2.099027329448648e-09,7.421182292745141e-10,0.9138859051969507,0.9242194733194823,-35.476017292587066,standard-halo-model-uncompensated,scale_dependent_camb
5,0.2483836,0.28674463,3560,3579,3569.5093137254903,3.030406957034288e-07,2.7703761289093346e-07,2.801721445239644e-07,1.2608541268483207e-09,4.4577925159074546e-10,0.9141927695482085,0.9245363691949654,-58.33174765246336,standard-halo-model-uncompensated,scale_dependent_camb
5,0.2483836,0.28674463,3580,3599,3589.50926183844,3.003872572111538e-07,2.738458949689985e-07,2.7694168221657955e-07,1.9377776689577347e-09,6.851078650759375e-10,0.9116428490057475,0.9219488362713953,-38.74041387513983,standard-halo-model-uncompensated,scale_dependent_camb
5,0.2483836,0.28674463,3600,3619,3609.5092105263157,2.9776626024871427e-07,2.722103020527154e-07,2.7529018083050664e-07,1.1258538974506937e-09,3.9804946275634464e-10,0.9141744327424712,0.924517709295089,-64.2029712062248,standard-halo-model-uncompensated,scale_dependent_camb
5,0.2483836,0.28674463,3620,3639,3629.5091597796145,2.9517734169927765e-07,2.699955239590298e-07,2.730478062430816e-07,1.748287682584141e-09,6.181130379100801e-10,0.9146891912662364,0.9250296945937628,-40.73982620620791,standard-halo-model-uncompensated,scale_dependent_camb
5,0.2483836,0.28674463,3640,3659,3649.509109589041,2.9262013409848637e-07,2.675069804811235e-07,2.705332926309039e-07,1.5138008656825271e-09,5.352094287450904e-10,0.9141783127988363,0.9245204314609851,-46.922106130016935,standard-halo-model-uncompensated,scale_dependent_camb
5,0.2483836,0.28674463,3660,3679,3669.5090599455043,2.9009428025708936e-07,2.6592045548550234e-07,2.6892938368430426e-07,1.1584737902707734e-09,4.0958233646367304e-10,0.9166690747912591,0.9270413172089149,-59.02067208342873,standard-halo-model-uncompensated,scale_dependent_camb
5,0.2483836,0.28674463,3680,3699,3689.509010840108,2.87599417675181e-07,2.6275228913120343e-07,2.6572431987933166e-07,1.2375105626454202e-09,4.375260553182782e-10,0.9136050804802385,0.9239390052571129,-56.79005453950055,standard-halo-model-uncompensated,scale_dependent_camb
5,0.2483836,0.28674463,3700,3719,3709.508962264151,2.851351957367453e-07,2.610056845609649e-07,2.639587677701804e-07,9.987169432789268e-10,3.5309976153921486e-10,0.9153751920613185,0.925731974574909,-68.3362431925648,standard-halo-model-uncompensated,scale_dependent_camb
5,0.2483836,0.28674463,3720,3739,3729.508914209115,2.8270125652012107e-07,2.589957623076279e-07,2.6192517227927076e-07,1.2294830079053e-09,4.346878861217356e-10,0.9161464844398174,0.9265086950918041,-54.53451768346348,standard-halo-model-uncompensated,scale_dependent_camb
5,0.2483836,0.28674463,3740,3759,3749.5088666666666,2.80297254957241e-07,2.5704568497128617e-07,2.5995329005111507e-07,1.187376456109535e-09,4.1980097196815154e-10,0.9170467438594722,0.9274200351721982,-55.38712756415162,standard-halo-model-uncompensated,scale_dependent_camb
5,0.2483836,0.28674463,3760,3779,3769.5088196286474,2.7792283899162863e-07,2.543459741982661e-07,2.572221551986335e-07,1.6006989525333237e-09,5.659325419872584e-10,0.9151675879574882,0.9255164351799866,-41.660203370834495,standard-halo-model-uncompensated,scale_dependent_camb
5,0.2483836,0.28674463,3780,3799,3789.5087730870714,2.7557766893954445e-07,2.529606315634579e-07,2.558211244988197e-07,1.553448857515216e-09,5.49227110687752e-10,0.9179286280230193,0.9283086161634566,-41.17975412350842,standard-halo-model-uncompensated,scale_dependent_camb
5,0.2483836,0.28674463,3800,3819,3809.5087270341205,2.7326139823386986e-07,2.5062197682674733e-07,2.5345529029953833e-07,1.6140579988458788e-09,5.706556781061547e-10,0.9171510445549771,0.9275195543082871,-39.672647229685666,standard-halo-model-uncompensated,scale_dependent_camb
5,0.2483836,0.28674463,3820,3839,3829.508681462141,2.70973693018502e-07,2.489809335182923e-07,2.517947351403948e-07,2.0524985062562917e-09,7.256678060745416e-10,0.9188380272076521,0.929222067041033,-30.306924623235346,standard-halo-model-uncompensated,scale_dependent_camb
5,0.2483836,0.28674463,3840,3859,3849.5086363636365,2.687142124535872e-07,2.4678322661569157e-07,2.495757079025964e-07,1.0967843388393278e-09,3.8777182174624635e-10,0.9183854637324641,0.9287774756078581,-56.55641954367443,standard-halo-model-uncompensated,scale_dependent_camb
5,0.2483836,0.28674463,3860,3879,3869.5085917312663,2.6648262847459287e-07,2.4488944346329945e-07,2.4765797876301745e-07,1.8490161575297e-09,6.537259317563722e-10,0.9189696336496764,0.9293588110439619,-33.030944563081334,standard-halo-model-uncompensated,scale_dependent_camb
5,0.2483836,0.28674463,3880,3899,3889.5085475578408,2.6427860603880936e-07,2.425544319602392e-07,2.452998911930542e-07,7.112736920244827e-10,2.5147322545505186e-10,0.9177982115004044,0.9281867150344809,-86.38762253619369,standard-halo-model-uncompensated,scale_dependent_camb
5,0.2483836,0.28674463,3900,3919,3909.5085038363172,2.621018220255138e-07,2.4049803131126753e-07,2.432177050176751e-07,1.3673142090641918e-09,4.834185746210053e-10,0.9175748167361336,0.9279512181109506,-44.68961651128814,standard-halo-model-uncompensated,scale_dependent_camb
5,0.2483836,0.28674463,3920,3939,3929.5084605597963,2.5995194875936215e-07,2.387801986102828e-07,2.414815427200222e-07,1.0876534432216198e-09,3.8454356264145243e-10,0.9185551397090004,0.9289468452631682,-55.05683154243788,standard-halo-model-uncompensated,scale_dependent_camb
5,0.2483836,0.28674463,3940,3959,3949.508417721519,2.578286674270984e-07,2.3768352449355696e-07,2.403709223650152e-07,1.4493105088176682e-09,5.124086444149494e-10,0.921866163547397,0.9322893561980672,-39.314603984760055,standard-halo-model-uncompensated,scale_dependent_camb
5,0.2483836,0.28674463,3960,3979,3969.5083753148615,2.55731658592424e-07,2.3570235345234006e-07,2.383687034174039e-07,1.194292254213771e-09,4.2224607583656276e-10,0.9216784294509037,0.9321047880008765,-47.43514809557784,standard-halo-model-uncompensated,scale_dependent_camb
5,0.2483836,0.28674463,3980,3999,3989.508333333333,2.536606052992648e-07,2.3338828932101182e-07,2.3602887993003488e-07,9.899620590259037e-10,3.5000444252730686e-10,0.9200809445584345,0.9304908803303205,-57.920167618076405,standard-halo-model-uncompensated,scale_dependent_camb
5,0.2483836,0.28674463,4000,4019,4009.5082917705736,2.5161519831722366e-07,2.3231223932323647e-07,2.3493893580783312e-07,1.3224112433404044e-09,4.675429788416668e-10,0.9232838114585948,0.933723150982454,-41.28595630247743,standard-halo-model-uncompensated,scale_dependent_camb
5,0.2483836,0.28674463,4020,4039,4029.5082506203476,2.495951247214717e-07,2.304104352771219e-07,2.3301512440573368e-07,1.490653894897536e-09,5.270257387420933e-10,0.9231367621232249,0.9335724191959278,-36.40180741483307,standard-halo-model-uncompensated,scale_dependent_camb
5,0.2483836,0.28674463,4040,4059,4049.5082098765433,2.476000802928347e-07,2.2827863052545994e-07,2.3086039083426983e-07,1.2031799779294024e-09,4.253883606908805e-10,0.9219650908653849,0.9323922292805117,-45.42072974444917,standard-halo-model-uncompensated,scale_dependent_camb
5,0.2483836,0.28674463,4060,4079,4069.5081695331696,2.456297599027689e-07,2.2745999046361744e-07,2.300321413609995e-07,1.3218448005184765e-09,4.673427110613969e-10,0.9260278174503616,0.9364994756826549,-38.878897667806854,standard-halo-model-uncompensated,scale_dependent_camb
5,0.2483836,0.28674463,4080,4096,4088.005870123517,2.4382890466852904e-07,2.2539588033324698e-07,2.279464623236027e-07,9.649044186231158e-10,3.4114522880263415e-10,0.9244018080615148,0.9348623479791389,-54.03277777027414,standard-halo-model-uncompensated,scale_dependent_camb
6,0.21083225,0.2483836,20,39,30.608333333333334,9.417474980573367e-05,8.977541130969579e-05,9.016289825307538e-05,3.523204703986641e-06,1.2456409688486484e-06,0.9532853710244735,0.957399923430282,-3.5317869322363453,standard-halo-model-uncompensated,scale_dependent_camb
6,0.21083225,0.2483836,40,59,50.165,6.703994604241478e-05,6.455244598239446e-05,6.482828863466411e-05,1.849355389163785e-06,6.538458682507994e-07,0.9628952556368925,0.967009856983605,-3.804413518242461,standard-halo-model-uncompensated,scale_dependent_camb
6,0.21083225,0.2483836,60,79,69.975,4.57942227597348e-05,4.409673452163606e-05,4.428734443790959e-05,1.0404532897241409e-06,3.6785578833589577e-07,0.9629322622854671,0.9670945758871978,-4.6145481243555535,standard-halo-model-uncompensated,scale_dependent_camb
6,0.21083225,0.2483836,80,99,89.86944444444444,3.469873857207893e-05,3.2933565244585334e-05,3.3073498658527814e-05,9.740403363903322e-07,3.4437526350541486e-07,0.9491286023603758,0.9531614121886581,-5.125726248528414,standard-halo-model-uncompensated,scale_dependent_camb
6,0.21083225,0.2483836,100,119,109.80227272727272,2.578595977580098e-05,2.4711151874401657e-05,2.4817763140581032e-05,3.855364366373297e-07,1.3630771437037675e-07,0.9583180959427391,0.9624525655186758,-7.885158271224805,standard-halo-model-uncompensated,scale_dependent_camb
6,0.21083225,0.2483836,120,139,129.75576923076923,2.0688365684741913e-05,1.9630742544344433e-05,1.9715233456302355e-05,3.276986550652646e-07,1.1585897059117999e-07,0.9488783620458962,0.9529623439923405,-9.128539076438113,standard-halo-model-uncompensated,scale_dependent_camb
6,0.21083225,0.2483836,140,159,149.72166666666666,1.6481795144625277e-05,1.5912489516011923e-05,1.598079885731969e-05,2.170809276013439e-07,7.674969798658812e-08,0.9654585181032902,0.9696030509474594,-7.417692102356403,standard-halo-model-uncompensated,scale_dependent_camb
6,0.21083225,0.2483836,160,179,169.6955882352941,1.3711887034838525e-05,1.308323420232562e-05,1.3139392394762846e-05,2.4418571711327355e-07,8.633268821984785e-08,0.954152712101868,0.9582482966333437,-7.281747452506385,standard-halo-model-uncompensated,scale_dependent_camb
6,0.21083225,0.2483836,180,199,189.675,1.149339241962156e-05,1.1140359887204156e-05,1.118839173249241e-05,1.2797708582656768e-07,4.52467326122294e-08,0.9692838702857909,0.9734629536699321,-7.802387311431734,standard-halo-model-uncompensated,scale_dependent_camb
6,0.21083225,0.2483836,200,219,209.65833333333333,9.836425473500489e-06,9.590987346778483e-06,9.631803361128763e-06,2.1299977904800488e-07,7.530679407804028e-08,0.9750480367707537,0.9791975130678333,-3.259176409337763,standard-halo-model-uncompensated,scale_dependent_camb
6,0.21083225,0.2483836,220,239,229.64456521739132,8.538671678340663e-06,8.330905781592803e-06,8.366952727438812e-06,9.12377516419208e-08,3.225741644310813e-08,0.9756676559803931,0.9798892664607967,-6.440872198004231,standard-halo-model-uncompensated,scale_dependent_camb
6,0.21083225,0.2483836,240,259,249.633,7.490592582498195e-06,7.3051188381809945e-06,7.3362404058782225e-06,1.562846041917114e-07,5.525495170950732e-08,0.9752391092861518,0.9793938630462139,-3.356690008386831,standard-halo-model-uncompensated,scale_dependent_camb
6,0.21083225,0.2483836,260,279,269.6231481481482,6.663180540764481e-06,6.4891464709124184e-06,6.517125327835293e-06,7.548593319417733e-08,2.6688307622898744e-08,0.9738812315248935,0.9780802558124245,-6.520985605799164,standard-halo-model-uncompensated,scale_dependent_camb
6,0.21083225,0.2483836,280,299,289.6146551724138,5.971060971688429e-06,5.821541773265751e-06,5.846674992049335e-06,3.192728223439286e-08,1.1287998886397987e-08,0.9749593582896545,0.9791685296417394,-13.245855171269353,standard-halo-model-uncompensated,scale_dependent_camb
6,0.21083225,0.2483836,300,319,309.60725806451615,5.409654142883038e-06,5.211173514236004e-06,5.233711261961549e-06,5.3137277017405846e-08,1.8786864456397877e-08,0.9633099227039947,0.9674761313247798,-10.564861906982081,standard-halo-model-uncompensated,scale_dependent_camb
6,0.21083225,0.2483836,320,339,329.6007575757576,4.933628738006335e-06,4.705920703810414e-06,4.726250314366656e-06,6.027492304897812e-08,2.131040341171488e-08,0.9538457297279452,0.9579663499926262,-10.685299090618996,standard-halo-model-uncompensated,scale_dependent_camb
6,0.21083225,0.2483836,340,359,349.595,4.5357861708720825e-06,4.331854777778312e-06,4.350524115918427e-06,5.5502195330499334e-08,1.9622989344468205e-08,0.9550394605452573,0.9591554698624527,-10.392473313514769,standard-halo-model-uncompensated,scale_dependent_camb
6,0.21083225,0.2483836,360,379,369.58986486486486,4.195445273957363e-06,3.982718277972177e-06,3.999869489517103e-06,3.484496196407646e-08,1.2319554447492892e-08,0.9492957285593357,0.9533837836822067,-17.267426098228523,standard-halo-model-uncompensated,scale_dependent_camb
6,0.21083225,0.2483836,380,399,389.5852564102564,3.904253934566413e-06,3.691550452098607e-06,3.7074589402790578e-06,3.0245914778158684e-08,1.0693545721413208e-08,0.9455200696387523,0.9495947247321632,-19.890828356573916,standard-halo-model-uncompensated,scale_dependent_camb
6,0.21083225,0.2483836,400,419,409.5810975609756,3.6525835337699177e-06,3.414924381478084e-06,3.429635688834793e-06,4.492111341480238e-08,1.5882011957028374e-08,0.9349339583627427,0.9389616026919404,-14.964045672227364,standard-halo-model-uncompensated,scale_dependent_camb
6,0.21083225,0.2483836,420,439,429.57732558139537,3.433589854422251e-06,3.180847746650883e-06,3.194532087856351e-06,3.100793341037516e-08,1.0962959992528591e-08,0.926391293518691,0.9303767261957603,-23.054184995987878,standard-halo-model-uncompensated,scale_dependent_camb
6,0.21083225,0.2483836,440,459,449.5738888888889,3.242287424865049e-06,2.9777207597118023e-06,2.990517991248559e-06,3.5694501258812836e-08,1.2619911945589156e-08,0.9184012302165783,0.9223482064897535,-20.96422433800867,standard-halo-model-uncompensated,scale_dependent_camb
6,0.21083225,0.2483836,460,479,469.5707446808511,3.0737884474919646e-06,2.791793192096452e-06,2.8038377551001972e-06,1.8329432938854796e-08,6.480433163184147e-09,0.908258079496133,0.9121765544365841,-43.51487752355042,standard-halo-model-uncompensated,scale_dependent_camb
6,0.21083225,0.2483836,480,499,489.5678571428571,2.9245648264920978e-06,2.6455252546239683e-06,2.6569241661687062e-06,1.0774095466382495e-08,3.80921798271515e-09,0.9045876605844205,0.9084853042411728,-73.25376839401416,standard-halo-model-uncompensated,scale_dependent_camb
6,0.21083225,0.2483836,500,519,509.56519607843137,2.7917646423504776e-06,2.492622597166505e-06,2.503314104918527e-06,4.1726212007556785e-08,1.4752443731885473e-08,0.8928484010986989,0.8966780605154828,-20.277457119691732,standard-halo-model-uncompensated,scale_dependent_camb
6,0.21083225,0.2483836,520,539,529.5627358490566,2.6730271101474955e-06,2.3799765210048615e-06,2.3902057730477715e-06,2.761257132544908e-08,9.762518215111129e-09,0.8903675207669466,0.8941943626287733,-30.01793007556485,standard-halo-model-uncompensated,scale_dependent_camb
6,0.21083225,0.2483836,540,559,549.5604545454545,2.5663865364969983e-06,2.2534074418732157e-06,2.2630971282342996e-06,3.115401158608441e-08,1.1014606426842277e-08,0.8780467828314806,0.8818223973865312,-28.414914023715053,standard-halo-model-uncompensated,scale_dependent_camb
6,0.21083225,0.2483836,560,579,569.5583333333333,2.4701933257590537e-06,2.1693413639326925e-06,2.1786304870879796e-06,2.4040620251307543e-08,8.499642801815103e-09,0.8782071189776558,0.8819676032516681,-35.39583590055268,standard-halo-model-uncompensated,scale_dependent_camb
6,0.21083225,0.2483836,580,599,589.5563559322034,2.3830507005591057e-06,2.0604693753062185e-06,2.0693019041840306e-06,2.4773181936153222e-08,8.758642469311013e-09,0.8646351396647985,0.8683415353683142,-36.830059724799185,standard-halo-model-uncompensated,scale_dependent_camb
6,0.21083225,0.2483836,600,619,609.5545081967213,2.3037790456699065e-06,1.996406072171715e-06,2.0049584538165536e-06,2.144492922380388e-08,7.581927438108644e-09,0.8665787962279117,0.8702911234412847,-40.5402156651169,standard-halo-model-uncompensated,scale_dependent_camb
6,0.21083225,0.2483836,620,639,629.5527777777778,2.2313803240815626e-06,1.9279641864349234e-06,1.936251660582209e-06,2.5684161168565977e-08,9.0807222656906e-09,0.8640231186176093,0.8677371758125416,-33.41321634657043,standard-halo-model-uncompensated,scale_dependent_camb
6,0.21083225,0.2483836,640,659,649.5511538461539,2.165005992753991e-06,1.8627614660469989e-06,1.8707496577741368e-06,1.7870214728293833e-08,6.318075007818143e-09,0.860395524207061,0.8640852099418227,-47.83807193377531,standard-halo-model-uncompensated,scale_dependent_camb
6,0.21083225,0.2483836,660,679,669.5496268656716,2.1039312154526524e-06,1.7967407122607288e-06,1.804458507465379e-06,1.7337222595428566e-08,6.129633832084087e-09,0.8539921358000134,0.8576604093385994,-50.11563685648059,standard-halo-model-uncompensated,scale_dependent_camb
6,0.21083225,0.2483836,680,699,689.5481884057971,2.0475340875484445e-06,1.7541597497145312e-06,1.7617047667183273e-06,1.5005017759740405e-08,5.305074904868509e-09,0.8567182155266697,0.8604031441682387,-55.30069661498678,standard-halo-model-uncompensated,scale_dependent_camb
6,0.21083225,0.2483836,700,719,709.5468309859154,1.9952794132176836e-06,1.700400000573305e-06,1.707685627599305e-06,2.507237954563623e-08,8.864424798601134e-09,0.8522114693857128,0.8558629013494451,-33.26548753517685,standard-halo-model-uncompensated,scale_dependent_camb
6,0.21083225,0.2483836,720,739,729.5455479452055,1.9467051140997894e-06,1.6568576959793972e-06,1.6639936716397954e-06,1.9349351489917692e-08,6.841028825041413e-09,0.8511087190242341,0.8547743875472749,-42.36898068013002,standard-halo-model-uncompensated,scale_dependent_camb
6,0.21083225,0.2483836,740,759,749.5443333333334,1.90141000915002e-06,1.6067788048819949e-06,1.613690649886633e-06,1.2960045124047687e-08,4.5820678958488845e-09,0.8450459380932085,0.8486810535976903,-64.30092503320296,standard-halo-model-uncompensated,scale_dependent_camb
6,0.21083225,0.2483836,760,779,769.5431818181818,1.859044500388254e-06,1.5710577964806225e-06,1.5778007127877296e-06,1.4540793138888268e-08,5.140946716169358e-09,0.8450888594396279,0.8487159465296351,-56.01822384228431,standard-halo-model-uncompensated,scale_dependent_camb
6,0.21083225,0.2483836,780,799,789.5420886075949,1.8193029754003046e-06,1.5461475732281176e-06,1.5528165708936e-06,1.643536010124725e-08,5.810777289417376e-09,0.8498571123855365,0.8535228007044461,-47.00841016048908,standard-halo-model-uncompensated,scale_dependent_camb
6,0.21083225,0.2483836,800,819,809.5410493827161,1.7819175387286467e-06,1.512689646622831e-06,1.5191876901076668e-06,1.4522727740185412e-08,5.134559633205545e-09,0.8489111385603719,0.8525577963565975,-52.43446592083587,standard-halo-model-uncompensated,scale_dependent_camb
6,0.21083225,0.2483836,820,839,829.5400602409638,1.7466526782176515e-06,1.4779672132499292e-06,1.4843241927926225e-06,9.97467172432927e-09,3.52657900819147e-09,0.8461712117592269,0.8498107330114888,-76.18869854996154,standard-halo-model-uncompensated,scale_dependent_camb
6,0.21083225,0.2483836,840,859,849.5391176470588,1.7133007930562582e-06,1.4516572069714072e-06,1.45789071121252e-06,1.6887774445356033e-08,5.9707299147300685e-09,0.8472868353617463,0.850925136509085,-43.82103860356572,standard-halo-model-uncompensated,scale_dependent_camb
6,0.21083225,0.2483836,860,879,869.5382183908046,1.681678482721485e-06,1.43082988947437e-06,1.4369670402439009e-06,1.3882731607702057e-08,4.908286830599473e-09,0.8508343920526573,0.8544838118630357,-51.1071585473088,standard-halo-model-uncompensated,scale_dependent_camb
6,0.21083225,0.2483836,880,899,889.5373595505617,1.6516231779105103e-06,1.4021034543872011e-06,1.4080985312689395e-06,1.819885747853035e-08,6.434267766458162e-09,0.8489245447384798,0.8525543538631754,-38.77981653546586,standard-halo-model-uncompensated,scale_dependent_camb
6,0.21083225,0.2483836,900,919,909.5365384615385,1.6229905449547603e-06,1.383152215352202e-06,1.3890786183640235e-06,1.697158144841233e-08,6.000360164816083e-09,0.8522244443455808,0.8558759770240948,-39.97065559645611,standard-halo-model-uncompensated,scale_dependent_camb
6,0.21083225,0.2483836,920,939,929.535752688172,1.5956522595382204e-06,1.3590903439379431e-06,1.3649245594050606e-06,1.6434504459390005e-08,5.8104747743376136e-09,0.8517459464076854,0.8554022665314734,-40.713009657157485,standard-halo-model-uncompensated,scale_dependent_camb
6,0.21083225,0.2483836,940,959,949.535,1.5694940011863834e-06,1.3354277779533439e-06,1.3411653920623558e-06,1.262215335137408e-08,4.462605113966559e-09,0.850865168610961,0.8545208780973782,-52.45057925929529,standard-halo-model-uncompensated,scale_dependent_camb
6,0.21083225,0.2483836,960,979,969.5342783505155,1.5444137766174614e-06,1.311505610337748e-06,1.3171419303498853e-06,1.0573102655384339e-08,3.738156292901879e-09,0.8491931567783451,0.8528426450809435,-62.30562556251763,standard-halo-model-uncompensated,scale_dependent_camb
6,0.21083225,0.2483836,980,999,989.5335858585859,1.5203203852102556e-06,1.2961761299481264e-06,1.301762224506031e-06,1.3051288811635787e-08,4.614327410965891e-09,0.8525677499015244,0.8562420376452436,-48.575715440012594,standard-halo-model-uncompensated,scale_dependent_camb
6,0.21083225,0.2483836,1000,1019,1009.5329207920792,1.497132145988374e-06,1.2810600339391131e-06,1.2865675778095654e-06,9.773578590011399e-09,3.4554818487283578e-09,0.8556759918433153,0.8593547211293106,-62.53024079081098,standard-halo-model-uncompensated,scale_dependent_camb
6,0.21083225,0.2483836,1020,1039,1029.532281553398,1.474775789961706e-06,1.2677992988541401e-06,1.2732315142688604e-06,1.761193168353482e-08,6.226758161610839e-09,0.8596556218807062,0.8633390396935667,-33.23984740303802,standard-halo-model-uncompensated,scale_dependent_camb
6,0.21083225,0.2483836,1040,1059,1049.5316666666668,1.4531855267622127e-06,1.2484839847669508e-06,1.253854800905317e-06,1.0854779703948454e-08,3.837744168474028e-09,0.859135989021753,0.8628318805920006,-53.339027566461205,standard-halo-model-uncompensated,scale_dependent_camb
6,0.21083225,0.2483836,1060,1079,1069.5310747663552,1.4323021456221968e-06,1.2265009448590653e-06,1.2317731591781458e-06,1.0469346536420361e-08,3.7014729652473654e-09,0.8563143947021522,0.8599953319507592,-55.599811938482716,standard-halo-model-uncompensated,scale_dependent_camb
6,0.21083225,0.2483836,1080,1099,1089.530504587156,1.4120723021659718e-06,1.2155509922142773e-06,1.220766074521741e-06,1.659941905795779e-08,5.868780889819582e-09,0.860827728402964,0.8645209403578081,-33.48588295272614,standard-halo-model-uncompensated,scale_dependent_camb
6,0.21083225,0.2483836,1100,1119,1109.529954954955,1.3924479177795819e-06,1.202824562404289e-06,1.207986395399415e-06,1.2773677681157033e-08,4.516177054518696e-09,0.8638201451170474,0.867527165630502,-41.98758221526409,standard-halo-model-uncompensated,scale_dependent_camb
6,0.21083225,0.2483836,1120,1139,1129.529424778761,1.3733855415155864e-06,1.185156042724611e-06,1.1902381724204356e-06,1.4737790963966529e-08,5.2105959651652784e-09,0.8629448955875445,0.8666453347884817,-36.124370426983376,standard-halo-model-uncompensated,scale_dependent_camb
6,0.21083225,0.2483836,1140,1159,1149.5289130434783,1.3548459135235455e-06,1.1769894113455883e-06,1.1820473655011626e-06,1.1798338743886495e-08,4.171342666269057e-09,0.8687256606801831,0.872458892706857,-42.637710782230236,standard-halo-model-uncompensated,scale_dependent_camb
6,0.21083225,0.2483836,1160,1179,1169.5284188034188,1.3367934664282561e-06,1.157045335786152e-06,1.1620050466792297e-06,1.0396756383656164e-08,3.6758084706139e-09,0.865537844733511,0.8692479996808788,-48.90029828243045,standard-halo-model-uncompensated,scale_dependent_camb
6,0.21083225,0.2483836,1180,1199,1189.5279411764707,1.3191959884516264e-06,1.1468913896967007e-06,1.1518241901480082e-06,5.7440711473680465e-09,2.030835829960969e-09,0.8693866565216257,0.873125904134937,-84.8441790384589,standard-halo-model-uncompensated,scale_dependent_camb
6,0.21083225,0.2483836,1200,1219,1209.527479338843,1.3020242584875008e-06,1.133288780465225e-06,1.1381469809115543e-06,1.2318593023974042e-08,4.3552803309646716e-09,0.8704052732333207,0.8741365404617616,-38.742736448586264,standard-halo-model-uncompensated,scale_dependent_camb
6,0.21083225,0.2483836,1220,1239,1229.5270325203253,1.2852517486165535e-06,1.1166391965572462e-06,1.1214318282575474e-06,1.1174090252494837e-08,3.9506374955648e-09,0.8688097081052003,0.8725386520303574,-42.679833887214635,standard-halo-model-uncompensated,scale_dependent_camb
6,0.21083225,0.2483836,1240,1259,1249.5266,1.268854326891403e-06,1.112369996422153e-06,1.1171479830860157e-06,8.266150058724234e-09,2.9225253804147417e-09,0.8766727376399268,0.8804383288213579,-53.54421608035552,standard-halo-model-uncompensated,scale_dependent_camb
6,0.21083225,0.2483836,1260,1279,1269.5261811023622,1.2528100675633166e-06,1.097145179068744e-06,1.1018633991967131e-06,1.0259225401069225e-08,3.627183925408663e-09,0.8757474157297149,0.8795135254139593,-42.916182828262365,standard-halo-model-uncompensated,scale_dependent_camb
6,0.21083225,0.2483836,1280,1299,1289.5257751937984,1.2370989864363413e-06,1.0886659810964353e-06,1.0933474105682109e-06,8.185302271207705e-09,2.893941371016308e-09,0.8800152558790055,0.8837994554645708,-51.2909510975264,standard-halo-model-uncompensated,scale_dependent_camb
6,0.21083225,0.2483836,1300,1319,1309.5253816793893,1.2217029107085209e-06,1.0752050697042342e-06,1.0798091863611493e-06,1.3380273018002573e-08,4.730640892578505e-09,0.8800871801808788,0.8838557859659343,-30.967863410244174,standard-halo-model-uncompensated,scale_dependent_camb
6,0.21083225,0.2483836,1320,1339,1329.525,1.2066052183855458e-06,1.0616782090181585e-06,1.0662287045993942e-06,1.175163336058472e-08,4.1548298196437555e-09,0.8798886270678478,0.8836599480532852,-34.88157533725742,standard-halo-model-uncompensated,scale_dependent_camb
6,0.21083225,0.2483836,1340,1359,1349.5246296296295,1.1917907613185348e-06,1.0519331285676117e-06,1.0564568953735843e-06,9.741291052982465e-09,3.4440664805378722e-09,0.8826491719098477,0.8864449445847153,-40.608284869425916,standard-halo-model-uncompensated,scale_dependent_camb
6,0.21083225,0.2483836,1360,1379,1369.5242700729927,1.1772457101330756e-06,1.041017990617757e-06,1.0454787934718867e-06,1.1945543504613099e-08,4.223387408535419e-09,0.8842826791868967,0.8880718650940814,-32.255558474224735,standard-halo-model-uncompensated,scale_dependent_camb
6,0.21083225,0.2483836,1380,1399,1389.5239208633093,1.162957407085595e-06,1.0297990626403794e-06,1.0342143462632895e-06,1.1663084969045183e-08,4.1235232355833715e-09,0.8855002396184791,0.8892968392153422,-32.29237155647482,standard-halo-model-uncompensated,scale_dependent_camb
6,0.21083225,0.2483836,1400,1419,1409.5235815602837,1.1489142579363611e-06,1.0175782890168618e-06,1.0219387563371385e-06,1.1958905625467408e-08,4.228111631668977e-09,0.8856868839321392,0.8894821778717487,-31.062559449892436,standard-halo-model-uncompensated,scale_dependent_camb
6,0.21083225,0.2483836,1420,1439,1429.5232517482518,1.1351056640587332e-06,1.0046292985912517e-06,1.008945446955485e-06,1.1134436148129771e-08,3.9366176525155916e-09,0.8850535508730134,0.8888559707717921,-33.14428196604362,standard-halo-model-uncompensated,scale_dependent_camb
6,0.21083225,0.2483836,1440,1459,1449.5229310344828,1.1215219077403552e-06,9.95638617574674e-07,9.999117799862451e-07,9.91974644951504e-09,3.5071599910516314e-09,0.8877567265544449,0.8915668727335604,-35.89322713730398,standard-halo-model-uncompensated,scale_dependent_camb
6,0.21083225,0.2483836,1460,1479,1469.522619047619,1.1081540828583873e-06,9.860496059611997e-07,9.902841874439007e-07,8.26191801230385e-09,2.9210291260536667e-09,0.8898127266000503,0.8936340196388111,-41.801869008458596,standard-halo-model-uncompensated,scale_dependent_camb
6,0.21083225,0.2483836,1480,1499,1489.5223154362416,1.0949939928580005e-06,9.73961003416766e-07,9.781458289228545e-07,6.918330455139185e-09,2.4459991896591655e-09,0.8894669831700802,0.8932887625893132,-49.48202352352356,standard-halo-model-uncompensated,scale_dependent_camb
6,0.21083225,0.2483836,1500,1519,1509.5220198675497,1.0820341294725423e-06,9.662667702563991e-07,9.70407108871074e-07,1.1806675105342692e-08,4.1742900151271065e-09,0.893009512303853,0.8968359522486754,-27.733425036740794,standard-halo-model-uncompensated,scale_dependent_camb
6,0.21083225,0.2483836,1520,1539,1529.5217320261438,1.0692675790144352e-06,9.533873860006424e-07,9.574789447926064e-07,9.363306620127908e-09,3.3104288027106677e-09,0.8916265719749944,0.8954530779612091,-35.00458699456307,standard-halo-model-uncompensated,scale_dependent_camb
6,0.21083225,0.2483836,1540,1559,1549.5214516129033,1.0566879740183863e-06,9.438157073063231e-07,9.478638840500187e-07,9.859220901348711e-09,3.4857609782799093e-09,0.8931829740781178,0.8970139789189329,-32.38095423506674,standard-halo-model-uncompensated,scale_dependent_camb
6,0.21083225,0.2483836,1560,1579,1569.521178343949,1.0442894345195123e-06,9.351579488127051e-07,9.391677080229541e-07,7.932296361821603e-09,2.804490273912717e-09,0.8954968976038529,0.89933659862706,-38.91312682448748,standard-halo-model-uncompensated,scale_dependent_camb
6,0.21083225,0.2483836,1580,1599,1589.5209119496856,1.0320665631647523e-06,9.250546072719426e-07,9.290154810788352e-07,1.0069808053017017e-08,3.5602147797676188e-09,0.8963129320218787,0.9001507405007687,-30.057724747661034,standard-halo-model-uncompensated,scale_dependent_camb
6,0.21083225,0.2483836,1600,1619,1609.520652173913,1.0200143369434644e-06,9.122964820045942e-07,9.162141358172264e-07,1.0950030696544994e-08,3.87142047986391e-09,0.8943957442189947,0.8982365273048204,-27.823858322580538,standard-halo-model-uncompensated,scale_dependent_camb
6,0.21083225,0.2483836,1620,1639,1629.520398773006,1.008128155291162e-06,9.036996970228346e-07,9.075784165542995e-07,7.990876616382203e-09,2.825201521534435e-09,0.896413508818066,0.9002609557037694,-36.96318916450595,standard-halo-model-uncompensated,scale_dependent_camb
6,0.21083225,0.2483836,1640,1659,1649.5201515151516,9.96403703184468e-07,8.960141386723797e-07,8.99865637095713e-07,9.524429612070368e-09,3.3673943828144576e-09,0.899248101757102,0.9031135013045184,-29.81223851427315,standard-halo-model-uncompensated,scale_dependent_camb
6,0.21083225,0.2483836,1660,1679,1669.5199101796406,9.84837026118042e-07,8.86044377919713e-07,8.898461223972379e-07,9.55798730913275e-09,3.3792588203913647e-09,0.8996862977545204,0.9035465755230261,-29.235004907640494,standard-halo-model-uncompensated,scale_dependent_camb
6,0.21083225,0.2483836,1680,1699,1689.519674556213,9.73424418915442e-07,8.765406521608235e-07,8.803100022261275e-07,7.332536353348029e-09,2.5924430893746346e-09,0.900471197483865,0.904343455043937,-37.37160794453137,standard-halo-model-uncompensated,scale_dependent_camb
6,0.21083225,0.2483836,1700,1719,1709.5194444444444,9.621624491878214e-07,8.665218541592239e-07,8.702261098973051e-07,1.1341565729921438e-08,4.009849018450202e-09,0.9005982876287373,0.9044482151967982,-23.851420487039277,standard-halo-model-uncompensated,scale_dependent_camb
6,0.21083225,0.2483836,1720,1739,1729.519219653179,9.510479178118353e-07,8.585702600425584e-07,8.622498061560477e-07,8.669264165458438e-09,3.0650477396465984e-09,0.9027623571459481,0.9066312958656241,-30.171685932676418,standard-halo-model-uncompensated,scale_dependent_camb
6,0.21083225,0.2483836,1740,1759,1749.519,9.40077825702786e-07,8.461191307269565e-07,8.497419639164118e-07,8.933473269112404e-09,3.1584597640690677e-09,0.9000522165219803,0.9039059753176917,-29.748264025621733,standard-halo-model-uncompensated,scale_dependent_camb
6,0.21083225,0.2483836,1760,1779,1769.5187853107345,9.29249375254471e-07,8.360361042612104e-07,8.396309934224734e-07,5.879598326565001e-09,2.0787519236835945e-09,0.8996897135736738,0.903558308223284,-44.840978825450556,standard-halo-model-uncompensated,scale_dependent_camb
6,0.21083225,0.2483836,1780,1799,1789.5185754189945,9.185599501006287e-07,8.297336930095708e-07,8.332959956589076e-07,8.78308382978235e-09,3.1052890678845058e-09,0.9032983562136288,0.9071764946508059,-28.60482716720838,standard-halo-model-uncompensated,scale_dependent_camb
6,0.21083225,0.2483836,1800,1819,1809.5183701657459,9.080070857411198e-07,8.20538829571313e-07,8.240670596353166e-07,3.865425514340728e-09,1.3666342966809134e-09,0.9036700731267809,0.9075557587336546,-64.0026789772782,standard-halo-model-uncompensated,scale_dependent_camb
6,0.21083225,0.2483836,1820,1839,1829.518169398907,8.975884614406003e-07,8.117977329596278e-07,8.152764138661856e-07,9.563067375593324e-09,3.3810548951129395e-09,0.9044208652779681,0.9082964508675762,-25.373953142546306,standard-halo-model-uncompensated,scale_dependent_camb
6,0.21083225,0.2483836,1840,1859,1849.517972972973,8.873018904010336e-07,8.02952053902016e-07,8.063948520130792e-07,8.693626359538454e-09,3.073661075965879e-09,0.9049367104797962,0.9088167857375049,-27.442790344902033,standard-halo-model-uncompensated,scale_dependent_camb
6,0.21083225,0.2483836,1860,1879,1869.5177807486632,8.771453088703791e-07,7.92582684466597e-07,7.959935487949658e-07,5.600685921839281e-09,1.980141497314293e-09,0.9035933686829095,0.9074819653542654,-42.705344299120135,standard-halo-model-uncompensated,scale_dependent_camb
6,0.21083225,0.2483836,1880,1899,1889.5175925925926,8.671167541662107e-07,7.838611213589585e-07,7.872176201729761e-07,8.820461476231098e-09,3.1185040615188573e-09,0.9039856715866275,0.9078565445664087,-26.697298180430383,standard-halo-model-uncompensated,scale_dependent_camb
6,0.21083225,0.2483836,1900,1919,1909.5174083769634,8.572143640827458e-07,7.774157906908335e-07,7.80751932618267e-07,6.1467069317812e-09,2.1731890767144217e-09,0.9069094304348246,0.9108012713409245,-36.71957228524147,standard-halo-model-uncompensated,scale_dependent_camb
6,0.21083225,0.2483836,1920,1939,1929.5172279792746,8.474363685194307e-07,7.675370879447793e-07,7.708315224050119e-07,6.1607556167980766e-09,2.1781560369355154e-09,0.9057164838060412,0.909604013988382,-36.68207383666739,standard-halo-model-uncompensated,scale_dependent_camb
6,0.21083225,0.2483836,1940,1959,1949.5170512820512,8.377810779988473e-07,7.597426806240181e-07,7.629908443608977e-07,9.386142823138167e-09,3.3185026197132216e-09,0.9068510862512741,0.910728189497194,-23.516147587544513,standard-halo-model-uncompensated,scale_dependent_camb
6,0.21083225,0.2483836,1960,1979,1969.5168781725888,8.282468697482296e-07,7.517655863531595e-07,7.549916640777134e-07,5.739704287506624e-09,2.0292919118507175e-09,0.9076588319394207,0.9115538997536033,-37.68865531293572,standard-halo-model-uncompensated,scale_dependent_camb
6,0.21083225,0.2483836,1980,1999,1989.5167085427136,8.188321895960396e-07,7.421223648654997e-07,7.453055841786464e-07,6.718219033270497e-09,2.3752491179610497e-09,0.9063180152109266,0.9102055264172423,-32.29548603996063,standard-halo-model-uncompensated,scale_dependent_camb
6,0.21083225,0.2483836,2000,2019,2009.5165422885573,8.095355450251477e-07,7.371655242365099e-07,7.40321498327766e-07,8.761457322115435e-09,3.0976429427721766e-09,0.9106030349953446,0.9145015347099656,-23.36293179221993,standard-halo-model-uncompensated,scale_dependent_camb
6,0.21083225,0.2483836,2020,2039,2029.5163793103447,8.003555020660987e-07,7.25889690645747e-07,7.290073326657551e-07,5.458358666687605e-09,1.9298212136815837e-09,0.9069590810232203,0.9108544025546649,-38.58689649197648,standard-halo-model-uncompensated,scale_dependent_camb
6,0.21083225,0.2483836,2040,2059,2049.516219512195,7.91290664100464e-07,7.199839126706505e-07,7.23081302391081e-07,5.366002244865827e-09,1.8971682876034315e-09,0.9098855140533286,0.9137998654553531,-37.58588623674005,standard-halo-model-uncompensated,scale_dependent_camb
6,0.21083225,0.2483836,2060,2079,2069.5160628019325,7.823396831189746e-07,7.10195875766375e-07,7.132403112143507e-07,7.684299375621119e-09,2.7168100985846227e-09,0.9077845481837481,0.9116759977850751,-26.554600702560837,standard-halo-model-uncompensated,scale_dependent_camb
6,0.21083225,0.2483836,2080,2099,2089.515909090909,7.73501253986589e-07,7.037473381012957e-07,7.067691893716113e-07,5.1591737013704795e-09,1.8240433547791829e-09,0.9098205522928569,0.9137272702907154,-38.24136948419059,standard-halo-model-uncompensated,scale_dependent_camb
6,0.21083225,0.2483836,2100,2119,2109.5157582938386,7.647741080855248e-07,6.94550242806064e-07,6.975308069470727e-07,5.134092139387264e-09,1.8151756834986418e-09,0.9081769838478794,0.9120742969361454,-38.68709013559972,standard-halo-model-uncompensated,scale_dependent_camb
6,0.21083225,0.2483836,2120,2139,2129.5156103286386,7.561569992255195e-07,6.85421746103043e-07,6.883637382966735e-07,6.5995952592044775e-09,2.3333092804350385e-09,0.9064542770946696,0.9103449931716799,-30.315420984091805,standard-halo-model-uncompensated,scale_dependent_camb
6,0.21083225,0.2483836,2140,2159,2149.515465116279,7.476487191002915e-07,6.812693847075958e-07,6.841974822135969e-07,3.7405568269095e-09,1.3224865488606712e-09,0.9112158789323206,0.9151322870410975,-50.192823851313904,standard-halo-model-uncompensated,scale_dependent_camb
6,0.21083225,0.2483836,2160,2179,2169.5153225806453,7.392480862134738e-07,6.736536826058172e-07,6.765448246888798e-07,5.075383948327874e-09,1.7944192034939967e-09,0.9112687542504984,0.9151796768987683,-36.55467099322981,standard-halo-model-uncompensated,scale_dependent_camb
6,0.21083225,0.2483836,2180,2199,2189.5151826484016,7.309539328327137e-07,6.658980867367369e-07,6.687513634046602e-07,7.751500695426509e-09,2.7405693530541613e-09,0.9109987056997401,0.9149022029514284,-23.738076915833897,standard-halo-model-uncompensated,scale_dependent_camb
6,0.21083225,0.2483836,2200,2219,2209.515045248869,7.227651284496447e-07,6.586480432581474e-07,6.61469210885945e-07,7.576115619156156e-09,2.6785613646793183e-09,0.9112891827957574,0.915192480723051,-23.937135074437055,standard-halo-model-uncompensated,scale_dependent_camb
6,0.21083225,0.2483836,2220,2239,2229.5149103139015,7.146805388307415e-07,6.506419383193596e-07,6.534290696477102e-07,6.3354913618732955e-09,2.239934452064701e-09,0.910395488568707,0.9142953167813381,-28.58949754192721,standard-halo-model-uncompensated,scale_dependent_camb
6,0.21083225,0.2483836,2240,2259,2249.514777777778,7.066990748472953e-07,6.452850230327833e-07,6.48058121283488e-07,3.848210568978883e-09,1.3605478943793553e-09,0.9130973083164394,0.9170213239963863,-45.13920610088289,standard-halo-model-uncompensated,scale_dependent_camb
6,0.21083225,0.2483836,2260,2279,2269.5146475770925,6.988196362943907e-07,6.370320226660333e-07,6.397627940406578e-07,6.63243890183407e-09,2.3449212616461643e-09,0.9115828886034218,0.9154905798484831,-26.349547270078347,standard-halo-model-uncompensated,scale_dependent_camb
6,0.21083225,0.2483836,2280,2299,2289.514519650655,6.910411613895809e-07,6.297594111105583e-07,6.324647415021901e-07,4.0783157246009436e-09,1.4419023523425276e-09,0.9113196815139142,0.9152345429473372,-42.5006243865708,standard-halo-model-uncompensated,scale_dependent_camb
6,0.21083225,0.2483836,2300,2319,2309.514393939394,6.83362571741615e-07,6.23728344364395e-07,6.264074899107029e-07,4.166336405590521e-09,1.4730223625487216e-09,0.9127341328846319,0.9166546659326739,-40.48426479692871,standard-halo-model-uncompensated,scale_dependent_camb
6,0.21083225,0.2483836,2320,2339,2329.514270386266,6.757828371658795e-07,6.163978496045813e-07,6.190441093618377e-07,4.260281603890909e-09,1.5062370059377812e-09,0.9121241554308349,0.9160399988227068,-39.42605800228976,standard-halo-model-uncompensated,scale_dependent_camb
6,0.21083225,0.2483836,2340,2359,2349.5141489361704,6.683008987396538e-07,6.099686855101041e-07,6.125965210953087e-07,3.2899527264213393e-09,1.1631739413178497e-09,0.9127156444955286,0.9166477588921431,-50.14917473431417,standard-halo-model-uncompensated,scale_dependent_camb
6,0.21083225,0.2483836,2360,2379,2369.514029535865,6.609157419388516e-07,6.021892172464047e-07,6.047771251696236e-07,5.077910948437244e-09,1.7953126329506939e-09,0.9111437041578588,0.9150593438665258,-32.711029608211796,standard-halo-model-uncompensated,scale_dependent_camb
6,0.21083225,0.2483836,2380,2399,2389.513912133891,6.536263385048477e-07,5.949297636060849e-07,5.974833128061272e-07,5.0548821074065885e-09,1.7871707081228722e-09,0.9101985776261255,0.9141053192147273,-32.84329506520053,standard-halo-model-uncompensated,scale_dependent_camb
6,0.21083225,0.2483836,2400,2419,2409.5137966804978,6.46431667626401e-07,5.879391024732441e-07,5.904662431033504e-07,3.6280802999732037e-09,1.282720091400188e-09,0.9095146972487707,0.9134240673441213,-45.60041239340676,standard-halo-model-uncompensated,scale_dependent_camb
6,0.21083225,0.2483836,2420,2439,2429.513683127572,6.393307398918948e-07,5.84525856637463e-07,5.870407785762041e-07,2.247264698594855e-09,7.945280537487823e-10,0.914277728513885,0.9182114075657735,-68.97790832664576,standard-halo-model-uncompensated,scale_dependent_camb
6,0.21083225,0.2483836,2440,2459,2449.5135714285716,6.323225442005756e-07,5.768751930801232e-07,5.79353877361736e-07,3.771040530568701e-09,1.3332641656472221e-09,0.9123116016833582,0.9162315699089835,-41.58767073255578,standard-halo-model-uncompensated,scale_dependent_camb
6,0.21083225,0.2483836,2460,2479,2469.5134615384613,6.25406080645747e-07,5.718340955053853e-07,5.742928477627557e-07,2.937514902878143e-09,1.0385683538308388e-09,0.9143404792530201,0.9182719284881021,-51.582531802319394,standard-halo-model-uncompensated,scale_dependent_camb
6,0.21083225,0.2483836,2480,2499,2489.513353413655,6.185803768121607e-07,5.654185857309049e-07,5.678523090947631e-07,2.508697721407862e-09,8.869585853773696e-10,0.9140583939063445,0.9179927627532845,-59.93717402108156,standard-halo-model-uncompensated,scale_dependent_camb
6,0.21083225,0.2483836,2500,2519,2509.513247011952,6.118444498103981e-07,5.591797657194906e-07,5.615897598890356e-07,3.2374536608397786e-09,1.1446127186785103e-09,0.9139247171283035,0.9178636172364794,-46.01091987839389,standard-halo-model-uncompensated,scale_dependent_camb
6,0.21083225,0.2483836,2520,2539,2529.51314229249,6.051973085113082e-07,5.529575702265563e-07,5.553314910558144e-07,3.418973084115883e-09,1.2087895262363126e-09,0.9136814761895529,0.9176040330084151,-43.21657091735858,standard-halo-model-uncompensated,scale_dependent_camb
6,0.21083225,0.2483836,2540,2559,2549.513039215686,5.98637989013966e-07,5.468099255252253e-07,5.49159201142411e-07,3.2694509576204163e-09,1.1559254714451239e-09,0.913423363635662,0.9173477313842829,-44.83685563563702,standard-halo-model-uncompensated,scale_dependent_camb
6,0.21083225,0.2483836,2560,2579,2569.512937743191,5.921655289569452e-07,5.406658650357138e-07,5.429901296757323e-07,3.4086217057818575e-09,1.2051297613290041e-09,0.9130316416561022,0.9169566668836133,-42.73370849661713,standard-halo-model-uncompensated,scale_dependent_camb
6,0.21083225,0.2483836,2580,2599,2589.5128378378377,5.85778966647863e-07,5.334314196932461e-07,5.357287208573217e-07,2.818005592950984e-09,9.963154320986292e-10,0.9106360078884749,0.9145577963016404,-52.54113834646982,standard-halo-model-uncompensated,scale_dependent_camb
6,0.21083225,0.2483836,2600,2619,2609.5127394636015,5.794773420139317e-07,5.290223661964778e-07,5.312932041191875e-07,4.187781755062831e-09,1.4806044385671145e-09,0.9129302007873142,0.9168489699229936,-34.07728256325011,standard-halo-model-uncompensated,scale_dependent_camb
6,0.21083225,0.2483836,2620,2639,2629.5126425855515,5.732596960342066e-07,5.232372565586612e-07,5.254834579880916e-07,4.1349410933841116e-09,1.4619224434694111e-09,0.9127403516737717,0.9166586481194656,-34.21689002655499,standard-halo-model-uncompensated,scale_dependent_camb
6,0.21083225,0.2483836,2640,2659,2649.512547169811,5.671250837315084e-07,5.191296141646599e-07,5.213568983931652e-07,3.755538972636997e-09,1.3277835372809901e-09,0.9153705753040351,0.9192978997909903,-36.14705877821977,standard-halo-model-uncompensated,scale_dependent_camb
6,0.21083225,0.2483836,2660,2679,2669.5124531835204,5.610725672747482e-07,5.135782468800066e-07,5.157867040752466e-07,2.6123461460852143e-09,9.236038373516991e-10,0.9153508420035008,0.9192869766927568,-51.42282705421052,standard-halo-model-uncompensated,scale_dependent_camb
6,0.21083225,0.2483836,2680,2699,2689.5123605947956,5.551012035250377e-07,5.06694696047797e-07,5.088744307236768e-07,2.5839281486648916e-09,9.135565580098731e-10,0.9127969689673762,0.9167237027990413,-52.98687536400739,standard-halo-model-uncompensated,scale_dependent_camb
6,0.21083225,0.2483836,2700,2719,2709.512269372694,5.492100572858725e-07,5.01545173360536e-07,5.03699156947558e-07,3.2518450540911135e-09,1.1497008445578809e-09,0.9132119244849769,0.9171338912414976,-41.4585099688833,standard-halo-model-uncompensated,scale_dependent_camb
6,0.21083225,0.2483836,2720,2739,2729.5121794871793,5.43398199516829e-07,4.965329057132242e-07,4.986620205437146e-07,4.207384361071245e-09,1.4875350063858534e-09,0.9137551544240009,0.917673302905876,-31.50533843063617,standard-halo-model-uncompensated,scale_dependent_camb
6,0.21083225,0.2483836,2740,2759,2749.512090909091,5.376647055999143e-07,4.919404606482168e-07,4.940574624330724e-07,3.0788495982507536e-09,1.0885377145882927e-09,0.9149576967290806,0.9188950981668289,-42.005200498718025,standard-halo-model-uncompensated,scale_dependent_camb
6,0.21083225,0.2483836,2760,2779,2769.5120036101084,5.320086523034518e-07,4.864720110641459e-07,4.885616432145436e-07,3.7664265212336195e-09,1.331632867002575e-09,0.9144062017748308,0.9183340178758473,-34.196092907954466,standard-halo-model-uncompensated,scale_dependent_camb
6,0.21083225,0.2483836,2780,2799,2789.511917562724,5.26429125129224e-07,4.791833998033884e-07,4.812414142523589e-07,3.0191087369745415e-09,1.0674161305271253e-09,0.9102524479164446,0.9141618335312037,-44.261768184544934,standard-halo-model-uncompensated,scale_dependent_camb
6,0.21083225,0.2483836,2800,2819,2809.5118327402133,5.209252133409011e-07,4.7679365307334526e-07,4.788432890379574e-07,2.6500800345200697e-09,9.369447815481106e-10,0.9152823492943978,0.9192169562439578,-47.10155938393442,standard-halo-model-uncompensated,scale_dependent_camb
6,0.21083225,0.2483836,2820,2839,2829.511749116608,5.154960109928903e-07,4.711850351780602e-07,4.732125254208619e-07,1.9797715662384977e-09,6.999549498437769e-10,0.9140420587746483,0.9179751449665212,-63.30546819437437,standard-halo-model-uncompensated,scale_dependent_camb
6,0.21083225,0.2483836,2840,2859,2849.5116666666668,5.101406167108334e-07,4.652780173088972e-07,4.6727750378980177e-07,2.4590905299554225e-09,8.6941979464155e-10,0.9120583660027095,0.9159778470544171,-51.60061880168306,standard-halo-model-uncompensated,scale_dependent_camb
6,0.21083225,0.2483836,2860,2879,2869.5115853658535,5.048581351445489e-07,4.613002825276816e-07,4.632813490347291e-07,3.322854290466625e-09,1.174806400841882e-09,0.9137225894074263,0.9176465957156148,-37.07662180394417,standard-halo-model-uncompensated,scale_dependent_camb
6,0.21083225,0.2483836,2880,2899,2889.5115051903113,4.99647677467388e-07,4.5697902110069745e-07,4.58942768682053e-07,2.8969533504925834e-09,1.0242276794571974e-09,0.9146025123483627,0.9185327769526321,-41.65934705973125,standard-halo-model-uncompensated,scale_dependent_camb
6,0.21083225,0.2483836,2900,2919,2909.5114261168383,4.945083574595892e-07,4.534796113956324e-07,4.5542566495534055e-07,3.331744283822218e-09,1.1779494881351038e-09,0.9170312383096384,0.9209665682800063,-34.8306497665807,standard-halo-model-uncompensated,scale_dependent_camb
6,0.21083225,0.2483836,2920,2939,2929.511348122867,4.894392971688932e-07,4.4775939488057726e-07,4.496844525660513e-07,1.9533137148995636e-09,6.906006867950839e-10,0.9148415288077424,0.9187747186774756,-60.35311444844148,standard-halo-model-uncompensated,scale_dependent_camb
6,0.21083225,0.2483836,2940,2959,2949.511271186441,4.844396212201909e-07,4.433777476909427e-07,4.452871660477434e-07,2.16771448729224e-09,7.664028068203314e-10,0.9152384079860708,0.9191799071392395,-53.57740494141271,standard-halo-model-uncompensated,scale_dependent_camb
6,0.21083225,0.2483836,2960,2979,2969.5111952861953,4.79508463179342e-07,4.3908913599705766e-07,4.409760642114793e-07,2.706848062816352e-09,9.57015310429556e-10,0.915706749127456,0.9196418792853482,-42.234775914026,standard-halo-model-uncompensated,scale_dependent_camb
6,0.21083225,0.2483836,2980,2999,2989.511120401338,4.746449624045092e-07,4.349375177494326e-07,4.3680817872013377e-07,2.5009447641497194e-09,8.842175010516286e-10,0.9163428503403425,0.92028402978787,-44.90687484453905,standard-halo-model-uncompensated,scale_dependent_camb
6,0.21083225,0.2483836,3000,3019,3009.5110465116277,4.698482601746606e-07,4.2932920048041094e-07,4.311739763520468e-07,3.0699580553846007e-09,1.0853940794603588e-09,0.9137613924989587,0.9176877151609818,-37.331196531305125,standard-halo-model-uncompensated,scale_dependent_camb
6,0.21083225,0.2483836,3020,3039,3029.5109735973597,4.6511750608773126e-07,4.24964467162426e-07,4.2679088505066163e-07,2.2386582826117293e-09,7.914852261970921e-10,0.9136711940536344,0.917597982154126,-50.7312551091213,standard-halo-model-uncompensated,scale_dependent_camb
6,0.21083225,0.2483836,3040,3059,3049.5109016393444,4.604518651936718e-07,4.2102269392562063e-07,4.228295133684133e-07,2.9630226596894766e-09,1.0475867077379143e-09,0.9143685274214998,0.9182925411553408,-37.63809809423011,standard-halo-model-uncompensated,scale_dependent_camb
6,0.21083225,0.2483836,3060,3079,3069.5108306188927,4.558505035146402e-07,4.1767553656723946e-07,4.1947190321965005e-07,1.9909077918348727e-09,7.038922001617868e-10,0.9162555121622791,0.9201962046449252,-54.234109908628575,standard-halo-model-uncompensated,scale_dependent_camb
6,0.21083225,0.2483836,3080,3099,3089.5107605177996,4.5131257988291815e-07,4.1143683588621726e-07,4.1320932044680956e-07,1.0185886781934001e-09,3.601254807951976e-10,0.9116449534665183,0.9155723524347725,-110.72736066509583,standard-halo-model-uncompensated,scale_dependent_camb
6,0.21083225,0.2483836,3100,3119,3109.510691318328,4.468372700317785e-07,4.089028014911317e-07,4.1065971065668374e-07,2.252965791146759e-09,7.965436943505941e-10,0.915104511004758,0.9190363879617252,-47.623838854909295,standard-halo-model-uncompensated,scale_dependent_camb
6,0.21083225,0.2483836,3120,3139,3129.5106230031947,4.4242376020402805e-07,4.0561319126195926e-07,4.0735701765938216e-07,2.117025121562735e-09,7.484814096996425e-10,0.9167979384174728,0.920739468132375,-49.18033830237744,standard-halo-model-uncompensated,scale_dependent_camb
6,0.21083225,0.2483836,3140,3159,3149.5105555555556,4.3807123502616293e-07,4.010104574529602e-07,4.027339321652372e-07,2.0901944427017697e-09,7.389953322164289e-10,0.9154001116485329,0.9193343455686716,-50.15021875990517,standard-halo-model-uncompensated,scale_dependent_camb
6,0.21083225,0.2483836,3160,3179,3169.5104889589907,4.3377891279662356e-07,3.9762804832489797e-07,3.9933789550173813e-07,1.8236299997066057e-09,6.447505695838812e-10,0.9166606227152521,0.9206023707495596,-56.06953475831309,standard-halo-model-uncompensated,scale_dependent_camb
6,0.21083225,0.2483836,3180,3199,3189.510423197492,4.2954598549358873e-07,3.9233408838943983e-07,3.9401705344465586e-07,3.1857145554593664e-09,1.1263201825450028e-09,0.9133692355164513,0.9172872445586779,-33.03847136971824,standard-halo-model-uncompensated,scale_dependent_camb
6,0.21083225,0.2483836,3200,3219,3209.5103582554516,4.253716504969446e-07,3.899305961379882e-07,3.916054718301338e-07,2.598098211821296e-09,9.185664318837407e-10,0.9166821429741451,0.920619583774887,-38.58300622446654,standard-halo-model-uncompensated,scale_dependent_camb
6,0.21083225,0.2483836,3220,3239,3229.510294117647,4.2125512823652263e-07,3.8665917965127393e-07,3.883191006516577e-07,2.5882623023829967e-09,9.150889127522616e-10,0.9178741188740518,0.921814536186792,-37.8061061642594,standard-halo-model-uncompensated,scale_dependent_camb
6,0.21083225,0.2483836,3240,3259,3249.510230769231,4.171956654058101e-07,3.81835409345886e-07,3.834764758350971e-07,2.282605868144517e-09,8.070230440705971e-10,0.9152429926961757,0.9191765582273871,-43.815670840783106,standard-halo-model-uncompensated,scale_dependent_camb
6,0.21083225,0.2483836,3260,3279,3269.5101681957185,4.131924910643813e-07,3.78079988014047e-07,3.797062007915448e-07,2.0153518116745615e-09,7.125344662558381e-10,0.9150214396203457,0.9189571664611426,-49.27832226115369,standard-halo-model-uncompensated,scale_dependent_camb
6,0.21083225,0.2483836,3280,3299,3289.510106382979,4.092448207459458e-07,3.751744495649602e-07,3.7679076939385837e-07,1.107969248178277e-09,3.9172628436651024e-10,0.9167481921484449,0.9206977102534072,-86.97494281264105,standard-halo-model-uncompensated,scale_dependent_camb
6,0.21083225,0.2483836,3300,3319,3309.5100453172204,4.0535190458989533e-07,3.711042292749451e-07,3.7269902893311994e-07,2.1587002844562863e-09,7.632158048441845e-10,0.9155112510212591,0.9194456093901641,-44.872859154092204,standard-halo-model-uncompensated,scale_dependent_camb
6,0.21083225,0.2483836,3320,3339,3329.509984984985,4.0151304191505877e-07,3.6754154605923335e-07,3.691199628980113e-07,2.223506894438702e-09,7.861284015363234e-10,0.9153913016279751,0.9193224736547903,-43.213673223655626,standard-halo-model-uncompensated,scale_dependent_camb
6,0.21083225,0.2483836,3340,3359,3349.509925373134,3.977274478786746e-07,3.638361060131148e-07,3.6540108182678704e-07,1.8877710094231616e-09,6.674278410452457e-10,0.9147875208353781,0.9187223154340893,-50.77903524744076,standard-halo-model-uncompensated,scale_dependent_camb
6,0.21083225,0.2483836,3360,3379,3369.5098664688426,3.9399438867214715e-07,3.6100215656535987e-07,3.6255226347161474e-07,2.4228814106886205e-09,8.566179377543759e-10,0.9162621776975587,0.9201965152181489,-38.51452398169062,standard-halo-model-uncompensated,scale_dependent_camb
6,0.21083225,0.2483836,3380,3399,3389.509808259587,3.903131887582366e-07,3.578381694717674e-07,3.5937811137963335e-07,1.5464400115789099e-09,5.467491094428251e-10,0.9167975353592662,0.9207429360073079,-59.39656549155332,standard-halo-model-uncompensated,scale_dependent_camb
6,0.21083225,0.2483836,3400,3419,3409.509750733138,3.866830992652854e-07,3.5476121084056916e-07,3.562874063069843e-07,2.2912949109643057e-09,8.100950846205436e-10,0.9174469003549179,0.9213937898603424,-39.405113091963486,standard-halo-model-uncompensated,scale_dependent_camb
6,0.21083225,0.2483836,3420,3439,3429.509693877551,3.8310339249809334e-07,3.505613975188915e-07,3.520688499096297e-07,1.7476178801104887e-09,6.178762269744926e-10,0.9150568864269094,0.9189917312240504,-52.667498049808025,standard-halo-model-uncompensated,scale_dependent_camb
6,0.21083225,0.2483836,3440,3459,3449.5096376811593,3.7957343141972135e-07,3.4744742501565336e-07,3.48937447927243e-07,2.7701108189266016e-09,9.793820723506102e-10,0.9153628685656242,0.9192883880784534,-32.802322312233585,standard-halo-model-uncompensated,scale_dependent_camb
6,0.21083225,0.2483836,3460,3479,3469.509582132565,3.760924710769743e-07,3.447232014077963e-07,3.4620518836819865e-07,1.9447830570244233e-09,6.875846437793368e-10,0.9165916042420383,0.9205320898256996,-45.62241165939306,standard-halo-model-uncompensated,scale_dependent_camb
6,0.21083225,0.2483836,3480,3499,3489.5095272206304,3.72659824107365e-07,3.4212287612419223e-07,3.435924653711862e-07,2.012493760081145e-09,7.115239924244952e-10,0.9180567745495019,0.9220002885854301,-42.91766448959665,standard-halo-model-uncompensated,scale_dependent_camb
6,0.21083225,0.2483836,3500,3519,3509.509472934473,3.6927487604374203e-07,3.394256777660065e-07,3.4088600483746236e-07,1.3826255868461065e-09,4.888319641504559e-10,0.9191680771854087,0.9231226572724733,-61.06228820288096,standard-halo-model-uncompensated,scale_dependent_camb
6,0.21083225,0.2483836,3520,3539,3529.509419263456,3.659368759343354e-07,3.359101328804834e-07,3.3735242000940236e-07,2.159141838691107e-09,7.633719178410362e-10,0.9179455664937138,0.9218869214753248,-39.3343563629816,standard-halo-model-uncompensated,scale_dependent_camb
6,0.21083225,0.2483836,3540,3559,3549.509366197183,3.6264522503785525e-07,3.3241662724418965e-07,3.338464264086616e-07,1.9713454194177857e-09,6.969758570656775e-10,0.9166441587904263,0.9205868528223763,-43.37108306868813,standard-halo-model-uncompensated,scale_dependent_camb
6,0.21083225,0.2483836,3560,3579,3569.5093137254903,3.5939924797771454e-07,3.299653798767272e-07,3.313832401773172e-07,2.2991194660456136e-09,8.128614825994238e-10,0.9181025885095552,0.9220476727259748,-36.210189227888726,standard-halo-model-uncompensated,scale_dependent_camb
6,0.21083225,0.2483836,3580,3599,3589.50926183844,3.5619827268762024e-07,3.2794271740782065e-07,3.2935296672790494e-07,1.7646249960996151e-09,6.238891504966614e-10,0.9206746426179915,0.9246338120700036,-45.28938395114917,standard-halo-model-uncompensated,scale_dependent_camb
6,0.21083225,0.2483836,3600,3619,3609.5092105263157,3.5304173065116914e-07,3.241928488654269e-07,3.2558701131991286e-07,1.777563590773174e-09,6.284636345130102e-10,0.9182847825594673,0.922233784429344,-45.90382036678531,standard-halo-model-uncompensated,scale_dependent_camb
6,0.21083225,0.2483836,3620,3639,3629.5091597796145,3.4992890103482443e-07,3.2133016117039516e-07,3.2271168069274205e-07,1.510190730787729e-09,5.339330533125354e-10,0.9182727126000285,0.9222207132317608,-53.56240765954064,standard-halo-model-uncompensated,scale_dependent_camb
6,0.21083225,0.2483836,3640,3659,3649.509109589041,3.4685925656805727e-07,3.1951939292151463e-07,3.208943887139268e-07,1.317832991086397e-09,4.659243222342712e-10,0.9211787976568581,0.9251429294087877,-58.67876464452075,standard-halo-model-uncompensated,scale_dependent_camb
6,0.21083225,0.2483836,3660,3679,3669.5090599455043,3.438320918664897e-07,3.159523455863453e-07,3.173086655151263e-07,2.2979016348656796e-09,8.124309142565879e-10,0.9189146477607736,0.9228593636871382,-34.316451763354735,standard-halo-model-uncompensated,scale_dependent_camb
6,0.21083225,0.2483836,3680,3699,3689.509010840108,3.4084687650876116e-07,3.138123959892907e-07,3.151626808009225e-07,1.1198247683003303e-09,3.959178437029089e-10,0.9206843823937005,0.9246459408080318,-68.28305657210228,standard-halo-model-uncompensated,scale_dependent_camb
6,0.21083225,0.2483836,3700,3719,3709.508962264151,3.3790295203633596e-07,3.1114633907422125e-07,3.1248347686083547e-07,1.631587666607309e-09,5.768533515791819e-10,0.9208156874603526,0.9247728526125245,-46.38373494557386,standard-halo-model-uncompensated,scale_dependent_camb
6,0.21083225,0.2483836,3720,3739,3729.508914209115,3.3499976877966437e-07,3.084466696454744e-07,3.0977071076367816e-07,2.1549880405990626e-09,7.61903328441754e-10,0.9207369628017431,0.9246893270765812,-34.851008183015054,standard-halo-model-uncompensated,scale_dependent_camb
6,0.21083225,0.2483836,3740,3759,3749.5088666666666,3.321367140950622e-07,3.0595806078543637e-07,3.0727256228790576e-07,2.1759953948527244e-09,7.693305497655302e-10,0.921181091404026,0.9251388035348601,-34.02783539221772,standard-halo-model-uncompensated,scale_dependent_camb
6,0.21083225,0.2483836,3760,3779,3769.5088196286474,3.2931323155173333e-07,3.0321888504449196e-07,3.045240215342016e-07,1.8514354323482227e-09,6.545812745712379e-10,0.9207613177755292,0.9247245247306819,-39.86418115051278,standard-halo-model-uncompensated,scale_dependent_camb
6,0.21083225,0.2483836,3780,3799,3789.5087730870714,3.2652873391785243e-07,3.0085082495226797e-07,3.0214418285699687e-07,1.3770999210773798e-09,4.868783462826373e-10,0.9213609514314766,0.9253218827994777,-52.739886999776736,standard-halo-model-uncompensated,scale_dependent_camb
6,0.21083225,0.2483836,3800,3819,3809.5087270341205,3.237826789743629e-07,2.9833773884158733e-07,2.996219979728661e-07,8.95725204229837e-10,3.1668668299531144e-10,0.9214135227573731,0.925379945962428,-80.34736381116561,standard-halo-model-uncompensated,scale_dependent_camb
6,0.21083225,0.2483836,3820,3839,3829.508681462141,3.210744858856508e-07,2.9604977713047695e-07,2.973229103026493e-07,1.3537763286259273e-09,4.786322110906106e-10,0.9220594913166464,0.9260247181662996,-52.28379573149199,standard-halo-model-uncompensated,scale_dependent_camb
6,0.21083225,0.2483836,3840,3859,3849.5086363636365,3.1840364569116754e-07,2.936896367611243e-07,2.9495356229516227e-07,1.0517545748278877e-09,3.7185139600238674e-10,0.9223815139541011,0.9263510838731085,-66.46205768146316,standard-halo-model-uncompensated,scale_dependent_camb
6,0.21083225,0.2483836,3860,3879,3869.5085917312663,3.157695654385783e-07,2.9104188059482776e-07,2.9229269006852184e-07,1.36426213548444e-09,4.82339503658544e-10,0.9216907278274086,0.9256518742157782,-51.26614066687697,standard-halo-model-uncompensated,scale_dependent_camb
6,0.21083225,0.2483836,3880,3899,3889.5085475578408,3.13171783282645e-07,2.893027746551683e-07,2.905488789705e-07,6.478405220666278e-10,2.2904621314037284e-10,0.9237830165371753,0.9277619967066851,-104.21044862613974,standard-halo-model-uncompensated,scale_dependent_camb
6,0.21083225,0.2483836,3900,3919,3909.5085038363172,3.1060968660741937e-07,2.859496037951396e-07,2.871771191344186e-07,1.9921230012993883e-09,7.043218415882474e-10,0.9206074894777905,0.9245594439473575,-35.012520351024776,standard-halo-model-uncompensated,scale_dependent_camb
6,0.21083225,0.2483836,3920,3939,3929.5084605597963,3.080828562034315e-07,2.848413875760047e-07,2.860654666592798e-07,1.6251752543468698e-09,5.745862214826219e-10,0.9245609804004149,0.9285341942895605,-40.44905317683421,standard-halo-model-uncompensated,scale_dependent_camb
6,0.21083225,0.2483836,3940,3959,3949.508417721519,3.055906782251129e-07,2.823642392157939e-07,2.8357811790037607e-07,1.4535657046084817e-09,5.139130833144297e-10,0.9239949361537484,0.9279671734341277,-45.195266988578105,standard-halo-model-uncompensated,scale_dependent_camb
6,0.21083225,0.2483836,3960,3979,3969.5083753148615,3.031327397764595e-07,2.8009465006814554e-07,2.813000546208436e-07,1.020276047984492e-09,3.607220561060228e-10,0.9239999951001563,0.9279764859060883,-63.86659567482242,standard-halo-model-uncompensated,scale_dependent_camb
6,0.21083225,0.2483836,3980,3999,3989.508333333333,3.007084841370364e-07,2.785026341865376e-07,2.797019785647005e-07,1.3584850920566245e-09,4.802970103670352e-10,0.9261548937861717,0.9301432893301308,-46.233579371084204,standard-halo-model-uncompensated,scale_dependent_camb
6,0.21083225,0.2483836,4000,4019,4009.5082917705736,2.9831743615238197e-07,2.7606009248081784e-07,2.77247709408358e-07,1.6639910905224544e-09,5.883096919712128e-10,0.9253904030597965,0.9293714540598912,-37.832699299900746,standard-halo-model-uncompensated,scale_dependent_camb
6,0.21083225,0.2483836,4020,4039,4029.5082506203476,2.9595915026095994e-07,2.7463871121153516e-07,2.7581880567104194e-07,1.8425726722071229e-09,6.514478156733371e-10,0.9279615479682732,0.9319489038532535,-32.72777732378756,standard-halo-model-uncompensated,scale_dependent_camb
6,0.21083225,0.2483836,4040,4059,4049.5082098765433,2.9363307133208936e-07,2.7146605913563415e-07,2.7263280986221156e-07,1.5906742089844096e-09,5.623882599157117e-10,0.9245077807622526,0.9284812798006421,-39.415851603619025,standard-halo-model-uncompensated,scale_dependent_camb
6,0.21083225,0.2483836,4060,4079,4069.5081695331696,2.9133881731687244e-07,2.7014985815951757e-07,2.713111114608874e-07,1.5266775255715278e-09,5.397620155083631e-10,0.9272703879541432,0.931256308237834,-39.256113895674034,standard-halo-model-uncompensated,scale_dependent_camb
6,0.21083225,0.2483836,4080,4096,4088.005870123517,2.892444086980907e-07,2.687522197974915e-07,2.699067880691883e-07,1.6274157876602491e-09,5.753783696323043e-10,0.9291526878848377,0.9331443580329094,-35.61515340539258,standard-halo-model-uncompensated,scale_dependent_camb
7,0.17404257,0.21083225,20,39,30.608333333333334,0.00012600530529592764,0.0001196990192354748,0.00011946266495187824,3.439837722984927e-06,1.2161662900519672e-06,0.949952217919378,0.9480764692511653,-5.185381400584098,standard-halo-model-uncompensated,scale_dependent_camb
7,0.17404257,0.21083225,40,59,50.165,8.242502983614687e-05,7.866057513078388e-05,7.849829378009348e-05,2.3586344243929798e-06,8.339031979141525e-07,0.9543287431882479,0.952359907374503,-4.514258627115286,standard-halo-model-uncompensated,scale_dependent_camb
7,0.17404257,0.21083225,60,79,69.975,5.639055776315712e-05,5.2495367601149917e-05,5.238885477217906e-05,1.0168392144839964e-06,3.5950695196901805e-07,0.9309247803795951,0.92903593882179,-10.834811790629537,standard-halo-model-uncompensated,scale_dependent_camb
7,0.17404257,0.21083225,80,99,89.86944444444444,4.006355139199978e-05,3.792649216302823e-05,3.784906026386041e-05,5.945871958934269e-07,2.102183191114681e-07,0.9466582678090216,0.9447255410167763,-10.165903894600053,standard-halo-model-uncompensated,scale_dependent_camb
7,0.17404257,0.21083225,100,119,109.80227272727272,3.051393209590672e-05,2.8817921556582058e-05,2.876085446363393e-05,4.167145699117095e-07,1.4733084910190271e-07,0.9444184861526853,0.9425482882126505,-11.511577851231955,standard-halo-model-uncompensated,scale_dependent_camb
7,0.17404257,0.21083225,120,139,129.75576923076923,2.3490941015641142e-05,2.2197817130045388e-05,2.2152903143142047e-05,3.857409001632623e-07,1.363800031432229e-07,0.9449522313842283,0.9430402608559538,-9.481770463355598,standard-halo-model-uncompensated,scale_dependent_camb
7,0.17404257,0.21083225,140,159,149.72166666666666,1.904762489504302e-05,1.8198777215535875e-05,1.8162429581648665e-05,4.073599093812385e-07,1.440234771535056e-07,0.9554355105067167,0.9535272603134515,-5.893814649415893,standard-halo-model-uncompensated,scale_dependent_camb
7,0.17404257,0.21083225,160,179,169.6955882352941,1.5583464169389035e-05,1.5038921977430078e-05,1.5008094112886022e-05,4.0801682554992285e-07,1.442557320922795e-07,0.9650564094067984,0.9630781673285953,-3.7748391974512048,standard-halo-model-uncompensated,scale_dependent_camb
7,0.17404257,0.21083225,180,199,189.675,1.3166162456669012e-05,1.2664576738215802e-05,1.2639456476268653e-05,1.6552540489808527e-07,5.852206813104253e-08,0.9619034232560951,0.9599954821965935,-8.570881625886148,standard-halo-model-uncompensated,scale_dependent_camb
7,0.17404257,0.21083225,200,219,209.65833333333333,1.1252740912607213e-05,1.0832364448155869e-05,1.0810165831410742e-05,1.9357787397008026e-07,6.84401136859593e-08,0.9626423048645537,0.9606695751165278,-6.142252573984049,standard-halo-model-uncompensated,scale_dependent_camb
7,0.17404257,0.21083225,220,239,229.64456521739132,9.808517868083279e-06,9.512429215683648e-06,9.492749618426668e-06,2.2451736925272007e-07,7.93788771463812e-08,0.9698131097499351,0.9678067314650959,-3.7300685401938676,standard-halo-model-uncompensated,scale_dependent_camb
7,0.17404257,0.21083225,240,259,249.633,8.650369875704683e-06,8.232851370874641e-06,8.216339645466544e-06,1.428260081032363e-07,5.049661942980159e-08,0.9517340286219808,0.9498252402527722,-8.268246657787856,standard-halo-model-uncompensated,scale_dependent_camb
7,0.17404257,0.21083225,260,279,269.6231481481482,7.729868111810151e-06,7.319903268997041e-06,7.305128715450332e-06,1.168128109354904e-07,4.129956537097367e-08,0.9469635397547416,0.9450521806819864,-9.926613975972804,standard-halo-model-uncompensated,scale_dependent_camb
7,0.17404257,0.21083225,280,299,289.6146551724138,6.978026290879904e-06,6.627186428771531e-06,6.613777143099752e-06,8.878091272889713e-08,3.1388792715267116e-08,0.9497221925679885,0.9478005480924864,-11.177233393169937,standard-halo-model-uncompensated,scale_dependent_camb
7,0.17404257,0.21083225,300,319,309.60725806451615,6.360177295794654e-06,5.97443527797472e-06,5.962320147127317e-06,1.1922338572666922e-07,4.215183226167362e-08,0.9393504300461896,0.9374455883595572,-9.1512514906895,standard-halo-model-uncompensated,scale_dependent_camb
7,0.17404257,0.21083225,320,339,329.6007575757576,5.8452981896587204e-06,5.481077075861423e-06,5.469952022992468e-06,1.0115707600995185e-07,3.576442720581999e-08,0.937689900159129,0.935786652025674,-10.18389338940754,standard-halo-model-uncompensated,scale_dependent_camb
7,0.17404257,0.21083225,340,359,349.595,5.412212353554884e-06,4.956522513547049e-06,4.946515107393284e-06,8.402467770258952e-08,2.9707209695257573e-08,0.9158034071393141,0.9139543654720572,-15.339368613962456,standard-halo-model-uncompensated,scale_dependent_camb
7,0.17404257,0.21083225,360,379,369.58986486486486,5.044503612966795e-06,4.589837226353831e-06,4.580492801862473e-06,7.547164292983918e-08,2.6683255251489518e-08,0.9098689541138888,0.9080165568894447,-17.039389771890118,standard-halo-model-uncompensated,scale_dependent_camb
7,0.17404257,0.21083225,380,399,389.5852564102564,4.729861251816947e-06,4.237311698233279e-06,4.228762747667637e-06,7.029349605828573e-08,2.4852503868061842e-08,0.8958638472969037,0.8940564051520928,-19.81891064974936,standard-halo-model-uncompensated,scale_dependent_camb
7,0.17404257,0.21083225,400,419,409.5810975609756,4.4579883347242e-06,3.977999208286273e-06,3.969819321203912e-06,7.913484496933663e-08,2.797839275298204e-08,0.8923305557578085,0.8904956727414834,-17.155707644670485,standard-halo-model-uncompensated,scale_dependent_camb
7,0.17404257,0.21083225,420,439,429.57732558139537,4.221411084544713e-06,3.741982797878443e-06,3.7343098774267667e-06,6.899400490544033e-08,2.439306436492739e-08,0.8864293770342488,0.8846117572151869,-19.654286951974647,standard-halo-model-uncompensated,scale_dependent_camb
7,0.17404257,0.21083225,440,459,449.5738888888889,4.014181483221549e-06,3.514692963236046e-06,3.5076139815822245e-06,4.0273111457291454e-08,1.4238695105466213e-08,0.8755690239533857,0.8738055307771528,-35.07965556434666,standard-halo-model-uncompensated,scale_dependent_camb
7,0.17404257,0.21083225,460,479,469.5707446808511,3.831512254074245e-06,3.322648707365816e-06,3.3158887422246106e-06,5.26874021571507e-08,1.8627809674211996e-08,0.8671898944947055,0.8654255871682661,-27.317411741268256,standard-halo-model-uncompensated,scale_dependent_camb
7,0.17404257,0.21083225,480,499,489.5678571428571,3.6695076845002573e-06,3.1623899046187205e-06,3.1560145417304038e-06,4.509583067493e-08,1.5943783836741663e-08,0.8618022297586222,0.8600648405946082,-31.806614105800215,standard-halo-model-uncompensated,scale_dependent_camb
7,0.17404257,0.21083225,500,519,509.56519607843137,3.5249705136431117e-06,3.0127553771545403e-06,3.0066390669008024e-06,4.566116101628335e-08,1.614365829573239e-08,0.8546895259106184,0.8529543879200834,-31.728566543308,standard-halo-model-uncompensated,scale_dependent_camb
7,0.17404257,0.21083225,520,539,529.5627358490566,3.3952805966286092e-06,2.8853809942732713e-06,2.8794593235995478e-06,5.29699689077331e-08,1.8727712106949326e-08,0.8498210713831281,0.8480769826384148,-27.227009868767077,standard-halo-model-uncompensated,scale_dependent_camb
7,0.17404257,0.21083225,540,559,549.5604545454545,3.2782796558942423e-06,2.776860043779032e-06,2.771160778827434e-06,5.3005674261510775e-08,1.8740335855839756e-08,0.847047944426073,0.8453094518171979,-26.75617000529694,standard-halo-model-uncompensated,scale_dependent_camb
7,0.17404257,0.21083225,560,579,569.5583333333333,3.172178326857959e-06,2.6595899344797667e-06,2.654144753536302e-06,5.283445929437356e-08,1.867980222368808e-08,0.838411230529429,0.8366946873901729,-27.440782629281426,standard-halo-model-uncompensated,scale_dependent_camb
7,0.17404257,0.21083225,580,599,589.5563559322034,3.0754839806654638e-06,2.578535861905656e-06,2.573331530169301e-06,3.456662479765022e-08,1.222114739857477e-08,0.8384162876854655,0.8367240884189198,-40.66296744099182,standard-halo-model-uncompensated,scale_dependent_camb
7,0.17404257,0.21083225,600,619,609.5545081967213,2.9869458381536816e-06,2.516658937916275e-06,2.5114994870248303e-06,4.3126504282852545e-08,1.5247521813637858e-08,0.842552585242689,0.8408252519828955,-30.843497453911983,standard-halo-model-uncompensated,scale_dependent_camb
7,0.17404257,0.21083225,620,639,629.5527777777778,2.905510153000132e-06,2.4254564785012646e-06,2.4204461842326558e-06,4.939622669587678e-08,1.746420343084122e-08,0.8347781803470278,0.8330537691404674,-27.487865472931226,standard-halo-model-uncompensated,scale_dependent_camb
7,0.17404257,0.21083225,640,659,649.5511538461539,2.8302832921881885e-06,2.3710065715717443e-06,2.3661583472083397e-06,3.9771982148601423e-08,1.406151913925319e-08,0.8377276501316723,0.8360146681214311,-32.66195608512584,standard-halo-model-uncompensated,scale_dependent_camb
7,0.17404257,0.21083225,660,679,669.5496268656716,2.7605038213220376e-06,2.295612113610821e-06,2.29082147945181e-06,5.5299568398396607e-08,1.955134990559777e-08,0.8315917173812951,0.8298562971576359,-23.77798514966543,standard-halo-model-uncompensated,scale_dependent_camb
7,0.17404257,0.21083225,680,699,689.5481884057971,2.695520179867457e-06,2.249611463916233e-06,2.244991350814706e-06,3.9112263799587026e-08,1.3828273480122553e-08,0.8345741503693177,0.8328601535177881,-32.24615976768141,standard-halo-model-uncompensated,scale_dependent_camb
7,0.17404257,0.21083225,700,719,709.5468309859154,2.634772900990228e-06,2.2163648096744053e-06,2.211722028534714e-06,5.4027398873525636e-08,1.9101570056670206e-08,0.8411976640724625,0.839435545926361,-21.904382209132372,standard-halo-model-uncompensated,scale_dependent_camb
7,0.17404257,0.21083225,720,739,729.5455479452055,2.5777797766305534e-06,2.1599850644270025e-06,2.1555872471533957e-06,3.805523409025259e-08,1.3454557042429541e-08,0.8379245907694818,0.8362185422879643,-31.052282946663848,standard-halo-model-uncompensated,scale_dependent_camb
7,0.17404257,0.21083225,740,759,749.5443333333334,2.5241235889849868e-06,2.1082406158664707e-06,2.1038140892595053e-06,5.330420539869596e-08,1.8845882551589243e-08,0.8352366837608958,0.8334829952227107,-22.06757746579745,standard-halo-model-uncompensated,scale_dependent_camb
7,0.17404257,0.21083225,760,779,769.5431818181818,2.473442125360308e-06,2.0827862337864406e-06,2.078619172863182e-06,2.538556418407099e-08,8.97515228940147e-09,0.8420598211826119,0.8403750997652262,-43.52638027492671,standard-halo-model-uncompensated,scale_dependent_camb
7,0.17404257,0.21083225,780,799,789.5420886075949,2.4254203044505437e-06,2.043881521889887e-06,2.0396652661659703e-06,3.8828905211246274e-08,1.3728091090460956e-08,0.8426916844636994,0.8409533236046844,-27.792559070777944,standard-halo-model-uncompensated,scale_dependent_camb
7,0.17404257,0.21083225,800,819,809.5410493827161,2.379783397899907e-06,2.0214191282732733e-06,2.017195144220213e-06,4.513849485549943e-08,1.5958867902438866e-08,0.8494130726590998,0.8476381279070742,-22.455494450948358,standard-halo-model-uncompensated,scale_dependent_camb
7,0.17404257,0.21083225,820,839,829.5400602409638,2.336291233493643e-06,1.9777445168972936e-06,1.97372669267617e-06,2.5839746658062908e-08,9.135730043029355e-09,0.8465316688877927,0.8448119242928026,-39.246640926077255,standard-halo-model-uncompensated,scale_dependent_camb
7,0.17404257,0.21083225,840,859,849.5391176470588,2.294733275158185e-06,1.956828545411312e-06,1.9528136055850777e-06,3.4874598083837326e-08,1.2330032398118375e-08,0.8527477099822942,0.8509980775218691,-27.405015561714084,standard-halo-model-uncompensated,scale_dependent_camb
7,0.17404257,0.21083225,860,879,869.5382183908046,2.2549245939858023e-06,1.9259564947511325e-06,1.9220312531265787e-06,2.7542066559650792e-08,9.73759101611016e-09,0.854111263803644,0.8523705219468994,-33.78331444506298,standard-halo-model-uncompensated,scale_dependent_camb
7,0.17404257,0.21083225,880,899,889.5373595505617,2.216702422718807e-06,1.8994408269382864e-06,1.8955649061741314e-06,2.8903068731153344e-08,1.0218777948449695e-08,0.8568767767252241,0.8551282692465336,-31.046921401071522,standard-halo-model-uncompensated,scale_dependent_camb
7,0.17404257,0.21083225,900,919,909.5365384615385,2.179923168269313e-06,1.8667593334346787e-06,1.8628734131670281e-06,3.936953005840907e-08,1.3919230838214334e-08,0.8563418016776886,0.8545592066191959,-22.49864511010649,standard-halo-model-uncompensated,scale_dependent_camb
7,0.17404257,0.21083225,920,939,929.535752688172,2.144459958431073e-06,1.8366503400829887e-06,1.832873396293361e-06,3.189803506829369e-08,1.1277658451658383e-08,0.8564628744230395,0.8547016180401548,-27.293752481289314,standard-halo-model-uncompensated,scale_dependent_camb
7,0.17404257,0.21083225,940,959,949.535,2.110200460831975e-06,1.8136507252016952e-06,1.8099362203014464e-06,2.8504542040028136e-08,1.0077877485560459e-08,0.8594684528154444,0.8577081911866585,-29.425812732410662,standard-halo-model-uncompensated,scale_dependent_camb
7,0.17404257,0.21083225,960,979,969.5342783505155,2.07704509988023e-06,1.7860875046002377e-06,1.7824314501660795e-06,2.8167389026073208e-08,9.958675894327952e-09,0.8599175360723896,0.8581573169830838,-29.2164940768591,standard-halo-model-uncompensated,scale_dependent_camb
7,0.17404257,0.21083225,980,999,989.5335858585859,2.0449053966199707e-06,1.771489050255279e-06,1.7678486717808853e-06,3.13715309884537e-08,1.1091511149069762e-08,0.8662938897727874,0.8645136712451181,-24.65095537388726,standard-halo-model-uncompensated,scale_dependent_camb
7,0.17404257,0.21083225,1000,1019,1009.5329207920792,2.013702661963226e-06,1.7436840076262568e-06,1.740108229416533e-06,3.1791841339384354e-08,1.1240113298742743e-08,0.8659093721047579,0.8641336490661652,-24.022769803145316,standard-halo-model-uncompensated,scale_dependent_camb
7,0.17404257,0.21083225,1020,1039,1029.532281553398,1.9833668016316525e-06,1.723469062357282e-06,1.7199288250857884e-06,2.885699194897032e-08,1.020248734588126e-08,0.8689613343025804,0.8671763708411666,-25.47395850280482,standard-halo-model-uncompensated,scale_dependent_camb
7,0.17404257,0.21083225,1040,1059,1049.5316666666668,1.9538352534449584e-06,1.6957060071045613e-06,1.6922115095587347e-06,3.255638414120636e-08,1.1510419998580596e-08,0.8678858691461988,0.8660973368021001,-22.42570178779125,standard-halo-model-uncompensated,scale_dependent_camb
7,0.17404257,0.21083225,1060,1079,1069.5310747663552,1.925052205730979e-06,1.677574399641503e-06,1.6741783884751308e-06,2.108049723668663e-08,7.453081273422695e-09,0.87144358716469,0.8696794733623411,-33.204764178806045,standard-halo-model-uncompensated,scale_dependent_camb
7,0.17404257,0.21083225,1080,1099,1089.530504587156,1.8969677019508303e-06,1.6639674256930394e-06,1.6605159965449988e-06,3.468289482717175e-08,1.2262255061736487e-08,0.8771722491541765,0.8753528037600925,-19.00142144203574,standard-halo-model-uncompensated,scale_dependent_camb
7,0.17404257,0.21083225,1100,1119,1109.529954954955,1.8695370035858225e-06,1.644520275193042e-06,1.6411386881087194e-06,3.106076852952692e-08,1.0981640028047095e-08,0.8796403986863098,0.8778316155074605,-20.490266282457632,standard-halo-model-uncompensated,scale_dependent_camb
7,0.17404257,0.21083225,1120,1139,1129.529424778761,1.842720044407406e-06,1.6206400656254739e-06,1.6172663889416497e-06,3.437534456290834e-08,1.21535196230283e-08,0.879482518543206,0.877651705070447,-18.27289424547753,standard-halo-model-uncompensated,scale_dependent_camb
7,0.17404257,0.21083225,1140,1159,1149.5289130434783,1.8164808460077284e-06,1.5991713482502609e-06,1.5958748177645835e-06,2.9194934820806875e-08,1.03219681940459e-08,0.8803678562121524,0.8785530666464256,-21.053106701376954,standard-halo-model-uncompensated,scale_dependent_camb
7,0.17404257,0.21083225,1160,1179,1169.5284188034188,1.7907870775504383e-06,1.5830380280733715e-06,1.5798024275336599e-06,2.4247321322196872e-08,8.572722666267286e-09,0.8839900890053103,0.8821832854046625,-24.233730352031138,standard-halo-model-uncompensated,scale_dependent_camb
7,0.17404257,0.21083225,1180,1199,1189.5279411764707,1.7656096497782562e-06,1.5557714081306655e-06,1.5525730415194367e-06,2.546028171895218e-08,9.001568927195487e-09,0.8811525290009915,0.8793410489767232,-23.311296435627874,standard-halo-model-uncompensated,scale_dependent_camb
7,0.17404257,0.21083225,1200,1219,1209.527479338843,1.7409223627006582e-06,1.5470990604463186e-06,1.5439244325018694e-06,2.6455078155778606e-08,9.353282580385578e-09,0.888666314818505,0.8868427826424208,-20.72248973433127,standard-halo-model-uncompensated,scale_dependent_camb
7,0.17404257,0.21083225,1220,1239,1229.5270325203253,1.7167016022819115e-06,1.5208061915491658e-06,1.51769923919225e-06,2.281583257425402e-08,8.06661496583597e-09,0.8858884907707004,0.8840786524430692,-24.284710694933292,standard-halo-model-uncompensated,scale_dependent_camb
7,0.17404257,0.21083225,1240,1259,1249.5266,1.6929260946390026e-06,1.5062739086931778e-06,1.5031768708880772e-06,2.7519519043593497e-08,9.729619265358647e-09,0.8897458155220731,0.8879164162264347,-19.18391468928097,standard-halo-model-uncompensated,scale_dependent_camb
7,0.17404257,0.21083225,1260,1279,1269.5261811023622,1.66957650014506e-06,1.4810304639662382e-06,1.4779984757933448e-06,2.4448895015084835e-08,8.643989728842232e-09,0.8870695435863885,0.8852535212761619,-21.812385494825843,standard-halo-model-uncompensated,scale_dependent_camb
7,0.17404257,0.21083225,1280,1299,1289.5257751937984,1.6466354722417493e-06,1.4676913523500473e-06,1.4646548767595212e-06,3.0251533901585104e-08,1.069553238155278e-08,0.8913274231557241,0.8894833747055882,-16.730735180638373,standard-halo-model-uncompensated,scale_dependent_camb
7,0.17404257,0.21083225,1300,1319,1309.5253816793893,1.6240871516620517e-06,1.454241741567946e-06,1.4512485763547349e-06,2.6494731853619274e-08,9.367302279706706e-09,0.8954210000859314,0.8935780169614432,-18.131731529797875,standard-halo-model-uncompensated,scale_dependent_camb
7,0.17404257,0.21083225,1320,1339,1329.525,1.6019172154239279e-06,1.431577662188841e-06,1.4286701688260623e-06,1.8395100402229502e-08,6.503650117511934e-09,0.8936651959321078,0.8918501874318032,-26.191377173938868,standard-halo-model-uncompensated,scale_dependent_camb
7,0.17404257,0.21083225,1340,1359,1349.5246296296295,1.5801126295042564e-06,1.4174246157296844e-06,1.414525036003141e-06,2.356336653592002e-08,8.330908132566606e-09,0.8970402421088086,0.895205195877039,-19.528244842672475,standard-halo-model-uncompensated,scale_dependent_camb
7,0.17404257,0.21083225,1360,1379,1369.5242700729927,1.5586615147536996e-06,1.3947997675229546e-06,1.3919335056545278e-06,2.2982024216048612e-08,8.125372584280711e-09,0.8948702167342353,0.8930312915787119,-20.166674885500115,standard-halo-model-uncompensated,scale_dependent_camb
7,0.17404257,0.21083225,1380,1399,1389.5239208633093,1.537553034556646e-06,1.3804014353429742e-06,1.3775962242467725e-06,1.855998239715152e-08,6.561944705864396e-09,0.8977911033429904,0.8959666387338652,-23.948936825576364,standard-halo-model-uncompensated,scale_dependent_camb
7,0.17404257,0.21083225,1400,1419,1409.5235815602837,1.5167772752845506e-06,1.3668034702127271e-06,1.3639798666749684e-06,2.544296244583772e-08,8.995445639463259e-09,0.9011233834290614,0.8992618025735406,-16.672192916589307,standard-halo-model-uncompensated,scale_dependent_camb
7,0.17404257,0.21083225,1420,1439,1429.5232517482518,1.496325154109901e-06,1.3465993666690874e-06,1.3438317447847145e-06,2.4049539883318157e-08,8.502796367955299e-09,0.8999376659347286,0.8980880533175971,-17.609005433211234,standard-halo-model-uncompensated,scale_dependent_camb
7,0.17404257,0.21083225,1440,1459,1449.5229310344828,1.4761883413407932e-06,1.3301342397485482e-06,1.327432597373551e-06,1.6896011420342404e-08,5.973642125164732e-09,0.9010599816419178,0.8992298341605041,-24.449757540207077,standard-halo-model-uncompensated,scale_dependent_camb
7,0.17404257,0.21083225,1460,1479,1469.522619047619,1.4563591675538464e-06,1.3125637123044198e-06,1.3098666882965535e-06,2.1959434099149175e-08,7.763832381263742e-09,0.9012637414910838,0.8994118466646198,-18.521195227816154,standard-halo-model-uncompensated,scale_dependent_camb
7,0.17404257,0.21083225,1480,1499,1489.5223154362416,1.4368305339171604e-06,1.2946704658312339e-06,1.2920493337282067e-06,1.7431385679640836e-08,6.162925509776055e-09,0.9010599616794317,0.8992357158542255,-23.066978151921916,standard-halo-model-uncompensated,scale_dependent_camb
7,0.17404257,0.21083225,1500,1519,1509.5220198675497,1.417595874474974e-06,1.2843040634638991e-06,1.2816686659008683e-06,2.2239152620240197e-08,7.86272781280721e-09,0.9059733359759944,0.9041142747227251,-16.952362358768468,standard-halo-model-uncompensated,scale_dependent_camb
7,0.17404257,0.21083225,1520,1539,1529.5217320261438,1.3986491001724716e-06,1.2651540823150396e-06,1.2625888939041927e-06,1.5045024959007617e-08,5.319219585817572e-09,0.9045543175618742,0.9027202704012743,-25.096730019073593,standard-halo-model-uncompensated,scale_dependent_camb
7,0.17404257,0.21083225,1540,1559,1549.5214516129033,1.3799845653813998e-06,1.2473191958563947e-06,1.244810396533942e-06,1.559894720892376e-08,5.5150606754004795e-09,0.9038645990302514,0.9020466081734049,-24.05510606923132,standard-halo-model-uncompensated,scale_dependent_camb
7,0.17404257,0.21083225,1560,1579,1569.521178343949,1.3615969477460493e-06,1.2364892799343793e-06,1.2339446569577511e-06,2.0802418768327636e-08,7.354765688083389e-09,0.9081169592670064,0.9062481074156267,-17.010421965498722,standard-halo-model-uncompensated,scale_dependent_camb
7,0.17404257,0.21083225,1580,1599,1589.5209119496856,1.343481274729128e-06,1.2229228428646803e-06,1.2204400781833713e-06,1.604144016541352e-08,5.6715055604810755e-09,0.9102641516989102,0.9084161432986372,-21.25686567328722,standard-halo-model-uncompensated,scale_dependent_camb
7,0.17404257,0.21083225,1600,1619,1609.520652173913,1.325632909981138e-06,1.2011540223089882e-06,1.1986901116840726e-06,1.9256291239670924e-08,6.80812705803721e-09,0.9060985234034956,0.9042398560406352,-18.283866709743407,standard-halo-model-uncompensated,scale_dependent_camb
7,0.17404257,0.21083225,1620,1639,1629.520398773006,1.3080474096881562e-06,1.184130737293458e-06,1.1817076528192224e-06,1.753444544233055e-08,6.199362638308741e-09,0.9052659166044751,0.903413472682115,-19.988614898725157,standard-halo-model-uncompensated,scale_dependent_camb
7,0.17404257,0.21083225,1640,1659,1649.5201515151516,1.2907206355925482e-06,1.1674296419455766e-06,1.1650582281501126e-06,1.5493931969984098e-08,5.477932181609399e-09,0.904478947459943,0.9026416685553755,-22.506849219653738,standard-halo-model-uncompensated,scale_dependent_camb
7,0.17404257,0.21083225,1660,1679,1669.5199101796406,1.2736485899763486e-06,1.1595696208146583e-06,1.1572035976568462e-06,1.6841774440269786e-08,5.954466456964518e-09,0.9104313622615413,0.9085736888212904,-19.158554336679515,standard-halo-model-uncompensated,scale_dependent_camb
7,0.17404257,0.21083225,1680,1699,1689.519674556213,1.2568275127012622e-06,1.144960121553498e-06,1.1426322651014738e-06,1.4877801919250667e-08,5.260097313126189e-09,0.9109922483258416,0.9091400797279239,-21.267171401678684,standard-halo-model-uncompensated,scale_dependent_camb
7,0.17404257,0.21083225,1700,1719,1709.5194444444444,1.2402537866000867e-06,1.1270774158021367e-06,1.1247837982302207e-06,1.834974232853691e-08,6.487613616767138e-09,0.9087474095860647,0.9068980964884579,-17.444992486212097,standard-halo-model-uncompensated,scale_dependent_camb
7,0.17404257,0.21083225,1720,1739,1729.519219653179,1.223923922402365e-06,1.1105987560923494e-06,1.1083255555519035e-06,1.8056859613440443e-08,6.384063939798619e-09,0.9074083247857624,0.9055510193611049,-17.751258035424748,standard-halo-model-uncompensated,scale_dependent_camb
7,0.17404257,0.21083225,1740,1759,1749.519,1.2078345823785477e-06,1.097824112459277e-06,1.095571838152747e-06,1.818948842287632e-08,6.4309553050650226e-09,0.9089192580472147,0.9070545372159112,-17.106396281844216,standard-halo-model-uncompensated,scale_dependent_camb
7,0.17404257,0.21083225,1760,1779,1769.5187853107345,1.1919825369970543e-06,1.0822003959344512e-06,1.080023186770265e-06,1.0134574367036531e-08,3.5831131296854465e-09,0.9078995390828664,0.9060729945684883,-30.638759394192103,standard-halo-model-uncompensated,scale_dependent_camb
7,0.17404257,0.21083225,1780,1799,1789.5185754189945,1.176364650883137e-06,1.0716893687552375e-06,1.0695223204995605e-06,1.309599795819889e-08,4.6301344813238076e-09,0.9110179976512247,0.9091758407536589,-22.607395649115517,standard-halo-model-uncompensated,scale_dependent_camb
7,0.17404257,0.21083225,1800,1819,1809.5183701657459,1.1609778745131213e-06,1.0569484317866692e-06,1.0548139185180444e-06,1.1985416576680298e-08,4.237484668358147e-09,0.9103949825313605,0.9085564347730581,-24.54980982073012,standard-halo-model-uncompensated,scale_dependent_camb
7,0.17404257,0.21083225,1820,1839,1829.518169398907,1.145819239509004e-06,1.0431864718556972e-06,1.041063803290077e-06,1.48310392166429e-08,5.243564201065908e-09,0.9104284828580064,0.9085759493235461,-19.573092598435945,standard-halo-model-uncompensated,scale_dependent_camb
7,0.17404257,0.21083225,1840,1859,1849.517972972973,1.1308858497859628e-06,1.031586177575697e-06,1.0294866135939044e-06,1.4534347195745864e-08,5.1386677311157906e-09,0.9121930191017426,0.9103364533111369,-19.324011087345422,standard-halo-model-uncompensated,scale_dependent_camb
7,0.17404257,0.21083225,1860,1879,1869.5177807486632,1.1161748677836454e-06,1.0184203159304582e-06,1.0163370450706569e-06,1.56029136952853e-08,5.516463040102344e-09,0.9124200385847288,0.9105536008786567,-17.720512426631544,standard-halo-model-uncompensated,scale_dependent_camb
7,0.17404257,0.21083225,1880,1899,1889.5175925925926,1.1016835044129074e-06,1.0020191155810594e-06,9.999767187482337e-07,1.4201972830396805e-08,5.021155647300343e-09,0.90953446390671,0.9076805768106024,-19.84889452399932,standard-halo-model-uncompensated,scale_dependent_camb
7,0.17404257,0.21083225,1900,1919,1909.5174083769634,1.0874090208241604e-06,9.926615468836823e-07,9.906567896590064e-07,1.0495901595210876e-08,3.7108615963201558e-09,0.9128685967046072,0.9110249875508443,-25.532473114716442,standard-halo-model-uncompensated,scale_dependent_camb
7,0.17404257,0.21083225,1920,1939,1929.5172279792746,1.0733487243228249e-06,9.768400728376656e-07,9.748431314212812e-07,1.4482588535168928e-08,5.120368281176248e-09,0.9100863966218933,0.908225918874883,-18.84799025881579,standard-halo-model-uncompensated,scale_dependent_camb
7,0.17404257,0.21083225,1940,1959,1949.5170512820512,1.0594999549384712e-06,9.668906574040952e-07,9.649494119882702e-07,8.23226478818069e-09,2.9105451281229014e-09,0.912591504036681,0.910759276100496,-31.818540327564893,standard-halo-model-uncompensated,scale_dependent_camb
7,0.17404257,0.21083225,1960,1979,1969.5168781725888,1.045860084412386e-06,9.528577125523076e-07,9.509194475651713e-07,1.2492814715599014e-08,4.416877000753576e-09,0.9110757038668975,0.9092224301680306,-21.056138046001994,standard-halo-model-uncompensated,scale_dependent_camb
7,0.17404257,0.21083225,1980,1999,1989.5167085427136,1.0324265130679223e-06,9.4636897118552e-07,9.444537255472586e-07,1.1277850648781923e-08,3.987322335481401e-09,0.9166453584898001,0.9147902669999758,-21.58279031434572,standard-halo-model-uncompensated,scale_dependent_camb
7,0.17404257,0.21083225,2000,2019,2009.5165422885573,1.0191966738780693e-06,9.294119710285425e-07,9.275379440797704e-07,1.0636875370879659e-08,3.76070335269259e-09,0.9119064012366782,0.9100676717776804,-23.874444333728874,standard-halo-model-uncompensated,scale_dependent_camb
7,0.17404257,0.21083225,2020,2039,2029.5163793103447,1.006168021818899e-06,9.183655366078168e-07,9.165090135024728e-07,9.946570429645984e-09,3.516643700176133e-09,0.912735762509767,0.9108906202819432,-24.967694397554325,standard-halo-model-uncompensated,scale_dependent_camb
7,0.17404257,0.21083225,2040,2059,2049.516219512195,9.933380288573252e-07,9.06009038695117e-07,9.041795031291232e-07,9.300602393011853e-09,3.2882595106092562e-09,0.9120853248086493,0.9102435191867521,-26.55781573213718,standard-halo-model-uncompensated,scale_dependent_camb
7,0.17404257,0.21083225,2060,2079,2069.5160628019325,9.807041816504023e-07,8.941356419710295e-07,8.923302266542633e-07,9.971729270398701e-09,3.5255386936276527e-09,0.9117281833817729,0.9098872456652354,-24.5546985020598,standard-halo-model-uncompensated,scale_dependent_camb
7,0.17404257,0.21083225,2080,2099,2089.515909090909,9.68263992641355e-07,8.831897802778434e-07,8.813864231473504e-07,1.291809002486314e-08,4.567234528279511e-09,0.9121373788449622,0.9102749145333714,-18.62707330590255,standard-halo-model-uncompensated,scale_dependent_camb
7,0.17404257,0.21083225,2100,2119,2109.5157582938386,9.560150035267242e-07,8.749574514905869e-07,8.731742986209343e-07,1.1814073947950106e-08,4.176905901017424e-09,0.9152130963038057,0.9133479029092726,-19.406123565386775,standard-halo-model-uncompensated,scale_dependent_camb
7,0.17404257,0.21083225,2120,2139,2129.5156103286386,9.439547480722057e-07,8.622900828760367e-07,8.605435785227724e-07,9.557307530790124e-09,3.3790184824534773e-09,0.9134866736324503,0.9116364743969136,-24.168161736976625,standard-halo-model-uncompensated,scale_dependent_camb
7,0.17404257,0.21083225,2140,2159,2149.515465116279,9.320807693637299e-07,8.508259066606763e-07,8.490999422247541e-07,9.917691150879227e-09,3.5064333332502577e-09,0.9128242257819342,0.9109724930859572,-23.173080729224953,standard-halo-model-uncompensated,scale_dependent_camb
7,0.17404257,0.21083225,2160,2179,2169.5153225806453,9.203906739020719e-07,8.402370212349521e-07,8.385356145611704e-07,9.384829197556051e-09,3.3180381829346945e-09,0.9129134454097607,0.9110648753166193,-24.15694101392969,standard-halo-model-uncompensated,scale_dependent_camb
7,0.17404257,0.21083225,2180,2199,2189.5151826484016,9.08882018936342e-07,8.323455620904497e-07,8.3065375583687e-07,1.0847718454499602e-08,3.835247639789562e-09,0.9157905478915049,0.913929133298267,-19.956066474521513,standard-halo-model-uncompensated,scale_dependent_camb
7,0.17404257,0.21083225,2200,2219,2209.515045248869,8.975524129635882e-07,8.182539207025185e-07,8.166015610493134e-07,9.974047833829352e-09,3.526358429589865e-09,0.9116502934917889,0.9098093317503467,-22.487360217178082,standard-halo-model-uncompensated,scale_dependent_camb
7,0.17404257,0.21083225,2220,2239,2229.5149103139015,8.863994820648055e-07,8.119191465370132e-07,8.102760811759292e-07,8.921359267007368e-09,3.1541768175511784e-09,0.9159743016159085,0.9141206618131679,-23.613240422462077,standard-halo-model-uncompensated,scale_dependent_camb
7,0.17404257,0.21083225,2240,2259,2249.514777777778,8.75420822950561e-07,8.017323680853793e-07,8.001146935683667e-07,8.111877207701181e-09,2.8679816908590504e-09,0.9158251061280237,0.9139772239728331,-25.693488595148477,standard-halo-model-uncompensated,scale_dependent_camb
7,0.17404257,0.21083225,2260,2279,2269.5146475770925,8.646141178876049e-07,7.893515080481786e-07,7.877603763464329e-07,7.553442907563618e-09,2.670545350621833e-09,0.9129523699852308,0.911112090409837,-28.182487079615225,standard-halo-model-uncompensated,scale_dependent_camb
7,0.17404257,0.21083225,2280,2299,2289.514519650655,8.539769697698776e-07,7.809081552462863e-07,7.793480092706215e-07,7.274878943989346e-09,2.572058116803048e-09,0.9144370198375711,0.9126101017462257,-28.408694984860013,standard-halo-model-uncompensated,scale_dependent_camb
7,0.17404257,0.21083225,2300,2319,2309.514393939394,8.435070926302569e-07,7.688922656937227e-07,7.673485759129413e-07,7.51782074387076e-09,2.6579510138679545e-09,0.9115421463690752,0.9097120612467701,-28.072310794002117,standard-halo-model-uncompensated,scale_dependent_camb
7,0.17404257,0.21083225,2320,2339,2329.514270386266,8.332021335886956e-07,7.621422403839456e-07,7.606123751394188e-07,6.1347232462519755e-09,2.168952204063761e-09,0.9147147008629384,0.9128785734901752,-32.762314020388146,standard-halo-model-uncompensated,scale_dependent_camb
7,0.17404257,0.21083225,2340,2359,2349.5141489361704,8.230597987674216e-07,7.545123299436306e-07,7.529855862098621e-07,8.920954289303358e-09,3.154033636310811e-09,0.9167162957947349,0.9148613349084725,-21.733271336943993,standard-halo-model-uncompensated,scale_dependent_camb
7,0.17404257,0.21083225,2360,2379,2369.514029535865,8.13077817968527e-07,7.426617400019445e-07,7.411613265231196e-07,8.096758907228787e-09,2.8626365644670275e-09,0.9133956474885554,0.9115502970858428,-24.598329679930135,standard-halo-model-uncompensated,scale_dependent_camb
7,0.17404257,0.21083225,2380,2399,2389.513912133891,8.03253863429975e-07,7.360236399271842e-07,7.345419842853747e-07,7.467565907835884e-09,2.6401832461941148e-09,0.9163026453234709,0.914458078232959,-25.464226242517352,standard-halo-model-uncompensated,scale_dependent_camb
7,0.17404257,0.21083225,2400,2419,2409.5137966804978,7.935857365383162e-07,7.256710697373216e-07,7.241941226321638e-07,9.712968234713657e-09,3.434052852107778e-09,0.9144205047116349,0.9125593988006336,-19.776826311601287,standard-halo-model-uncompensated,scale_dependent_camb
7,0.17404257,0.21083225,2420,2439,2429.513683127572,7.84071160545541e-07,7.167958668486349e-07,7.153558699998146e-07,6.58363213802792e-09,2.327665464818615e-09,0.914197464360126,0.9123609003831799,-28.902475340092998,standard-halo-model-uncompensated,scale_dependent_camb
7,0.17404257,0.21083225,2440,2459,2449.5135714285716,7.747078879110147e-07,7.079638712380545e-07,7.065355369081378e-07,7.450473658083787e-09,2.6341402233413943e-09,0.9138462151806223,0.9120025082141574,-25.338065180256702,standard-halo-model-uncompensated,scale_dependent_camb
7,0.17404257,0.21083225,2460,2479,2469.5134615384613,7.654937515503686e-07,6.990374907656976e-07,6.976209391988171e-07,8.244375960951379e-09,2.9148270743200396e-09,0.9131851035360173,0.9113345965083485,-22.799383665040793,standard-halo-model-uncompensated,scale_dependent_camb
7,0.17404257,0.21083225,2480,2499,2489.513353413655,7.564265393097316e-07,6.90080871973226e-07,6.886916130210055e-07,6.828209894362931e-09,2.4141367598345537e-09,0.9122906668543801,0.9104540589618434,-27.48214949556231,standard-halo-model-uncompensated,scale_dependent_camb
7,0.17404257,0.21083225,2500,2519,2509.513247011952,7.475040503237389e-07,6.830024798490379e-07,6.816273638839083e-07,6.638959099029835e-09,2.347226499472064e-09,0.9137107411702107,0.9118711311178852,-27.479908943260725,standard-halo-model-uncompensated,scale_dependent_camb
7,0.17404257,0.21083225,2520,2539,2529.51314229249,7.387241421899446e-07,6.750651758234404e-07,6.737084888480514e-07,6.515203801814049e-09,2.3034723945375445e-09,0.9138257940538027,0.9119892668606245,-27.636088245496282,standard-halo-model-uncompensated,scale_dependent_camb
7,0.17404257,0.21083225,2540,2559,2549.513039215686,7.300846911865414e-07,6.673146214496277e-07,6.659600956973193e-07,7.975344595280264e-09,2.819710122811078e-09,0.9140235776826122,0.9121682781965937,-22.261178278260672,standard-halo-model-uncompensated,scale_dependent_camb
7,0.17404257,0.21083225,2560,2579,2569.512937743191,7.215835616397608e-07,6.596910432005212e-07,6.583577424291999e-07,8.297098332711626e-09,2.933467247615994e-09,0.9142268176140376,0.9123790748962136,-21.098758982067775,standard-halo-model-uncompensated,scale_dependent_camb
7,0.17404257,0.21083225,2580,2599,2589.5128378378377,7.132186362839515e-07,6.537301523226659e-07,6.524077078121262e-07,7.176150704927856e-09,2.537152413135555e-09,0.9165915177550104,0.9147373254453002,-23.44694928585961,standard-halo-model-uncompensated,scale_dependent_camb
7,0.17404257,0.21083225,2600,2619,2609.5127394636015,7.049878377107791e-07,6.445648729777441e-07,6.43275447385012e-07,5.6517306373132605e-09,1.998188529541987e-09,0.9142921884592519,0.9124631844342759,-30.23887077706565,standard-halo-model-uncompensated,scale_dependent_camb
7,0.17404257,0.21083225,2620,2639,2629.5126425855515,6.96889106298849e-07,6.362276033560892e-07,6.349344024066526e-07,8.047914777414814e-09,2.8453675567607193e-09,0.9129538654077537,0.911098188603872,-21.319390810732145,standard-halo-model-uncompensated,scale_dependent_camb
7,0.17404257,0.21083225,2640,2659,2649.512547169811,6.889204034848984e-07,6.289742920559467e-07,6.277033452805642e-07,6.573790592869464e-09,2.324185953159166e-09,0.9129854318064689,0.9111405934638194,-25.792304332391964,standard-halo-model-uncompensated,scale_dependent_camb
7,0.17404257,0.21083225,2660,2679,2669.5124531835204,6.810797050028935e-07,6.216400490104625e-07,6.203907664966384e-07,5.839997365040994e-09,2.064750869466028e-09,0.91272731288891,0.9108930451745039,-28.787810128300315,standard-halo-model-uncompensated,scale_dependent_camb
7,0.17404257,0.21083225,2680,2699,2689.5123605947956,6.733650021591901e-07,6.142766543109848e-07,6.13036592778976e-07,6.555528380375031e-09,2.3177292860120245e-09,0.912249155125772,0.9104075661984704,-25.494067924505124,standard-halo-model-uncompensated,scale_dependent_camb
7,0.17404257,0.21083225,2700,2719,2709.512269372694,6.657743120852227e-07,6.049284599822502e-07,6.037256947793194e-07,3.441242951097421e-09,1.2166631132156965e-09,0.9086088919345632,0.9068023259840631,-50.01043546241329,standard-halo-model-uncompensated,scale_dependent_camb
7,0.17404257,0.21083225,2720,2739,2729.5121794871793,6.583056764499072e-07,6.012734490597708e-07,6.000584864599868e-07,6.252086530065638e-09,2.210446390987242e-09,0.9133651289508875,0.9115195386069975,-25.80122622411322,standard-halo-model-uncompensated,scale_dependent_camb
7,0.17404257,0.21083225,2740,2759,2749.512090909091,6.509571551093891e-07,5.944770251397734e-07,5.932857550139849e-07,4.58686866795906e-09,1.6217029697629787e-09,0.9132352574569603,0.9114052289882075,-34.82766636227508,standard-halo-model-uncompensated,scale_dependent_camb
7,0.17404257,0.21083225,2760,2779,2769.5120036101084,6.437268354290858e-07,5.875545846057883e-07,5.863729850001736e-07,5.2876502796660875e-09,1.8694666846474173e-09,0.9127389946609029,0.9109034340774652,-30.047206128143245,standard-halo-model-uncompensated,scale_dependent_camb
7,0.17404257,0.21083225,2780,2799,2789.511917562724,6.366128181743222e-07,5.832227689556091e-07,5.820450274888154e-07,6.110713156398713e-09,2.160463355387691e-09,0.9161341906815118,0.9142841785027258,-24.7123141827751,standard-halo-model-uncompensated,scale_dependent_camb
7,0.17404257,0.21083225,2800,2819,2809.5118327402133,6.296132344867384e-07,5.768514703114546e-07,5.756906372014791e-07,5.138010727548338e-09,1.8165611136293283e-09,0.9161997218525827,0.9143559977273714,-29.04486052212713,standard-halo-model-uncompensated,scale_dependent_camb
7,0.17404257,0.21083225,2820,2839,2829.511749116608,6.227262345508828e-07,5.70132489954772e-07,5.689884088958796e-07,4.959050720846663e-09,1.753289196479356e-09,0.9155427510870134,0.9137055375645776,-29.99718740166778,standard-halo-model-uncompensated,scale_dependent_camb
7,0.17404257,0.21083225,2840,2859,2849.5116666666668,6.159499897281659e-07,5.649923771579652e-07,5.6386238762883e-07,4.152510153946596e-09,1.4681340444008163e-09,0.9172698864843075,0.9154353389593797,-34.709100823963176,standard-halo-model-uncompensated,scale_dependent_camb
7,0.17404257,0.21083225,2860,2879,2869.5115853658535,6.092826952801888e-07,5.572473699436926e-07,5.561407995069143e-07,3.2962784559046307e-09,1.165410424424643e-09,0.9145957603267119,0.9127795747607171,-44.649785385424025,standard-halo-model-uncompensated,scale_dependent_camb
7,0.17404257,0.21083225,2880,2899,2889.5115051903113,6.027225688346853e-07,5.484415173904966e-07,5.473364591344598e-07,5.831982608003356e-09,2.06191722494059e-09,0.9099402374310678,0.9081067931348413,-26.32552402570509,standard-halo-model-uncompensated,scale_dependent_camb
7,0.17404257,0.21083225,2900,2919,2909.5114261168383,5.962678519818731e-07,5.459908951540936e-07,5.44898326508794e-07,3.918048116326163e-09,1.3852391960347044e-09,0.9156805843872527,0.913848239004774,-36.29478358084231,standard-halo-model-uncompensated,scale_dependent_camb
7,0.17404257,0.21083225,2920,2939,2929.511348122867,5.899168095519814e-07,5.399761342646687e-07,5.388913525233464e-07,5.192049624938863e-09,1.8356667490256703e-09,0.9153428509263186,0.9135039785230281,-27.20574162702461,standard-halo-model-uncompensated,scale_dependent_camb
7,0.17404257,0.21083225,2940,2959,2949.511271186441,5.836677282409623e-07,5.3426306764171e-07,5.331967274288653e-07,4.06670284184152e-09,1.4377965782683712e-09,0.9153548188313472,0.9135278543423931,-34.36137027030167,standard-halo-model-uncompensated,scale_dependent_camb
7,0.17404257,0.21083225,2960,2979,2969.5111952861953,5.775189202607717e-07,5.272267605474828e-07,5.261621147462134e-07,5.276563637563172e-09,1.8655469647416376e-09,0.9129168622032676,0.911073380087065,-26.95839915252625,standard-halo-model-uncompensated,scale_dependent_camb
7,0.17404257,0.21083225,2980,2999,2989.511120401338,5.714687189299406e-07,5.21760053625569e-07,5.20716051132601e-07,4.067950781845082e-09,1.4382377916878875e-09,0.9130159470540231,0.9111890710442164,-34.562202155760666,standard-halo-model-uncompensated,scale_dependent_camb
7,0.17404257,0.21083225,3000,3019,3009.5110465116277,5.655154763600892e-07,5.169595191614279e-07,5.15922563095192e-07,4.056278923358737e-09,1.4341111665455155e-09,0.914138588193573,0.9123049406461882,-33.85787540837777,standard-halo-model-uncompensated,scale_dependent_camb
7,0.17404257,0.21083225,3020,3039,3029.5109735973597,5.596575675926609e-07,5.114039950227728e-07,5.103796943867486e-07,3.8960870996243825e-09,1.3774748041189143e-09,0.9137801838766364,0.9119499564387584,-35.03045749047512,standard-halo-model-uncompensated,scale_dependent_camb
7,0.17404257,0.21083225,3040,3059,3049.5109016393444,5.538933970912016e-07,5.059984018194094e-07,5.049803188150259e-07,4.567300393121966e-09,1.6147845398462631e-09,0.9135303010952738,0.9116922524567992,-29.660300857445698,standard-halo-model-uncompensated,scale_dependent_camb
7,0.17404257,0.21083225,3060,3079,3069.5108306188927,5.482213937368486e-07,5.011168941628105e-07,5.001112048531916e-07,4.339431753169541e-09,1.5342208095812055e-09,0.9140775969121543,0.9122431385690316,-30.70255551213398,standard-halo-model-uncompensated,scale_dependent_camb
7,0.17404257,0.21083225,3080,3099,3089.5107605177996,5.426400091348883e-07,4.959445809610431e-07,4.949459078244413e-07,4.855822997831965e-09,1.7167926850042861e-09,0.9139476865181945,0.9121072893491875,-27.19922363469799,standard-halo-model-uncompensated,scale_dependent_camb
7,0.17404257,0.21083225,3100,3119,3109.510691318328,5.371477230233492e-07,4.903524069542045e-07,4.893713160140856e-07,3.797571393652967e-09,1.3426442422460304e-09,0.912881849697219,0.9110553671523488,-34.853101511733016,standard-halo-model-uncompensated,scale_dependent_camb
7,0.17404257,0.21083225,3120,3139,3129.5106230031947,5.317430213221585e-07,4.841209245662168e-07,4.831500735077799e-07,3.9258785936868865e-09,1.388007687855552e-09,0.9104415199704338,0.9086157300314837,-34.30967794531243,standard-halo-model-uncompensated,scale_dependent_camb
7,0.17404257,0.21083225,3140,3159,3149.5105555555556,5.264244019819789e-07,4.813963047148668e-07,4.804372315379019e-07,3.1806313220851628e-09,1.1245229881503762e-09,0.9144642666685243,0.9126424035988147,-40.04195355861481,standard-halo-model-uncompensated,scale_dependent_camb
7,0.17404257,0.21083225,3160,3179,3169.5104889589907,5.211904082468925e-07,4.77024435203401e-07,4.760690535731839e-07,3.5858875728427683e-09,1.2678027096648456e-09,0.9152594285223882,0.9134263525196453,-34.836629316849425,standard-halo-model-uncompensated,scale_dependent_camb
7,0.17404257,0.21083225,3180,3199,3189.510423197492,5.160396209891448e-07,4.7122467296185844e-07,4.7029697517124656e-07,1.6956758489774317e-09,5.995119457530989e-10,0.9131559938336032,0.911358267936445,-74.75238541075345,standard-halo-model-uncompensated,scale_dependent_camb
7,0.17404257,0.21083225,3200,3219,3209.5103582554516,5.109706390092156e-07,4.6565365946668787e-07,4.647216701252026e-07,4.594102231803432e-09,1.6242604207862293e-09,0.911311969645852,0.9094880109477702,-27.900070064252294,standard-halo-model-uncompensated,scale_dependent_camb
7,0.17404257,0.21083225,3220,3239,3229.510294117647,5.059820348430801e-07,4.6235506249620826e-07,4.6143369764008426e-07,3.3025320505883703e-09,1.1676214040284752e-09,0.9137776257996949,0.911956681986127,-37.36397105804332,standard-halo-model-uncompensated,scale_dependent_camb
7,0.17404257,0.21083225,3240,3259,3249.510230769231,5.010724196654768e-07,4.5878329332375464e-07,4.5787030939115316e-07,2.5428910826466983e-09,8.990477641791409e-10,0.9156027658238405,0.9137807059842448,-47.03768590129743,standard-halo-model-uncompensated,scale_dependent_camb
7,0.17404257,0.21083225,3260,3279,3269.5101681957185,4.962404819364454e-07,4.532970428933519e-07,4.5239106679194954e-07,3.324866412385675e-09,1.1755177933686494e-09,0.9134624428955932,0.9116367633422705,-36.531509165872905,standard-halo-model-uncompensated,scale_dependent_camb
7,0.17404257,0.21083225,3280,3299,3289.510106382979,4.91484914106973e-07,4.4995892970112466e-07,4.4905531489591095e-07,4.0907973503632365e-09,1.4463152734509026e-09,0.9155091372818615,0.9136705970148512,-28.711571514257436,standard-halo-model-uncompensated,scale_dependent_camb
7,0.17404257,0.21083225,3300,3319,3309.5100453172204,4.868043475355763e-07,4.454994288428523e-07,4.4460193193265725e-07,4.222359024899485e-09,1.4928293495553219e-09,0.9151508837136969,0.9133072335599163,-27.668881714462376,standard-halo-model-uncompensated,scale_dependent_camb
7,0.17404257,0.21083225,3320,3339,3329.509984984985,4.821975074969075e-07,4.4156494180374323e-07,4.4068549741373794e-07,2.4761136432112575e-09,8.754383740516037e-10,0.9157346003215812,0.9139107742413293,-46.41396458909299,standard-halo-model-uncompensated,scale_dependent_camb
7,0.17404257,0.21083225,3340,3359,3349.509925373134,4.776631839019812e-07,4.3622311956086663e-07,4.353523805921184e-07,2.7106425732846355e-09,9.583568724712595e-10,0.9132441734307531,0.9114212592977541,-43.24074416480728,standard-halo-model-uncompensated,scale_dependent_camb
7,0.17404257,0.21083225,3360,3379,3369.5098664688426,4.732000933984798e-07,4.334183931532083e-07,4.325561360285465e-07,2.222949222599021e-09,7.859312347665658e-10,0.9159304894477874,0.9141083065347005,-50.61727856774556,standard-halo-model-uncompensated,scale_dependent_camb
7,0.17404257,0.21083225,3380,3399,3389.509808259587,4.688069747544855e-07,4.296801898125908e-07,4.2881880066914855e-07,3.6129935507025876e-09,1.2773861200425309e-09,0.91653966973852,0.9147022628955579,-30.630350782731192,standard-halo-model-uncompensated,scale_dependent_camb
7,0.17404257,0.21083225,3400,3419,3409.509750733138,4.6448270924764953e-07,4.251658145238629e-07,4.2431205955219033e-07,3.938204481823769e-09,1.3923655473984202e-09,0.9153533728145218,0.9135152958427106,-28.23748030626635,standard-halo-model-uncompensated,scale_dependent_camb
7,0.17404257,0.21083225,3420,3439,3429.509693877551,4.602260702455629e-07,4.216576753089057e-07,4.2081974655284735e-07,2.9703767038260975e-09,1.0501867549769893e-09,0.916196848831101,0.9143761593694822,-36.72527267543221,standard-halo-model-uncompensated,scale_dependent_camb
7,0.17404257,0.21083225,3440,3459,3449.5096376811593,4.5603585181877056e-07,4.177985994434975e-07,4.1696374404130823e-07,3.1674643820875233e-09,1.1198677718704725e-09,0.9161529686256584,0.9143222893076625,-34.14443502683075,standard-halo-model-uncompensated,scale_dependent_camb
7,0.17404257,0.21083225,3460,3479,3469.509582132565,4.5191101288187823e-07,4.1315648779232986e-07,4.12327751929785e-07,3.243694858381065e-09,1.1468193152305945e-09,0.9142430169107693,0.9124091694520406,-33.79305229242314,standard-halo-model-uncompensated,scale_dependent_camb
7,0.17404257,0.21083225,3480,3499,3489.5095272206304,4.4785034207549695e-07,4.1032189664188054e-07,4.095089386698918e-07,1.905260624212812e-09,6.736113536542968e-10,0.9162031555905567,0.9143879108634427,-55.71231130536486,standard-halo-model-uncompensated,scale_dependent_camb
7,0.17404257,0.21083225,3500,3519,3509.509472934473,4.43852751247357e-07,4.067120961840411e-07,4.058965325030643e-07,3.363422415427583e-09,1.1891493989718405e-09,0.9163221249413467,0.9144846604248267,-31.23295953849731,standard-halo-model-uncompensated,scale_dependent_camb
7,0.17404257,0.21083225,3520,3539,3529.509419263456,4.3991722731023215e-07,4.027452513059185e-07,4.019417822524538e-07,2.5977172534228373e-09,9.184317427502906e-10,0.9155023406753294,0.9136759310610088,-40.47331366509641,standard-halo-model-uncompensated,scale_dependent_camb
7,0.17404257,0.21083225,3540,3559,3549.509366197183,4.3604257764990774e-07,4.0086481635057863e-07,4.000656519433529e-07,2.9731718252285216e-09,1.0511749796259362e-09,0.9193249395760319,0.9174921726670459,-33.465181326754205,standard-halo-model-uncompensated,scale_dependent_camb
7,0.17404257,0.21083225,3560,3579,3569.5093137254903,4.3222788338728014e-07,3.9593364626552515e-07,3.9513883433455867e-07,3.2479235315058545e-09,1.1483143769515743e-09,0.916029857126929,0.9141909847137526,-31.60653375960088,standard-halo-model-uncompensated,scale_dependent_camb
7,0.17404257,0.21083225,3580,3599,3589.50926183844,4.284720287801259e-07,3.9347255864093194e-07,3.9268507164195533e-07,2.857929258193835e-09,1.01043057931015e-09,0.9183156243854737,0.9164777284527599,-34.63817391897332,standard-halo-model-uncompensated,scale_dependent_camb
7,0.17404257,0.21083225,3600,3619,3609.5092105263157,4.247740260911549e-07,3.903052621651831e-07,3.895248526352015e-07,3.6414362820700056e-09,1.2874421441552151e-09,0.9188538803957497,0.9170166458144287,-26.77305856613018,standard-halo-model-uncompensated,scale_dependent_camb
7,0.17404257,0.21083225,3620,3639,3629.5091597796145,4.2113292534373474e-07,3.8731011331098775e-07,3.865401061298288e-07,2.174369199149898e-09,7.687556027610277e-10,0.9196861370904678,0.9178577187103791,-43.99683320846119,standard-halo-model-uncompensated,scale_dependent_camb
7,0.17404257,0.21083225,3640,3659,3649.509109589041,4.1754765531299333e-07,3.837933109485792e-07,3.830251310468954e-07,2.805172614635548e-09,9.917782891037968e-10,0.9191604983648827,0.917320756500908,-34.03416341661973,standard-halo-model-uncompensated,scale_dependent_camb
7,0.17404257,0.21083225,3660,3679,3669.5090599455043,4.140173883950815e-07,3.8156985087612676e-07,3.8080807012687777e-07,2.786778191549683e-09,9.852748784537822e-10,0.9216275972254787,0.9197876243871349,-32.93247217454233,standard-halo-model-uncompensated,scale_dependent_camb
7,0.17404257,0.21083225,3680,3699,3689.509010840108,4.105410333108268e-07,3.7661199714061184e-07,3.758528696404452e-07,4.141804404323979e-09,1.464348990322897e-09,0.9173553106334031,0.9155062201928091,-23.17004784681377,standard-halo-model-uncompensated,scale_dependent_camb
7,0.17404257,0.21083225,3700,3719,3709.508962264151,4.0711782314015076e-07,3.7441654506525674e-07,3.7366497314922223e-07,3.4043427745908698e-09,1.203616930698315e-09,0.9196761325194143,0.9178300528999136,-27.169174212198374,standard-halo-model-uncompensated,scale_dependent_camb
7,0.17404257,0.21083225,3720,3739,3729.508914209115,4.037466941045126e-07,3.71340503391937e-07,3.705987194343877e-07,2.3920885699098053e-09,8.457310244910269e-10,0.9197363317501566,0.9178990808986183,-38.31737251459841,standard-halo-model-uncompensated,scale_dependent_camb
7,0.17404257,0.21083225,3740,3759,3749.5088666666666,4.0042690843173746e-07,3.6898268015437667e-07,3.6824398867848e-07,2.7118658203495496e-09,9.58789355618593e-10,0.9214732386479436,0.9196284788170178,-32.79576279512777,standard-halo-model-uncompensated,scale_dependent_camb
7,0.17404257,0.21083225,3760,3779,3769.5088196286474,3.9715743952853524e-07,3.6539610190842443e-07,3.646661431039868e-07,2.5410344565835293e-09,8.983913477394437e-10,0.920028345288421,0.9181903870084398,-35.35356579293593,standard-halo-model-uncompensated,scale_dependent_camb
7,0.17404257,0.21083225,3780,3799,3789.5087730870714,3.939375785836071e-07,3.627039431440823e-07,3.619776747497621e-07,2.8691572364595526e-09,1.014400269095502e-09,0.920714252364995,0.9188706394836561,-30.79024758872997,standard-halo-model-uncompensated,scale_dependent_camb
7,0.17404257,0.21083225,3800,3819,3809.5087270341205,3.9076633118452854e-07,3.610714250844758e-07,3.6034784471744345e-07,2.96688987595097e-09,1.0489539751593229e-09,0.9240085346912087,0.922156838909643,-28.309064842947446,standard-halo-model-uncompensated,scale_dependent_camb
7,0.17404257,0.21083225,3820,3839,3829.508681462141,3.87643020289388e-07,3.570143300210828e-07,3.5630084721977486e-07,2.711869356754786e-09,9.58790605926655e-10,0.9209873810047194,0.9191468143906856,-31.945129707130484,standard-halo-model-uncompensated,scale_dependent_camb
7,0.17404257,0.21083225,3840,3859,3849.5086363636365,3.8456667977461606e-07,3.5409551521131223e-07,3.5338219307038597e-07,3.5929686709728326e-09,1.2703062559178536e-09,0.9207649383946572,0.9189100659409535,-23.987258522384458,standard-halo-model-uncompensated,scale_dependent_camb
7,0.17404257,0.21083225,3860,3879,3869.5085917312663,3.815366651860493e-07,3.5136656388515237e-07,3.5065415968774626e-07,4.156714543164687e-09,1.469620520464246e-09,0.9209247654188489,0.9190575682071244,-20.529178029826593,standard-halo-model-uncompensated,scale_dependent_camb
7,0.17404257,0.21083225,3880,3899,3889.5085475578408,3.785520421319782e-07,3.4888544170849724e-07,3.4819180869037917e-07,1.9447871788078587e-09,6.875861010498457e-10,0.9216313818929603,0.9197990498991568,-43.146015281845166,standard-halo-model-uncompensated,scale_dependent_camb
7,0.17404257,0.21083225,3900,3919,3909.5085038363172,3.7561217806987945e-07,3.46884021309693e-07,3.4618819476217143e-07,2.8441163613750614e-09,1.0055469828059576e-09,0.9235164394620831,0.921663926183368,-28.56968122963398,standard-halo-model-uncompensated,scale_dependent_camb
7,0.17404257,0.21083225,3920,3939,3929.5084605597963,3.7271620624233546e-07,3.4446485577340406e-07,3.437779540250021e-07,2.0907334803103603e-09,7.391859107906034e-10,0.9242014433615405,0.9223584815130951,-38.21954674259807,standard-halo-model-uncompensated,scale_dependent_camb
7,0.17404257,0.21083225,3940,3959,3949.508417721519,3.6986345507900445e-07,3.4208219797802694e-07,3.4139646642368516e-07,3.076305906389909e-09,1.0876383837062665e-09,0.9248878019185667,0.9230337891878542,-25.542733244030362,standard-halo-model-uncompensated,scale_dependent_camb
7,0.17404257,0.21083225,3960,3979,3969.5083753148615,3.6705318175534644e-07,3.389600808522314e-07,3.3828000617602414e-07,2.9887788079939327e-09,1.0566928812995779e-09,0.9234631320486957,0.9216103360234578,-26.585871259551446,standard-halo-model-uncompensated,scale_dependent_camb
7,0.17404257,0.21083225,3980,3999,3989.508333333333,3.6428462562492315e-07,3.3648689007724455e-07,3.3581500223236795e-07,2.178254695302293e-09,7.701293330998441e-10,0.9236922626092382,0.9218478590917305,-36.094892575757456,standard-halo-model-uncompensated,scale_dependent_camb
7,0.17404257,0.21083225,4000,4019,4009.5082917705736,3.6155718550340097e-07,3.342715914436131e-07,3.336028642326428e-07,2.4653887915183215e-09,8.716465663719563e-10,0.9245331163262659,0.9226835411061269,-31.30350661892508,standard-halo-model-uncompensated,scale_dependent_camb
7,0.17404257,0.21083225,4020,4039,4029.5082506203476,3.5887004323916693e-07,3.321994900507117e-07,3.3153645491530054e-07,2.091416220401238e-09,7.394272958646271e-10,0.9256818625825483,0.9238342992433891,-36.06920293261401,standard-halo-model-uncompensated,scale_dependent_camb
7,0.17404257,0.21083225,4040,4059,4049.5082098765433,3.5622264255758013e-07,3.295674506177007e-07,3.2891416763448266e-07,1.5546619119441159e-09,5.496559901940638e-10,0.9251726623874819,0.923338744760776,-48.494317200961355,standard-halo-model-uncompensated,scale_dependent_camb
7,0.17404257,0.21083225,4060,4079,4069.5081695331696,3.536142506882192e-07,3.2763791252881795e-07,3.269883482542182e-07,1.5942020858993246e-09,5.636355527605757e-10,0.9265404657508994,0.9247035367432717,-46.08711787639065,standard-halo-model-uncompensated,scale_dependent_camb
7,0.17404257,0.21083225,4080,4096,4088.005870123517,3.512355002873061e-07,3.2488246191128173e-07,3.2423962945498955e-07,1.3541236159382475e-09,4.787549956973915e-10,0.9249704589813161,0.9231402554404828,-55.04493658105124,standard-halo-model-uncompensated,scale_dependent_camb
8,0.13796899,0.17404257,20,39,30.608333333333334,0.00016818812143773194,0.00015896606292945477,0.00016185442362539213,5.7546004832119845e-06,2.0345585123492887e-06,0.9451681936307765,0.9623415865627305,-4.532707441099113,standard-halo-model-uncompensated,scale_dependent_camb
8,0.13796899,0.17404257,40,59,50.165,0.0001008584890097616,9.363692779361773e-05,9.5353238167903e-05,2.8021578297191893e-06,9.907124016747088e-07,0.9283990739198469,0.9454160884630566,-7.289260943878854,standard-halo-model-uncompensated,scale_dependent_camb
8,0.13796899,0.17404257,60,79,69.975,6.693584491678557e-05,6.25839737371399e-05,6.371895264010431e-05,1.9109657300734627e-06,6.756284131750235e-07,0.9349844439095989,0.9519406637702044,-6.44121989955194,standard-halo-model-uncompensated,scale_dependent_camb
8,0.13796899,0.17404257,80,99,89.86944444444444,4.701365966183364e-05,4.363121197136076e-05,4.443056412833725e-05,1.185158422030694e-06,4.1901677849912593e-07,0.9280539376257323,0.9450564888571441,-8.072344268858279,standard-halo-model-uncompensated,scale_dependent_camb
8,0.13796899,0.17404257,100,119,109.80227272727272,3.47609438567957e-05,3.275916838756744e-05,3.3356730543837715e-05,5.468431477208908e-07,1.933382489994194e-07,0.9424130864376137,0.9596037058503674,-10.353747794800128,standard-halo-model-uncompensated,scale_dependent_camb
8,0.13796899,0.17404257,120,139,129.75576923076923,2.707986796747139e-05,2.5808570957375882e-05,2.627850192328136e-05,4.1974838793325546e-07,1.4840346574986326e-07,0.9530537958448467,0.9704073134642813,-8.566491379913614,standard-halo-model-uncompensated,scale_dependent_camb
8,0.13796899,0.17404257,140,159,149.72166666666666,2.1746569066677263e-05,2.0486649026710393e-05,2.0860931794669818e-05,4.2689886054492926e-07,1.5093153958606486e-07,0.9420635027022505,0.9592746207784782,-8.347625972823474,standard-halo-model-uncompensated,scale_dependent_camb
8,0.13796899,0.17404257,160,179,169.6955882352941,1.7909622603743386e-05,1.6802780960782773e-05,1.7109598324189546e-05,2.693260390234206e-07,9.52211342717867e-08,0.938198494326214,0.955329919716643,-11.623907354447061,standard-halo-model-uncompensated,scale_dependent_camb
8,0.13796899,0.17404257,180,199,189.675,1.5153241479113724e-05,1.415529643558903e-05,1.4414591768249067e-05,3.416887991672014e-07,1.2080523347330822e-07,0.9341431307024178,0.9512546730095495,-8.26077658088537,standard-halo-model-uncompensated,scale_dependent_camb
8,0.13796899,0.17404257,200,219,209.65833333333333,1.3067955584623437e-05,1.2208643160892853e-05,1.2430923401806534e-05,2.0252001848224132e-07,7.160163919740889e-08,0.9342427805048783,0.9512523455798645,-12.001295408355421,standard-halo-model-uncompensated,scale_dependent_camb
8,0.13796899,0.17404257,220,239,229.64456521739132,1.1466243369087081e-05,1.0602601907835722e-05,1.0795798551317163e-05,1.5457711368845542e-07,5.4651262652675356e-08,0.9246796502174608,0.9415288167023008,-15.802772330075005,standard-halo-model-uncompensated,scale_dependent_camb
8,0.13796899,0.17404257,240,259,249.633,1.02155804614223e-05,9.246532615155282e-06,9.415104129493731e-06,2.032198777955766e-07,7.184907683057685e-08,0.9051402071642928,0.9216416203708193,-13.487269273508884,standard-halo-model-uncompensated,scale_dependent_camb
8,0.13796899,0.17404257,260,279,269.6231481481482,9.216239962836383e-06,8.338208013152573e-06,8.490142641053149e-06,1.2838762568104955e-07,4.5391880369755136e-08,0.9047299166227886,0.9212154496073071,-19.343370279695392,standard-halo-model-uncompensated,scale_dependent_camb
8,0.13796899,0.17404257,280,299,289.6146551724138,8.407667387807056e-06,7.481029210746088e-06,7.617162808494908e-06,1.528269244848233e-07,5.403247732555148e-08,0.8897865324210144,0.9059781336665921,-17.14965189320996,standard-halo-model-uncompensated,scale_dependent_camb
8,0.13796899,0.17404257,300,319,309.60725806451615,7.744350189439086e-06,6.797888204653948e-06,6.921691533117659e-06,1.1487480791800834e-07,4.0614377833162895e-08,0.8777867785374915,0.8937730556860302,-23.303618946793826,standard-halo-model-uncompensated,scale_dependent_camb
8,0.13796899,0.17404257,320,339,329.6007575757576,7.192878630367136e-06,6.263379461931803e-06,6.377337294065451e-06,1.1500713659603763e-07,4.066116308595288e-08,0.8707750796028808,0.8866182264137469,-22.85963061288931,standard-halo-model-uncompensated,scale_dependent_camb
8,0.13796899,0.17404257,340,359,349.595,6.728774637636102e-06,5.754856087801911e-06,5.859500033634822e-06,1.2550907280532246e-07,4.43741582405398e-08,0.8552606377412663,0.8708123468515114,-21.947876612213207,standard-halo-model-uncompensated,scale_dependent_camb
8,0.13796899,0.17404257,360,379,369.58986486486486,6.334249987418783e-06,5.349244401292404e-06,5.446520451910807e-06,9.882212332037493e-08,3.493889676554518e-08,0.8444953091395482,0.8598524628375573,-28.19223493907618,standard-halo-model-uncompensated,scale_dependent_camb
8,0.13796899,0.17404257,380,399,389.5852564102564,5.995679982483346e-06,5.023124486903691e-06,5.114496453670925e-06,1.2948551266757724e-07,4.578004203633023e-08,0.83779062618068,0.8530302598893138,-21.244093546437814,standard-halo-model-uncompensated,scale_dependent_camb
8,0.13796899,0.17404257,400,419,409.5810975609756,5.702463985885785e-06,4.761322212676996e-06,4.847872937176953e-06,1.0494755684344493e-07,3.7104564556480285e-08,0.8349587519468398,0.8501365285560702,-25.364582079280023,standard-halo-model-uncompensated,scale_dependent_camb
8,0.13796899,0.17404257,420,439,429.57732558139537,5.4462837946074405e-06,4.554970134399545e-06,4.637670651471031e-06,1.0605380724435261e-07,3.749568313656636e-08,0.8363446170230027,0.8515293778967143,-23.771100714755946,standard-halo-model-uncompensated,scale_dependent_camb
8,0.13796899,0.17404257,440,459,449.5738888888889,5.220596887064695e-06,4.295536150480497e-06,4.373642330310301e-06,7.996314048033227e-08,2.8271239439307734e-08,0.8228055610123313,0.8377667199601389,-32.72091195612787,standard-halo-model-uncompensated,scale_dependent_camb
8,0.13796899,0.17404257,460,479,469.5707446808511,5.020210598218809e-06,4.141242435862498e-06,4.216607715244569e-06,6.797080038458464e-08,2.4031306937308495e-08,0.8249140857421057,0.8399264598064149,-36.57596170900372,standard-halo-model-uncompensated,scale_dependent_camb
8,0.13796899,0.17404257,480,499,489.5678571428571,4.8409664961094285e-06,3.981920486766018e-06,4.054121008756505e-06,1.1264309847933471e-07,3.982534939430082e-08,0.8225465906376742,0.837461075596104,-21.570332022406394,standard-halo-model-uncompensated,scale_dependent_camb
8,0.13796899,0.17404257,500,519,509.56519607843137,4.679510339664366e-06,3.846535707212979e-06,3.91646124543468e-06,7.65289572258565e-08,2.7057072305769185e-08,0.8219953431043959,0.8369382608770097,-30.78583754509825,standard-halo-model-uncompensated,scale_dependent_camb
8,0.13796899,0.17404257,520,539,529.5627358490566,4.533112440015145e-06,3.6818883955397694e-06,3.7488346538278665e-06,7.107468958716075e-08,2.5128697488905133e-08,0.8122208403741841,0.8269891169554447,-33.87457884958859,standard-halo-model-uncompensated,scale_dependent_camb
8,0.13796899,0.17404257,540,559,549.5604545454545,4.399533036376755e-06,3.586039035264953e-06,3.651289701309576e-06,7.366277353887099e-08,2.6043723345172324e-08,0.8150953761716137,0.8299266470144757,-31.235702757631923,standard-halo-model-uncompensated,scale_dependent_camb
8,0.13796899,0.17404257,560,579,569.5583333333333,4.276922677411108e-06,3.5271679583450676e-06,3.5914002063405485e-06,6.105792705611272e-08,2.1587237133285438e-08,0.8246976212532607,0.8397159540219891,-34.73138847907456,standard-halo-model-uncompensated,scale_dependent_camb
8,0.13796899,0.17404257,580,599,589.5563559322034,4.1637455204003065e-06,3.4249956251678967e-06,3.4873999727121203e-06,4.229701916395339e-08,1.49542545374044e-08,0.8225756373407312,0.8375631881500861,-49.40065005477928,standard-halo-model-uncompensated,scale_dependent_camb
8,0.13796899,0.17404257,600,619,609.5545081967213,4.058719198518478e-06,3.3485038620874096e-06,3.4094682614625555e-06,5.8506401422762144e-08,2.068513659442869e-08,0.8250149119233691,0.840035512362394,-34.33457319408552,standard-halo-model-uncompensated,scale_dependent_camb
8,0.13796899,0.17404257,620,639,629.5527777777778,3.960767065522629e-06,3.2762068767154096e-06,3.3357973384288237e-06,6.066380447276621e-08,2.1447893757633897e-08,0.8271647442319633,0.8422099263210926,-31.917361981689496,standard-halo-model-uncompensated,scale_dependent_camb
8,0.13796899,0.17404257,640,659,649.5511538461539,3.86898193945913e-06,3.210316852706506e-06,3.2687879590058547e-06,4.847835777624177e-08,1.7139687762184075e-08,0.8297575183706587,0.844870307009709,-38.42923487823747,standard-halo-model-uncompensated,scale_dependent_camb
8,0.13796899,0.17404257,660,679,669.5496268656716,3.78259663223311e-06,3.1406863495960086e-06,3.1979490914134154e-06,3.7253175182337086e-08,1.3170986396080476e-08,0.8302990392453925,0.8454375135224135,-48.73669012581517,standard-halo-model-uncompensated,scale_dependent_camb
8,0.13796899,0.17404257,680,699,689.5481884057971,3.7009598979189637e-06,3.0973463503800368e-06,3.153788947454427e-06,4.9538277167053395e-08,1.7514425856561082e-08,0.836903515793744,0.8521543152163823,-34.46379301738899,standard-halo-model-uncompensated,scale_dependent_camb
8,0.13796899,0.17404257,700,719,709.5468309859154,3.623516983622901e-06,3.042525228613387e-06,3.097962259832656e-06,3.9873776571329253e-08,1.40975089025521e-08,0.8396608163738698,0.8549600495414873,-41.212370144652695,standard-halo-model-uncompensated,scale_dependent_camb
8,0.13796899,0.17404257,720,739,729.5455479452055,3.549793762120538e-06,3.0022685577606307e-06,3.0568898278399182e-06,4.673023484802088e-08,1.652163297373774e-08,0.8457585873854169,0.8611457545673937,-33.139896354690606,standard-halo-model-uncompensated,scale_dependent_camb
8,0.13796899,0.17404257,740,759,749.5443333333334,3.4793838495526507e-06,2.9421578213547575e-06,2.9957386642149003e-06,4.0515999984224624e-08,1.432456916769964e-08,0.8455973668248862,0.8609968873080982,-37.50381752557557,standard-halo-model-uncompensated,scale_dependent_camb
8,0.13796899,0.17404257,760,779,769.5431818181818,3.4119378077074135e-06,2.8965990133976947e-06,2.949338879595887e-06,3.81566385481803e-08,1.3490408932351155e-08,0.8489600856306373,0.8644175380141641,-38.20038346457328,standard-halo-model-uncompensated,scale_dependent_camb
8,0.13796899,0.17404257,780,799,789.5420886075949,3.347154598046072e-06,2.8498305421942325e-06,2.9016820615260356e-06,4.682735778671623e-08,1.6555971118017862e-08,0.8514188570369124,0.8669100803470253,-30.03895406114847,standard-halo-model-uncompensated,scale_dependent_camb
8,0.13796899,0.17404257,800,819,809.5410493827161,3.2847740984801166e-06,2.827512955110615e-06,2.8788873599631697e-06,5.666265476516202e-08,2.003327371223915e-08,0.8607937320313507,0.8764338958028337,-22.82508340562142,standard-halo-model-uncompensated,scale_dependent_camb
8,0.13796899,0.17404257,820,839,829.5400602409638,3.2245710412417003e-06,2.7637256050589865e-06,2.814015744564265e-06,5.2778836025446874e-08,1.8660136428363166e-08,0.857083180897992,0.8726790970251532,-24.696788147927727,standard-halo-model-uncompensated,scale_dependent_camb
8,0.13796899,0.17404257,840,859,849.5391176470588,3.1663499310801272e-06,2.7230722433335726e-06,2.7725880266872215e-06,5.5639216607059244e-08,1.967143368137938e-08,0.8600035696006156,0.8756416969180084,-22.534081395712057,standard-halo-model-uncompensated,scale_dependent_camb
8,0.13796899,0.17404257,860,879,869.5382183908046,3.1099407133140737e-06,2.6828470629783423e-06,2.7316781484137425e-06,4.15885647774371e-08,1.4703778086970887e-08,0.8626682339932442,0.8783698469617319,-29.04652449251678,standard-halo-model-uncompensated,scale_dependent_camb
8,0.13796899,0.17404257,880,899,889.5373595505617,3.0551953826368307e-06,2.6487067361627976e-06,2.6968989709119464e-06,5.23839163297306e-08,1.8520511230930613e-08,0.8669516690211783,0.8827255324614783,-21.948025160081283,standard-halo-model-uncompensated,scale_dependent_camb
8,0.13796899,0.17404257,900,919,909.5365384615385,3.0019846290069544e-06,2.5995891581031423e-06,2.6468806212295094e-06,4.971052289130866e-08,1.7575323916386725e-08,0.865956851672181,0.8817102511631073,-22.895479640556168,standard-halo-model-uncompensated,scale_dependent_camb
8,0.13796899,0.17404257,920,939,929.535752688172,2.9501954445714132e-06,2.574240533718145e-06,2.6210544099140526e-06,5.1196495816652535e-08,1.810069468247186e-08,0.8725661001392113,0.888434159417131,-20.770192384789034,standard-halo-model-uncompensated,scale_dependent_camb
8,0.13796899,0.17404257,940,959,949.535,2.8997288178582546e-06,2.5398600602336053e-06,2.5861478784469314e-06,3.239064148094545e-08,1.14518211190794e-08,0.8758957198313292,0.8918585291562076,-31.424587747453288,standard-halo-model-uncompensated,scale_dependent_camb
8,0.13796899,0.17404257,960,979,969.5342783505155,2.850497878592651e-06,2.484975065144648e-06,2.5301931290481046e-06,4.1474452178885804e-08,1.4663433190843666e-08,0.871768782501789,0.8876319986238027,-24.92750563191761,standard-halo-model-uncompensated,scale_dependent_camb
8,0.13796899,0.17404257,980,999,989.5335858585859,2.8024262518930346e-06,2.464753368400104e-06,2.509539710123243e-06,4.9360814683508804e-08,1.745168339380079e-08,0.8795069510696908,0.895488225043586,-19.34901498458763,standard-halo-model-uncompensated,scale_dependent_camb
8,0.13796899,0.17404257,1000,1019,1009.5329207920792,2.755446700624195e-06,2.4283639092024334e-06,2.472548229347142e-06,3.757621870734073e-08,1.3285199529654718e-08,0.8812959106239772,0.8973311763885806,-24.620088745499064,standard-halo-model-uncompensated,scale_dependent_camb
8,0.13796899,0.17404257,1020,1039,1029.532281553398,2.7094998957055875e-06,2.3885642433326526e-06,2.4319441736562824e-06,5.023054704291072e-08,1.7759180218376024e-08,0.8815517015218931,0.8975620104325466,-18.071535308868143,standard-halo-model-uncompensated,scale_dependent_camb
8,0.13796899,0.17404257,1040,1059,1049.5316666666668,2.6645334480294093e-06,2.3512338347793785e-06,2.3940188183097944e-06,4.033202372686094e-08,1.425952373812005e-08,0.8824185849565013,0.8984757988608935,-21.97125366904685,standard-halo-model-uncompensated,scale_dependent_camb
8,0.13796899,0.17404257,1060,1079,1069.5310747663552,2.6205009431895595e-06,2.320914063231628e-06,2.363185025670285e-06,3.258244926357231e-08,1.1519635410969304e-08,0.8856757213781853,0.9018065922899151,-26.00662861887599,standard-halo-model-uncompensated,scale_dependent_camb
8,0.13796899,0.17404257,1080,1099,1089.530504587156,2.5773611409659565e-06,2.287897194908344e-06,2.329487205568207e-06,4.116646925301489e-08,1.4554544783157168e-08,0.8876897996727282,0.9038264636422468,-19.88821707378896,standard-halo-model-uncompensated,scale_dependent_camb
8,0.13796899,0.17404257,1100,1119,1109.529954954955,2.535077382042108e-06,2.242455332155826e-06,2.2833121363905667e-06,2.8686414714980196e-08,1.0142179186446029e-08,0.8845707622342623,0.9006873528062744,-28.85198974568909,standard-halo-model-uncompensated,scale_dependent_camb
8,0.13796899,0.17404257,1120,1139,1129.529424778761,2.4936169274710048e-06,2.2143400310009887e-06,2.254616684790799e-06,3.654643084374273e-08,1.2921114538887839e-08,0.8880032881581152,0.9041551891763114,-21.613994336904497,standard-halo-model-uncompensated,scale_dependent_camb
8,0.13796899,0.17404257,1140,1159,1149.5289130434783,2.4529504716132015e-06,2.1764648981492177e-06,2.2160865471544483e-06,3.4803758364008175e-08,1.23049867749841e-08,0.8872844859023383,0.9034371353193373,-22.46939216757842,standard-halo-model-uncompensated,scale_dependent_camb
8,0.13796899,0.17404257,1160,1179,1169.5284188034188,2.4130517149820765e-06,2.14906883837617e-06,2.1881840856042308e-06,3.2997444270956605e-08,1.1666358302909304e-08,0.8906020641965946,0.9068119311402674,-22.627701785918543,standard-halo-model-uncompensated,scale_dependent_camb
8,0.13796899,0.17404257,1180,1199,1189.5279411764707,2.3738969476118423e-06,2.1306935457358272e-06,2.1694531166104743e-06,4.020240259685675e-08,1.4213695748114537e-08,0.8975509858923407,0.9138783883575738,-17.11049724054184,standard-halo-model-uncompensated,scale_dependent_camb
8,0.13796899,0.17404257,1200,1219,1209.527479338843,2.3354647293724906e-06,2.0892744632079575e-06,2.127354434207955e-06,2.4595770249259026e-08,8.695917965878698e-09,0.8945861767603396,0.9108912703552358,-28.311015252276047,standard-halo-model-uncompensated,scale_dependent_camb
8,0.13796899,0.17404257,1220,1239,1229.5270325203253,2.2977355894224e-06,2.056125793146683e-06,2.0935274435360703e-06,3.4857061252405914e-08,1.2323832191905536e-08,0.8948487383021942,0.9111263511666009,-19.605086511516234,standard-halo-model-uncompensated,scale_dependent_camb
8,0.13796899,0.17404257,1240,1259,1249.5266,2.2606917530845765e-06,2.0171463047620344e-06,2.0539567076509104e-06,1.3771854568515627e-08,4.869085877456167e-09,0.8922695020273157,0.9085523069867493,-50.018721060180056,standard-halo-model-uncompensated,scale_dependent_camb
8,0.13796899,0.17404257,1260,1279,1269.5261811023622,2.2243169243207295e-06,1.9952949910210635e-06,2.0316189830225833e-06,2.9621260774428897e-08,1.0472697180446878e-08,0.8970371844068014,0.9133675875091437,-21.868476606700987,standard-halo-model-uncompensated,scale_dependent_camb
8,0.13796899,0.17404257,1280,1299,1289.5257751937984,2.188596123915008e-06,1.9649234763618792e-06,2.000687151960445e-06,3.0049694663641615e-08,1.0624171434623097e-08,0.897800857312578,0.914141777963845,-21.05318508172809,standard-halo-model-uncompensated,scale_dependent_camb
8,0.13796899,0.17404257,1300,1319,1309.5253816793893,2.153515476552598e-06,1.93422171818069e-06,1.9694353024053778e-06,2.676624118401366e-08,9.463295324045351e-09,0.8981694068328876,0.9145210813892546,-23.173086209695136,standard-halo-model-uncompensated,scale_dependent_camb
8,0.13796899,0.17404257,1320,1339,1329.525,2.119062047316857e-06,1.9049583208478448e-06,1.9396608905648207e-06,2.301523789773466e-08,8.137115394054898e-09,0.8989629743309739,0.915339356401011,-26.31199339085688,standard-halo-model-uncompensated,scale_dependent_camb
8,0.13796899,0.17404257,1340,1359,1349.5246296296295,2.0852237635679808e-06,1.8736569200550251e-06,1.90780975165925e-06,2.0560225029536213e-08,7.26913727055322e-09,0.89853998059616,0.914918477811148,-29.10480785250796,standard-halo-model-uncompensated,scale_dependent_camb
8,0.13796899,0.17404257,1360,1379,1369.5242700729927,2.05198927338967e-06,1.843185051957532e-06,1.8767276423839554e-06,3.1852609333236405e-08,1.1261598029008688e-08,0.8982430248832562,0.9145894019630031,-18.541260387227474,standard-halo-model-uncompensated,scale_dependent_camb
8,0.13796899,0.17404257,1380,1399,1389.5239208633093,2.019347836874122e-06,1.824026374671502e-06,1.8572573184950035e-06,2.330374126878764e-08,8.239116739088269e-09,0.9032749788639828,0.919731254111214,-23.706602101651256,standard-halo-model-uncompensated,scale_dependent_camb
8,0.13796899,0.17404257,1400,1419,1409.5235815602837,1.987289247975795e-06,1.8054803997245686e-06,1.8384238212103066e-06,1.5674816538917666e-08,5.5418845342618645e-09,0.9085141488908005,0.925091213109959,-32.806321951895754,standard-halo-model-uncompensated,scale_dependent_camb
8,0.13796899,0.17404257,1420,1439,1429.5232517482518,1.955803763045338e-06,1.765859792176588e-06,1.797995527604116e-06,2.5643820238561218e-08,9.066459593107732e-09,0.9028818869982168,0.919312848035683,-20.950181150439825,standard-halo-model-uncompensated,scale_dependent_camb
8,0.13796899,0.17404257,1440,1459,1449.5229310344828,1.92488204373726e-06,1.7427352153570335e-06,1.7744577589569304e-06,2.458244246065361e-08,8.691205881028144e-09,0.905372472576772,0.9218527258489704,-20.95760138162545,standard-halo-model-uncompensated,scale_dependent_camb
8,0.13796899,0.17404257,1460,1479,1469.522619047619,1.8945150838158636e-06,1.7173524908240859e-06,1.7485996072675845e-06,2.6886949776145324e-08,9.505972256067242e-09,0.9064865756386888,0.9229800396973449,-18.63697770406417,standard-halo-model-uncompensated,scale_dependent_camb
8,0.13796899,0.17404257,1480,1499,1489.5223154362416,1.8646941620254753e-06,1.693194329292767e-06,1.7240091800431144e-06,2.6970032744740623e-08,9.535346521314665e-09,0.908027902792155,0.9245533209426979,-17.985694840701303,standard-halo-model-uncompensated,scale_dependent_camb
8,0.13796899,0.17404257,1500,1519,1509.5220198675497,1.8354108026182867e-06,1.65948183802084e-06,1.689684037442651e-06,2.5359375807057402e-08,8.965893299914181e-09,0.9041473634423002,0.920602643850766,-19.62202300568653,standard-halo-model-uncompensated,scale_dependent_camb
8,0.13796899,0.17404257,1520,1539,1529.5217320261438,1.8066567711181225e-06,1.639119987472748e-06,1.6689766387665699e-06,2.1580302626536962e-08,7.629789163641074e-09,0.9072669550056884,0.9237928672714387,-21.958245510079458,standard-halo-model-uncompensated,scale_dependent_camb
8,0.13796899,0.17404257,1540,1559,1549.5214516129033,1.7784239954212675e-06,1.6112521035227313e-06,1.6406084441109939e-06,1.8367219920158505e-08,6.493792878544358e-09,0.9059999795723983,0.9225069209226294,-25.74333598641189,standard-halo-model-uncompensated,scale_dependent_camb
8,0.13796899,0.17404257,1560,1579,1569.521178343949,1.75070454871592e-06,1.5894841635173987e-06,1.6184359190295915e-06,2.0057542794688154e-08,7.091412262031684e-09,0.9079111405081052,0.924448342935224,-22.7345949214821,standard-halo-model-uncompensated,scale_dependent_camb
8,0.13796899,0.17404257,1580,1599,1589.5209119496856,1.7234906689851873e-06,1.5648978895962471e-06,1.5934186406440158e-06,1.8276266431819084e-08,6.46163596435567e-09,0.9079816431600866,0.9245298911784886,-24.54375026135575,standard-halo-model-uncompensated,scale_dependent_camb
8,0.13796899,0.17404257,1600,1619,1609.520652173913,1.6967746883072139e-06,1.5407151686984054e-06,1.568812402762823e-06,1.5310432568177526e-08,5.413055345928848e-09,0.9080257852240234,0.9245849867833352,-28.830209490871095,standard-halo-model-uncompensated,scale_dependent_camb
8,0.13796899,0.17404257,1620,1639,1629.520398773006,1.670549063791223e-06,1.5150877771105646e-06,1.5427233081144629e-06,1.6323943396910775e-08,5.771385535830487e-09,0.906940005504629,0.9234827887145881,-26.936562410448612,standard-halo-model-uncompensated,scale_dependent_camb
8,0.13796899,0.17404257,1640,1659,1649.5201515151516,1.644806305459827e-06,1.4962481440442089e-06,1.5235001989104422e-06,1.7819230053076394e-08,6.30004920302672e-09,0.90968045238975,0.926249001996942,-23.580476378541093,standard-halo-model-uncompensated,scale_dependent_camb
8,0.13796899,0.17404257,1660,1679,1669.5199101796406,1.6195390436758988e-06,1.4692551755039446e-06,1.4960277469761758e-06,1.6722833601653928e-08,5.912414520191874e-09,0.9072057763850805,0.9237367588129354,-25.418357873709628,standard-halo-model-uncompensated,scale_dependent_camb
8,0.13796899,0.17404257,1680,1699,1689.519674556213,1.5947399342664416e-06,1.4517822153134322e-06,1.4782108263409583e-06,2.0107637678242423e-08,7.109123477963671e-09,0.9103567196874843,0.9269290839079131,-20.109049926638495,standard-halo-model-uncompensated,scale_dependent_camb
8,0.13796899,0.17404257,1700,1719,1709.5194444444444,1.5704017423594389e-06,1.4235552890625844e-06,1.4495169514290252e-06,1.5545474048932508e-08,5.496155058379836e-09,0.9064911548835739,0.9230230152771028,-26.718033195399332,standard-halo-model-uncompensated,scale_dependent_camb
8,0.13796899,0.17404257,1720,1739,1729.519219653179,1.5465172558694147e-06,1.4032416074839197e-06,1.428801593839753e-06,1.7272514901156314e-08,6.106756207376659e-09,0.9073559329249457,0.9238833827537962,-23.461825479855428,standard-halo-model-uncompensated,scale_dependent_camb
8,0.13796899,0.17404257,1740,1759,1749.519,1.5230793205095778e-06,1.3808996366264755e-06,1.4060651474323507e-06,1.5292343302013444e-08,5.406659824543192e-09,0.9066498494408465,0.9231726335578652,-26.297138806049276,standard-halo-model-uncompensated,scale_dependent_camb
8,0.13796899,0.17404257,1760,1779,1769.5187853107345,1.500080849171504e-06,1.3630430423330567e-06,1.3879040109653662e-06,1.4073989422499935e-08,4.9759066794987225e-09,0.9086463860170381,0.9252194718250732,-27.540268671648917,standard-halo-model-uncompensated,scale_dependent_camb
8,0.13796899,0.17404257,1780,1799,1789.5185754189945,1.4775147991017221e-06,1.3442252735744601e-06,1.3686975802586324e-06,1.8838219468988402e-08,6.66031636600107e-09,0.9097880267539131,0.9263511817890103,-20.012491629926966,standard-halo-model-uncompensated,scale_dependent_camb
8,0.13796899,0.17404257,1800,1819,1809.5183701657459,1.4553741590049812e-06,1.326203624872613e-06,1.3503635106771357e-06,1.6172631220493486e-08,5.717888602820106e-09,0.911245824083698,0.9278462877205131,-22.590599975777824,standard-halo-model-uncompensated,scale_dependent_camb
8,0.13796899,0.17404257,1820,1839,1829.518169398907,1.4336519780009862e-06,1.3024176181007077e-06,1.3261562395563245e-06,1.4707190365880242e-08,5.19977701995769e-09,0.9084614942021946,0.9250196420790013,-25.238459148647543,standard-halo-model-uncompensated,scale_dependent_camb
8,0.13796899,0.17404257,1840,1859,1849.517972972973,1.4123413544949274e-06,1.2817281076460335e-06,1.3050799642810618e-06,1.4725574634442167e-08,5.206276840441336e-09,0.9075200577868776,0.9240542027092142,-25.087649168848625,standard-halo-model-uncompensated,scale_dependent_camb
8,0.13796899,0.17404257,1860,1879,1869.5177807486632,1.391435427408907e-06,1.2681949450505793e-06,1.291325741290506e-06,1.1575697240779352e-08,4.092627007958743e-09,0.9114292478610935,0.9280529414830103,-30.112805813641877,standard-halo-model-uncompensated,scale_dependent_camb
8,0.13796899,0.17404257,1880,1899,1889.5175925925926,1.3709273842806352e-06,1.2462052038699384e-06,1.268901037315734e-06,1.5791877092486095e-08,5.583271689880708e-09,0.9090234961816434,0.9255785914449164,-22.338547600459272,standard-halo-model-uncompensated,scale_dependent_camb
8,0.13796899,0.17404257,1900,1919,1909.5174083769634,1.3508104629881144e-06,1.2284404341300031e-06,1.2508546638103282e-06,9.830745612282633e-09,3.475693443282474e-09,0.9094099192958442,0.9260030907987824,-35.20737109154943,standard-halo-model-uncompensated,scale_dependent_camb
8,0.13796899,0.17404257,1920,1939,1929.5172279792746,1.3310779596524375e-06,1.2150979751156395e-06,1.2372533552392045e-06,1.0832521889498722e-08,3.829874842708129e-09,0.9128676245476396,0.9295123146372795,-30.282969888067644,standard-halo-model-uncompensated,scale_dependent_camb
8,0.13796899,0.17404257,1940,1959,1949.5170512820512,1.3117232151511904e-06,1.1949628880753474e-06,1.216749933964219e-06,1.1270906848200273e-08,3.984867331242155e-09,0.9109870697360608,0.9275965538385134,-29.30093209387894,standard-halo-model-uncompensated,scale_dependent_camb
8,0.13796899,0.17404257,1960,1979,1969.5168781725888,1.2927396266146233e-06,1.1771134929085044e-06,1.198564193225288e-06,1.5002671859457693e-08,5.304245503869562e-09,0.9105572914099368,0.9271505015778325,-21.798789973383986,standard-halo-model-uncompensated,scale_dependent_camb
8,0.13796899,0.17404257,1980,1999,1989.5167085427136,1.2741206449700301e-06,1.1561869715210408e-06,1.1772898747261906e-06,8.138820182796468e-09,2.877507471056659e-09,0.9074391629124231,0.9240018826897534,-40.98466281503085,standard-halo-model-uncompensated,scale_dependent_camb
8,0.13796899,0.17404257,2000,2019,2009.5165422885573,1.2558597904389534e-06,1.1426980749774045e-06,1.1635061754715754e-06,1.6221178695335184e-08,5.735052727155131e-09,0.9098930339811293,0.9264618425794984,-19.731591119595972,standard-halo-model-uncompensated,scale_dependent_camb
8,0.13796899,0.17404257,2020,2039,2029.5163793103447,1.2379506259462747e-06,1.123462041246507e-06,1.1439603123881279e-06,9.383993563085693e-09,3.3177427415344026e-09,0.907517648684693,0.9240758786431391,-34.50797533711685,standard-halo-model-uncompensated,scale_dependent_camb
8,0.13796899,0.17404257,2040,2059,2049.516219512195,1.2203868064977204e-06,1.1112779107203306e-06,1.1315176472141982e-06,1.4080707223140561e-08,4.978281780692545e-09,0.9105948251845563,0.9271795148797455,-21.91697870549451,standard-halo-model-uncompensated,scale_dependent_camb
8,0.13796899,0.17404257,2060,2079,2069.5160628019325,1.2031620073396184e-06,1.0973328963132959e-06,1.117341761233514e-06,1.203774630994621e-08,4.255986022983152e-09,0.9120408470507414,0.9286710803843726,-24.865944214765925,standard-halo-model-uncompensated,scale_dependent_camb
8,0.13796899,0.17404257,2080,2099,2089.515909090909,1.186270002948396e-06,1.079589482889255e-06,1.0992399669836135e-06,1.5593865462997113e-08,5.51326400689798e-09,0.9100706249049596,0.9266355587273766,-19.34979350266311,standard-halo-model-uncompensated,scale_dependent_camb
8,0.13796899,0.17404257,2100,2119,2109.5157582938386,1.1697046191603642e-06,1.064139675660888e-06,1.0835381536291999e-06,1.3319711086399668e-08,4.70922901631942e-09,0.9097507680398385,0.9263348505941472,-22.416608564512384,standard-halo-model-uncompensated,scale_dependent_camb
8,0.13796899,0.17404257,2120,2139,2129.5156103286386,1.153459782545701e-06,1.0510919218263662e-06,1.070245185870928e-06,1.2807540203906516e-08,4.528149264250817e-09,0.9112514694761116,0.927856525269466,-22.606997858378158,standard-halo-model-uncompensated,scale_dependent_camb
8,0.13796899,0.17404257,2140,2159,2149.515465116279,1.137529427300773e-06,1.0372154889716244e-06,1.0561281842396566e-06,9.618928551554733e-09,3.4008048032766237e-09,0.9118142037281778,0.9284403188985869,-29.497117338959782,standard-halo-model-uncompensated,scale_dependent_camb
8,0.13796899,0.17404257,2160,2179,2169.5153225806453,1.1219076210559887e-06,1.0210760572747048e-06,1.039688696167525e-06,1.0519551355337366e-08,3.7192230491995936e-09,0.9101248963026235,0.9267150669579411,-27.11092140682008,standard-halo-model-uncompensated,scale_dependent_camb
8,0.13796899,0.17404257,2180,2199,2189.5151826484016,1.1065884891759785e-06,1.0061142604464885e-06,1.02445448281341e-06,1.0202788680190837e-08,3.607230531388143e-09,0.9092036202144953,0.9257772811067918,-27.853564626718015,standard-halo-model-uncompensated,scale_dependent_camb
8,0.13796899,0.17404257,2200,2219,2209.515045248869,1.0915661925373541e-06,9.895059702827566e-07,1.007553619702784e-06,9.08347253358469e-09,3.211492512609742e-09,0.9065011146805878,0.9230348343426775,-31.77968556796066,standard-halo-model-uncompensated,scale_dependent_camb
8,0.13796899,0.17404257,2220,2239,2229.5149103139015,1.0768350528749811e-06,9.797567034182368e-07,9.97615583107305e-07,1.1675114120569014e-08,4.1277761828905826e-09,0.9098484496789362,0.926433050673664,-23.518317165336878,standard-halo-model-uncompensated,scale_dependent_camb
8,0.13796899,0.17404257,2240,2259,2249.514777777778,1.0623893575922675e-06,9.641567941022127e-07,9.817346193088834e-07,1.2744899060766609e-08,4.506002275703064e-09,0.9075361939687697,0.9240817524130938,-21.800380354829645,standard-halo-model-uncompensated,scale_dependent_camb
8,0.13796899,0.17404257,2260,2279,2269.5146475770925,1.048223594495214e-06,9.510868906598966e-07,9.68414389952361e-07,1.1201085899371194e-08,3.960181898049194e-09,0.9073320765288679,0.9238624230918154,-24.528343984191103,standard-halo-model-uncompensated,scale_dependent_camb
8,0.13796899,0.17404257,2280,2299,2289.514519650655,1.0343322047984354e-06,9.398194387570913e-07,9.569660482046571e-07,7.66592680076521e-09,2.7103144124503877e-09,0.9086243611067275,0.9252018295138988,-34.87151365434958,standard-halo-model-uncompensated,scale_dependent_camb
8,0.13796899,0.17404257,2300,2319,2309.514393939394,1.0207098322932347e-06,9.28144799195646e-07,9.450528061000533e-07,1.0838132667455729e-08,3.831858552278695e-09,0.9093130778513006,0.9258780274280279,-24.15669363435738,standard-halo-model-uncompensated,scale_dependent_camb
8,0.13796899,0.17404257,2320,2339,2329.514270386266,1.0073510971213038e-06,9.154511100105816e-07,9.321595983096059e-07,7.716979728289048e-09,2.7283643480761533e-09,0.9087706487109174,0.9253572076046059,-33.68317987864175,standard-halo-model-uncompensated,scale_dependent_camb
8,0.13796899,0.17404257,2340,2359,2349.5141489361704,9.942507791094517e-07,9.025636485713244e-07,9.190204194946856e-07,9.069228200682351e-09,3.2064563804153804e-09,0.9077826917870245,0.9243346234215177,-28.594535418644845,standard-halo-model-uncompensated,scale_dependent_camb
8,0.13796899,0.17404257,2360,2379,2369.514029535865,9.814036926354129e-07,8.912826981408117e-07,9.075346019660337e-07,1.0315610358918241e-08,3.6471190184346416e-09,0.90817133135846,0.9247311873557202,-24.710187421654666,standard-halo-model-uncompensated,scale_dependent_camb
8,0.13796899,0.17404257,2380,2399,2389.513912133891,9.688047401451778e-07,8.80958080839693e-07,8.970092519204787e-07,1.009532411892975e-08,3.569236071385667e-09,0.9093247011855858,0.9258927157871457,-24.61217401946198,standard-halo-model-uncompensated,scale_dependent_camb
8,0.13796899,0.17404257,2400,2419,2409.5137966804978,9.564489517614315e-07,8.687716714408513e-07,8.846149280802409e-07,8.473258189141776e-09,2.9957491621432974e-09,0.9083304130773415,0.9248950782486631,-29.267230190211173,standard-halo-model-uncompensated,scale_dependent_camb
8,0.13796899,0.17404257,2420,2439,2429.513683127572,9.44331355976223e-07,8.576960243900064e-07,8.733235983340927e-07,9.454707701522208e-09,3.3427439649415144e-09,0.9082574871225626,0.9248063116905353,-25.91742966103369,standard-halo-model-uncompensated,scale_dependent_camb
8,0.13796899,0.17404257,2440,2459,2449.5135714285716,9.324471352853964e-07,8.462251651936784e-07,8.616543130795307e-07,9.185389304281187e-09,3.2475255324478053e-09,0.9075315191296847,0.9240784602934107,-26.55005148696356,standard-halo-model-uncompensated,scale_dependent_camb
8,0.13796899,0.17404257,2460,2479,2469.5134615384613,9.207915460104868e-07,8.351146952105927e-07,8.50329679907113e-07,1.0271622385485743e-08,3.631566921282255e-09,0.906953043638263,0.9234768537909976,-23.59225443369849,standard-halo-model-uncompensated,scale_dependent_camb
8,0.13796899,0.17404257,2480,2499,2489.513353413655,9.093598832634272e-07,8.244980287875822e-07,8.395400928328209e-07,6.1928675746319915e-09,2.1895093285062842e-09,0.9066795709402744,0.9232209472667263,-38.75838909247263,standard-halo-model-uncompensated,scale_dependent_camb
8,0.13796899,0.17404257,2500,2519,2509.513247011952,8.981475683039063e-07,8.172452962298796e-07,8.32144807286722e-07,7.678195346444915e-09,2.7146519983730955e-09,0.9099231853103991,0.9265123423516847,-29.802078543589314,standard-halo-model-uncompensated,scale_dependent_camb
8,0.13796899,0.17404257,2520,2539,2529.51314229249,8.871500770741259e-07,8.052781169907371e-07,8.199775703913212e-07,5.893483334139916e-09,2.0836610151901187e-09,0.9077135174767641,0.9242828148036197,-39.292360651052704,standard-halo-model-uncompensated,scale_dependent_camb
8,0.13796899,0.17404257,2540,2559,2549.513039215686,8.763630115099804e-07,7.954758154364876e-07,8.099746253356273e-07,8.421712395844966e-09,2.9775249721523904e-09,0.9077012664716149,0.9242455634224391,-27.165916937724667,standard-halo-model-uncompensated,scale_dependent_camb
8,0.13796899,0.17404257,2560,2579,2569.512937743191,8.657819873806271e-07,7.872348589385243e-07,8.015913061444209e-07,7.832335593900601e-09,2.76914880548794e-09,0.9092760884530037,0.9258581465405497,-28.36508037648135,standard-halo-model-uncompensated,scale_dependent_camb
8,0.13796899,0.17404257,2580,2599,2589.5128378378377,8.554027427581679e-07,7.780095544912644e-07,7.921985561388841e-07,6.945583839439264e-09,2.4556347160835997e-09,0.9095242692145735,0.926111779329246,-31.51657197220885,standard-halo-model-uncompensated,scale_dependent_camb
8,0.13796899,0.17404257,2600,2619,2609.5127394636015,8.452211031476779e-07,7.685084581576513e-07,7.825415028115959e-07,5.164307842850171e-09,1.8258585479071136e-09,0.9092395531721321,0.925842362308918,-42.01456080919214,standard-halo-model-uncompensated,scale_dependent_camb
8,0.13796899,0.17404257,2620,2639,2629.5126425855515,8.352329432872407e-07,7.586201606542472e-07,7.724444418471627e-07,8.616608329595016e-09,3.0464310903425627e-09,0.9082737537489036,0.924825161717209,-25.148372098703398,standard-halo-model-uncompensated,scale_dependent_camb
8,0.13796899,0.17404257,2640,2659,2649.512547169811,8.254342473756124e-07,7.506065138017485e-07,7.643019737199214e-07,5.365635220136933e-09,1.8970385247660992e-09,0.9093474328067058,0.9259392570031408,-39.44449867357859,standard-halo-model-uncompensated,scale_dependent_camb
8,0.13796899,0.17404257,2660,2679,2669.5124531835204,8.158210687779423e-07,7.404671877285183e-07,7.539776311342041e-07,6.45129173271523e-09,2.2808760658078257e-09,0.9076343037299831,0.9241948510396079,-33.03725361453852,standard-halo-model-uncompensated,scale_dependent_camb
8,0.13796899,0.17404257,2680,2699,2689.5123605947956,8.063895180826112e-07,7.333281684237221e-07,7.467159743780733e-07,3.967202392780644e-09,1.4026178571373453e-09,0.9093969502076238,0.9259991079169451,-52.08927669579419,standard-halo-model-uncompensated,scale_dependent_camb
8,0.13796899,0.17404257,2700,2719,2709.512269372694,7.971357951042246e-07,7.239239613782872e-07,7.371416514137093e-07,4.229198825444264e-09,1.4952475842289104e-09,0.9081563841749635,0.9247378626590578,-48.96301756186573,standard-halo-model-uncompensated,scale_dependent_camb
8,0.13796899,0.17404257,2720,2739,2729.5121794871793,7.880561895358343e-07,7.156068523245611e-07,7.286647007666879e-07,6.3155623579096e-09,2.2328884851421898e-09,0.9080657722465881,0.9246354643770668,-32.44646461001375,standard-halo-model-uncompensated,scale_dependent_camb
8,0.13796899,0.17404257,2740,2759,2749.512090909091,7.791470513541665e-07,7.078388329729373e-07,7.207523720547311e-07,5.291698498625508e-09,1.8708979461863843e-09,0.9084791269410637,0.9250530702799366,-38.11443511741676,standard-halo-model-uncompensated,scale_dependent_camb
8,0.13796899,0.17404257,2760,2779,2769.5120036101084,7.704048079336276e-07,6.983736148144176e-07,7.110999824872559e-07,7.56446509643309e-09,2.6744422828683943e-09,0.9065021500678178,0.9230212158132314,-26.933164189266062,standard-halo-model-uncompensated,scale_dependent_camb
8,0.13796899,0.17404257,2780,2799,2789.511917562724,7.618259581010047e-07,6.923095129347118e-07,7.049421771015423e-07,5.3385729123522635e-09,1.8874705540915505e-09,0.9087502277559879,0.9253323145600657,-36.830479297067285,standard-halo-model-uncompensated,scale_dependent_camb
8,0.13796899,0.17404257,2800,2819,2809.5118327402133,7.53407078990574e-07,6.844509649204132e-07,6.969456955833222e-07,4.638593233114729e-09,1.6399903651507281e-09,0.9084742949820046,0.9250585971625066,-42.046658038642335,standard-halo-model-uncompensated,scale_dependent_camb
8,0.13796899,0.17404257,2820,2839,2829.511749116608,7.451448104681547e-07,6.76320057335288e-07,6.886619891642522e-07,4.630751050476759e-09,1.6372177348894223e-09,0.9076357344693499,0.9241988664345447,-42.037629855942804,standard-halo-model-uncompensated,scale_dependent_camb
8,0.13796899,0.17404257,2840,2859,2849.5116666666668,7.370358653575826e-07,6.67167473618574e-07,6.793468436139002e-07,4.565659535056316e-09,1.6142044089136704e-09,0.9052035389009041,0.9217283385311328,-43.28348463998355,standard-halo-model-uncompensated,scale_dependent_camb
8,0.13796899,0.17404257,2860,2879,2869.5115853658535,7.290770275833668e-07,6.625499945650649e-07,6.746361362022729e-07,5.378219412209608e-09,1.901487708541271e-09,0.9087517086653855,0.9253290265343482,-34.98683305680592,standard-halo-model-uncompensated,scale_dependent_camb
8,0.13796899,0.17404257,2880,2899,2889.5115051903113,7.212651507552966e-07,6.53405957353874e-07,6.653388580143442e-07,4.379073315662281e-09,1.5482362184089288e-09,0.905916439564061,0.9224608416441757,-43.8299999667746,standard-halo-model-uncompensated,scale_dependent_camb
8,0.13796899,0.17404257,2900,2919,2909.5114261168383,7.135971471398235e-07,6.476495466284312e-07,6.59457585153219e-07,5.925383823844792e-09,2.0949395414868636e-09,0.9075842710754695,0.9241314764169085,-31.479476713006523,standard-halo-model-uncompensated,scale_dependent_camb
8,0.13796899,0.17404257,2920,2939,2929.511348122867,7.060700058134549e-07,6.410643355978654e-07,6.527648692372228e-07,4.477677688946844e-09,1.5830981289110107e-09,0.9079331090679922,0.9245044597032274,-41.062312580904845,standard-halo-model-uncompensated,scale_dependent_camb
8,0.13796899,0.17404257,2940,2959,2949.511271186441,6.986807715961505e-07,6.351248199962809e-07,6.467186778984207e-07,3.812364513329631e-09,1.347874399865167e-09,0.9090343484697958,0.9256282757302433,-47.15272551079486,standard-halo-model-uncompensated,scale_dependent_camb
8,0.13796899,0.17404257,2960,2979,2969.5111952861953,6.914265594979409e-07,6.28133386990253e-07,6.396000872016521e-07,4.0879101663043414e-09,1.4452944997376134e-09,0.9084600213309042,0.9250441401413317,-43.79257827327124,standard-halo-model-uncompensated,scale_dependent_camb
8,0.13796899,0.17404257,2980,2999,2989.511120401338,6.843045537994419e-07,6.212452040779772e-07,6.325779596080943e-07,5.285264116637041e-09,1.8686230486179895e-09,0.907848998853884,0.9244099810469656,-33.7464261548645,standard-halo-model-uncompensated,scale_dependent_camb
8,0.13796899,0.17404257,3000,3019,3009.5110465116277,6.773119753697769e-07,6.160656040072351e-07,6.273136473078388e-07,3.4010493975199373e-09,1.2024525460683848e-09,0.9095743562940779,0.9261812430901705,-50.93454337370467,standard-halo-model-uncompensated,scale_dependent_camb
8,0.13796899,0.17404257,3020,3039,3029.5109735973597,6.70446120858122e-07,6.084210704137599e-07,6.195288989385718e-07,3.9114818145876246e-09,1.3829176577913855e-09,0.9074868978808103,0.9240547147108855,-44.85086302493263,standard-halo-model-uncompensated,scale_dependent_camb
8,0.13796899,0.17404257,3040,3059,3049.5109016393444,6.637043507131474e-07,6.030282670209411e-07,6.140291758536656e-07,4.882223090991778e-09,1.7261265274529163e-09,0.9085796505220884,0.9251546644132947,-35.151585197952045,standard-halo-model-uncompensated,scale_dependent_camb
8,0.13796899,0.17404257,3060,3079,3069.5108306188927,6.570840903973712e-07,5.979051578054659e-07,6.088207425038062e-07,3.510068759740123e-09,1.2409967112216475e-09,0.9099370484588708,0.9265492064122602,-47.68661516729495,standard-halo-model-uncompensated,scale_dependent_camb
8,0.13796899,0.17404257,3080,3099,3089.5107605177996,6.505827933421129e-07,5.899551796665529e-07,6.007104127903562e-07,5.867923816018836e-09,2.074624360896481e-09,0.9068103025533314,0.9233419926531456,-29.223417413917662,standard-halo-model-uncompensated,scale_dependent_camb
8,0.13796899,0.17404257,3100,3119,3109.510691318328,6.441979997819429e-07,5.858001464935232e-07,5.96500401443748e-07,2.817737174202125e-09,9.962205317398712e-10,0.9093479748335341,0.925958170695438,-58.61940346323667,standard-halo-model-uncompensated,scale_dependent_camb
8,0.13796899,0.17404257,3120,3139,3129.5106230031947,6.379273086230442e-07,5.791945679520516e-07,5.897554899413786e-07,5.107381172904834e-09,1.8057319307327555e-09,0.907931922842798,0.9244869783272899,-32.52572525931866,standard-halo-model-uncompensated,scale_dependent_camb
8,0.13796899,0.17404257,3140,3159,3149.5105555555556,6.317683134915648e-07,5.735370490257357e-07,5.839932587259372e-07,6.130968211553195e-09,2.1676245988142116e-09,0.9078281337916347,0.924378836758065,-26.8640909951309,standard-halo-model-uncompensated,scale_dependent_camb
8,0.13796899,0.17404257,3160,3179,3169.5104889589907,6.257187325116122e-07,5.673056671730493e-07,5.776536460234645e-07,4.842874410820747e-09,1.712214668163078e-09,0.9066464494292907,0.9231841976422598,-34.115503403104476,standard-halo-model-uncompensated,scale_dependent_camb
8,0.13796899,0.17404257,3180,3199,3189.510423197492,6.197762970693961e-07,5.63490551460621e-07,5.737685599883563e-07,4.963569322599637e-09,1.7548867634498607e-09,0.9091837718303821,0.9257671884217147,-32.073719388096166,standard-halo-model-uncompensated,scale_dependent_camb
8,0.13796899,0.17404257,3200,3219,3209.5103582554516,6.139388166158397e-07,5.582064938563981e-07,5.683915910224839e-07,4.1491523507467954e-09,1.4669468816945816e-09,0.9092216988874398,0.9258114581442793,-37.99205237415342,standard-halo-model-uncompensated,scale_dependent_camb
8,0.13796899,0.17404257,3220,3239,3229.510294117647,6.082041214166258e-07,5.522580020868483e-07,5.623390489114675e-07,3.496217303605465e-09,1.2360994819405852e-09,0.9080142383786086,0.9245893428043045,-45.26020773178081,standard-halo-model-uncompensated,scale_dependent_camb
8,0.13796899,0.17404257,3240,3259,3249.510230769231,6.02570083677577e-07,5.474214493444622e-07,5.574214273674413e-07,3.2518570913766846e-09,1.1497051003810081e-09,0.9084776429713631,0.925073186450634,-47.96763475680741,standard-halo-model-uncompensated,scale_dependent_camb
8,0.13796899,0.17404257,3260,3279,3269.5101681957185,5.970346559320685e-07,5.436641606751541e-07,5.535760369765277e-07,5.099056892592816e-09,1.8027888532041924e-09,0.9106073747534901,0.9272092188891535,-29.604407172840123,standard-halo-model-uncompensated,scale_dependent_camb
8,0.13796899,0.17404257,3280,3299,3289.510106382979,5.915958458953967e-07,5.375658561037023e-07,5.473641915703235e-07,5.472123740763488e-09,1.9346879022928795e-09,0.9086707755529986,0.925233325027617,-27.92697970957546,standard-halo-model-uncompensated,scale_dependent_camb
8,0.13796899,0.17404257,3300,3319,3309.5100453172204,5.862516424445306e-07,5.341637543685962e-07,5.439106121205277e-07,3.716567320334586e-09,1.3140049774724507e-09,0.9111509728847149,0.927776696458451,-39.64055613862891,standard-halo-model-uncompensated,scale_dependent_camb
8,0.13796899,0.17404257,3320,3339,3329.509984984985,5.81000136340679e-07,5.271626672606234e-07,5.367904637059425e-07,3.5165774907974307e-09,1.2432978951554184e-09,0.9073365637758006,0.9239076381062785,-43.302147691101545,standard-halo-model-uncompensated,scale_dependent_camb
8,0.13796899,0.17404257,3340,3359,3349.509925373134,5.758394481565718e-07,5.244102812233715e-07,5.339813880185963e-07,3.5083750669486846e-09,1.2403979003926113e-09,0.9106883574964516,0.9273094952560558,-41.46183004415109,standard-halo-model-uncompensated,scale_dependent_camb
8,0.13796899,0.17404257,3360,3379,3369.5098664688426,5.707677494796058e-07,5.21454845509893e-07,5.309714023425898e-07,3.4057139206728547e-09,1.2041017040445994e-09,0.9136025046708164,0.9302757607217644,-40.95410197001626,standard-halo-model-uncompensated,scale_dependent_camb
8,0.13796899,0.17404257,3380,3399,3389.509808259587,5.657832075880892e-07,5.153844155396945e-07,5.247912423923293e-07,3.498795086764021e-09,1.2370108659165069e-09,0.9109220786823231,0.9275482823703677,-40.742400440479514,standard-halo-model-uncompensated,scale_dependent_camb
8,0.13796899,0.17404257,3400,3419,3409.509750733138,5.608840944894696e-07,5.100739988987204e-07,5.19383993745014e-07,3.653896972459553e-09,1.2918476634915728e-09,0.9094107034056692,0.9260094890331485,-39.331336833803626,standard-halo-model-uncompensated,scale_dependent_camb
8,0.13796899,0.17404257,3420,3439,3429.509693877551,5.560686974845253e-07,5.064408486934865e-07,5.156829801316934e-07,3.692427537207162e-09,1.3054702752995636e-09,0.9107523062967955,0.92737279128366,-38.01530355001825,standard-halo-model-uncompensated,scale_dependent_camb
8,0.13796899,0.17404257,3440,3459,3449.5096376811593,5.513353019984788e-07,5.030429233791161e-07,5.122301378000363e-07,2.309613815760617e-09,8.165717955232348e-10,0.9124083321994573,0.9290719022404438,-59.14039510563596,standard-halo-model-uncompensated,scale_dependent_camb
8,0.13796899,0.17404257,3460,3479,3469.509582132565,5.466823062445729e-07,4.987463602604244e-07,5.078472042755688e-07,3.905863575916499e-09,1.3809313104600468e-09,0.9123148025158454,0.9289622116439411,-34.71276639254343,standard-halo-model-uncompensated,scale_dependent_camb
8,0.13796899,0.17404257,3480,3499,3489.5095272206304,5.421080861416269e-07,4.954701251981905e-07,5.045172966163356e-07,2.3086173900157346e-09,8.162195058226572e-10,0.9139692579105854,0.9306581279891283,-57.138993384421354,standard-halo-model-uncompensated,scale_dependent_camb
8,0.13796899,0.17404257,3500,3519,3509.509472934473,5.376110629342409e-07,4.911595435351782e-07,5.001234217686123e-07,3.707430484468131e-09,1.3107746181725712e-09,0.9135964220201613,0.930269959548407,-35.43822008380316,standard-halo-model-uncompensated,scale_dependent_camb
8,0.13796899,0.17404257,3520,3539,3529.509419263456,5.331897561911168e-07,4.865334862439437e-07,4.954178249335872e-07,2.811771189268848e-09,9.941112375384827e-10,0.912495937130402,0.9291585578699855,-46.932645146129325,standard-halo-model-uncompensated,scale_dependent_camb
8,0.13796899,0.17404257,3540,3559,3549.509366197183,5.288425960404968e-07,4.834245682363553e-07,4.922534348074195e-07,2.8422606780582702e-09,1.0048908996774388e-09,0.9141180605643506,0.9308127569393533,-45.19697393888262,standard-halo-model-uncompensated,scale_dependent_camb
8,0.13796899,0.17404257,3560,3579,3569.5093137254903,5.245681741870963e-07,4.79476495639762e-07,4.882379320204406e-07,2.7600209900700144e-09,9.75814779147858e-10,0.9140403845177774,0.9307425727400345,-46.20925969855797,standard-halo-model-uncompensated,scale_dependent_camb
8,0.13796899,0.17404257,3580,3599,3589.50926183844,5.203650385496117e-07,4.758235767591669e-07,4.845108370148682e-07,2.8397221798682045e-09,1.0039934050353261e-09,0.9144034312631898,0.93109798145802,-44.3642971826867,standard-halo-model-uncompensated,scale_dependent_camb
8,0.13796899,0.17404257,3600,3619,3609.5092105263157,5.162317805952723e-07,4.7246507674893444e-07,4.810854504627035e-07,4.072635347005387e-09,1.4398940355837684e-09,0.91521888908918,0.931917538877515,-30.39578105384247,standard-halo-model-uncompensated,scale_dependent_camb
8,0.13796899,0.17404257,3620,3639,3629.5091597796145,5.121670764784441e-07,4.688952591161678e-07,4.774535581640076e-07,3.2924635517213284e-09,1.164061652115848e-09,0.9155123018453188,0.9322222768532497,-37.173131924433356,standard-halo-model-uncompensated,scale_dependent_camb
8,0.13796899,0.17404257,3640,3659,3649.509109589041,5.081695238207314e-07,4.6556080523606745e-07,4.7405511275815436e-07,3.6981176423839547e-09,1.3074820312776508e-09,0.9161525503058402,0.9328680500040935,-32.58837793971618,standard-halo-model-uncompensated,scale_dependent_camb
8,0.13796899,0.17404257,3660,3679,3669.5090599455043,5.042378905340258e-07,4.6171886374665725e-07,4.701494279292078e-07,2.463891418830862e-09,8.711171651813232e-10,0.9156766526562736,0.9323960708928166,-48.8097680620473,standard-halo-model-uncompensated,scale_dependent_camb
8,0.13796899,0.17404257,3680,3699,3689.509010840108,5.003708251507445e-07,4.583024082743066e-07,4.6666704301863563e-07,3.2769911132451417e-09,1.1585913190318464e-09,0.9159255201104818,0.9326423915264143,-36.30997072513154,standard-halo-model-uncompensated,scale_dependent_camb
8,0.13796899,0.17404257,3700,3719,3709.508962264151,4.965671495460604e-07,4.560071089162404e-07,4.6432825937113454e-07,3.5195665443748486e-09,1.2443546851823795e-09,0.9183191222639311,0.9350764741397065,-32.59524082064697,standard-halo-model-uncompensated,scale_dependent_camb
8,0.13796899,0.17404257,3720,3739,3729.508914209115,4.928255794647497e-07,4.5180624191410905e-07,4.6005243292786464e-07,3.0552728711199117e-09,1.0802020827720911e-09,0.9167670282147466,0.9334995018471252,-37.97376269204549,standard-halo-model-uncompensated,scale_dependent_camb
8,0.13796899,0.17404257,3740,3759,3749.5088666666666,4.891449800433772e-07,4.487966524380425e-07,4.56985585320843e-07,3.392039386851863e-09,1.1992670262474053e-09,0.9175125387124352,0.9342538592143329,-33.64415657419316,standard-halo-model-uncompensated,scale_dependent_camb
8,0.13796899,0.17404257,3760,3779,3769.5088196286474,4.85524132708038e-07,4.453489895023051e-07,4.534791034866555e-07,2.690096356433048e-09,9.51092687839516e-10,0.9172540755458357,0.9339991010484905,-42.24103888023159,standard-halo-model-uncompensated,scale_dependent_camb
8,0.13796899,0.17404257,3780,3799,3789.5087730870714,4.819619456572575e-07,4.432915524525446e-07,4.5138871030297e-07,2.1786983673724735e-09,7.702861948645679e-10,0.9197646337990906,0.936565042884051,-50.202630480106016,standard-halo-model-uncompensated,scale_dependent_camb
8,0.13796899,0.17404257,3800,3819,3809.5087270341205,4.784572530122943e-07,4.400819516506851e-07,4.481173577357536e-07,2.7788271885976266e-09,9.824637744014654e-10,0.9197936678355191,0.9365880753494167,-39.06027108733662,standard-halo-model-uncompensated,scale_dependent_camb
8,0.13796899,0.17404257,3820,3839,3829.508681462141,4.750090190034723e-07,4.3789416719791e-07,4.458863068776355e-07,3.4779946976580504e-09,1.2296568178224317e-09,0.9218649534625131,0.9386901912158768,-30.18309764775516,standard-halo-model-uncompensated,scale_dependent_camb
8,0.13796899,0.17404257,3840,3859,3849.5086363636365,4.7161611729095257e-07,4.3353910990292526e-07,4.414544979899052e-07,2.4821135278488267e-09,8.775596536083849e-10,0.9192627096657585,0.936046249915501,-43.389651326221234,standard-halo-model-uncompensated,scale_dependent_camb
8,0.13796899,0.17404257,3860,3879,3869.5085917312663,4.682775707552402e-07,4.3063631223872905e-07,4.384930610896918e-07,3.0589019666676724e-09,1.0814851618077889e-09,0.9196176352076758,0.9363956090881914,-34.80515484243053,standard-halo-model-uncompensated,scale_dependent_camb
8,0.13796899,0.17404257,3880,3899,3889.5085475578408,4.6499228845741306e-07,4.291550914497157e-07,4.3699144546221465e-07,2.4152088660322012e-09,8.539052835766206e-10,0.9229294809886304,0.9397821346928361,-41.96858562297639,standard-halo-model-uncompensated,scale_dependent_camb
8,0.13796899,0.17404257,3900,3919,3909.5085038363172,4.6175934533505794e-07,4.257290546292247e-07,4.334981256060361e-07,2.99206947036342e-09,1.057856306137608e-09,0.9219717130366052,0.9387966480493964,-34.05972105737614,standard-halo-model-uncompensated,scale_dependent_camb
8,0.13796899,0.17404257,3920,3939,3929.5084605597963,4.585776966118977e-07,4.237829299378137e-07,4.3151810334052963e-07,2.923533717410425e-09,1.0336252583042134e-09,0.9241245988822447,0.9409923477061968,-33.66284482169969,standard-halo-model-uncompensated,scale_dependent_camb
8,0.13796899,0.17404257,3940,3959,3949.508417721519,4.5544644005568333e-07,4.2069331172521244e-07,4.2837152166973273e-07,3.350402401973395e-09,1.1845461290695423e-09,0.9236943682637591,0.9405530134725822,-29.338771600029943,standard-halo-model-uncompensated,scale_dependent_camb
8,0.13796899,0.17404257,3960,3979,3969.5083753148615,4.5236461590461046e-07,4.1793653598975633e-07,4.255734860575552e-07,1.3504839169289073e-09,4.774681677719002e-10,0.9238930749567867,0.9407753637107977,-72.1054977874491,standard-halo-model-uncompensated,scale_dependent_camb
8,0.13796899,0.17404257,3980,3999,3989.508333333333,4.493313070219502e-07,4.1548962191107385e-07,4.2307076566456184e-07,3.5209599190182895e-09,1.2448473175119348e-09,0.9246843374098054,0.9415563951431821,-27.18541031884572,standard-halo-model-uncompensated,scale_dependent_camb
8,0.13796899,0.17404257,4000,4019,4009.5082917705736,4.46345653297992e-07,4.1323946022016055e-07,4.2078684494008834e-07,2.502952384173883e-09,8.849273019181945e-10,0.9258283511148503,0.9427376335603297,-37.41120090437879,standard-halo-model-uncompensated,scale_dependent_camb
8,0.13796899,0.17404257,4020,4039,4029.5082506203476,4.434067295847674e-07,4.101814504006937e-07,4.176698517598174e-07,2.652266996156401e-09,9.377179892497328e-10,0.9250681666126541,0.9419565015419329,-35.4320590678411,standard-halo-model-uncompensated,scale_dependent_camb
8,0.13796899,0.17404257,4040,4059,4049.5082098765433,4.405137349183035e-07,4.076469696274698e-07,4.150901077770178e-07,2.2213850576813683e-09,7.853782189564828e-10,0.9253899193473978,0.942286414415658,-41.848327974390614,standard-halo-model-uncompensated,scale_dependent_camb
8,0.13796899,0.17404257,4060,4079,4069.5081695331696,4.376657854550057e-07,4.061608943724857e-07,4.1357192384888515e-07,3.2960929343230423e-09,1.1653448326404443e-09,0.9280160978318949,0.9449491771876294,-27.034822826764557,standard-halo-model-uncompensated,scale_dependent_camb
8,0.13796899,0.17404257,4080,4096,4088.005870123517,4.350706524360793e-07,4.043924704078729e-07,4.1178351517858386e-07,1.0679528439140948e-09,3.775783489595575e-10,0.9294868963088387,0.9464750446229724,-81.24984420516228,standard-halo-model-uncompensated,scale_dependent_camb
9,0.10256817,0.13796899,20,39,30.608333333333334,0.00023165424301234004,0.0002222642506746393,0.00022573156241082915,7.798035922486935e-06,2.757022040363403e-06,0.9594654852179826,0.9744331011403258,-3.405845945454633,standard-halo-model-uncompensated,scale_dependent_camb
9,0.10256817,0.13796899,40,59,50.165,0.0001302053711049889,0.00012203124075622905,0.0001239357768590668,3.3016637170656434e-06,1.1673144017673495e-06,0.9372212507103967,0.9518484207470465,-7.002509637835337,standard-halo-model-uncompensated,scale_dependent_camb
9,0.10256817,0.13796899,60,79,69.975,8.180939746530564e-05,7.541388676160724e-05,7.656901289696982e-05,3.1957262891442973e-06,1.129859864935027e-06,0.9218242536695047,0.9359439779450985,-5.660445956336521,standard-halo-model-uncompensated,scale_dependent_camb
9,0.10256817,0.13796899,80,99,89.86944444444444,5.6345105210066553e-05,5.332010142777599e-05,5.414816478451325e-05,1.3395492697795839e-06,4.7360218619731584e-07,0.9463129268991033,0.9610092053717418,-6.387225123640497,standard-halo-model-uncompensated,scale_dependent_camb
9,0.10256817,0.13796899,100,119,109.80227272727272,4.158306913943664e-05,3.891519162308449e-05,3.951572981545368e-05,8.825415475036086e-07,3.120255564593356e-07,0.9358422172397568,0.9502841092115942,-8.550189114717082,standard-halo-model-uncompensated,scale_dependent_camb
9,0.10256817,0.13796899,120,139,129.75576923076923,3.234936546212296e-05,3.0290384986625525e-05,3.0757703694867626e-05,8.52543970500294e-07,3.014198114002309e-07,0.9363517507659234,0.9507977438036932,-6.83093943272189,standard-halo-model-uncompensated,scale_dependent_camb
9,0.10256817,0.13796899,140,159,149.72166666666666,2.6106676465911546e-05,2.414221100452158e-05,2.4514702672556665e-05,5.737230428588872e-07,2.0284172706424967e-07,0.9247523726754326,0.9390204342772784,-9.684720643143237,standard-halo-model-uncompensated,scale_dependent_camb
9,0.10256817,0.13796899,160,179,169.6955882352941,2.176667149311302e-05,2.0181875019019456e-05,2.0496354717496754e-05,3.919956806752583e-07,1.385914020006558e-07,0.9271916023267501,0.9416393647499943,-11.435027362563698,standard-halo-model-uncompensated,scale_dependent_camb
9,0.10256817,0.13796899,180,199,189.675,1.864040553508265e-05,1.7022985148077448e-05,1.7285853250662814e-05,3.8287488565329377e-07,1.35366713995734e-07,0.9132304077847933,0.9273324669964681,-11.948435027064155,standard-halo-model-uncompensated,scale_dependent_camb
9,0.10256817,0.13796899,200,219,209.65833333333333,1.6319972327815716e-05,1.4488453335478636e-05,1.4714143340829593e-05,2.406860092137748e-07,8.5095354625894e-08,0.8877743812582669,0.9016034491523522,-21.523137195784837,standard-halo-model-uncompensated,scale_dependent_camb
9,0.10256817,0.13796899,220,239,229.64456521739132,1.4552074381811864e-05,1.2773969978676425e-05,1.2973218501645816e-05,1.9415623085516602e-07,6.864459372365434e-08,0.8778109322092367,0.8915030366983688,-25.903050869433876,standard-halo-model-uncompensated,scale_dependent_camb
9,0.10256817,0.13796899,240,259,249.633,1.3174740140694321e-05,1.1353917067664605e-05,1.1529221736445485e-05,2.605975122738323e-07,9.213513404458569e-08,0.8617943842850052,0.8751005039434413,-19.76252698724669,standard-halo-model-uncompensated,scale_dependent_camb
9,0.10256817,0.13796899,260,279,269.6231481481482,1.2078151256444608e-05,1.023704984488948e-05,1.03962804566699e-05,1.679930878606116e-07,5.939452580935297e-08,0.8475676142428866,0.8607509738812632,-30.997829959359755,standard-halo-model-uncompensated,scale_dependent_camb
9,0.10256817,0.13796899,280,299,289.6146551724138,1.1189563811926578e-05,9.463206668185631e-06,9.610888028500562e-06,9.340539336341749e-08,3.302379352333472e-08,0.845717208216742,0.8589153420133,-52.27616089959797,standard-halo-model-uncompensated,scale_dependent_camb
9,0.10256817,0.13796899,300,319,309.60725806451615,1.0458051063433728e-05,8.793008079762786e-06,8.929175700727366e-06,1.727892762435813e-07,6.109023447407598e-08,0.8407884056435031,0.8538087686287906,-27.2554688651181,standard-halo-model-uncompensated,scale_dependent_camb
9,0.10256817,0.13796899,320,339,329.6007575757576,9.846723163111638e-06,8.17830272220449e-06,8.304535538613202e-06,1.950114718025122e-07,6.894696706036279e-08,0.8305608461546394,0.8433806253154482,-24.19860527652294,standard-halo-model-uncompensated,scale_dependent_camb
9,0.10256817,0.13796899,340,359,349.595,9.328548416077354e-06,7.683677616031253e-06,7.802553459342244e-06,1.5112565579933366e-07,5.343098801348646e-08,0.8236734455693838,0.8364166761352577,-30.784959462679623,standard-halo-model-uncompensated,scale_dependent_camb
9,0.10256817,0.13796899,360,379,369.58986486486486,8.883521090893145e-06,7.300736796864745e-06,7.414085857174301e-06,1.4826428497105012e-07,5.241934065540213e-08,0.8218291736087646,0.8345886480502398,-30.194662394428363,standard-halo-model-uncompensated,scale_dependent_camb
9,0.10256817,0.13796899,380,399,389.5852564102564,8.496617808158574e-06,6.970711496484278e-06,7.078273227142951e-06,1.7077508448254022e-07,6.037811014765486e-08,0.8204101507061905,0.8330695091812053,-25.272508661544517,standard-halo-model-uncompensated,scale_dependent_camb
9,0.10256817,0.13796899,400,419,409.5810975609756,8.156409786472416e-06,6.719301974150757e-06,6.8224307369972625e-06,1.7764487854178655e-07,6.280694912997893e-08,0.8238063253387375,0.8364502171424018,-22.881350427443387,standard-halo-model-uncompensated,scale_dependent_camb
9,0.10256817,0.13796899,420,439,429.57732558139537,7.85407931087967e-06,6.502526857663337e-06,6.603079879848617e-06,1.367603728271944e-07,4.83520935118548e-08,0.8279171371055386,0.8407197863028787,-27.952304751498783,standard-halo-model-uncompensated,scale_dependent_camb
9,0.10256817,0.13796899,440,459,449.5738888888889,7.5827437669459384e-06,6.282120366052963e-06,6.379004109732548e-06,1.4205062200693364e-07,5.02224790464349e-08,0.828475886714972,0.8412527583405057,-25.897236169692853,standard-halo-model-uncompensated,scale_dependent_camb
9,0.10256817,0.13796899,460,479,469.5707446808511,7.336980339016254e-06,6.09532388111478e-06,6.189403489744116e-06,1.200339445889929e-07,4.243840809572358e-08,0.8307673728797322,0.8435900334679095,-29.257847162900358,standard-halo-model-uncompensated,scale_dependent_camb
9,0.10256817,0.13796899,480,499,489.5678571428571,7.112477673949563e-06,5.936526831314173e-06,6.0282768707602075e-06,1.1967954037287128e-07,4.2313107283473235e-08,0.8346636859132124,0.8475635562048383,-27.791644673060812,standard-halo-model-uncompensated,scale_dependent_camb
9,0.10256817,0.13796899,500,519,509.56519607843137,6.905781880482699e-06,5.821252553089113e-06,5.910905294128666e-06,1.3709531326536075e-07,4.847051283941531e-08,0.8429534343592995,0.855935706691551,-22.375033063641684,standard-halo-model-uncompensated,scale_dependent_camb
9,0.10256817,0.13796899,520,539,529.5627358490566,6.714109970393451e-06,5.725122517290585e-06,5.813614515034115e-06,1.0863061709814382e-07,3.8406722997288405e-08,0.85270014082821,0.8658801450482398,-25.750373265969376,standard-halo-model-uncompensated,scale_dependent_camb
9,0.10256817,0.13796899,540,559,549.5604545454545,6.535205763204588e-06,5.576302756456661e-06,5.661861068816781e-06,1.5538647506572202e-07,5.4937415111823206e-08,0.8532711835720805,0.8663630915333941,-17.454461677822177,standard-halo-model-uncompensated,scale_dependent_camb
9,0.10256817,0.13796899,560,579,569.5583333333333,6.367229916226579e-06,5.4181650343908134e-06,5.501679771056753e-06,1.224669236406557e-07,4.329859608868137e-08,0.850945404151793,0.8640617416745053,-21.919068227800103,standard-halo-model-uncompensated,scale_dependent_camb
9,0.10256817,0.13796899,580,599,589.5563559322034,6.2086751702676775e-06,5.314078945286805e-06,5.395536611543533e-06,1.4896139801052928e-07,5.266580733413677e-08,0.855911897393997,0.8690318729157983,-16.98628142743794,standard-halo-model-uncompensated,scale_dependent_camb
9,0.10256817,0.13796899,600,619,609.5545081967213,6.0583004796266145e-06,5.2252057075030715e-06,5.305647747771315e-06,1.3082778438073686e-07,4.6254606751615255e-08,0.8624870498046198,0.875765037672465,-18.011065937652806,standard-halo-model-uncompensated,scale_dependent_camb
9,0.10256817,0.13796899,620,639,629.5527777777778,5.9150801617223445e-06,5.132053725767351e-06,5.210856773363044e-06,1.410936873582612e-07,4.988415155682057e-08,0.8676220077249143,0.8809444049606514,-15.69689794288847,standard-halo-model-uncompensated,scale_dependent_camb
9,0.10256817,0.13796899,640,659,649.5511538461539,5.778162817358458e-06,5.001942819769265e-06,5.07875389261514e-06,1.4466620876778605e-07,5.114722861412514e-08,0.8656631835888541,0.8789565218477075,-15.176188791093695,standard-halo-model-uncompensated,scale_dependent_camb
9,0.10256817,0.13796899,660,679,669.5496268656716,5.646839232389318e-06,4.900551200964795e-06,4.976010281662094e-06,1.253246828144104e-07,4.430896653406138e-08,0.867839688591816,0.8812027537671938,-16.842821889127865,standard-halo-model-uncompensated,scale_dependent_camb
9,0.10256817,0.13796899,680,699,689.5481884057971,5.520516740193184e-06,4.813621966737988e-06,4.887579802184534e-06,1.2674877563702113e-07,4.481245938001495e-08,0.8719513395714368,0.8853482440510632,-15.774514124758133,standard-halo-model-uncompensated,scale_dependent_camb
9,0.10256817,0.13796899,700,719,709.5468309859154,5.398698385821796e-06,4.697261909712903e-06,4.769548963567048e-06,1.1354727029838707e-07,4.014502240660567e-08,0.8700730387252188,0.8834627576330183,-17.472564070445614,standard-halo-model-uncompensated,scale_dependent_camb
9,0.10256817,0.13796899,720,739,729.5455479452055,5.280966496282604e-06,4.623217015495375e-06,4.694314962781642e-06,1.2225824387901788e-07,4.322481665140613e-08,0.875449033571746,0.8889120894984054,-15.21694090900977,standard-halo-model-uncompensated,scale_dependent_camb
9,0.10256817,0.13796899,740,759,749.5443333333334,5.166968750359527e-06,4.537332329616537e-06,4.607481320684475e-06,9.391731526156087e-08,3.320478524614226e-08,0.8781420110777372,0.891718441371235,-18.962219333014385,standard-halo-model-uncompensated,scale_dependent_camb
9,0.10256817,0.13796899,760,779,769.5431818181818,5.0564068354061115e-06,4.465707355887612e-06,4.534666728357893e-06,9.410907404309044e-08,3.3272582213528074e-08,0.8831780157834042,0.8968160347789115,-17.75334044492439,standard-halo-model-uncompensated,scale_dependent_camb
9,0.10256817,0.13796899,780,799,789.5420886075949,4.949027983311926e-06,4.389186777597586e-06,4.456754757639175e-06,1.0846544373225837e-07,3.83483253937439e-08,0.8868785532023422,0.9005313311355904,-14.598843625272657,standard-halo-model-uncompensated,scale_dependent_camb
9,0.10256817,0.13796899,800,819,809.5410493827161,4.844617017825015e-06,4.286924878910686e-06,4.352604097739384e-06,1.3798490179863138e-07,4.878502988158604e-08,0.8848841638333046,0.898441317801728,-11.431624419786,standard-halo-model-uncompensated,scale_dependent_camb
9,0.10256817,0.13796899,820,839,829.5400602409638,4.742990209169417e-06,4.227164676409753e-06,4.292169752624083e-06,1.0312048224390294e-07,3.645859613694537e-08,0.8912446557948948,0.9049501608344493,-14.148255484718229,standard-halo-model-uncompensated,scale_dependent_camb
9,0.10256817,0.13796899,840,859,849.5391176470588,4.643990035292253e-06,4.1403741134181325e-06,4.204102986149827e-06,9.419919387200171e-08,3.330444438459934e-08,0.8915553396870226,0.9052782099445777,-15.121583055353499,standard-halo-model-uncompensated,scale_dependent_camb
9,0.10256817,0.13796899,860,879,869.5382183908046,4.547480838462094e-06,4.0712527759470605e-06,4.133884797552217e-06,9.270621915700923e-08,3.277659811204372e-08,0.895276510351149,0.9090494153572398,-14.529514652103082,standard-halo-model-uncompensated,scale_dependent_camb
9,0.10256817,0.13796899,880,899,889.5373595505617,4.453345608295934e-06,3.997964749637615e-06,4.059556473470374e-06,8.592177398923304e-08,3.0377934519682296e-08,0.8977441010169946,0.9115745398039649,-14.99051419586384,standard-halo-model-uncompensated,scale_dependent_camb
9,0.10256817,0.13796899,900,919,909.5365384615385,4.361482315566915e-06,3.921205456825911e-06,3.981594261963573e-06,9.254394659591166e-08,3.271922609786742e-08,0.8990533889889736,0.912899325019053,-13.45621248571343,standard-halo-model-uncompensated,scale_dependent_camb
9,0.10256817,0.13796899,920,939,929.535752688172,4.2718018391762895e-06,3.850961492805949e-06,3.910332345168459e-06,8.230931155503277e-08,2.910073617767996e-08,0.9014841132117006,0.9153824293316165,-14.461501722871251,standard-halo-model-uncompensated,scale_dependent_camb
9,0.10256817,0.13796899,940,959,949.535,4.184225783985776e-06,3.75247609713437e-06,3.8100149714068898e-06,1.0149709911478276e-07,3.588464352741301e-08,0.8968149165124323,0.9105662954396253,-12.031600272734588,standard-halo-model-uncompensated,scale_dependent_camb
9,0.10256817,0.13796899,960,979,969.5342783505155,4.098684646486723e-06,3.684679352807474e-06,3.7416742591558486e-06,6.116500458841893e-08,2.162509475788866e-08,0.8989906935059953,0.9128963513606997,-19.144669575527427,standard-halo-model-uncompensated,scale_dependent_camb
9,0.10256817,0.13796899,980,999,989.5335858585859,4.015116385433913e-06,3.6273868673574933e-06,3.6831969952523857e-06,8.385379677791864e-08,2.9646794164952468e-08,0.9034325581487427,0.9173325606735414,-13.078294938708144,standard-halo-model-uncompensated,scale_dependent_camb
9,0.10256817,0.13796899,1000,1019,1009.5329207920792,3.93346511147938e-06,3.569357776058436e-06,3.6242122709229027e-06,8.677803729797755e-08,3.068066931572953e-08,0.9074334397022267,0.9213790305006248,-11.867646421724938,standard-halo-model-uncompensated,scale_dependent_camb
9,0.10256817,0.13796899,1020,1039,1029.532281553398,3.853680037496305e-06,3.4902210009408554e-06,3.5439784054758794e-06,7.496561709669271e-08,2.65043481024528e-08,0.9056852066027814,0.919634835013019,-13.713185291352774,standard-halo-model-uncompensated,scale_dependent_camb
9,0.10256817,0.13796899,1040,1059,1049.5316666666668,3.7757147919703598e-06,3.424507564854604e-06,3.4772083211030805e-06,7.878860210883218e-08,2.7855977415681975e-08,0.9069825856914161,0.9209404080249654,-12.60796639352665,standard-halo-model-uncompensated,scale_dependent_camb
9,0.10256817,0.13796899,1060,1079,1069.5310747663552,3.699526375389977e-06,3.349120067804466e-06,3.400615146154058e-06,8.238135596174984e-08,2.912620772194806e-08,0.9052834681983924,0.919202838713534,-12.03061898516442,standard-halo-model-uncompensated,scale_dependent_camb
9,0.10256817,0.13796899,1080,1099,1089.530504587156,3.6250748102905324e-06,3.2848054343940985e-06,3.3353332080871765e-06,7.560912069968357e-08,2.6731860983149202e-08,0.9061345230916316,0.9200729316314069,-12.728981948205082,standard-halo-model-uncompensated,scale_dependent_camb
9,0.10256817,0.13796899,1100,1119,1109.529954954955,3.552322468454069e-06,3.2308177042639476e-06,3.280586086911368e-06,8.154814728697811e-08,2.8831623969910788e-08,0.9094944878892043,0.9235045849705876,-11.151115335218357,standard-halo-model-uncompensated,scale_dependent_camb
9,0.10256817,0.13796899,1120,1139,1129.529424778761,3.4812337410772953e-06,3.1710959841012546e-06,3.2199636637519455e-06,6.815589876654345e-08,2.409674909784336e-08,0.9109115388270177,0.9249489989016084,-12.870522729715344,standard-halo-model-uncompensated,scale_dependent_camb
9,0.10256817,0.13796899,1140,1159,1149.5289130434783,3.411774645376094e-06,3.0935560831279985e-06,3.1412374334197987e-06,6.470898221554135e-08,2.2878080064144495e-08,0.9067293138251759,0.9207048412992491,-13.909321121173154,standard-halo-model-uncompensated,scale_dependent_camb
9,0.10256817,0.13796899,1160,1179,1169.5284188034188,3.34391249630611e-06,3.020977790082686e-06,3.0674873618119764e-06,6.684105874469949e-08,2.3631882950032695e-08,0.9034260894744832,0.9173348181809513,-13.665212666558888,standard-halo-model-uncompensated,scale_dependent_camb
9,0.10256817,0.13796899,1180,1199,1189.5279411764707,3.2776157155332895e-06,2.971014743658123e-06,3.0170420552748197e-06,4.4182872234917095e-08,1.5621004284804352e-08,0.9064560953799061,0.9204990203630163,-19.627481452867855,standard-halo-model-uncompensated,scale_dependent_camb
9,0.10256817,0.13796899,1200,1219,1209.527479338843,3.2128536627029302e-06,2.922904015868973e-06,2.967931622467891e-06,6.410660279304232e-08,2.2665106776896345e-08,0.9097532358227525,0.9237680685310174,-12.792776565673057,standard-halo-model-uncompensated,scale_dependent_camb
9,0.10256817,0.13796899,1220,1239,1229.5270325203253,3.149596412271366e-06,2.871858455806268e-06,2.916103320122833e-06,6.166584182613217e-08,2.1802167461417544e-08,0.9118179220096316,0.9258657105276079,-12.739006658700346,standard-halo-model-uncompensated,scale_dependent_camb
9,0.10256817,0.13796899,1240,1259,1249.5266,3.0878146477074387e-06,2.813725632132046e-06,2.8570569001925324e-06,6.183620225974226e-08,2.186239897034333e-08,0.9112352758029401,0.9252682645034301,-12.537005474431163,standard-halo-model-uncompensated,scale_dependent_camb
9,0.10256817,0.13796899,1260,1279,1269.5261811023622,3.0274795552026326e-06,2.74773829175578e-06,2.7899782223659063e-06,6.33328756854669e-08,2.239155293461913e-08,0.9075992889973028,0.9215514659946795,-12.493160445980065,standard-halo-model-uncompensated,scale_dependent_camb
9,0.10256817,0.13796899,1280,1299,1289.5257751937984,2.9685628006276336e-06,2.7034837760605998e-06,2.7452992193899655e-06,4.467751493656828e-08,1.5795886889105346e-08,0.9107045926362114,0.9247906828211738,-16.781522077741815,standard-halo-model-uncompensated,scale_dependent_camb
9,0.10256817,0.13796899,1300,1319,1309.5253816793893,2.9110363587338064e-06,2.6469516204531475e-06,2.687838207022218e-06,4.4009429808785395e-08,1.5559683126972767e-08,0.909281539033911,0.9233269103486321,-16.972372517205514,standard-halo-model-uncompensated,scale_dependent_camb
9,0.10256817,0.13796899,1320,1339,1329.525,2.8548725713305014e-06,2.5970026002201964e-06,2.637048385456952e-06,5.0032790851705937e-08,1.768926284646476e-08,0.9096737368596015,0.9237009076828836,-14.577768070298129,standard-halo-model-uncompensated,scale_dependent_camb
9,0.10256817,0.13796899,1340,1359,1349.5246296296295,2.8000440343486978e-06,2.5493573848968657e-06,2.5885559829089276e-06,5.809932079807213e-08,2.054121185932471e-08,0.9104704617582405,0.924469740887856,-12.20408275658929,standard-halo-model-uncompensated,scale_dependent_camb
9,0.10256817,0.13796899,1360,1379,1369.5242700729927,2.7465236156257177e-06,2.5077230925778963e-06,2.5463851749972327e-06,5.2390353458588526e-08,1.852278709966402e-08,0.9130535336782759,0.927130267699195,-12.892256535851073,standard-halo-model-uncompensated,scale_dependent_camb
9,0.10256817,0.13796899,1380,1399,1389.5239208633093,2.6942844586906397e-06,2.460883595001113e-06,2.4990190286154483e-06,3.0494418343348944e-08,1.078140499946074e-08,0.9133718553968299,0.9275260526239736,-21.648464527693832,standard-halo-model-uncompensated,scale_dependent_camb
9,0.10256817,0.13796899,1400,1419,1409.5235815602837,2.6432998902718484e-06,2.4128660250798406e-06,2.450199566765619e-06,3.533942385804718e-08,1.2494373126625411e-08,0.9128234121145032,0.9269472509657728,-18.44301133451466,standard-halo-model-uncompensated,scale_dependent_camb
9,0.10256817,0.13796899,1420,1439,1429.5232517482518,2.5935435235804952e-06,2.366029501595888e-06,2.4025886907068184e-06,4.2059758409163874e-08,1.4870370193093845e-08,0.9122767673200586,0.926372998510526,-15.29982233329134,standard-halo-model-uncompensated,scale_dependent_camb
9,0.10256817,0.13796899,1440,1459,1449.5229310344828,2.5449891786384906e-06,2.319540354499722e-06,2.3553130202905183e-06,4.6448859543876506e-08,1.642215178092828e-08,0.9114146236726325,0.9254707407245462,-13.72833640476954,standard-halo-model-uncompensated,scale_dependent_camb
9,0.10256817,0.13796899,1460,1479,1469.522619047619,2.4976109307805253e-06,2.2719013708419778e-06,2.30696259344442e-06,4.189964240776125e-08,1.4813760637909708e-08,0.9096298157743843,0.9236677198251506,-15.236479477124602,standard-halo-model-uncompensated,scale_dependent_camb
9,0.10256817,0.13796899,1480,1499,1489.5223154362416,2.4513830989069485e-06,2.23234130171309e-06,2.2668965377423235e-06,3.293654139814932e-08,1.1644825885731417e-08,0.910645628057268,0.924741848286836,-18.810225188704095,standard-halo-model-uncompensated,scale_dependent_camb
9,0.10256817,0.13796899,1500,1519,1509.5220198675497,2.406280269454695e-06,2.195966845314563e-06,2.2298527016539512e-06,4.312005191486818e-08,1.524524055705963e-08,0.9125981180123326,0.926680374667775,-13.795349660307046,standard-halo-model-uncompensated,scale_dependent_camb
9,0.10256817,0.13796899,1520,1539,1529.5217320261438,2.3622772391942775e-06,2.1554045801572362e-06,2.188712370478491e-06,3.785191267089713e-08,1.338267206523618e-08,0.9124265959961578,0.9265264610622139,-15.45824765253189,standard-halo-model-uncompensated,scale_dependent_camb
9,0.10256817,0.13796899,1540,1559,1549.5214516129033,2.3193491511768296e-06,2.1179213632426654e-06,2.1505045066940254e-06,4.868985639742685e-08,1.7214463816809862e-08,0.9131533137941045,0.9272017132922254,-11.701078237329167,standard-halo-model-uncompensated,scale_dependent_camb
9,0.10256817,0.13796899,1560,1579,1569.521178343949,2.277471488283233e-06,2.083415145572612e-06,2.1156907908665306e-06,2.908369976624292e-08,1.0282640663351988e-08,0.9147930748160973,0.9289647759592137,-18.87222835688995,standard-halo-model-uncompensated,scale_dependent_camb
9,0.10256817,0.13796899,1580,1599,1589.5209119496856,2.2366198087288165e-06,2.0409656509184786e-06,2.072628546273895e-06,2.4466249323006127e-08,8.650125403249205e-09,0.9125223888983001,0.9266789725214292,-22.61864986799443,standard-halo-model-uncompensated,scale_dependent_camb
9,0.10256817,0.13796899,1600,1619,1609.520652173913,2.196770297325946e-06,2.002314020165074e-06,2.0331941085189594e-06,3.929781993210727e-08,1.3893877479920461e-08,0.9114808328401122,0.9255378730283715,-13.99582495540944,standard-halo-model-uncompensated,scale_dependent_camb
9,0.10256817,0.13796899,1620,1639,1629.520398773006,2.157899183454506e-06,1.9721359962700183e-06,2.0026491906657476e-06,3.162638780972823e-08,1.1181616642347196e-08,0.9139147979623841,0.9280550296421987,-16.613267394713056,standard-halo-model-uncompensated,scale_dependent_camb
9,0.10256817,0.13796899,1640,1659,1649.5201515151516,2.1199832648112647e-06,1.9294034309332982e-06,1.959161488089689e-06,3.8435404623958035e-08,1.3588967623624754e-08,0.9101031423024307,0.9241400725227454,-14.024599892830622,standard-halo-model-uncompensated,scale_dependent_camb
9,0.10256817,0.13796899,1660,1679,1669.5199101796406,2.0829994194914992e-06,1.8934598914262696e-06,1.9226912672108396e-06,3.371358548784568e-08,1.1919552458284028e-08,0.9090064422046262,0.9230397518210571,-15.901564150883926,standard-halo-model-uncompensated,scale_dependent_camb
9,0.10256817,0.13796899,1680,1699,1689.519674556213,2.0469252327588703e-06,1.8616376921530398e-06,1.890355659917016e-06,3.440424120553181e-08,1.2163736129004591e-08,0.9094800642248678,0.9235098721066485,-15.232781987436395,standard-halo-model-uncompensated,scale_dependent_camb
9,0.10256817,0.13796899,1700,1719,1709.5194444444444,2.011738290706635e-06,1.8361387311830977e-06,1.8645165600118848e-06,2.982147922512666e-08,1.0543485092550403e-08,0.9127125231275203,0.9268186466525734,-16.654792792148854,standard-halo-model-uncompensated,scale_dependent_camb
9,0.10256817,0.13796899,1720,1739,1729.519219653179,1.9774167329328455e-06,1.8073152724591177e-06,1.8352257401178335e-06,3.1017323975944155e-08,1.0966280058825098e-08,0.9139779401879348,0.9280925510303948,-15.511318292189602,standard-halo-model-uncompensated,scale_dependent_camb
9,0.10256817,0.13796899,1740,1759,1749.519,1.943939159535579e-06,1.7709771699355622e-06,1.79839629300134e-06,2.4526134051447322e-08,8.671297852034347e-09,0.911024998518298,0.9251299271274467,-19.946493887237263,standard-halo-model-uncompensated,scale_dependent_camb
9,0.10256817,0.13796899,1760,1779,1769.5187853107345,1.9112843966914258e-06,1.738061499735196e-06,1.7649182769059947e-06,2.9726879125831522e-08,1.0510038906694148e-08,0.9093683298748781,0.9234200205689945,-16.481660866726113,standard-halo-model-uncompensated,scale_dependent_camb
9,0.10256817,0.13796899,1780,1799,1789.5185754189945,1.8794316940479877e-06,1.70966133119371e-06,1.7360591479576467e-06,3.0090886193576785e-08,1.0638734839695402e-08,0.9096693094024502,0.9237149471596171,-15.957758644461002,standard-halo-model-uncompensated,scale_dependent_camb
9,0.10256817,0.13796899,1800,1819,1809.5183701657459,1.8483607310544934e-06,1.6936996700039517e-06,1.719890788911754e-06,2.8976695182758592e-08,1.0244808830052082e-08,0.9163252830185874,0.9304952004312237,-15.096529727022288,standard-halo-model-uncompensated,scale_dependent_camb
9,0.10256817,0.13796899,1820,1839,1829.518169398907,1.8180515855191501e-06,1.658023324006827e-06,1.6837001950891445e-06,2.2407399239081437e-08,7.922211975354385e-09,0.9119781513423743,0.9261014420602146,-20.19994693529575,standard-halo-model-uncompensated,scale_dependent_camb
9,0.10256817,0.13796899,1840,1859,1849.517972972973,1.7884847267241094e-06,1.6238796640775052e-06,1.6490094120952868e-06,2.3834918062249164e-08,8.426916095421054e-09,0.9079639539622436,0.9220148136885163,-19.533250453988256,standard-halo-model-uncompensated,scale_dependent_camb
9,0.10256817,0.13796899,1860,1879,1869.5177807486632,1.7596410252749786e-06,1.5988810162700369e-06,1.6235889012940906e-06,2.569548347936602e-08,9.084725307063307e-09,0.9086404518331688,0.922681886801527,-17.695637850486463,standard-halo-model-uncompensated,scale_dependent_camb
9,0.10256817,0.13796899,1880,1899,1889.5175925925926,1.73150173951819e-06,1.5742171713993102e-06,1.598618281418404e-06,1.917059225806465e-08,6.777827892519921e-09,0.9091629164850589,0.9232553712959236,-23.205748303591555,standard-halo-model-uncompensated,scale_dependent_camb
9,0.10256817,0.13796899,1900,1919,1909.5174083769634,1.704048546666318e-06,1.5528440217556064e-06,1.5769581744316444e-06,1.7558818044868814e-08,6.207979654573727e-09,0.9112674781440249,0.9254185730310885,-24.356478810189362,standard-halo-model-uncompensated,scale_dependent_camb
9,0.10256817,0.13796899,1920,1939,1929.5172279792746,1.6772635284112066e-06,1.525849035152329e-06,1.5495437301235624e-06,1.8285536386549908e-08,6.4649133882813984e-09,0.9097252812727017,0.9238522771620586,-23.420962380306353,standard-halo-model-uncompensated,scale_dependent_camb
9,0.10256817,0.13796899,1940,1959,1949.5170512820512,1.6511291504562276e-06,1.4965540017220927e-06,1.5197444185539799e-06,1.9235045101278427e-08,6.800615413771528e-09,0.9063821575123764,0.9204273439991387,-22.729582446481803,standard-halo-model-uncompensated,scale_dependent_camb
9,0.10256817,0.13796899,1960,1979,1969.5168781725888,1.625628291666076e-06,1.478173126110763e-06,1.5010942585243081e-06,2.098921449394541e-08,7.420807950223884e-09,0.9092934305392846,0.9233932912091882,-19.870500159064807,standard-halo-model-uncompensated,scale_dependent_camb
9,0.10256817,0.13796899,1980,1999,1989.5167085427136,1.6007442444231609e-06,1.4531287084132213e-06,1.4755989975561906e-06,2.254805991941917e-08,7.971943035810945e-09,0.9077831849002626,0.9218205860786541,-18.516882941440066,standard-halo-model-uncompensated,scale_dependent_camb
9,0.10256817,0.13796899,2000,2019,2009.5165422885573,1.5764606975775273e-06,1.4313567985783233e-06,1.4535585407030156e-06,1.6998957026000346e-08,6.010038893091775e-09,0.9079559045003924,0.9220391874891841,-24.143587351155627,standard-halo-model-uncompensated,scale_dependent_camb
9,0.10256817,0.13796899,2020,2039,2029.5163793103447,1.5527617093274279e-06,1.408525221135258e-06,1.4303233579037342e-06,2.1702223224917638e-08,7.672894604581722e-09,0.9071097082535315,0.9211480095830498,-18.79818446952754,standard-halo-model-uncompensated,scale_dependent_camb
9,0.10256817,0.13796899,2040,2059,2049.516219512195,1.5296316680446143e-06,1.3931416403277616e-06,1.414688921033209e-06,2.155910586625963e-08,7.62229497717543e-09,0.9107693501852423,0.9248559313901097,-17.90668402699778,standard-halo-model-uncompensated,scale_dependent_camb
9,0.10256817,0.13796899,2060,2079,2069.5160628019325,1.507055420515742e-06,1.3666365392280175e-06,1.387791345280654e-06,2.0436450354235574e-08,7.225376314431097e-09,0.9068256685346909,0.9208628471046713,-19.434127051246975,standard-halo-model-uncompensated,scale_dependent_camb
9,0.10256817,0.13796899,2080,2099,2089.515909090909,1.4850182530141397e-06,1.3473143550835944e-06,1.3682359326013013e-06,1.302807114591491e-08,4.6061187265286135e-09,0.9072712421877321,0.9213596734075117,-29.89586376431192,standard-halo-model-uncompensated,scale_dependent_camb
9,0.10256817,0.13796899,2100,2119,2109.5157582938386,1.4635057692268593e-06,1.3303163152037758e-06,1.3509384757640133e-06,1.5835055000788042e-08,5.598537385759587e-09,0.9089928739444295,0.9230838061387944,-23.790044585906227,standard-halo-model-uncompensated,scale_dependent_camb
9,0.10256817,0.13796899,2120,2139,2129.5156103286386,1.4425037469378973e-06,1.3082250646614915e-06,1.3285096023176267e-06,1.567682385520216e-08,5.54259422774024e-09,0.9069127670819237,0.92097480172079,-24.226684609952457,standard-halo-model-uncompensated,scale_dependent_camb
9,0.10256817,0.13796899,2140,2159,2149.515465116279,1.4219986778132281e-06,1.28918077438108e-06,1.3091839363575113e-06,1.527736894636321e-08,5.401365590331103e-09,0.9065977307121005,0.9206646650127656,-24.58968962773107,standard-halo-model-uncompensated,scale_dependent_camb
9,0.10256817,0.13796899,2160,2179,2169.5153225806453,1.401977243869896e-06,1.2676340460062547e-06,1.2873108164544436e-06,1.3508303104103463e-08,4.775906363617424e-09,0.9041759069549431,0.9182109210995912,-28.129361766189565,standard-halo-model-uncompensated,scale_dependent_camb
9,0.10256817,0.13796899,2180,2199,2189.5151826484016,1.3824262742914415e-06,1.2483728136613791e-06,1.2677032780130792e-06,1.755684285271671e-08,6.207281318691277e-09,0.9030303003328181,0.9170132987112364,-21.59616323919499,standard-halo-model-uncompensated,scale_dependent_camb
9,0.10256817,0.13796899,2200,2219,2209.515045248869,1.3633334410361582e-06,1.2332014203015039e-06,1.2523142719361851e-06,1.6613605095884807e-08,5.873796411627764e-09,0.9045486475885521,0.9185678530590459,-22.154669929833624,standard-halo-model-uncompensated,scale_dependent_camb
9,0.10256817,0.13796899,2220,2239,2229.5149103139015,1.3446861310247497e-06,1.2173887066900162e-06,1.236235303367174e-06,1.7058888574611886e-08,6.031227895306891e-09,0.9053329833648812,0.9193485935822598,-21.106386053458206,standard-halo-model-uncompensated,scale_dependent_camb
9,0.10256817,0.13796899,2240,2259,2249.514777777778,1.3264726894570675e-06,1.2027597069058671e-06,1.2214230729273655e-06,1.4196022182946283e-08,5.019051775717986e-09,0.9067353715349866,0.9208052925894016,-24.648676299718584,standard-halo-model-uncompensated,scale_dependent_camb
9,0.10256817,0.13796899,2260,2279,2269.5146475770925,1.3086812180933063e-06,1.1855633981684953e-06,1.2039503485844565e-06,1.4675192397148277e-08,5.188464029620406e-09,0.9059222229045294,0.9199722070884165,-23.72914589403416,standard-halo-model-uncompensated,scale_dependent_camb
9,0.10256817,0.13796899,2280,2299,2289.514519650655,1.291300649260484e-06,1.1651064783609708e-06,1.1831753005509246e-06,1.492794660079141e-08,5.277826135305138e-09,0.902273594478727,0.9162663251416455,-23.91025540901363,standard-halo-model-uncompensated,scale_dependent_camb
9,0.10256817,0.13796899,2300,2319,2309.514393939394,1.2743197256806254e-06,1.1572136402872448e-06,1.175174069605008e-06,1.2652754148113396e-08,4.4734241294086e-09,0.908103058413513,0.922197189545455,-26.178176270726727,standard-halo-model-uncompensated,scale_dependent_camb
9,0.10256817,0.13796899,2320,2339,2329.514270386266,1.2577280371048845e-06,1.1405187352983557e-06,1.1582053180200908e-06,1.3546449559300157e-08,4.789393172191329e-09,0.9068087071698518,0.9208710340004178,-24.47268319650213,standard-halo-model-uncompensated,scale_dependent_camb
9,0.10256817,0.13796899,2340,2359,2349.5141489361704,1.2415148739806619e-06,1.1215860796356313e-06,1.139010423235679e-06,1.1792020265775747e-08,4.169108746909613e-09,0.9034012424188657,0.917435986557033,-28.76605088172114,standard-halo-model-uncompensated,scale_dependent_camb
9,0.10256817,0.13796899,2360,2379,2369.514029535865,1.225670420147392e-06,1.1080193391367765e-06,1.1251890601015692e-06,1.5465367256267235e-08,5.467833030223476e-09,0.9040108343346758,0.9180192665221214,-21.516948370643092,standard-halo-model-uncompensated,scale_dependent_camb
9,0.10256817,0.13796899,2380,2399,2389.513912133891,1.2101846637324108e-06,1.0946492494777294e-06,1.1116113702950424e-06,1.390478342745289e-08,4.916083326241131e-09,0.904530756572017,0.9185468991704522,-23.50151667242395,standard-halo-model-uncompensated,scale_dependent_camb
9,0.10256817,0.13796899,2400,2419,2409.5137966804978,1.1950480587408873e-06,1.0775603193821662e-06,1.0942411149234774e-06,1.5072668296279018e-08,5.32899298143719e-09,0.9016878538905732,0.9156461172585637,-22.04689324380297,standard-halo-model-uncompensated,scale_dependent_camb
9,0.10256817,0.13796899,2420,2439,2429.513683127572,1.180251518051585e-06,1.0648493304968777e-06,1.0813603179836683e-06,1.3454715455049266e-08,4.75696026860039e-09,0.90222237735799,0.916211757786026,-24.25964923786536,standard-halo-model-uncompensated,scale_dependent_camb
9,0.10256817,0.13796899,2440,2459,2449.5135714285716,1.165785818726895e-06,1.0522757000680106e-06,1.068588020008845e-06,1.3030908090793718e-08,4.607121738009442e-09,0.9026320985935101,0.9166246516669797,-24.63796815317663,standard-halo-model-uncompensated,scale_dependent_camb
9,0.10256817,0.13796899,2460,2479,2469.5134615384613,1.1516422499442615e-06,1.0439942042192494e-06,1.0601654914743614e-06,1.3725295935947238e-08,4.852624915050226e-09,0.9065264879521204,0.9205684243745595,-22.183467218153595,standard-halo-model-uncompensated,scale_dependent_camb
9,0.10256817,0.13796899,2480,2499,2489.513353413655,1.1378124399531616e-06,1.0306703382399629e-06,1.046639306921053e-06,1.3955328349309011e-08,4.933953654740635e-09,0.9058350058840899,0.9198698046965792,-21.715263095399077,standard-halo-model-uncompensated,scale_dependent_camb
9,0.10256817,0.13796899,2500,2519,2509.513247011952,1.1242880319197195e-06,1.018955977545707e-06,1.0347454346229132e-06,1.3773127117469028e-08,4.8695357914533375e-09,0.906312215923745,0.9203561767495537,-21.630820448816433,standard-halo-model-uncompensated,scale_dependent_camb
9,0.10256817,0.13796899,2520,2539,2529.51314229249,1.1110609529752497e-06,1.0031658472473714e-06,1.0187315125495152e-06,1.1665303545889411e-08,4.12430762094894e-09,0.9028900210749448,0.9168997522786753,-26.16078034039887,standard-halo-model-uncompensated,scale_dependent_camb
9,0.10256817,0.13796899,2540,2559,2549.513039215686,1.098123471840303e-06,9.914133163990772e-07,1.0067774021970783e-06,1.2942474542215925e-08,4.575855757067569e-09,0.9028249935661657,0.9168162123971894,-23.320262068228075,standard-halo-model-uncompensated,scale_dependent_camb
9,0.10256817,0.13796899,2560,2579,2569.512937743191,1.0854680687771415e-06,9.802494475366225e-07,9.954472096545897e-07,1.1924284674010268e-08,4.21587127689574e-09,0.9030661294725552,0.9170672434206499,-24.957740483479444,standard-halo-model-uncompensated,scale_dependent_camb
9,0.10256817,0.13796899,2580,2599,2589.5128378378377,1.0730873670766272e-06,9.689982671037257e-07,9.840379644191317e-07,1.0817480122472483e-08,3.824556774975488e-09,0.9030003491174556,0.9170157012470573,-27.2159902695048,standard-halo-model-uncompensated,scale_dependent_camb
9,0.10256817,0.13796899,2600,2619,2609.5127394636015,1.060974193239689e-06,9.634179932935684e-07,9.783556167185359e-07,1.1887899455714351e-08,4.203007159599742e-09,0.9080503554490499,0.9221295135663226,-23.21104776690671,standard-halo-model-uncompensated,scale_dependent_camb
9,0.10256817,0.13796899,2620,2639,2629.5126425855515,1.0491216233253816e-06,9.5107661292956e-07,9.658217802955988e-07,1.3041805435648155e-08,4.6109745312311925e-09,0.9065456204352645,0.9206003944845319,-21.263403155176892,standard-halo-model-uncompensated,scale_dependent_camb
9,0.10256817,0.13796899,2640,2659,2649.512547169811,1.03752295772574e-06,9.390598034742591e-07,9.536034284384986e-07,1.2453663168060883e-08,4.403034838374496e-09,0.9050978549262052,0.9191154965175964,-22.362565336374058,standard-halo-model-uncompensated,scale_dependent_camb
9,0.10256817,0.13796899,2660,2679,2669.5124531835204,1.0261716621413115e-06,9.287265819805888e-07,9.431023716122954e-07,1.3495430399355624e-08,4.771355175207719e-09,0.9050401762631175,0.9190493232334291,-20.422935745184894,standard-halo-model-uncompensated,scale_dependent_camb
9,0.10256817,0.13796899,2680,2699,2689.5123605947956,1.0150613917438023e-06,9.169097003199081e-07,9.311287778737631e-07,1.1495158142777585e-08,4.0641521367848944e-09,0.9033046747494979,0.9173127708799474,-24.150594790858623,standard-halo-model-uncompensated,scale_dependent_camb
9,0.10256817,0.13796899,2700,2719,2709.512269372694,1.0041859994803807e-06,9.10084832141419e-07,9.24215796012154e-07,9.681707207612419e-09,3.423000409982707e-09,0.9062910980758001,0.920363156318045,-27.490843139991647,standard-halo-model-uncompensated,scale_dependent_camb
9,0.10256817,0.13796899,2720,2739,2729.5121794871793,9.935394880529588e-07,9.001422349078878e-07,9.141046416559272e-07,1.101037483307602e-08,3.892755353936877e-09,0.9059954292022134,0.9200486268012354,-23.992582285094073,standard-halo-model-uncompensated,scale_dependent_camb
9,0.10256817,0.13796899,2740,2759,2749.512090909091,9.831160536928645e-07,8.895032616018019e-07,9.032828440661066e-07,1.2294013341028539e-08,4.346590100719581e-09,0.9047795102730484,0.9187957420419679,-21.537064669513008,standard-halo-model-uncompensated,scale_dependent_camb
9,0.10256817,0.13796899,2760,2779,2769.5120036101084,9.72910044923604e-07,8.785100242530814e-07,8.921646995144076e-07,8.934075186542162e-09,3.1586725740172158e-09,0.9029714811116631,0.917006360628606,-29.88597851105034,standard-halo-model-uncompensated,scale_dependent_camb
9,0.10256817,0.13796899,2780,2799,2789.511917562724,9.629160010050835e-07,8.716361595538819e-07,8.851669684402501e-07,1.0480583530681945e-08,3.7054458426686256e-09,0.905204772424672,0.919256682323609,-24.633969926129808,standard-halo-model-uncompensated,scale_dependent_camb
9,0.10256817,0.13796899,2800,2819,2809.5118327402133,9.531285994034671e-07,8.627610792862359e-07,8.761616168454486e-07,8.583851083982718e-09,3.034849655089838e-09,0.9051885336629397,0.9192480609582069,-29.77660523171983,standard-halo-model-uncompensated,scale_dependent_camb
9,0.10256817,0.13796899,2820,2839,2829.511749116608,9.43542671575893e-07,8.554982714403647e-07,8.687854153069086e-07,8.81890972161394e-09,3.1179554334125923e-09,0.9066874209425233,0.9207696074369104,-28.237863566627052,standard-halo-model-uncompensated,scale_dependent_camb
9,0.10256817,0.13796899,2840,2859,2849.5116666666668,9.341532006181092e-07,8.448854772104528e-07,8.580025651128413e-07,9.262792600595572e-09,3.274891730302852e-09,0.9044399533731835,0.9184816414964048,-27.258221266264933,standard-halo-model-uncompensated,scale_dependent_camb
9,0.10256817,0.13796899,2860,2879,2869.5115853658535,9.249553158121498e-07,8.383898425933306e-07,8.513913205710688e-07,9.617850875526053e-09,3.4004237872627223e-09,0.9064111836118147,0.9204675145020507,-25.457260222409765,standard-halo-model-uncompensated,scale_dependent_camb
9,0.10256817,0.13796899,2880,2899,2889.5115051903113,9.159442952188741e-07,8.308667435681299e-07,8.437685819268815e-07,8.069484541578126e-09,2.8529936200149555e-09,0.9071149281732094,0.9212007611502777,-29.820449318179065,standard-halo-model-uncompensated,scale_dependent_camb
9,0.10256817,0.13796899,2900,2919,2909.5114261168383,9.071155271320991e-07,8.223403103506612e-07,8.350960734630996e-07,9.544035969881999e-09,3.3743262770959445e-09,0.906544189526267,0.9206060843245696,-25.123597962908967,standard-halo-model-uncompensated,scale_dependent_camb
9,0.10256817,0.13796899,2920,2939,2929.511348122867,8.984645603761464e-07,8.152753854433745e-07,8.279425822908613e-07,8.948244649513908e-09,3.1636822356937627e-09,0.9074096201435654,0.9215083363379845,-26.29504758543784,standard-halo-model-uncompensated,scale_dependent_camb
9,0.10256817,0.13796899,2940,2959,2949.511271186441,8.899870469496204e-07,8.079561037573062e-07,8.20495923688902e-07,9.058708950120617e-09,3.2027372637127793e-09,0.9078290594526397,0.9219189498331518,-25.612760722438928,standard-halo-model-uncompensated,scale_dependent_camb
9,0.10256817,0.13796899,2960,2979,2969.5111952861953,8.816787660592649e-07,7.998809022928943e-07,8.122921443753535e-07,9.664128586830971e-09,3.416785429003473e-09,0.9072248681546763,0.9213016981297615,-23.940006027896075,standard-halo-model-uncompensated,scale_dependent_camb
9,0.10256817,0.13796899,2980,2999,2989.511120401338,8.735356240616098e-07,7.918035249805568e-07,8.040953306201054e-07,8.512427672509438e-09,3.009597665795721e-09,0.9064352994546122,0.9205066267147373,-27.157151273056776,standard-halo-model-uncompensated,scale_dependent_camb
9,0.10256817,0.13796899,3000,3019,3009.5110465116277,8.655536431854371e-07,7.856728344165642e-07,7.978625577328096e-07,9.197588950477447e-09,3.2518387587245314e-09,0.9077113135646994,0.9217944653279851,-24.564812309514554,standard-halo-model-uncompensated,scale_dependent_camb
9,0.10256817,0.13796899,3020,3039,3029.5109735973597,8.577289593744553e-07,7.7849694986241e-07,7.905694055459737e-07,9.898015817484777e-09,3.499477052417597e-09,0.9076258197346753,0.9217007271417519,-22.641099891570462,standard-halo-model-uncompensated,scale_dependent_camb
9,0.10256817,0.13796899,3040,3059,3049.5109016393444,8.500578167089928e-07,7.730703071827019e-07,7.85083765059729e-07,6.968688017629123e-09,2.463803276619496e-09,0.9094326197430325,0.9235651383092841,-31.247425578523874,standard-halo-model-uncompensated,scale_dependent_camb
9,0.10256817,0.13796899,3060,3079,3069.5108306188927,8.425365721149411e-07,7.665602071777743e-07,7.784483747132153e-07,9.271115306034672e-09,3.2778342510297552e-09,0.9098242527959939,0.9239342249074706,-23.178830629797183,standard-halo-model-uncompensated,scale_dependent_camb
9,0.10256817,0.13796899,3080,3099,3089.5107605177996,8.351616831209774e-07,7.604785364831078e-07,7.722877032738846e-07,8.641775842406816e-09,3.055329149829974e-09,0.9105764211322763,0.9247163978929992,-24.44356826236728,standard-halo-model-uncompensated,scale_dependent_camb
9,0.10256817,0.13796899,3100,3119,3109.510691318328,8.279296759806941e-07,7.52316148341804e-07,7.639803762597228e-07,9.311664560647177e-09,3.2921705774840358e-09,0.908671557702863,0.9227599860516867,-22.967682220365397,standard-halo-model-uncompensated,scale_dependent_camb
9,0.10256817,0.13796899,3120,3139,3129.5106230031947,8.208371656730638e-07,7.474127690185838e-07,7.590176109928843e-07,7.667439409577396e-09,2.7108492004245775e-09,0.9105493760211576,0.9246871885613401,-27.085385879443297,standard-halo-model-uncompensated,scale_dependent_camb
9,0.10256817,0.13796899,3140,3159,3149.5105555555556,8.138809229725918e-07,7.411059595391081e-07,7.526202868293147e-07,7.1129594855427565e-09,2.5148109432662297e-09,0.9105827875069453,0.9247302223038589,-28.93854252875319,standard-halo-model-uncompensated,scale_dependent_camb
9,0.10256817,0.13796899,3160,3179,3169.5104889589907,8.070577936765439e-07,7.360689715277729e-07,7.475089380676153e-07,6.500676535564403e-09,2.2983362302989308e-09,0.9120399769322812,0.9262148806745867,-30.887048297340687,standard-halo-model-uncompensated,scale_dependent_camb
9,0.10256817,0.13796899,3180,3199,3189.510423197492,8.003647147400891e-07,7.300058644708714e-07,7.413376313440517e-07,7.779240199393561e-09,2.750376748735088e-09,0.9120915140642275,0.926249768000822,-25.581531803443315,standard-halo-model-uncompensated,scale_dependent_camb
9,0.10256817,0.13796899,3200,3219,3209.5103582554516,7.937986268419413e-07,7.240403879584673e-07,7.353070629216944e-07,5.3212938155135874e-09,1.8813614708178475e-09,0.9121209882146041,0.9263143548724058,-37.07859439321325,standard-halo-model-uncompensated,scale_dependent_camb
9,0.10256817,0.13796899,3220,3239,3229.510294117647,7.87356593663218e-07,7.176274771793134e-07,7.287626867082509e-07,8.050934738186387e-09,2.846435274130968e-09,0.9114389629234116,0.9255814869316635,-24.496997039636955,standard-halo-model-uncompensated,scale_dependent_camb
9,0.10256817,0.13796899,3240,3259,3249.510230769231,7.810358335877138e-07,7.126842786528292e-07,7.237695238414467e-07,5.8887490560170095e-09,2.0819871951077537e-09,0.9124860192125763,0.9266790238250499,-32.82995932707794,standard-halo-model-uncompensated,scale_dependent_camb
9,0.10256817,0.13796899,3260,3279,3269.5101681957185,7.748336297225371e-07,7.091483151075898e-07,7.201706321033549e-07,6.134464159576286e-09,2.1688606030911132e-09,0.9152265569081341,0.9294519552039106,-30.285632244567044,standard-halo-model-uncompensated,scale_dependent_camb
9,0.10256817,0.13796899,3280,3299,3289.510106382979,7.687471955712438e-07,7.017204120579909e-07,7.126315132592471e-07,6.212038968280304e-09,2.1962874397330434e-09,0.9128103700418101,0.9270037241953148,-30.518220111207302,standard-halo-model-uncompensated,scale_dependent_camb
9,0.10256817,0.13796899,3300,3319,3309.5100453172204,7.627739184148381e-07,6.977225414342811e-07,7.085566537221554e-07,7.487222341260632e-09,2.6471328448784056e-09,0.9147173554180461,0.9289209248195658,-24.574277451324896,standard-halo-model-uncompensated,scale_dependent_camb
9,0.10256817,0.13796899,3320,3339,3329.509984984985,7.569113444808358e-07,6.915986665698714e-07,7.023494389388842e-07,5.819874771652478e-09,2.0576364583459886e-09,0.9137115880384086,0.9279150643733903,-31.741602189273703,standard-halo-model-uncompensated,scale_dependent_camb
9,0.10256817,0.13796899,3340,3359,3349.509925373134,7.511569847390841e-07,6.873226048806975e-07,6.980166791991718e-07,5.3878842631938454e-09,1.9049047493763267e-09,0.915018589781789,0.9292553931873898,-33.51053635583943,standard-halo-model-uncompensated,scale_dependent_camb
9,0.10256817,0.13796899,3360,3379,3369.5098664688426,7.455083025619457e-07,6.826756755626459e-07,6.93269136208934e-07,7.710197640842917e-09,2.7259665180642738e-09,0.9157184074498231,0.9299281226332539,-23.049669386224785,standard-halo-model-uncompensated,scale_dependent_camb
9,0.10256817,0.13796899,3380,3399,3389.509808259587,7.399630880163743e-07,6.784205548874424e-07,6.889651709001969e-07,6.252862868828983e-09,2.210720868189272e-09,0.9168302660962326,0.9310804580092125,-27.838219656984236,standard-halo-model-uncompensated,scale_dependent_camb
9,0.10256817,0.13796899,3400,3419,3409.509750733138,7.345190702522344e-07,6.761580815834425e-07,6.866524874556954e-07,7.0078791821775195e-09,2.4776594457268802e-09,0.9205453050405475,0.9348327569220203,-23.554887161528494,standard-halo-model-uncompensated,scale_dependent_camb
9,0.10256817,0.13796899,3420,3439,3429.509693877551,7.291738660307959e-07,6.684857037804166e-07,6.788724688186843e-07,6.772133838818023e-09,2.3943108802655547e-09,0.9167713420933051,0.9310159077890112,-25.34681805549341,standard-halo-model-uncompensated,scale_dependent_camb
9,0.10256817,0.13796899,3440,3459,3449.5096376811593,7.239254740163492e-07,6.66388792030905e-07,6.767368474433828e-07,7.155420505759153e-09,2.529823180931786e-09,0.9205212635131766,0.9348156291404375,-22.743361045593776,standard-halo-model-uncompensated,scale_dependent_camb
9,0.10256817,0.13796899,3460,3479,3469.509582132565,7.187717598138338e-07,6.609037273290221e-07,6.711728535944891e-07,6.386169365024249e-09,2.257851831907217e-09,0.9194903921937614,0.9337774396817246,-25.62968555643897,standard-halo-model-uncompensated,scale_dependent_camb
9,0.10256817,0.13796899,3480,3499,3489.5095272206304,7.137105396905942e-07,6.55475760238132e-07,6.656574826294072e-07,6.3947396512814914e-09,2.26088188567182e-09,0.9184056053344709,0.9326715042179161,-25.75755054765175,standard-halo-model-uncompensated,scale_dependent_camb
9,0.10256817,0.13796899,3500,3519,3509.509472934473,7.087400194630324e-07,6.513424785127154e-07,6.614637595096436e-07,6.1898869480699964e-09,2.1884555178791987e-09,0.9190146748115008,0.9332953429253127,-26.22741951179344,standard-halo-model-uncompensated,scale_dependent_camb
9,0.10256817,0.13796899,3520,3539,3529.509419263456,7.038580730477062e-07,6.467649474079431e-07,6.568242737873861e-07,5.394672498966058e-09,1.907304753149739e-09,0.9188854574153711,0.9331771545126084,-29.93392930284422,standard-halo-model-uncompensated,scale_dependent_camb
9,0.10256817,0.13796899,3540,3559,3549.509366197183,6.990628711012347e-07,6.446751563464943e-07,6.546897625029072e-07,6.313610023234249e-09,2.2321982305981463e-09,0.9221991082589419,0.9365248671719233,-24.36509177778827,standard-halo-model-uncompensated,scale_dependent_camb
9,0.10256817,0.13796899,3560,3579,3569.5093137254903,6.943526394623297e-07,6.400219296678744e-07,6.499776218064645e-07,5.274018609612086e-09,1.864647161480376e-09,0.9217534337645406,0.9360915259280546,-29.1372603443759,standard-halo-model-uncompensated,scale_dependent_camb
9,0.10256817,0.13796899,3580,3599,3589.50926183844,6.897253866740424e-07,6.366992578661014e-07,6.465865712273705e-07,6.119666105996182e-09,2.1636287010736865e-09,0.923119940439425,0.9374550853424526,-24.50796145458188,standard-halo-model-uncompensated,scale_dependent_camb
9,0.10256817,0.13796899,3600,3619,3609.5092105263157,6.851795931600524e-07,6.332975820452307e-07,6.431419574335228e-07,5.4898663715665485e-09,1.9409608695713466e-09,0.9242796901239548,0.9386472741655194,-26.730065468182087,standard-halo-model-uncompensated,scale_dependent_camb
9,0.10256817,0.13796899,3620,3639,3629.5091597796145,6.80713316650257e-07,6.290613010918708e-07,6.388384230597119e-07,5.56462623566581e-09,1.9673924730039327e-09,0.9241207505494938,0.9384838043177873,-26.254047561501963,standard-halo-model-uncompensated,scale_dependent_camb
9,0.10256817,0.13796899,3640,3659,3649.509109589041,6.76325077367974e-07,6.25118041915137e-07,6.34836611339949e-07,5.175942736926709e-09,1.8299721041570672e-09,0.924286357010275,0.9386560288589566,-27.982413139802627,standard-halo-model-uncompensated,scale_dependent_camb
9,0.10256817,0.13796899,3660,3679,3669.5090599455043,6.720131181442364e-07,6.206842072229562e-07,6.303418049256428e-07,4.6311432539088e-09,1.6373563997426227e-09,0.9236191831150187,0.9379903277280228,-31.348648913180217,standard-halo-model-uncompensated,scale_dependent_camb
9,0.10256817,0.13796899,3680,3699,3689.509010840108,6.677759199179962e-07,6.187938198996313e-07,6.283992698742338e-07,7.0428181611357235e-09,2.4900122402014204e-09,0.9266488973960307,0.9410331387082692,-19.67142941209103,standard-halo-model-uncompensated,scale_dependent_camb
9,0.10256817,0.13796899,3700,3719,3709.508962264151,6.636119270728127e-07,6.15620808932476e-07,6.251869032794161e-07,5.628653210728348e-09,1.9900294271267238e-09,0.9276819535899163,0.9420971471038969,-24.1157831568491,standard-halo-model-uncompensated,scale_dependent_camb
9,0.10256817,0.13796899,3720,3739,3729.508914209115,6.595195913563224e-07,6.108602822340482e-07,6.203536862131833e-07,5.972269308103098e-09,2.1115160634159954e-09,0.926220070245063,0.9406144932516816,-23.044725998225918,standard-halo-model-uncompensated,scale_dependent_camb
9,0.10256817,0.13796899,3740,3759,3749.5088666666666,6.554975180157106e-07,6.075060176803855e-07,6.169514802140827e-07,4.968248616991775e-09,1.756541143847785e-09,0.9267861448497889,0.9411957532374606,-27.32159192707406,standard-halo-model-uncompensated,scale_dependent_camb
9,0.10256817,0.13796899,3760,3779,3769.5088196286474,6.51544171280131e-07,6.055231804311143e-07,6.149490447363646e-07,4.2731780912519845e-09,1.5107966027710329e-09,0.9293662764895951,0.9438332377805396,-30.46140742215538,standard-halo-model-uncompensated,scale_dependent_camb
9,0.10256817,0.13796899,3780,3799,3789.5087730870714,6.476582611236204e-07,6.014852682844791e-07,6.108265095859116e-07,5.9310554434002516e-09,2.0969447618108515e-09,0.9287077837021087,0.9431308859184325,-22.019174601083837,standard-halo-model-uncompensated,scale_dependent_camb
9,0.10256817,0.13796899,3800,3819,3809.5087270341205,6.438383172054888e-07,5.989086184916022e-07,6.082080698637932e-07,5.884443096328704e-09,2.0804648084601956e-09,0.9302158670690817,0.94465963520726,-21.59599072821626,standard-halo-model-uncompensated,scale_dependent_camb
9,0.10256817,0.13796899,3820,3839,3829.508681462141,6.400830911692911e-07,5.955767126005811e-07,6.048401165456157e-07,5.333099613028996e-09,1.8855354505580775e-09,0.930467810847172,0.944940000587589,-23.60410596127327,standard-halo-model-uncompensated,scale_dependent_camb
9,0.10256817,0.13796899,3840,3859,3849.5086363636365,6.36391229497926e-07,5.92182655406172e-07,6.013848606502836e-07,5.390872832748244e-09,1.905961368275308e-09,0.9305323957298534,0.9449923769765647,-23.19489514719706,standard-halo-model-uncompensated,scale_dependent_camb
9,0.10256817,0.13796899,3860,3879,3869.5085917312663,6.327614756964574e-07,5.882621525801291e-07,5.974125087278154e-07,4.939763913209786e-09,1.7464702802456177e-09,0.9296744115666183,0.9441353996310622,-25.479576503340226,standard-halo-model-uncompensated,scale_dependent_camb
9,0.10256817,0.13796899,3880,3899,3889.5085475578408,6.291926265536021e-07,5.870411738024523e-07,5.961653903874561e-07,5.213297361908503e-09,1.8431789584737204e-09,0.9330070776861548,0.9475085454401263,-22.86888777531079,standard-halo-model-uncompensated,scale_dependent_camb
9,0.10256817,0.13796899,3900,3919,3909.5085038363172,6.256833827273396e-07,5.839475632522409e-07,5.930226100554585e-07,5.332182534091432e-09,1.88521121419026e-09,0.9332956242290258,0.9477998400252958,-22.138537666733114,standard-halo-model-uncompensated,scale_dependent_camb
9,0.10256817,0.13796899,3920,3939,3929.5084605597963,6.222327092352256e-07,5.822098841386854e-07,5.912694260172536e-07,3.999797408633815e-09,1.4141419355086754e-09,0.9356786866030693,0.9502384192305988,-28.301844455340152,standard-halo-model-uncompensated,scale_dependent_camb
9,0.10256817,0.13796899,3940,3959,3949.508417721519,6.188392630978468e-07,5.797879933711399e-07,5.88805795256957e-07,4.358846354100094e-09,1.5410849075672175e-09,0.9368959404236566,0.9514680634668439,-25.34011561267831,standard-halo-model-uncompensated,scale_dependent_camb
9,0.10256817,0.13796899,3960,3979,3969.5083753148615,6.155021339003847e-07,5.756667067869779e-07,5.846052562174381e-07,5.850271744669293e-09,2.0683834112198556e-09,0.9352797904030437,0.94980215992566,-19.259208373709278,standard-halo-model-uncompensated,scale_dependent_camb
9,0.10256817,0.13796899,3980,3999,3989.508333333333,6.122200186786298e-07,5.736746521717801e-07,5.825999852933644e-07,4.436192889526097e-09,1.568431037417724e-09,0.9370400095866791,0.9516186461050473,-24.575748367177823,standard-halo-model-uncompensated,scale_dependent_camb
9,0.10256817,0.13796899,4000,4019,4009.5082917705736,6.089919867465702e-07,5.714340049939119e-07,5.803169541742933e-07,4.993884894274124e-09,1.7656049366031488e-09,0.9383276256994693,0.9529139410758619,-21.272018997022194,standard-halo-model-uncompensated,scale_dependent_camb
9,0.10256817,0.13796899,4020,4039,4029.5082506203476,6.058169471262773e-07,5.67440571062738e-07,5.762602141386603e-07,5.035715686730913e-09,1.78039435510745e-09,0.9366535118477957,0.9512117758873851,-21.55498637335504,standard-halo-model-uncompensated,scale_dependent_camb
9,0.10256817,0.13796899,4040,4059,4049.5082098765433,6.026938092886904e-07,5.668234669061122e-07,5.756360272297188e-07,4.976542757578531e-09,1.75947356537429e-09,0.9404833070628137,0.955105259682515,-20.386974313505814,standard-halo-model-uncompensated,scale_dependent_camb
9,0.10256817,0.13796899,4060,4079,4069.5081695331696,5.996217280774137e-07,5.637724493907905e-07,5.725494118384382e-07,4.0364052075193595e-09,1.4270847469268163e-09,0.940213509604517,0.9548510086087468,-25.12063755416315,standard-halo-model-uncompensated,scale_dependent_camb
9,0.10256817,0.13796899,4080,4096,4088.005870123517,5.968242772073714e-07,5.61710073394052e-07,5.704408630249323e-07,5.673144644668275e-09,2.005759524448542e-09,0.9411649204726994,0.955793664584338,-17.50668681130835,standard-halo-model-uncompensated,scale_dependent_camb
10,0.06779888,0.10256817,20,39,30.608333333333334,0.00033237072326208945,0.0003170354830573812,0.00031523850058216607,8.941996774732618e-06,3.1614732783808353e-06,0.9538610378970843,0.9484544772422274,-4.8506626039117595,standard-halo-model-uncompensated,scale_dependent_camb
10,0.06779888,0.10256817,40,59,50.165,0.00017074477490285693,0.00016393445622730663,0.00016298089416797487,7.836820742966068e-06,2.7707345451473522e-06,0.9601140434345652,0.9545293216773443,-2.457947004514688,standard-halo-model-uncompensated,scale_dependent_camb
10,0.06779888,0.10256817,60,79,69.975,0.00010401679019726055,9.859712653516913e-05,9.803714479102648e-05,2.8231316471057045e-06,9.981277659253954e-07,0.9478962612496175,0.9425126905483808,-5.429829574039223,standard-halo-model-uncompensated,scale_dependent_camb
10,0.06779888,0.10256817,80,99,89.86944444444444,7.119623767314112e-05,6.60000229283172e-05,6.56345631684124e-05,1.9901954939884223e-06,7.036403648430621e-07,0.9270155992135494,0.9218824661738149,-7.384759323724809,standard-halo-model-uncompensated,scale_dependent_camb
10,0.06779888,0.10256817,100,119,109.80227272727272,5.293382905558975e-05,4.9097067110134406e-05,4.8828630793674436e-05,1.2738804319877154e-06,4.5038474593968103e-07,0.9275177705087974,0.9224466029539609,-8.518854113165714,standard-halo-model-uncompensated,scale_dependent_camb
10,0.06779888,0.10256817,120,139,129.75576923076923,4.183322788964952e-05,3.869067989907856e-05,3.8477455315508405e-05,1.2407059775962015e-06,4.3865580510847937e-07,0.9248791415555936,0.9197821267105375,-7.164040584835767,standard-halo-model-uncompensated,scale_dependent_camb
10,0.06779888,0.10256817,140,159,149.72166666666666,3.4620550552850634e-05,3.1225325628105955e-05,3.104768767826877e-05,7.97788454568902e-07,2.820608130890032e-07,0.9019303601321522,0.8967993628776167,-12.037208882587066,standard-halo-model-uncompensated,scale_dependent_camb
10,0.06779888,0.10256817,160,179,169.6955882352941,2.9679839886577673e-05,2.6073595264448304e-05,2.592478108850175e-05,7.292671971851496e-07,2.578348902132632e-07,0.8784951456641703,0.8734811639002776,-13.986643231823795,standard-halo-model-uncompensated,scale_dependent_camb
10,0.06779888,0.10256817,180,199,189.675,2.6145622422725595e-05,2.2551550244457286e-05,2.2424239891594837e-05,6.707788292928843e-07,2.37156129434686e-07,0.8625363695627928,0.8576670896962025,-15.154877872377044,standard-halo-model-uncompensated,scale_dependent_camb
10,0.06779888,0.10256817,200,219,209.65833333333333,2.352279411366129e-05,2.0212195730556626e-05,2.0095096902879567e-05,5.981490579012379e-07,2.1147762750115507e-07,0.8592599855651513,0.8542818852973327,-15.654603383928077,standard-halo-model-uncompensated,scale_dependent_camb
10,0.06779888,0.10256817,220,239,229.64456521739132,2.1512333491530747e-05,1.8166058244300064e-05,1.8062104205595857e-05,5.024206739185023e-07,1.7763253276804406e-07,0.844448523050831,0.8396162235355258,-18.83818912608938,standard-halo-model-uncompensated,scale_dependent_camb
10,0.06779888,0.10256817,240,259,249.633,1.9927296650619072e-05,1.68320640151229e-05,1.6734352647252775e-05,6.32182250443542e-07,2.235101781172004e-07,0.8446737312258552,0.8397703381774515,-13.848284948675353,standard-halo-model-uncompensated,scale_dependent_camb
10,0.06779888,0.10256817,260,279,269.6231481481482,1.8645188766439646e-05,1.5699844848923452e-05,1.5609657388375685e-05,5.298602689577143e-07,1.8733389463066385e-07,0.8420319603941121,0.8371949237903262,-15.722429319707759,standard-halo-model-uncompensated,scale_dependent_camb
10,0.06779888,0.10256817,280,299,289.6146551724138,1.7583504296480942e-05,1.4868947219754475e-05,1.4783179478537644e-05,4.622850970257777e-07,1.6344246347420422e-07,0.8456191080597204,0.8407413692557439,-16.608640245776154,standard-halo-model-uncompensated,scale_dependent_camb
10,0.06779888,0.10256817,300,319,309.60725806451615,1.668545312122399e-05,1.4210928123853083e-05,1.412774126294846e-05,5.550771321247646e-07,1.9624940210350113e-07,0.8516956669145953,0.8467100749561242,-12.609082987503083,standard-halo-model-uncompensated,scale_dependent_camb
10,0.06779888,0.10256817,320,339,329.6007575757576,1.591111149597949e-05,1.3486643474881614e-05,1.3409724380078888e-05,3.6978863153359337e-07,1.307400244815487e-07,0.8476242202368763,0.8427899197028023,-18.54419127357621,standard-halo-model-uncompensated,scale_dependent_camb
10,0.06779888,0.10256817,340,359,349.595,1.5231766439276935e-05,1.3035537032286133e-05,1.296152165343384e-05,2.806897996220713e-07,9.923883036132991e-08,0.8558125601684936,0.8509532827401426,-22.13074659379097,standard-halo-model-uncompensated,scale_dependent_camb
10,0.06779888,0.10256817,360,379,369.58986486486486,1.4629163147835827e-05,1.2530539837233543e-05,1.2460208664387218e-05,2.6969558958216773e-07,9.535179012482739e-08,0.8565452248092028,0.8517376242557336,-22.009270175787204,standard-halo-model-uncompensated,scale_dependent_camb
10,0.06779888,0.10256817,380,399,389.5852564102564,1.4103712816251463e-05,1.2208015647912234e-05,1.213859595995862e-05,3.134781613271062e-07,1.1083126681414366e-07,0.8655887855178921,0.8606666994787023,-17.104353517118792,standard-halo-model-uncompensated,scale_dependent_camb
10,0.06779888,0.10256817,400,419,409.5810975609756,1.3600288466615363e-05,1.191617491630483e-05,1.1846934108318614e-05,3.6617952115909235e-07,1.2946401127161852e-07,0.8761707478157887,0.8710796199212458,-13.008352929658757,standard-halo-model-uncompensated,scale_dependent_camb
10,0.06779888,0.10256817,420,439,429.57732558139537,1.3135748220193611e-05,1.159069995060562e-05,1.152450615437429e-05,2.804726483141212e-07,9.916205578013239e-08,0.8823783583783384,0.8773391481923842,-15.581043146319573,standard-halo-model-uncompensated,scale_dependent_camb
10,0.06779888,0.10256817,440,459,449.5738888888889,1.2703246765119769e-05,1.1251556821270967e-05,1.1186957663326794e-05,2.9861282166598015e-07,1.0557557557463188e-07,0.8857229202352573,0.8806376724132952,-13.750244182401778,standard-halo-model-uncompensated,scale_dependent_camb
10,0.06779888,0.10256817,460,479,469.5707446808511,1.2297519057852094e-05,1.0929628629520617e-05,1.0867548609838664e-05,2.3179613775082924e-07,8.195231042823121e-08,0.8887669600757346,0.8837187857740803,-16.6912979168463,standard-halo-model-uncompensated,scale_dependent_camb
10,0.06779888,0.10256817,480,499,489.5678571428571,1.1914485811441343e-05,1.0736128936901773e-05,1.0674813826040852e-05,2.5787324335205186e-07,9.117195953040232e-08,0.9010988058412048,0.8959525400407924,-12.924553564592777,standard-halo-model-uncompensated,scale_dependent_camb
10,0.06779888,0.10256817,500,519,509.56519607843137,1.1550964742143268e-05,1.0343202777542144e-05,1.0284879395964043e-05,2.104827125740025e-07,7.441687669180807e-08,0.8954405981177789,0.8903913764397566,-16.229678243592243,standard-halo-model-uncompensated,scale_dependent_camb
10,0.06779888,0.10256817,520,539,529.5627358490566,1.1204457515879699e-05,1.0077817714644818e-05,1.0021483267079618e-05,1.8300902749724065e-07,6.47034621808271e-08,0.8994471798712136,0.8944193195321155,-17.412357287562987,standard-halo-model-uncompensated,scale_dependent_camb
10,0.06779888,0.10256817,540,559,549.5604545454545,1.0872990837372133e-05,9.788085764274573e-06,9.731416381620386e-06,3.191802227404702e-07,1.1284724996020958e-07,0.9002201795877014,0.8950082389632869,-9.613925669257355,standard-halo-model-uncompensated,scale_dependent_camb
10,0.06779888,0.10256817,560,579,569.5583333333333,1.0554996348086335e-05,9.5654877888526e-06,9.510067792966232e-06,2.963589168594907e-07,1.0477869988822306e-07,0.9062521173289523,0.9010015237656095,-9.443794972540543,standard-halo-model-uncompensated,scale_dependent_camb
10,0.06779888,0.10256817,580,599,589.5563559322034,1.0249219765805222e-05,9.31062000233226e-06,9.25773966599004e-06,2.2382511025041606e-07,7.913412662894791e-08,0.9084223204380454,0.9032628704944852,-11.860872210973708,standard-halo-model-uncompensated,scale_dependent_camb
10,0.06779888,0.10256817,600,619,609.5545081967213,9.954649784384434e-06,9.056832542181656e-06,9.004510360942564e-06,2.639685939566585e-07,9.332699140351577e-08,0.9098092588238356,0.9045532043796934,-9.620124132373517,standard-halo-model-uncompensated,scale_dependent_camb
10,0.06779888,0.10256817,620,639,629.5527777777778,9.670465419180164e-06,8.825387775521137e-06,8.774868670823369e-06,1.909808323409172e-07,6.752192081245683e-08,0.9126125158378705,0.9073884544811577,-12.51560431768882,standard-halo-model-uncompensated,scale_dependent_camb
10,0.06779888,0.10256817,640,659,649.5511538461539,9.395993925130273e-06,8.6431565357249e-06,8.593363568224128e-06,2.237924874598354e-07,7.91225927307275e-08,0.9198767692482374,0.9145773865647729,-9.514822042895544,standard-halo-model-uncompensated,scale_dependent_camb
10,0.06779888,0.10256817,660,679,669.5496268656716,9.130678087266044e-06,8.354470714446918e-06,8.306429310798525e-06,2.025868287802653e-07,7.16252602048018e-08,0.9149890768899572,0.909727539555135,-10.837061821481363,standard-halo-model-uncompensated,scale_dependent_camb
10,0.06779888,0.10256817,680,699,689.5481884057971,8.874050731284589e-06,8.198584740814219e-06,8.152264744253967e-06,1.4834103309720373e-07,5.244647521562542e-08,0.9238830145415913,0.9186633016998611,-12.879149412678322,standard-halo-model-uncompensated,scale_dependent_camb
10,0.06779888,0.10256817,700,719,709.5468309859154,8.625715290093352e-06,7.957547745116749e-06,7.912181691562532e-06,1.9198389096679163e-07,6.787655559059856e-08,0.9225377232489931,0.9172783271260628,-9.843863454219676,standard-halo-model-uncompensated,scale_dependent_camb
10,0.06779888,0.10256817,720,739,729.5455479452055,8.38532997326115e-06,7.717207924931083e-06,7.67307075130531e-06,1.7259530253138895e-07,6.10216544104444e-08,0.920322509613748,0.9150588916325215,-10.94893369878401,standard-halo-model-uncompensated,scale_dependent_camb
10,0.06779888,0.10256817,740,759,749.5443333333334,8.152595610516717e-06,7.529237294706579e-06,7.4867517351801885e-06,1.4993391057319417e-07,5.300964244806149e-08,0.9235386684694606,0.9183273760717874,-11.759338245318306,standard-halo-model-uncompensated,scale_dependent_camb
10,0.06779888,0.10256817,760,779,769.5431818181818,7.927246050903197e-06,7.274470212376526e-06,7.233175383279083e-06,1.3271103822849485e-07,4.692043753483792e-08,0.9176541469338779,0.9124449193115388,-13.912398792999154,standard-halo-model-uncompensated,scale_dependent_camb
10,0.06779888,0.10256817,780,799,789.5420886075949,7.709040744992878e-06,7.11771475372536e-06,7.077285224691842e-06,1.4093241718768007e-07,4.9827133941210054e-08,0.9232944784146339,0.9180500478335947,-11.867549756428108,standard-halo-model-uncompensated,scale_dependent_camb
10,0.06779888,0.10256817,800,819,809.5410493827161,7.497759084339366e-06,6.9096389937295116e-06,6.8706591286457916e-06,1.2946175781934168e-07,4.577164342919352e-08,0.9215605510934239,0.9163616823854205,-12.849005334921989,standard-halo-model-uncompensated,scale_dependent_camb
10,0.06779888,0.10256817,820,839,829.5400602409638,7.293195687084341e-06,6.7304924563206485e-06,6.6922650654578705e-06,1.5051300111585264e-07,5.3214381872878895e-08,0.922845450073389,0.9176039355846889,-10.5742697924765,standard-halo-model-uncompensated,scale_dependent_camb
10,0.06779888,0.10256817,840,859,849.5391176470588,7.095156942078166e-06,6.593298660472687e-06,6.555989080651176e-06,1.1756319026773559e-07,4.156486452812008e-08,0.9292674868642884,0.9240090295636126,-12.07409881646444,standard-halo-model-uncompensated,scale_dependent_camb
10,0.06779888,0.10256817,860,879,869.5382183908046,6.903458417327857e-06,6.402990033365927e-06,6.366580882339568e-06,1.207369263832417e-07,4.268694969260559e-08,0.9275046862445435,0.9222306411463691,-11.724154280544049,standard-halo-model-uncompensated,scale_dependent_camb
10,0.06779888,0.10256817,880,899,889.5373595505617,6.717922854445815e-06,6.253554934913875e-06,6.217464972729742e-06,1.721091329975328e-07,6.084976752334641e-08,0.9308762649418296,0.9255040743159356,-7.63138362613752,standard-halo-model-uncompensated,scale_dependent_camb
10,0.06779888,0.10256817,900,919,909.5365384615385,6.5383786142103366e-06,6.055367782113518e-06,6.021283162675757e-06,1.0322556397099319e-07,3.649574813784752e-08,0.926126818192043,0.9209138102815371,-13.234715185792204,standard-halo-model-uncompensated,scale_dependent_camb
10,0.06779888,0.10256817,920,939,929.535752688172,6.364658420585473e-06,5.917623095375735e-06,5.884108590836015e-06,1.255437287476838e-07,4.4386410966465866e-08,0.929762872464,0.9244971531865408,-10.071445640141429,standard-halo-model-uncompensated,scale_dependent_camb
10,0.06779888,0.10256817,940,959,949.535,6.1965987466336344e-06,5.737225048104975e-06,5.704587228973293e-06,1.118402435038555e-07,3.954149729556547e-08,0.9258667993020817,0.9205997454768825,-11.617508944968,standard-halo-model-uncompensated,scale_dependent_camb
10,0.06779888,0.10256817,960,979,969.5342783505155,6.0340392204049696e-06,5.5672899153266955e-06,5.535791564708925e-06,9.911851383125497e-08,3.5043686635606494e-08,0.9226472868290457,0.9174271764739035,-13.319069706668039,standard-halo-model-uncompensated,scale_dependent_camb
10,0.06779888,0.10256817,980,999,989.5335858585859,5.876822172509716e-06,5.4940858542605475e-06,5.463000927359095e-06,1.0256867358757453e-07,3.6263502315541736e-08,0.9348735920512429,0.9295841812116807,-10.554312016496443,standard-halo-model-uncompensated,scale_dependent_camb
10,0.06779888,0.10256817,1000,1019,1009.5329207920792,5.724792320352722e-06,5.3136547695080895e-06,5.283160491791397e-06,1.2202582382334927e-07,4.3142643752682616e-08,0.9281829754097872,0.9228562707871095,-9.529725466095668,standard-halo-model-uncompensated,scale_dependent_camb
10,0.06779888,0.10256817,1020,1039,1029.532281553398,5.577796836399283e-06,5.153205216139071e-06,5.12417311326595e-06,8.119742262178409e-08,2.870762407536675e-08,0.923878256466884,0.9186733155691329,-14.790204133421913,standard-halo-model-uncompensated,scale_dependent_camb
10,0.06779888,0.10256817,1040,1059,1049.5316666666668,5.435685189295843e-06,5.04008631389877e-06,5.011527264612023e-06,8.606852832914183e-08,3.0429820014141325e-08,0.9272218935386285,0.9219679010257827,-13.000368559959634,standard-halo-model-uncompensated,scale_dependent_camb
10,0.06779888,0.10256817,1060,1079,1069.5310747663552,5.298309173168081e-06,4.892286521545773e-06,4.864555883992401e-06,9.102581582549315e-08,3.218248581662198e-08,0.923367504924306,0.9181336394311771,-12.616261339657,standard-halo-model-uncompensated,scale_dependent_camb
10,0.06779888,0.10256817,1080,1099,1089.530504587156,5.165522809076712e-06,4.801469157707398e-06,4.77441632579137e-06,7.999878495107349e-08,2.8283841662794195e-08,0.9295223997986014,0.9242852083436549,-12.871435772750994,standard-halo-model-uncompensated,scale_dependent_camb
10,0.06779888,0.10256817,1100,1119,1109.529954954955,5.037182693827292e-06,4.664607547640286e-06,4.638056120791094e-06,9.591403990339034e-08,3.391073401334221e-08,0.9260350142464419,0.9207639275174,-10.986938414261845,standard-halo-model-uncompensated,scale_dependent_camb
10,0.06779888,0.10256817,1120,1139,1129.529424778761,4.913147865138693e-06,4.524304592390478e-06,4.498538195884666e-06,9.667416047230508e-08,3.41794772177417e-08,0.9208565906376932,0.9156122142799943,-11.376513171078482,standard-halo-model-uncompensated,scale_dependent_camb
10,0.06779888,0.10256817,1140,1159,1149.5289130434783,4.793279885488147e-06,4.456495058073773e-06,4.431263263532338e-06,7.907985216288497e-08,2.7958949859802815e-08,0.9297381259888446,0.9244741324094532,-12.045689451969597,standard-halo-model-uncompensated,scale_dependent_camb
10,0.06779888,0.10256817,1160,1179,1169.5284188034188,4.67744316095238e-06,4.343535020858584e-06,4.3190860243201285e-06,5.945959923758636e-08,2.1022142913765892e-08,0.9286131057922233,0.9233861055493219,-15.883639525404591,standard-halo-model-uncompensated,scale_dependent_camb
10,0.06779888,0.10256817,1180,1199,1189.5279411764707,4.56550481619793e-06,4.228600132820488e-06,4.204637113862987e-06,7.48279263916264e-08,2.6455667086823423e-08,0.9262064772810799,0.9209577654907684,-12.734688649950586,standard-halo-model-uncompensated,scale_dependent_camb
10,0.06779888,0.10256817,1200,1219,1209.527479338843,4.4573348873981806e-06,4.125258567228871e-06,4.1020822863713625e-06,5.4636174672179886e-08,1.9316804804395546e-08,0.9254989071814732,0.9202993245961412,-17.191058434971882,standard-halo-model-uncompensated,scale_dependent_camb
10,0.06779888,0.10256817,1220,1239,1229.5270325203253,4.3528063748001375e-06,4.0359309270139555e-06,4.013197782765189e-06,7.296958248184871e-08,2.5798643296633162e-08,0.9272020346182452,0.9219793937995825,-12.282639987798724,standard-halo-model-uncompensated,scale_dependent_camb
10,0.06779888,0.10256817,1240,1259,1249.5266,4.251795188374799e-06,3.93253704027925e-06,3.910260556773993e-06,7.213350003582771e-08,2.550304351302692e-08,0.9249121526435563,0.919672840184159,-12.518433258072589,standard-halo-model-uncompensated,scale_dependent_camb
10,0.06779888,0.10256817,1260,1279,1269.5261811023622,4.1541805160533114e-06,3.836207927741575e-06,3.814467457299342e-06,7.21986231929324e-08,2.5526068026027425e-08,0.9234572048366769,0.9182238091384833,-12.456779006759618,standard-halo-model-uncompensated,scale_dependent_camb
10,0.06779888,0.10256817,1280,1299,1289.5257751937984,4.059844503835582e-06,3.7498959165497992e-06,3.7288862745028796e-06,4.8884444727385466e-08,1.7283261180636616e-08,0.9236550594504407,0.9184800725692756,-17.933455037584856,standard-halo-model-uncompensated,scale_dependent_camb
10,0.06779888,0.10256817,1300,1319,1309.5253816793893,3.968672646520188e-06,3.6670131504080957e-06,3.6463821628842688e-06,5.569608235842808e-08,1.9691538760584464e-08,0.9239898265792736,0.918791366196829,-15.319244462292039,standard-halo-model-uncompensated,scale_dependent_camb
10,0.06779888,0.10256817,1320,1339,1329.525,3.880553418064797e-06,3.579718307720296e-06,3.5595072962354563e-06,5.513258929196923e-08,1.949231387636214e-08,0.9224762352338586,0.9172679545307112,-15.433524837157314,standard-halo-model-uncompensated,scale_dependent_camb
10,0.06779888,0.10256817,1340,1359,1349.5246296296295,3.7953786212586275e-06,3.51184383168834e-06,3.491756854628185e-06,7.558523772625182e-08,2.6723417076914957e-08,0.9252947287044945,0.9200022456442686,-10.609975092415084,standard-halo-model-uncompensated,scale_dependent_camb
10,0.06779888,0.10256817,1360,1379,1369.5242700729927,3.713043227513365e-06,3.4252012495656075e-06,3.405832682984248e-06,5.3306002506634085e-08,1.884651792519403e-08,0.9224781505868634,0.9172617915534323,-15.272952759245271,standard-halo-model-uncompensated,scale_dependent_camb
10,0.06779888,0.10256817,1380,1399,1389.5239208633093,3.633445452878431e-06,3.3474449858156067e-06,3.328588236354626e-06,4.665413221659588e-08,1.649472663036436e-08,0.9212867041016802,0.9160969332063879,-17.33890312170071,standard-halo-model-uncompensated,scale_dependent_camb
10,0.06779888,0.10256817,1400,1419,1409.5235815602837,3.556486574823561e-06,3.280438749666656e-06,3.2621034567702383e-06,4.371531097904273e-08,1.5455696417479923e-08,0.9223818734165754,0.917226422240065,-17.860587947671103,standard-halo-model-uncompensated,scale_dependent_camb
10,0.06779888,0.10256817,1420,1439,1429.5232517482518,3.482071110231126e-06,3.2114452200291646e-06,3.1933213918114764e-06,4.984004860297819e-08,1.7621118170916496e-08,0.9222801942766762,0.9170752953403977,-15.358042978715577,standard-halo-model-uncompensated,scale_dependent_camb
10,0.06779888,0.10256817,1440,1459,1449.5229310344828,3.4101066116872437e-06,3.130380359697115e-06,3.1127050618478007e-06,5.303822022486565e-08,1.8751842591533996e-08,0.9179714056354014,0.912788195882153,-14.91726749649756,standard-halo-model-uncompensated,scale_dependent_camb
10,0.06779888,0.10256817,1460,1479,1469.522619047619,3.340503789878482e-06,3.0609427475344917e-06,3.0436945513148523e-06,4.629561809105143e-08,1.6367972745702537e-08,0.9163117122659633,0.9111483604769606,-17.079759765447438,standard-halo-model-uncompensated,scale_dependent_camb
10,0.06779888,0.10256817,1480,1499,1489.5223154362416,3.27317630196973e-06,3.0177965933164743e-06,3.000858441060243e-06,4.231073895089351e-08,1.4959105214595293e-08,0.9219780161247124,0.9168031796070344,-17.071857239434813,standard-halo-model-uncompensated,scale_dependent_camb
10,0.06779888,0.10256817,1500,1519,1509.5220198675497,3.20804080243203e-06,2.9587826572134362e-06,2.942112252609647e-06,4.7327500997799695e-08,1.673279844607863e-08,0.9223020651639997,0.9171056210941017,-14.896381261139735,standard-halo-model-uncompensated,scale_dependent_camb
10,0.06779888,0.10256817,1520,1539,1529.5217320261438,3.1450168839804918e-06,2.8932187234304667e-06,2.876999595681975e-06,3.804867322328864e-08,1.3452237425669204e-08,0.9199374216931591,0.9147803340377301,-18.717939074547587,standard-halo-model-uncompensated,scale_dependent_camb
10,0.06779888,0.10256817,1540,1559,1549.5214516129033,3.0840269091231257e-06,2.830672609092841e-06,2.814802613772849e-06,4.095708429967687e-08,1.4480516022965295e-08,0.9178495170451284,0.9127036490654926,-17.4962204128968,standard-halo-model-uncompensated,scale_dependent_camb
10,0.06779888,0.10256817,1560,1579,1569.521178343949,3.0249961212957285e-06,2.7683968040228554e-06,2.7527717434634217e-06,4.551853933857316e-08,1.6093233918005853e-08,0.9151736706482251,0.9100083547493271,-15.944546545475733,standard-halo-model-uncompensated,scale_dependent_camb
10,0.06779888,0.10256817,1580,1599,1589.5209119496856,2.9678524254450295e-06,2.720033492930971e-06,2.704776820500146e-06,3.4666378393581173e-08,1.225641562064003e-08,0.9164989032509263,0.9113582593631031,-20.21952748540338,standard-halo-model-uncompensated,scale_dependent_camb
10,0.06779888,0.10256817,1600,1619,1609.520652173913,2.912526348888051e-06,2.6665504019819814e-06,2.651491650117051e-06,4.270162183435873e-08,1.50973031833693e-08,0.9155455033050676,0.9103751631738343,-16.292707639138403,standard-halo-model-uncompensated,scale_dependent_camb
10,0.06779888,0.10256817,1620,1639,1629.520398773006,2.858951109955057e-06,2.6168456259707378e-06,2.602131673382542e-06,3.531823710711074e-08,1.2486882478996179e-08,0.9153166757062435,0.910170049540808,-19.3887853426632,standard-halo-model-uncompensated,scale_dependent_camb
10,0.06779888,0.10256817,1640,1659,1649.5201515151516,2.807062252930213e-06,2.566297159670558e-06,2.551837074395547e-06,3.5905931077923436e-08,1.2694663675008231e-08,0.9142288016561346,0.9090774783251623,-18.96585048831541,standard-halo-model-uncompensated,scale_dependent_camb
10,0.06779888,0.10256817,1660,1679,1669.5199101796406,2.7567979571250387e-06,2.525160573881352e-06,2.510892019477909e-06,4.1130311604610604e-08,1.4541761123967952e-08,0.9159759304649034,0.9108001596520422,-15.929114862291215,standard-halo-model-uncompensated,scale_dependent_camb
10,0.06779888,0.10256817,1680,1699,1689.519674556213,2.7080985422276265e-06,2.478280003575954e-06,2.4643965369618824e-06,2.8524994577069168e-08,1.0085108549377551e-08,0.9151365672009009,0.910009919703557,-22.787909274993055,standard-halo-model-uncompensated,scale_dependent_camb
10,0.06779888,0.10256817,1700,1719,1709.5194444444444,2.6609067598655566e-06,2.4299694132930644e-06,2.416301907421347e-06,3.3185934316228345e-08,1.1732999597508206e-08,0.9132110339017815,0.908074624735604,-19.682720062611903,standard-halo-model-uncompensated,scale_dependent_camb
10,0.06779888,0.10256817,1720,1739,1729.519219653179,2.615167563723547e-06,2.3777090283493836e-06,2.3643289144988724e-06,3.650500177068353e-08,1.2906467149638622e-08,0.9091994950273612,0.9040831445356703,-18.39841473433823,standard-halo-model-uncompensated,scale_dependent_camb
10,0.06779888,0.10256817,1740,1759,1749.519,2.5708279258948945e-06,2.3464123486283528e-06,2.33325500926334e-06,2.794475195706364e-08,9.879961803707871e-09,0.9127068851998628,0.9075889466429938,-22.714215067341698,standard-halo-model-uncompensated,scale_dependent_camb
10,0.06779888,0.10256817,1760,1779,1769.5187853107345,2.5278370034911773e-06,2.303805321613257e-06,2.2909471157705305e-06,2.6424890713193776e-08,9.342609707706371e-09,0.9113741583937129,0.9062875148225618,-23.97956126681873,standard-halo-model-uncompensated,scale_dependent_camb
10,0.06779888,0.10256817,1780,1799,1789.5185754189945,2.4861458575754247e-06,2.271597567178943e-06,2.258854463447181e-06,3.1356233749723147e-08,1.108610275844986e-08,0.9137024524354671,0.9085768063705216,-19.352904719645707,standard-halo-model-uncompensated,scale_dependent_camb
10,0.06779888,0.10256817,1800,1819,1809.5183701657459,2.445707521207838e-06,2.227790380289896e-06,2.215342194304586e-06,2.3221924376741018e-08,8.210190099497382e-09,0.9108981188354357,0.9058083090861643,-26.54227713086479,standard-halo-model-uncompensated,scale_dependent_camb
10,0.06779888,0.10256817,1820,1839,1829.518169398907,2.406476858487049e-06,2.1912942767549487e-06,2.1790978416217e-06,2.213216612348953e-08,7.824902374133315e-09,0.9105819027624535,0.9055137322166887,-27.4997145579,standard-halo-model-uncompensated,scale_dependent_camb
10,0.06779888,0.10256817,1840,1859,1849.517972972973,2.3684104844124953e-06,2.152032933845021e-06,2.1400060387793948e-06,2.247840755393634e-08,7.94731720583165e-09,0.9086401821003809,0.9035621370804063,-27.226489765464358,standard-halo-model-uncompensated,scale_dependent_camb
10,0.06779888,0.10256817,1860,1879,1869.5177807486632,2.3314667501997138e-06,2.11849674861346e-06,2.1066356135794326e-06,2.49347484124678e-08,8.815764844818241e-09,0.9086540687024549,0.9035666553679043,-24.157858715053404,standard-halo-model-uncompensated,scale_dependent_camb
10,0.06779888,0.10256817,1880,1899,1889.5175925925926,2.2956056618123285e-06,2.0905877680204656e-06,2.078899169365827e-06,2.365874784358254e-08,8.364630517289912e-09,0.9106911534492358,0.9055994258720305,-24.510095618459836,standard-halo-model-uncompensated,scale_dependent_camb
10,0.06779888,0.10256817,1900,1919,1909.5174083769634,2.260788793833937e-06,2.051215398308899e-06,2.039701592782598e-06,2.5717482430262647e-08,9.092503110742305e-09,0.9073007633014516,0.9022079366041043,-23.049032040191236,standard-halo-model-uncompensated,scale_dependent_camb
10,0.06779888,0.10256817,1920,1939,1929.5172279792746,2.226979252998086e-06,2.0259429367290195e-06,2.014645282989993e-06,1.933967585496392e-08,6.837607971497364e-09,0.9097269020362807,0.9046538176221277,-29.40155637864711,standard-halo-model-uncompensated,scale_dependent_camb
10,0.06779888,0.10256817,1940,1959,1949.5170512820512,2.1941416157205453e-06,1.997730302576982e-06,1.986434208441133e-06,3.1934925865487625e-08,1.1290701318087987e-08,0.9104837574127762,0.9053354597573674,-17.39584704352311,standard-halo-model-uncompensated,scale_dependent_camb
10,0.06779888,0.10256817,1960,1979,1969.5168781725888,2.162241841577093e-06,1.972157093188218e-06,1.9610550462288377e-06,2.9234309331625163e-08,1.0335889185848659e-08,0.9120890435409245,0.9069545360376923,-18.390749452802662,standard-halo-model-uncompensated,scale_dependent_camb
10,0.06779888,0.10256817,1980,1999,1989.5167085427136,2.1312472115071236e-06,1.9286831626332524e-06,1.917870180327944e-06,2.5134885133972974e-08,8.886523861288617e-09,0.9049551606307431,0.8998816139079949,-22.79452033615513,standard-halo-model-uncompensated,scale_dependent_camb
10,0.06779888,0.10256817,2000,2019,2009.5165422885573,2.101126385621842e-06,1.9046917489014727e-06,1.8939565124749602e-06,3.011031099714253e-08,1.0645602544857678e-08,0.9065098424994396,0.9014005656372887,-18.45218585727272,standard-halo-model-uncompensated,scale_dependent_camb
10,0.06779888,0.10256817,2020,2039,2029.5163793103447,2.0718492084957396e-06,1.8799179792989894e-06,1.869461100837263e-06,1.790772241667945e-08,6.331335978220193e-09,0.907362356097285,0.9023152327743872,-30.314491263296397,standard-halo-model-uncompensated,scale_dependent_camb
10,0.06779888,0.10256817,2040,2059,2049.516219512195,2.043386703485413e-06,1.8529416538794833e-06,1.842670413145564e-06,1.1606022350920944e-08,4.103348553469418e-09,0.9067993105362354,0.9017727334735582,-46.41210638684511,standard-halo-model-uncompensated,scale_dependent_camb
10,0.06779888,0.10256817,2060,2079,2069.5160628019325,2.0157110859653816e-06,1.8292952890643078e-06,1.8190337701476505e-06,2.1699072160907538e-08,7.671780535216975e-09,0.907518593215558,0.9024278245096139,-24.29889594017193,standard-halo-model-uncompensated,scale_dependent_camb
10,0.06779888,0.10256817,2080,2099,2089.515909090909,1.9887955576302385e-06,1.8035756667178661e-06,1.7934364903074836e-06,2.379836267706536e-08,8.413991815044876e-09,0.9068683102183352,0.9017701610538913,-22.013319597148246,standard-halo-model-uncompensated,scale_dependent_camb
10,0.06779888,0.10256817,2100,2119,2109.5157582938386,1.962614527397591e-06,1.784234122139349e-06,1.7742775271019243e-06,1.8107653397076166e-08,6.40202225422409e-09,0.9091108300850231,0.9040377019192863,-27.863134205843373,standard-halo-model-uncompensated,scale_dependent_camb
10,0.06779888,0.10256817,2120,2139,2129.5156103286386,1.9371433059085067e-06,1.7520423296976422e-06,1.7421867824309491e-06,2.3950966572076063e-08,8.467945439543651e-09,0.9044464208474997,0.8993587501332926,-21.859018522542563,standard-halo-model-uncompensated,scale_dependent_camb
10,0.06779888,0.10256817,2140,2159,2149.515465116279,1.912358124928565e-06,1.734745696191708e-06,1.725053243815917e-06,1.7819885068184276e-08,6.300280785839002e-09,0.907123866381726,0.9020555414432928,-28.19119254749291,standard-halo-model-uncompensated,scale_dependent_camb
10,0.06779888,0.10256817,2160,2179,2169.5153225806453,1.8882362703205817e-06,1.7091515938693164e-06,1.6996186475252356e-06,1.8180857430789525e-08,6.427903788548553e-09,0.9051576970180429,0.9001090987605471,-27.860509793302825,standard-halo-model-uncompensated,scale_dependent_camb
10,0.06779888,0.10256817,2180,2199,2189.5151826484016,1.8647558193907726e-06,1.68985212724098e-06,1.6804006546214953e-06,1.9664373731590052e-08,6.9524060066969696e-09,0.9062055791267434,0.9011371017844538,-25.15728971830974,standard-halo-model-uncompensated,scale_dependent_camb
10,0.06779888,0.10256817,2200,2219,2209.515045248869,1.8418956917912828e-06,1.6650545100661432e-06,1.6558076932511346e-06,1.1841514001555412e-08,4.1866074250076406e-09,0.903989578501507,0.8989693068019646,-42.23973345788848,standard-halo-model-uncompensated,scale_dependent_camb
10,0.06779888,0.10256817,2220,2239,2229.5149103139015,1.8196356805974546e-06,1.6462916339815893e-06,1.6370875331045388e-06,1.715813655521878e-08,6.066317355359993e-09,0.9047369490144588,0.899678738200507,-28.574839801729865,standard-halo-model-uncompensated,scale_dependent_camb
10,0.06779888,0.10256817,2240,2259,2249.514777777778,1.7979562695959945e-06,1.629704965728363e-06,1.6205823424384512e-06,1.921730744434866e-08,6.794344205022829e-09,0.9064208030457614,0.9013469180774905,-24.763435409005186,standard-halo-model-uncompensated,scale_dependent_camb
10,0.06779888,0.10256817,2260,2279,2269.5146475770925,1.7768387978425097e-06,1.6114970596658481e-06,1.6024784575018442e-06,1.8651074352158692e-08,6.594150575412952e-09,0.9069461234314422,0.9018704788794689,-25.07400100828107,standard-halo-model-uncompensated,scale_dependent_camb
10,0.06779888,0.10256817,2280,2299,2289.514519650655,1.7562651839110748e-06,1.595159535238741e-06,1.5861967514814424e-06,2.0405507172727782e-08,7.214436247693274e-09,0.90826803938938,0.9031647190939,-22.331010094357044,standard-halo-model-uncompensated,scale_dependent_camb
10,0.06779888,0.10256817,2300,2319,2309.514393939394,1.7362181718277038e-06,1.5737129891402221e-06,1.5648943522830398e-06,1.8859268352935944e-08,6.6677582702889285e-09,0.9064027866288177,0.9013235650193012,-24.371786753517082,standard-halo-model-uncompensated,scale_dependent_camb
10,0.06779888,0.10256817,2320,2339,2329.514270386266,1.71668100700392e-06,1.5548870133388523e-06,1.5462319216230048e-06,1.65354138362857e-08,5.846151626681741e-09,0.905751858962171,0.9007101000794576,-27.675298896908945,standard-halo-model-uncompensated,scale_dependent_camb
10,0.06779888,0.10256817,2340,2359,2349.5141489361704,1.6976377080932901e-06,1.5332588463939214e-06,1.5246688429442821e-06,1.9693948589657957e-08,6.962862298043192e-09,0.9031720013547581,0.8981120268921932,-23.607943782769482,standard-halo-model-uncompensated,scale_dependent_camb
10,0.06779888,0.10256817,2360,2379,2369.514029535865,1.6790727871071706e-06,1.5172554536504736e-06,1.5088085781404335e-06,1.508302864968196e-08,5.332655919510544e-09,0.9036269691825047,0.8985962905991224,-30.344604245823795,standard-halo-model-uncompensated,scale_dependent_camb
10,0.06779888,0.10256817,2380,2399,2389.513912133891,1.660971349383409e-06,1.5054183308690933e-06,1.4969597496993161e-06,1.9510105655132827e-08,6.897864005205215e-09,0.90634816273498,0.9012556118171589,-22.550896682934525,standard-halo-model-uncompensated,scale_dependent_camb
10,0.06779888,0.10256817,2400,2419,2409.5137966804978,1.643319142659422e-06,1.487720870144062e-06,1.4793881327944747e-06,1.810240486683413e-08,6.400166618561387e-09,0.9053146351940186,0.9002439601600126,-24.311597148752814,standard-halo-model-uncompensated,scale_dependent_camb
10,0.06779888,0.10256817,2420,2439,2429.513683127572,1.6261023072591622e-06,1.4749583403860723e-06,1.466676091596404e-06,1.8207647715848607e-08,6.437375584666151e-09,0.9070513791178078,0.901958065645036,-23.47912823870575,standard-halo-model-uncompensated,scale_dependent_camb
10,0.06779888,0.10256817,2440,2459,2449.5135714285716,1.6093075425031158e-06,1.4624079982535118e-06,1.4542011181534676e-06,1.876157124653864e-08,6.633217127071009e-09,0.9087187871989237,0.9036191528013373,-22.146047903375287,standard-halo-model-uncompensated,scale_dependent_camb
10,0.06779888,0.10256817,2460,2479,2469.5134615384613,1.5929221157245383e-06,1.4467192913317248e-06,1.4386148514488504e-06,1.7153237948317353e-08,6.06458543628081e-09,0.908217217308008,0.9031294356752015,-24.1076370229973,standard-halo-model-uncompensated,scale_dependent_camb
10,0.06779888,0.10256817,2480,2499,2489.513353413655,1.57693360477525e-06,1.4342660919884528e-06,1.426251971777148e-06,1.4063787590166155e-08,4.972299787086851e-09,0.9095285227261481,0.9044464316431523,-28.692460007601976,standard-halo-model-uncompensated,scale_dependent_camb
10,0.06779888,0.10256817,2500,2519,2509.513247011952,1.5613301534283596e-06,1.4166446153381583e-06,1.408713929530074e-06,1.6131572402363713e-08,5.703372118456573e-09,0.9073318748296114,0.9022524329251108,-25.368419784847497,standard-halo-model-uncompensated,scale_dependent_camb
10,0.06779888,0.10256817,2520,2539,2529.51314229249,1.546100275928351e-06,1.4067176357553816e-06,1.3988110424323234e-06,1.9066011885531978e-08,6.740853147221487e-09,0.9098489002666548,0.9047350060088514,-20.677299613094462,standard-halo-model-uncompensated,scale_dependent_camb
10,0.06779888,0.10256817,2540,2559,2549.513039215686,1.5312329370970715e-06,1.3936790366031542e-06,1.3858729129313732e-06,1.610599233621024e-08,5.6943281993364125e-09,0.9101678802999801,0.9050699468094819,-24.156300037280435,standard-halo-model-uncompensated,scale_dependent_camb
10,0.06779888,0.10256817,2560,2579,2569.512937743191,1.5167174288327648e-06,1.3828668420511484e-06,1.3751323825445244e-06,1.509831239939602e-08,5.338059541042929e-09,0.9117498195529901,0.9066503465993653,-25.074764669160132,standard-halo-model-uncompensated,scale_dependent_camb
10,0.06779888,0.10256817,2580,2599,2589.5128378378377,1.5025434872934248e-06,1.3672377733288749e-06,1.3596230712931139e-06,1.4684573700652156e-08,5.191780821282387e-09,0.9099488865987633,0.9048810119580913,-26.061522745701925,standard-halo-model-uncompensated,scale_dependent_camb
10,0.06779888,0.10256817,2600,2619,2609.5127394636015,1.4887011720424696e-06,1.3501849144072614e-06,1.342575524512164e-06,2.1247705695281464e-08,7.512198390894775e-09,0.906954961656162,0.9018435329571051,-18.43884445372184,standard-halo-model-uncompensated,scale_dependent_camb
10,0.06779888,0.10256817,2620,2639,2629.5126425855515,1.4751808917120992e-06,1.341835309854281e-06,1.3343394125434205e-06,1.4106076222477199e-08,4.987251076423973e-09,0.9096073013099724,0.9045259601992148,-26.73729070673366,standard-halo-model-uncompensated,scale_dependent_camb
10,0.06779888,0.10256817,2640,2659,2649.512547169811,1.4619734276364023e-06,1.3277528471146895e-06,1.3203437401589613e-06,1.2763144775998302e-08,4.512453110187029e-09,0.9081921887330677,0.9031243080071462,-29.744482046518094,standard-halo-model-uncompensated,scale_dependent_camb
10,0.06779888,0.10256817,2660,2679,2669.5124531835204,1.4490698181628406e-06,1.3207655827670025e-06,1.3134045874918189e-06,1.4712910374868538e-08,5.201799348529726e-09,0.9114575199982394,0.9063777128123331,-24.665356504399373,standard-halo-model-uncompensated,scale_dependent_camb
10,0.06779888,0.10256817,2680,2699,2689.5123605947956,1.4364614408333434e-06,1.30925963769934e-06,1.3019759507107407e-06,1.1177213758382105e-08,3.9517418216617815e-09,0.9114478122989441,0.9063772362420095,-32.18879392290682,standard-halo-model-uncompensated,scale_dependent_camb
10,0.06779888,0.10256817,2700,2719,2709.512269372694,1.4241399730400042e-06,1.2973485956752083e-06,1.2900835643060133e-06,1.4312411125514606e-08,5.060201480990582e-09,0.9109698626784951,0.905868516247156,-25.056586746813736,standard-halo-model-uncompensated,scale_dependent_camb
10,0.06779888,0.10256817,2720,2739,2729.5121794871793,1.41209736276927e-06,1.288662215102293e-06,1.2814244152460509e-06,1.7360662739326194e-08,6.137921174435087e-09,0.9125873676125932,0.9074618004618634,-20.11025299267344,standard-halo-model-uncompensated,scale_dependent_camb
10,0.06779888,0.10256817,2740,2759,2749.512090909091,1.400325835840391e-06,1.279814109231206e-06,1.2726641708117586e-06,1.4155293459704344e-08,5.004651997521263e-09,0.9139402248214173,0.9088343142994163,-24.079941356336622,standard-halo-model-uncompensated,scale_dependent_camb
10,0.06779888,0.10256817,2760,2779,2769.5120036101084,1.38881788009331e-06,1.2678807277535138e-06,1.2607881620491274e-06,1.481571131971826e-08,5.238144971137537e-09,0.9129207982750979,0.907813889870441,-23.087782603606144,standard-halo-model-uncompensated,scale_dependent_camb
10,0.06779888,0.10256817,2780,2799,2789.511917562724,1.3775662255082525e-06,1.2599659254313214e-06,1.2529104645806573e-06,1.5129158643703218e-08,5.348965335304807e-09,0.9146318355521946,0.9095101501333603,-21.985616414586417,standard-halo-model-uncompensated,scale_dependent_camb
10,0.06779888,0.10256817,2800,2819,2809.5118327402133,1.366563851519576e-06,1.2495318759014099e-06,1.2425765360505973e-06,1.2321255052279797e-08,4.3562215000980264e-09,0.9143604043908887,0.9092707484314702,-26.865478629939396,standard-halo-model-uncompensated,scale_dependent_camb
10,0.06779888,0.10256817,2820,2839,2829.511749116608,1.355803967260442e-06,1.2404069703208562e-06,1.2334922449842423e-06,1.0708703845612238e-08,3.786098553475436e-09,0.914886665236156,0.9097865729635349,-30.47913183180547,standard-halo-model-uncompensated,scale_dependent_camb
10,0.06779888,0.10256817,2840,2859,2849.5116666666668,1.345280004888173e-06,1.2320118972803568e-06,1.2251454682999368e-06,1.0549793747420525e-08,3.729915349460246e-09,0.915803321839135,0.9106992327606753,-30.367474056537844,standard-halo-model-uncompensated,scale_dependent_camb
10,0.06779888,0.10256817,2860,2879,2869.5115853658535,1.3349856119294553e-06,1.2239569216587968e-06,1.2171262883329926e-06,1.1841245447202935e-08,4.186512476705763e-09,0.9168315453900745,0.9117149109748677,-26.520568346191478,standard-halo-model-uncompensated,scale_dependent_camb
10,0.06779888,0.10256817,2880,2899,2889.5115051903113,1.3249146322820723e-06,1.214370238933655e-06,1.2076017610448974e-06,1.1113026561490817e-08,3.929048220568189e-09,0.9165648935750582,0.9114562792358089,-28.135158222219836,standard-halo-model-uncompensated,scale_dependent_camb
10,0.06779888,0.10256817,2900,2919,2909.5114261168383,1.3150611252797943e-06,1.2055727758785186e-06,1.198820287466271e-06,1.3960458870513037e-08,4.935767567907829e-09,0.9167427678481631,0.9116080343498925,-22.182638848953243,standard-halo-model-uncompensated,scale_dependent_camb
10,0.06779888,0.10256817,2920,2939,2929.511348122867,1.3054193257836132e-06,1.1984757683715394e-06,1.1917776378174743e-06,1.22374211771284e-08,4.326581749291677e-09,0.9180772374823867,0.9129462191024923,-24.717794233191594,standard-halo-model-uncompensated,scale_dependent_camb
10,0.06779888,0.10256817,2940,2959,2949.511271186441,1.2959836618796387e-06,1.1885660503591763e-06,1.18192489000142e-06,1.2739431104978679e-08,4.504069061394628e-09,0.9171149955974996,0.9119905788682607,-23.8490152029778,standard-halo-model-uncompensated,scale_dependent_camb
10,0.06779888,0.10256817,2960,2979,2969.5111952861953,1.286748734647944e-06,1.1836595133283987e-06,1.1770198336292114e-06,1.4392189308580176e-08,5.088407328108785e-09,0.9198839536082771,0.9147239099102323,-20.259624411369735,standard-halo-model-uncompensated,scale_dependent_camb
10,0.06779888,0.10256817,2980,2999,2989.511120401338,1.2777093143984182e-06,1.1766531974492189e-06,1.170051667960459e-06,1.4033440118546718e-08,4.961570335599865e-09,0.9209083663941361,0.915741675180127,-20.367768692929637,standard-halo-model-uncompensated,scale_dependent_camb
10,0.06779888,0.10256817,3000,3019,3009.5110465116277,1.2688603471548432e-06,1.1678127895029684e-06,1.161259931840978e-06,1.398331055316602e-08,4.943846857790553e-09,0.9203635310391304,0.9151991662793018,-20.4390549623606,standard-halo-model-uncompensated,scale_dependent_camb
10,0.06779888,0.10256817,3020,3039,3029.5109735973597,1.2601969180047828e-06,1.161348827791037e-06,1.1548646590929125e-06,1.1381318836387942e-08,4.0239038640280494e-09,0.9215613934604381,0.9164160319653547,-24.565221624056356,standard-halo-model-uncompensated,scale_dependent_camb
10,0.06779888,0.10256817,3040,3059,3049.5109016393444,1.2517142604591777e-06,1.1530357861490073e-06,1.1465607463525451e-06,1.4131508994462877e-08,4.996242919191695e-09,0.921165335070984,0.9159923974437599,-19.75053573378591,standard-halo-model-uncompensated,scale_dependent_camb
10,0.06779888,0.10256817,3060,3079,3069.5108306188927,1.2434077863145676e-06,1.142983622582075e-06,1.1365950634661993e-06,1.2128010342495045e-08,4.287899177739414e-09,0.9192347314872883,0.9140967878567346,-23.42036497822606,standard-halo-model-uncompensated,scale_dependent_camb
10,0.06779888,0.10256817,3080,3099,3089.5107605177996,1.2352730315374553e-06,1.1423039037833508e-06,1.1359571108450937e-06,9.81732207886715e-09,3.4709475075296873e-09,0.9247379928319227,0.9196000251306788,-26.784942023013087,standard-halo-model-uncompensated,scale_dependent_camb
10,0.06779888,0.10256817,3100,3119,3109.510691318328,1.2273056549129123e-06,1.132089826439522e-06,1.125756897131642e-06,1.2247787523527399e-08,4.330246806209107e-09,0.9224188138527345,0.9172587876746351,-21.98854539580999,standard-halo-model-uncompensated,scale_dependent_camb
10,0.06779888,0.10256817,3120,3139,3129.5106230031947,1.2195014668567863e-06,1.1279990271115354e-06,1.1216559029014816e-06,1.5165781007096966e-08,5.361913296054206e-09,0.9249673393332649,0.9197659317233152,-17.065259114239478,standard-halo-model-uncompensated,scale_dependent_camb
10,0.06779888,0.10256817,3140,3159,3149.5105555555556,1.2118563993677094e-06,1.1228469055120503e-06,1.1165741303451803e-06,1.1391890015298188e-08,4.0276413401743355e-09,0.926551121154206,0.921374950800901,-22.099657426747516,standard-halo-model-uncompensated,scale_dependent_camb
10,0.06779888,0.10256817,3160,3179,3169.5104889589907,1.2043664767800106e-06,1.115171220471881e-06,1.1089722752906284e-06,9.329622200747045e-09,3.2985195620283982e-09,0.9259401037576189,0.920793044867516,-27.040996614032444,standard-halo-model-uncompensated,scale_dependent_camb
10,0.06779888,0.10256817,3180,3199,3189.510423197492,1.1970279038953183e-06,1.1092319656551469e-06,1.1030472079921433e-06,1.1245337366480348e-08,3.975827154284363e-09,0.9266550612943362,0.9214882998154454,-22.08243337378545,standard-halo-model-uncompensated,scale_dependent_camb
10,0.06779888,0.10256817,3200,3219,3209.5103582554516,1.1898369427332953e-06,1.1043390511069145e-06,1.0982024559085026e-06,8.896115520746731e-09,3.145251805469454e-09,0.9281431862167812,0.9229856768320793,-27.183162720931833,standard-halo-model-uncompensated,scale_dependent_camb
10,0.06779888,0.10256817,3220,3239,3229.510294117647,1.182790008577924e-06,1.0992693865889e-06,1.0931403103509472e-06,1.0000892126338165e-08,3.5358493202244333e-09,0.9293867707849162,0.9242048904904404,-23.621091971114467,standard-halo-model-uncompensated,scale_dependent_camb
10,0.06779888,0.10256817,3240,3259,3249.510230769231,1.175883555570155e-06,1.0921906507899777e-06,1.0861139564935287e-06,1.0747457543289141e-08,3.799800054687132e-09,0.9288255164520973,0.923657747698411,-22.02560755188694,standard-halo-model-uncompensated,scale_dependent_camb
10,0.06779888,0.10256817,3260,3279,3269.5101681957185,1.1691142283555492e-06,1.0883404212461808e-06,1.082280361879764e-06,9.239064020947636e-09,3.2665024105143616e-09,0.9309102522659544,0.9257267901033727,-24.72791902720478,standard-halo-model-uncompensated,scale_dependent_camb
10,0.06779888,0.10256817,3280,3299,3289.510106382979,1.1624787086341127e-06,1.0803813776787753e-06,1.0743393802294684e-06,1.1289886491557428e-08,3.991577648503328e-09,0.9293773465736848,0.9241798342197544,-20.567639711611378,standard-halo-model-uncompensated,scale_dependent_camb
10,0.06779888,0.10256817,3300,3319,3309.5100453172204,1.155973806378162e-06,1.078386858093083e-06,1.0723428037463635e-06,1.2352048070620728e-08,4.367108476139063e-09,0.9328817419071369,0.927653202719336,-17.766205879473155,standard-halo-model-uncompensated,scale_dependent_camb
10,0.06779888,0.10256817,3320,3339,3329.509984984985,1.1495963762562926e-06,1.070354937476033e-06,1.0643813199807958e-06,1.0291390155030159e-08,3.6385558832291495e-09,0.9310702082775238,0.9258739345082113,-21.778266247194303,standard-halo-model-uncompensated,scale_dependent_camb
10,0.06779888,0.10256817,3340,3359,3349.509925373134,1.1433434254706911e-06,1.0702045129189467e-06,1.0642544361301216e-06,8.072912475172276e-09,2.8542055775598957e-09,0.9360306702934557,0.9308265674348806,-25.624963081416173,standard-halo-model-uncompensated,scale_dependent_camb
10,0.06779888,0.10256817,3360,3379,3369.5098664688426,1.137212024282176e-06,1.0653571937930831e-06,1.0594218635653021e-06,9.933698010130992e-09,3.5120926126114686e-09,0.9368149219716098,0.931595727924196,-20.459264152394926,standard-halo-model-uncompensated,scale_dependent_camb
10,0.06779888,0.10256817,3380,3399,3389.509808259587,1.1311992753032353e-06,1.0575707900393108e-06,1.051679597606785e-06,9.312102923546388e-09,3.2923255621733625e-09,0.9349111276223304,0.9297032101836046,-22.363670868357325,standard-halo-model-uncompensated,scale_dependent_camb
10,0.06779888,0.10256817,3400,3419,3409.509750733138,1.1253024477000777e-06,1.0554174315027008e-06,1.049566693564404e-06,6.89814358226003e-09,2.438862052307265e-09,0.9378966816075005,0.9326974234433911,-28.654763860572917,standard-halo-model-uncompensated,scale_dependent_camb
10,0.06779888,0.10256817,3420,3439,3429.509693877551,1.1195188483706214e-06,1.0482110998883342e-06,1.042382698660974e-06,8.9331662421539e-09,3.1583512136468852e-09,0.9363050040773583,0.9310988378427809,-22.5775234160705,standard-halo-model-uncompensated,scale_dependent_camb
10,0.06779888,0.10256817,3440,3459,3449.5096376811593,1.1138458108498874e-06,1.045484647648658e-06,1.039657012363427e-06,9.656539778260963e-09,3.414102380002983e-09,0.938626008613285,0.9333940139974555,-20.023173177709385,standard-halo-model-uncompensated,scale_dependent_camb
10,0.06779888,0.10256817,3460,3479,3469.509582132565,1.1082808320780767e-06,1.0382375535441198e-06,1.0324601017772909e-06,1.0366060817420602e-08,3.6649559490951365e-09,0.9368000632090491,0.9315870778360223,-19.11162903642821,standard-halo-model-uncompensated,scale_dependent_camb
10,0.06779888,0.10256817,3480,3499,3489.5095272206304,1.1028214297022373e-06,1.0383107439651015e-06,1.032551233292931e-06,8.349721868458739e-09,2.952072477104392e-09,0.9415039606597473,0.9362814373055125,-21.852676801625343,standard-halo-model-uncompensated,scale_dependent_camb
10,0.06779888,0.10256817,3500,3519,3509.509472934473,1.097465170497375e-06,1.032246173167728e-06,1.0264939693740202e-06,1.0084683810544557e-08,3.5654741542791238e-09,0.9405730595531432,0.9353317052502083,-18.291816041177604,standard-halo-model-uncompensated,scale_dependent_camb
10,0.06779888,0.10256817,3520,3539,3529.509419263456,1.0922097427042123e-06,1.027378991184794e-06,1.0216720867342233e-06,7.269233688131874e-09,2.570062217453872e-09,0.9406425808298476,0.9354174814488065,-25.225362669875455,standard-halo-model-uncompensated,scale_dependent_camb
10,0.06779888,0.10256817,3540,3559,3549.509366197183,1.0870528354234619e-06,1.02376914801866e-06,1.0180294082701823e-06,1.2127701689581492e-08,4.287790052455311e-09,0.9417841660105236,0.9365040733034917,-14.759045249560145,standard-halo-model-uncompensated,scale_dependent_camb
10,0.06779888,0.10256817,3560,3579,3569.5093137254903,1.0819922581952697e-06,1.019875377141242e-06,1.0141707539876729e-06,1.1744530254693443e-08,4.152318492472151e-09,0.9425902721728926,0.9373179394825606,-14.959565641855525,standard-halo-model-uncompensated,scale_dependent_camb
10,0.06779888,0.10256817,3580,3599,3589.50926183844,1.0770258513296664e-06,1.018439830006746e-06,1.0127430632131866e-06,1.1196800705325146e-08,3.958666853164864e-09,0.9456038856907736,0.940314535591585,-14.799432105806602,standard-halo-model-uncompensated,scale_dependent_camb
10,0.06779888,0.10256817,3600,3619,3609.5092105263157,1.072151491218865e-06,1.0116996998082541e-06,1.0060719830533429e-06,8.65371458131366e-09,3.059550131449897e-09,0.943616371468283,0.9383673774585714,-19.75839218622748,standard-halo-model-uncompensated,scale_dependent_camb
10,0.06779888,0.10256817,3620,3639,3629.5091597796145,1.0673671718568886e-06,1.0085557467154548e-06,1.002937680938437e-06,9.102467038112114e-09,3.218208084088052e-09,0.9449004740897923,0.939636994075465,-18.27458747376158,standard-halo-model-uncompensated,scale_dependent_camb
10,0.06779888,0.10256817,3640,3659,3649.509109589041,1.0626708622848656e-06,1.0041033763897739e-06,9.985015570462623e-07,1.0380040763329271e-08,3.669898606371457e-09,0.9448865232183323,0.9396150703703008,-15.958883930310884,standard-halo-model-uncompensated,scale_dependent_camb
10,0.06779888,0.10256817,3660,3679,3669.5090599455043,1.0580606680643924e-06,1.0040229135510486e-06,9.984260673389922e-07,8.905658339462551e-09,3.148625701382249e-09,0.9489275462699127,0.9436378248191616,-17.162330374684185,standard-halo-model-uncompensated,scale_dependent_camb
10,0.06779888,0.10256817,3680,3699,3689.509010840108,1.0535346622548842e-06,1.00045640295543e-06,9.948666756046358e-07,1.002201544195214e-08,3.5433175400803258e-09,0.9496188770990689,0.9443131880210935,-14.979820097707366,standard-halo-model-uncompensated,scale_dependent_camb
10,0.06779888,0.10256817,3700,3719,3709.508962264151,1.0490910505635871e-06,9.956473715768922e-07,9.901213138917965e-07,7.486485961883816e-09,2.6468724954529695e-09,0.9490571586155613,0.9437896866624578,-20.191255558590452,standard-halo-model-uncompensated,scale_dependent_camb
10,0.06779888,0.10256817,3720,3739,3729.508914209115,1.044728006620332e-06,9.940014847591645e-07,9.884719182833498e-07,7.979083234481532e-09,2.8210319313768908e-09,0.9514452359468504,0.9461524071523943,-17.98154827563718,standard-halo-model-uncompensated,scale_dependent_camb
10,0.06779888,0.10256817,3740,3759,3749.5088666666666,1.0404438242760334e-06,9.893575243429353e-07,9.83842358563813e-07,8.944752100373049e-09,3.162447433103198e-09,0.9508995115919447,0.9455987297040231,-16.154039241363407,standard-halo-model-uncompensated,scale_dependent_camb
10,0.06779888,0.10256817,3760,3779,3769.5088196286474,1.0362367721660588e-06,9.849777948629523e-07,9.794731683480928e-07,9.815292664222238e-09,3.470230001101059e-09,0.9505335279735738,0.9452213959756395,-14.771060502284485,standard-halo-model-uncompensated,scale_dependent_camb
10,0.06779888,0.10256817,3780,3799,3789.5087730870714,1.03210523177226e-06,9.83543047591464e-07,9.7805623182484e-07,9.074439528934973e-09,3.2082988631885894e-09,0.9529484177718892,0.9476322779077375,-15.136427824099913,standard-halo-model-uncompensated,scale_dependent_camb
10,0.06779888,0.10256817,3800,3819,3809.5087270341205,1.0280475584237277e-06,9.787843319856671e-07,9.733195213542978e-07,9.77519897905497e-09,3.4560547427687926e-09,0.9520807903930103,0.9467650726651765,-14.254180012957114,standard-halo-model-uncompensated,scale_dependent_camb
10,0.06779888,0.10256817,3820,3839,3829.508681462141,1.0240622162607036e-06,9.755428112982308e-07,9.700939482187258e-07,9.603884481829372e-09,3.3954859214169003e-09,0.9526206472692271,0.9472998152016199,-14.28938481424368,standard-halo-model-uncompensated,scale_dependent_camb
10,0.06779888,0.10256817,3840,3859,3849.5086363636365,1.0201476414429405e-06,9.739048883040031e-07,9.68483263660695e-07,8.49587097575694e-09,3.003743989521851e-09,0.9546705287937247,0.9493559797784082,-15.39503809254347,standard-halo-model-uncompensated,scale_dependent_camb
10,0.06779888,0.10256817,3860,3879,3869.5085917312663,1.0163023779533038e-06,9.723794421712599e-07,9.669263989527414e-07,1.1662358763821007e-08,4.123266483264098e-09,0.9567816264776445,0.9514160548359644,-10.652461091302845,standard-halo-model-uncompensated,scale_dependent_camb
10,0.06779888,0.10256817,3880,3899,3889.5085475578408,1.0125249371104984e-06,9.683043953286078e-07,9.629214796336808e-07,8.008993681120046e-09,2.831606871200097e-09,0.956326466478855,0.9510101374704174,-15.616765954219128,standard-halo-model-uncompensated,scale_dependent_camb
10,0.06779888,0.10256817,3900,3919,3909.5085038363172,1.008813937761824e-06,9.650452516695959e-07,9.596536967175092e-07,9.522130482562119e-09,3.366581517781403e-09,0.9566137178979364,0.9512692685894262,-13.000928645587043,standard-halo-model-uncompensated,scale_dependent_camb
10,0.06779888,0.10256817,3920,3939,3929.5084605597963,1.005167962651889e-06,9.639109744041963e-07,9.585291734047145e-07,9.327715236050334e-09,3.2978453481941343e-09,0.9589551301069661,0.953600999056785,-12.510285926623158,standard-halo-model-uncompensated,scale_dependent_camb
10,0.06779888,0.10256817,3940,3959,3949.508417721519,1.0015856977213883e-06,9.607639681130977e-07,9.554095814433802e-07,9.645984836670885e-09,3.410370644616297e-09,0.9592428988341585,0.953896989161228,-11.969880655855661,standard-halo-model-uncompensated,scale_dependent_camb
10,0.06779888,0.10256817,3960,3979,3969.5083753148615,9.980658011786993e-07,9.577859957169163e-07,9.524415175229214e-07,1.0055877294481233e-08,3.555289512853756e-09,0.9596421344021474,0.9542872988916198,-11.329543013629658,standard-halo-model-uncompensated,scale_dependent_camb
10,0.06779888,0.10256817,3980,3999,3989.508333333333,9.946070016690208e-07,9.547750774695202e-07,9.494619461972112e-07,7.803791559064562e-09,2.7590569651904457e-09,0.9599520975293158,0.9546101571816276,-14.436789345794166,standard-halo-model-uncompensated,scale_dependent_camb
10,0.06779888,0.10256817,4000,4019,4009.5082917705736,9.91208058311692e-07,9.528034201280605e-07,9.475000030096055e-07,8.692406943586143e-09,3.0732299473213966e-09,0.9612547155346522,0.9559042575011611,-12.496506555620627,standard-halo-model-uncompensated,scale_dependent_camb
10,0.06779888,0.10256817,4020,4039,4029.5082506203476,9.878677255724778e-07,9.518310902241161e-07,9.465482300873626e-07,6.702041550894322e-09,2.3695295142156903e-09,0.9635207888510801,0.9581730484603389,-15.208350489902973,standard-halo-model-uncompensated,scale_dependent_camb
10,0.06779888,0.10256817,4040,4059,4049.5082098765433,9.845848520929047e-07,9.47471383150809e-07,9.421999541503947e-07,7.523983836198714e-09,2.660129996057042e-09,0.9623054642134656,0.9569515031107644,-13.951750101350987,standard-halo-model-uncompensated,scale_dependent_camb
10,0.06779888,0.10256817,4060,4079,4069.5081695331696,9.81358238695393e-07,9.462114814819267e-07,9.409545557787845e-07,7.314538736295155e-09,2.5860799708429917e-09,0.9641855992769877,0.958828813654919,-13.590746461722713,standard-halo-model-uncompensated,scale_dependent_camb
10,0.06779888,0.10256817,4080,4096,4088.005870123517,9.784224664126162e-07,9.453494510495057e-07,9.400775758557509e-07,8.617542526332532e-09,3.0467613787665925e-09,0.9661976124849497,0.9608094745642373,-10.855138047108676,standard-halo-model-uncompensated,scale_dependent_camb
11,0.03362193,0.06779888,20,39,30.608333333333334,0.000506687505174952,0.0004660384366897645,0.0004752169606017283,3.568895978804259e-05,1.2617952739809461e-05,0.9197748749080521,0.9378896375935748,-3.221526449131507,standard-halo-model-uncompensated,scale_dependent_camb
11,0.03362193,0.06779888,40,59,50.165,0.00024074880375427453,0.00022520959124719715,0.00022974777120034605,1.1391215257669514e-05,4.0274027773268895e-06,0.9354546636795014,0.954304933680348,-3.858370609107846,standard-halo-model-uncompensated,scale_dependent_camb
11,0.03362193,0.06779888,60,79,69.975,0.00014707759056388034,0.00013371905666444324,0.0001363950300906767,6.44221917765126e-06,2.277668433203615e-06,0.9091735603757047,0.9273678577936463,-5.865003748876604,standard-halo-model-uncompensated,scale_dependent_camb
11,0.03362193,0.06779888,80,99,89.86944444444444,0.0001044968585851221,9.083645718574226e-05,9.2661404704165e-05,4.8391011660579135e-06,1.7108806246836399e-06,0.8692745257193334,0.8867386633320076,-7.984426968366536,standard-halo-model-uncompensated,scale_dependent_camb
11,0.03362193,0.06779888,100,119,109.80227272727272,8.18409382851068e-05,6.933476959980887e-05,7.071740938106627e-05,4.089267770450084e-06,1.4457744852864243e-06,0.8471893291138651,0.8640835609033486,-8.650151743977078,standard-halo-model-uncompensated,scale_dependent_camb
11,0.03362193,0.06779888,120,139,129.75576923076923,6.83285720794285e-05,5.6218530972852616e-05,5.7352918091686716e-05,3.223394254885817e-06,1.1396419680337598e-06,0.8227675372390547,0.8393694811157016,-10.626180367391612,standard-halo-model-uncompensated,scale_dependent_camb
11,0.03362193,0.06779888,140,159,149.72166666666666,5.952960899222899e-05,4.873484517898844e-05,4.969979262163205e-05,3.341600025118635e-06,1.1814340188872621e-06,0.8186656355386157,0.8348751732624327,-9.137001001044172,standard-halo-model-uncompensated,scale_dependent_camb
11,0.03362193,0.06779888,160,179,169.6955882352941,5.337198321383197e-05,4.40859920571955e-05,4.4972301060979344e-05,2.703814289480857e-06,9.559427095805003e-07,0.8260137510829859,0.8426200105924535,-9.713962001667932,standard-halo-model-uncompensated,scale_dependent_camb
11,0.03362193,0.06779888,180,199,189.675,4.879296696117205e-05,4.051141532298316e-05,4.1327882609313976e-05,2.6566016941556297e-06,9.392505364245581e-07,0.8302716117923491,0.8470049104044326,-8.817191278606291,standard-halo-model-uncompensated,scale_dependent_camb
11,0.03362193,0.06779888,200,219,209.65833333333333,4.520617433484816e-05,3.747485155563671e-05,3.8233140200368525e-05,1.9685455882898734e-06,6.959859672773154e-07,0.8289763977384038,0.8457504038534771,-11.108446351951962,standard-halo-model-uncompensated,scale_dependent_camb
11,0.03362193,0.06779888,220,239,229.64456521739132,4.227099870398925e-05,3.553798646914255e-05,3.625178923503655e-05,2.0067240912675146e-06,7.094841064528359e-07,0.8407179285733014,0.8576042758983916,-9.490011366863913,standard-halo-model-uncompensated,scale_dependent_camb
11,0.03362193,0.06779888,240,259,249.633,3.9781234199965815e-05,3.355535617800392e-05,3.423240363969695e-05,1.6065081977437953e-06,5.679864203282083e-07,0.8434971124659766,0.8605163798494307,-10.961314917290276,standard-halo-model-uncompensated,scale_dependent_camb
11,0.03362193,0.06779888,260,279,269.6231481481482,3.760747034538103e-05,3.229685736654093e-05,3.2942952564325274e-05,1.8019790264509468e-06,6.370957945796988e-07,0.8587883489618346,0.875968318575603,-8.335658505395703,standard-halo-model-uncompensated,scale_dependent_camb
11,0.03362193,0.06779888,280,299,289.6146551724138,3.5666184085728933e-05,3.103394325621587e-05,3.1664317334347046e-05,1.4563713618571035e-06,5.149050329475225e-07,0.8701223316074748,0.8877966103196571,-8.996301323753357,standard-halo-model-uncompensated,scale_dependent_camb
11,0.03362193,0.06779888,300,319,309.60725806451615,3.390223410049457e-05,2.9887358355307726e-05,3.0488128727421975e-05,1.7113478394280566e-06,6.050528311142628e-07,0.881574891693398,0.8992955637391816,-6.635578810189299,standard-halo-model-uncompensated,scale_dependent_camb
11,0.03362193,0.06779888,320,339,329.6007575757576,3.230647963114279e-05,2.8426178234277647e-05,2.9006270477677337e-05,9.323619503376885e-07,3.296397288020473e-07,0.8798909246328216,0.8978468347172027,-11.771340217293144,standard-halo-model-uncompensated,scale_dependent_camb
11,0.03362193,0.06779888,340,359,349.595,3.079670280047409e-05,2.7191780748046334e-05,2.774814306095178e-05,1.1497663801372807e-06,4.065038020876905e-07,0.8829445452072142,0.9010101906274401,-8.868113985438457,standard-halo-model-uncompensated,scale_dependent_camb
11,0.03362193,0.06779888,360,379,369.58986486486486,2.9379763341433938e-05,2.607744971025389e-05,2.6607633059410114e-05,1.1652753792503214e-06,4.1198706130881403e-07,0.8875990390799767,0.9056449076935102,-8.015576073406649,standard-halo-model-uncompensated,scale_dependent_camb
11,0.03362193,0.06779888,380,399,389.5852564102564,2.8047900730951208e-05,2.510302359229609e-05,2.561442620215459e-05,1.0583744331121349e-06,3.741918693440293e-07,0.8950054349199329,0.9132386215945477,-7.8699655976426905,standard-halo-model-uncompensated,scale_dependent_camb
11,0.03362193,0.06779888,400,419,409.5810975609756,2.6791573590929675e-05,2.3874335698965623e-05,2.4359157156810367e-05,1.0146923701188767e-06,3.587479278646539e-07,0.8911136039821235,0.9092096466128139,-8.131720535162641,standard-halo-model-uncompensated,scale_dependent_camb
11,0.03362193,0.06779888,420,439,429.57732558139537,2.5603633004816833e-05,2.295255395054444e-05,2.34218038956135e-05,9.723933579009489e-07,3.437929686762592e-07,0.8964569186812807,0.9147843937306529,-7.711266069460676,standard-halo-model-uncompensated,scale_dependent_camb
11,0.03362193,0.06779888,440,459,449.5738888888889,2.4478561504525217e-05,2.18848004420451e-05,2.2332527694583856e-05,8.60482417306655e-07,3.0422647618466413e-07,0.8940394817726269,0.9123300685154789,-8.525757176064175,standard-halo-model-uncompensated,scale_dependent_camb
11,0.03362193,0.06779888,460,479,469.5707446808511,2.3411960028254437e-05,2.100837674454756e-05,2.1436659540695962e-05,7.528652820321511e-07,2.661780731224283e-07,0.8973352388776444,0.915628572525555,-9.029982280326118,standard-halo-model-uncompensated,scale_dependent_camb
11,0.03362193,0.06779888,480,499,489.5678571428571,2.2400199354983583e-05,2.018254159399546e-05,2.0595491831351e-05,7.684415231894731e-07,2.71685105996298e-07,0.9009983024773955,0.9194334168623784,-8.1626033670699,standard-halo-model-uncompensated,scale_dependent_camb
11,0.03362193,0.06779888,500,519,509.56519607843137,2.1440181384417893e-05,1.9199451639790874e-05,1.959280040888389e-05,6.685739443172474e-07,2.363765848756814e-07,0.8954892356341949,0.913835571518223,-9.479491150976298,standard-halo-model-uncompensated,scale_dependent_camb
11,0.03362193,0.06779888,520,539,529.5627358490566,2.052917824968318e-05,1.8372034153085524e-05,1.8747908241631594e-05,5.536379206351221e-07,1.9574056400155723e-07,0.8949230178450543,0.9132322791303603,-11.020424446005457,standard-halo-model-uncompensated,scale_dependent_camb
11,0.03362193,0.06779888,540,559,549.5604545454545,1.9664723911887107e-05,1.7743585832210436e-05,1.810428655888589e-05,6.86357133461017e-07,2.426638916930227e-07,0.9023053622168901,0.9206478890833576,-7.91686833287488,standard-halo-model-uncompensated,scale_dependent_camb
11,0.03362193,0.06779888,560,579,569.5583333333333,1.8844541179712383e-05,1.7007513444701633e-05,1.7356383891181343e-05,5.734022715538385e-07,2.0272831728174468e-07,0.9025167173086468,0.9210297945522199,-9.061525097442175,standard-halo-model-uncompensated,scale_dependent_camb
11,0.03362193,0.06779888,580,599,589.5563559322034,1.8066493184168532e-05,1.6130838622687163e-05,1.6460662754660026e-05,5.209936629200759e-07,1.84199076003002e-07,0.8928594198248965,0.9111155433908071,-10.508492243738633,standard-halo-model-uncompensated,scale_dependent_camb
11,0.03362193,0.06779888,600,619,609.5545081967213,1.7328550858786433e-05,1.570319642045439e-05,1.6025188732582043e-05,4.921951758461047e-07,1.7401727325404292e-07,0.9062036721029152,0.9247852785368073,-9.340190246282239,standard-halo-model-uncompensated,scale_dependent_camb
11,0.03362193,0.06779888,620,639,629.5527777777778,1.662877445043819e-05,1.506237497348379e-05,1.537218116725803e-05,4.555643202404133e-07,1.6106631005431809e-07,0.9058018688254489,0.924432598029072,-9.72518384773419,standard-halo-model-uncompensated,scale_dependent_camb
11,0.03362193,0.06779888,640,659,649.5511538461539,1.5965300491685266e-05,1.4416487673974429e-05,1.471024696110727e-05,5.122420898530674e-07,1.8110492767213635e-07,0.9029888088534594,0.9213886684292834,-8.552019194721932,standard-halo-model-uncompensated,scale_dependent_camb
11,0.03362193,0.06779888,660,679,669.5496268656716,1.5336334503410224e-05,1.3861989999699887e-05,1.41457226065427e-05,4.109136189256003e-07,1.452799032120984e-07,0.9038659137629987,0.922366593099363,-10.148303179675843,standard-halo-model-uncompensated,scale_dependent_camb
11,0.03362193,0.06779888,680,699,689.5481884057971,1.4740146726590985e-05,1.3304592641560741e-05,1.357742776419857e-05,3.4287318868192936e-07,1.212239784020234e-07,0.902609240487374,0.9211189017342081,-11.842162779622832,standard-halo-model-uncompensated,scale_dependent_camb
11,0.03362193,0.06779888,700,719,709.5468309859154,1.4175070684757247e-05,1.2753679081639372e-05,1.3015291945630522e-05,3.389706443055409e-07,1.1984422060581057e-07,0.8997259601219253,0.9181818020580412,-11.860326646815043,standard-halo-model-uncompensated,scale_dependent_camb
11,0.03362193,0.06779888,720,739,729.5455479452055,1.3639502277945375e-05,1.2297893947295523e-05,1.2551161015646965e-05,3.0395167062416284e-07,1.0746314372566274e-07,0.9016380287703615,0.9202066732260294,-12.484357744779707,standard-halo-model-uncompensated,scale_dependent_camb
11,0.03362193,0.06779888,740,759,749.5443333333334,1.3131899176300156e-05,1.1771147421813099e-05,1.2013778719007429e-05,2.652300149700503e-07,9.377297107976603e-08,0.8963781448350685,0.9148546267160915,-14.51112979378207,standard-halo-model-uncompensated,scale_dependent_camb
11,0.03362193,0.06779888,760,779,769.5431818181818,1.265078107142802e-05,1.1318863896853377e-05,1.155283885016245e-05,2.877974781229654e-07,1.0175177419456794e-07,0.8947166054764161,0.9132115072526795,-13.089866836403024,standard-halo-model-uncompensated,scale_dependent_camb
11,0.03362193,0.06779888,780,799,789.5420886075949,1.2194729466869009e-05,1.0925703283104602e-05,1.115055649889719e-05,3.014071772325001e-07,1.0656352945969819e-07,0.8959365037812332,0.9143750608975248,-11.908635066787516,standard-halo-model-uncompensated,scale_dependent_camb
11,0.03362193,0.06779888,800,819,809.5410493827161,1.1762387940603365e-05,1.0522517540225433e-05,1.0738381641668568e-05,3.298380180173206e-07,1.1661534961658902e-07,0.8945902476062755,0.912942312045332,-10.63213723111417,standard-halo-model-uncompensated,scale_dependent_camb
11,0.03362193,0.06779888,820,839,829.5400602409638,1.135246097688795e-05,1.021597731312354e-05,1.0425779435424775e-05,2.8026968717105617e-07,9.909029817984306e-08,0.89989098697823,0.9183717483504438,-11.469171903204494,standard-halo-model-uncompensated,scale_dependent_camb
11,0.03362193,0.06779888,840,859,849.5391176470588,1.0963714311910042e-05,9.775844830336902e-06,9.975921079057445e-06,2.578997566668517e-07,9.118133340274567e-08,0.8916544660158885,0.9099034136834866,-13.027551114287283,standard-halo-model-uncompensated,scale_dependent_camb
11,0.03362193,0.06779888,860,879,869.5382183908046,1.0594972071987627e-05,9.477510607577352e-06,9.672067538604514e-06,2.8062117229202366e-07,9.921456693610421e-08,0.8945290788104326,0.9128922165049204,-11.263078587340283,standard-halo-model-uncompensated,scale_dependent_camb
11,0.03362193,0.06779888,880,899,889.5373595505617,1.0245118688974472e-05,9.132700537176027e-06,9.3205518336576e-06,2.2012688014825484e-07,7.78266048371347e-08,0.8914196911163557,0.9097553787920616,-14.293545942629363,standard-halo-model-uncompensated,scale_dependent_camb
11,0.03362193,0.06779888,900,919,909.5365384615385,9.913094173109708e-06,8.826169056435258e-06,9.007736190580116e-06,1.728335185813466e-07,6.110587650260068e-08,0.8903546059692596,0.9086704951330465,-17.78757099782686,standard-halo-model-uncompensated,scale_dependent_camb
11,0.03362193,0.06779888,920,939,929.535752688172,9.597894503292619e-06,8.534371791661033e-06,8.709556397402077e-06,1.890363782668937e-07,6.683445248173292e-08,0.889192081527179,0.9074444811217928,-15.912791563935773,standard-halo-model-uncompensated,scale_dependent_camb
11,0.03362193,0.06779888,940,959,949.535,9.298569477895672e-06,8.271595153250177e-06,8.441463078316076e-06,1.7685296201084324e-07,6.252696435539705e-08,0.889555664762543,0.9078238430527311,-16.424503176074168,standard-halo-model-uncompensated,scale_dependent_camb
11,0.03362193,0.06779888,960,979,969.5342783505155,9.014220446773587e-06,8.051858695362057e-06,8.217457442008419e-06,1.9177525866379054e-07,6.780279293248525e-08,0.8932396032364637,0.9116104371454162,-14.193541442604037,standard-halo-model-uncompensated,scale_dependent_camb
11,0.03362193,0.06779888,980,999,989.5335858585859,8.74399875993039e-06,7.793011192561192e-06,7.953144495438364e-06,1.8587265359413374e-07,6.571590689677503e-08,0.8912411136507562,0.9095546229814055,-14.47119293146158,standard-halo-model-uncompensated,scale_dependent_camb
11,0.03362193,0.06779888,1000,1019,1009.5329207920792,8.487103359035049e-06,7.539392416442273e-06,7.695162387927754e-06,1.5324020819763653e-07,5.417859518349358e-08,0.8883351713180353,0.9066888975419128,-17.492349873285605,standard-halo-model-uncompensated,scale_dependent_camb
11,0.03362193,0.06779888,1020,1039,1029.532281553398,8.242779082197845e-06,7.297250074895388e-06,7.447306144938121e-06,1.6725768129300543e-07,5.913452032391124e-08,0.8852900219848737,0.9034945702987809,-15.989459322968912,standard-halo-model-uncompensated,scale_dependent_camb
11,0.03362193,0.06779888,1040,1059,1049.5316666666668,8.010314019026308e-06,7.089613887083506e-06,7.235690015380675e-06,1.594194916181999e-07,5.636330178827055e-08,0.8850606693125974,0.9032966745366379,-16.335099306307914,standard-halo-model-uncompensated,scale_dependent_camb
11,0.03362193,0.06779888,1060,1079,1069.5310747663552,7.789038200485761e-06,6.886173990681684e-06,7.027697617331975e-06,1.5829871916522685e-07,5.5967048887438394e-08,0.8840852764404505,0.9022548659337291,-16.132067488852755,standard-halo-model-uncompensated,scale_dependent_camb
11,0.03362193,0.06779888,1080,1099,1089.530504587156,7.5783206921783835e-06,6.710912716948994e-06,6.849133682268481e-06,1.4716832659507577e-07,5.20318608556273e-08,0.8855408723828955,0.9037798689804062,-16.67070831151291,standard-halo-model-uncompensated,scale_dependent_camb
11,0.03362193,0.06779888,1100,1119,1109.529954954955,7.3775681959280426e-06,6.514224411920343e-06,6.64810264382878e-06,1.391599864280695e-07,4.9200485036557925e-08,0.8829771869158443,0.9011238483024959,-17.54746489523835,standard-halo-model-uncompensated,scale_dependent_camb
11,0.03362193,0.06779888,1120,1139,1129.529424778761,7.186222557896554e-06,6.332852593275582e-06,6.463830503542448e-06,1.1236305068260769e-07,3.972633754623981e-08,0.881249160077397,0.8994754130512825,-21.48121415994327,standard-halo-model-uncompensated,scale_dependent_camb
11,0.03362193,0.06779888,1140,1159,1149.5289130434783,7.003759368510211e-06,6.174418387401627e-06,6.302049008359814e-06,1.0435948399547373e-07,3.6896649407164225e-08,0.8815863113690905,0.8998094704245015,-22.47740633455868,standard-halo-model-uncompensated,scale_dependent_camb
11,0.03362193,0.06779888,1160,1179,1169.5284188034188,6.829685492805104e-06,6.060220735691188e-06,6.185117718211242e-06,1.1065612226343601e-07,3.9122847216141645e-08,0.8873352575423088,0.9056226270927267,-19.667913044847207,standard-halo-model-uncompensated,scale_dependent_camb
11,0.03362193,0.06779888,1180,1199,1189.5279411764707,6.6635378994679545e-06,5.897297315903318e-06,6.0189609848260945e-06,1.0484034351247148e-07,3.706665891979782e-08,0.8850099458988872,0.9032680650479491,-20.671962510097625,standard-halo-model-uncompensated,scale_dependent_camb
11,0.03362193,0.06779888,1200,1219,1209.527479338843,6.504881366936358e-06,5.744283743911315e-06,5.8631123898767365e-06,8.741684007364105e-08,3.090652020298576e-08,0.8830727910133639,0.9013404025595813,-24.609616936155902,standard-halo-model-uncompensated,scale_dependent_camb
11,0.03362193,0.06779888,1220,1239,1229.5270325203253,6.353307006236732e-06,5.613639818306145e-06,5.729546273867031e-06,1.0130928342039457e-07,3.5818240651855434e-08,0.8835776097071192,0.9018210938402024,-20.650572849737983,standard-halo-model-uncompensated,scale_dependent_camb
11,0.03362193,0.06779888,1240,1259,1249.5266,6.208431013207858e-06,5.465725903482353e-06,5.5784543824777765e-06,1.0158643718725061e-07,3.591622930584308e-08,0.8803715289506368,0.8985288506242777,-20.678816347925398,standard-halo-model-uncompensated,scale_dependent_camb
11,0.03362193,0.06779888,1260,1279,1269.5261811023622,6.069892496330423e-06,5.326208129198491e-06,5.43604129975218e-06,9.796587344385668e-08,3.4636166718507086e-08,0.8774798124379419,0.8955745596875989,-21.47132427141715,standard-halo-model-uncompensated,scale_dependent_camb
11,0.03362193,0.06779888,1280,1299,1289.5257751937984,5.937352777893382e-06,5.246639371020055e-06,5.354915858385449e-06,9.028972911012674e-08,3.192223986263352e-08,0.8836664364217891,0.9019029285784521,-21.637372873757506,standard-halo-model-uncompensated,scale_dependent_camb
11,0.03362193,0.06779888,1300,1319,1309.5253816793893,5.810493397232989e-06,5.128007300278809e-06,5.233874610476848e-06,9.63889756343683e-08,3.407864915134336e-08,0.8825424881681844,0.9007625089066047,-20.02679431110247,standard-halo-model-uncompensated,scale_dependent_camb
11,0.03362193,0.06779888,1320,1339,1329.525,5.689015199420538e-06,5.01443359322221e-06,5.1177631591764796e-06,8.647402492200386e-08,3.057318470942172e-08,0.8814238347847904,0.8995868317767468,-22.06448600660313,standard-halo-model-uncompensated,scale_dependent_camb
11,0.03362193,0.06779888,1340,1359,1349.5246296296295,5.572637208005057e-06,4.918204702108627e-06,5.019621860983991e-06,8.417814935737659e-08,2.9761470119167502e-08,0.8825632314703096,0.9007623632439838,-21.989253329087088,standard-halo-model-uncompensated,scale_dependent_camb
11,0.03362193,0.06779888,1360,1379,1369.5242700729927,5.461095007602618e-06,4.7926684577299265e-06,4.891252514565003e-06,1.0003231926982732e-07,3.5366765646756324e-08,0.8776021019699993,0.8956541696776354,-18.899849552230574,standard-halo-model-uncompensated,scale_dependent_camb
11,0.03362193,0.06779888,1380,1399,1389.5239208633093,5.354140215032229e-06,4.708650637001852e-06,4.805750111136875e-06,8.599870074832457e-08,3.040513223618646e-08,0.879441039624232,0.8975764395643395,-21.229625742661675,standard-halo-model-uncompensated,scale_dependent_camb
11,0.03362193,0.06779888,1400,1419,1409.5235815602837,5.251539059059355e-06,4.601894221543952e-06,4.69674214396803e-06,9.893881408979399e-08,3.498015318272423e-08,0.8762943909948246,0.8943553672833772,-18.571812253705207,standard-halo-model-uncompensated,scale_dependent_camb
11,0.03362193,0.06779888,1420,1439,1429.5232517482518,5.153071845923115e-06,4.524070829890447e-06,4.617732937160567e-06,7.186542518081845e-08,2.5408264739105594e-08,0.8779366880882311,0.8961126635200934,-24.75576441332411,standard-halo-model-uncompensated,scale_dependent_camb
11,0.03362193,0.06779888,1440,1459,1449.5229310344828,5.058531568065085e-06,4.442197259910003e-06,4.53402659748899e-06,7.335558955740148e-08,2.5935117406987838e-08,0.878159442149961,0.8963128007567776,-23.764469560065304,standard-halo-model-uncompensated,scale_dependent_camb
11,0.03362193,0.06779888,1460,1479,1469.522619047619,4.9677234256600805e-06,4.353201220384619e-06,4.442823859914341e-06,9.5504722780861e-08,3.376601855684408e-08,0.8762970172410901,0.8943380054061697,-18.199427458139077,standard-halo-model-uncompensated,scale_dependent_camb
11,0.03362193,0.06779888,1480,1499,1489.5223154362416,4.8804640756018156e-06,4.297552371007259e-06,4.386259659376859e-06,6.982810423833203e-08,2.4687963012162838e-08,0.8805622384337135,0.8987382329693686,-23.61117052497921,standard-halo-model-uncompensated,scale_dependent_camb
11,0.03362193,0.06779888,1500,1519,1509.5220198675497,4.796580587321158e-06,4.223410639641859e-06,4.310554082893697e-06,7.382420960383993e-08,2.610079961330613e-08,0.8805044682884378,0.8986722946525324,-21.95986161999032,standard-halo-model-uncompensated,scale_dependent_camb
11,0.03362193,0.06779888,1520,1539,1529.5217320261438,4.7159101203017024e-06,4.139070244146261e-06,4.2245905796949965e-06,6.590375274221824e-08,2.330049523483202e-08,0.8776821734425809,0.8958166020824685,-24.756550036461046,standard-halo-model-uncompensated,scale_dependent_camb
11,0.03362193,0.06779888,1540,1559,1549.5214516129033,4.638299092310768e-06,4.0777397458655936e-06,4.162062087023384e-06,7.265364847395382e-08,2.56869437569382e-08,0.8791454937922282,0.8973250763244494,-21.822734216629552,standard-halo-model-uncompensated,scale_dependent_camb
11,0.03362193,0.06779888,1560,1579,1569.521178343949,4.563602646656899e-06,4.00424529659662e-06,4.087210716674941e-06,4.980835697679466e-08,1.7609913489025895e-08,0.8774307507972807,0.8956105588353661,-31.763776148523267,standard-halo-model-uncompensated,scale_dependent_camb
11,0.03362193,0.06779888,1580,1599,1589.5209119496856,4.491683845523603e-06,3.9526029413707044e-06,4.033951987142162e-06,7.890886844375707e-08,2.7898497986168898e-08,0.8799824469635936,0.8980934825059838,-19.322936468485008,standard-halo-model-uncompensated,scale_dependent_camb
11,0.03362193,0.06779888,1600,1619,1609.520652173913,4.422413854134941e-06,3.899287685495002e-06,3.9800421619615424e-06,4.8875214348550916e-08,1.72799977489032e-08,0.8817102636943809,0.8999705349240931,-30.273509073410768,standard-halo-model-uncompensated,scale_dependent_camb
11,0.03362193,0.06779888,1620,1639,1629.520398773006,4.355670493718648e-06,3.825271180773359e-06,3.904114116190995e-06,7.377635024502994e-08,2.6083878774727238e-08,0.8782278609664844,0.8963290776520294,-20.33437271833952,standard-halo-model-uncompensated,scale_dependent_camb
11,0.03362193,0.06779888,1640,1659,1649.5201515151516,4.291338652061514e-06,3.7834589672785343e-06,3.8618971512382735e-06,5.4226191212224876e-08,1.9171853762041288e-08,0.8816500570191542,0.899928312435342,-26.490901249650683,standard-halo-model-uncompensated,scale_dependent_camb
11,0.03362193,0.06779888,1660,1679,1669.5199101796406,4.229309266169732e-06,3.722826272104695e-06,3.799727070643895e-06,5.8687790149893804e-08,2.0749267193921488e-08,0.8802445122383467,0.8984273391964813,-24.409681042297777,standard-halo-model-uncompensated,scale_dependent_camb
11,0.03362193,0.06779888,1680,1699,1689.519674556213,4.16947925430457e-06,3.6677482854336667e-06,3.7436651922191077e-06,5.054427897410514e-08,1.7870101206387187e-08,0.8796657955899609,0.8978735625927742,-28.076560008041433,standard-halo-model-uncompensated,scale_dependent_camb
11,0.03362193,0.06779888,1700,1719,1709.5194444444444,4.1117511555477086e-06,3.613053270798946e-06,3.68756519610271e-06,6.70840408203175e-08,2.371779008672083e-08,0.8787139917074254,0.8968356927746775,-21.02632171569706,standard-halo-model-uncompensated,scale_dependent_camb
11,0.03362193,0.06779888,1720,1739,1729.519219653179,4.056032466573243e-06,3.57872489387649e-06,3.652657585909537e-06,7.025070731409453e-08,2.4837375762473813e-08,0.8823215601378043,0.9005493955021275,-19.21731092935773,standard-halo-model-uncompensated,scale_dependent_camb
11,0.03362193,0.06779888,1740,1759,1749.519,4.002235741509244e-06,3.5254441255545885e-06,3.598377572977456e-06,5.332989893921292e-08,1.885496658995536e-08,0.88086868271911,0.8990918589969182,-25.28732223841,standard-halo-model-uncompensated,scale_dependent_camb
11,0.03362193,0.06779888,1760,1779,1769.5187853107345,3.950278144960899e-06,3.4776353153686044e-06,3.5494904113056177e-06,5.7450843788064044e-08,2.031194061371456e-08,0.880352012631006,0.8985418952924773,-23.269210883433153,standard-halo-model-uncompensated,scale_dependent_camb
11,0.03362193,0.06779888,1780,1799,1789.5185754189945,3.9000809603854e-06,3.441984984336617e-06,3.5133812045165653e-06,3.83056365635285e-08,1.354308768586918e-08,0.8825419316414614,0.9008482747418091,-33.825076428232755,standard-halo-model-uncompensated,scale_dependent_camb
11,0.03362193,0.06779888,1800,1819,1809.5183701657459,3.851569614111986e-06,3.3968316771484585e-06,3.4674313308370523e-06,4.0624437742009766e-08,1.4362907704632911e-08,0.8819343845435411,0.9002644838957428,-31.660576417743528,standard-halo-model-uncompensated,scale_dependent_camb
11,0.03362193,0.06779888,1820,1839,1829.518169398907,3.804673315750206e-06,3.36470349063345e-06,3.434383950291599e-06,4.55717585153373e-08,1.6112049738395398e-08,0.8843606826122461,0.9026751222172689,-27.306881015163295,standard-halo-model-uncompensated,scale_dependent_camb
11,0.03362193,0.06779888,1840,1859,1849.517972972973,3.7593248870357917e-06,3.3238815274397804e-06,3.3925781806461366e-06,5.294016253885898e-08,1.8717173964172608e-08,0.884169798386498,0.9024434659386853,-23.264375296693462,standard-halo-model-uncompensated,scale_dependent_camb
11,0.03362193,0.06779888,1860,1879,1869.5177807486632,3.715460465664626e-06,3.291023984185933e-06,3.3589410547579164e-06,5.518222634412555e-08,1.950986322445106e-08,0.8857647698310877,0.9040443535326557,-21.754969606694157,standard-halo-model-uncompensated,scale_dependent_camb
11,0.03362193,0.06779888,1880,1899,1889.5175925925926,3.6730193888617157e-06,3.2553381684974577e-06,3.3230576511505294e-06,3.1100705421797106e-08,1.0995759851718979e-08,0.8862839598312877,0.9047209664145985,-37.98566229135692,standard-halo-model-uncompensated,scale_dependent_camb
11,0.03362193,0.06779888,1900,1919,1909.5174083769634,3.6319439613560503e-06,3.2245969399244382e-06,3.2912668370502143e-06,5.019075111149284e-08,1.7745110231891416e-08,0.8878432526036217,0.9061997850378071,-22.955451733375554,standard-halo-model-uncompensated,scale_dependent_camb
11,0.03362193,0.06779888,1920,1939,1929.5172279792746,3.5921793321748133e-06,3.1820348343093133e-06,3.2479371374204445e-06,4.265716279300304e-08,1.5081584538555468e-08,0.8858229336737522,0.904168984084112,-27.195053465170187,standard-halo-model-uncompensated,scale_dependent_camb
11,0.03362193,0.06779888,1940,1959,1949.5170512820512,3.5536732654078894e-06,3.147464984998229e-06,3.2124180809859924e-06,5.27324793979196e-08,1.8643746885524427e-08,0.8856934078988729,0.9039711422702424,-21.787910064636886,standard-halo-model-uncompensated,scale_dependent_camb
11,0.03362193,0.06779888,1960,1979,1969.5168781725888,3.5163760925238446e-06,3.13454375124836e-06,3.199505865932153e-06,4.229897418287241e-08,1.495494574097189e-08,0.8914131107627261,0.9098872764874644,-25.53217831004114,standard-halo-model-uncompensated,scale_dependent_camb
11,0.03362193,0.06779888,1980,1999,1989.5167085427136,3.48024042669725e-06,3.1021808319446075e-06,3.1663644185201995e-06,3.929553754306818e-08,1.3893070533537035e-08,0.8913696904810047,0.9098119756987827,-27.212097846910765,standard-halo-model-uncompensated,scale_dependent_camb
11,0.03362193,0.06779888,2000,2019,2009.5165422885573,3.4452212216579297e-06,3.0809321480516615e-06,3.1449225945314917e-06,3.376092839148609e-08,1.1936290702386628e-08,0.8942625015438158,0.9128361844404503,-30.519453881382898,standard-halo-model-uncompensated,scale_dependent_camb
11,0.03362193,0.06779888,2020,2039,2029.5163793103447,3.4112754193447307e-06,3.047630661269678e-06,3.1109718931396172e-06,3.399980367045936e-08,1.202074586719654e-08,0.8933991796696072,0.9119673760429469,-30.251430492961703,standard-halo-model-uncompensated,scale_dependent_camb
11,0.03362193,0.06779888,2040,2059,2049.516219512195,3.3783620225013556e-06,3.0156661902610396e-06,3.0780664752893433e-06,4.2416636671146964e-08,1.4996545712647e-08,0.8926415138979764,0.9111120876886747,-24.18529167916613,standard-halo-model-uncompensated,scale_dependent_camb
11,0.03362193,0.06779888,2060,2079,2069.5160628019325,3.346441967940774e-06,2.988564172166377e-06,3.0505015348079493e-06,3.9617633446636393e-08,1.4006948632339782e-08,0.8930572234023779,0.9115656461495638,-25.550018435001245,standard-halo-model-uncompensated,scale_dependent_camb
11,0.03362193,0.06779888,2080,2099,2089.515909090909,3.3154779204452283e-06,2.9611889109443616e-06,3.022520811922568e-06,4.061481946473165e-08,1.4359507130089566e-08,0.8931408931074136,0.9116395537680674,-24.67278342433309,standard-halo-model-uncompensated,scale_dependent_camb
11,0.03362193,0.06779888,2100,2119,2109.5157582938386,3.2854342062610557e-06,2.945341190794749e-06,3.0060799612016734e-06,5.3049294934634374e-08,1.8755758092722564e-08,0.8964846062605086,0.914971894878608,-18.132725629377056,standard-halo-model-uncompensated,scale_dependent_camb
11,0.03362193,0.06779888,2120,2139,2129.5156103286386,3.2562767961878623e-06,2.9162594063217483e-06,2.976796542329087e-06,3.148517524341621e-08,1.1131690460733204e-08,0.895580931490783,0.9141718375458855,-30.544991442720942,standard-halo-model-uncompensated,scale_dependent_camb
11,0.03362193,0.06779888,2140,2159,2149.515465116279,3.2279732403337227e-06,2.8923256687799477e-06,2.952418012745158e-06,3.2870465160240696e-08,1.1621464407781175e-08,0.8960190972589741,0.9146352193551405,-28.88169337153771,standard-halo-model-uncompensated,scale_dependent_camb
11,0.03362193,0.06779888,2160,2179,2169.5153225806453,3.2004923564558387e-06,2.8716423066421294e-06,2.9309671107145382e-06,4.1892142208548076e-08,1.4811108917047767e-08,0.8972501686653389,0.9157863179402286,-22.202932383759524,standard-halo-model-uncompensated,scale_dependent_camb
11,0.03362193,0.06779888,2180,2199,2189.5151826484016,3.173804502916328e-06,2.861040502976001e-06,2.92023684393925e-06,3.9885439227950635e-08,1.4101632274343913e-08,0.9014545477980965,0.9201060875853945,-22.17927640258784,standard-halo-model-uncompensated,scale_dependent_camb
11,0.03362193,0.06779888,2200,2219,2209.515045248869,3.1478812637145043e-06,2.834257523847108e-06,2.893032972769317e-06,3.408344848545882e-08,1.2050318775145146e-08,0.9003698953062418,0.9190413266590411,-26.02617787292673,standard-halo-model-uncompensated,scale_dependent_camb
11,0.03362193,0.06779888,2220,2239,2229.5149103139015,3.1226953374694554e-06,2.814176067957227e-06,2.8723137371535855e-06,4.12502842836421e-08,1.4584177871418096e-08,0.901200970261081,0.9198187548713055,-21.154381976982116,standard-halo-model-uncompensated,scale_dependent_camb
11,0.03362193,0.06779888,2240,2259,2249.514777777778,3.0982208522333822e-06,2.8001066292192552e-06,2.8581996738767752e-06,3.097997702990261e-08,1.0953075919423807e-08,0.9037788985251879,0.9225293515846085,-27.217397670499256,standard-halo-model-uncompensated,scale_dependent_camb
11,0.03362193,0.06779888,2260,2279,2269.5146475770925,3.074432718520899e-06,2.774641427904943e-06,2.832318255239142e-06,3.0972989077480124e-08,1.0950605305151532e-08,0.902488908340728,0.9212490610631292,-27.376686700133753,standard-halo-model-uncompensated,scale_dependent_camb
11,0.03362193,0.06779888,2280,2299,2289.514519650655,3.051307242096958e-06,2.7531319757877106e-06,2.8101566686349936e-06,3.852729386633445e-08,1.3621455376825982e-08,0.9022795009969787,0.9209681115900221,-21.890118057173925,standard-halo-model-uncompensated,scale_dependent_camb
11,0.03362193,0.06779888,2300,2319,2309.514393939394,3.028821368400248e-06,2.743475279841895e-06,2.800345860373406e-06,3.280253489979896e-08,1.1597447433878115e-08,0.9057897268107739,0.9245661991127864,-24.604214865834066,standard-halo-model-uncompensated,scale_dependent_camb
11,0.03362193,0.06779888,2320,2339,2329.514270386266,3.006953323381479e-06,2.7252745665615755e-06,2.781919760380781e-06,2.935239896124507e-08,1.0377640174794682e-08,0.9063242004358283,0.925162269313966,-27.14285252480114,standard-halo-model-uncompensated,scale_dependent_camb
11,0.03362193,0.06779888,2340,2359,2349.5141489361704,2.9856820141357703e-06,2.7187112310504625e-06,2.7750125620845213e-06,3.1976497764886115e-08,1.1305399204073725e-08,0.9105829817705539,0.9294400907217077,-23.61444989833787,standard-halo-model-uncompensated,scale_dependent_camb
11,0.03362193,0.06779888,2360,2379,2369.514029535865,2.964987282362178e-06,2.707604329484636e-06,2.763723975303117e-06,3.3905686532128814e-08,1.198747043382684e-08,0.9131925609230649,0.932120010006007,-21.47099793057642,standard-halo-model-uncompensated,scale_dependent_camb
11,0.03362193,0.06779888,2380,2399,2389.513912133891,2.9448498535325953e-06,2.67770662342891e-06,2.7334276283630127e-06,2.4652522885974118e-08,8.715983053014427e-09,0.909284600780843,0.9282061104351504,-30.649810638547944,standard-halo-model-uncompensated,scale_dependent_camb
11,0.03362193,0.06779888,2400,2419,2409.5137966804978,2.925251084384828e-06,2.6740610811953454e-06,2.729763495286867e-06,2.0679173215282213e-08,7.3111918049286366e-09,0.9141304469451014,0.9331723727438352,-34.35691606670063,standard-halo-model-uncompensated,scale_dependent_camb
11,0.03362193,0.06779888,2420,2439,2429.513683127572,2.9061732379791235e-06,2.6543241243086474e-06,2.709182068496979e-06,3.826379204560907e-08,1.3528293414681025e-08,0.9133399515282835,0.9322163018681132,-18.616473338548914,standard-halo-model-uncompensated,scale_dependent_camb
11,0.03362193,0.06779888,2440,2459,2449.5135714285716,2.8875991939557005e-06,2.6385151872919845e-06,2.693214391026535e-06,2.965231443358455e-08,1.0483676306931687e-08,0.9137401038256636,0.9326829002667509,-23.75922332693776,standard-halo-model-uncompensated,scale_dependent_camb
11,0.03362193,0.06779888,2460,2479,2469.5134615384613,2.8695124807769937e-06,2.621495780177261e-06,2.6758526363112382e-06,2.98176859221254e-08,1.054214395741276e-08,0.9135683492366007,0.9325112381412898,-23.52621075956173,standard-halo-model-uncompensated,scale_dependent_camb
11,0.03362193,0.06779888,2480,2499,2489.513353413655,2.851897346862555e-06,2.6105701532208326e-06,2.6647769027001356e-06,2.839793425720748e-08,1.0040185942480586e-08,0.9153801261790813,0.9343873844658976,-24.03612791877225,standard-halo-model-uncompensated,scale_dependent_camb
11,0.03362193,0.06779888,2500,2519,2509.513247011952,2.8347386669903073e-06,2.601481250343177e-06,2.655389960873803e-06,3.121587718261765e-08,1.1036479218257679e-08,0.9177146664828952,0.9367318376805005,-21.13512942254735,standard-halo-model-uncompensated,scale_dependent_camb
11,0.03362193,0.06779888,2520,2539,2529.51314229249,2.8180217862660907e-06,2.587056447950195e-06,2.640644519527337e-06,3.3213346972608625e-08,1.1742691435116623e-08,0.9180399032251886,0.937056105242614,-19.668858676230883,standard-halo-model-uncompensated,scale_dependent_camb
11,0.03362193,0.06779888,2540,2559,2549.513039215686,2.8017327035534445e-06,2.5697481456679513e-06,2.6231125127315684e-06,2.403154966742505e-08,8.496435866128786e-09,0.9171996109438754,0.9362465268027419,-27.30374965934885,standard-halo-model-uncompensated,scale_dependent_camb
11,0.03362193,0.06779888,2560,2579,2569.512937743191,2.785857944950599e-06,2.556937866408456e-06,2.6098887255531852e-06,3.126122653029005e-08,1.105251263388845e-08,0.917827799167914,0.9368348196948232,-20.712039526672328,standard-halo-model-uncompensated,scale_dependent_camb
11,0.03362193,0.06779888,2580,2599,2589.5128378378377,2.7703845509796917e-06,2.5442553231662346e-06,2.5968717477619813e-06,3.5041939452706533e-08,1.2389196506468603e-08,0.9183762312948609,0.9373686937590122,-18.252130208394973,standard-halo-model-uncompensated,scale_dependent_camb
11,0.03362193,0.06779888,2600,2619,2609.5127394636015,2.7553000136482644e-06,2.543983297935343e-06,2.596857919573057e-06,2.4023186827676573e-08,8.493479155780724e-09,0.9233053697723758,0.9424955201646388,-24.879876884032598,standard-halo-model-uncompensated,scale_dependent_camb
11,0.03362193,0.06779888,2620,2639,2629.5126425855515,2.7405923034102462e-06,2.5293391848309723e-06,2.581792125878539e-06,2.7133137073244143e-08,9.593012609677523e-09,0.9229169846545938,0.9420562564763446,-22.021561648544044,standard-halo-model-uncompensated,scale_dependent_camb
11,0.03362193,0.06779888,2640,2659,2649.512547169811,2.72624986704439e-06,2.518737779555935e-06,2.571115409180057e-06,2.2224373229519205e-08,7.8575025091069e-09,0.9238836872595888,0.9430960236845352,-26.409420454902456,standard-halo-model-uncompensated,scale_dependent_camb
11,0.03362193,0.06779888,2660,2679,2669.5124531835204,2.7122615373123773e-06,2.5053927533766443e-06,2.5573684426978645e-06,2.7551499312690448e-08,9.74092599792996e-09,0.9237283052943623,0.942891534432185,-21.237075815963966,standard-halo-model-uncompensated,scale_dependent_camb
11,0.03362193,0.06779888,2680,2699,2689.5123605947956,2.6986165932735275e-06,2.495553686600308e-06,2.5472832273309654e-06,2.806218812122096e-08,9.92148175772396e-09,0.9247529615065117,0.9439218722956902,-20.46699390593881,standard-halo-model-uncompensated,scale_dependent_camb
11,0.03362193,0.06779888,2700,2719,2709.512269372694,2.6853046807187684e-06,2.495757154878706e-06,2.547652699944561e-06,2.21894796076077e-08,7.845165750770008e-09,0.9294130281747669,0.9487387849272424,-24.161060691605915,standard-halo-model-uncompensated,scale_dependent_camb
11,0.03362193,0.06779888,2720,2739,2729.5121794871793,2.6723158319297395e-06,2.479215144375947e-06,2.530561283595381e-06,3.107859228071354e-08,1.0987941675712217e-08,0.9277403197456828,0.9469544180966086,-17.57387263718582,standard-halo-model-uncompensated,scale_dependent_camb
11,0.03362193,0.06779888,2740,2759,2749.512090909091,2.659640434864666e-06,2.470622598792283e-06,2.5215752673033177e-06,4.227612199931917e-08,1.4946866273994183e-08,0.9289310563959745,0.948088784577238,-12.64598428911163,standard-halo-model-uncompensated,scale_dependent_camb
11,0.03362193,0.06779888,2760,2779,2769.5120036101084,2.647269209049953e-06,2.461121587270374e-06,2.512236984083974e-06,2.528647592154346e-08,8.940119298216866e-09,0.929683153816312,0.948991880197013,-20.821603780690804,standard-halo-model-uncompensated,scale_dependent_camb
11,0.03362193,0.06779888,2780,2799,2789.511917562724,2.635193223840423e-06,2.4595829028816543e-06,2.5106144922103176e-06,2.643026864226396e-08,9.344511092763505e-09,0.9333596036260137,0.952725010635634,-18.79288485138225,standard-halo-model-uncompensated,scale_dependent_camb
11,0.03362193,0.06779888,2800,2819,2809.5118327402133,2.6234038426124712e-06,2.4476616179587823e-06,2.4983119272069005e-06,3.1880075104634905e-08,1.1271308645611887e-08,0.9330098470547794,0.9523169428306547,-15.59199824787944,standard-halo-model-uncompensated,scale_dependent_camb
11,0.03362193,0.06779888,2820,2839,2829.511749116608,2.6118927462201643e-06,2.4406995595620995e-06,2.4913358183700457e-06,2.7156746949095595e-08,9.60135996133629e-09,0.9344562724078892,0.953843078731091,-17.830097751510465,standard-halo-model-uncompensated,scale_dependent_camb
11,0.03362193,0.06779888,2840,2859,2849.5116666666668,2.6006519010484535e-06,2.4331342035403157e-06,2.483599665650823e-06,2.5622299253708323e-08,9.058850775944085e-09,0.9355862668738546,0.9549911945730065,-18.492157741794756,standard-halo-model-uncompensated,scale_dependent_camb
11,0.03362193,0.06779888,2860,2879,2869.5115853658535,2.589673547419626e-06,2.429216120499451e-06,2.479656301955078e-06,2.3114530300419708e-08,8.17222055968435e-09,0.9380395157991801,0.9575169443367987,-19.634495391834193,standard-halo-model-uncompensated,scale_dependent_camb
11,0.03362193,0.06779888,2880,2899,2889.5115051903113,2.5789502082525306e-06,2.4108268933715746e-06,2.4608643728080677e-06,2.4067151005291158e-08,8.509022839841006e-09,0.9348093986681214,0.9542116652479008,-19.758239934880397,standard-halo-model-uncompensated,scale_dependent_camb
11,0.03362193,0.06779888,2900,2919,2909.5114261168383,2.5684746418192306e-06,2.4102349317845177e-06,2.4602669847251077e-06,2.383750599700304e-08,8.427831068527922e-09,0.9383915622687896,0.9578708485837024,-18.775852143694248,standard-halo-model-uncompensated,scale_dependent_camb
11,0.03362193,0.06779888,2920,2939,2929.511348122867,2.5582398627554796e-06,2.4077106950608337e-06,2.457543597129833e-06,3.121184159232085e-08,1.10350524216252e-08,0.9411590875874669,0.9606384580696876,-13.641001595937732,standard-halo-model-uncompensated,scale_dependent_camb
11,0.03362193,0.06779888,2940,2959,2949.511271186441,2.548239117358512e-06,2.396133916770078e-06,2.4457433529568815e-06,3.1355190040838045e-08,1.108573375163474e-08,0.940309683046501,0.9597778074657778,-13.720805856987525,standard-halo-model-uncompensated,scale_dependent_camb
11,0.03362193,0.06779888,2960,2979,2969.5111952861953,2.5384658878025747e-06,2.388454061550005e-06,2.43795685629564e-06,2.719568768360107e-08,9.615127590052893e-09,0.9409045333351209,0.9604056008828464,-15.60164697219005,standard-halo-model-uncompensated,scale_dependent_camb
11,0.03362193,0.06779888,2980,2999,2989.511120401338,2.528913863306155e-06,2.386274925584532e-06,2.4357286758967044e-06,2.8066854195975874e-08,9.923131464274322e-09,0.9435967591497382,0.9631520911955357,-14.374387584721408,standard-halo-model-uncompensated,scale_dependent_camb
11,0.03362193,0.06779888,3000,3019,3009.5110465116277,2.519576950110825e-06,2.3819196582102335e-06,2.4314045270949877e-06,2.319959597722469e-08,8.202295818141862e-09,0.9453649185453389,0.9650050684056468,-16.782775816999994,standard-halo-model-uncompensated,scale_dependent_camb
11,0.03362193,0.06779888,3020,3039,3029.5109735973597,2.510449264883294e-06,2.3714891548938895e-06,2.42068285865308e-06,2.877345674756342e-08,1.0172953192189957e-08,0.94464731395563,0.9642428917063228,-13.659761070766352,standard-halo-model-uncompensated,scale_dependent_camb
11,0.03362193,0.06779888,3040,3059,3049.5109016393444,2.5015250841192995e-06,2.3655132311099583e-06,2.4146547902102192e-06,2.2184653203949425e-08,7.843459359392253e-09,0.945628427285099,0.9652730670339593,-17.3407991011609,standard-halo-model-uncompensated,scale_dependent_camb
11,0.03362193,0.06779888,3060,3079,3069.5108306188927,2.4927989118603454e-06,2.36117048200986e-06,2.4101353545387156e-06,2.644563001142543e-08,9.349942156914697e-09,0.9471965310863151,0.9668390591281433,-14.07799402835238,standard-halo-model-uncompensated,scale_dependent_camb
11,0.03362193,0.06779888,3080,3099,3089.5107605177996,2.4842654039179784e-06,2.3548818365480285e-06,2.4036264980295677e-06,2.9422311672693655e-08,1.0402358050972897e-08,0.9479187822823211,0.9675401405336026,-12.437907514426412,standard-halo-model-uncompensated,scale_dependent_camb
11,0.03362193,0.06779888,3100,3119,3109.510691318328,2.4759193808434596e-06,2.350960156994073e-06,2.3998344582014737e-06,2.080862801638101e-08,7.356960988785694e-09,0.9495301725830761,0.9692700322834961,-16.98516874560887,standard-halo-model-uncompensated,scale_dependent_camb
11,0.03362193,0.06779888,3120,3139,3129.5106230031947,2.4677558503007035e-06,2.344840494651907e-06,2.3935975507954428e-06,2.087726624865284e-08,7.381228268529728e-09,0.9501914439251279,0.9699490938310512,-16.652425745028467,standard-halo-model-uncompensated,scale_dependent_camb
11,0.03362193,0.06779888,3140,3159,3149.5105555555556,2.4597699989436095e-06,2.335846944721445e-06,2.384437212884968e-06,2.0395569335470675e-08,7.21092269163586e-09,0.9496200643656173,0.9693740528216076,-17.185464263249735,standard-halo-model-uncompensated,scale_dependent_camb
11,0.03362193,0.06779888,3160,3179,3169.5104889589907,2.4519571175305333e-06,2.3271739937065554e-06,2.375435472389769e-06,2.586045231647456e-08,9.143050598765262e-09,0.9491087658377761,0.9687916054511457,-13.64786538978899,standard-halo-model-uncompensated,scale_dependent_camb
11,0.03362193,0.06779888,3180,3199,3189.510423197492,2.444312679277666e-06,2.3316191909434734e-06,2.3799151051033633e-06,2.7958560720799665e-08,9.884843938946645e-09,0.9538956332020929,0.9736541176911405,-11.400634044425937,standard-halo-model-uncompensated,scale_dependent_camb
11,0.03362193,0.06779888,3200,3219,3209.5103582554516,2.4368322584465363e-06,2.3249424265293616e-06,2.373243371586577e-06,2.2093704229764987e-08,7.811304041198365e-09,0.9540839007160453,0.9739051029714714,-14.324091256344081,standard-halo-model-uncompensated,scale_dependent_camb
11,0.03362193,0.06779888,3220,3239,3229.510294117647,2.4295116264892617e-06,2.3144610316437334e-06,2.362468772835719e-06,2.89845038915515e-08,1.0247569625521972e-08,0.9526445588524386,0.9724048022974798,-11.227110334433865,standard-halo-model-uncompensated,scale_dependent_camb
11,0.03362193,0.06779888,3240,3259,3249.510230769231,2.422346656485346e-06,2.3133505761847773e-06,2.361198509317697e-06,3.0500489859740224e-08,1.078355160466692e-08,0.9550039297601136,0.9747566488867574,-10.107623563779972,standard-halo-model-uncompensated,scale_dependent_camb
11,0.03362193,0.06779888,3260,3279,3269.5101681957185,2.415333354642067e-06,2.3044141966464125e-06,2.352040462094121e-06,3.232783226479015e-08,1.142961470774719e-08,0.9540770810031347,0.9737953800760867,-9.704540426937726,standard-halo-model-uncompensated,scale_dependent_camb
11,0.03362193,0.06779888,3280,3299,3289.510106382979,2.408467800135604e-06,2.3033150299328592e-06,2.351150302658348e-06,2.3316753479482482e-08,8.243717250298544e-09,0.9563403877781449,0.9762016758230984,-12.755504223405616,standard-halo-model-uncompensated,scale_dependent_camb
11,0.03362193,0.06779888,3300,3319,3309.5100453172204,2.401746284852648e-06,2.3021404393511127e-06,2.3499188075530256e-06,2.3419396650524688e-08,8.280007091441762e-09,0.958527740365529,0.9784209191343447,-12.02968118282025,standard-halo-model-uncompensated,scale_dependent_camb
11,0.03362193,0.06779888,3320,3339,3329.509984984985,2.3951651602316286e-06,2.293311639902914e-06,2.3408808541085944e-06,2.429802035984086e-08,8.590647482926134e-09,0.9574753666177807,0.9773358818738894,-11.856326374833555,standard-halo-model-uncompensated,scale_dependent_camb
11,0.03362193,0.06779888,3340,3359,3349.509925373134,2.3887208592764187e-06,2.2895559581550373e-06,2.337008205231362e-06,2.580020443820168e-08,9.121749757125833e-09,0.9584861911611472,0.9783513197683879,-10.871258668756466,standard-halo-model-uncompensated,scale_dependent_camb
11,0.03362193,0.06779888,3360,3379,3369.5098664688426,2.3824099702099407e-06,2.28933896052015e-06,2.33678916842492e-06,2.5881078585224755e-08,9.15034308601718e-09,0.9609340915906303,0.9808509860370502,-10.171313667136094,standard-halo-model-uncompensated,scale_dependent_camb
11,0.03362193,0.06779888,3380,3399,3389.509808259587,2.3762291981616372e-06,2.279256595051635e-06,2.3266704712862885e-06,1.7815247180857817e-08,6.298641045049543e-09,0.9591905514901403,0.9791439618225003,-15.395797667533161,standard-halo-model-uncompensated,scale_dependent_camb
11,0.03362193,0.06779888,3400,3419,3409.509750733138,2.3701752726534443e-06,2.2725663823967925e-06,2.3196902065512506e-06,2.4062754646819752e-08,8.507468492397176e-09,0.9588178598507707,0.9786998595906897,-11.473317866987275,standard-halo-model-uncompensated,scale_dependent_camb
11,0.03362193,0.06779888,3420,3439,3429.509693877551,2.364245075333748e-06,2.2768356608674813e-06,2.3241837778268825e-06,2.2007010253769946e-08,7.780653092041305e-09,0.963028615189596,0.9830553533029099,-11.23420019274167,standard-halo-model-uncompensated,scale_dependent_camb
11,0.03362193,0.06779888,3440,3459,3449.5096376811593,2.358435599115437e-06,2.271388626150605e-06,2.318579838312677e-06,2.1801905862865815e-08,7.708137739211582e-09,0.9630912232678814,0.9831007635664472,-11.29286682592874,standard-halo-model-uncompensated,scale_dependent_camb
11,0.03362193,0.06779888,3460,3479,3469.509582132565,2.3527438405688298e-06,2.2691172502896587e-06,2.3161525657703347e-06,2.5004593503234156e-08,8.84045881347498e-09,0.9644557181121118,0.9844474038492655,-9.459530556457556,standard-halo-model-uncompensated,scale_dependent_camb
11,0.03362193,0.06779888,3480,3499,3489.5095272206304,2.3471669761519046e-06,2.2628476527669665e-06,2.309832147372492e-06,2.186053829378666e-08,7.728867433962373e-09,0.9640761291200609,0.9840936630590205,-10.90966096978453,standard-halo-model-uncompensated,scale_dependent_camb
11,0.03362193,0.06779888,3500,3519,3509.509472934473,2.3417022322671877e-06,2.258717736219943e-06,2.3055973021332685e-06,2.17367454079312e-08,7.68510003943685e-09,0.9645623192804916,0.9845817586726374,-10.798102252592859,standard-halo-model-uncompensated,scale_dependent_camb
11,0.03362193,0.06779888,3520,3539,3529.509419263456,2.3363468503693876e-06,2.253230128610647e-06,2.2999702258103453e-06,2.4591031321683802e-08,8.694242501966702e-09,0.9644244938436263,0.9844301266512329,-9.559972791182075,standard-halo-model-uncompensated,scale_dependent_camb
11,0.03362193,0.06779888,3540,3559,3549.509366197183,2.3310982825525047e-06,2.2474634335206173e-06,2.294199828531991e-06,2.0363429921820067e-08,7.199559692968008e-09,0.9641221266139371,0.9841712147888889,-11.616661656903227,standard-halo-model-uncompensated,scale_dependent_camb
11,0.03362193,0.06779888,3560,3579,3569.5093137254903,2.325953921885647e-06,2.244229992945963e-06,2.2908797431543636e-06,2.1940548451278755e-08,7.757155296425605e-09,0.9648643388113938,0.984920518673539,-10.535296228675639,standard-halo-model-uncompensated,scale_dependent_camb
11,0.03362193,0.06779888,3580,3599,3589.50926183844,2.3209113248127142e-06,2.2485217872007046e-06,2.295201337156519e-06,2.416275021511306e-08,8.542822264611576e-09,0.96880986497067,0.988922460164104,-8.473726289715929,standard-halo-model-uncompensated,scale_dependent_camb
11,0.03362193,0.06779888,3600,3619,3609.5092105263157,2.3159680894595273e-06,2.2430524530254537e-06,2.289615399145802e-06,2.17626025448779e-08,7.694241917875388e-09,0.968516130785252,0.9886213068160731,-9.4766498392356,standard-halo-model-uncompensated,scale_dependent_camb
11,0.03362193,0.06779888,3620,3639,3629.5091597796145,2.3111218349172003e-06,2.233402510681182e-06,2.2798352642969234e-06,1.9312979787519988e-08,6.828169486337055e-09,0.9663716022834413,0.9864626043735172,-11.382160971770293,standard-halo-model-uncompensated,scale_dependent_camb
11,0.03362193,0.06779888,3640,3659,3649.509109589041,2.3063703591297432e-06,2.2340835998246605e-06,2.2805354184780963e-06,1.8969864861442384e-08,6.706860040859158e-09,0.9686577834219312,0.9887984423016106,-10.778033068336203,standard-halo-model-uncompensated,scale_dependent_camb
11,0.03362193,0.06779888,3660,3679,3669.5090599455043,2.301711371173154e-06,2.2307678263589364e-06,2.27721642888077e-06,1.6828238077693554e-08,5.949680630079391e-09,0.9691779144410888,0.989357943572265,-11.923924866748854,standard-halo-model-uncompensated,scale_dependent_camb
11,0.03362193,0.06779888,3680,3699,3689.509010840108,2.297142803164305e-06,2.2323453176745522e-06,2.2785072504906084e-06,2.9843883299616516e-08,1.0551406129049397e-08,0.9717921387383952,0.9918875079738072,-6.1411232490953696,standard-halo-model-uncompensated,scale_dependent_camb
11,0.03362193,0.06779888,3700,3719,3709.508962264151,2.2926624955028526e-06,2.228015548545366e-06,2.274236438806954e-06,2.3363184369475545e-08,8.260133048883855e-09,0.9718026761094168,0.9919630313087765,-7.826380831265408,standard-halo-model-uncompensated,scale_dependent_camb
11,0.03362193,0.06779888,3720,3739,3729.508914209115,2.288268477773775e-06,2.2174166947643434e-06,2.263294623037843e-06,3.075505401800162e-08,1.087355362594376e-08,0.9690369448787923,0.9890861343507085,-6.515973107483702,standard-halo-model-uncompensated,scale_dependent_camb
11,0.03362193,0.06779888,3740,3759,3749.5088666666666,2.283958724698256e-06,2.2194291489413434e-06,2.2654067420478367e-06,2.7075093428439332e-08,9.57249108225439e-09,0.9717466103659829,0.99187726886226,-6.74114764928206,standard-halo-model-uncompensated,scale_dependent_camb
11,0.03362193,0.06779888,3760,3779,3769.5088196286474,2.2797313577641255e-06,2.2191272758631495e-06,2.265118643425079e-06,2.745678264017522e-08,9.707438597216487e-09,0.9734161300652485,0.9935901595206471,-6.2430559095530755,standard-halo-model-uncompensated,scale_dependent_camb
11,0.03362193,0.06779888,3780,3799,3789.5087730870714,2.2755844651788956e-06,2.2142568358122588e-06,2.2600613908019607e-06,2.973430048173725e-08,1.0512662752237418e-08,0.9730497240137314,0.9931784231196558,-5.833691312278084,standard-halo-model-uncompensated,scale_dependent_camb
11,0.03362193,0.06779888,3800,3819,3809.5087270341205,2.2715162705991374e-06,2.215353865219619e-06,2.2613479894243688e-06,2.1408240404933116e-08,7.568955981800022e-09,0.9752753673365918,0.995523571058513,-7.42009935248192,standard-halo-model-uncompensated,scale_dependent_camb
11,0.03362193,0.06779888,3820,3839,3829.508681462141,2.2675249560936037e-06,2.211112311530989e-06,2.2570116110434427e-06,2.121478259580141e-08,7.500558317444761e-09,0.9751214890001475,0.9953635151745924,-7.521126051564776,standard-halo-model-uncompensated,scale_dependent_camb
11,0.03362193,0.06779888,3840,3859,3849.5086363636365,2.2636088542368367e-06,2.21446315299615e-06,2.2603278696715594e-06,2.8302730623389636e-08,1.0006526374947486e-08,0.9782887837937637,0.998550551452767,-4.9113647832607255,standard-halo-model-uncompensated,scale_dependent_camb
11,0.03362193,0.06779888,3860,3879,3869.5085917312663,2.259766223183243e-06,2.202639408341704e-06,2.24839212676577e-06,2.3169978794283902e-08,8.191824562693326e-09,0.9747200333134165,0.9949666933239445,-6.9736374850728895,standard-halo-model-uncompensated,scale_dependent_camb
11,0.03362193,0.06779888,3880,3899,3889.5085475578408,2.255995500675393e-06,2.2045312412761814e-06,2.250291636219567e-06,2.1806983692940375e-08,7.7099330232513e-09,0.9771877827842279,0.997471686244889,-6.6750592053144695,standard-halo-model-uncompensated,scale_dependent_camb
11,0.03362193,0.06779888,3900,3919,3909.5085038363172,2.2522950233171277e-06,2.2022259582941832e-06,2.24783865493507e-06,2.6220705108452658e-08,9.27041919483981e-09,0.9777697572899646,0.9980214100124882,-5.400949403756674,standard-halo-model-uncompensated,scale_dependent_camb
11,0.03362193,0.06779888,3920,3939,3929.5084605597963,2.2486633139571332e-06,2.198515245858702e-06,2.2440923671485876e-06,2.3453253284503398e-08,8.29197721917901e-09,0.9776987209302659,0.9979672604697313,-6.047781701864874,standard-halo-model-uncompensated,scale_dependent_camb
11,0.03362193,0.06779888,3940,3959,3949.508417721519,2.245098808553918e-06,2.2036040218945994e-06,2.2493489812311078e-06,2.2309120457168434e-08,7.887465178785665e-09,0.9815176122755838,1.0018930893647071,-5.260851961784115,standard-halo-model-uncompensated,scale_dependent_camb
11,0.03362193,0.06779888,3960,3979,3969.5083753148615,2.241600067130258e-06,2.2027361334982165e-06,2.2484294371963697e-06,2.3059008050371823e-08,8.152590479926552e-09,0.982662414138042,1.0030466496527433,-4.767065600526989,standard-halo-model-uncompensated,scale_dependent_camb
11,0.03362193,0.06779888,3980,3999,3989.508333333333,2.2381656591196655e-06,2.1899557832930455e-06,2.235497465484354e-06,1.742054416757958e-08,6.15909245642764e-09,0.9784600949307826,0.9988078658858696,-7.827431747076329,standard-halo-model-uncompensated,scale_dependent_camb
11,0.03362193,0.06779888,4000,4019,4009.5082917705736,2.2347941653087686e-06,2.1893797019490984e-06,2.2348925369568584e-06,1.858862307769638e-08,6.5720707155799305e-09,0.979678458059069,1.0000440182141233,-6.910221348046272,standard-halo-model-uncompensated,scale_dependent_camb
11,0.03362193,0.06779888,4020,4039,4029.5082506203476,2.2314842749272953e-06,2.187427811862089e-06,2.232754232767052e-06,2.464090834521806e-08,8.71187669274994e-09,0.9802568794410879,1.0005691090248878,-5.057057694798426,standard-halo-model-uncompensated,scale_dependent_camb
11,0.03362193,0.06779888,4040,4059,4049.5082098765433,2.228234610498873e-06,2.1828257903005724e-06,2.228113296124171e-06,2.2842659399925013e-08,8.076099681010804e-09,0.9796211673652561,0.9999455558341432,-5.622617599070674,standard-halo-model-uncompensated,scale_dependent_camb
11,0.03362193,0.06779888,4060,4079,4069.5081695331696,2.2250439255252755e-06,2.187186884163596e-06,2.2325844560306443e-06,2.11873597910845e-08,7.49086289185752e-09,0.9829859352764271,1.003388935570604,-5.053762418055983,standard-halo-model-uncompensated,scale_dependent_camb
11,0.03362193,0.06779888,4080,4096,4088.005870123517,2.2221436418486805e-06,2.182149477912495e-06,2.2274115696580955e-06,2.4984709879462588e-08,8.833428890873261e-09,0.9820019897980524,1.0023706513432373,-4.527592221578597,standard-halo-model-uncompensated,scale_dependent_camb
12,0.0,0.03362193,20,39,30.608333333333334,0.0012117312621058958,0.0009884341559750736,0.0011194843156089643,0.00012718840767784054,4.4967892778660094e-05,0.8157206031453303,0.9238717780239379,-4.965700910868337,standard-halo-model-uncompensated,scale_dependent_camb
12,0.0,0.03362193,40,59,50.165,0.0006203801502495885,0.0004759861996732974,0.0005386274691358843,6.738363502420903e-05,2.3823712633308774e-05,0.7672492414236671,0.868221636232536,-6.060934028158518,standard-halo-model-uncompensated,scale_dependent_camb
12,0.0,0.03362193,60,79,69.975,0.00043685380190300565,0.00032723157939106864,0.00037054976017588596,4.322215242885335e-05,1.5281338539960403e-05,0.7490642818389014,0.848223727392806,-7.173600808939415,standard-halo-model-uncompensated,scale_dependent_camb
12,0.0,0.03362193,80,99,89.86944444444444,0.0003524300458108941,0.00026386746151296184,0.0002985005412730453,3.963380648166078e-05,1.4012666663708838e-05,0.748708756955833,0.846978130330051,-6.320180621101834,standard-halo-model-uncompensated,scale_dependent_camb
12,0.0,0.03362193,100,119,109.80227272727272,0.0003023037089708387,0.0002285647485555036,0.000258495350941237,3.622051225456234e-05,1.2805884916625737e-05,0.7560765606668484,0.8550849469272386,-5.758208893444032,standard-halo-model-uncompensated,scale_dependent_camb
12,0.0,0.03362193,120,139,129.75576923076923,0.0002670041996268583,0.00020661570268788482,0.00023378306915730908,3.1604285531815156e-05,1.1173802307051193e-05,0.7738294115846599,0.8755782473984449,-5.404471573733274,standard-halo-model-uncompensated,scale_dependent_camb
12,0.0,0.03362193,140,159,149.72166666666666,0.0002393252344371497,0.00018838883290418437,0.00021316826765877523,2.647591740379011e-05,9.36065036717746e-06,0.7871666075967347,0.8907053539929001,-5.441545142159211,standard-halo-model-uncompensated,scale_dependent_camb
12,0.0,0.03362193,160,179,169.6955882352941,0.00021620542813765618,0.00017294199229210482,0.00019542315316345362,2.8688819418378315e-05,1.0143029377485805e-05,0.7998966250837796,0.9038771822094556,-4.265336738704709,standard-halo-model-uncompensated,scale_dependent_camb
12,0.0,0.03362193,180,199,189.675,0.00019620234248789845,0.00015656476517598948,0.00017717027598117478,2.2449147218783264e-05,7.936972115128385e-06,0.797976024091793,0.9029977610593637,-4.994042657193814,standard-halo-model-uncompensated,scale_dependent_camb
12,0.0,0.03362193,200,219,209.65833333333333,0.00017856802935120624,0.0001429111206579882,0.00016214544779229105,1.540958642422859e-05,5.448111527926099e-06,0.8003175102353384,0.9080317925970086,-6.54481989042382,standard-halo-model-uncompensated,scale_dependent_camb
12,0.0,0.03362193,220,239,229.64456521739132,0.00016287252528697266,0.00013271808095869668,0.00015048351902217694,1.5523403235742154e-05,5.4883518475432354e-06,0.8148586185721289,0.9239343391835612,-5.494262242274807,standard-halo-model-uncompensated,scale_dependent_camb
12,0.0,0.03362193,240,259,249.633,0.00014883877976889796,0.00012036761926998441,0.00013655356891130785,1.375258446186411e-05,4.862272865912429e-06,0.8087114087933216,0.9174596104814527,-5.855525036143935,standard-halo-model-uncompensated,scale_dependent_camb
12,0.0,0.03362193,260,279,269.6231481481482,0.0001362666098175942,0.00011148966321294592,0.00012653200981407517,1.149989281780025e-05,4.0658260971925156e-06,0.8181730165752669,0.9285621032434159,-6.093951392007874,standard-halo-model-uncompensated,scale_dependent_camb
12,0.0,0.03362193,280,299,289.6146551724138,0.0001249967437788804,0.00010245844647213449,0.000116364718925105,9.999053358080158e-06,3.5351992174722997e-06,0.8196889244841751,0.93094200222491,-6.375396666573437,standard-halo-model-uncompensated,scale_dependent_camb
12,0.0,0.03362193,300,319,309.60725806451615,0.00011489365952635582,9.341863991464256e-05,0.00010619326206988277,7.68907375920906e-06,2.7184980980901323e-06,0.8130878614168693,0.924274346449229,-7.899589713452598,standard-halo-model-uncompensated,scale_dependent_camb
12,0.0,0.03362193,320,339,329.6007575757576,0.00010583745383393325,8.596942430418493e-05,9.759972048610407e-05,8.44504966175072e-06,2.9857759416405464e-06,0.8122778958673484,0.9221661798406943,-6.654226545489464,standard-halo-model-uncompensated,scale_dependent_camb
12,0.0,0.03362193,340,359,349.595,9.771992236816415e-05,7.926496572839152e-05,9.010266485620802e-05,6.616832329920706e-06,2.3394035052306567e-06,0.8111443788274538,0.9220501068015816,-7.888744544713776,standard-halo-model-uncompensated,scale_dependent_camb
12,0.0,0.03362193,360,379,369.58986486486486,9.046734870460703e-05,7.288409077121952e-05,8.285859738855857e-05,6.306662595195922e-06,2.229741943859293e-06,0.8056397342780525,0.9158950557853478,-7.885781572980578,standard-halo-model-uncompensated,scale_dependent_camb
12,0.0,0.03362193,380,399,389.5852564102564,8.393678931168287e-05,6.764831042056318e-05,7.688490963049741e-05,5.755658683327984e-06,2.0349326425882265e-06,0.8059435079100344,0.915985830063148,-8.004431473664114,standard-halo-model-uncompensated,scale_dependent_camb
12,0.0,0.03362193,400,419,409.5810975609756,7.807704561141043e-05,6.349146099232631e-05,7.222284025929552e-05,4.633913763041428e-06,1.638335922640133e-06,0.8131898497840633,0.9250201476468346,-8.902682543626254,standard-halo-model-uncompensated,scale_dependent_camb
12,0.0,0.03362193,420,439,429.57732558139537,7.281468062897898e-05,5.926652378608273e-05,6.744531389483904e-05,4.271593068759416e-06,1.5102362126946185e-06,0.8139364654783047,0.9262598326634282,-8.97088596407256,standard-halo-model-uncompensated,scale_dependent_camb
12,0.0,0.03362193,440,459,449.5738888888889,6.808369631273953e-05,5.482663390314951e-05,6.236924820849415e-05,4.197894302097538e-06,1.4841797638587693e-06,0.8052828631880637,0.9160673051886562,-8.932248459662686,standard-halo-model-uncompensated,scale_dependent_camb
12,0.0,0.03362193,460,479,469.5707446808511,6.382501292483071e-05,5.1506751861345994e-05,5.860255728130318e-05,3.645708814328273e-06,1.2889527124215446e-06,0.8069994740464458,0.9181754079755812,-9.556798278768898,standard-halo-model-uncompensated,scale_dependent_camb
12,0.0,0.03362193,480,499,489.5678571428571,5.998593767529522e-05,4.875413418547883e-05,5.5464618500287454e-05,3.5949072932889265e-06,1.2709916624107883e-06,0.8127593911990788,0.9246270150934085,-8.837039472400754,standard-halo-model-uncompensated,scale_dependent_camb
12,0.0,0.03362193,500,519,509.56519607843137,5.6519628199050496e-05,4.571675604838254e-05,5.201290089939558e-05,3.3055611627846427e-06,1.168692356915955e-06,0.8088651235881724,0.92026261595736,-9.243555061124468,standard-halo-model-uncompensated,scale_dependent_camb
12,0.0,0.03362193,520,539,529.5627358490566,5.338455284578675e-05,4.34088704609371e-05,4.94103222221981e-05,2.779226694404427e-06,9.826050210340213e-07,0.8131354136529597,0.9255546705604314,-10.152281101059284,standard-halo-model-uncompensated,scale_dependent_camb
12,0.0,0.03362193,540,559,549.5604545454545,5.0543963891604954e-05,4.0792796697454846e-05,4.641362846365075e-05,2.8603648133128647e-06,1.0112916780804597e-06,0.8070755349726396,0.9182823207769775,-9.642289564429989,standard-halo-model-uncompensated,scale_dependent_camb
12,0.0,0.03362193,560,579,569.5583333333333,4.796541106388161e-05,3.8838845788149644e-05,4.420178924448448e-05,2.57675462871638e-06,9.110203357095883e-07,0.8097261115186324,0.9215346697564076,-10.017959992762771,standard-halo-model-uncompensated,scale_dependent_camb
12,0.0,0.03362193,580,599,589.5563559322034,4.5620265252044417e-05,3.687170029417897e-05,4.1957101279659245e-05,2.533890178420059e-06,8.958654639714072e-07,0.808230730147423,0.9197031417474932,-9.765489696502767,standard-halo-model-uncompensated,scale_dependent_camb
12,0.0,0.03362193,600,619,609.5545081967213,4.348328811847989e-05,3.551157485094319e-05,4.040320994591355e-05,2.3668059898902905e-06,8.367922826021818e-07,0.8166717924868977,0.9291663922890564,-9.526513847315819,standard-halo-model-uncompensated,scale_dependent_camb
12,0.0,0.03362193,620,639,629.5527777777778,4.1532238136576134e-05,3.398862811837429e-05,3.869883119939516e-05,1.963146089749257e-06,6.940769562607771e-07,0.8183673609547562,0.9317781303318282,-10.868549877872008,standard-halo-model-uncompensated,scale_dependent_camb
12,0.0,0.03362193,640,659,649.5511538461539,3.9747518918953445e-05,3.250188034011016e-05,3.699508491470669e-05,2.0575156764154285e-06,7.274416435954878e-07,0.8177084060613345,0.9307520549934434,-9.960439634759764,standard-halo-model-uncompensated,scale_dependent_camb
12,0.0,0.03362193,660,679,669.5496268656716,3.811185521360006e-05,3.0984792694540345e-05,3.527101332758652e-05,1.9438302167532446e-06,6.872477638707679e-07,0.8129961798208015,0.9254604146113623,-10.370441191278882,standard-halo-model-uncompensated,scale_dependent_camb
12,0.0,0.03362193,680,699,689.5481884057971,3.660999938891812e-05,2.998625110877147e-05,3.4136102417802984e-05,1.8536669271720592e-06,6.553702271322966e-07,0.8190727017015011,0.9324256483909151,-10.106880059428676,standard-halo-model-uncompensated,scale_dependent_camb
12,0.0,0.03362193,700,719,709.5468309859154,3.522849646763374e-05,2.8616929297628543e-05,3.2602594421798564e-05,1.4196854326215975e-06,5.019345982792445e-07,0.8123233225102413,0.925460853878685,-13.172168630477522,standard-halo-model-uncompensated,scale_dependent_camb
12,0.0,0.03362193,720,739,729.5455479452055,3.395544524643768e-05,2.7569336150577527e-05,3.139519544737161e-05,1.5571771741654248e-06,5.505452696806387e-07,0.8119268043899341,0.9245997282472781,-11.599607602776466,standard-halo-model-uncompensated,scale_dependent_camb
12,0.0,0.03362193,740,759,749.5443333333334,3.278031090673757e-05,2.6675074856469918e-05,3.0381781214058466e-05,1.4692520894967346e-06,5.194590578778226e-07,0.8137529547038921,0.92683017255379,-11.753064958015639,standard-halo-model-uncompensated,scale_dependent_camb
12,0.0,0.03362193,760,779,769.5431818181818,3.1693755382796694e-05,2.5920515118505094e-05,2.952748464109476e-05,1.334910087643776e-06,4.719619876236212e-07,0.8178429727066896,0.9316499191863586,-12.232426372641743,standard-halo-model-uncompensated,scale_dependent_camb
12,0.0,0.03362193,780,799,789.5420886075949,3.068747979783673e-05,2.521521006041753e-05,2.8730423537691024e-05,1.2873480277163984e-06,4.551462600726964e-07,0.8216774471716326,0.9362262305983281,-12.023101621323132,standard-halo-model-uncompensated,scale_dependent_camb
12,0.0,0.03362193,800,819,809.5410493827161,2.9754103950036214e-05,2.442187392170388e-05,2.7837788287568977e-05,1.0623311407746697e-06,3.755907767537049e-07,0.8207900988285065,0.9355949126989286,-14.196914190544582,standard-halo-model-uncompensated,scale_dependent_camb
12,0.0,0.03362193,820,839,829.5400602409638,2.888704873884415e-05,2.3848446412336655e-05,2.715891044430845e-05,1.3115373658788166e-06,4.636984825962266e-07,0.8255757321539,0.9401760176278622,-10.866117780452056,standard-halo-model-uncompensated,scale_dependent_camb
12,0.0,0.03362193,840,859,849.5391176470588,2.808043865884448e-05,2.3148468439016258e-05,2.638082889997891e-05,1.0719866527067477e-06,3.7900451573520486e-07,0.8243627786678182,0.9394735324645562,-13.012958988789437,standard-halo-model-uncompensated,scale_dependent_camb
12,0.0,0.03362193,860,879,869.5382183908046,2.7329015509538575e-05,2.249487580611663e-05,2.5642101374701056e-05,1.0268643037028346e-06,3.6305135625333835e-07,0.8231132877166871,0.9382738783894817,-13.315305452401802,standard-halo-model-uncompensated,scale_dependent_camb
12,0.0,0.03362193,880,899,889.5373595505617,2.662806571859905e-05,2.1963646319709564e-05,2.5020521085752585e-05,1.1436625434582433e-06,4.043457699341892e-07,0.824830708764869,0.9396296880954581,-11.535719539365186,standard-halo-model-uncompensated,scale_dependent_camb
12,0.0,0.03362193,900,919,909.5365384615385,2.597335654120146e-05,2.1544050166046433e-05,2.4536322383757056e-05,1.18118832374672e-06,4.1761313678983836e-07,0.8294673093895727,0.9446727589803482,-10.606242919470354,standard-halo-model-uncompensated,scale_dependent_camb
12,0.0,0.03362193,920,939,929.535752688172,2.5361078722426825e-05,2.0994933508416444e-05,2.39212878585325e-05,1.037986916432658e-06,3.6698379369622335e-07,0.8278407136464035,0.9432283271680744,-11.897378818925521,standard-halo-model-uncompensated,scale_dependent_camb
12,0.0,0.03362193,940,959,949.535,2.478779676852958e-05,2.0768545620959602e-05,2.3655992977126295e-05,1.0653238647672163e-06,3.7664886446837956e-07,0.8378536347904549,0.9543402827620316,-10.671082609642124,standard-halo-model-uncompensated,scale_dependent_camb
12,0.0,0.03362193,960,979,969.5342783505155,2.4250408862745587e-05,2.022518966358346e-05,2.304433220269991e-05,9.604666048947873e-07,3.3957622471216226e-07,0.8340143779865986,0.9502657185339873,-11.85365436751073,standard-halo-model-uncompensated,scale_dependent_camb
12,0.0,0.03362193,980,999,989.5335858585859,2.3746107533736025e-05,1.9874463242539546e-05,2.2642100109638726e-05,1.0031159369325777e-06,3.546550406606614e-07,0.8369566765544186,0.9535078571286331,-10.9166481434587,standard-halo-model-uncompensated,scale_dependent_camb
12,0.0,0.03362193,1000,1019,1009.5329207920792,2.327234834441812e-05,1.953271827676832e-05,2.226256658773147e-05,8.653405596971529e-07,3.059440888988096e-07,0.8393101541664251,0.9566102336669068,-12.223246675920173,standard-halo-model-uncompensated,scale_dependent_camb
12,0.0,0.03362193,1020,1039,1029.532281553398,2.2826823213752226e-05,1.9214043842098337e-05,2.1896537985969997e-05,8.544175264743688e-07,3.020822134673313e-07,0.8417309610792737,0.9592459616885379,-11.959589842069908,standard-halo-model-uncompensated,scale_dependent_camb
12,0.0,0.03362193,1040,1059,1049.5316666666668,2.240742820664181e-05,1.8881360998915962e-05,2.1516707747015045e-05,8.652478968695337e-07,3.059113276419229e-07,0.8426384690287356,0.960248875890061,-11.526435568457279,standard-halo-model-uncompensated,scale_dependent_camb
12,0.0,0.03362193,1060,1079,1069.5310747663552,2.2012252731315194e-05,1.8680660935148873e-05,2.128348211561088e-05,9.049581606096752e-07,3.1995102602860305e-07,0.848648303432083,0.9668925018897523,-10.41281797880055,standard-halo-model-uncompensated,scale_dependent_camb
12,0.0,0.03362193,1080,1099,1089.530504587156,2.1639549913287813e-05,1.831548049151251e-05,2.0875541653591573e-05,7.893328870518553e-07,2.79071318523961e-07,0.8463891608145625,0.9646938932298634,-11.911182558482441,standard-halo-model-uncompensated,scale_dependent_camb
12,0.0,0.03362193,1100,1119,1109.529954954955,2.12877244133462e-05,1.80976661468272e-05,2.062686700007037e-05,7.953152442635697e-07,2.8118640119990275e-07,0.85014564240981,0.9689559390922259,-11.344994825162624,standard-halo-model-uncompensated,scale_dependent_camb
12,0.0,0.03362193,1120,1139,1129.529424778761,2.0955317524785638e-05,1.788332096496279e-05,2.0383644916540464e-05,7.757687974271092e-07,2.74275688646821e-07,0.8534025286808784,0.9727194490100659,-11.20039685244795,standard-halo-model-uncompensated,scale_dependent_camb
12,0.0,0.03362193,1140,1159,1149.5289130434783,2.0640992229762982e-05,1.7696634169228444e-05,2.017381798103963e-05,7.256762109342321e-07,2.565652848486775e-07,0.8573538506405247,0.9773666767797279,-11.47605788628467,standard-halo-model-uncompensated,scale_dependent_camb
12,0.0,0.03362193,1160,1179,1169.5284188034188,2.03435217231459e-05,1.747619760839283e-05,1.9919003211208697e-05,7.426044462375019e-07,2.625503198369093e-07,0.8590546831677249,0.9791324964421373,-10.921045979049621,standard-halo-model-uncompensated,scale_dependent_camb
12,0.0,0.03362193,1180,1199,1189.5279411764707,2.006177936965304e-05,1.7290586431871192e-05,1.9705364897414363e-05,7.741088462136797e-07,2.7368880726709355e-07,0.8618670414662339,0.9822341545248067,-10.125342594216628,standard-halo-model-uncompensated,scale_dependent_camb
12,0.0,0.03362193,1200,1219,1209.527479338843,1.979472820441484e-05,1.7152688691206285e-05,1.9546607032882083e-05,7.987391146699328e-07,2.8239692219102445e-07,0.8665281237547229,0.9874652903050511,-9.35576596483362,standard-halo-model-uncompensated,scale_dependent_camb
12,0.0,0.03362193,1220,1239,1229.5270325203253,1.954141242096122e-05,1.6933629967580192e-05,1.929976541156e-05,7.410866341701555e-07,2.620136922342155e-07,0.8665509740440371,0.9876341072899102,-9.952848002500257,standard-halo-model-uncompensated,scale_dependent_camb
12,0.0,0.03362193,1240,1259,1249.5266,1.9300953746921014e-05,1.6746196026478583e-05,1.9084046085661297e-05,7.460964836725977e-07,2.63784941512166e-07,0.8676356746956104,0.988761816431257,-9.685002130133356,standard-halo-model-uncompensated,scale_dependent_camb
12,0.0,0.03362193,1260,1279,1269.5261811023622,1.9072536868234154e-05,1.662774918298917e-05,1.8957344100875044e-05,6.595921263068946e-07,2.3320103266442943e-07,0.8718163345476686,0.993960280787242,-10.483605742702578,standard-halo-model-uncompensated,scale_dependent_camb
12,0.0,0.03362193,1280,1299,1289.5257751937984,1.885541305198985e-05,1.6610381270417004e-05,1.8937889996217046e-05,6.488457439183955e-07,2.2940161273436377e-07,0.8809343621705533,1.0043741785979328,-9.78646904358291,standard-halo-model-uncompensated,scale_dependent_camb
12,0.0,0.03362193,1300,1319,1309.5253816793893,1.864888464881676e-05,1.6367003147180678e-05,1.8657246974128063e-05,6.601000168275229e-07,2.3338059908004778e-07,0.8776397867965329,1.0004484088710277,-9.77751154393693,standard-halo-model-uncompensated,scale_dependent_camb
12,0.0,0.03362193,1320,1339,1329.525,1.8452309588656966e-05,1.6256334001487886e-05,1.8535080986991356e-05,6.128853776304586e-07,2.1668770330628759e-07,0.880991830501316,1.0044856931289117,-10.134287980638534,standard-halo-model-uncompensated,scale_dependent_camb
12,0.0,0.03362193,1340,1359,1349.5246296296295,1.8265090487041564e-05,1.6095001737132554e-05,1.8351062945926914e-05,6.155137078918339e-07,2.1761695838179575e-07,0.8811892691444035,1.0047069276194578,-9.972057168916596,standard-halo-model-uncompensated,scale_dependent_camb
12,0.0,0.03362193,1360,1379,1369.5242700729927,1.8086672897051362e-05,1.5998272895524847e-05,1.8240816830126055e-05,6.097957568167478e-07,2.1559535739195263e-07,0.8845337661927317,1.0085225145582095,-9.68666499496926,standard-halo-model-uncompensated,scale_dependent_camb
12,0.0,0.03362193,1380,1399,1389.5239208633093,1.7916541910362432e-05,1.5856531244302118e-05,1.8078762098664654e-05,6.166134071105677e-07,2.1800576076921188e-07,0.8850218598897781,1.0090542130905518,-9.449340507295629,standard-halo-model-uncompensated,scale_dependent_camb
12,0.0,0.03362193,1400,1419,1409.5235815602837,1.7754219172102565e-05,1.578060222800442e-05,1.798592447244916e-05,6.676949284095668e-07,2.3606580582113552e-07,0.8888367364981437,1.0130507175843968,-8.360452447710852,standard-halo-model-uncompensated,scale_dependent_camb
12,0.0,0.03362193,1420,1439,1429.5232517482518,1.7599258890481974e-05,1.564709723453666e-05,1.7843653971554625e-05,5.491724552419179e-07,1.9416178357121294e-07,0.8890770532956316,1.0138866688985877,-10.0543043025216,standard-halo-model-uncompensated,scale_dependent_camb
12,0.0,0.03362193,1440,1459,1449.5229310344828,1.7451246010658824e-05,1.5615287679818015e-05,1.7805041866045224e-05,5.778244373809156e-07,2.042917890036735e-07,0.8947950003272289,1.0202733865060585,-8.986941373389195,standard-halo-model-uncompensated,scale_dependent_camb
12,0.0,0.03362193,1460,1479,1469.522619047619,1.7309793282173762e-05,1.5515031886873905e-05,1.7689395214353224e-05,5.923858252149434e-07,2.0944001704413765e-07,0.8963152611910066,1.021929894019612,-8.569333695774223,standard-halo-model-uncompensated,scale_dependent_camb
12,0.0,0.03362193,1480,1499,1489.5223154362416,1.7174539629736897e-05,1.540783772120379e-05,1.7566530130990753e-05,5.954658149586664e-07,2.1052895786102346e-07,0.8971325027266439,1.0228239306383005,-8.391728750680274,standard-halo-model-uncompensated,scale_dependent_camb
12,0.0,0.03362193,1500,1519,1509.5220198675497,1.7045147324642893e-05,1.538982068787015e-05,1.7553602994336486e-05,5.016136885503996e-07,1.7734722035499218e-07,0.9028857536256336,1.029829936932167,-9.33381776979255,standard-halo-model-uncompensated,scale_dependent_camb
12,0.0,0.03362193,1520,1539,1529.5217320261438,1.6921300450356532e-05,1.5260370307349197e-05,1.7402626533519456e-05,5.384616258353788e-07,1.9037493351846487e-07,0.9018438241268661,1.0284449817893744,-8.724521197777534,standard-halo-model-uncompensated,scale_dependent_camb
12,0.0,0.03362193,1540,1559,1549.5214516129033,1.680270461407604e-05,1.5200906175187066e-05,1.7336838723062e-05,5.194288782304565e-07,1.836458410704386e-07,0.9046702018705306,1.0317885793539752,-8.722214614566699,standard-halo-model-uncompensated,scale_dependent_camb
12,0.0,0.03362193,1560,1579,1569.521178343949,1.668908352047049e-05,1.5116154191725035e-05,1.723868204090326e-05,5.352981457563943e-07,1.8925647441046566e-07,0.9057510062301425,1.0329316178302208,-8.311099177162276,standard-halo-model-uncompensated,scale_dependent_camb
12,0.0,0.03362193,1580,1599,1589.5209119496856,1.6580176931532163e-05,1.5057086011799947e-05,1.717011922277389e-05,5.343304250829045e-07,1.889143334852061e-07,0.9081378367660478,1.0355811818943725,-8.062336465599577,standard-halo-model-uncompensated,scale_dependent_camb
12,0.0,0.03362193,1600,1619,1609.520652173913,1.6475743940902355e-05,1.5068883562081507e-05,1.7179334281865595e-05,5.862002393194484e-07,2.072530821779795e-07,0.914610206138965,1.0427046173749108,-6.788127655504299,standard-halo-model-uncompensated,scale_dependent_camb
12,0.0,0.03362193,1620,1639,1629.520398773006,1.6375554660913006e-05,1.4977156028239862e-05,1.7073278777612578e-05,6.105364646860955e-07,2.158572371705996e-07,0.9146045027707674,1.0426076631385792,-6.478349537884335,standard-halo-model-uncompensated,scale_dependent_camb
12,0.0,0.03362193,1640,1659,1649.5201515151516,1.6279397103810204e-05,1.4885865488682195e-05,1.6979193381313636e-05,4.94713143640941e-07,1.7490750930531193e-07,0.9143990648890891,1.0429866212514494,-7.967248637081173,standard-halo-model-uncompensated,scale_dependent_camb
12,0.0,0.03362193,1660,1679,1669.5199101796406,1.618706830062004e-05,1.4856719080890049e-05,1.6941579972248276e-05,5.2872388012384e-07,1.8693212050541522e-07,0.9178140726274052,1.0466120027182029,-7.116750273484705,standard-halo-model-uncompensated,scale_dependent_camb
12,0.0,0.03362193,1680,1699,1689.519674556213,1.6098380713783948e-05,1.4780526510742103e-05,1.6857625048949385e-05,4.92089378339522e-07,1.7397986818687426e-07,0.9181374682042738,1.0471627767204776,-7.57475112940262,standard-halo-model-uncompensated,scale_dependent_camb
12,0.0,0.03362193,1700,1719,1709.5194444444444,1.6013155829569647e-05,1.4757064047128015e-05,1.6831471430423215e-05,4.920854097508855e-07,1.7397846507890598e-07,0.9215587610705598,1.0511027063973535,-7.2198118420687605,standard-halo-model-uncompensated,scale_dependent_camb
12,0.0,0.03362193,1720,1739,1729.519219653179,1.5931225581610148e-05,1.4692224680422067e-05,1.6758558224246946e-05,4.6941303826617044e-07,1.659625712676947e-07,0.9222281490622859,1.0519315126384132,-7.465544138802204,standard-halo-model-uncompensated,scale_dependent_camb
12,0.0,0.03362193,1740,1759,1749.519,1.5852433073675225e-05,1.4641290131906846e-05,1.6697034041697358e-05,5.169790706557552e-07,1.8277970329610187e-07,0.9235989241437252,1.0532789486696958,-6.626244161291453,standard-halo-model-uncompensated,scale_dependent_camb
12,0.0,0.03362193,1760,1779,1769.5187853107345,1.5776629291756663e-05,1.4545896003375557e-05,1.6589759616181977e-05,4.867289940803044e-07,1.720846861571451e-07,0.9219900990496006,1.0515401806931077,-7.151904773543998,standard-halo-model-uncompensated,scale_dependent_camb
12,0.0,0.03362193,1780,1799,1789.5185754189945,1.5703673704235806e-05,1.4596165018318096e-05,1.6644521738194747e-05,5.242294192341142e-07,1.8534308861896382e-07,0.9294745480085352,1.0599126071821756,-5.9754517644549106,standard-halo-model-uncompensated,scale_dependent_camb
12,0.0,0.03362193,1800,1819,1809.5183701657459,1.563343378568332e-05,1.4529552568005718e-05,1.65713673660237e-05,4.853060543461332e-07,1.7158160098951896e-07,0.929389714837408,1.0599953659060697,-6.4335640378191306,standard-halo-model-uncompensated,scale_dependent_camb
12,0.0,0.03362193,1820,1839,1829.518169398907,1.5565784516457593e-05,1.4506297112273137e-05,1.6545843970463115e-05,4.6545397220575763e-07,1.64562830038453e-07,0.9319348534560358,1.0629624194636198,-6.438193873652319,standard-halo-model-uncompensated,scale_dependent_camb
12,0.0,0.03362193,1840,1859,1849.517972972973,1.5500607833510816e-05,1.448319419960637e-05,1.6517944204349274e-05,4.858166466501936e-07,1.7176212262983035e-07,0.9343629846756786,1.065632030805855,-5.923387638246095,standard-halo-model-uncompensated,scale_dependent_camb
12,0.0,0.03362193,1860,1879,1869.5177807486632,1.5437791911243335e-05,1.4390511378419864e-05,1.641211664033236e-05,4.852081038340576e-07,1.7154697025386426e-07,0.9321612482637016,1.0631129590741164,-6.104920018544485,standard-halo-model-uncompensated,scale_dependent_camb
12,0.0,0.03362193,1880,1899,1889.5175925925926,1.5377230989820636e-05,1.4402994473084955e-05,1.6427407118296164e-05,4.794790015955369e-07,1.6952142673237977e-07,0.9366442165445389,1.068294228601412,-5.746981579347432,standard-halo-model-uncompensated,scale_dependent_camb
12,0.0,0.03362193,1900,1919,1909.5174083769634,1.5318825015457885e-05,1.4376850627818352e-05,1.639902528906215e-05,4.6208999255973404e-07,1.633734836287146e-07,0.9385087050286814,1.070514564433908,-5.765772796889616,standard-halo-model-uncompensated,scale_dependent_camb
12,0.0,0.03362193,1920,1939,1929.5172279792746,1.52624792349626e-05,1.4387405054361634e-05,1.640834867728601e-05,4.908970749823427e-07,1.7355832529232778e-07,0.9426650043463197,1.075077543083466,-5.0419602697079595,standard-halo-model-uncompensated,scale_dependent_camb
12,0.0,0.03362193,1940,1959,1949.5170512820512,1.5208103824483921e-05,1.4253800722771939e-05,1.6255038565567694e-05,4.928422187391097e-07,1.742460374627241e-07,0.9372503559467009,1.0688405834919594,-5.476756404954881,standard-halo-model-uncompensated,scale_dependent_camb
12,0.0,0.03362193,1960,1979,1969.5168781725888,1.5155613744015574e-05,1.4220699495716584e-05,1.6222037956154917e-05,4.3945670401375163e-07,1.5537140772300661e-07,0.9383123465608145,1.0703649637785495,-6.017286333440048,standard-halo-model-uncompensated,scale_dependent_camb
12,0.0,0.03362193,1980,1999,1989.5167085427136,1.5104928344141972e-05,1.4212480793137196e-05,1.621005493760166e-05,4.6639560629252986e-07,1.6489574796252952e-07,0.9409167967783915,1.0731633125481381,-5.412192624927918,standard-halo-model-uncompensated,scale_dependent_camb
12,0.0,0.03362193,2000,2019,2009.5165422885573,1.5055971055566212e-05,1.4188977865980156e-05,1.6183461983052193e-05,4.6903975156801836e-07,1.6583059448989967e-07,0.9424153256946168,1.074886629585353,-5.228185982526057,standard-halo-model-uncompensated,scale_dependent_camb
12,0.0,0.03362193,2020,2039,2029.5163793103447,1.5008669066439726e-05,1.4174553826427203e-05,1.6167490671369993e-05,4.5984142299732194e-07,1.6257849423593897e-07,0.9444244365492972,1.077210151000095,-5.130538598801562,standard-halo-model-uncompensated,scale_dependent_camb
12,0.0,0.03362193,2040,2059,2049.516219512195,1.4962953184620184e-05,1.4128962478603493e-05,1.611610573279442e-05,4.4964086451596393e-07,1.5897205219890986e-07,0.9442629609458434,1.0770671761079567,-5.2461466935910295,standard-halo-model-uncompensated,scale_dependent_camb
12,0.0,0.03362193,2060,2079,2069.5160628019325,1.4918757902922171e-05,1.4115295201072621e-05,1.6094966711776864e-05,5.136608155061065e-07,1.8160652293709e-07,0.9461441289497584,1.0788409341118341,-4.424195171270779,standard-halo-model-uncompensated,scale_dependent_camb
12,0.0,0.03362193,2080,2099,2089.515909090909,1.4876021303685776e-05,1.4088118717434969e-05,1.606764506852952e-05,4.73328649053974e-07,1.6734694873796625e-07,0.9470353954080725,1.0801036608188037,-4.708198100967551,standard-halo-model-uncompensated,scale_dependent_camb
12,0.0,0.03362193,2100,2119,2109.5157582938386,1.483468358934296e-05,1.405912982232825e-05,1.6032464345471455e-05,4.95518833841409e-07,1.7519236380745517e-07,0.9477202353293294,1.080741914643125,-4.4268697000234605,standard-halo-model-uncompensated,scale_dependent_camb
12,0.0,0.03362193,2120,2139,2129.5156103286386,1.47946880956428e-05,1.405048702729292e-05,1.6022108158787126e-05,5.011440745641713e-07,1.7718118673789115e-07,0.9496980900483427,1.082963564707107,-4.200226231980242,standard-halo-model-uncompensated,scale_dependent_camb
12,0.0,0.03362193,2140,2159,2149.515465116279,1.4755981929090701e-05,1.4041196875884776e-05,1.6013005570029305e-05,4.780569333355079e-07,1.6901864967739145e-07,0.9515596415988582,1.085187393626475,-4.229030669516331,standard-halo-model-uncompensated,scale_dependent_camb
12,0.0,0.03362193,2160,2179,2169.5153225806453,1.4718513297427553e-05,1.3997625184021152e-05,1.596543656781568e-05,4.5238565171164086e-07,1.5994248101839844e-07,0.9510216759778044,1.0847180177230307,-4.507171008079311,standard-halo-model-uncompensated,scale_dependent_camb
12,0.0,0.03362193,2180,2199,2189.5151826484016,1.4682233417411585e-05,1.3980622765813883e-05,1.5943330915790812e-05,4.844238222937362e-07,1.7126968485610395e-07,0.9522136291086569,1.0858927564033751,-4.096525617987655,standard-halo-model-uncompensated,scale_dependent_camb
12,0.0,0.03362193,2200,2219,2209.515045248869,1.4647096613984972e-05,1.3953899572292875e-05,1.5911629345360843e-05,5.009864218295043e-07,1.7712544807901333e-07,0.9526734164482649,1.0863333372272905,-3.913593722472172,standard-halo-model-uncompensated,scale_dependent_camb
12,0.0,0.03362193,2220,2239,2229.5149103139015,1.4613057469480467e-05,1.3949393364365517e-05,1.5913538213271532e-05,4.169488733486572e-07,1.4741368787646321e-07,0.9545841719639425,1.0889944316243971,-4.502052113852003,standard-halo-model-uncompensated,scale_dependent_camb
12,0.0,0.03362193,2240,2259,2249.514777777778,1.458007503042684e-05,1.3948982393003276e-05,1.590837653653432e-05,4.712787771915128e-07,1.6662220959071137e-07,0.9567154053661212,1.0911038868685845,-3.7875661292319367,standard-halo-model-uncompensated,scale_dependent_camb
12,0.0,0.03362193,2260,2279,2269.5146475770925,1.4548107730913873e-05,1.3922539142764851e-05,1.5875753071302982e-05,5.042201385119563e-07,1.7826873957631227e-07,0.9570000030437137,1.0912589709222418,-3.509132277682547,standard-halo-model-uncompensated,scale_dependent_camb
12,0.0,0.03362193,2280,2299,2289.514519650655,1.45171183946907e-05,1.3904364007808343e-05,1.5853659412068225e-05,5.19662614881025e-07,1.8372847945575302e-07,0.9577909079320825,1.0920665507464853,-3.3351083549892757,standard-halo-model-uncompensated,scale_dependent_camb
12,0.0,0.03362193,2300,2319,2309.514393939394,1.4487069033923267e-05,1.3876686165622284e-05,1.5827752048841353e-05,4.4664466014569326e-07,1.579127339848903e-07,0.9578670560020321,1.092543426953976,-3.8653175896466148,standard-halo-model-uncompensated,scale_dependent_camb
12,0.0,0.03362193,2320,2339,2329.514270386266,1.445792581801043e-05,1.388697748923512e-05,1.5840460910703122e-05,4.3664807772875363e-07,1.5437840837703618e-07,0.9605096653584935,1.0956247189323969,-3.698369058067308,standard-halo-model-uncompensated,scale_dependent_camb
12,0.0,0.03362193,2340,2359,2349.5141489361704,1.4429654165772763e-05,1.3862247456002999e-05,1.5810813197982286e-05,4.5483980906451195e-07,1.6081015667155544e-07,0.9606777332809779,1.095716710625376,-3.5284258252957037,standard-halo-model-uncompensated,scale_dependent_camb
12,0.0,0.03362193,2360,2379,2369.514029535865,1.4402222726636966e-05,1.3843859195926789e-05,1.579005498899009e-05,4.510086569288154e-07,1.5945563984410127e-07,0.9612307390804697,1.0963623663301862,-3.5016856804568683,standard-halo-model-uncompensated,scale_dependent_camb
12,0.0,0.03362193,2380,2399,2389.513912133891,1.4375600814746684e-05,1.3813733878365919e-05,1.5758553090072908e-05,4.190454677368448e-07,1.481549459311058e-07,0.9609152380049122,1.096201354861466,-3.792427804887738,standard-halo-model-uncompensated,scale_dependent_camb
12,0.0,0.03362193,2400,2419,2409.5137966804978,1.434975859339235e-05,1.3801062260974646e-05,1.57422433633111e-05,4.3529444127710645e-07,1.5389982561992567e-07,0.9617626785254518,1.0970388986585426,-3.565282353033822,standard-halo-model-uncompensated,scale_dependent_camb
12,0.0,0.03362193,2420,2439,2429.513683127572,1.4324668752961007e-05,1.3798404954344692e-05,1.573370472404061e-05,4.973306558790573e-07,1.7583293963201734e-07,0.9632617125259855,1.0983642969606782,-2.9929761722557657,standard-halo-model-uncompensated,scale_dependent_camb
12,0.0,0.03362193,2440,2459,2449.5135714285716,1.4300304181500384e-05,1.3775751642642129e-05,1.5709420670581528e-05,4.864543628955138e-07,1.7198758937059971e-07,0.9633187845376854,1.0985375185867758,-3.049944131305582,standard-halo-model-uncompensated,scale_dependent_camb
12,0.0,0.03362193,2460,2479,2469.5134615384613,1.4276638793377458e-05,1.3812971569742553e-05,1.5756144490607687e-05,4.3004521502583617e-07,1.5204394388079784e-07,0.9675226619973052,1.1036312341190933,-3.0495606191221825,standard-halo-model-uncompensated,scale_dependent_camb
12,0.0,0.03362193,2480,2499,2489.513353413655,1.4253648577511907e-05,1.3743122520475582e-05,1.5673142566549085e-05,4.7258922721667577e-07,1.6708552364031075e-07,0.9641827806922513,1.0995881146723883,-3.0554774938811993,standard-halo-model-uncompensated,scale_dependent_camb
12,0.0,0.03362193,2500,2519,2509.513247011952,1.4231309821039082e-05,1.3676204954518593e-05,1.559739870986917e-05,4.6128982352129474e-07,1.6309058115212664e-07,0.9609941127344553,1.0959917889504809,-3.4036598717046775,standard-halo-model-uncompensated,scale_dependent_camb
12,0.0,0.03362193,2520,2539,2529.51314229249,1.4209599720750187e-05,1.3699687556433251e-05,1.562487096748525e-05,4.5032012270004313e-07,1.5921220623297931e-07,0.9641149522620039,1.099599656186539,-3.2027202962740686,standard-halo-model-uncompensated,scale_dependent_camb
12,0.0,0.03362193,2540,2559,2549.513039215686,1.4188496610945926e-05,1.3718754596838065e-05,1.5648538824262105e-05,4.312820381203447e-07,1.5248122687942542e-07,0.9668927563653593,1.1029032358643134,-3.080654738430909,standard-halo-model-uncompensated,scale_dependent_camb
12,0.0,0.03362193,2560,2579,2569.512937743191,1.4167979950019528e-05,1.3699388095495177e-05,1.56262124820479e-05,4.336293705628437e-07,1.5331113422332053e-07,0.9669259939541555,1.1029245197390587,-3.056476340731889,standard-halo-model-uncompensated,scale_dependent_camb
12,0.0,0.03362193,2580,2599,2589.5128378378377,1.4148029817363675e-05,1.3717269195197484e-05,1.5647995586188253e-05,4.1789295717808494e-07,1.4774747191536169e-07,0.9695533139435765,1.106019409641312,-2.9155194101253774,standard-halo-model-uncompensated,scale_dependent_camb
12,0.0,0.03362193,2600,2619,2609.5127394636015,1.41286269853794e-05,1.3697637567469867e-05,1.5624399170640638e-05,4.2955556552005896e-07,1.5187082663782799e-07,0.9694953077637672,1.1058681913542692,-2.837868387569447,standard-halo-model-uncompensated,scale_dependent_camb
12,0.0,0.03362193,2620,2639,2629.5126425855515,1.410975305133711e-05,1.3689979224260747e-05,1.5615237676673822e-05,4.354704769151538e-07,1.5396206361662257e-07,0.9702493852621621,1.1066981555140716,-2.7264757123653034,standard-halo-model-uncompensated,scale_dependent_camb
12,0.0,0.03362193,2640,2659,2649.512547169811,1.4091390419977864e-05,1.3652907315937387e-05,1.55743746958213e-05,4.158008711202443e-07,1.4700780779619922e-07,0.9688829071530923,1.1052404504910287,-2.982719833822416,standard-halo-model-uncompensated,scale_dependent_camb
12,0.0,0.03362193,2660,2679,2669.5124531835204,1.4073522262103595e-05,1.3620380921864496e-05,1.5536062797148288e-05,4.3441742100565327e-07,1.5358975212933438e-07,0.9678018528837452,1.1039214283252274,-2.950335774078985,standard-halo-model-uncompensated,scale_dependent_camb
12,0.0,0.03362193,2680,2699,2689.5123605947956,1.4056132311318364e-05,1.3638613977578454e-05,1.5557619303551977e-05,4.2530836570591783e-07,1.5036921474301126e-07,0.9702963571704776,1.1068207782182427,-2.7766210953051185,standard-halo-model-uncompensated,scale_dependent_camb
12,0.0,0.03362193,2700,2719,2709.512269372694,1.4039204953569999e-05,1.3674187707474184e-05,1.5593841908093437e-05,4.781183259099397e-07,1.6904035523023904e-07,0.9740001483486431,1.11073539845489,-2.159349733965289,standard-halo-model-uncompensated,scale_dependent_camb
12,0.0,0.03362193,2720,2739,2729.5121794871793,1.4022725164861221e-05,1.3672644414797315e-05,1.559483921996842e-05,4.4274454501935997e-07,1.5653383505827105e-07,0.9750347563723809,1.1121118781566564,-2.23645418214909,standard-halo-model-uncompensated,scale_dependent_camb
12,0.0,0.03362193,2740,2759,2749.512090909091,1.4006678546432292e-05,1.3662667903070824e-05,1.5587981117950807e-05,3.925584336958448e-07,1.3879036523915077e-07,0.9754395274924695,1.1128963277251263,-2.478634902132434,standard-halo-model-uncompensated,scale_dependent_camb
12,0.0,0.03362193,2760,2779,2769.5120036101084,1.3991051178561708e-05,1.364926261155809e-05,1.5569237326158528e-05,4.2616096874139726e-07,1.5067065543703515e-07,0.975570915820297,1.1127996837017544,-2.2684481328645294,standard-halo-model-uncompensated,scale_dependent_camb
12,0.0,0.03362193,2780,2799,2789.511917562724,1.3975829748808852e-05,1.3646241062871217e-05,1.556430868230697e-05,4.435418344715415e-07,1.5681571944737406e-07,0.9764172366248434,1.1136590071608095,-2.101757955765663,standard-halo-model-uncompensated,scale_dependent_camb
12,0.0,0.03362193,2800,2819,2809.5118327402133,1.3961001422662493e-05,1.3619244826937538e-05,1.553403417792972e-05,4.414144386983506e-07,1.5606357145862863e-07,0.9755206245326935,1.1126733468212222,-2.189855022096252,standard-halo-model-uncompensated,scale_dependent_camb
12,0.0,0.03362193,2820,2839,2829.511749116608,1.3946553819705385e-05,1.3593136230916867e-05,1.5505353365248515e-05,4.241386060905968e-07,1.4995564226483543e-07,0.9746591456672854,1.111769514225132,-2.356814211527633,standard-halo-model-uncompensated,scale_dependent_camb
12,0.0,0.03362193,2840,2859,2849.5116666666668,1.393247507274033e-05,1.3579884941559042e-05,1.5488293207600436e-05,4.5091678612562627e-07,1.594231586101372e-07,0.9746929293366438,1.1116684671415025,-2.2116619332799266,standard-halo-model-uncompensated,scale_dependent_camb
12,0.0,0.03362193,2860,2879,2869.5115853658535,1.3918753723378711e-05,1.3575822129078734e-05,1.5485417094483773e-05,4.3280306226445163e-07,1.5301899012274865e-07,0.9753619037224597,1.1125577334178711,-2.241104806827471,standard-halo-model-uncompensated,scale_dependent_camb
12,0.0,0.03362193,2880,2899,2889.5115051903113,1.3905378740563412e-05,1.3571515604264307e-05,1.5477444828183885e-05,4.629214107795691e-07,1.6366743435933831e-07,0.9759903600953211,1.1130545321311238,-2.0398873948625296,standard-halo-model-uncompensated,scale_dependent_camb
12,0.0,0.03362193,2900,2919,2909.5114261168383,1.3892339520581405e-05,1.3568815806081426e-05,1.5475358514763148e-05,4.527821605612514e-07,1.600826680665785e-07,0.9767120783349211,1.113949057452599,-2.0209790254459397,standard-halo-model-uncompensated,scale_dependent_camb
12,0.0,0.03362193,2920,2939,2929.511348122867,1.3879625804663324e-05,1.3556136902524441e-05,1.5459385357775254e-05,4.686449629088812e-07,1.6569101562089397e-07,0.9766932547972441,1.1138185982349147,-1.9523623590975832,standard-halo-model-uncompensated,scale_dependent_camb
12,0.0,0.03362193,2940,2959,2949.511271186441,1.3867227727435502e-05,1.353733908042405e-05,1.5439759691429693e-05,4.48161591011256e-07,1.584490500357056e-07,0.9762109158733445,1.1133991591472194,-2.081985641044319,standard-halo-model-uncompensated,scale_dependent_camb
12,0.0,0.03362193,2960,2979,2969.5111952861953,1.3855135801293954e-05,1.3567523085207265e-05,1.5474062325509867e-05,4.480660763597335e-07,1.5841528050680847e-07,0.979241436517726,1.1168466731350781,-1.815561700655052,standard-halo-model-uncompensated,scale_dependent_camb
12,0.0,0.03362193,2980,2999,2989.511120401338,1.3843340814986036e-05,1.3541976955176892e-05,1.544651110353969e-05,4.343356334717368e-07,1.5356083586940993e-07,0.9782304095639324,1.1158080487925393,-1.9625046848887147,standard-halo-model-uncompensated,scale_dependent_camb
12,0.0,0.03362193,3000,3019,3009.5110465116277,1.3831833948739113e-05,1.351809882784461e-05,1.541864345782608e-05,4.371746311040851e-07,1.5456457310821295e-07,0.977317894210037,1.1147215557219452,-2.0297996790949773,standard-halo-model-uncompensated,scale_dependent_camb
12,0.0,0.03362193,3020,3039,3029.5109735973597,1.3820606691166546e-05,1.352326809788594e-05,1.542354258920485e-05,4.4805748679862903e-07,1.5841224363835628e-07,0.9784858508801462,1.115981587050214,-1.8769925003992034,standard-halo-model-uncompensated,scale_dependent_camb
12,0.0,0.03362193,3040,3059,3049.5109016393444,1.3809650831794336e-05,1.3538130869994967e-05,1.5441482374923937e-05,4.357524986576859e-07,1.540617733599158e-07,0.9803383905135211,1.1181660248333427,-1.7624096872171486,standard-halo-model-uncompensated,scale_dependent_camb
12,0.0,0.03362193,3060,3079,3069.5108306188927,1.3798958440672899e-05,1.3506446051639507e-05,1.5403063096539242e-05,4.5983281559930774e-07,1.6257545106118686e-07,0.978801850133036,1.1162482416888937,-1.7992408270994245,standard-halo-model-uncompensated,scale_dependent_camb
12,0.0,0.03362193,3080,3099,3089.5107605177996,1.378852181676599e-05,1.3491866300015732e-05,1.5389030646379353e-05,4.3062315191727635e-07,1.5224827542831546e-07,0.978485328544098,1.1160754467289775,-1.94849837159525,standard-halo-model-uncompensated,scale_dependent_camb
12,0.0,0.03362193,3100,3119,3109.510691318328,1.3778333509040405e-05,1.3521215938491387e-05,1.542441939415556e-05,4.082857384187198e-07,1.4435080714881681e-07,0.981338993545169,1.1194691567042636,-1.781199396300882,standard-halo-model-uncompensated,scale_dependent_camb
12,0.0,0.03362193,3120,3139,3129.5106230031947,1.3768386381604404e-05,1.3519606266162218e-05,1.5421926017020473e-05,4.189237779452755e-07,1.4811192209269588e-07,0.9819310623229912,1.120096835575832,-1.6796765036003498,standard-halo-model-uncompensated,scale_dependent_camb
12,0.0,0.03362193,3140,3159,3149.5105555555556,1.3758673579302008e-05,1.3519082987045367e-05,1.5421062457056213e-05,4.2371610427600086e-07,1.4980626531575323e-07,0.9825862143704702,1.1208247923153751,-1.5993362610812385,standard-halo-model-uncompensated,scale_dependent_camb
12,0.0,0.03362193,3160,3179,3169.5104889589907,1.3749188517650424e-05,1.3454161843144755e-05,1.534597807425742e-05,4.405835193864067e-07,1.5576979711858144e-07,0.9785422482114541,1.1161370036171319,-1.893991518016017,standard-halo-model-uncompensated,scale_dependent_camb
12,0.0,0.03362193,3180,3199,3189.510423197492,1.3739924686108532e-05,1.3500690488729737e-05,1.539474897080694e-05,4.852579353187163e-07,1.7156458834422366e-07,0.9825883909232292,1.1204391088381644,-1.3944264354762994,standard-halo-model-uncompensated,scale_dependent_camb
12,0.0,0.03362193,3200,3219,3209.5103582554516,1.3730875771419994e-05,1.3484894593664792e-05,1.5381122863713307e-05,4.3207124350298054e-07,1.5276025311833076e-07,0.9820855434241713,1.1201851301960073,-1.6102433239925378,standard-halo-model-uncompensated,scale_dependent_camb
12,0.0,0.03362193,3220,3239,3229.510294117647,1.372203573920673e-05,1.3478129108273342e-05,1.537390861764067e-05,4.3148153775333444e-07,1.5255176065109104e-07,0.9822251861481095,1.1203810360086874,-1.598845073255099,standard-halo-model-uncompensated,scale_dependent_camb
12,0.0,0.03362193,3240,3259,3249.510230769231,1.371339898489563e-05,1.3446361958124875e-05,1.5337453668032234e-05,4.2931291376255385e-07,1.5178503628622864e-07,0.9805272910775163,1.1184283112396416,-1.7593106231314501,standard-halo-model-uncompensated,scale_dependent_camb
12,0.0,0.03362193,3260,3279,3269.5101681957185,1.3704959825477883e-05,1.3466227909692249e-05,1.5361527330679642e-05,4.1155333714396165e-07,1.4550607775722434e-07,0.9825806190732624,1.1208735761576007,-1.6407006460854234,standard-halo-model-uncompensated,scale_dependent_camb
12,0.0,0.03362193,3280,3299,3289.510106382979,1.3696712615602147e-05,1.3500671049502084e-05,1.5399423865854985e-05,4.258914138699367e-07,1.5057535339827933e-07,0.9856869621490965,1.1243153228106175,-1.3019498986764622,standard-halo-model-uncompensated,scale_dependent_camb
12,0.0,0.03362193,3300,3319,3309.5100453172204,1.3688652176895069e-05,1.3487139530130774e-05,1.5384813184587823e-05,4.1625844861380023e-07,1.4716958587050507e-07,0.9852788540347,1.1239100085073157,-1.3692546973775297,standard-halo-model-uncompensated,scale_dependent_camb
12,0.0,0.03362193,3320,3339,3329.509984984985,1.3680773685545534e-05,1.3474108269465855e-05,1.5367570814350828e-05,4.442831086859098e-07,1.5707779945922337e-07,0.9848937332909737,1.1232969105093438,-1.3156882563364913,standard-halo-model-uncompensated,scale_dependent_camb
12,0.0,0.03362193,3340,3359,3349.509925373134,1.3673071906170286e-05,1.3479905177083156e-05,1.537558074981245e-05,4.289443127345984e-07,1.5165471614301883e-07,0.9858724703261482,1.124515460411926,-1.2737271480892365,standard-halo-model-uncompensated,scale_dependent_camb
12,0.0,0.03362193,3360,3379,3369.5098664688426,1.3665542016209032e-05,1.3479766274647517e-05,1.537268695482681e-05,4.655315907191671e-07,1.6459027232704172e-07,0.9864055343475464,1.1249233244164696,-1.128716411577336,standard-halo-model-uncompensated,scale_dependent_camb
12,0.0,0.03362193,3380,3399,3389.509808259587,1.3658179774521565e-05,1.3468268351015197e-05,1.536191506364876e-05,4.353336167417501e-07,1.539136762382785e-07,0.9860954075402759,1.1247410209305782,-1.233882707163466,standard-halo-model-uncompensated,scale_dependent_camb
12,0.0,0.03362193,3400,3419,3409.509750733138,1.3650980438721603e-05,1.3427775494970032e-05,1.5316958168421647e-05,4.1747355446403754e-07,1.475991906637862e-07,0.9836491639004594,1.1220408846953165,-1.5122369082633118,standard-halo-model-uncompensated,scale_dependent_camb
12,0.0,0.03362193,3420,3439,3429.509693877551,1.3643939543834795e-05,1.344311754111203e-05,1.5334531774996656e-05,4.1760753277227635e-07,1.4764655914892998e-07,0.9852812303896854,1.123907924520655,-1.3601536255253857,standard-halo-model-uncompensated,scale_dependent_camb
12,0.0,0.03362193,3440,3459,3449.5096376811593,1.3637053340890419e-05,1.3453851362294592e-05,1.534627720986578e-05,4.2513111007501467e-07,1.5030654541370372e-07,0.9865658677123085,1.125336744401394,-1.218855626623458,standard-halo-model-uncompensated,scale_dependent_camb
12,0.0,0.03362193,3460,3479,3469.509582132565,1.363031740532386e-05,1.3429706929649238e-05,1.5314720631310422e-05,4.662821264458621e-07,1.6485562677797615e-07,0.9852820393165411,1.1235776963879545,-1.2168858266803293,standard-halo-model-uncompensated,scale_dependent_camb
12,0.0,0.03362193,3480,3499,3489.5095272206304,1.3623727792789979e-05,1.3460635868291367e-05,1.5354693595746944e-05,4.130067224183839e-07,1.4601992704883469e-07,0.9880288327116368,1.1270552252132515,-1.116915531974398,standard-halo-model-uncompensated,scale_dependent_camb
12,0.0,0.03362193,3500,3519,3509.509472934473,1.3617281057456207e-05,1.3462124364285482e-05,1.535420077462566e-05,4.403988726522994e-07,1.5570451463967583e-07,0.9886058977180494,1.1275526083247283,-0.9964816596987002,standard-halo-model-uncompensated,scale_dependent_camb
12,0.0,0.03362193,3520,3539,3529.509419263456,1.361097303009742e-05,1.3446244639361738e-05,1.533775435300439e-05,4.221393723047403e-07,1.4924880638125726e-07,0.9878973832090164,1.1268668536105835,-1.103716637538006,standard-halo-model-uncompensated,scale_dependent_camb
12,0.0,0.03362193,3540,3559,3549.509366197183,1.360480048397767e-05,1.3403949468552942e-05,1.5288259410842765e-05,4.3384074383720776e-07,1.5338586596115272e-07,0.9852367540662379,1.1237400672540327,-1.3094493039899584,standard-halo-model-uncompensated,scale_dependent_camb
12,0.0,0.03362193,3560,3579,3569.5093137254903,1.3598759815425019e-05,1.3432122553764272e-05,1.5322000312624814e-05,4.192947896676087e-07,1.4824309454507662e-07,0.9877461427422425,1.126720415728288,-1.124081105916719,standard-halo-model-uncompensated,scale_dependent_camb
12,0.0,0.03362193,3580,3599,3589.50926183844,1.3592847552244651e-05,1.343380983356684e-05,1.5321341147508234e-05,4.475836538860048e-07,1.5824471840552328e-07,0.9882998968342327,1.1271619937338404,-1.0050112274221692,standard-halo-model-uncompensated,scale_dependent_camb
12,0.0,0.03362193,3600,3619,3609.5092105263157,1.3587060753197714e-05,1.3422643900310544e-05,1.5309564315803012e-05,4.3364428164271513e-07,1.5331640608616648e-07,0.9878990124594479,1.126775289659311,-1.0724022111160412,standard-halo-model-uncompensated,scale_dependent_camb
12,0.0,0.03362193,3620,3639,3629.5091597796145,1.3581395774247267e-05,1.3417000678294791e-05,1.5301938516551307e-05,4.5042599447145416e-07,1.592496375567298e-07,0.9878955669442901,1.1266837938385166,-1.0323106443109689,standard-halo-model-uncompensated,scale_dependent_camb
12,0.0,0.03362193,3640,3659,3649.509109589041,1.3575850079925824e-05,1.3430597975491652e-05,1.5321196364576734e-05,4.027985356402555e-07,1.4241078800161795e-07,0.9893006991400891,1.1285625779877828,-1.0199515533368295,standard-halo-model-uncompensated,scale_dependent_camb
12,0.0,0.03362193,3660,3679,3669.5090599455043,1.3570420192108932e-05,1.3415398671138453e-05,1.5300867654482058e-05,4.416991151352291e-07,1.5616421977810902e-07,0.9885765128289379,1.1275161297790444,-0.9926827104873727,standard-halo-model-uncompensated,scale_dependent_camb
12,0.0,0.03362193,3680,3699,3689.509010840108,1.3565103625717338e-05,1.3422383456547334e-05,1.531121530303899e-05,4.156186388098647e-07,1.4694337894498886e-07,0.9894788736519913,1.1287208506104809,-0.9712596116592227,standard-halo-model-uncompensated,scale_dependent_camb
12,0.0,0.03362193,3700,3719,3709.508962264151,1.3559897255351511e-05,1.339786517588717e-05,1.5284439788470078e-05,3.9734657646904033e-07,1.4048322935125872e-07,0.9880506410621662,1.1271796165297612,-1.1533909080293383,standard-halo-model-uncompensated,scale_dependent_camb
12,0.0,0.03362193,3720,3739,3729.508914209115,1.3554798603731741e-05,1.3406844536597178e-05,1.5291782742661736e-05,4.3072546243859254e-07,1.5228444766002017e-07,0.9890847461876837,1.1281453299093496,-0.9715638688520234,standard-halo-model-uncompensated,scale_dependent_camb
12,0.0,0.03362193,3740,3759,3749.5088666666666,1.3549804848332148e-05,1.340764748537655e-05,1.529402652226555e-05,4.1808946476065673e-07,1.478169478374572e-07,0.9895085305990148,1.1287267007500923,-0.9617122057743795,standard-halo-model-uncompensated,scale_dependent_camb
12,0.0,0.03362193,3760,3779,3769.5088196286474,1.354491353975036e-05,1.3379163820465936e-05,1.5262446502554382e-05,4.036235260626945e-07,1.4270246616267824e-07,0.9877629547949497,1.1268028000151913,-1.1615056399619068,standard-halo-model-uncompensated,scale_dependent_camb
12,0.0,0.03362193,3780,3799,3789.5087730870714,1.3540122078411725e-05,1.3406313866941714e-05,1.5294267136071875e-05,3.938622547563529e-07,1.3925133559582032e-07,0.9901176510303882,1.1295516427032033,-0.9609115122485545,standard-halo-model-uncompensated,scale_dependent_camb
12,0.0,0.03362193,3800,3819,3809.5087270341205,1.353542818622312e-05,1.3404601650905233e-05,1.5288455137062085e-05,4.4108534112673686e-07,1.559472178963486e-07,0.9903345107729176,1.129513963409245,-0.8389154810369358,standard-halo-model-uncompensated,scale_dependent_camb
12,0.0,0.03362193,3820,3839,3829.508681462141,1.3530829332246619e-05,1.3352778317496221e-05,1.522849379275258e-05,4.490315703287212e-07,1.5875663417314142e-07,0.9868410863533643,1.1254664011214814,-1.1215343262834225,standard-halo-model-uncompensated,scale_dependent_camb
12,0.0,0.03362193,3840,3859,3849.5086363636365,1.352632341407619e-05,1.3405757917248269e-05,1.52929367697957e-05,4.029567257739743e-07,1.4246671665975264e-07,0.9910866025351386,1.1306055830279114,-0.846271323258353,standard-halo-model-uncompensated,scale_dependent_camb
12,0.0,0.03362193,3860,3879,3869.5085917312663,1.3521907991079114e-05,1.3388400317957441e-05,1.5269511303720855e-05,4.4619459451469157e-07,1.5775361175506014e-07,0.9901265654810141,1.1292423609001554,-0.8463050172757158,standard-halo-model-uncompensated,scale_dependent_camb
12,0.0,0.03362193,3880,3899,3889.5085475578408,1.3517581240832721e-05,1.3363451966367012e-05,1.5242810491162544e-05,4.2524250704529403e-07,1.503459301902478e-07,0.9885978658667034,1.1276285468230367,-1.025164261318372,standard-halo-model-uncompensated,scale_dependent_camb
12,0.0,0.03362193,3900,3919,3909.5085038363172,1.3513340611181608e-05,1.338385887254697e-05,1.5264250229908437e-05,4.463944831906795e-07,1.5782428307419688e-07,0.9904182287444528,1.1295689695912823,-0.8204170873614298,standard-halo-model-uncompensated,scale_dependent_camb
12,0.0,0.03362193,3920,3939,3929.5084605597963,1.350918453019104e-05,1.3363456293032134e-05,1.5239768407361992e-05,4.630365081440228e-07,1.6370812742278928e-07,0.9892126547806623,1.12810424443484,-0.8901710590247675,standard-halo-model-uncompensated,scale_dependent_camb
12,0.0,0.03362193,3940,3959,3949.508417721519,1.3505110625750287e-05,1.337826558038595e-05,1.5260386742345495e-05,4.2110560610653296e-07,1.4888331483680034e-07,0.9906076263364715,1.1299712505315145,-0.8519762305358333,standard-halo-model-uncompensated,scale_dependent_camb
12,0.0,0.03362193,3960,3979,3969.5083753148615,1.3501117295184945e-05,1.3407659954463257e-05,1.5292250387196225e-05,4.3507966704682436e-07,1.5382389146259737e-07,0.9930778069193563,1.132665545587851,-0.6075606320518263,standard-halo-model-uncompensated,scale_dependent_camb
12,0.0,0.03362193,3980,3999,3989.508333333333,1.349720240121482e-05,1.3353585073689774e-05,1.523138134400819e-05,4.289475619568583e-07,1.5165586491656562e-07,0.9893594744113698,1.1284843252137409,-0.9469948795192226,standard-halo-model-uncompensated,scale_dependent_camb
12,0.0,0.03362193,4000,4019,4009.5082917705736,1.3493364225298709e-05,1.3399641872871255e-05,1.528458064780647e-05,4.2173335016197e-07,1.4910525587602486e-07,0.9930541893880154,1.1327479487398264,-0.6285650487423473,standard-halo-model-uncompensated,scale_dependent_camb
12,0.0,0.03362193,4020,4039,4029.5082506203476,1.3489601159033429e-05,1.3388503848664811e-05,1.5273392643065347e-05,4.013839061569558e-07,1.419106409513641e-07,0.992505537474626,1.1322345607555184,-0.7124011962095667,standard-halo-model-uncompensated,scale_dependent_camb
12,0.0,0.03362193,4040,4059,4049.5082098765433,1.348591110632835e-05,1.3378098184751212e-05,1.526010762347928e-05,4.2035111005785916e-07,1.4861656020060247e-07,0.9920055144419166,1.1315592623414503,-0.7254435268291218,standard-halo-model-uncompensated,scale_dependent_camb
12,0.0,0.03362193,4060,4079,4069.5081695331696,1.3482292756190288e-05,1.3376703412326345e-05,1.5258428823770105e-05,4.197439098439972e-07,1.4840188250622263e-07,0.9921682946830047,1.131738429041627,-0.7115094639012757,standard-halo-model-uncompensated,scale_dependent_camb
12,0.0,0.03362193,4080,4096,4088.005870123517,1.3479007637161691e-05,1.3354895780238292e-05,1.5232996770705601e-05,4.3048528354919623e-07,1.5219953159932517e-07,0.9907922110985958,1.1301274678937159,-0.8154549203878763,standard-halo-model-uncompensated,scale_dependent_camb
