segment_index,z_lo,z_hi,ell_min,ell_max,ell_effective,theory_cl,ensemble_mean_theoretical_normalization_cl,ensemble_mean_measured_normalization_cl,realization_std_cl,ensemble_sem_cl,theoretical_normalization_mean_over_theory,measured_normalization_mean_over_theory,mean_minus_theory_over_sem,theory_model,linear_power_evolution
0,0.44933801,0.49256256,20,39,30.608333333333334,2.474388088112887e-05,2.458879919548325e-05,2.492045406224715e-05,9.407543174473692e-07,3.3260687864877834e-07,0.9937325237544328,1.0071360342367695,-0.46626120985724473,painting-pair-model,scale_dependent_camb
0,0.44933801,0.49256256,40,59,50.165,2.037707521720731e-05,2.0352029338165938e-05,2.062694443402193e-05,8.348312434437525e-07,2.951574166927374e-07,0.9987708795902062,1.012262270917252,-0.08485600437222655,painting-pair-model,scale_dependent_camb
0,0.44933801,0.49256256,60,79,69.975,1.6855533989781982e-05,1.674213462394358e-05,1.6969060087024477e-05,3.081093406949127e-07,1.0893310207614453e-07,0.9932722768731537,1.0067352418090887,-1.0410000603777365,painting-pair-model,scale_dependent_camb
0,0.44933801,0.49256256,80,99,89.86944444444444,1.4167217352007859e-05,1.4117325560304327e-05,1.4308741281975448e-05,4.828429467287113e-07,1.7071076093998335e-07,0.9964783633607159,1.0099895361559856,-0.2922592074970138,painting-pair-model,scale_dependent_camb
0,0.44933801,0.49256256,100,119,109.80227272727272,1.1452343988561036e-05,1.1376592916729949e-05,1.1531156948659444e-05,2.2903177763375979e-07,8.097496153602049e-08,0.9933855399465167,1.0068818191434983,-0.9354875926355364,painting-pair-model,scale_dependent_camb
0,0.44933801,0.49256256,120,139,129.75576923076923,9.277460361610392e-06,9.169537154058661e-06,9.29362841944728e-06,1.192107570808246e-07,4.2147367361116656e-08,0.9883671604787112,1.0017427245395507,-2.5606156281850376,painting-pair-model,scale_dependent_camb
0,0.44933801,0.49256256,140,159,149.72166666666666,7.939587480878189e-06,7.87286426345966e-06,7.979162322162765e-06,1.7557330327372796e-07,6.207453667008765e-08,0.9915961354945422,1.0049844959048424,-1.074888690239423,painting-pair-model,scale_dependent_camb
0,0.44933801,0.49256256,160,179,169.6955882352941,6.922550742451248e-06,6.901569355525622e-06,6.995032912801536e-06,9.924196533061823e-08,3.50873333317802e-08,0.9969691248636198,1.0104704426225155,-0.5979761051439689,painting-pair-model,scale_dependent_camb
0,0.44933801,0.49256256,180,199,189.675,5.889717807457136e-06,5.840314490319272e-06,5.9193404147741e-06,1.2052114467812586e-07,4.2610659339133884e-08,0.9916119381686992,1.0050295461150036,-1.159412173012108,painting-pair-model,scale_dependent_camb
0,0.44933801,0.49256256,200,219,209.65833333333333,5.0389664504371685e-06,4.9757044087376145e-06,5.0430793811997944e-06,7.274190743362257e-08,2.5718148011379322e-08,0.9874454330423126,1.000816225073749,-2.4598210443288133,painting-pair-model,scale_dependent_camb
0,0.44933801,0.49256256,220,239,229.64456521739132,4.464625979878786e-06,4.440397797439243e-06,4.500601829228605e-06,7.454717446985237e-08,2.635640629296464e-08,0.9945733007538066,1.0080579760795092,-0.9192521230032393,painting-pair-model,scale_dependent_camb
0,0.44933801,0.49256256,240,259,249.633,4.007484904477385e-06,3.996356157201704e-06,4.050410646146315e-06,5.6652366062700946e-08,2.0029636106599233e-08,0.9972230095581277,1.0107113919807835,-0.5556140519205249,painting-pair-model,scale_dependent_camb
0,0.44933801,0.49256256,260,279,269.6231481481482,3.5560030636999102e-06,3.5732422983776842e-06,3.6216009196790035e-06,2.5223614198251543e-08,8.917894322808473e-09,1.0048479245852608,1.018447075214508,1.9331059613122796,painting-pair-model,scale_dependent_camb
0,0.44933801,0.49256256,280,299,289.6146551724138,3.1616066501656785e-06,3.1704154757890905e-06,3.2133718294548226e-06,4.872707315825364e-08,1.7227621928787074e-08,1.0027861864545833,1.0163730612365809,0.5113198826758886,painting-pair-model,scale_dependent_camb
0,0.44933801,0.49256256,300,319,309.60725806451615,2.8630642623862533e-06,2.862724877921714e-06,2.90146104734488e-06,3.368538358678934e-08,1.1909581580544384e-08,0.9998814611082966,1.0134110803809289,-0.028496758029979762,painting-pair-model,scale_dependent_camb
0,0.44933801,0.49256256,320,339,329.6007575757576,2.6180788023781057e-06,2.6156503804355492e-06,2.6510527371395414e-06,2.2251961052023652e-08,7.867256277292432e-09,0.9990724412342552,1.0125947067488894,-0.3086745692479532,painting-pair-model,scale_dependent_camb
0,0.44933801,0.49256256,340,359,349.595,2.386553100879056e-06,2.3733418440955817e-06,2.4055172468469467e-06,3.5973401388999775e-08,1.2718518032253653e-08,0.9944642938057368,1.0079462493253997,-1.0387418369004342,painting-pair-model,scale_dependent_camb
0,0.44933801,0.49256256,360,379,369.58986486486486,2.1778842136743146e-06,2.1899432317760022e-06,2.2195873603777104e-06,1.484599503730928e-08,5.248851882171611e-09,1.005537033615457,1.0191484682434233,2.297458257994974,painting-pair-model,scale_dependent_camb
0,0.44933801,0.49256256,380,399,389.5852564102564,2.00574508409528e-06,2.006083666977722e-06,2.033288284879908e-06,2.167623866689672e-08,7.66370767599036e-09,1.0001688065373446,1.0137321542019642,0.044180036185729514,painting-pair-model,scale_dependent_camb
0,0.44933801,0.49256256,400,419,409.5810975609756,1.8591093877585425e-06,1.850032954982969e-06,1.8750480410239521e-06,1.920880477527494e-08,6.791338057542723e-09,0.9951178597476092,1.0085732735095412,-1.3364719439187547,painting-pair-model,scale_dependent_camb
0,0.44933801,0.49256256,420,439,429.57732558139537,1.7243570183857232e-06,1.7238364675291001e-06,1.747191183491725e-06,1.7488040803290313e-08,6.1829561208368086e-09,0.999698118863395,1.013242133074842,-0.08419125842876692,painting-pair-model,scale_dependent_camb
0,0.44933801,0.49256256,440,459,449.5738888888889,1.6009894800038713e-06,1.6112979282323113e-06,1.6330586341046905e-06,2.7414034528607306e-08,9.692324857430191e-09,1.0064387982289646,1.020030833744605,1.0635681717310042,painting-pair-model,scale_dependent_camb
0,0.44933801,0.49256256,460,479,469.5707446808511,1.4936090704419253e-06,1.5004741877609417e-06,1.5207372966566361e-06,2.6632258559935616e-08,9.415925313021974e-09,1.0045963280853571,1.0181628692216527,0.7290964075004007,painting-pair-model,scale_dependent_camb
0,0.44933801,0.49256256,480,499,489.5678571428571,1.399833451765251e-06,1.4022738852861603e-06,1.421259906108466e-06,1.1495579509939535e-08,4.064301112573687e-09,1.0017433741977173,1.0153064311445017,0.6004558848652284,painting-pair-model,scale_dependent_camb
0,0.44933801,0.49256256,500,519,509.56519607843137,1.3142893309563763e-06,1.3162605587021703e-06,1.3340701032497228e-06,1.1605735537269382e-08,4.103247149530439e-09,1.0014998430705966,1.0150505461981896,0.48040677881650945,painting-pair-model,scale_dependent_camb
0,0.44933801,0.49256256,520,539,529.5627358490566,1.235379636061258e-06,1.2468161269518828e-06,1.263660885974243e-06,1.6729977975578265e-08,5.9149404378164894e-09,1.0092574707861364,1.0228927603203448,1.9334921476989024,painting-pair-model,scale_dependent_camb
0,0.44933801,0.49256256,540,559,549.5604545454545,1.1643928429061672e-06,1.1689602587132127e-06,1.1847688880458138e-06,1.2949387234351077e-08,4.578299762810079e-09,1.003922572897001,1.0174992875160507,0.9976227079203239,painting-pair-model,scale_dependent_camb
0,0.44933801,0.49256256,560,579,569.5583333333333,1.100880947042939e-06,1.1139847732748692e-06,1.1290655676912912e-06,5.499191951326976e-09,1.9442579599148935e-09,1.011903036624558,1.0256018788626131,6.739757018921374,painting-pair-model,scale_dependent_camb
0,0.44933801,0.49256256,580,599,589.5563559322034,1.0428422573826758e-06,1.0489101663351217e-06,1.063109504260559e-06,9.143836799017687e-09,3.23283450332425e-09,1.0058186258846809,1.0194346237260752,1.87696244463067,painting-pair-model,scale_dependent_camb
0,0.44933801,0.49256256,600,619,609.5545081967213,9.892632984606026e-07,9.915142989686433e-07,1.004938048277452e-06,7.184764453627927e-09,2.5401978331941836e-09,1.0022754311329891,1.0158448714727828,0.8861516526884761,painting-pair-model,scale_dependent_camb
0,0.44933801,0.49256256,620,639,629.5527777777778,9.402338405194967e-07,9.451116228233741e-07,9.579028966352485e-07,5.27241280102407e-09,1.8640794224094397e-09,1.0051878395497682,1.0187921933398922,2.6167245049959296,painting-pair-model,scale_dependent_camb
0,0.44933801,0.49256256,640,659,649.5511538461539,8.954797266656875e-07,9.018724008031032e-07,9.140752350022753e-07,6.755023779904234e-09,2.3882615609233343e-09,1.0071388262034906,1.020765973570198,2.6767060367308346,painting-pair-model,scale_dependent_camb
0,0.44933801,0.49256256,660,679,669.5496268656716,8.542949226771916e-07,8.545237592032864e-07,8.66103206571479e-07,4.997616235504375e-09,1.7669241649465645e-09,1.0002678659559132,1.0138222569054753,0.12951123236329387,painting-pair-model,scale_dependent_camb
0,0.44933801,0.49256256,680,699,689.5481884057971,8.160837486649988e-07,8.151988659401852e-07,8.262350226410353e-07,9.893608330166855e-09,3.4979187703323487e-09,0.9989156961815976,1.0124390100803289,-0.25297406341128426,painting-pair-model,scale_dependent_camb
0,0.44933801,0.49256256,700,719,709.5468309859154,7.807111139618761e-07,7.819099230901433e-07,7.924949221364252e-07,3.376764079926585e-09,1.1938663896916206e-09,1.0015355348564,1.0150936856973252,1.0041401103325465,painting-pair-model,scale_dependent_camb
0,0.44933801,0.49256256,720,739,729.5455479452055,7.480478234164015e-07,7.515908466610513e-07,7.617737299430233e-07,5.38833100773694e-09,1.9050626974242668e-09,1.0047363592724172,1.0183489692730263,1.8597935120141054,painting-pair-model,scale_dependent_camb
0,0.44933801,0.49256256,740,759,749.5443333333334,7.178110628508115e-07,7.211480844185299e-07,7.30907635878677e-07,6.496367547746793e-09,2.29681277304599e-09,1.0046488856753828,1.0182451535030013,1.4528922892103682,painting-pair-model,scale_dependent_camb
0,0.44933801,0.49256256,760,779,769.5431818181818,6.896204908707296e-07,6.907307150844827e-07,7.000710783125329e-07,7.807780168245434e-09,2.7604671514900943e-09,1.0016099060692807,1.015154113864291,0.4021870766162949,painting-pair-model,scale_dependent_camb
0,0.44933801,0.49256256,780,799,789.5420886075949,6.63293113649687e-07,6.616527000774403e-07,6.705998875453222e-07,7.1946458020202584e-09,2.543691417421926e-09,0.9975268647623664,1.0110159049525338,-0.644894880334712,painting-pair-model,scale_dependent_camb
0,0.44933801,0.49256256,800,819,809.5410493827161,6.387241736614593e-07,6.379504078632545e-07,6.465901970320335e-07,8.39906056024163e-09,2.96951633887167e-09,0.998788575992405,1.0123152116280218,-0.2605696382525246,painting-pair-model,scale_dependent_camb
0,0.44933801,0.49256256,820,839,829.5400602409638,6.157879113302807e-07,6.140770406417798e-07,6.223927114829456e-07,3.4466106120035948e-09,1.2185608679286292e-09,0.9972216559353936,1.0107257710506148,-1.4040092157309039,painting-pair-model,scale_dependent_camb
0,0.44933801,0.49256256,840,859,849.5391176470588,5.943276486944355e-07,5.940199911182116e-07,6.020575542087403e-07,4.968878729991236e-09,1.7567639224352015e-09,0.9994823434903295,1.01300613480003,-0.17512744444193495,painting-pair-model,scale_dependent_camb
0,0.44933801,0.49256256,860,879,869.5382183908046,5.742004125990885e-07,5.722028205219317e-07,5.799465087533688e-07,4.589513368722385e-09,1.6226380126849568e-09,0.996521089094808,1.0100071264809283,-1.2310768400226024,painting-pair-model,scale_dependent_camb
0,0.44933801,0.49256256,880,899,889.5373595505617,5.552929885777168e-07,5.516012310884611e-07,5.590701705145383e-07,3.6711441252836488e-09,1.297945452850612e-09,0.9933516943934202,1.0068021423185913,-2.8443086580777766,painting-pair-model,scale_dependent_camb
0,0.44933801,0.49256256,900,919,909.5365384615385,5.375051013468547e-07,5.301322059918585e-07,5.373129835664622e-07,2.645219926831232e-09,9.352264739960734e-10,0.9862831155713284,0.9996425749636401,-7.883540040834203,painting-pair-model,scale_dependent_camb
0,0.44933801,0.49256256,920,939,929.535752688172,5.207500109597955e-07,5.167790531675317e-07,5.237766493043021e-07,4.720679764447135e-09,1.6690123366253412e-09,0.9923745411258947,1.0058120754312192,-2.379226147778424,painting-pair-model,scale_dependent_camb
0,0.44933801,0.49256256,940,959,949.535,5.049549725109056e-07,4.994048543891935e-07,5.061604497176006e-07,4.350223081405716e-09,1.53803612026811e-09,0.9890086870634942,1.0023872964369491,-3.6085746287574656,painting-pair-model,scale_dependent_camb
0,0.44933801,0.49256256,960,979,969.5342783505155,4.900467797215394e-07,4.836446400382965e-07,4.901922928331731e-07,3.149982835251517e-09,1.1136871117137874e-09,0.9869356560472027,1.0002969371857038,-5.74859816182216,painting-pair-model,scale_dependent_camb
0,0.44933801,0.49256256,980,999,989.5335858585859,4.7595868377513824e-07,4.699614223232484e-07,4.763243025636255e-07,3.2275489406535814e-09,1.1411108712738025e-09,0.9873996175375525,1.0007681733750236,-5.255634314652708,painting-pair-model,scale_dependent_camb
0,0.44933801,0.49256256,1000,1019,1009.5329207920792,4.626282753511122e-07,4.5617706395665107e-07,4.6234639743604013e-07,4.5500692580270235e-09,1.6086924136096755e-09,0.9860553024140927,0.9993907032274278,-4.010220561670667,painting-pair-model,scale_dependent_camb
0,0.44933801,0.49256256,1020,1039,1029.532281553398,4.4999955595578997e-07,4.444256885250112e-07,4.5043748384872064e-07,3.477106545784824e-09,1.2293428087162907e-09,0.9876136157091533,1.0009731740556955,-4.534022073630672,painting-pair-model,scale_dependent_camb
0,0.44933801,0.49256256,1040,1059,1049.5316666666668,4.380232205469752e-07,4.320931783554184e-07,4.3794246407497857e-07,3.3427879583688766e-09,1.1818540167156834e-09,0.9864618086133613,0.999815634267298,-5.017575866126106,painting-pair-model,scale_dependent_camb
0,0.44933801,0.49256256,1060,1079,1069.5310747663552,4.266536971925134e-07,4.1955890866911525e-07,4.252414482567924e-07,3.078481764331008e-09,1.0884076656587913e-09,0.9833710839257139,0.9966899409403599,-6.5185028985475215,painting-pair-model,scale_dependent_camb
0,0.44933801,0.49256256,1080,1099,1089.530504587156,4.158525439601467e-07,4.059754650674156e-07,4.1146468951878605e-07,4.609923443169124e-09,1.6298540637078627e-09,0.9762486029334532,0.9894485328872218,-6.06010017256457,painting-pair-model,scale_dependent_camb
0,0.44933801,0.49256256,1100,1119,1109.529954954955,4.0557819738498217e-07,3.9706051268505186e-07,4.024378142108089e-07,4.01912904335698e-09,1.420976700510761e-09,0.9789986622682156,0.9922570217175841,-5.994246560741415,painting-pair-model,scale_dependent_camb
0,0.44933801,0.49256256,1120,1139,1129.529424778761,3.957998037923496e-07,3.8758864810761136e-07,3.9283563740750805e-07,2.156802743798427e-09,7.625449229108098e-10,0.9792542704517203,0.9925109452899156,-10.76809436143694,painting-pair-model,scale_dependent_camb
0,0.44933801,0.49256256,1140,1159,1149.5289130434783,3.8648172262580706e-07,3.781087398109882e-07,3.83225379258029e-07,3.1555540493039457e-09,1.1156568333317445e-09,0.9783353718309583,0.9915743923266176,-7.504980532243196,painting-pair-model,scale_dependent_camb
0,0.44933801,0.49256256,1160,1179,1169.5284188034188,3.7759598613658437e-07,3.684354143095165e-07,3.7342470443330027e-07,1.949783937203646e-09,6.893527219226518e-10,0.9757397531663531,0.9889530560269906,-13.288656932431351,painting-pair-model,scale_dependent_camb
0,0.44933801,0.49256256,1180,1199,1189.5279411764707,3.691179073901657e-07,3.59544085265282e-07,3.644079175140501e-07,2.5843775176633106e-09,9.137154339428917e-10,0.9740629703051389,0.9872398770641678,-10.477903479829038,painting-pair-model,scale_dependent_camb
0,0.44933801,0.49256256,1200,1219,1209.527479338843,3.6101722692616344e-07,3.5269912274757605e-07,3.5747462079871307e-07,3.184613079189422e-09,1.1259307518751058e-09,0.9769592596746398,0.9901871548966972,-7.387758230010642,painting-pair-model,scale_dependent_camb
0,0.44933801,0.49256256,1220,1239,1229.5270325203253,3.5327715179719886e-07,3.462870108818831e-07,3.5098054200949375e-07,1.7585772693570097e-09,6.217509562014316e-10,0.9802134361654712,0.9934991273111726,-11.242670148867699,painting-pair-model,scale_dependent_camb
0,0.44933801,0.49256256,1240,1259,1249.5266,3.458740985735637e-07,3.358963654421265e-07,3.4044217935429637e-07,2.131614767312492e-09,7.536396284220238e-10,0.9711521239301039,0.9842950968526716,-13.239395534877387,painting-pair-model,scale_dependent_camb
0,0.44933801,0.49256256,1260,1279,1269.5261811023622,3.387851592642674e-07,3.2979679186371733e-07,3.3425917409471337e-07,3.5777348214775396e-09,1.2649202767770051e-09,0.973468827796147,0.9866405447647618,-7.105876603901284,painting-pair-model,scale_dependent_camb
0,0.44933801,0.49256256,1280,1299,1289.5257751937984,3.3199961100919843e-07,3.2282676639661334e-07,3.2719372758537396e-07,2.9495667466949022e-09,1.0428293240751544e-09,0.9723709175902289,0.9855244305581692,-8.79611303673316,painting-pair-model,scale_dependent_camb
0,0.44933801,0.49256256,1300,1319,1309.5253816793893,3.254957378108501e-07,3.164094597651489e-07,3.206880647006863e-07,3.050413394728201e-09,1.0784839984172937e-09,0.9720848017648042,0.9852296895114565,-8.4250466942816,painting-pair-model,scale_dependent_camb
0,0.44933801,0.49256256,1320,1339,1329.525,3.19255866512538e-07,3.106019611772415e-07,3.1480436658778024e-07,3.000587104448625e-09,1.060867744548265e-09,0.9728935119350214,0.9860566386034353,-8.157383783010085,painting-pair-model,scale_dependent_camb
0,0.44933801,0.49256256,1340,1359,1349.5246296296295,3.132739611607518e-07,3.0518916478843905e-07,3.093225326299955e-07,1.6895703651314932e-09,5.973533312381549e-10,0.9741925682480704,0.9873866678350307,-13.534362243456643,painting-pair-model,scale_dependent_camb
0,0.44933801,0.49256256,1360,1379,1369.5242700729927,3.075305947430086e-07,2.9828376059232636e-07,3.023198041693526e-07,2.2457028072698975e-09,7.939758417751055e-10,0.9699319862519387,0.9830560254402966,-11.646241187904334,painting-pair-model,scale_dependent_camb
0,0.44933801,0.49256256,1380,1399,1389.5239208633093,3.0201089637685466e-07,2.9282068777720477e-07,2.967797182549422e-07,3.2879235939633842e-09,1.1624565346573767e-09,0.9695699436348079,0.9826788430991414,-7.90585138080764,painting-pair-model,scale_dependent_camb
0,0.44933801,0.49256256,1400,1419,1409.5235815602837,2.9671272302723035e-07,2.879560735829286e-07,2.91853512282574e-07,2.727513481780829e-09,9.643216393724773e-10,0.9704877857782387,0.9836231803777069,-9.080631489302744,painting-pair-model,scale_dependent_camb
0,0.44933801,0.49256256,1420,1439,1429.5232517482518,2.9161986541272056e-07,2.8351190825518574e-07,2.8735023739908667e-07,2.08766502087632e-09,7.381010465538005e-10,0.9721968284085863,0.9853589260539873,-10.98488776759082,painting-pair-model,scale_dependent_camb
0,0.44933801,0.49256256,1440,1459,1449.5229310344828,2.8671758884449974e-07,2.777928275427577e-07,2.815518996352055e-07,1.5869644445482656e-09,5.610766601210106e-10,0.9688726410622044,0.9819833543170041,-15.906491814892464,painting-pair-model,scale_dependent_camb
0,0.44933801,0.49256256,1460,1479,1469.522619047619,2.8200629317919397e-07,2.7391356936738e-07,2.7762014323268086e-07,3.0061167376429376e-09,1.0628227651128513e-09,0.9713030382386835,0.984446623878262,-7.614368150041135,painting-pair-model,scale_dependent_camb
0,0.44933801,0.49256256,1480,1499,1489.5223154362416,2.7747543065713797e-07,2.701924898372675e-07,2.738473788828713e-07,2.316239883881918e-09,8.189144643738227e-10,0.9737528443414882,0.9869247818962765,-8.89340845315185,painting-pair-model,scale_dependent_camb
0,0.44933801,0.49256256,1500,1519,1509.5220198675497,2.73108746623285e-07,2.6511016430748655e-07,2.6870016746230787e-07,1.8343873725301521e-09,6.48553875219522e-10,0.9707128299086247,0.9838577884616118,-12.332949692253559,painting-pair-model,scale_dependent_camb
0,0.44933801,0.49256256,1520,1539,1529.5217320261438,2.689041943894719e-07,2.6070469427650436e-07,2.6423243658451083e-07,1.979365456657128e-09,6.998113684243311e-10,0.9695077269747171,0.9826266830252761,-11.716728940013104,painting-pair-model,scale_dependent_camb
0,0.44933801,0.49256256,1540,1559,1549.5214516129033,2.648615033084427e-07,2.568737243266014e-07,2.603470061548657e-07,2.784299082309776e-09,9.843983809763619e-10,0.9698416761890112,0.9829552536054298,-8.114376390906635,painting-pair-model,scale_dependent_camb
0,0.44933801,0.49256256,1560,1579,1569.521178343949,2.6096362748614816e-07,2.536939793505708e-07,2.571269555759881e-07,2.132251728862404e-09,7.538648283376727e-10,0.9721430599137298,0.9852980587865116,-9.64317190869277,painting-pair-model,scale_dependent_camb
0,0.44933801,0.49256256,1580,1599,1589.5209119496856,2.572031690571481e-07,2.495783388264705e-07,2.529520816048107e-07,2.695916974505743e-09,9.531505870944658e-10,0.9703548356008651,0.9834718698532333,-7.999607128104238,painting-pair-model,scale_dependent_camb
0,0.44933801,0.49256256,1600,1619,1609.520652173913,2.535854545518521e-07,2.468407187375963e-07,2.50181460443522e-07,1.9870562054031975e-09,7.025304587197051e-10,0.9734025130653673,0.9865765403842038,-9.600631162024518,painting-pair-model,scale_dependent_camb
0,0.44933801,0.49256256,1620,1639,1629.520398773006,2.5009991395805996e-07,2.429556910567392e-07,2.4624063146203707e-07,2.3931712031523476e-09,8.461137931446968e-10,0.9714345247534998,0.9845690370902324,-8.443572199394492,painting-pair-model,scale_dependent_camb
0,0.44933801,0.49256256,1640,1659,1649.5201515151516,2.4673269267897506e-07,2.39784038059308e-07,2.430274349212343e-07,1.8790487530098816e-09,6.643440577167066e-10,0.971837316959419,0.9849827044908,-10.459421649000639,painting-pair-model,scale_dependent_camb
0,0.44933801,0.49256256,1660,1679,1669.5199101796406,2.43483615792508e-07,2.3564024609686066e-07,2.388289706450427e-07,1.643399557621169e-09,5.810294856964504e-10,0.9677868686559538,0.9808831278757093,-13.499090646399631,painting-pair-model,scale_dependent_camb
0,0.44933801,0.49256256,1680,1699,1689.519674556213,2.403577301594021e-07,2.3334342240242162e-07,2.3649883675417282e-07,2.0550221677074356e-09,7.26560055137303e-10,0.9708172158543489,0.9839452078255602,-9.654133484746767,painting-pair-model,scale_dependent_camb
0,0.44933801,0.49256256,1700,1719,1709.5194444444444,2.3734005469263667e-07,2.3036420763056862e-07,2.3348335315082198e-07,1.2132972919121542e-09,4.289653713531791e-10,0.9706082183595095,0.98375031325071,-16.262028424491746,painting-pair-model,scale_dependent_camb
0,0.44933801,0.49256256,1720,1739,1729.519219653179,2.3442132344081377e-07,2.275246676313178e-07,2.3060256208604562e-07,1.7833963726517492e-09,6.305258343227715e-10,0.9705800832950369,0.9837098379161215,-10.937943275398794,painting-pair-model,scale_dependent_camb
0,0.44933801,0.49256256,1740,1759,1749.519,2.3160307123107938e-07,2.2493710254445912e-07,2.2798200658260269e-07,1.3670667075824413e-09,4.833310696329556e-10,0.9712181334591657,0.9843652131673858,-13.791723945415798,painting-pair-model,scale_dependent_camb
0,0.44933801,0.49256256,1760,1779,1769.5187853107345,2.2888959258965996e-07,2.2230236112102228e-07,2.25308222962558e-07,2.2213937568354234e-09,7.853812945718942e-10,0.9712209218684448,0.9843532875978227,-8.38730373917083,painting-pair-model,scale_dependent_camb
0,0.44933801,0.49256256,1780,1799,1789.5185754189945,2.2626530597165353e-07,2.199592439658408e-07,2.2293370677290096e-07,1.892688732323407e-09,6.691665186506257e-10,0.9721297881761742,0.9852756957835597,-9.423756015959826,painting-pair-model,scale_dependent_camb
0,0.44933801,0.49256256,1800,1819,1809.5183701657459,2.237234512165193e-07,2.1676304726044355e-07,2.1969850131974245e-07,1.074672339885946e-09,3.799540495434833e-10,0.9688883578443483,0.9820092624403443,-18.319067698945975,painting-pair-model,scale_dependent_camb
0,0.44933801,0.49256256,1820,1839,1829.518169398907,2.2126582174416392e-07,2.1523093836039282e-07,2.1814348748137146e-07,1.3550834943943843e-09,4.79094363980116e-10,0.9727256413295097,0.98588876384893,-12.596439944807145,painting-pair-model,scale_dependent_camb
0,0.44933801,0.49256256,1840,1859,1849.517972972973,2.1889680629064648e-07,2.1235276811457926e-07,2.152267485425761e-07,1.2050485643955076e-09,4.2604900577158865e-10,0.9701044602387748,0.9832338451608227,-15.35982501406324,painting-pair-model,scale_dependent_camb
0,0.44933801,0.49256256,1860,1879,1869.5177807486632,2.1660184674650088e-07,2.1018575101304685e-07,2.130293692935912e-07,1.7943594966028998e-09,6.34401883967195e-10,0.9703783885971984,0.9835067082457025,-10.11361393401191,painting-pair-model,scale_dependent_camb
0,0.44933801,0.49256256,1880,1899,1889.5175925925926,2.1437369169984848e-07,2.0829759153211624e-07,2.111128517385441e-07,2.4924433532827585e-09,8.81211798414788e-10,0.9716565026260797,0.9847889918979891,-6.895164339223034,painting-pair-model,scale_dependent_camb
0,0.44933801,0.49256256,1900,1919,1909.5174083769634,2.122161558139471e-07,2.0579056582908403e-07,2.0857510133189506e-07,1.6525049008712325e-09,5.84248710675026e-10,0.9697214853401808,0.9828427083315739,-10.998038793169286,painting-pair-model,scale_dependent_camb
0,0.44933801,0.49256256,1920,1939,1929.5172279792746,2.10131827802271e-07,2.0419971945035694e-07,2.0696350248829657e-07,1.4214625280799021e-09,5.02562896403936e-10,0.9717695866734857,0.9849222017097014,-11.80371331501183,painting-pair-model,scale_dependent_camb
0,0.44933801,0.49256256,1940,1959,1949.5170512820512,2.0810913853074105e-07,2.0148374369075492e-07,2.0420909074037197e-07,1.5456503051285817e-09,5.464699060497382e-10,0.9681638447654837,0.9812596034085597,-12.123988469701946,painting-pair-model,scale_dependent_camb
0,0.44933801,0.49256256,1960,1979,1969.5168781725888,2.061412497058283e-07,1.9994264107544266e-07,2.0264813216865618e-07,1.4794007705084659e-09,5.230471584595697e-10,0.9699302849903584,0.9830547377482336,-11.85095555942069,painting-pair-model,scale_dependent_camb
0,0.44933801,0.49256256,1980,1999,1989.5167085427136,2.042319693154279e-07,1.9832284700927006e-07,2.0100667577740743e-07,1.8696374435233303e-09,6.610166573378138e-10,0.9710666144680247,0.9842076950595373,-8.939445383957947,painting-pair-model,scale_dependent_camb
1,0.40720486,0.44933801,20,39,30.608333333333334,3.0274400521025205e-05,3.025751719159505e-05,2.9871997809506945e-05,1.0691901954545939e-06,3.780158187920567e-07,0.9994423232453957,0.9867081526110221,-0.04466302358484584,painting-pair-model,scale_dependent_camb
1,0.40720486,0.44933801,40,59,50.165,2.4365029635074452e-05,2.4701787617141537e-05,2.4387940167953877e-05,9.389108384630652e-07,3.3195511040339024e-07,1.0138213655846455,1.0009403039201088,1.0144684371867558,painting-pair-model,scale_dependent_camb
1,0.40720486,0.44933801,60,79,69.975,2.0040180935426612e-05,2.007614246534384e-05,1.9820807892038567e-05,7.497610289917338e-07,2.6508055393472927e-07,1.0017944713190516,0.9890533401821616,0.13566264814008655,painting-pair-model,scale_dependent_camb
1,0.40720486,0.44933801,80,99,89.86944444444444,1.63835846859674e-05,1.673588124052457e-05,1.652350998105345e-05,3.7748257932977137e-07,1.334602458119351e-07,1.021503020328568,1.0085405787419586,2.6397115666459166,painting-pair-model,scale_dependent_camb
1,0.40720486,0.44933801,100,119,109.80227272727272,1.2901462875770579e-05,1.3099230002399643e-05,1.2932741679466799e-05,2.594493124205312e-07,9.172918409337238e-08,1.0153290466773717,1.0024244385305299,2.155989160742496,painting-pair-model,scale_dependent_camb
1,0.40720486,0.44933801,120,139,129.75576923076923,1.0574601682549904e-05,1.065504584534964e-05,1.0519784262425512e-05,1.649029741332959e-07,5.830200562374168e-08,1.0076072995668939,0.9948161243543715,1.379783798843756,painting-pair-model,scale_dependent_camb
1,0.40720486,0.44933801,140,159,149.72166666666666,9.108417511891018e-06,9.166059848071926e-06,9.049627607897085e-06,1.0389802549994573e-07,3.673349919145223e-08,1.0063284688153191,0.9935455413723424,1.5692035185779727,painting-pair-model,scale_dependent_camb
1,0.40720486,0.44933801,160,179,169.6955882352941,7.706534319736485e-06,7.811188772620999e-06,7.71211758316272e-06,1.4111454292283907e-07,4.9891525112389816e-08,1.0135799632548828,1.0007244843394696,2.0976398827007263,painting-pair-model,scale_dependent_camb
1,0.40720486,0.44933801,180,199,189.675,6.4742050725473116e-06,6.552267769085094e-06,6.468950343067882e-06,7.757581488253139e-08,2.7427192379755118e-08,1.0120574951925438,0.9991883591235454,2.846178910948354,painting-pair-model,scale_dependent_camb
1,0.40720486,0.44933801,200,219,209.65833333333333,5.647909680328916e-06,5.733038882548408e-06,5.660292309454605e-06,7.87572187456933e-08,2.7844881721236002e-08,1.0150726918519941,1.0021924269024374,3.0572657148178326,painting-pair-model,scale_dependent_camb
1,0.40720486,0.44933801,220,239,229.64456521739132,5.021548257783583e-06,5.053267165257128e-06,4.989007913785012e-06,6.981322802156266e-08,2.468270347528483e-08,1.006316559324981,0.9935198583528233,1.2850661802628527,painting-pair-model,scale_dependent_camb
1,0.40720486,0.44933801,240,259,249.633,4.4108861151771105e-06,4.470350849593569e-06,4.413536574748819e-06,5.237227667251125e-08,1.851639599065537e-08,1.0134813579094346,1.0006008905019308,3.2114637452379124,painting-pair-model,scale_dependent_camb
1,0.40720486,0.44933801,260,279,269.6231481481482,3.8919351013250185e-06,3.958489842046621e-06,3.908137887460746e-06,5.060745583205075e-08,1.7892437598720887e-08,1.0171006810208485,1.0041631696608226,3.7197134462193464,painting-pair-model,scale_dependent_camb
1,0.40720486,0.44933801,280,299,289.6146551724138,3.5071070217659298e-06,3.5591063806015063e-06,3.5138698621111134e-06,6.778597745006176e-08,2.3965962162148532e-08,1.0148268525918531,1.0019283244860255,2.1697171381545233,painting-pair-model,scale_dependent_camb
1,0.40720486,0.44933801,300,319,309.60725806451615,3.1813396555846707e-06,3.2122932514013546e-06,3.171474712196961e-06,3.179332199245109e-08,1.124063678865478e-08,1.0097297362645157,0.996899122867817,2.7537226225408746,painting-pair-model,scale_dependent_camb
1,0.40720486,0.44933801,320,339,329.6007575757576,2.875376382148716e-06,2.9412729382868744e-06,2.9038871764146064e-06,5.4661531818147115e-08,1.9325769909328028e-08,1.02291754100342,1.009915499912601,3.409776502945535,painting-pair-model,scale_dependent_camb
1,0.40720486,0.44933801,340,359,349.595,2.6151944125891512e-06,2.6598127119135686e-06,2.6259818255700857e-06,3.360349773538063e-08,1.1880630560137217e-08,1.0170611787443533,1.0041248990625729,3.75554976636712,painting-pair-model,scale_dependent_camb
1,0.40720486,0.44933801,360,379,369.58986486486486,2.403108033933989e-06,2.4406814013929614e-06,2.409691480015111e-06,3.07996674994973e-08,1.0889326873592728e-08,1.0156353218117553,1.0027395547716365,3.450476590071882,painting-pair-model,scale_dependent_camb
1,0.40720486,0.44933801,380,399,389.5852564102564,2.215132843013629e-06,2.2619648069883275e-06,2.233216371752857e-06,1.928420770464865e-08,6.817997018883463e-09,1.0211418308939815,1.0081636317190918,6.868874222882495,painting-pair-model,scale_dependent_camb
1,0.40720486,0.44933801,400,419,409.5810975609756,2.0424854305984426e-06,2.0732074675671953e-06,2.0468726375246704e-06,1.3599114824153249e-08,4.8080131551466326e-09,1.0150414962616165,1.0021479746491717,6.389757260931574,painting-pair-model,scale_dependent_camb
1,0.40720486,0.44933801,420,439,429.57732558139537,1.8923829044629606e-06,1.924514858484683e-06,1.9000397206364962e-06,3.170673775566999e-08,1.1210024638168891e-08,1.016979626029142,1.0040461241514484,2.866358911675965,painting-pair-model,scale_dependent_camb
1,0.40720486,0.44933801,440,459,449.5738888888889,1.763409417793852e-06,1.7946581626620683e-06,1.7718451023405344e-06,1.9729544418441746e-08,6.9754473240006785e-09,1.0177206407955508,1.004783735677921,4.479819489238703,painting-pair-model,scale_dependent_camb
1,0.40720486,0.44933801,460,479,469.5707446808511,1.646978233299783e-06,1.6813164391820002e-06,1.6599533920941514e-06,1.6902533754345645e-08,5.9759481184661595e-09,1.0208492165761167,1.007878160458971,5.746068272599193,painting-pair-model,scale_dependent_camb
1,0.40720486,0.44933801,480,499,489.5678571428571,1.5404403962965019e-06,1.5708050463278396e-06,1.5508328269030264e-06,1.7854337781682205e-08,6.3124616595113334e-09,1.0197116682374339,1.0067464022830808,4.810270805460757,painting-pair-model,scale_dependent_camb
1,0.40720486,0.44933801,500,519,509.56519607843137,1.4456689610190635e-06,1.4791967827465583e-06,1.4604262768118868e-06,1.1306556986267144e-08,3.997471558430815e-09,1.0231919081280272,1.0102079495311436,8.387257104252154,painting-pair-model,scale_dependent_camb
1,0.40720486,0.44933801,520,539,529.5627358490566,1.3613986150127076e-06,1.3914702723129824e-06,1.3737791356045464e-06,1.3970628128974084e-08,4.939362943716551e-09,1.022088796748184,1.0090939717841003,6.088165142537152,painting-pair-model,scale_dependent_camb
1,0.40720486,0.44933801,540,559,549.5604545454545,1.2845703509952614e-06,1.3137431161719906e-06,1.297072991783612e-06,8.12089624941567e-09,2.8711704036371097e-09,1.022710134290525,1.0097329358245455,10.160582994229149,painting-pair-model,scale_dependent_camb
1,0.40720486,0.44933801,560,579,569.5583333333333,1.2143025313054872e-06,1.238549854015406e-06,1.2228202740430196e-06,1.068739490857832e-08,3.778564706537156e-09,1.0199681068636584,1.0070145145200142,6.417072246498595,painting-pair-model,scale_dependent_camb
1,0.40720486,0.44933801,580,599,589.5563559322034,1.1506740403513888e-06,1.1752928413864969e-06,1.160354814297149e-06,1.4701737470433616e-08,5.197849130283984e-09,1.021395112926672,1.0084131331778408,4.736343902648642,painting-pair-model,scale_dependent_camb
1,0.40720486,0.44933801,600,619,609.5545081967213,1.0928539643396865e-06,1.1156023029750965e-06,1.101444509192219e-06,8.47503539022319e-09,2.9963774976113973e-09,1.0208155338020435,1.00786065213912,7.5919468269749695,painting-pair-model,scale_dependent_camb
1,0.40720486,0.44933801,620,639,629.5527777777778,1.0396547793608603e-06,1.0593942873077242e-06,1.0459253244205715e-06,1.1210363069945156e-08,3.963461873160731e-09,1.0189865985697666,1.0060313723210756,4.98037033749041,painting-pair-model,scale_dependent_camb
1,0.40720486,0.44933801,640,659,649.5511538461539,9.906813187610437e-07,1.0061888155013291e-06,9.934070522338002e-07,1.0944797583805524e-08,3.869570295111513e-09,1.0156533654633553,1.0027513726373334,4.007550078590444,painting-pair-model,scale_dependent_camb
1,0.40720486,0.44933801,660,679,669.5496268656716,9.457519978720311e-07,9.587628079643151e-07,9.465763100870777e-07,8.647995693782569e-09,3.057528199372858e-09,1.013757105585353,1.0008715944739228,4.255336089771074,painting-pair-model,scale_dependent_camb
1,0.40720486,0.44933801,680,699,689.5481884057971,9.04468201881764e-07,9.210835935706911e-07,9.09389599538798e-07,7.1148676822840085e-09,2.5154855926940184e-09,1.018370343649847,1.0054412058343178,6.605242239186319,painting-pair-model,scale_dependent_camb
1,0.40720486,0.44933801,700,719,709.5468309859154,8.662270216980432e-07,8.798726244525101e-07,8.686784490162318e-07,1.0760928095849585e-08,3.8045626142180415e-09,1.015752917436953,1.0028300055952806,3.5866416558560354,painting-pair-model,scale_dependent_camb
1,0.40720486,0.44933801,720,739,729.5455479452055,8.307242321221794e-07,8.467866302859347e-07,8.360282527222886e-07,5.0689281413415804e-09,1.792136731044977e-09,1.0193354154635914,1.0063848150746242,8.962707970607513,painting-pair-model,scale_dependent_camb
1,0.40720486,0.44933801,740,759,749.5443333333334,7.97795201051957e-07,8.084695986134347e-07,7.982031761169613e-07,5.162861419224372e-09,1.8253471599299782e-09,1.0133798718611027,1.0005113781888715,5.847872555863416,painting-pair-model,scale_dependent_camb
1,0.40720486,0.44933801,760,779,769.5431818181818,7.672300285997845e-07,7.745862139880143e-07,7.647401008527824e-07,7.3938761641003425e-09,2.614129987444465e-09,1.0095879789815514,0.9967546529017559,2.814009029222427,painting-pair-model,scale_dependent_camb
1,0.40720486,0.44933801,780,799,789.5420886075949,7.387665784815961e-07,7.43658633316247e-07,7.342123775282721e-07,3.3837924019069655e-09,1.1963512767579653e-09,1.0066219222378816,0.9938353993183012,4.089145830067647,painting-pair-model,scale_dependent_camb
1,0.40720486,0.44933801,800,819,809.5410493827161,7.122050356834603e-07,7.154294124327666e-07,7.063375535789772e-07,6.539305344806777e-09,2.311993576781153e-09,1.004527315292305,0.9917615267928394,1.3946304962470764,painting-pair-model,scale_dependent_camb
1,0.40720486,0.44933801,820,839,829.5400602409638,6.873689808699083e-07,6.898842006819892e-07,6.811168747312201e-07,4.297192037665261e-09,1.519286814946972e-09,1.0036591988903802,0.9909042940361146,1.6555266506203985,painting-pair-model,scale_dependent_camb
1,0.40720486,0.44933801,840,859,849.5391176470588,6.641156142240578e-07,6.709158782132521e-07,6.623899306279956e-07,4.969907269301218e-09,1.7571275659956042e-09,1.0102395785365468,0.9974015313612549,3.870102615652262,painting-pair-model,scale_dependent_camb
1,0.40720486,0.44933801,860,879,869.5382183908046,6.423151211923597e-07,6.462083002044916e-07,6.379935863590023e-07,6.270651543995611e-09,2.2170101146085953e-09,1.0060611666823362,0.9932719397523523,1.7560492784757913,painting-pair-model,scale_dependent_camb
1,0.40720486,0.44933801,880,899,889.5373595505617,6.218523075845283e-07,6.250582273042893e-07,6.171155509500066e-07,6.188976803426511e-09,2.188133733154564e-09,1.005155435914058,0.9923828269562579,1.46513884009237,painting-pair-model,scale_dependent_camb
1,0.40720486,0.44933801,900,919,909.5365384615385,6.026182907895455e-07,6.040832992421288e-07,5.964074921804894e-07,3.892342300038461e-09,1.3761508175282193e-09,1.002431071998601,0.9896936440463519,1.0645696924517778,painting-pair-model,scale_dependent_camb
1,0.40720486,0.44933801,920,939,929.535752688172,5.845116126741612e-07,5.851704322554007e-07,5.77737770332997e-07,3.1794471703071043e-09,1.1241043272742665e-09,1.0011271283015668,0.9884111073342519,0.5860840184086661,painting-pair-model,scale_dependent_camb
1,0.40720486,0.44933801,940,959,949.535,5.674449743808426e-07,5.666459919951526e-07,5.59444323723795e-07,4.989461151911978e-09,1.764040907491901e-09,0.998591964997907,0.98590057006712,-0.4529273568978328,painting-pair-model,scale_dependent_camb
1,0.40720486,0.44933801,960,979,969.5342783505155,5.51336141347136e-07,5.49885590938288e-07,5.428994615670411e-07,5.529068565424159e-09,1.9548209381283994e-09,0.9973690271686095,0.9846977566907175,-0.7420374831040867,painting-pair-model,scale_dependent_camb
1,0.40720486,0.44933801,980,999,989.5335858585859,5.361175714357377e-07,5.344871081515402e-07,5.276975707240709e-07,3.776122552010632e-09,1.3350609315590844e-09,0.9969587579831956,0.9842944884475288,-1.2212650716199738,painting-pair-model,scale_dependent_camb
1,0.40720486,0.44933801,1000,1019,1009.5329207920792,5.217220157095645e-07,5.173156508718759e-07,5.107431917415149e-07,2.4091350802559493e-09,8.517578760216896e-10,0.9915541903446499,0.9789565637686998,-5.173259868484499,painting-pair-model,scale_dependent_camb
1,0.40720486,0.44933801,1020,1039,1029.532281553398,5.080912079774524e-07,5.060256488839837e-07,4.995965964718278e-07,2.44148375049733e-09,8.631948580667134e-10,0.9959346686952307,0.9832813255331874,-2.3929233059786417,painting-pair-model,scale_dependent_camb
1,0.40720486,0.44933801,1040,1059,1049.5316666666668,4.951736291917332e-07,4.929492799216737e-07,4.866884434715977e-07,3.7229861738291273e-09,1.3162743848891671e-09,0.995507940772835,0.9828642213156913,-1.6898826685340271,painting-pair-model,scale_dependent_camb
1,0.40720486,0.44933801,1060,1079,1069.5310747663552,4.829121615329445e-07,4.778292192071788e-07,4.7175675468505395e-07,3.980268402845224e-09,1.407237389297203e-09,0.9894743956962472,0.9768997185482364,-3.6120006222292167,painting-pair-model,scale_dependent_camb
1,0.40720486,0.44933801,1080,1099,1089.530504587156,4.712746191480825e-07,4.671613145763095e-07,4.612253851036779e-07,4.5484761845419465e-09,1.6081291770775622e-09,0.9912719582072792,0.9786764794111541,-2.557819751301393,painting-pair-model,scale_dependent_camb
1,0.40720486,0.44933801,1100,1119,1109.529954954955,4.6020519995554704e-07,4.5542927288901444e-07,4.4964170822434594e-07,2.9691189932505986e-09,1.0497420871386366e-09,0.9896221792648281,0.9770461269620129,-4.549619497062098,painting-pair-model,scale_dependent_camb
1,0.40720486,0.44933801,1120,1139,1129.529424778761,4.496788087663483e-07,4.433431593203517e-07,4.377110788809248e-07,2.7096652994115854e-09,9.580113539799043e-10,0.9859107226703036,0.9733860487705529,-6.613334403267943,painting-pair-model,scale_dependent_camb
1,0.40720486,0.44933801,1140,1159,1149.5289130434783,4.396572929135624e-07,4.36137818910404e-07,4.3060005786114547e-07,3.791230344653072e-09,1.3404023428721993e-09,0.9919949604842553,0.9793993294358986,-2.6256847594110457,painting-pair-model,scale_dependent_camb
1,0.40720486,0.44933801,1160,1179,1169.5284188034188,4.3010101438990413e-07,4.246646402984948e-07,4.1926828538341454e-07,4.074947352932703e-09,1.440711453118443e-09,0.9873602388519804,0.9748135236977858,-3.773395484322827,painting-pair-model,scale_dependent_camb
1,0.40720486,0.44933801,1180,1199,1189.5279411764707,4.20998280318956e-07,4.165019116450639e-07,4.1120623471454284e-07,3.5361556314441176e-09,1.2502198131625667e-09,0.9893197457469766,0.9767408893048339,-3.5964624992768504,painting-pair-model,scale_dependent_camb
1,0.40720486,0.44933801,1200,1219,1209.527479338843,4.1230502614199044e-07,4.0705519102366977e-07,4.0187968550935603e-07,3.764621291955388e-09,1.3309946220704582e-09,0.9872671086078084,0.9747144954060198,-3.9442947636814387,painting-pair-model,scale_dependent_camb
1,0.40720486,0.44933801,1220,1239,1229.5270325203253,4.0400252606008425e-07,3.976910213461786e-07,3.9263709932281533e-07,4.510494427958846e-09,1.5947005982569188e-09,0.9843775612606764,0.9718679315000653,-3.957799176098888,painting-pair-model,scale_dependent_camb
1,0.40720486,0.44933801,1240,1259,1249.5266,3.9608078465563163e-07,3.9039073328707276e-07,3.854305163363647e-07,3.206613735329132e-09,1.133709158448577e-09,0.985634114077243,0.9731108684595071,-5.018969218124181,painting-pair-model,scale_dependent_camb
1,0.40720486,0.44933801,1260,1279,1269.5261811023622,3.884950571894736e-07,3.82781057505717e-07,3.779153876658225e-07,3.188354878581669e-09,1.1272536777371547e-09,0.9852919629786441,0.9727675569409079,-5.06895634638942,painting-pair-model,scale_dependent_camb
1,0.40720486,0.44933801,1280,1299,1289.5257751937984,3.8124311024898687e-07,3.755084286352905e-07,3.707374049680912e-07,2.767277499663819e-09,9.7838034271862e-10,0.984957940328545,0.9724435537365267,-5.861403140788205,painting-pair-model,scale_dependent_camb
1,0.40720486,0.44933801,1300,1319,1309.5253816793893,3.743126749731697e-07,3.6857531395316536e-07,3.6389228915635953e-07,4.0511631091676105e-09,1.4323024530925974e-09,0.9846722769395517,0.9721612798242617,-4.005690982108102,painting-pair-model,scale_dependent_camb
1,0.40720486,0.44933801,1320,1339,1329.525,3.6766249553720476e-07,3.618348487336578e-07,3.5723651048792023e-07,2.3600164900572696e-09,8.343918319157848e-10,0.9841494662243644,0.971642511336244,-6.984304712291486,painting-pair-model,scale_dependent_camb
1,0.40720486,0.44933801,1340,1359,1349.5246296296295,3.6129843557934145e-07,3.5646579584173646e-07,3.5193434439890576e-07,3.3535575213077257e-09,1.1856616322079213e-09,0.9866242439443286,0.9740821153420707,-4.075901257431868,painting-pair-model,scale_dependent_camb
1,0.40720486,0.44933801,1360,1379,1369.5242700729927,3.5521060426401777e-07,3.513927705652658e-07,3.469276212524219e-07,2.5503102432782813e-09,9.016708335757931e-10,0.989251915193629,0.976681487229927,-4.234176771152083,painting-pair-model,scale_dependent_camb
1,0.40720486,0.44933801,1380,1399,1389.5239208633093,3.4935900286367183e-07,3.44548167251998e-07,3.401689877739847e-07,1.9243485394767772e-09,6.803599508152289e-10,0.9862295358864671,0.9736946378528757,-7.071015285231513,painting-pair-model,scale_dependent_camb
1,0.40720486,0.44933801,1400,1419,1409.5235815602837,3.43751219732198e-07,3.393767968884768e-07,3.3506636032682525e-07,3.415497853694684e-09,1.2075608467378048e-09,0.9872744514270259,0.9747350441050397,-3.6225278879640554,painting-pair-model,scale_dependent_camb
1,0.40720486,0.44933801,1420,1439,1429.5232517482518,3.3838568347530027e-07,3.3346933073144777e-07,3.292314514258302e-07,2.5346579288347996e-09,8.961369047336681e-10,0.98547115618675,0.9729473423477791,-5.486162569449852,painting-pair-model,scale_dependent_camb
1,0.40720486,0.44933801,1440,1459,1449.5229310344828,3.332222712156206e-07,3.2940693464560743e-07,3.2521988702473496e-07,2.751567265053265e-09,9.728259360050429e-10,0.9885501753646462,0.9759848459057304,-3.9219108257752966,painting-pair-model,scale_dependent_camb
1,0.40720486,0.44933801,1460,1479,1469.522619047619,3.282637399183542e-07,3.2483068065745444e-07,3.2070000851414914e-07,3.165886416774401e-09,1.1193098768837795e-09,0.9895417652228247,0.9769583707110437,-3.0671213859539805,painting-pair-model,scale_dependent_camb
1,0.40720486,0.44933801,1480,1499,1489.5223154362416,3.235183111739281e-07,3.190070834947216e-07,3.149558134892241e-07,2.3260716224708317e-09,8.2239050888736e-10,0.9860557269143843,0.9735331899649394,-5.485505523780756,painting-pair-model,scale_dependent_camb
1,0.40720486,0.44933801,1500,1519,1509.5220198675497,3.189528302628165e-07,3.1627356862758067e-07,3.122555695616754e-07,1.6937366724266942e-09,5.988263433086267e-10,0.991599818590642,0.9790023474768274,-4.4741879931875115,painting-pair-model,scale_dependent_camb
1,0.40720486,0.44933801,1520,1539,1529.5217320261438,3.1455502109824716e-07,3.1027734420731136e-07,3.063342943320242e-07,1.77622344734983e-09,6.279898222618056e-10,0.9864008627934134,0.9738655363455306,-6.8116978003386475,painting-pair-model,scale_dependent_camb
1,0.40720486,0.44933801,1540,1559,1549.5214516129033,3.1034086085332884e-07,3.0706326572064804e-07,3.0316265773200166e-07,2.908065358783444e-09,1.0281563676647317e-09,0.9894387251370362,0.9768699387454503,-3.1878372159725625,painting-pair-model,scale_dependent_camb
1,0.40720486,0.44933801,1560,1579,1569.521178343949,3.062944899640625e-07,3.004044752957141e-07,2.965879025283677e-07,1.7888888605494352e-09,6.324677220417909e-10,0.9807700926352299,0.9683096243852324,-9.312751407034261,painting-pair-model,scale_dependent_camb
1,0.40720486,0.44933801,1580,1599,1589.5209119496856,3.0238469847706953e-07,2.984370081766831e-07,2.9464403220627345e-07,1.8089209805209697e-09,6.395501459784982e-10,0.9869448079870821,0.9744012633252238,-6.17260479918514,painting-pair-model,scale_dependent_camb
1,0.40720486,0.44933801,1600,1619,1609.520652173913,2.9862427832564326e-07,2.9501270813837905e-07,2.9126265758222634e-07,2.2233102892183206e-09,7.860588910940493e-10,0.9879059726573006,0.9753482175505194,-4.5945287664612104,painting-pair-model,scale_dependent_camb
1,0.40720486,0.44933801,1620,1639,1629.520398773006,2.9501803240272463e-07,2.9116699237388974e-07,2.874669556131106e-07,2.0716089522229583e-09,7.324243690418061e-10,0.9869464249440255,0.9744046940855935,-5.257935415055911,painting-pair-model,scale_dependent_camb
1,0.40720486,0.44933801,1640,1659,1649.5201515151516,2.915382639137046e-07,2.8699474924289906e-07,2.83349057306919e-07,1.4681138296024772e-09,5.190566222328316e-10,0.9844153744698486,0.9719103540754787,-8.7534085419441,painting-pair-model,scale_dependent_camb
1,0.40720486,0.44933801,1660,1679,1669.5199101796406,2.88171853692388e-07,2.842093734434989e-07,2.805996897760787e-07,1.7383684801859216e-09,6.146060702702088e-10,0.9862495930878841,0.9737234437739631,-6.447186971562112,painting-pair-model,scale_dependent_camb
1,0.40720486,0.44933801,1680,1699,1689.519674556213,2.8493299131964064e-07,2.8139512006029466e-07,2.7782047062434544e-07,1.4977438625945143e-09,5.295324208605568e-10,0.9875834972883952,0.9750379179948443,-6.681123043602294,painting-pair-model,scale_dependent_camb
1,0.40720486,0.44933801,1700,1719,1709.5194444444444,2.8181768813040506e-07,2.7920912184346234e-07,2.756617272159631e-07,1.4879967998474018e-09,5.260863137779898e-10,0.9907437808313307,0.9781562294571325,-4.958437843040979,painting-pair-model,scale_dependent_camb
1,0.40720486,0.44933801,1720,1739,1729.519219653179,2.787994927542735e-07,2.747749440361342e-07,2.7128265837540996e-07,1.6521767701291163e-09,5.841326989385929e-10,0.9855647200847442,0.9730385650827252,-6.889785018801654,painting-pair-model,scale_dependent_camb
1,0.40720486,0.44933801,1740,1759,1749.519,2.7587652389246043e-07,2.7294987450708023e-07,2.6948136401431494e-07,1.614603570758675e-09,5.708485669057363e-10,0.9893914518564797,0.976818760118065,-5.126840207805013,painting-pair-model,scale_dependent_camb
1,0.40720486,0.44933801,1760,1779,1769.5187853107345,2.7305762287201114e-07,2.6942163615871427e-07,2.6599714891653333e-07,2.162722765952403e-09,7.646379668157353e-10,0.986684177958287,0.9741429157654857,-4.755174175353342,painting-pair-model,scale_dependent_camb
1,0.40720486,0.44933801,1780,1799,1789.5185754189945,2.703367021512674e-07,2.6666511056754626e-07,2.632769257704288e-07,1.2801658222500058e-09,4.5260696697811576e-10,0.9864184494576445,0.9738852463440636,-8.112096922049078,painting-pair-model,scale_dependent_camb
1,0.40720486,0.44933801,1800,1819,1809.5183701657459,2.67692761483973e-07,2.6391889277403607e-07,2.6056617288567194e-07,1.4795644810841132e-09,5.231050388886658e-10,0.9859022384878237,0.9733777314007508,-7.214361226484291,painting-pair-model,scale_dependent_camb
1,0.40720486,0.44933801,1820,1839,1829.518169398907,2.6512522260647546e-07,2.612466593562307e-07,2.579256209436924e-07,1.962051307060958e-09,6.936898921293661e-10,0.9853708251062869,0.9728445238366875,-5.591206235309301,painting-pair-model,scale_dependent_camb
1,0.40720486,0.44933801,1840,1859,1849.517972972973,2.626405778329551e-07,2.596344275592773e-07,2.5633513638667633e-07,2.093146200699314e-09,7.400389362646716e-10,0.9885541286175902,0.9759921277271588,-4.062151498205324,painting-pair-model,scale_dependent_camb
1,0.40720486,0.44933801,1860,1879,1869.5177807486632,2.6023425676844293e-07,2.559832512766099e-07,2.52729966048774e-07,2.0103358233911637e-09,7.107610465910666e-10,0.9836646967827315,0.9711633248717664,-5.980920749978591,painting-pair-model,scale_dependent_camb
1,0.40720486,0.44933801,1880,1899,1889.5175925925926,2.5789031732211025e-07,2.5453378484349595e-07,2.512974890475261e-07,2.35700721003155e-09,8.33327890759447e-10,0.9869846510195964,0.9744355339004467,-4.027865280682422,painting-pair-model,scale_dependent_camb
1,0.40720486,0.44933801,1900,1919,1909.5174083769634,2.556046970715725e-07,2.5276083678554805e-07,2.4954850930235693e-07,1.4990737127935133e-09,5.300025939073941e-10,0.9888739905071926,0.9763064300515581,-5.365747863719628,painting-pair-model,scale_dependent_camb
1,0.40720486,0.44933801,1920,1939,1929.5172279792746,2.5338475771781014e-07,2.502767039633348e-07,2.4709568929131206e-07,1.802306903853462e-09,6.37211716747057e-10,0.9877338566752436,0.9751797681788654,-4.8775841259508566,painting-pair-model,scale_dependent_camb
1,0.40720486,0.44933801,1940,1959,1949.5170512820512,2.512269836437222e-07,2.4832142562406955e-07,2.451654333612089e-07,2.0229396576073513e-09,7.152171749126753e-10,0.9884345304890769,0.9758722164530325,-4.062483566627717,painting-pair-model,scale_dependent_camb
1,0.40720486,0.44933801,1960,1979,1969.5168781725888,2.491202522742428e-07,2.457411018070688e-07,2.426180123861881e-07,1.8878312879436896e-09,6.674491527205583e-10,0.9864356653611042,0.9738991919416621,-5.06278336469586,painting-pair-model,scale_dependent_camb
1,0.40720486,0.44933801,1980,1999,1989.5167085427136,2.470585571393097e-07,2.434941900235173e-07,2.404009219144675e-07,1.0200559889886284e-09,3.6064425350190466e-10,0.9855727842133291,0.9730523997956964,-9.883332622610524,painting-pair-model,scale_dependent_camb
2,0.36610056,0.40720486,20,39,30.608333333333334,3.661897690276599e-05,3.53183680002622e-05,3.566285455000763e-05,1.3749924895531294e-06,4.861332567217955e-07,0.9644826531894299,0.9738899763557802,-2.6754164306189554,painting-pair-model,scale_dependent_camb
2,0.36610056,0.40720486,40,59,50.165,2.8819258295564712e-05,2.8320340731107107e-05,2.8596655563187233e-05,9.21916181734422e-07,3.2594659189500963e-07,0.9826880497984783,0.9922759034915296,-1.530672744749273,painting-pair-model,scale_dependent_camb
2,0.36610056,0.40720486,60,79,69.975,2.341858610741276e-05,2.314587063377268e-05,2.3372719046761287e-05,7.577405178363588e-07,2.6790172927094766e-07,0.9883547421526974,0.9980414248562617,-1.0179683213775195,painting-pair-model,scale_dependent_camb
2,0.36610056,0.40720486,80,99,89.86944444444444,1.841355698820535e-05,1.8360488074852016e-05,1.8540114902939287e-05,2.4425270477258663e-07,8.635637193392589e-08,0.997117943405105,1.0068730835011945,-0.6145338457935494,painting-pair-model,scale_dependent_camb
2,0.36610056,0.40720486,100,119,109.80227272727272,1.434074455792521e-05,1.4362296904142284e-05,1.4502922009412467e-05,2.7771748412487654e-07,9.818795813938377e-08,1.0015028749818407,1.011308858534659,0.21950091055441848,painting-pair-model,scale_dependent_camb
2,0.36610056,0.40720486,120,139,129.75576923076923,1.1976479733478085e-05,1.186808665640527e-05,1.1984017163527983e-05,3.3184289627870185e-07,1.173241811236271e-07,0.990949504404886,1.0006293527161265,-0.9238766981769841,painting-pair-model,scale_dependent_camb
2,0.36610056,0.40720486,140,159,149.72166666666666,1.008461486028546e-05,9.917119229792762e-06,1.0014126454944554e-05,1.1567045793940764e-07,4.089568259595423e-08,0.9833909739922425,0.9930103026920246,-4.095680029296516,painting-pair-model,scale_dependent_camb
2,0.36610056,0.40720486,160,179,169.6955882352941,8.310792830030844e-06,8.32171273617351e-06,8.402994655289102e-06,1.469766612465787e-07,5.196409692180692e-08,1.0013139427688784,1.011094227367224,0.2101432871834123,painting-pair-model,scale_dependent_camb
2,0.36610056,0.40720486,180,199,189.675,7.107737076101308e-06,7.058390372231105e-06,7.127417594607286e-06,5.004191190407139e-08,1.7692487625454346e-08,0.9930573256520526,1.0027688866787365,-2.789133157239423,painting-pair-model,scale_dependent_camb
2,0.36610056,0.40720486,200,219,209.65833333333333,6.2460988550514284e-06,6.206794544129946e-06,6.267550839881673e-06,5.558563922381797e-08,1.965249121587531e-08,0.9937073825064912,1.003434461305859,-1.9999658307814105,painting-pair-model,scale_dependent_camb
2,0.36610056,0.40720486,220,239,229.64456521739132,5.420606010113796e-06,5.3860277350185925e-06,5.438585248687023e-06,7.881906220654181e-08,2.7866746686505016e-08,0.9936209576879989,1.0033168318338728,-1.2408436292977405,painting-pair-model,scale_dependent_camb
2,0.36610056,0.40720486,240,259,249.633,4.741882265960752e-06,4.741379873451698e-06,4.7877089031723396e-06,6.299814644245169e-08,2.227320827582038e-08,0.9998940520913688,1.0096642292324614,-0.022555911246926113,painting-pair-model,scale_dependent_camb
2,0.36610056,0.40720486,260,279,269.6231481481482,4.2458090339852655e-06,4.25024788741186e-06,4.29175736964686e-06,5.75065124307417e-08,2.033162245108297e-08,1.001045467045518,1.010822044819681,0.21832263693042675,painting-pair-model,scale_dependent_camb
2,0.36610056,0.40720486,280,299,289.6146551724138,3.8108191242328395e-06,3.8142227670277966e-06,3.851509744846412e-06,3.6007934694618235e-08,1.2730727399543453e-08,1.000893152543849,1.0106776572928435,0.26735650588819654,painting-pair-model,scale_dependent_camb
2,0.36610056,0.40720486,300,319,309.60725806451615,3.4168730622406414e-06,3.4317533949462976e-06,3.4652955159380314e-06,2.36465708565607e-08,8.360325302241128e-09,1.0043549562522813,1.0141715693897146,1.7798748455000084,painting-pair-model,scale_dependent_camb
2,0.36610056,0.40720486,320,339,329.6007575757576,3.0999617759780112e-06,3.1370313714093217e-06,3.167749289493987e-06,2.13623405180429e-08,7.55272792116214e-09,1.0119580814571867,1.0218672094737649,4.908106821568981,painting-pair-model,scale_dependent_camb
2,0.36610056,0.40720486,340,359,349.595,2.8345639621416657e-06,2.8548619431345682e-06,2.8827966218903363e-06,2.7565365216656906e-08,9.745828335290941e-09,1.0071608830366863,1.0170159009967192,2.0827353298847706,painting-pair-model,scale_dependent_camb
2,0.36610056,0.40720486,360,379,369.58986486486486,2.5930210485780328e-06,2.6225372720374393e-06,2.6481480263733544e-06,3.1655039911231596e-08,1.1191746689981335e-08,1.011382947884512,1.0212597494438205,2.637320543166773,painting-pair-model,scale_dependent_camb
2,0.36610056,0.40720486,380,399,389.5852564102564,2.382107436381568e-06,2.4084167166967263e-06,2.431961821742309e-06,2.8306683111585065e-08,1.0007923790550259e-08,1.0110445397690049,1.0209286888573212,2.628844989807004,painting-pair-model,scale_dependent_camb
2,0.36610056,0.40720486,400,419,409.5810975609756,2.2042224965605447e-06,2.2086293047227346e-06,2.230208987708578e-06,2.149462425499929e-08,7.599497284883419e-09,1.0019992574112033,1.0117894138130714,0.5798815365005439,painting-pair-model,scale_dependent_camb
2,0.36610056,0.40720486,420,439,429.57732558139537,2.045760272420882e-06,2.072587135984496e-06,2.092865618265834e-06,2.3178353553693018e-08,8.194785487277823e-09,1.0131133955064384,1.023025838598972,3.273650494605628,painting-pair-model,scale_dependent_camb
2,0.36610056,0.40720486,440,459,449.5738888888889,1.902115608567467e-06,1.9269220239183413e-06,1.945741363827683e-06,2.4597302215230942e-08,8.696459597642343e-09,1.0130414866683928,1.022935385769255,2.8524729026050424,painting-pair-model,scale_dependent_camb
2,0.36610056,0.40720486,460,479,469.5707446808511,1.7760571977585647e-06,1.7897192239659925e-06,1.8072532939749029e-06,1.4769104137349195e-08,5.221666843784955e-09,1.0076923345850965,1.017564803800074,2.6164109308675956,painting-pair-model,scale_dependent_camb
2,0.36610056,0.40720486,480,499,489.5678571428571,1.664623848418686e-06,1.6819960167266127e-06,1.6984502285100165e-06,1.8857884235020626e-08,6.667268910706986e-09,1.010436092408762,1.0203207349957553,2.6055898660437435,painting-pair-model,scale_dependent_camb
2,0.36610056,0.40720486,500,519,509.56519607843137,1.5634230818504722e-06,1.580184735800502e-06,1.5956155512539434e-06,1.8537924065362488e-08,6.554145907869553e-09,1.0107211247835683,1.0205910158147136,2.5574123899048447,painting-pair-model,scale_dependent_camb
2,0.36610056,0.40720486,520,539,529.5627358490566,1.4720942478076868e-06,1.4880869672269922e-06,1.502647339256825e-06,9.207324670621662e-09,3.255280855591386e-09,1.0108639235858183,1.0207548473846966,4.912853952934866,painting-pair-model,scale_dependent_camb
2,0.36610056,0.40720486,540,559,549.5604545454545,1.3902180225628453e-06,1.4079941609210517e-06,1.4217687253834468e-06,1.1346771330155495e-08,4.011689476063026e-09,1.012786583161565,1.0226947876581531,4.431085323097189,painting-pair-model,scale_dependent_camb
2,0.36610056,0.40720486,560,579,569.5583333333333,1.3158963637661966e-06,1.3263636299292237e-06,1.3393432640019309e-06,1.5690267791086652e-08,5.5473473768551215e-09,1.0079544760904036,1.017818196691894,1.8868957452888437,painting-pair-model,scale_dependent_camb
2,0.36610056,0.40720486,580,599,589.5563559322034,1.2479008155831977e-06,1.2577250979955097e-06,1.2700227677952615e-06,9.372244494895723e-09,3.313588818639527e-09,1.007872646839902,1.017727332121123,2.9648465606380237,painting-pair-model,scale_dependent_camb
2,0.36610056,0.40720486,600,619,609.5545081967213,1.1860000801575833e-06,1.1957190188402474e-06,1.2073952691443462e-06,1.9670030885475382e-08,6.954406112634236e-09,1.0081947200892032,1.0180397871338425,1.3975224519901746,painting-pair-model,scale_dependent_camb
2,0.36610056,0.40720486,620,639,629.5527777777778,1.1296256480790578e-06,1.1363557641111024e-06,1.1474573441439711e-06,1.2193186880213451e-08,4.3109425636368876e-09,1.0059578286341933,1.0157854914990965,1.561170424494541,painting-pair-model,scale_dependent_camb
2,0.36610056,0.40720486,640,659,649.5511538461539,1.0778128850059363e-06,1.0837281245720135e-06,1.0943195580649995e-06,8.675308234121566e-09,3.067184640615426e-09,1.0054881878370239,1.0153149709830869,1.9285567251961204,painting-pair-model,scale_dependent_camb
2,0.36610056,0.40720486,660,679,669.5496268656716,1.0300566347699402e-06,1.0363958880173555e-06,1.0465348128197006e-06,5.263930532158068e-09,1.8610804874919405e-09,1.0061542764091134,1.0159973514984841,3.406221971602313,painting-pair-model,scale_dependent_camb
2,0.36610056,0.40720486,680,699,689.5481884057971,9.860835001949476e-07,9.800087403215207e-07,9.895885368219374e-07,8.321362712451305e-09,2.9420460013436e-09,0.9938395076357874,1.0035545028654236,-2.06480791620957,painting-pair-model,scale_dependent_camb
2,0.36610056,0.40720486,700,719,709.5468309859154,9.455379670414406e-07,9.484512206943528e-07,9.57723698101851e-07,8.753672484649412e-09,3.0948905870908465e-09,1.00308105412417,1.0128876168754377,0.9413107090323957,painting-pair-model,scale_dependent_camb
2,0.36610056,0.40720486,720,739,729.5455479452055,9.079976924931869e-07,9.035461462239086e-07,9.123689114453552e-07,1.0632447275957654e-08,3.759137784719046e-09,0.9950974035439946,1.0048141300229143,-1.184193430571726,painting-pair-model,scale_dependent_camb
2,0.36610056,0.40720486,740,759,749.5443333333334,8.731732455115376e-07,8.680574157476048e-07,8.765435588225522e-07,6.572254589636986e-09,2.3236428940083612e-09,0.9941411056852346,1.0038598449143277,-2.201641989448639,painting-pair-model,scale_dependent_camb
2,0.36610056,0.40720486,760,779,769.5431818181818,8.40803563357261e-07,8.417282970991071e-07,8.499578507251452e-07,5.5751248623200714e-09,1.9711042980541197e-09,1.0010998213877136,1.0108875458749627,0.4691450080845379,painting-pair-model,scale_dependent_camb
2,0.36610056,0.40720486,780,799,789.5420886075949,8.106652438103092e-07,8.100865850778688e-07,8.180022525952943e-07,6.719099857806808e-09,2.3755605364623805e-09,0.9992861927449602,1.0090506023799657,-0.2435882915036753,painting-pair-model,scale_dependent_camb
2,0.36610056,0.40720486,800,819,809.5410493827161,7.825654547348163e-07,7.770077307919778e-07,7.845953519814237e-07,7.006090799708666e-09,2.47702715704134e-09,0.9928980714530495,1.0025939009118352,-2.243707311419562,painting-pair-model,scale_dependent_camb
2,0.36610056,0.40720486,820,839,829.5400602409638,7.56325772910135e-07,7.488101157659832e-07,7.56123831437477e-07,7.889491935195523e-09,2.7893566237466656e-09,0.9900629366162764,0.999732996706061,-2.694405254662887,painting-pair-model,scale_dependent_camb
2,0.36610056,0.40720486,840,859,849.5391176470588,7.317774525544538e-07,7.277360964016836e-07,7.348388162599941e-07,1.0482545632708734e-08,3.7061395504928868e-09,0.9944773426146668,1.0041834627383692,-1.0904489962426618,painting-pair-model,scale_dependent_camb
2,0.36610056,0.40720486,860,879,869.5382183908046,7.087830667693342e-07,7.023782704672916e-07,7.092414919850239e-07,7.086281520410536e-09,2.505378858239604e-09,0.9909636719578587,1.000646777889008,-2.5564182762134924,painting-pair-model,scale_dependent_camb
2,0.36610056,0.40720486,880,899,889.5373595505617,6.87202605097265e-07,6.842641895760836e-07,6.909587088587499e-07,3.04952623957111e-09,1.0781703417035219e-09,0.9957240914114907,1.005465788013061,-2.7253722417727353,painting-pair-model,scale_dependent_camb
2,0.36610056,0.40720486,900,919,909.5365384615385,6.669368770104609e-07,6.577503744640852e-07,6.641784394540956e-07,5.38584572784385e-09,1.904184018291491e-09,0.9862258290656318,0.9958640200423015,-4.824377506654133,painting-pair-model,scale_dependent_camb
2,0.36610056,0.40720486,920,939,929.535752688172,6.478639334698737e-07,6.386590866892973e-07,6.449045739507077e-07,3.327690843869049e-09,1.1765163806960946e-09,0.9857920061527788,0.9954321280036131,-7.823815232500528,painting-pair-model,scale_dependent_camb
2,0.36610056,0.40720486,940,959,949.535,6.299129461063692e-07,6.210663514426573e-07,6.271360100061129e-07,4.886476225776743e-09,1.7276302376767909e-09,0.9859558456158194,0.9955915557579486,-5.120652828818416,painting-pair-model,scale_dependent_camb
2,0.36610056,0.40720486,960,979,969.5342783505155,6.129739006831116e-07,6.030198820731893e-07,6.089134010187625e-07,4.200767132948904e-09,1.4851954629468707e-09,0.9837611053279277,0.9933757380863623,-6.702160663871103,painting-pair-model,scale_dependent_camb
2,0.36610056,0.40720486,980,999,989.5335858585859,5.969953945455884e-07,5.883768620024821e-07,5.941290572642361e-07,2.803510829278651e-09,9.911907592564277e-10,0.9855634857122032,0.9951987279842684,-8.695130036898005,painting-pair-model,scale_dependent_camb
2,0.36610056,0.40720486,1000,1019,1009.5329207920792,5.818877713831012e-07,5.713159003921167e-07,5.768995348916079e-07,3.821625538506316e-09,1.3511486667167538e-09,0.9818317697829324,0.991427493862542,-7.824358082426176,painting-pair-model,scale_dependent_camb
2,0.36610056,0.40720486,1020,1039,1029.532281553398,5.675987075078699e-07,5.572315090929094e-07,5.626802523768047e-07,3.3099563843995466e-09,1.170246302420313e-09,0.9817349858661955,0.9913346259143887,-8.85898839715957,painting-pair-model,scale_dependent_camb
2,0.36610056,0.40720486,1040,1059,1049.5316666666668,5.540762920758259e-07,5.457865210900131e-07,5.511209777130717e-07,3.2256394384076546e-09,1.1404357602804097e-09,0.9850385748237748,0.9946662320604223,-7.2689504087231445,painting-pair-model,scale_dependent_camb
2,0.36610056,0.40720486,1060,1079,1069.5310747663552,5.412446606567773e-07,5.311337693290612e-07,5.363291544708814e-07,3.456047638029635e-09,1.2218973604772525e-09,0.9813191850882242,0.9909181437837538,-8.274746844339678,painting-pair-model,scale_dependent_camb
2,0.36610056,0.40720486,1080,1099,1089.530504587156,5.290977848133569e-07,5.167399471511573e-07,5.217966755670724e-07,3.3776338308113235e-09,1.1941738930658914e-09,0.9766435656755605,0.9862008319523394,-10.348440653372844,painting-pair-model,scale_dependent_camb
2,0.36610056,0.40720486,1100,1119,1109.529954954955,5.175426555820287e-07,5.069462387453307e-07,5.119034703278334e-07,2.6675730704675758e-09,9.431295037191214e-10,0.9795255198341454,0.9891039217862082,-11.235378381136648,painting-pair-model,scale_dependent_camb
2,0.36610056,0.40720486,1120,1139,1129.529424778761,5.065804784195586e-07,4.978057125321167e-07,5.026740324679231e-07,2.878673671689829e-09,1.0177648370375276e-09,0.9826784365737551,0.9922885975317824,-8.621604488698152,painting-pair-model,scale_dependent_camb
2,0.36610056,0.40720486,1140,1159,1149.5289130434783,4.961617834799852e-07,4.861214783295986e-07,4.908729962167409e-07,3.9664015470388485e-09,1.4023347154099911e-09,0.97976404978238,0.9893405992977741,-7.159706623572498,painting-pair-model,scale_dependent_camb
2,0.36610056,0.40720486,1160,1179,1169.5284188034188,4.862293926691972e-07,4.7591818412777944e-07,4.805707301796772e-07,3.6024200206622703e-09,1.2736478126462368e-09,0.9787935310022836,0.9883621546232401,-8.095808306689074,painting-pair-model,scale_dependent_camb
2,0.36610056,0.40720486,1180,1199,1189.5279411764707,4.768060937738813e-07,4.6600283900174636e-07,4.705561975123749e-07,4.2454196512855296e-09,1.5009825122033127e-09,0.9773424565809803,0.9868921636214022,-7.197455456210929,painting-pair-model,scale_dependent_camb
2,0.36610056,0.40720486,1200,1219,1209.527479338843,4.678091866968079e-07,4.589640800616689e-07,4.634496784283024e-07,5.226323655265771e-09,1.8477844486570454e-09,0.9810924905139333,0.9906810118473989,-4.786871456553057,painting-pair-model,scale_dependent_camb
2,0.36610056,0.40720486,1220,1239,1229.5270325203253,4.592324490465567e-07,4.511535281235725e-07,4.555578952875957e-07,4.6678279352578975e-09,1.6503263932164299e-09,0.9824077742333814,0.991998488419993,-4.895347342314892,painting-pair-model,scale_dependent_camb
2,0.36610056,0.40720486,1240,1259,1249.5266,4.510840564665832e-07,4.4276856560207094e-07,4.470963756781465e-07,2.3527521532196645e-09,8.318235009964379e-10,0.9815655402905417,0.9911597833457629,-9.996701048420949,painting-pair-model,scale_dependent_camb
2,0.36610056,0.40720486,1260,1279,1269.5261811023622,4.432779608395969e-07,4.3412385081315673e-07,4.3836876109524116e-07,1.868766520901469e-09,6.607087396919103e-10,0.979349052208457,0.9889252338756986,-13.854985527675543,painting-pair-model,scale_dependent_camb
2,0.36610056,0.40720486,1280,1299,1289.5257751937984,4.3583865242878105e-07,4.265573159562252e-07,4.3072491394788256e-07,3.4041736193864973e-09,1.2035571253022727e-09,0.9787046504002477,0.988266900027335,-7.711587823656339,painting-pair-model,scale_dependent_camb
2,0.36610056,0.40720486,1300,1319,1309.5253816793893,4.2875875077721335e-07,4.2044104129034483e-07,4.245469640214461e-07,5.229992387797199e-09,1.8490815414827113e-09,0.9806004904347936,0.9901767911485596,-4.498292422625584,painting-pair-model,scale_dependent_camb
2,0.36610056,0.40720486,1320,1339,1329.525,4.2195961854932574e-07,4.137886619017549e-07,4.178359856619022e-07,1.9892919958324557e-09,7.033209300066253e-10,0.9806356905059727,0.9902274229425072,-11.617678784980676,painting-pair-model,scale_dependent_camb
2,0.36610056,0.40720486,1340,1359,1349.5246296296295,4.154761469457197e-07,4.061979853144522e-07,4.101675474618812e-07,2.8028783532875868e-09,9.909671452253181e-10,0.9776686057684085,0.9872228537718387,-9.362733846395985,painting-pair-model,scale_dependent_camb
2,0.36610056,0.40720486,1360,1379,1369.5242700729927,4.0929992010736404e-07,4.005011743979916e-07,4.0441568902623854e-07,2.317906559920046e-09,8.195037233381234e-10,0.9785029381215994,0.9880668652956387,-10.736675696276388,painting-pair-model,scale_dependent_camb
2,0.36610056,0.40720486,1380,1399,1389.5239208633093,4.0335590226523417e-07,3.959988769714046e-07,3.99873829180273e-07,2.353295000955853e-09,8.320154266541431e-10,0.981760462032382,0.9913672440011266,-8.842414525190994,painting-pair-model,scale_dependent_camb
2,0.36610056,0.40720486,1400,1419,1409.5235815602837,3.976750777815003e-07,3.897168622681054e-07,3.935259481010115e-07,2.052136905727248e-09,7.25539960981458e-10,0.9799881462077251,0.989566533302425,-10.968679799014295,painting-pair-model,scale_dependent_camb
2,0.36610056,0.40720486,1420,1439,1429.5232517482518,3.9226327154576636e-07,3.8406937122691385e-07,3.878232558506721e-07,2.725662076171339e-09,9.636670686418788e-10,0.9791112221988989,0.9886810312941159,-8.502833172872027,painting-pair-model,scale_dependent_camb
2,0.36610056,0.40720486,1440,1459,1449.5229310344828,3.8704663535938765e-07,3.790136053070397e-07,3.827172686346361e-07,3.1892556065787528e-09,1.1275721331745259e-09,0.9792453174411684,0.9888143538033045,-7.124182849155766,painting-pair-model,scale_dependent_camb
2,0.36610056,0.40720486,1460,1479,1469.522619047619,3.82040042989222e-07,3.7483824376671725e-07,3.7849739063549125e-07,4.21149906837796e-09,1.4889897751054413e-09,0.9811490984919926,0.9907270129957799,-4.836701596553771,painting-pair-model,scale_dependent_camb
2,0.36610056,0.40720486,1480,1499,1489.5223154362416,3.7726717252706207e-07,3.7105511471176454e-07,3.7467852632915813e-07,4.167278673864294e-09,1.4733555046917626e-09,0.9835340621510027,0.9931384271242994,-4.216265385723823,painting-pair-model,scale_dependent_camb
2,0.36610056,0.40720486,1500,1519,1509.5220198675497,3.7266949048834283e-07,3.654990092840209e-07,3.690705832843591e-07,2.5519901358830665e-09,9.022647653020476e-10,0.9807591407739715,0.9903428982091671,-7.947202949814313,painting-pair-model,scale_dependent_camb
2,0.36610056,0.40720486,1520,1539,1529.5217320261438,3.682295095818129e-07,3.603353664057692e-07,3.638535826005432e-07,4.064318431958912e-09,1.436953562069811e-09,0.9785618942245862,0.9881163055447695,-5.4936661729505145,painting-pair-model,scale_dependent_camb
2,0.36610056,0.40720486,1540,1559,1549.5214516129033,3.639841358203487e-07,3.567879927654089e-07,3.602733151718004e-07,3.297716106037476e-09,1.1659187105035974e-09,0.9802295145673833,0.9898049934506491,-6.1720795713378065,painting-pair-model,scale_dependent_camb
2,0.36610056,0.40720486,1560,1579,1569.521178343949,3.599039224044544e-07,3.537741170291062e-07,3.572299076496934e-07,3.2952860399461152e-09,1.1650595523976312e-09,0.9829682173664681,0.9925701983548932,-5.2613665651110955,painting-pair-model,scale_dependent_camb
2,0.36610056,0.40720486,1580,1599,1589.5209119496856,3.5594813274128936e-07,3.491895939407945e-07,3.5259887768168086e-07,4.56967364455443e-09,1.615623610936941e-09,0.9810125740836316,0.99059060927272,-4.183238444117206,painting-pair-model,scale_dependent_camb
2,0.36610056,0.40720486,1600,1619,1609.520652173913,3.521358947341457e-07,3.455110566548683e-07,3.4888477255715253e-07,3.757010771539617e-09,1.328303896773283e-09,0.9811867004234858,0.9907674218231922,-4.98744157520763,painting-pair-model,scale_dependent_camb
2,0.36610056,0.40720486,1620,1639,1629.520398773006,3.4847536606276687e-07,3.417940610620514e-07,3.4513630416480034e-07,2.0215008398832064e-09,7.147084760278582e-10,0.9808270378586473,0.990418083390821,-9.348294059485905,painting-pair-model,scale_dependent_camb
2,0.36610056,0.40720486,1640,1659,1649.5201515151516,3.44929358109084e-07,3.378611374592232e-07,3.4116300194068573e-07,2.8649387381420026e-09,1.0129088047121202e-09,0.9795082080324822,0.9890807897911458,-6.978141188011163,painting-pair-model,scale_dependent_camb
2,0.36610056,0.40720486,1660,1679,1669.5199101796406,3.4148368832194e-07,3.343031355086945e-07,3.375717279323092e-07,2.4157972356094916e-09,8.541133036355935e-10,0.9789724866551285,0.9885442247363138,-8.40702607333359,painting-pair-model,scale_dependent_camb
2,0.36610056,0.40720486,1680,1699,1689.519674556213,3.3815756425952836e-07,3.305142360832962e-07,3.337413500837443e-07,3.390463440518386e-09,1.1987098450778118e-09,0.9773971397239953,0.9869403655498455,-6.3762954877008,painting-pair-model,scale_dependent_camb
2,0.36610056,0.40720486,1700,1719,1709.5194444444444,3.3494250797263676e-07,3.278226915752821e-07,3.3102664490690724e-07,1.7164686615455268e-09,6.068633151365194e-10,0.9787431686696025,0.9883088501085403,-11.732158164401437,painting-pair-model,scale_dependent_camb
2,0.36610056,0.40720486,1720,1739,1729.519219653179,3.318124046831733e-07,3.2497254494684e-07,3.2814626728882547e-07,3.0626102162148937e-09,1.0827962260083748e-09,0.9793863651876902,0.9889511743906971,-6.316848518716947,painting-pair-model,scale_dependent_camb
2,0.36610056,0.40720486,1740,1759,1749.519,3.287638771801598e-07,3.2204106873021493e-07,3.251847781633541e-07,3.947504748330054e-09,1.3956536881551384e-09,0.9795512557291662,0.9891134663348541,-4.8169603297731385,painting-pair-model,scale_dependent_camb
2,0.36610056,0.40720486,1760,1779,1769.5187853107345,3.258081590571766e-07,3.187701177667178e-07,3.218840774524526e-07,3.0692076703853733e-09,1.0851287782996317e-09,0.9783982042965852,0.9879558522534257,-6.485904190548907,painting-pair-model,scale_dependent_camb
2,0.36610056,0.40720486,1780,1799,1789.5185754189945,3.2293339248590433e-07,3.158932842334861e-07,3.1898041748890524e-07,2.5746626663267155e-09,9.102807153137289e-10,0.9781995036244958,0.987759163068986,-7.733996924225548,painting-pair-model,scale_dependent_camb
2,0.36610056,0.40720486,1800,1819,1809.5183701657459,3.201252204662074e-07,3.1328930098996713e-07,3.163511171089568e-07,1.9933211854519865e-09,7.047454636579536e-10,0.9786461077128353,0.9882105403886821,-9.699841756708405,painting-pair-model,scale_dependent_camb
2,0.36610056,0.40720486,1820,1839,1829.518169398907,3.173819407560956e-07,3.1166948998448287e-07,3.147167239273673e-07,2.3176530900404777e-09,8.194141082027889e-10,0.9820013364402398,0.9916024937575876,-6.971384449483997,painting-pair-model,scale_dependent_camb
2,0.36610056,0.40720486,1840,1859,1849.517972972973,3.147085748919236e-07,3.0758261829138794e-07,3.105889561125259e-07,1.7788728050859187e-09,6.289265116722943e-10,0.9773569671465646,0.9869097345669324,-11.330348567415243,painting-pair-model,scale_dependent_camb
2,0.36610056,0.40720486,1860,1879,1869.5177807486632,3.120952301591367e-07,3.0661981928979e-07,3.096153906545063e-07,2.4737747517356637e-09,8.746114510401779e-10,0.9824559610649775,0.9920542217086563,-6.260392386624687,painting-pair-model,scale_dependent_camb
2,0.36610056,0.40720486,1880,1899,1889.5175925925926,3.09534681375522e-07,3.03791288823391e-07,3.0676023414918667e-07,1.5805527366277644e-09,5.588097790462237e-10,0.9814450757937422,0.9910367160991262,-10.277902727353485,painting-pair-model,scale_dependent_camb
2,0.36610056,0.40720486,1900,1919,1909.5174083769634,3.0702609957267183e-07,3.0023433031177813e-07,3.0316742825483025e-07,2.3335781998736403e-09,8.250444847798738e-10,0.9778788537184732,0.9874321065107748,-8.232003711540209,painting-pair-model,scale_dependent_camb
2,0.36610056,0.40720486,1920,1939,1929.5172279792746,3.045703896191861e-07,2.9897280104239647e-07,3.018954406951026e-07,1.5107547466172439e-09,5.341324630214087e-10,0.9816213631804837,0.9912173047175464,-10.479776018716262,painting-pair-model,scale_dependent_camb
2,0.36610056,0.40720486,1940,1959,1949.5170512820512,3.021601143244444e-07,2.965871077344284e-07,2.9948569981605346e-07,1.9116228734313807e-09,6.758607484373212e-10,0.9815561143717599,0.9911490154338527,-8.245791167635538,painting-pair-model,scale_dependent_camb
2,0.36610056,0.40720486,1960,1979,1969.5168781725888,2.997903358199188e-07,2.940742636370049e-07,2.9695066353292263e-07,1.943142365681236e-09,6.870045717920359e-10,0.9809331005708354,0.9905278057772284,-8.32028259725205,painting-pair-model,scale_dependent_camb
2,0.36610056,0.40720486,1980,1999,1989.5167085427136,2.9746328784486277e-07,2.922980722352824e-07,2.9515681506848996e-07,1.5719824060978133e-09,5.557797096288545e-10,0.9826357879420932,0.9922461934947222,-9.29363832484938,painting-pair-model,scale_dependent_camb
3,0.32596586,0.36610056,20,39,30.608333333333334,4.5108902111255335e-05,4.598234522765432e-05,4.639419690454641e-05,2.0549290095060904e-06,7.26527118739356e-07,1.0193629876924237,1.0284931517535287,1.2022168118301657,painting-pair-model,scale_dependent_camb
3,0.32596586,0.36610056,40,59,50.165,3.4809170562970294e-05,3.499800980426413e-05,3.531065887483861e-05,7.383694684283759e-07,2.6105302907340546e-07,1.0054249853771213,1.014406787170097,0.7233750244695923,painting-pair-model,scale_dependent_camb
3,0.32596586,0.36610056,60,79,69.975,2.7582402754989496e-05,2.772297351461477e-05,2.7971109004953325e-05,4.809704869776454e-07,1.7004874644624456e-07,1.0050963928296583,1.014092544924989,0.8266497846234405,painting-pair-model,scale_dependent_camb
3,0.32596586,0.36610056,80,99,89.86944444444444,2.079866459716341e-05,2.0542949278735802e-05,2.0726785384533898e-05,4.102090236955182e-07,1.4503079117950704e-07,0.9877052049552025,0.9965440467442648,-1.763179503800031,painting-pair-model,scale_dependent_camb
3,0.32596586,0.36610056,100,119,109.80227272727272,1.641481670984592e-05,1.6454046871428263e-05,1.66011565097783e-05,4.4424534753504523e-07,1.5706444887630248e-07,1.0023899238277094,1.011351926934439,0.24977110901295593,painting-pair-model,scale_dependent_camb
3,0.32596586,0.36610056,120,139,129.75576923076923,1.3664914007152695e-05,1.348919902638812e-05,1.360958750262921e-05,2.920289499851061e-07,1.0324782541862782e-07,0.9871411572240704,0.9959511999494087,-1.7018758511583378,painting-pair-model,scale_dependent_camb
3,0.32596586,0.36610056,140,159,149.72166666666666,1.1059076380897472e-05,1.1007669166467902e-05,1.1106188324047727e-05,1.1861808365519487e-07,4.193782566197073e-08,0.9953515815734516,1.0042600251167115,-1.2257958923270196,painting-pair-model,scale_dependent_camb
3,0.32596586,0.36610056,160,179,169.6955882352941,9.224995975709007e-06,9.216888873513669e-06,9.299521277692295e-06,1.1214571814469054e-07,3.964949889057296e-08,0.9991211809504649,1.0080786270454236,-0.20446922211331484,painting-pair-model,scale_dependent_camb
3,0.32596586,0.36610056,180,199,189.675,7.988296781006807e-06,7.987846070960333e-06,8.059252933779492e-06,1.4277992531972138e-07,5.0480326705441905e-08,0.9999435787053449,1.0088825133464485,-0.008928429665355314,painting-pair-model,scale_dependent_camb
3,0.32596586,0.36610056,200,219,209.65833333333333,6.831693122144845e-06,6.8283407855626894e-06,6.889570126159448e-06,1.1474540437985352e-07,4.05686267734935e-08,0.9995092963746735,1.0084718389687317,-0.08263372090143403,painting-pair-model,scale_dependent_camb
3,0.32596586,0.36610056,220,239,229.64456521739132,5.920255678015116e-06,5.9790629001689845e-06,6.0324954235832e-06,9.162029073243723e-08,3.239266443559468e-08,1.0099332233863225,1.0189585976809898,1.8154487498486784,painting-pair-model,scale_dependent_camb
3,0.32596586,0.36610056,240,259,249.633,5.254195553284935e-06,5.296314843399011e-06,5.34369637845479e-06,6.827020238958408e-08,2.4137161531326468e-08,1.0080163156637258,1.0170341633199966,1.744997648518511,painting-pair-model,scale_dependent_camb
3,0.32596586,0.36610056,260,279,269.6231481481482,4.654811644676954e-06,4.7104522633367254e-06,4.75246332770837e-06,8.085914551625656e-08,2.8588025057747413e-08,1.0119533555613147,1.0209786540220347,1.9462910973170817,painting-pair-model,scale_dependent_camb
3,0.32596586,0.36610056,280,299,289.6146551724138,4.14860351957238e-06,4.1522859502553644e-06,4.189425267112374e-06,7.305293667846798e-08,2.5828113455468083e-08,1.0008876313838166,1.0098398768037011,0.14257451243326197,painting-pair-model,scale_dependent_camb
3,0.32596586,0.36610056,300,319,309.60725806451615,3.7499053249317703e-06,3.7888953747575767e-06,3.822798806275104e-06,4.983902828957941e-08,1.762075743565489e-08,1.010397609125376,1.019438752455613,2.212734042119648,painting-pair-model,scale_dependent_camb
3,0.32596586,0.36610056,320,339,329.6007575757576,3.3985273585848768e-06,3.41523193825008e-06,3.4458147510796376e-06,3.430004469495402e-08,1.2126897099401826e-08,1.0049152406035533,1.013914083220578,1.3774817686898073,painting-pair-model,scale_dependent_camb
3,0.32596586,0.36610056,340,359,349.595,3.0899734320653073e-06,3.1124951221119394e-06,3.140349400640335e-06,3.8177032064256107e-08,1.3497619129105874e-08,1.0072886354985837,1.016303042625631,1.6685676067171664,painting-pair-model,scale_dependent_camb
3,0.32596586,0.36610056,360,379,369.58986486486486,2.834434845262794e-06,2.8651716754785215e-06,2.8908328331274597e-06,2.4306458027951425e-08,8.593630649095324e-09,1.0108440771771834,1.0198974366826332,3.5766990077660767,painting-pair-model,scale_dependent_camb
3,0.32596586,0.36610056,380,399,389.5852564102564,2.6105772823502155e-06,2.631105976515367e-06,2.654664916725094e-06,3.047578692214307e-08,1.0774817797321833e-08,1.0078636607711036,1.0168880786150059,1.9052474530245735,painting-pair-model,scale_dependent_camb
3,0.32596586,0.36610056,400,419,409.5810975609756,2.4101096865408803e-06,2.4591121835238417e-06,2.481102985841811e-06,2.664403794533464e-08,9.420089954668904e-09,1.020332060925116,1.029456459885369,5.201913911519942,painting-pair-model,scale_dependent_camb
3,0.32596586,0.36610056,420,439,429.57732558139537,2.237018681432832e-06,2.2629613453976913e-06,2.283234214412348e-06,1.794965027665806e-08,6.346159715275951e-09,1.0115969813663974,1.0206594309484778,4.0879311471490904,painting-pair-model,scale_dependent_camb
3,0.32596586,0.36610056,440,459,449.5738888888889,2.084624099749308e-06,2.1226238201653097e-06,2.141628905206928e-06,1.6533347165083083e-08,5.845420948070814e-09,1.018228571962001,1.0273453643102732,6.500767139540725,painting-pair-model,scale_dependent_camb
3,0.32596586,0.36610056,460,479,469.5707446808511,1.947440413381202e-06,1.9817484305517667e-06,1.9994738114742695e-06,2.427789670341868e-08,8.583532695966938e-09,1.0176169791562446,1.0267188653041897,3.996957707947555,painting-pair-model,scale_dependent_camb
3,0.32596586,0.36610056,480,499,489.5678571428571,1.8257547524814679e-06,1.8406435745667725e-06,1.8570981449959456e-06,1.7920367092293036e-08,6.335806546156329e-09,1.0081548861176828,1.0171673618660324,2.3499489728481495,painting-pair-model,scale_dependent_camb
3,0.32596586,0.36610056,500,519,509.56519607843137,1.7172751458873494e-06,1.7305207363389038e-06,1.7460479515040167e-06,1.7099927359317263e-08,6.045737296785305e-09,1.0077131439788645,1.0167549187942155,2.1908974540785175,painting-pair-model,scale_dependent_camb
3,0.32596586,0.36610056,520,539,529.5627358490566,1.619006065171087e-06,1.631898147843959e-06,1.6464617258968628e-06,2.4546007928822464e-08,8.678324328764563e-09,1.007962961319425,1.0169583433418914,1.4855497656547312,painting-pair-model,scale_dependent_camb
3,0.32596586,0.36610056,540,559,549.5604545454545,1.5303219267000222e-06,1.5383507714808972e-06,1.5521170402312465e-06,1.3200135557943849e-08,4.666952682801883e-09,1.0052465070524006,1.0142421755520572,1.720361299239647,painting-pair-model,scale_dependent_camb
3,0.32596586,0.36610056,560,579,569.5583333333333,1.4504172165155975e-06,1.4561674368437655e-06,1.4692111212715974e-06,1.9772961966490284e-08,6.990797745324485e-09,1.0039645284561514,1.012957585267189,0.8225413661858191,painting-pair-model,scale_dependent_camb
3,0.32596586,0.36610056,580,599,589.5563559322034,1.3776680507102732e-06,1.3909166482839842e-06,1.4033535428808738e-06,1.8192034766918972e-08,6.431855573634919e-09,1.0096166834723943,1.0186441807642692,2.0598406512762635,painting-pair-model,scale_dependent_camb
3,0.32596586,0.36610056,600,619,609.5545081967213,1.3112194786041278e-06,1.3119480592771441e-06,1.3236893664435049e-06,7.429529065428927e-09,2.6267351915936733e-09,1.0005556511971527,1.0095101453592286,0.2773711927064512,painting-pair-model,scale_dependent_camb
3,0.32596586,0.36610056,620,639,629.5527777777778,1.250577850443571e-06,1.2500500106118388e-06,1.2612156976103116e-06,1.4983491403869895e-08,5.297464188763373e-09,0.9995779232524028,1.0085063454170144,-0.09964009437796356,painting-pair-model,scale_dependent_camb
3,0.32596586,0.36610056,640,659,649.5511538461539,1.195081449476767e-06,1.1983694713851837e-06,1.2090750923295262e-06,1.6574756858697285e-08,5.8600614856515446e-09,1.0027512952442332,1.0117093632897456,0.5610900016096165,painting-pair-model,scale_dependent_camb
3,0.32596586,0.36610056,660,679,669.5496268656716,1.144083772766262e-06,1.1482610148298542e-06,1.1585225688862767e-06,1.6611527902182883e-08,5.87306201275153e-09,1.0036511680027522,1.0126204011137256,0.7112545473762424,painting-pair-model,scale_dependent_camb
3,0.32596586,0.36610056,680,699,689.5481884057971,1.0971125987754803e-06,1.0916696138315024e-06,1.101423065444855e-06,1.298516656266802e-08,4.590949665649685e-09,0.995038809188726,1.003928919122965,-1.1855902025463758,painting-pair-model,scale_dependent_camb
3,0.32596586,0.36610056,700,719,709.5468309859154,1.0537639747085593e-06,1.05330589038556e-06,1.0627422214413715e-06,7.253895859249772e-09,2.5646394760482655e-09,0.9995652875463635,1.0085201686035008,-0.178615484662646,painting-pair-model,scale_dependent_camb
3,0.32596586,0.36610056,720,739,729.5455479452055,1.0136805245171155e-06,1.015092705161372e-06,1.0241588538044911e-06,1.354081450923321e-08,4.787400881133998e-09,1.0013931220045182,1.0103369148700643,0.29497856547203577,painting-pair-model,scale_dependent_camb
3,0.32596586,0.36610056,740,759,749.5443333333334,9.765543954662655e-07,9.710125105021905e-07,9.797048538121113e-07,1.346235695826601e-08,4.7596619479718994e-09,0.9943250627002411,1.003226096119655,-1.1643442380264846,painting-pair-model,scale_dependent_camb
3,0.32596586,0.36610056,760,779,769.5431818181818,9.4208986681226e-07,9.379996615552547e-07,9.463963549773633e-07,1.0271014189070945e-08,3.6313518913776567e-09,0.9956583703942753,1.004571207394126,-1.1263588270575615,painting-pair-model,scale_dependent_camb
3,0.32596586,0.36610056,780,799,789.5420886075949,9.100525385315769e-07,9.000294636821316e-07,9.080917608351463e-07,1.1594792837188941e-08,4.099378320814754e-09,0.9889862679075451,0.9978454236284046,-2.445023138887353,painting-pair-model,scale_dependent_camb
3,0.32596586,0.36610056,800,819,809.5410493827161,8.802027992499845e-07,8.728059910664847e-07,8.806084381309279e-07,1.08922525556514e-08,3.850992822248804e-09,0.9915964727789977,1.0004608470698901,-1.9207535627605574,painting-pair-model,scale_dependent_camb
3,0.32596586,0.36610056,820,839,829.5400602409638,8.523671184103514e-07,8.40731375817285e-07,8.4824912242793e-07,8.822133285432134e-09,3.1190951353303086e-09,0.9863489072469538,0.9951687531188423,-3.7304865957011564,painting-pair-model,scale_dependent_camb
3,0.32596586,0.36610056,840,859,849.5391176470588,8.263530426989535e-07,8.175607287376825e-07,8.248746199877626e-07,9.462319712573799e-09,3.345435217258038e-09,0.989360099731037,0.9982109066769304,-2.6281525093997464,painting-pair-model,scale_dependent_camb
3,0.32596586,0.36610056,860,879,869.5382183908046,8.020228248542171e-07,7.964977505758779e-07,8.036409720141251e-07,7.751220654699907e-09,2.7404703437057675e-09,0.9931110760104073,1.002017582430029,-2.016104385522354,painting-pair-model,scale_dependent_camb
3,0.32596586,0.36610056,880,899,889.5373595505617,7.7922064079015e-07,7.688507229514109e-07,7.757130402577834e-07,1.1601751991752294e-08,4.10183875350629e-09,0.9866919364094056,0.9954985785171068,-2.5281144535178974,painting-pair-model,scale_dependent_camb
3,0.32596586,0.36610056,900,919,909.5365384615385,7.578402352872016e-07,7.518403798659082e-07,7.585646143796602e-07,7.928836222897185e-09,2.8032669300640657e-09,0.9920829547681385,1.0009558467058484,-2.1403082799383077,painting-pair-model,scale_dependent_camb
3,0.32596586,0.36610056,920,939,929.535752688172,7.377461337292768e-07,7.264992251051674e-07,7.33017346349801e-07,3.2553046167324215e-09,1.1509239846596851e-09,0.9847550422700871,0.9935902241119557,-9.772069028029705,painting-pair-model,scale_dependent_camb
3,0.32596586,0.36610056,940,959,949.535,7.188717066717956e-07,7.058011034542734e-07,7.121174335706657e-07,7.510989494345872e-09,2.6555358024364415e-09,0.9818178917097239,0.9906043414444554,-4.922021087243481,painting-pair-model,scale_dependent_camb
3,0.32596586,0.36610056,960,979,969.5342783505155,7.010764721717778e-07,6.922926992469974e-07,6.984866732094041e-07,7.60612081923562e-09,2.6891698049028422e-09,0.9874710202475199,0.9963059679433386,-3.2663511648710433,painting-pair-model,scale_dependent_camb
3,0.32596586,0.36610056,980,999,989.5335858585859,6.84346810485633e-07,6.72987298184754e-07,6.790130397456722e-07,5.775360638830413e-09,2.0418983357574277e-09,0.9834009421439139,0.9922060413547104,-5.563211498806224,painting-pair-model,scale_dependent_camb
3,0.32596586,0.36610056,1000,1019,1009.5329207920792,6.685212695836411e-07,6.597312682933357e-07,6.656183911430769e-07,9.333585981828797e-09,3.299920970269421e-09,0.986851575723567,0.9956577620299619,-2.6637005460126852,painting-pair-model,scale_dependent_camb
3,0.32596586,0.36610056,1020,1039,1029.532281553398,6.536322051716546e-07,6.427286152106818e-07,6.484773852803486e-07,6.606397386576443e-09,2.3357141956306443e-09,0.983318462776617,0.9921135772525891,-4.668203833058799,painting-pair-model,scale_dependent_camb
3,0.32596586,0.36610056,1040,1059,1049.5316666666668,6.395206568317192e-07,6.312235870476319e-07,6.368718196207214e-07,4.854740481053772e-09,1.7164099575269817e-09,0.9870261113609806,0.9958580896759136,-4.833967402543921,painting-pair-model,scale_dependent_camb
3,0.32596586,0.36610056,1060,1079,1069.5310747663552,6.262035064040923e-07,6.165133907430803e-07,6.220275295785577e-07,5.289667035610039e-09,1.8701797155494005e-09,0.9845256125813533,0.9933312784377163,-5.1813820781203805,painting-pair-model,scale_dependent_camb
3,0.32596586,0.36610056,1080,1099,1089.530504587156,6.136043890596276e-07,6.044171873415183e-07,6.098284183285996e-07,4.85144728267776e-09,1.7152456360752466e-09,0.9850274836981054,0.9938462455641577,-5.356201773602012,painting-pair-model,scale_dependent_camb
3,0.32596586,0.36610056,1100,1119,1109.529954954955,6.016373044751728e-07,5.893708601734639e-07,5.946453749524227e-07,8.28235773716167e-09,2.928255660079943e-09,0.9796115629624906,0.9883784973592199,-4.188993628163611,painting-pair-model,scale_dependent_camb
3,0.32596586,0.36610056,1120,1139,1129.529424778761,5.903571490036936e-07,5.811519771698609e-07,5.863461535170263e-07,6.978875314326754e-09,2.467405029907923e-09,0.9844074525914227,0.9932058153383314,-3.730709681732374,painting-pair-model,scale_dependent_camb
3,0.32596586,0.36610056,1140,1159,1149.5289130434783,5.79604229668789e-07,5.706207134001976e-07,5.757191715129245e-07,6.907909106191715e-09,2.442314686404232e-09,0.9845006026375533,0.9932970500265594,-3.678279592142811,painting-pair-model,scale_dependent_camb
3,0.32596586,0.36610056,1160,1179,1169.5284188034188,5.694289517750281e-07,5.605345078507353e-07,5.655377589543935e-07,7.303165358480096e-09,2.5820588745539794e-09,0.9843800637523488,0.9931664998618265,-3.444709960701124,painting-pair-model,scale_dependent_camb
3,0.32596586,0.36610056,1180,1199,1189.5279411764707,5.597846536708441e-07,5.50851805216342e-07,5.557825591865768e-07,3.695954336579114e-09,1.3067171871754594e-09,0.9840423484353777,0.9928506534467796,-6.836099304556416,painting-pair-model,scale_dependent_camb
3,0.32596586,0.36610056,1200,1219,1209.527479338843,5.505654699876392e-07,5.417380033732057e-07,5.46579076214141e-07,7.194638197297973e-09,2.5436887287465772e-09,0.9839665451328946,0.992759455521997,-3.4703407357484717,painting-pair-model,scale_dependent_camb
3,0.32596586,0.36610056,1220,1239,1229.5270325203253,5.418624223649014e-07,5.354357004970193e-07,5.402218177536716e-07,5.384970842586983e-09,1.903874699642546e-09,0.9881395690075107,0.9969722856881834,-3.375601277273474,painting-pair-model,scale_dependent_camb
3,0.32596586,0.36610056,1240,1259,1249.5266,5.33558270081153e-07,5.278897793625442e-07,5.32607714401173e-07,5.77464707628043e-09,2.041646053298481e-09,0.9893760606170596,0.9982184594761593,-2.776431649085656,painting-pair-model,scale_dependent_camb
3,0.32596586,0.36610056,1260,1279,1269.5261811023622,5.256155085153794e-07,5.154393814841858e-07,5.200432979699553e-07,6.292317169570594e-09,2.2246700699899548e-09,0.9806395989723811,0.9893986945682727,-4.574218518272042,painting-pair-model,scale_dependent_camb
3,0.32596586,0.36610056,1280,1299,1289.5257751937984,5.181099105485314e-07,5.091549240941589e-07,5.13705593218329e-07,5.148982596607083e-09,1.8204402551361928e-09,0.9827160487146605,0.991499260599861,-4.919132297314789,painting-pair-model,scale_dependent_camb
3,0.32596586,0.36610056,1300,1319,1309.5253816793893,5.109149271444595e-07,5.057996795883517e-07,5.103304587120578e-07,2.9427454364028214e-09,1.0404176266931004e-09,0.9899880639919894,0.9988560357089813,-4.916532962216537,painting-pair-model,scale_dependent_camb
3,0.32596586,0.36610056,1320,1339,1329.525,5.040218235427996e-07,4.967888467264619e-07,5.012299903862525e-07,5.342129231951154e-09,1.8887279029437717e-09,0.9856494769105498,0.9944608883462166,-3.8295494046889513,painting-pair-model,scale_dependent_camb
3,0.32596586,0.36610056,1340,1359,1349.5246296296295,4.97490013758662e-07,4.909536032769395e-07,4.953358447107036e-07,7.087909391300244e-09,2.5059543975121085e-09,0.986861222736235,0.995669925046971,-2.6083517274742754,painting-pair-model,scale_dependent_camb
3,0.32596586,0.36610056,1360,1379,1369.5242700729927,4.912095916762724e-07,4.843493021382462e-07,4.886832066754557e-07,4.4048174027197766e-09,1.5573381276758347e-09,0.9860338852207361,0.9948568084914724,-4.405138111056476,painting-pair-model,scale_dependent_camb
3,0.32596586,0.36610056,1380,1399,1389.5239208633093,4.851707873641225e-07,4.777824689492927e-07,4.820490783748962e-07,6.5802550803875074e-09,2.3264714946396184e-09,0.9847717162548685,0.9935657523690036,-3.1757614188925256,painting-pair-model,scale_dependent_camb
3,0.32596586,0.36610056,1400,1419,1409.5235815602837,4.794267063815636e-07,4.722313104530135e-07,4.7645114757944967e-07,4.72167316905879e-09,1.669363558194023e-09,0.9849916664366557,0.9937935063639409,-4.310262970119159,painting-pair-model,scale_dependent_camb
3,0.32596586,0.36610056,1420,1439,1429.5232517482518,4.7389330725566625e-07,4.6699105315922444e-07,4.7116714938992493e-07,4.289779906969921e-09,1.5166662310081138e-09,0.9854350040594305,0.9942473172252029,-4.550938074129826,painting-pair-model,scale_dependent_camb
3,0.32596586,0.36610056,1440,1459,1449.5229310344828,4.685485294228475e-07,4.6273461781709984e-07,4.668688878638636e-07,6.1272595299864e-09,2.1663133818716404e-09,0.9875916554195375,0.9964152239234367,-2.683781420730812,painting-pair-model,scale_dependent_camb
3,0.32596586,0.36610056,1460,1479,1469.522619047619,4.6343446417155976e-07,4.577438497209688e-07,4.6183413443207936e-07,5.636257769070164e-09,1.9927180445124374e-09,0.9877207784691551,0.9965468046440155,-2.855704782852666,painting-pair-model,scale_dependent_camb
3,0.32596586,0.36610056,1480,1499,1489.5223154362416,4.5850336991780803e-07,4.531263896782144e-07,4.571788511537121e-07,4.974727061400763e-09,1.7588316198343527e-09,0.9882727574269357,0.9971112125864345,-3.0571318931029987,painting-pair-model,scale_dependent_camb
3,0.32596586,0.36610056,1500,1519,1509.5220198675497,4.537228857724223e-07,4.482365116904433e-07,4.522456248785307e-07,4.0057053028965425e-09,1.416230691556529e-09,0.9879080948878323,0.9967441340513897,-3.873926835993896,painting-pair-model,scale_dependent_camb
3,0.32596586,0.36610056,1520,1539,1529.5217320261438,4.4911096301422933e-07,4.411150254547929e-07,4.4505820216641654e-07,4.205030330180223e-09,1.4867027307827714e-09,0.9821960757631669,0.990976036700123,-5.378302867061042,painting-pair-model,scale_dependent_camb
3,0.32596586,0.36610056,1540,1559,1549.5214516129033,4.446581001326449e-07,4.369023026887749e-07,4.4080630427732354e-07,5.0828926953580845e-09,1.7970739464656348e-09,0.9825578406385571,0.9913376235490317,-4.3157920457995536,painting-pair-model,scale_dependent_camb
3,0.32596586,0.36610056,1560,1579,1569.521178343949,4.4033108333172837e-07,4.3692676164127195e-07,4.4083203721509993e-07,3.991297583567945e-09,1.4111367935371874e-09,0.9922687227422196,1.0011376754954049,-2.412467526924207,painting-pair-model,scale_dependent_camb
3,0.32596586,0.36610056,1580,1599,1589.5209119496856,4.361268237147191e-07,4.2964527308189077e-07,4.3348397405821827e-07,4.54203335468681e-09,1.605851292737263e-09,0.9851383811304666,0.9939401808996973,-4.036208497101968,painting-pair-model,scale_dependent_camb
3,0.32596586,0.36610056,1600,1619,1609.520652173913,4.3205075830937847e-07,4.258661179766471e-07,4.2967502194884097e-07,4.66126020019437e-09,1.6480043482162014e-09,0.985685384844753,0.9945012563573924,-3.7528058341749175,painting-pair-model,scale_dependent_camb
3,0.32596586,0.36610056,1620,1639,1629.520398773006,4.2808026700254546e-07,4.218656603203991e-07,4.2563634265824154e-07,5.29493996811761e-09,1.8720439787158216e-09,0.9854826135162418,0.9942909670622837,-3.319690537617308,painting-pair-model,scale_dependent_camb
3,0.32596586,0.36610056,1640,1659,1649.5201515151516,4.242094703173008e-07,4.181008109882169e-07,4.2184354820012125e-07,3.5562773234330317e-09,1.2573339055897208e-09,0.9855998987374923,0.9944227503563041,-4.858422493759746,painting-pair-model,scale_dependent_camb
3,0.32596586,0.36610056,1660,1679,1669.5199101796406,4.204364208391546e-07,4.13352907411131e-07,4.1704807658284226e-07,4.697170954529601e-09,1.6607007171701845e-09,0.9831519985497794,0.9919408878765795,-4.265376268454822,painting-pair-model,scale_dependent_camb
3,0.32596586,0.36610056,1680,1699,1689.519674556213,4.167476338226689e-07,4.1116370569616016e-07,4.1483593363701297e-07,4.9222419532256185e-09,1.7402753318833757e-09,0.986601176171561,0.9954128109423906,-3.208646370034827,painting-pair-model,scale_dependent_camb
3,0.32596586,0.36610056,1700,1719,1709.5194444444444,4.1313976184152367e-07,4.067386714885131e-07,4.103768174775509e-07,3.823120250495752e-09,1.351677127208579e-09,0.9845062350704797,0.9933123252246232,-4.735665214835577,painting-pair-model,scale_dependent_camb
3,0.32596586,0.36610056,1720,1739,1729.519219653179,4.096124899713154e-07,4.0411725507212776e-07,4.077307793513863e-07,4.281363611469613e-09,1.5136906211977452e-09,0.9865843082578549,0.9954061200134281,-3.630355385857776,painting-pair-model,scale_dependent_camb
3,0.32596586,0.36610056,1740,1759,1749.519,4.0615896772163596e-07,4.0029971109529164e-07,4.0388136413634743e-07,3.0851072586813903e-09,1.0907501316507255e-09,0.9855739818839603,0.9943923346120737,-5.371767975381307,painting-pair-model,scale_dependent_camb
3,0.32596586,0.36610056,1760,1779,1769.5187853107345,4.027599435140683e-07,3.973229940009359e-07,4.0088006128525246e-07,3.252438591043457e-09,1.1499106915598242e-09,0.9865007690047446,0.9953324995221373,-4.728149371111024,painting-pair-model,scale_dependent_camb
3,0.32596586,0.36610056,1780,1799,1789.5185754189945,3.9942592174033946e-07,3.932182039911574e-07,3.9673520871575266e-07,3.457710477538309e-09,1.2224852630235569e-09,0.984458400390905,0.9932635493138174,-5.077948942982405,painting-pair-model,scale_dependent_camb
3,0.32596586,0.36610056,1800,1819,1809.5183701657459,3.961580590424275e-07,3.905165403967027e-07,3.940094086543524e-07,3.3521813144998763e-09,1.1851750696248486e-09,0.9857594247625275,0.9945762799997843,-4.760071984563855,painting-pair-model,scale_dependent_camb
3,0.32596586,0.36610056,1820,1839,1829.518169398907,3.929471283121367e-07,3.8627645389968874e-07,3.8972755568152457e-07,3.976431179272196e-09,1.4058807258924947e-09,0.9830239899166558,0.9918066009428762,-4.744836663304589,painting-pair-model,scale_dependent_camb
3,0.32596586,0.36610056,1840,1859,1849.517972972973,3.8977069094914297e-07,3.834399434201007e-07,3.868672998283876e-07,3.5415096986246857e-09,1.2521127617677206e-09,0.9837577640493541,0.9925510275960329,-5.056052236145708,painting-pair-model,scale_dependent_camb
3,0.32596586,0.36610056,1860,1879,1869.5177807486632,3.8664508572880917e-07,3.8217386772570923e-07,3.855925010992793e-07,2.904466108172158e-09,1.0268838404075168e-09,0.9884358597376923,0.997277646429811,-4.3541614223138865,painting-pair-model,scale_dependent_camb
3,0.32596586,0.36610056,1880,1899,1889.5175925925926,3.835747545988931e-07,3.794131535850406e-07,3.828076421143209e-07,3.0377920312445386e-09,1.0740216725637348e-09,0.9891504824966797,0.9980000965251888,-3.874783088797972,painting-pair-model,scale_dependent_camb
3,0.32596586,0.36610056,1900,1919,1909.5174083769634,3.805531203195487e-07,3.767776139102352e-07,3.801454769410654e-07,3.786779162061429e-09,1.3388286121747743e-09,0.9900788977734746,0.9989288134646196,-2.820007262304172,painting-pair-model,scale_dependent_camb
3,0.32596586,0.36610056,1920,1939,1929.5172279792746,3.7755440459879626e-07,3.7370398235478066e-07,3.770463025776119e-07,4.0747127383420535e-09,1.440628504334436e-09,0.9898016757396667,0.9986542283310818,-2.6727377893959408,painting-pair-model,scale_dependent_camb
3,0.32596586,0.36610056,1940,1959,1949.5170512820512,3.745894061183145e-07,3.6995097504124954e-07,3.732541695981366e-07,4.359349880295317e-09,1.5412629309607915e-09,0.9876172924239083,0.9964354664110385,-3.0095001857817048,painting-pair-model,scale_dependent_camb
3,0.32596586,0.36610056,1960,1979,1969.5168781725888,3.71671343413991e-07,3.662806054872721e-07,3.695561057791503e-07,3.0152222489685e-09,1.0660420495150894e-09,0.98549595490144,0.9943088492768606,-5.056777947146624,painting-pair-model,scale_dependent_camb
3,0.32596586,0.36610056,1980,1999,1989.5167085427136,3.687974257652515e-07,3.639378199136647e-07,3.671931160767197e-07,2.570232352647594e-09,9.087143628910837e-10,0.9868231025704608,0.995649889135742,-5.3477814922237235,painting-pair-model,scale_dependent_camb
4,0.28674463,0.32596586,20,39,30.608333333333334,5.6539239146306e-05,5.6281982687363386e-05,5.580113095339087e-05,2.407425260761026e-06,8.511533635419568e-07,0.9954499483398263,0.9869452047098629,-0.3022445424783079,painting-pair-model,scale_dependent_camb
4,0.28674463,0.32596586,40,59,50.165,4.284038781604991e-05,4.2754002714121494e-05,4.2390862616658516e-05,6.657831004620062e-07,2.353898725680445e-07,0.9979835592922423,0.9895069764232391,-0.3669873346120345,painting-pair-model,scale_dependent_camb
4,0.28674463,0.32596586,60,79,69.975,3.243155461832693e-05,3.277586514871015e-05,3.249691645227297e-05,5.080746332751523e-07,1.7963150926886424e-07,1.0106165286997575,1.0020153777614198,1.9167602153131948,painting-pair-model,scale_dependent_camb
4,0.28674463,0.32596586,80,99,89.86944444444444,2.3893970470242196e-05,2.44382202456479e-05,2.4229258021131433e-05,6.272745409261543e-07,2.217750407772811e-07,1.0227777035249759,1.014032307912442,2.454062339468898,painting-pair-model,scale_dependent_camb
4,0.28674463,0.32596586,100,119,109.80227272727272,1.922417219846605e-05,1.911997554199128e-05,1.8957507544243387e-05,4.060927903851043e-07,1.435754829361372e-07,0.9945799145264063,0.9861286794838459,-0.7257273619697099,painting-pair-model,scale_dependent_camb
4,0.28674463,0.32596586,120,139,129.75576923076923,1.532090115973818e-05,1.5235597006368135e-05,1.5105539866231259e-05,3.8241947758938984e-07,1.3520570293063725e-07,0.994432171288056,0.9859433011634544,-0.6309212667886309,painting-pair-model,scale_dependent_camb
4,0.28674463,0.32596586,140,159,149.72166666666666,1.23829885833817e-05,1.2432471317289403e-05,1.232664550111323e-05,1.8411762922656097e-07,6.509541208104586e-08,1.0039960251577806,0.9954499608968319,0.760157011466428,painting-pair-model,scale_dependent_camb
4,0.28674463,0.32596586,160,179,169.6955882352941,1.0522106020266319e-05,1.0553548054018048e-05,1.0463353718261493e-05,2.0033384685484783e-07,7.082871080612509e-08,1.0029881882667946,0.9944162982304432,0.44391650495791,painting-pair-model,scale_dependent_camb
4,0.28674463,0.32596586,180,199,189.675,8.840722776347269e-06,8.958329784205035e-06,8.882303556406681e-06,1.5078473929400677e-07,5.3310455827118926e-08,1.0133028724950426,1.004703323598231,2.2060777015142334,painting-pair-model,scale_dependent_camb
4,0.28674463,0.32596586,200,219,209.65833333333333,7.579085558307159e-06,7.761641709823123e-06,7.695690570404107e-06,1.3104166760894188e-07,4.633022589213818e-08,1.0240868308071638,1.0153851030180205,3.940325090168445,painting-pair-model,scale_dependent_camb
4,0.28674463,0.32596586,220,239,229.64456521739132,6.639941922976872e-06,6.715837848602957e-06,6.658518776037705e-06,1.4327736602479067e-07,5.065619855333826e-08,1.0114302092558152,1.0027977433050355,1.4982554513278534,painting-pair-model,scale_dependent_camb
4,0.28674463,0.32596586,240,259,249.633,5.801573825442792e-06,5.937529741856917e-06,5.886884489003865e-06,1.070985222857896e-07,3.7865045681670205e-08,1.023434316360483,1.0147047449757414,3.590538819287315,painting-pair-model,scale_dependent_camb
4,0.28674463,0.32596586,260,279,269.6231481481482,5.149151073740049e-06,5.245592862158615e-06,5.200910645721592e-06,1.206045084331447e-07,4.264013287737338e-08,1.0187296482541377,1.010052059308477,2.26176097283558,painting-pair-model,scale_dependent_camb
4,0.28674463,0.32596586,280,299,289.6146551724138,4.613602371313038e-06,4.706933928514721e-06,4.66700424325997e-06,5.626982555641628e-08,1.9894387613563023e-08,1.0202296491310152,1.0115748752599443,4.691351099344898,painting-pair-model,scale_dependent_camb
4,0.28674463,0.32596586,300,319,309.60725806451615,4.141538646753039e-06,4.2328759401600055e-06,4.196917854284771e-06,3.408948253496613e-08,1.2052452133807462e-08,1.022053951730856,1.013371650551939,7.5783162125790655,painting-pair-model,scale_dependent_camb
4,0.28674463,0.32596586,320,339,329.6007575757576,3.7570498590310407e-06,3.839586464240973e-06,3.807081393801486e-06,3.394241069472375e-08,1.2000454386028978e-08,1.0219684615075135,1.0133167076955825,6.877790003187043,painting-pair-model,scale_dependent_camb
4,0.28674463,0.32596586,340,359,349.595,3.427671627586295e-06,3.530591629241837e-06,3.500410778655885e-06,6.998622028286152e-08,2.4743865475813436e-08,1.0300262139544611,1.0212211550500279,4.159414856023363,painting-pair-model,scale_dependent_camb
4,0.28674463,0.32596586,360,379,369.58986486486486,3.1372886406466083e-06,3.2140426237574065e-06,3.1867644186056866e-06,4.6604420774568934e-08,1.6477150981484453e-08,1.0244650690141723,1.0157702346281026,4.658207186245207,painting-pair-model,scale_dependent_camb
4,0.28674463,0.32596586,380,399,389.5852564102564,2.8909475844480025e-06,2.9671154066522286e-06,2.9418619960940926e-06,3.965305853421788e-08,1.401947329216628e-08,1.0263470090616567,1.0176116688936137,5.433001698201228,painting-pair-model,scale_dependent_camb
4,0.28674463,0.32596586,400,419,409.5810975609756,2.674990190838662e-06,2.749295567350225e-06,2.725916961372997e-06,3.689831853260633e-08,1.3045525624393597e-08,1.0277778127060222,1.0190381148718786,5.695851485862754,painting-pair-model,scale_dependent_camb
4,0.28674463,0.32596586,420,439,429.57732558139537,2.483906772410676e-06,2.5459921717847184e-06,2.52436664891593e-06,2.0898297683488092e-08,7.388664003624773e-09,1.0249950602267521,1.016288806389455,8.402790997612588,painting-pair-model,scale_dependent_camb
4,0.28674463,0.32596586,440,459,449.5738888888889,2.3170392932525663e-06,2.368077736162276e-06,2.3479458289895837e-06,2.4154283985433704e-08,8.539829000402899e-09,1.022027439525233,1.0133388051842798,5.976518137225178,painting-pair-model,scale_dependent_camb
4,0.28674463,0.32596586,460,479,469.5707446808511,2.1684706535134792e-06,2.2233216144729656e-06,2.204434473366081e-06,3.854655308719202e-08,1.362826453966036e-08,1.0252947674761537,1.016584877362454,4.024794264879553,painting-pair-model,scale_dependent_camb
4,0.28674463,0.32596586,480,499,489.5678571428571,2.0356833335139536e-06,2.076436819624628e-06,2.0588041040366525e-06,3.399971719704416e-08,1.20207152942274e-08,1.0200195607242737,1.011357744174674,3.3902713035924736,painting-pair-model,scale_dependent_camb
4,0.28674463,0.32596586,500,519,509.56519607843137,1.9176085551046847e-06,1.9671575537895525e-06,1.9504195477740105e-06,2.2753860378265497e-08,8.044704485821716e-09,1.0258389537077148,1.0171103704048372,6.159206813897866,painting-pair-model,scale_dependent_camb
4,0.28674463,0.32596586,520,539,529.5627358490566,1.811374461782931e-06,1.8431448651249913e-06,1.8274932728695316e-06,3.2474836972845946e-08,1.148158872071349e-08,1.0175393901219016,1.0088986631017947,2.7670738009230975,painting-pair-model,scale_dependent_camb
4,0.28674463,0.32596586,540,559,549.5604545454545,1.7154352273942505e-06,1.7544875144752792e-06,1.7395595964625338e-06,1.8622507679445694e-08,6.584050731417303e-09,1.0227652355841783,1.014063118608639,5.9313466244544175,painting-pair-model,scale_dependent_camb
4,0.28674463,0.32596586,560,579,569.5583333333333,1.6288300237125143e-06,1.6578873355614996e-06,1.6437976750477843e-06,2.0062954058392133e-08,7.09332543266162e-09,1.0178393763781173,1.0091892039791572,4.096430105291549,painting-pair-model,scale_dependent_camb
4,0.28674463,0.32596586,580,599,589.5563559322034,1.5502923348446654e-06,1.583552418748939e-06,1.5700690195322827e-06,1.5959137826187557e-08,5.642407289393979e-09,1.021454072342818,1.0127567454493018,5.894662011867266,painting-pair-model,scale_dependent_camb
4,0.28674463,0.32596586,600,619,609.5545081967213,1.4788003790725136e-06,1.501781224268527e-06,1.4889999579444197e-06,1.914844056912394e-08,6.769996087787565e-09,1.0155401942826299,1.0068971979019259,3.3945138073962506,painting-pair-model,scale_dependent_camb
4,0.28674463,0.32596586,620,639,629.5527777777778,1.4135488237093933e-06,1.4243332221404e-06,1.4122209812473656e-06,1.6000986437204633e-08,5.657203007710685e-09,1.007629307350493,0.999060632049098,1.9063127867795653,painting-pair-model,scale_dependent_camb
4,0.28674463,0.32596586,640,659,649.5511538461539,1.3538520372906336e-06,1.3585722324900239e-06,1.347005132445949e-06,1.781368340748309e-08,6.2980881676707885e-09,1.0034864926663896,0.9949426490812195,0.7494647698995252,painting-pair-model,scale_dependent_camb
4,0.28674463,0.32596586,660,679,669.5496268656716,1.2991208850241284e-06,1.313475828841491e-06,1.3023010909401142e-06,1.8753617312435717e-08,6.630404986700366e-09,1.0110497367741849,1.0024479676623217,2.1650176491717397,painting-pair-model,scale_dependent_camb
4,0.28674463,0.32596586,680,699,689.5481884057971,1.2488134183466683e-06,1.2629599160094498e-06,1.2522351105105435e-06,1.0387671961038962e-08,3.672596642196006e-09,1.0113279513616296,1.0027399546750588,3.851906169124705,painting-pair-model,scale_dependent_camb
4,0.28674463,0.32596586,700,719,709.5468309859154,1.2024881868796315e-06,1.2056366263560645e-06,1.1954079895968051e-06,9.577001268065883e-09,3.385981270040775e-09,1.0026182706082152,0.9941120442095993,0.9298455086832529,painting-pair-model,scale_dependent_camb
4,0.28674463,0.32596586,720,739,729.5455479452055,1.1597314896885565e-06,1.1704254523950456e-06,1.1604503195897973e-06,2.0206090779606317e-08,7.143931905765299e-09,1.0092210678088607,1.000619824422836,1.496929540699966,painting-pair-model,scale_dependent_camb
4,0.28674463,0.32596586,740,759,749.5443333333334,1.1201865996367952e-06,1.119288223517996e-06,1.1097460235237577e-06,1.7104746262255173e-08,6.047441036257942e-09,0.9991980120820134,0.990679609882476,-0.14855475455038583,painting-pair-model,scale_dependent_camb
4,0.28674463,0.32596586,760,779,769.5431818181818,1.0835810474094469e-06,1.0856337671447662e-06,1.076401520964695e-06,9.284055398138064e-09,3.2824092644674987e-09,1.001894385048748,0.9933742598563197,0.625369833536687,painting-pair-model,scale_dependent_camb
4,0.28674463,0.32596586,780,799,789.5420886075949,1.049579938154013e-06,1.053499552269161e-06,1.0445362744599442e-06,1.5448863107492714e-08,5.461997932465388e-09,1.0037344598278448,0.9951945883198382,0.7176154520034518,painting-pair-model,scale_dependent_camb
4,0.28674463,0.32596586,800,819,809.5410493827161,1.0180199551203643e-06,1.0203137876639895e-06,1.0116495467960832e-06,1.2302080730535754e-08,4.349442353633094e-09,1.0022532294500592,0.9937423541726862,0.5273854340681403,painting-pair-model,scale_dependent_camb
4,0.28674463,0.32596586,820,839,829.5400602409638,9.886027961338428e-07,9.915764192703745e-07,9.831457942691568e-07,6.828770357216299e-09,2.4143349133766634e-09,1.003007904841217,0.9944800865564747,1.2316531232085033,painting-pair-model,scale_dependent_camb
4,0.28674463,0.32596586,840,859,849.5391176470588,9.61223655365103e-07,9.595285595414417e-07,9.513514063760134e-07,1.4064758661189977e-08,4.97264311253983e-09,0.998236522983803,0.9897294985053819,-0.3408842712614095,painting-pair-model,scale_dependent_camb
4,0.28674463,0.32596586,860,879,869.5382183908046,9.356281888463525e-07,9.379580794956146e-07,9.299626734815155e-07,1.2738559223557944e-08,4.503760804762132e-09,1.0024901885995279,0.9939446935947679,0.5173211345501516,painting-pair-model,scale_dependent_camb
4,0.28674463,0.32596586,880,899,889.5373595505617,9.11749774236865e-07,9.103192720252223e-07,9.025866516810903e-07,8.56374563512199e-09,3.0277413054757278e-09,0.998431036396099,0.9899499590625682,-0.47246513731392037,painting-pair-model,scale_dependent_camb
4,0.28674463,0.32596586,900,919,909.5365384615385,8.893615229622614e-07,8.900329889903331e-07,8.824500470255009e-07,1.2012569929089571e-08,4.2470848281684195e-09,1.0007549978391637,0.9922287216634469,0.15810045130680705,painting-pair-model,scale_dependent_camb
4,0.28674463,0.32596586,920,939,929.535752688172,8.684428475669398e-07,8.666248001207444e-07,8.592522871204269e-07,7.275008911483679e-09,2.5721040672513363e-09,0.997906543359429,0.9894171959936552,-0.7068327714042552,painting-pair-model,scale_dependent_camb
4,0.28674463,0.32596586,940,959,949.535,8.487646436529979e-07,8.491200157980693e-07,8.419022310059544e-07,9.75915799398835e-09,3.450383398110033e-09,1.0004186933889492,0.9919148226798087,0.10299497304155283,painting-pair-model,scale_dependent_camb
4,0.28674463,0.32596586,960,979,969.5342783505155,8.30366400497247e-07,8.272990817193756e-07,8.202332852242502e-07,1.497629461752167e-08,5.294919740548582e-09,0.9963060658812368,0.9877968144340513,-0.5792946688845546,painting-pair-model,scale_dependent_camb
4,0.28674463,0.32596586,980,999,989.5335858585859,8.129987493993236e-07,8.117895617328151e-07,8.048730858088483e-07,9.15727431504591e-09,3.2375853826771794e-09,0.9985126820091643,0.9900053184626927,-0.37348441001070815,painting-pair-model,scale_dependent_camb
4,0.28674463,0.32596586,1000,1019,1009.5329207920792,7.967487585404899e-07,7.95282197341131e-07,7.88517684038008e-07,6.639319987182252e-09,2.347354092701976e-09,0.9981593178732461,0.9896691718509109,-0.6247720375543191,painting-pair-model,scale_dependent_camb
4,0.28674463,0.32596586,1020,1039,1029.532281553398,7.813782850504471e-07,7.79358117795337e-07,7.72726280254712e-07,7.473797328365646e-09,2.6423863860506248e-09,0.9974146104470004,0.9889272520605349,-0.7645237902279511,painting-pair-model,scale_dependent_camb
4,0.28674463,0.32596586,1040,1059,1049.5316666666668,7.669439572252694e-07,7.671175190605346e-07,7.605988293310936e-07,6.026131193436728e-09,2.1305591155994462e-09,1.0002263031524405,0.9917267385258085,0.08146304601195066,painting-pair-model,scale_dependent_camb
4,0.28674463,0.32596586,1060,1079,1069.5310747663552,7.533222629271822e-07,7.51966473717157e-07,7.455707377543275e-07,6.712456355511129e-09,2.373211703700329e-09,0.9982002533620113,0.989710213604023,-0.5712887762652115,painting-pair-model,scale_dependent_camb
4,0.28674463,0.32596586,1080,1099,1089.530504587156,7.404177362011157e-07,7.39507122834591e-07,7.332163340024521e-07,9.328080159057748e-09,3.297974367960711e-09,0.9987701356653113,0.9902738658914196,-0.2761129302189844,painting-pair-model,scale_dependent_camb
4,0.28674463,0.32596586,1100,1119,1109.529954954955,7.282990155261342e-07,7.31156152549854e-07,7.249416043734228e-07,6.189997792995238e-09,2.188494707478348e-09,1.0039230274417654,0.9953900649580228,1.3055261289673947,painting-pair-model,scale_dependent_camb
4,0.28674463,0.32596586,1120,1139,1129.529424778761,7.167511098092438e-07,7.15933958759441e-07,7.098339353106529e-07,8.744833433005634e-09,3.09176551041256e-09,0.9988599235653499,0.9903492657298684,-0.264299167272153,painting-pair-model,scale_dependent_camb
4,0.28674463,0.32596586,1140,1159,1149.5289130434783,7.058663541799366e-07,7.050171975177183e-07,6.990137448277086e-07,9.184095359125573e-09,3.2470680537507966e-09,0.9987970007959867,0.9902919167181594,-0.2615148953337694,painting-pair-model,scale_dependent_camb
4,0.28674463,0.32596586,1160,1179,1169.5284188034188,6.955357355447751e-07,6.943612363089594e-07,6.884458330298547e-07,7.999599849030365e-09,2.8282856500141264e-09,0.9983113747061524,0.9898065589550661,-0.4152689583564249,painting-pair-model,scale_dependent_camb
4,0.28674463,0.32596586,1180,1199,1189.5279411764707,6.856730653343056e-07,6.861846469219081e-07,6.803471446729901e-07,7.1918336821168026e-09,2.542697182895304e-09,1.0007461013323502,0.9922325654447011,0.20119642678803784,painting-pair-model,scale_dependent_camb
4,0.28674463,0.32596586,1200,1219,1209.527479338843,6.763598206003962e-07,6.743768962568626e-07,6.686374892143929e-07,8.408229164335388e-09,2.972757929936025e-09,0.9970682404791974,0.9885825101509604,-0.6670318910144815,painting-pair-model,scale_dependent_camb
4,0.28674463,0.32596586,1220,1239,1229.5270325203253,6.674470979360119e-07,6.700615630895019e-07,6.643560200831631e-07,7.283811958670306e-09,2.5752164144317207e-09,1.0039171121749948,0.995368804715149,1.0152409478435926,painting-pair-model,scale_dependent_camb
4,0.28674463,0.32596586,1240,1259,1249.5266,6.589272472642393e-07,6.602990371464468e-07,6.546713879522813e-07,7.797055133162223e-09,2.7566752789721935e-09,1.0020818533273634,0.9935412303412438,0.4976247629422926,painting-pair-model,scale_dependent_camb
4,0.28674463,0.32596586,1260,1279,1269.5261811023622,6.508281104820358e-07,6.508285970849581e-07,6.452958550405471e-07,4.259938542136194e-09,1.5061157152912189e-09,1.00000074766734,0.9914996673432079,0.00032308468553224605,painting-pair-model,scale_dependent_camb
4,0.28674463,0.32596586,1280,1299,1289.5257751937984,6.43038611791639e-07,6.420078438934617e-07,6.365523699568141e-07,6.0464828327242875e-09,2.137754506673694e-09,0.9983970357622766,0.9899131378491365,-0.48217318450712154,painting-pair-model,scale_dependent_camb
4,0.28674463,0.32596586,1300,1319,1309.5253816793893,6.355647042661023e-07,6.350112597875615e-07,6.295974834891563e-07,9.16465618685085e-09,3.2401952684827413e-09,0.9991292082854415,0.9906111514108757,-0.17080590294173356,painting-pair-model,scale_dependent_camb
4,0.28674463,0.32596586,1320,1339,1329.525,6.2840650148323e-07,6.277328491339706e-07,6.223987640858962e-07,6.1099237820490254e-09,2.1601842694099113e-09,0.9989279990775567,0.9904397274962086,-0.31184948376807764,painting-pair-model,scale_dependent_camb
4,0.28674463,0.32596586,1340,1359,1349.5246296296295,6.214971847493855e-07,6.204856649047684e-07,6.151963549855948e-07,9.384460337589007e-09,3.3179077712426916e-09,0.9983724466185234,0.9898618530889541,-0.3048667757989488,painting-pair-model,scale_dependent_camb
4,0.28674463,0.32596586,1360,1379,1369.5242700729927,6.148307315877262e-07,6.134993152840524e-07,6.082678417023238e-07,7.96360781196362e-09,2.81556054327482e-09,0.9978344994235476,0.9893256964100435,-0.47287788105072764,painting-pair-model,scale_dependent_camb
4,0.28674463,0.32596586,1380,1399,1389.5239208633093,6.083997817811721e-07,6.087602059076898e-07,6.035805768151058e-07,5.378524813506015e-09,1.901595684205107e-09,1.0005924133066952,0.9920788844598901,0.18953772850421052,painting-pair-model,scale_dependent_camb
4,0.28674463,0.32596586,1400,1419,1409.5235815602837,6.021724412848826e-07,6.021522642709985e-07,5.970252891685e-07,5.835640012879851e-09,2.063210312835447e-09,0.9999664929636417,0.9914523618759438,-0.009779426633601448,painting-pair-model,scale_dependent_camb
4,0.28674463,0.32596586,1420,1439,1429.5232517482518,5.961335744971111e-07,5.965231787575642e-07,5.914377114463322e-07,7.337950192517965e-09,2.5943571705692923e-09,1.0006535519506374,0.992122800574116,0.15017371735581844,painting-pair-model,scale_dependent_camb
4,0.28674463,0.32596586,1440,1459,1449.5229310344828,5.902629945153641e-07,5.918451235924677e-07,5.868025356657773e-07,7.180489163583372e-09,2.5386862899031614e-09,1.0026803799184507,0.9941374287703264,0.623207791918215,painting-pair-model,scale_dependent_camb
4,0.28674463,0.32596586,1460,1479,1469.522619047619,5.845593542538064e-07,5.842170551737398e-07,5.792420076037626e-07,5.9687996852984216e-09,2.1102893665093223e-09,0.9994144322940423,0.9909036668195458,-0.16220480731169976,painting-pair-model,scale_dependent_camb
4,0.28674463,0.32596586,1480,1499,1489.5223154362416,5.790118981243543e-07,5.783783397976746e-07,5.734504000378269e-07,7.095312025452621e-09,2.5085716239160024e-09,0.9989057939418308,0.9903948466265662,-0.2525573998524107,painting-pair-model,scale_dependent_camb
4,0.28674463,0.32596586,1500,1519,1509.5220198675497,5.735800649396981e-07,5.725530074768854e-07,5.676844662990641e-07,5.533686093769997e-09,1.956453480931231e-09,0.998209391285381,0.989721402466709,-0.524958795505773,painting-pair-model,scale_dependent_camb
4,0.28674463,0.32596586,1520,1539,1529.5217320261438,5.682769091429017e-07,5.674401456575082e-07,5.626193159698146e-07,4.776531851488253e-09,1.6887590313704392e-09,0.9985275426962965,0.9900443022018612,-0.4954901616215025,painting-pair-model,scale_dependent_camb
4,0.28674463,0.32596586,1540,1559,1549.5214516129033,5.631066026264126e-07,5.601287247123954e-07,5.553507723646595e-07,8.331889407695204e-09,2.9457677501388228e-09,0.9947116977493641,0.9862267104921542,-1.010900439750161,painting-pair-model,scale_dependent_camb
4,0.28674463,0.32596586,1560,1579,1569.521178343949,5.580381954311397e-07,5.568307038982007e-07,5.520867091488467e-07,7.1462122113008155e-09,2.5265675572044598e-09,0.9978361847937558,0.9893349840010595,-0.47791777009716446,painting-pair-model,scale_dependent_camb
4,0.28674463,0.32596586,1580,1599,1589.5209119496856,5.530430195563981e-07,5.551897810501733e-07,5.504647117346649e-07,4.978047926156051e-09,1.7600057228282866e-09,1.0038817260463702,0.9953379615498966,1.2197468825984694,painting-pair-model,scale_dependent_camb
4,0.28674463,0.32596586,1600,1619,1609.520652173913,5.481594908064009e-07,5.481596012249478e-07,5.434876172548866e-07,6.701706147144593e-09,2.369410931082756e-09,1.0000002014350728,0.9914771638001898,4.660168713595627e-05,painting-pair-model,scale_dependent_camb
4,0.28674463,0.32596586,1620,1639,1629.520398773006,5.433813337612075e-07,5.42749060886547e-07,5.381260091002702e-07,5.838433695747286e-09,2.064198028885471e-09,0.9988364103892122,0.9903284777477342,-0.30630436896692,painting-pair-model,scale_dependent_camb
4,0.28674463,0.32596586,1640,1659,1649.5201515151516,5.386503075636085e-07,5.372993235816082e-07,5.327266787570611e-07,5.774109459097507e-09,2.0414559769206175e-09,0.9974919090121549,0.9890028303643957,-0.6617747319920956,painting-pair-model,scale_dependent_camb
4,0.28674463,0.32596586,1660,1679,1669.5199101796406,5.339870750420901e-07,5.333144995144781e-07,5.287703621207571e-07,6.747320603393296e-09,2.3855380767495534e-09,0.998740464780802,0.9902306382211183,-0.2819387098312319,painting-pair-model,scale_dependent_camb
4,0.28674463,0.32596586,1680,1699,1689.519674556213,5.294162806269195e-07,5.285844391858181e-07,5.240808156001744e-07,6.287171992317206e-09,2.2228509751268162e-09,0.9984287573474008,0.9899219853601271,-0.37422276635256596,painting-pair-model,scale_dependent_camb
4,0.28674463,0.32596586,1700,1719,1709.5194444444444,5.249268762209908e-07,5.25440297839354e-07,5.209673990978002e-07,5.192825834520092e-09,1.8359411805549247e-09,1.0009780821703385,0.9924570882106564,0.2796503634217743,painting-pair-model,scale_dependent_camb
4,0.28674463,0.32596586,1720,1739,1729.519219653179,5.204539399033779e-07,5.188446851321453e-07,5.144221216752305e-07,7.606249876506809e-09,2.689215433538652e-09,0.996907978501361,0.9884104667758549,-0.5984105070805195,painting-pair-model,scale_dependent_camb
4,0.28674463,0.32596586,1740,1759,1749.519,5.160425886193928e-07,5.156703940730279e-07,5.112770567932128e-07,5.856325810637118e-09,2.0705238467696554e-09,0.9992787522685663,0.9907652354063846,-0.1797586378662518,painting-pair-model,scale_dependent_camb
4,0.28674463,0.32596586,1760,1779,1769.5187853107345,5.117084827290064e-07,5.10598550918192e-07,5.062450904030129e-07,7.225557832146672e-09,2.554620470483241e-09,0.9978309294290082,0.989323232835898,-0.43448012087853966,painting-pair-model,scale_dependent_camb
4,0.28674463,0.32596586,1780,1799,1789.5185754189945,5.074411428853012e-07,5.066960363384993e-07,5.02379070877452e-07,5.9215573658591074e-09,2.093586684292062e-09,0.9985316394674558,0.9900243169502054,-0.3558995442569159,painting-pair-model,scale_dependent_camb
4,0.28674463,0.32596586,1800,1819,1809.5183701657459,5.031750583689544e-07,5.036059834834282e-07,4.993110853530542e-07,6.5191518735892744e-09,2.304868248699981e-09,1.0008564119133223,0.9923208176724315,0.18696301392363304,painting-pair-model,scale_dependent_camb
4,0.28674463,0.32596586,1820,1839,1829.518169398907,4.989584575891303e-07,4.985746773475927e-07,4.943271932698092e-07,5.722997836068209e-09,2.023385289299884e-09,0.9992308372857492,0.9907181364522839,-0.1896723493875155,painting-pair-model,scale_dependent_camb
4,0.28674463,0.32596586,1840,1859,1849.517972972973,4.948078809673007e-07,4.938827656360548e-07,4.896751906878434e-07,5.7609998776023654e-09,2.036821039933751e-09,0.9981303544934705,0.9896269027295536,-0.45419568686112577,painting-pair-model,scale_dependent_camb
4,0.28674463,0.32596586,1860,1879,1869.5177807486632,4.907184475012537e-07,4.901659752508337e-07,4.859825102575967e-07,7.4940528476687e-09,2.649547793578447e-09,0.998874156345185,0.9903489724754133,-0.20851567643316346,painting-pair-model,scale_dependent_camb
4,0.28674463,0.32596586,1880,1899,1889.5175925925926,4.86629045609139e-07,4.85255029822341e-07,4.811220383115651e-07,4.695121913132124e-09,1.6599762716366406e-09,0.997176461620621,0.9886833567637121,-0.8277321852578473,painting-pair-model,scale_dependent_camb
4,0.28674463,0.32596586,1900,1919,1909.5174083769634,4.825684668142869e-07,4.819752111009859e-07,4.778710032814055e-07,5.4134220368610325e-09,1.913933715844564e-09,0.9987706289281241,0.9902657055818586,-0.3099666975871206,painting-pair-model,scale_dependent_camb
4,0.28674463,0.32596586,1920,1939,1929.5172279792746,4.785655882385573e-07,4.777704908181482e-07,4.7370040981020286e-07,5.234707298972538e-09,1.8507485143150987e-09,0.9983385821297023,0.9898338314581675,-0.42960856878133385,painting-pair-model,scale_dependent_camb
4,0.28674463,0.32596586,1940,1959,1949.5170512820512,4.746181722113677e-07,4.727416858024566e-07,4.687140651758733e-07,6.04701462552329e-09,2.1379425238208744e-09,0.9960463241426933,0.987560301351325,-0.8777066679779132,painting-pair-model,scale_dependent_camb
4,0.28674463,0.32596586,1960,1979,1969.5168781725888,4.70694398719349e-07,4.7019836633187605e-07,4.661927857007853e-07,6.016187588255329e-09,2.127043520272842e-09,0.9989461689180442,0.990436229896061,-0.23320274491107174,painting-pair-model,scale_dependent_camb
4,0.28674463,0.32596586,1980,1999,1989.5167085427136,4.667665568155225e-07,4.656751459802767e-07,4.617107808492565e-07,5.653901160995806e-09,1.998955925549314e-09,0.9976617629962784,0.9891685128412827,-0.5459904449598474,painting-pair-model,scale_dependent_camb
5,0.2483836,0.28674463,20,39,30.608333333333334,7.081445619259225e-05,7.106401234770108e-05,7.186653641417831e-05,2.5249913574609924e-06,8.927192556490467e-07,1.003524084890663,1.0148568566102485,0.27954606504750334,painting-pair-model,scale_dependent_camb
5,0.2483836,0.28674463,40,59,50.165,5.2289333632056986e-05,5.089656596212311e-05,5.147199741464078e-05,1.7775683002168507e-06,6.284652995527899e-07,0.9733642107636267,0.9843689685707694,-2.216140924447153,painting-pair-model,scale_dependent_camb
5,0.2483836,0.28674463,60,79,69.975,3.7174354956525815e-05,3.722037003559385e-05,3.7640487302866006e-05,7.292904537304506e-07,2.578431126437078e-07,1.001237817821502,1.0125390836474586,0.17846154041592216,painting-pair-model,scale_dependent_camb
5,0.2483836,0.28674463,80,99,89.86944444444444,2.772874895221079e-05,2.7778981196013904e-05,2.8092837172182636e-05,8.794703352782913e-07,3.109397189638431e-07,1.0018115582455482,1.013130351484639,0.16154978196579772,painting-pair-model,scale_dependent_camb
5,0.2483836,0.28674463,100,119,109.80227272727272,2.1725423392136915e-05,2.1419761922504397e-05,2.1661898761234986e-05,5.28902394198798e-07,1.8699523476188527e-07,0.9859307013669917,0.9970760233411644,-1.6345949672019127,painting-pair-model,scale_dependent_camb
5,0.2483836,0.28674463,120,139,129.75576923076923,1.6891795008881225e-05,1.6997149409635732e-05,1.718908242875558e-05,4.774854241267524e-07,1.6881659065888066e-07,1.0062370162969132,1.0175995161981335,0.6240761073500898,painting-pair-model,scale_dependent_camb
5,0.2483836,0.28674463,140,159,149.72166666666666,1.3993560671719604e-05,1.4008225633731436e-05,1.4166388173857972e-05,2.3771956641530491e-07,8.404655871649397e-08,1.0010479793067586,1.0123505022197563,0.17448616856877952,painting-pair-model,scale_dependent_camb
5,0.2483836,0.28674463,160,179,169.6955882352941,1.1500503580470363e-05,1.1626026049564766e-05,1.1757666489720584e-05,1.9756769923777036e-07,6.985072993722585e-08,1.0109145193700526,1.0223610129287661,1.7970101272700862,painting-pair-model,scale_dependent_camb
5,0.2483836,0.28674463,180,199,189.675,9.73134471300782e-06,9.700823667188391e-06,9.81051009388836e-06,1.1770260574125484e-07,4.161415534148398e-08,0.9968636353228109,1.0081350916255922,-0.7334294200849341,painting-pair-model,scale_dependent_camb
5,0.2483836,0.28674463,200,219,209.65833333333333,8.365914160432749e-06,8.492394143891996e-06,8.588440899206436e-06,1.787389705608357e-07,6.31937690729348e-08,1.0151184892689247,1.0265992137268327,2.001462886527165,painting-pair-model,scale_dependent_camb
5,0.2483836,0.28674463,220,239,229.64456521739132,7.225660152415521e-06,7.3076569119017915e-06,7.390346186433461e-06,8.257070154135607e-08,2.9193151493611693e-08,1.0113479955819482,1.0227918322401153,2.8087669638618458,painting-pair-model,scale_dependent_camb
5,0.2483836,0.28674463,240,259,249.633,6.367735485789789e-06,6.427417838885803e-06,6.500086203885512e-06,8.199940596743765e-08,2.8991168006421905e-08,1.0093726181354739,1.020784581644617,2.058639137367409,painting-pair-model,scale_dependent_camb
5,0.2483836,0.28674463,260,279,269.6231481481482,5.627179165543308e-06,5.724011205065792e-06,5.788837568936592e-06,6.408602417701259e-08,2.2657831137425318e-08,1.0172079183324056,1.0287281422249999,4.273667631079693,painting-pair-model,scale_dependent_camb
5,0.2483836,0.28674463,280,299,289.6146551724138,5.030633927541298e-06,5.118098364070774e-06,5.175943545091789e-06,7.294164226332858e-08,2.5788764937641456e-08,1.0173863647781312,1.0288849516071847,3.3915713583403186,painting-pair-model,scale_dependent_camb
5,0.2483836,0.28674463,300,319,309.60725806451615,4.534415778760463e-06,4.619144932110959e-06,4.671319913775439e-06,6.878341212786302e-08,2.4318608574380478e-08,1.0186857927205029,1.030192232405384,3.4841283411156003,painting-pair-model,scale_dependent_camb
5,0.2483836,0.28674463,320,339,329.6007575757576,4.105877987887462e-06,4.189769956847049e-06,4.2371402989528984e-06,3.869985073693973e-08,1.3682463443498644e-08,1.0204321631590303,1.0319693647625836,6.131349760663855,painting-pair-model,scale_dependent_camb
5,0.2483836,0.28674463,340,359,349.595,3.7492161154879436e-06,3.823662374525156e-06,3.866976440119301e-06,6.032152572044542e-08,2.132687994422285e-08,1.0198564864611768,1.0314093189093292,3.4907243456105532,painting-pair-model,scale_dependent_camb
5,0.2483836,0.28674463,360,379,369.58986486486486,3.4389587959789737e-06,3.5155012842806725e-06,3.5552748528510084e-06,3.788134351866971e-08,1.339307744125421e-08,1.0222574601333394,1.0338230446401504,5.715078452837709,painting-pair-model,scale_dependent_camb
5,0.2483836,0.28674463,380,399,389.5852564102564,3.171606027356387e-06,3.23839946973561e-06,3.2750445574687207e-06,2.870945841208406e-08,1.0150326363688903e-08,1.0210598169517595,1.032613927839755,6.58042312985768,painting-pair-model,scale_dependent_camb
5,0.2483836,0.28674463,400,419,409.5810975609756,2.9399089848964814e-06,3.0018237247369655e-06,3.035765728215624e-06,3.1100270831695266e-08,1.0995606200914954e-08,1.021060087287928,1.0326053438428189,5.630861883297723,painting-pair-model,scale_dependent_camb
5,0.2483836,0.28674463,420,439,429.57732558139537,2.7355785841333704e-06,2.78750164576441e-06,2.8190289667431425e-06,2.981786398712129e-08,1.0542206912895804e-08,1.0189806507231043,1.0305055694958984,4.925255409996213,painting-pair-model,scale_dependent_camb
5,0.2483836,0.28674463,440,459,449.5738888888889,2.5567909582780664e-06,2.603584179850203e-06,2.632994095821556e-06,3.168310102364736e-08,1.1201667791419746e-08,1.0183015437459348,1.0298042111330097,4.177344163694903,painting-pair-model,scale_dependent_camb
5,0.2483836,0.28674463,460,479,469.5707446808511,2.398392194846903e-06,2.4347454639220737e-06,2.46223215185728e-06,3.959894770956903e-08,1.4000342226643882e-08,1.01515734964168,1.0266178138619453,2.5965986035675113,painting-pair-model,scale_dependent_camb
5,0.2483836,0.28674463,480,499,489.5678571428571,2.2574103091208443e-06,2.2859514428101676e-06,2.311805947595082e-06,3.227449143399897e-08,1.1410755876163906e-08,1.0126433079418506,1.0240964782762165,2.501248295824406,painting-pair-model,scale_dependent_camb
5,0.2483836,0.28674463,500,519,509.56519607843137,2.1318476351262767e-06,2.1590113474918807e-06,2.183442992886149e-06,2.5535047145710325e-08,9.028002497324983e-09,1.0127418638733978,1.024202178856378,3.0088286277781444,painting-pair-model,scale_dependent_camb
5,0.2483836,0.28674463,520,539,529.5627358490566,2.0193294885149305e-06,2.0423280520894548e-06,2.065411541375957e-06,1.8425995195916475e-08,6.514573076571643e-09,1.0113892080046025,1.0228204724009238,3.5303255185261446,painting-pair-model,scale_dependent_camb
5,0.2483836,0.28674463,540,559,549.5604545454545,1.918119048642726e-06,1.9269168315826806e-06,1.948703608105026e-06,2.423394940791994e-08,8.567994980635954e-09,1.004586672003586,1.0159450788437465,1.0268193386945232,painting-pair-model,scale_dependent_camb
5,0.2483836,0.28674463,560,579,569.5583333333333,1.8268114310141714e-06,1.8420779951239684e-06,1.862929792285157e-06,1.535702309274609e-08,5.429527583859583e-09,1.0083569457967108,1.0197712586300898,2.8117665623764543,painting-pair-model,scale_dependent_camb
5,0.2483836,0.28674463,580,599,589.5563559322034,1.7441910679868585e-06,1.75936878818342e-06,1.7792453052936546e-06,2.020982578867207e-08,7.145252430884393e-09,1.0087018678601993,1.0200977048616902,2.1241685081632533,painting-pair-model,scale_dependent_camb
5,0.2483836,0.28674463,600,619,609.5545081967213,1.6692209030270163e-06,1.6755843817708202e-06,1.6945151762699035e-06,2.2196978261464307e-08,7.847816925265896e-09,1.0038122448216795,1.0151533408172746,0.8108597339110714,painting-pair-model,scale_dependent_camb
5,0.2483836,0.28674463,620,639,629.5527777777778,1.6010142314566622e-06,1.6010177777096709e-06,1.6191276987617617e-06,1.631022607918645e-08,5.766535731639207e-09,1.0000022150040513,1.011313745342925,0.0006149711323611482,painting-pair-model,scale_dependent_camb
5,0.2483836,0.28674463,640,659,649.5511538461539,1.5388144930786673e-06,1.53508792926485e-06,1.5524586010059233e-06,1.4465959170559779e-08,5.114488912935272e-09,0.9975782891111444,1.00886663596465,-0.7286287793864121,painting-pair-model,scale_dependent_camb
5,0.2483836,0.28674463,660,679,669.5496268656716,1.4819262240962532e-06,1.47754167761132e-06,1.4942868171833578e-06,1.6321198149449396e-08,5.770414944282499e-09,0.9970413193223521,1.0083408963861495,-0.7598320965249916,painting-pair-model,scale_dependent_camb
5,0.2483836,0.28674463,680,699,689.5481884057971,1.4298099257211047e-06,1.4204534076950698e-06,1.4365268765268668e-06,1.3783565953639283e-08,4.873226477375179e-09,0.9934561105936398,1.0046977928219196,-1.9199842382606735,painting-pair-model,scale_dependent_camb
5,0.2483836,0.28674463,700,719,709.5468309859154,1.3819711217142642e-06,1.3802180095561834e-06,1.3958207186721954e-06,1.9710209265113758e-08,6.968611314983927e-09,0.9987314408162841,1.0100216254452203,-0.2515726704847557,painting-pair-model,scale_dependent_camb
5,0.2483836,0.28674463,720,739,729.5455479452055,1.3379227790284034e-06,1.3315329315221054e-06,1.3465936181353513e-06,1.6432491239151255e-08,5.8097629934961925e-09,0.9952240535803282,1.0064808217954437,-1.0998465020778334,painting-pair-model,scale_dependent_camb
5,0.2483836,0.28674463,740,759,749.5443333333334,1.2973642608585202e-06,1.2988885999728415e-06,1.3135727492387817e-06,1.3747788383156643e-08,4.860577196023852e-09,1.0011749507523142,1.0124933982454054,0.31361277742245264,painting-pair-model,scale_dependent_camb
5,0.2483836,0.28674463,760,779,769.5431818181818,1.2598808900458066e-06,1.253860046255582e-06,1.2680406863663093e-06,1.1309803049668596e-08,3.99861921515248e-09,0.995221100789928,1.0064766410737496,-1.505730720096866,painting-pair-model,scale_dependent_camb
5,0.2483836,0.28674463,780,799,789.5420886075949,1.2252302387896676e-06,1.2196142551974333e-06,1.2334012689225246e-06,1.2375723582870639e-08,4.375479033769052e-09,0.9954163850887471,1.0066689752457698,-1.2835128562818519,painting-pair-model,scale_dependent_camb
5,0.2483836,0.28674463,800,819,809.5410493827161,1.1931369996723285e-06,1.1903891153858094e-06,1.2038375985401546e-06,1.2290229489039402e-08,4.3452523070193186e-09,0.9976969247561062,1.008968457830714,-0.6323877400813241,painting-pair-model,scale_dependent_camb
5,0.2483836,0.28674463,820,839,829.5400602409638,1.1633416000702693e-06,1.1596630116875153e-06,1.1727791166334801e-06,1.1050355439807571e-08,3.906890633004793e-09,0.9968379121123737,1.0081124207736067,-0.9415642075255032,painting-pair-model,scale_dependent_camb
5,0.2483836,0.28674463,840,859,849.5391176470588,1.1356981765116233e-06,1.1306314320871552e-06,1.1434186728956915e-06,7.789163806371711e-09,2.7538852736291285e-09,0.9955386523204334,1.0067980177689306,-1.8398531242338494,painting-pair-model,scale_dependent_camb
5,0.2483836,0.28674463,860,879,869.5382183908046,1.1099342285424234e-06,1.0998444098857871e-06,1.1122659281510353e-06,1.3762618289531278e-08,4.865820359704785e-09,0.9909095346398261,1.0021007547552379,-2.0736110071372305,painting-pair-model,scale_dependent_camb
5,0.2483836,0.28674463,880,899,889.5373595505617,1.0859831914591367e-06,1.0821052365038666e-06,1.0943428989959255e-06,1.0576543847099253e-08,3.739372937900369e-09,0.9964290838147691,1.0076978240570709,-1.0370602289932578,painting-pair-model,scale_dependent_camb
5,0.2483836,0.28674463,900,919,909.5365384615385,1.0635882813360163e-06,1.0576444114834427e-06,1.0695955876035824e-06,1.0617840303030055e-08,3.753973439914189e-09,0.9944114936607732,1.0056481501093826,-1.5833542638781932,painting-pair-model,scale_dependent_camb
5,0.2483836,0.28674463,920,939,929.535752688172,1.0427091891920029e-06,1.042213711485694e-06,1.0539952462206297e-06,1.4114144450394521e-08,4.990103625760221e-09,0.9995248169753901,1.010823782072327,-0.0992920675536787,painting-pair-model,scale_dependent_camb
5,0.2483836,0.28674463,940,959,949.535,1.0231421941580557e-06,1.0190177710101096e-06,1.0305359966543205e-06,8.345623637707546e-09,2.950623533726874e-09,0.9959688661346432,1.007226563950233,-1.397814089395723,painting-pair-model,scale_dependent_camb
5,0.2483836,0.28674463,960,979,969.5342783505155,1.0048160693530896e-06,9.991439660910782e-07,1.0104363311315208e-06,1.1289109771824698e-08,3.991303036608281e-09,0.9943550830495146,1.0055933239424102,-1.4211156632274606,painting-pair-model,scale_dependent_camb
5,0.2483836,0.28674463,980,999,989.5335858585859,9.876251010019966e-07,9.83475489495764e-07,9.945877259771258e-07,9.84738530982545e-09,3.4815764647671836e-09,0.9957983940444379,1.0070498663592746,-1.1918771706512203,painting-pair-model,scale_dependent_camb
5,0.2483836,0.28674463,1000,1019,1009.5329207920792,9.714203095767837e-07,9.667527809259216e-07,9.776813635684707e-07,6.691701192895437e-09,2.3658736455852363e-09,0.9951951502301866,1.0064452574544327,-1.9728562679464323,painting-pair-model,scale_dependent_camb
5,0.2483836,0.28674463,1020,1039,1029.532281553398,9.562079867003398e-07,9.496387497358445e-07,9.603776826207084e-07,7.139654002267209e-09,2.5242488801644086e-09,0.9931299078695585,1.0043606579095383,-2.6024521655200057,painting-pair-model,scale_dependent_camb
5,0.2483836,0.28674463,1040,1059,1049.5316666666668,9.417831750304975e-07,9.417616474195322e-07,9.524053300782967e-07,9.132282784729261e-09,3.228749542397614e-09,0.9999771416483793,1.0112787691789622,-0.006667476272984149,painting-pair-model,scale_dependent_camb
5,0.2483836,0.28674463,1060,1079,1069.5310747663552,9.281870519326794e-07,9.224094707952049e-07,9.328474583713533e-07,6.124807727677156e-09,2.1654465388521427e-09,0.9937754129133299,1.0050209776455834,-2.668078400373293,painting-pair-model,scale_dependent_camb
5,0.2483836,0.28674463,1080,1099,1089.530504587156,9.152682551880128e-07,9.105320320464802e-07,9.208242212600563e-07,7.947677127765911e-09,2.8099281958622493e-09,0.994825316933384,1.006070314402964,-1.6855317329840966,painting-pair-model,scale_dependent_camb
5,0.2483836,0.28674463,1100,1119,1109.529954954955,9.029803151667545e-07,8.986388466574961e-07,9.087952144816871e-07,9.220868570692858e-09,3.260069347383414e-09,0.995192067383599,1.0064396745059263,-1.3317104781046598,painting-pair-model,scale_dependent_camb
5,0.2483836,0.28674463,1120,1139,1129.529424778761,8.913022227901657e-07,8.887960060528427e-07,8.988407175634396e-07,7.371636183476584e-09,2.6062669668882064e-09,0.9971881403712004,1.0084578435692386,-0.9616116726197569,painting-pair-model,scale_dependent_camb
5,0.2483836,0.28674463,1140,1159,1149.5289130434783,8.80120305602364e-07,8.760021183525386e-07,8.859049266724108e-07,7.3339349678033244e-09,2.592937574257437e-09,0.9953208814481256,1.0065725344969603,-1.5882323163930174,painting-pair-model,scale_dependent_camb
5,0.2483836,0.28674463,1160,1179,1169.5284188034188,8.69424991006122e-07,8.636077223053061e-07,8.733703913629311e-07,6.80384181591679e-09,2.4055213430776776e-09,0.9933090620111068,1.004537942200446,-2.418298518762353,painting-pair-model,scale_dependent_camb
5,0.2483836,0.28674463,1180,1199,1189.5279411764707,8.591725194543994e-07,8.574979218301525e-07,8.671904881460968e-07,7.977322394543804e-09,2.820409380446615e-09,0.998050918079514,1.0093321987262687,-0.5937427509129153,painting-pair-model,scale_dependent_camb
5,0.2483836,0.28674463,1200,1219,1209.527479338843,8.492894880115679e-07,8.419966027343908e-07,8.515127145012378e-07,1.003902493434927e-08,3.5493313037896016e-09,0.991412957089282,1.0026177487429817,-2.0547209186672704,painting-pair-model,scale_dependent_camb
5,0.2483836,0.28674463,1220,1239,1229.5270325203253,8.397647705648959e-07,8.355399004355425e-07,8.449795991719018e-07,8.152934047176437e-09,2.8824974756625708e-09,0.9949689838423308,1.0062098682747764,-1.465697772513137,painting-pair-model,scale_dependent_camb
5,0.2483836,0.28674463,1240,1259,1249.5266,8.305796569416962e-07,8.271493210219396e-07,8.36501393471319e-07,9.857284753893811e-09,3.485076446782541e-09,0.9958699495092529,1.0071296431114476,-0.9842928762505472,painting-pair-model,scale_dependent_camb
5,0.2483836,0.28674463,1260,1279,1269.5261811023622,8.216586804373376e-07,8.185738190792338e-07,8.278270163577356e-07,6.883877673888883e-09,2.433818292032753e-09,0.9962455683466256,1.0075071755063973,-1.2674986329925488,painting-pair-model,scale_dependent_camb
5,0.2483836,0.28674463,1280,1299,1289.5257751937984,8.130018728697959e-07,8.088651149468447e-07,8.180093821665069e-07,6.664324335516822e-09,2.3561944648352383e-09,0.9949117485937038,1.0061592838390827,-1.7556946103938962,painting-pair-model,scale_dependent_camb
5,0.2483836,0.28674463,1300,1319,1309.5253816793893,8.046149298712183e-07,8.016382146250715e-07,8.107004190800027e-07,9.38427794976719e-09,3.3178432874098855e-09,0.9963004474120021,1.0075632317806462,-0.8971837993200303,painting-pair-model,scale_dependent_camb
5,0.2483836,0.28674463,1320,1339,1329.525,7.964125136316533e-07,7.960226347574721e-07,8.050176221232254e-07,9.398324056775922e-09,3.3228093361674584e-09,0.999510456117266,1.0108048383774542,-0.11733410940482691,painting-pair-model,scale_dependent_camb
5,0.2483836,0.28674463,1340,1359,1349.5246296296295,7.884040439631255e-07,7.860380010166557e-07,7.949318994747377e-07,6.6639443160994044e-09,2.3560601076817193e-09,0.9969989462071044,1.0082798351449318,-1.0042370900281816,painting-pair-model,scale_dependent_camb
5,0.2483836,0.28674463,1360,1379,1369.5242700729927,7.8061632046995e-07,7.79787550610674e-07,7.886084858507665e-07,4.719616402476897e-09,1.6686363813953358e-09,0.9989383134357516,1.0102382760534714,-0.4966749308096446,painting-pair-model,scale_dependent_camb
5,0.2483836,0.28674463,1380,1399,1389.5239208633093,7.729643718981725e-07,7.704732196317996e-07,7.791883435862733e-07,6.693157908664727e-09,2.3663886723845994e-09,0.9967771447728497,1.008052080942381,-1.0527232045370862,painting-pair-model,scale_dependent_camb
5,0.2483836,0.28674463,1400,1419,1409.5235815602837,7.654437407406034e-07,7.632876136630077e-07,7.719093983233519e-07,8.791330905983342e-09,3.1082048496378475e-09,0.9971831671449692,1.008446940302226,-0.6936888596152223,painting-pair-model,scale_dependent_camb
5,0.2483836,0.28674463,1420,1439,1429.5232517482518,7.581082968635188e-07,7.562621287718576e-07,7.648056075396531e-07,1.0042961952980704e-08,3.550723250075574e-09,0.9975647699684871,1.008834240047026,-0.5199414208420354,painting-pair-model,scale_dependent_camb
5,0.2483836,0.28674463,1440,1459,1449.5229310344828,7.508907015239452e-07,7.488127401537462e-07,7.572832054905575e-07,6.909012482936691e-09,2.44270478899352e-09,0.9972326713248922,1.0085132282949285,-0.8506805159436246,painting-pair-model,scale_dependent_camb
5,0.2483836,0.28674463,1460,1479,1469.522619047619,7.437457354615071e-07,7.435221114258648e-07,7.519274001930943e-07,8.622573252080466e-09,3.0485400089119197e-09,0.9996993273037007,1.011000620698027,-0.0733544696768371,painting-pair-model,scale_dependent_camb
5,0.2483836,0.28674463,1480,1499,1489.5223154362416,7.36751146969515e-07,7.331884154740018e-07,7.414827870299222e-07,7.059384475372586e-09,2.495869316769497e-09,0.9951642674596873,1.006422304301622,-1.427451137595845,painting-pair-model,scale_dependent_camb
5,0.2483836,0.28674463,1500,1519,1509.5220198675497,7.298803821977917e-07,7.289568351692639e-07,7.372066357043111e-07,6.91757665119465e-09,2.4457326797187325e-09,0.9987346597455505,1.010037608470115,-0.3776156880047916,painting-pair-model,scale_dependent_camb
5,0.2483836,0.28674463,1520,1539,1529.5217320261438,7.230455857835897e-07,7.205803006037895e-07,7.287191430823486e-07,8.27863605218122e-09,2.9269398457363846e-09,0.9965904152818684,1.0078467490989662,-0.8422739481275603,painting-pair-model,scale_dependent_camb
5,0.2483836,0.28674463,1540,1559,1549.5214516129033,7.163104086964508e-07,7.119535164448329e-07,7.200006437687939e-07,5.5882616098921115e-09,1.9757488396995826e-09,0.9939175918725701,1.0051517261616492,-2.2051852766267657,painting-pair-model,scale_dependent_camb
5,0.2483836,0.28674463,1560,1579,1569.521178343949,7.097020121966526e-07,7.092015900030264e-07,7.172226498963581e-07,5.305884476054837e-09,1.8759134466054032e-09,0.999294884071024,1.0105968949931927,-0.26676187781038363,painting-pair-model,scale_dependent_camb
5,0.2483836,0.28674463,1580,1599,1589.5209119496856,7.031504187209909e-07,6.992378482963934e-07,7.071509109490022e-07,5.782336120816401e-09,2.0443645410645965e-09,0.9944356565530967,1.0056893832692129,-1.9138320715345511,painting-pair-model,scale_dependent_camb
5,0.2483836,0.28674463,1600,1619,1609.520652173913,6.966272347319153e-07,6.936294856188164e-07,7.014739367712477e-07,5.620314501276873e-09,1.987081248126983e-09,0.9956967672757546,1.0069573823670526,-1.508619295725618,painting-pair-model,scale_dependent_camb
5,0.2483836,0.28674463,1620,1639,1629.520398773006,6.902118188491048e-07,6.882662678395708e-07,6.960499939225896e-07,4.730693556176874e-09,1.6725527466440855e-09,0.997181226173759,1.0084585266639157,-1.1632225132735945,painting-pair-model,scale_dependent_camb
5,0.2483836,0.28674463,1640,1659,1649.5201515151516,6.838925966520113e-07,6.779343360490444e-07,6.856000566830937e-07,5.678170834596205e-09,2.0075365509393273e-09,0.991287724663002,1.0024966786297165,-2.967946262387607,painting-pair-model,scale_dependent_camb
5,0.2483836,0.28674463,1660,1679,1669.5199101796406,6.775906196904911e-07,6.709391754105061e-07,6.785204191347227e-07,5.899098700981845e-09,2.0856463471765077e-09,0.9901836830577387,1.0013722141617845,-3.189152508520735,painting-pair-model,scale_dependent_camb
5,0.2483836,0.28674463,1680,1699,1689.519674556213,6.713315458974465e-07,6.663339090171406e-07,6.738611883860312e-07,6.734478329855605e-09,2.3809976473973763e-09,0.9925556352731423,1.0037680971556358,-2.0989675843521556,painting-pair-model,scale_dependent_camb
5,0.2483836,0.28674463,1700,1719,1709.5194444444444,6.651703861677786e-07,6.632514108937219e-07,6.707494788344469e-07,6.358255540567729e-09,2.247982804626189e-09,0.9971150620743771,1.008387463998226,-0.8536432174247931,painting-pair-model,scale_dependent_camb
5,0.2483836,0.28674463,1720,1739,1729.519219653179,6.590841275226321e-07,6.565804891604201e-07,6.640021031105625e-07,6.4284554115602686e-09,2.272802207034812e-09,0.9962013371925331,1.0074618328413036,-1.1015645595831784,painting-pair-model,scale_dependent_camb
5,0.2483836,0.28674463,1740,1759,1749.519,6.530040430032164e-07,6.512779172315954e-07,6.586389586821767e-07,5.176266325357453e-09,1.8300865099439134e-09,0.9973566384617124,1.0086292202006053,-0.9431935387982819,painting-pair-model,scale_dependent_camb
5,0.2483836,0.28674463,1760,1779,1769.5187853107345,6.46969269518852e-07,6.405791045480178e-07,6.478213923536154e-07,5.419145825939624e-09,1.915957380880341e-09,0.990122923495908,1.001317099397004,-3.335233358843313,painting-pair-model,scale_dependent_camb
5,0.2483836,0.28674463,1780,1799,1789.5185754189945,6.410216577104454e-07,6.366892228516745e-07,6.438929736584149e-07,3.4739575956088277e-09,1.228229486704758e-09,0.9932413596223174,1.0044792807129561,-3.5273822243059954,painting-pair-model,scale_dependent_camb
5,0.2483836,0.28674463,1800,1819,1809.5183701657459,6.351413218792792e-07,6.296272390723773e-07,6.367490351089856e-07,4.270283437522784e-09,1.5097731881304806e-09,0.9913183371685113,1.0025312685135166,-3.652259061329543,painting-pair-model,scale_dependent_camb
5,0.2483836,0.28674463,1820,1839,1829.518169398907,6.292685649593542e-07,6.255881348287635e-07,6.326581679713612e-07,5.260023469483238e-09,1.8596991322359943e-09,0.9941512569743121,1.0053865760992302,-1.9790460009332527,painting-pair-model,scale_dependent_camb
5,0.2483836,0.28674463,1840,1859,1849.517972972973,6.234319666169656e-07,6.17042367341922e-07,6.240226639100351e-07,3.434168533534302e-09,1.2141619288997832e-09,0.9897509277400122,1.0009474927894295,-5.26255940246252,painting-pair-model,scale_dependent_camb
5,0.2483836,0.28674463,1860,1879,1869.5177807486632,6.176734493707647e-07,6.134640413163243e-07,6.204038295550127e-07,4.032220337951407e-09,1.425605172101876e-09,0.9931850590976047,1.0044204266623884,-2.952716598407246,painting-pair-model,scale_dependent_camb
5,0.2483836,0.28674463,1880,1899,1889.5175925925926,6.119828911541044e-07,6.069592122686479e-07,6.138216998922408e-07,4.182068080212698e-09,1.4785843494511026e-09,0.9917911448864483,1.00300467343894,-3.397627526168196,painting-pair-model,scale_dependent_camb
5,0.2483836,0.28674463,1900,1919,1909.5174083769634,6.063117174884175e-07,6.005901028906897e-07,6.073828372370139e-07,4.155930519797546e-09,1.4693433263444889e-09,0.9905632458804705,1.001766615616524,-3.893994340970228,painting-pair-model,scale_dependent_camb
5,0.2483836,0.28674463,1920,1939,1929.5172279792746,6.006590443800331e-07,5.950701266853438e-07,6.017957810239609e-07,5.105711951417536e-09,1.80514177181627e-09,0.990695357462805,1.0018924823567772,-3.0961101127619264,painting-pair-model,scale_dependent_camb
5,0.2483836,0.28674463,1940,1959,1949.5170512820512,5.950750132827449e-07,5.915603316497362e-07,5.982490226418323e-07,4.186217974247657e-09,1.4800515585577649e-09,0.9940937166667108,1.0053337970646388,-2.3747021599934084,painting-pair-model,scale_dependent_camb
5,0.2483836,0.28674463,1960,1979,1969.5168781725888,5.895599440013106e-07,5.866703934002417e-07,5.933038798999379e-07,4.3448903156422004e-09,1.5361507028511792e-09,0.9950988010117213,1.0063503905526847,-1.8810332838475505,painting-pair-model,scale_dependent_camb
5,0.2483836,0.28674463,1980,1999,1989.5167085427136,5.840850461959019e-07,5.78787616800004e-07,5.853350858139786e-07,2.882773174910658e-09,1.0192142303009997e-09,0.9909303800355794,1.0021401671318553,-5.197562238052158,painting-pair-model,scale_dependent_camb
6,0.21083225,0.2483836,20,39,30.608333333333334,9.17071150526866e-05,8.977541130969579e-05,9.016289825307538e-05,3.523204703986641e-06,1.2456409688486484e-06,0.978936162784305,0.9831614286555187,-1.5507708812566519,painting-pair-model,scale_dependent_camb
6,0.21083225,0.2483836,40,59,50.165,6.449040801280135e-05,6.455244598239446e-05,6.482828863466411e-05,1.849355389163785e-06,6.538458682507994e-07,1.0009619720436689,1.0052392383964401,0.09488164199780152,painting-pair-model,scale_dependent_camb
6,0.21083225,0.2483836,60,79,69.975,4.370392256182159e-05,4.409673452163606e-05,4.428734443790959e-05,1.0404532897241409e-06,3.6785578833589577e-07,1.0089880252569734,1.013349416754588,1.0678422693617726,painting-pair-model,scale_dependent_camb
6,0.21083225,0.2483836,80,99,89.86944444444444,3.286290238380618e-05,3.2933565244585334e-05,3.3073498658527814e-05,9.740403363903322e-07,3.4437526350541486e-07,1.0021502318922986,1.0064083285238192,0.20519145324165952,painting-pair-model,scale_dependent_camb
6,0.21083225,0.2483836,100,119,109.80227272727272,2.4447507359247915e-05,2.4711151874401657e-05,2.4817763140581032e-05,3.855364366373297e-07,1.3630771437037675e-07,1.0107841061781708,1.0151449297424204,1.934186310522118,painting-pair-model,scale_dependent_camb
6,0.21083225,0.2483836,120,139,129.75576923076923,1.9547420514905264e-05,1.9630742544344433e-05,1.9715233456302355e-05,3.276986550652646e-07,1.1585897059117999e-07,1.0042625588054257,1.0085849148878303,0.7191677002998655,painting-pair-model,scale_dependent_camb
6,0.21083225,0.2483836,140,159,149.72166666666666,1.562252573201553e-05,1.5912489516011923e-05,1.598079885731969e-05,2.170809276013439e-07,7.674969798658812e-08,1.018560621308638,1.0229331115499427,3.7780446256226905,painting-pair-model,scale_dependent_camb
6,0.21083225,0.2483836,160,179,169.6955882352941,1.2991987217871399e-05,1.308323420232562e-05,1.3139392394762846e-05,2.4418571711327355e-07,8.633268821984785e-08,1.0070233277576432,1.0113458529799568,1.056922775552401,painting-pair-model,scale_dependent_camb
6,0.21083225,0.2483836,180,199,189.675,1.0897277254181974e-05,1.1140359887204156e-05,1.118839173249241e-05,1.2797708582656768e-07,4.52467326122294e-08,1.0223067310624676,1.0267144233848613,5.372379815918054,painting-pair-model,scale_dependent_camb
6,0.21083225,0.2483836,200,219,209.65833333333333,9.334283207354294e-06,9.590987346778483e-06,9.631803361128763e-06,2.1299977904800488e-07,7.530679407804028e-08,1.0275012160785884,1.0318739154539536,3.408777953794811,painting-pair-model,scale_dependent_camb
6,0.21083225,0.2483836,220,239,229.64456521739132,8.087958631826044e-06,8.330905781592803e-06,8.366952727438812e-06,9.12377516419208e-08,3.225741644310813e-08,1.0300381296228154,1.034494995376822,7.531512952850429,painting-pair-model,scale_dependent_camb
6,0.21083225,0.2483836,240,259,249.633,7.088604155964494e-06,7.3051188381809945e-06,7.3362404058782225e-06,1.562846041917114e-07,5.525495170950732e-08,1.0305440503451333,1.0349344164895091,3.918466590194245,painting-pair-model,scale_dependent_camb
6,0.21083225,0.2483836,260,279,269.6231481481482,6.2886421988963135e-06,6.4891464709124184e-06,6.517125327835293e-06,7.548593319417733e-08,2.6688307622898744e-08,1.0318835554122152,1.0363326647808138,7.512813283224858,painting-pair-model,scale_dependent_camb
6,0.21083225,0.2483836,280,299,289.6146551724138,5.61739797613486e-06,5.821541773265751e-06,5.846674992049335e-06,3.192728223439286e-08,1.1287998886397987e-08,1.036341344871448,1.0408155193718769,18.085029878669086,painting-pair-model,scale_dependent_camb
6,0.21083225,0.2483836,300,319,309.60725806451615,5.06916775043565e-06,5.211173514236004e-06,5.233711261961549e-06,5.3137277017405846e-08,1.8786864456397877e-08,1.0280136248772098,1.0324596698366824,7.558779387051681,painting-pair-model,scale_dependent_camb
6,0.21083225,0.2483836,320,339,329.6007575757576,4.601480256975475e-06,4.705920703810414e-06,4.726250314366656e-06,6.027492304897812e-08,2.131040341171488e-08,1.022697141137706,1.0271151999841877,4.900913643780484,painting-pair-model,scale_dependent_camb
6,0.21083225,0.2483836,340,359,349.595,4.208989906573202e-06,4.331854777778312e-06,4.350524115918427e-06,5.5502195330499334e-08,1.9622989344468205e-08,1.0291910586464537,1.033626644987718,6.261271870880684,painting-pair-model,scale_dependent_camb
6,0.21083225,0.2483836,360,379,369.58986486486486,3.870977175365195e-06,3.982718277972177e-06,3.999869489517103e-06,3.484496196407646e-08,1.2319554447492892e-08,1.0288663811603178,1.0332971000118978,9.070222716514111,painting-pair-model,scale_dependent_camb
6,0.21083225,0.2483836,380,399,389.5852564102564,3.58084015390118e-06,3.691550452098607e-06,3.7074589402790578e-06,3.0245914778158684e-08,1.0693545721413208e-08,1.0309174086078132,1.0353600777850784,10.353001808907614,painting-pair-model,scale_dependent_camb
6,0.21083225,0.2483836,400,419,409.5810975609756,3.329059932988478e-06,3.414924381478084e-06,3.429635688834793e-06,4.492111341480238e-08,1.5882011957028374e-08,1.0257924009233819,1.0302114584509834,5.4063961620182335,painting-pair-model,scale_dependent_camb
6,0.21083225,0.2483836,420,439,429.57732558139537,3.1092152567322423e-06,3.180847746650883e-06,3.194532087856351e-06,3.100793341037516e-08,1.0962959992528591e-08,1.0230387683077067,1.0274399885756949,6.534046458936191,painting-pair-model,scale_dependent_camb
6,0.21083225,0.2483836,440,459,449.5738888888889,2.9167444458204778e-06,2.9777207597118023e-06,2.990517991248559e-06,3.5694501258812836e-08,1.2619911945589156e-08,1.0209056072700164,1.0252931125089804,4.831754306545435,painting-pair-model,scale_dependent_camb
6,0.21083225,0.2483836,460,479,469.5707446808511,2.7469996298196123e-06,2.791793192096452e-06,2.8038377551001972e-06,1.8329432938854796e-08,6.480433163184147e-09,1.0163063590510135,1.0206909839606777,6.912124722050292,painting-pair-model,scale_dependent_camb
6,0.21083225,0.2483836,480,499,489.5678571428571,2.5967031697610134e-06,2.6455252546239683e-06,2.6569241661687062e-06,1.0774095466382495e-08,3.80921798271515e-09,1.0188015655510785,1.0231913285696168,12.816826205402759,painting-pair-model,scale_dependent_camb
6,0.21083225,0.2483836,500,519,509.56519607843137,2.4631061976073558e-06,2.492622597166505e-06,2.503314104918527e-06,4.1726212007556785e-08,1.4752443731885473e-08,1.0119834051766916,1.0163240656656334,2.000780351756452,painting-pair-model,scale_dependent_camb
6,0.21083225,0.2483836,520,539,529.5627358490566,2.3439369043215982e-06,2.3799765210048615e-06,2.3902057730477715e-06,2.761257132544908e-08,9.762518215111129e-09,1.015375676971857,1.0197398098220416,3.691631184613671,painting-pair-model,scale_dependent_camb
6,0.21083225,0.2483836,540,559,549.5604545454545,2.2372605004254765e-06,2.2534074418732157e-06,2.2630971282342996e-06,3.115401158608441e-08,1.1014606426842277e-08,1.0072172826743548,1.011548332348383,1.4659571864855303,painting-pair-model,scale_dependent_camb
6,0.21083225,0.2483836,560,579,569.5583333333333,2.1414639002024346e-06,2.1693413639326925e-06,2.1786304870879796e-06,2.4040620251307543e-08,8.499642801815103e-09,1.0130179470817242,1.017355691535137,3.27983944505346,painting-pair-model,scale_dependent_camb
6,0.21083225,0.2483836,580,599,589.5563559322034,2.055171493688798e-06,2.0604693753062185e-06,2.0693019041840306e-06,2.4773181936153222e-08,8.758642469311013e-09,1.0025778294578773,1.0068755383862735,0.6048747435442806,painting-pair-model,scale_dependent_camb
6,0.21083225,0.2483836,600,619,609.5545081967213,1.9772084785740473e-06,1.996406072171715e-06,2.0049584538165536e-06,2.144492922380388e-08,7.581927438108644e-09,1.009709443291237,1.0140349262827961,2.532020222348168,painting-pair-model,scale_dependent_camb
6,0.21083225,0.2483836,620,639,629.5527777777778,1.9065891568820117e-06,1.9279641864349234e-06,1.936251660582209e-06,2.5684161168565977e-08,9.0807222656906e-09,1.0112111355903586,1.0155578896445139,2.3538909050959753,painting-pair-model,scale_dependent_camb
6,0.21083225,0.2483836,640,659,649.5511538461539,1.8424705715587171e-06,1.8627614660469989e-06,1.8707496577741368e-06,1.7870214728293833e-08,6.318075007818143e-09,1.0110128730420458,1.0153484601881568,3.2115627723908404,painting-pair-model,scale_dependent_camb
6,0.21083225,0.2483836,660,679,669.5496268656716,1.7840898837080876e-06,1.7967407122607288e-06,1.804458507465379e-06,1.7337222595428566e-08,6.129633832084087e-09,1.007090914346954,1.0114168147823117,2.0638799803054257,painting-pair-model,scale_dependent_camb
6,0.21083225,0.2483836,680,699,689.5481884057971,1.7308262080571766e-06,1.7541597497145312e-06,1.7617047667183273e-06,1.5005017759740405e-08,5.305074904868509e-09,1.0134811580439067,1.017840357695884,4.398343487278799,painting-pair-model,scale_dependent_camb
6,0.21083225,0.2483836,700,719,709.5468309859154,1.6821372940602725e-06,1.700400000573305e-06,1.707685627599305e-06,2.507237954563623e-08,8.864424798601134e-09,1.0108568465710375,1.0151880192117761,2.0602246539351894,painting-pair-model,scale_dependent_camb
6,0.21083225,0.2483836,720,739,729.5455479452055,1.6374982417278665e-06,1.6568576959793972e-06,1.6639936716397954e-06,1.9349351489917692e-08,6.841028825041413e-09,1.0118225801763934,1.0161804325871955,2.8299039145495106,painting-pair-model,scale_dependent_camb
6,0.21083225,0.2483836,740,759,749.5443333333334,1.5965309708458003e-06,1.6067788048819949e-06,1.613690649886633e-06,1.2960045124047687e-08,4.5820678958488845e-09,1.0064188131789047,1.010748102826807,2.2365085522802,painting-pair-model,scale_dependent_camb
6,0.21083225,0.2483836,760,779,769.5431818181818,1.558820538559899e-06,1.5710577964806225e-06,1.5778007127877296e-06,1.4540793138888268e-08,5.140946716169358e-09,1.007850331464088,1.0121759841869709,2.3803510513413424,painting-pair-model,scale_dependent_camb
6,0.21083225,0.2483836,780,799,789.5420886075949,1.5240443884740075e-06,1.5461475732281176e-06,1.5528165708936e-06,1.643536010124725e-08,5.810777289417376e-09,1.0145029796515583,1.0188788349192384,3.803825831419246,painting-pair-model,scale_dependent_camb
6,0.21083225,0.2483836,800,819,809.5410493827161,1.491910794712046e-06,1.512689646622831e-06,1.5191876901076668e-06,1.4522727740185412e-08,5.134559633205545e-09,1.0139276771670491,1.018283194606743,4.046861541232624,painting-pair-model,scale_dependent_camb
6,0.21083225,0.2483836,820,839,829.5400602409638,1.462121973771255e-06,1.4779672132499292e-06,1.4843241927926225e-06,9.97467172432927e-09,3.52657900819147e-09,1.0108371529618727,1.0151849294516115,4.493090738040802,painting-pair-model,scale_dependent_camb
6,0.21083225,0.2483836,840,859,849.5391176470588,1.4344738663946382e-06,1.4516572069714072e-06,1.45789071121252e-06,1.6887774445356033e-08,5.9707299147300685e-09,1.0119788453309067,1.0163243439747962,2.8779296371080063,painting-pair-model,scale_dependent_camb
6,0.21083225,0.2483836,860,879,869.5382183908046,1.4086985958484164e-06,1.43082988947437e-06,1.4369670402439009e-06,1.3882731607702057e-08,4.908286830599473e-09,1.0157104533866768,1.0200670636563383,4.508965019725756,painting-pair-model,scale_dependent_camb
6,0.21083225,0.2483836,880,899,889.5373595505617,1.3846463787074914e-06,1.4021034543872011e-06,1.4080985312689395e-06,1.819885747853035e-08,6.434267766458162e-09,1.012607605774411,1.016937286604064,2.713140999619794,painting-pair-model,scale_dependent_camb
6,0.21083225,0.2483836,900,919,909.5365384615385,1.3620906214299218e-06,1.383152215352202e-06,1.3890786183640235e-06,1.697158144841233e-08,6.000360164816083e-09,1.0154626965276141,1.019813657409791,3.510054953997207,painting-pair-model,scale_dependent_camb
6,0.21083225,0.2483836,920,939,929.535752688172,1.340903142471828e-06,1.3590903439379431e-06,1.3649245594050606e-06,1.6434504459390005e-08,5.8104747743376136e-09,1.0135633968554871,1.0179143565052367,3.130071495437909,painting-pair-model,scale_dependent_camb
6,0.21083225,0.2483836,940,959,949.535,1.3209190574719374e-06,1.3354277779533439e-06,1.3411653920623558e-06,1.262215335137408e-08,4.462605113966559e-09,1.0109838073720991,1.015327460434379,3.2511773080702695,painting-pair-model,scale_dependent_camb
6,0.21083225,0.2483836,960,979,969.5342783505155,1.3020006941007643e-06,1.311505610337748e-06,1.3171419303498853e-06,1.0573102655384339e-08,3.738156292901879e-09,1.007300238993765,1.011629207509431,2.542674915714961,painting-pair-model,scale_dependent_camb
6,0.21083225,0.2483836,980,999,989.5335858585859,1.2840605794135805e-06,1.2961761299481264e-06,1.301762224506031e-06,1.3051288811635787e-08,4.614327410965891e-09,1.0094353418590882,1.0137856775422034,2.6256373801636728,painting-pair-model,scale_dependent_camb
6,0.21083225,0.2483836,1000,1019,1009.5329207920792,1.2669391074998356e-06,1.2810600339391131e-06,1.2865675778095654e-06,9.773578590011399e-09,3.4554818487283578e-09,1.0111457025485175,1.0154928284978624,4.086528900296244,painting-pair-model,scale_dependent_camb
6,0.21083225,0.2483836,1020,1039,1029.532281553398,1.2506058980227856e-06,1.2677992988541401e-06,1.2732315142688604e-06,1.761193168353482e-08,6.226758161610839e-09,1.0137480567287724,1.018091723605211,2.761212236787227,painting-pair-model,scale_dependent_camb
6,0.21083225,0.2483836,1040,1059,1049.5316666666668,1.2349221225968362e-06,1.2484839847669508e-06,1.253854800905317e-06,1.0854779703948454e-08,3.837744168474028e-09,1.010981957422219,1.0153310706497576,3.5338108989967147,painting-pair-model,scale_dependent_camb
6,0.21083225,0.2483836,1060,1079,1069.5310747663552,1.2198408395334003e-06,1.2265009448590653e-06,1.2317731591781458e-06,1.0469346536420361e-08,3.7014729652473654e-09,1.005459815010139,1.0097818660091014,1.7993121625352486,painting-pair-model,scale_dependent_camb
6,0.21083225,0.2483836,1080,1099,1089.530504587156,1.2053040901854354e-06,1.2155509922142773e-06,1.220766074521741e-06,1.659941905795779e-08,5.868780889819582e-09,1.0085015077209813,1.01282828496328,1.746001805352273,painting-pair-model,scale_dependent_camb
6,0.21083225,0.2483836,1100,1119,1109.529954954955,1.1912150603036987e-06,1.202824562404289e-06,1.207986395399415e-06,1.2773677681157033e-08,4.516177054518696e-09,1.0097459329448288,1.0140791832261091,2.570648130142339,painting-pair-model,scale_dependent_camb
6,0.21083225,0.2483836,1120,1139,1129.529424778761,1.1775765361752682e-06,1.185156042724611e-06,1.1902381724204356e-06,1.4737790963966529e-08,5.2105959651652784e-09,1.0064365298700335,1.0107522830628843,1.4546333279368544,painting-pair-model,scale_dependent_camb
6,0.21083225,0.2483836,1140,1159,1149.5289130434783,1.1643094807878208e-06,1.1769894113455883e-06,1.1820473655011626e-06,1.1798338743886495e-08,4.171342666269057e-09,1.0108905155948638,1.0152346820205738,3.0397719804469454,painting-pair-model,scale_dependent_camb
6,0.21083225,0.2483836,1160,1179,1169.5284188034188,1.1513644799217945e-06,1.157045335786152e-06,1.1620050466792297e-06,1.0396756383656164e-08,3.6758084706139e-09,1.0049340204283037,1.0092417014272994,1.5454711282627482,painting-pair-model,scale_dependent_camb
6,0.21083225,0.2483836,1180,1199,1189.5279411764707,1.138754534155394e-06,1.1468913896967007e-06,1.1518241901480082e-06,5.7440711473680465e-09,2.030835829960969e-09,1.0071453990278438,1.011477149465146,4.0066535272145085,painting-pair-model,scale_dependent_camb
6,0.21083225,0.2483836,1200,1219,1209.527479338843,1.1263957672242995e-06,1.133288780465225e-06,1.1381469809115543e-06,1.2318593023974042e-08,4.3552803309646716e-09,1.0061195304896355,1.0104325797638716,1.582679579065966,painting-pair-model,scale_dependent_camb
6,0.21083225,0.2483836,1220,1239,1229.5270325203253,1.114287575655753e-06,1.1166391965572462e-06,1.1214318282575474e-06,1.1174090252494837e-08,3.9506374955648e-09,1.0021104254887785,1.0064114980350471,0.5952509953477679,painting-pair-model,scale_dependent_camb
6,0.21083225,0.2483836,1240,1259,1249.5266,1.1024288634889746e-06,1.112369996422153e-06,1.1171479830860157e-06,8.266150058724234e-09,2.9225253804147417e-09,1.0090174824538942,1.0133515368515098,3.4015557229369806,painting-pair-model,scale_dependent_camb
6,0.21083225,0.2483836,1260,1279,1269.5261811023622,1.090743799970562e-06,1.097145179068744e-06,1.1018633991967131e-06,1.0259225401069225e-08,3.627183925408663e-09,1.0058688200642119,1.010194510595844,1.7648344362522996,painting-pair-model,scale_dependent_camb
6,0.21083225,0.2483836,1280,1299,1289.5257751937984,1.0792569706121619e-06,1.0886659810964353e-06,1.0933474105682109e-06,8.185302271207705e-09,2.893941371016308e-09,1.008718044673769,1.0130556858465847,3.2512788885453965,painting-pair-model,scale_dependent_camb
6,0.21083225,0.2483836,1300,1319,1309.5253816793893,1.0679643067766867e-06,1.0752050697042342e-06,1.0798091863611493e-06,1.3380273018002573e-08,4.730640892578505e-09,1.006779967159578,1.0110910818922523,1.5306092962809381,painting-pair-model,scale_dependent_camb
6,0.21083225,0.2483836,1320,1339,1329.525,1.0567961058447603e-06,1.0616782090181585e-06,1.0662287045993942e-06,1.175163336058472e-08,4.1548298196437555e-09,1.0046197210099441,1.0089256562381954,1.1750428742751158,painting-pair-model,scale_dependent_camb
6,0.21083225,0.2483836,1340,1359,1349.5246296296295,1.0457851144573315e-06,1.0519331285676117e-06,1.0564568953735843e-06,9.741291052982465e-09,3.4440664805378722e-09,1.0058788502774496,1.0102045637949155,1.7851032043144743,painting-pair-model,scale_dependent_camb
6,0.21083225,0.2483836,1360,1379,1369.5242700729927,1.034935640441994e-06,1.041017990617757e-06,1.0454787934718867e-06,1.1945543504613099e-08,4.223387408535419e-09,1.0058770322888535,1.0101872547604893,1.4401591867870172,painting-pair-model,scale_dependent_camb
6,0.21083225,0.2483836,1380,1399,1389.5239208633093,1.0241827644086415e-06,1.0297990626403794e-06,1.0342143462632895e-06,1.1663084969045183e-08,4.1235232355833715e-09,1.0054836875086262,1.0097947184850744,1.3620144499909228,painting-pair-model,scale_dependent_camb
6,0.21083225,0.2483836,1400,1419,1409.5235815602837,1.013551308081109e-06,1.0175782890168618e-06,1.0219387563371385e-06,1.1958905625467408e-08,4.228111631668977e-09,1.0039731396956872,1.0082753070211206,0.9524301358531546,painting-pair-model,scale_dependent_camb
6,0.21083225,0.2483836,1420,1439,1429.5232517482518,1.003062732945307e-06,1.0046292985912517e-06,1.008945446955485e-06,1.1134436148129771e-08,3.9366176525155916e-09,1.0015617823237681,1.005864751841497,0.3979471171002769,painting-pair-model,scale_dependent_camb
6,0.21083225,0.2483836,1440,1459,1449.5229310344828,9.926632414285432e-07,9.95638617574674e-07,9.999117799862451e-07,9.91974644951504e-09,3.5071599910516314e-09,1.0029973671049297,1.0073021123933938,0.8483719458828102,painting-pair-model,scale_dependent_camb
6,0.21083225,0.2483836,1460,1479,1469.522619047619,9.823505925851973e-07,9.860496059611997e-07,9.902841874439007e-07,8.26191801230385e-09,2.9210291260536667e-09,1.0037654717205065,1.0080761338350954,1.2663390936466794,painting-pair-model,scale_dependent_camb
6,0.21083225,0.2483836,1480,1499,1489.5223154362416,9.721658763972638e-07,9.73961003416766e-07,9.781458289228545e-07,6.918330455139185e-09,2.4459991896591655e-09,1.001846523379482,1.0061511648071333,0.7339033582232569,painting-pair-model,scale_dependent_camb
6,0.21083225,0.2483836,1500,1519,1509.5220198675497,9.620825962238715e-07,9.662667702563991e-07,9.70407108871074e-07,1.1806675105342692e-08,4.1742900151271065e-09,1.0043490798492254,1.0086525966480175,1.0023678319821345,painting-pair-model,scale_dependent_camb
6,0.21083225,0.2483836,1520,1539,1529.5217320261438,9.520596052014904e-07,9.533873860006424e-07,9.574789447926064e-07,9.363306620127908e-09,3.3104288027106677e-09,1.0013946404110603,1.0056922272108888,0.4010902750921043,painting-pair-model,scale_dependent_camb
6,0.21083225,0.2483836,1540,1559,1549.5214516129033,9.421445407355202e-07,9.438157073063231e-07,9.478638840500187e-07,9.859220901348711e-09,3.4857609782799093e-09,1.0017737900062536,1.0060705582500469,0.47942661049226504,painting-pair-model,scale_dependent_camb
6,0.21083225,0.2483836,1560,1579,1569.521178343949,9.323386095241574e-07,9.351579488127051e-07,9.391677080229541e-07,7.932296361821603e-09,2.804490273912717e-09,1.0030239435112385,1.0073246977321706,1.0052947285191784,painting-pair-model,scale_dependent_camb
6,0.21083225,0.2483836,1580,1599,1589.5209119496856,9.225981269867449e-07,9.250546072719426e-07,9.290154810788352e-07,1.0069808053017017e-08,3.5602147797676188e-09,1.0026625680383947,1.0069557415134254,0.6899809245098407,painting-pair-model,scale_dependent_camb
6,0.21083225,0.2483836,1600,1619,1609.520652173913,9.129318434758135e-07,9.122964820045942e-07,9.162141358172264e-07,1.0950030696544994e-08,3.87142047986391e-09,0.9993040428201077,1.003595331201195,-0.1641158521850056,painting-pair-model,scale_dependent_camb
6,0.21083225,0.2483836,1620,1639,1629.520398773006,9.033728110423337e-07,9.036996970228346e-07,9.075784165542995e-07,7.990876616382203e-09,2.825201521534435e-09,1.0003618505853897,1.004655448404644,0.1157035977820708,painting-pair-model,scale_dependent_camb
6,0.21083225,0.2483836,1640,1659,1649.5201515151516,8.939067652513524e-07,8.960141386723797e-07,8.99865637095713e-07,9.524429612070368e-09,3.3673943828144576e-09,1.0023574868240703,1.006666099951358,0.6258172288290258,painting-pair-model,scale_dependent_camb
6,0.21083225,0.2483836,1660,1679,1669.5199101796406,8.844964906452013e-07,8.86044377919713e-07,8.898461223972379e-07,9.55798730913275e-09,3.3792588203913647e-09,1.0017500208207526,1.0060482226991474,0.4580552590915288,painting-pair-model,scale_dependent_camb
6,0.21083225,0.2483836,1680,1699,1689.519674556213,8.751698545614368e-07,8.765406521608235e-07,8.803100022261275e-07,7.332536353348029e-09,2.5924430893746346e-09,1.0015663217742727,1.0058733143490948,0.5287667085171728,painting-pair-model,scale_dependent_camb
6,0.21083225,0.2483836,1700,1719,1709.5194444444444,8.659421584140529e-07,8.665218541592239e-07,8.702261098973051e-07,1.1341565729921438e-08,4.009849018450202e-09,1.0006694393378799,1.004947156621983,0.14456797313409078,painting-pair-model,scale_dependent_camb
6,0.21083225,0.2483836,1720,1739,1729.519219653179,8.567990168631513e-07,8.585702600425584e-07,8.622498061560477e-07,8.669264165458438e-09,3.0650477396465984e-09,1.0020672796589938,1.0063618061944708,0.5778843691391619,painting-pair-model,scale_dependent_camb
6,0.21083225,0.2483836,1740,1759,1749.519,8.477124326108207e-07,8.461191307269565e-07,8.497419639164118e-07,8.933473269112404e-09,3.1584597640690677e-09,0.9981204688965607,1.002394127097252,-0.504455336740325,painting-pair-model,scale_dependent_camb
6,0.21083225,0.2483836,1760,1779,1769.5187853107345,8.387109255435838e-07,8.360361042612104e-07,8.396309934224734e-07,5.879598326565001e-09,2.0787519236835945e-09,0.9968107947554876,1.0010970023769434,-1.2867438639015412,painting-pair-model,scale_dependent_camb
6,0.21083225,0.2483836,1780,1799,1789.5185754189945,8.298034013350392e-07,8.297336930095708e-07,8.332959956589076e-07,8.78308382978235e-09,3.1052890678845058e-09,0.999915994167587,1.0042089419231703,-0.022448256488983118,painting-pair-model,scale_dependent_camb
6,0.21083225,0.2483836,1800,1819,1809.5183701657459,8.209790868520127e-07,8.20538829571313e-07,8.240670596353166e-07,3.865425514340728e-09,1.3666342966809134e-09,0.9994637411747139,1.0037613294086998,-0.3221471038513476,painting-pair-model,scale_dependent_camb
6,0.21083225,0.2483836,1820,1839,1829.518169398907,8.122125800757561e-07,8.117977329596278e-07,8.152764138661856e-07,9.563067375593324e-09,3.3810548951129395e-09,0.9994892382532543,1.0037722067665384,-0.12269753937682237,painting-pair-model,scale_dependent_camb
6,0.21083225,0.2483836,1840,1859,1849.517972972973,8.035268936898303e-07,8.02952053902016e-07,8.063948520130792e-07,8.693626359538454e-09,3.073661075965879e-09,0.9992846041715236,1.0035692126122615,-0.18702120162471997,painting-pair-model,scale_dependent_camb
6,0.21083225,0.2483836,1860,1879,1869.5177807486632,7.949337890587905e-07,7.92582684466597e-07,7.959935487949658e-07,5.600685921839281e-09,1.980141497314293e-09,0.9970423894108499,1.0013331421443665,-1.187341710368857,painting-pair-model,scale_dependent_camb
6,0.21083225,0.2483836,1880,1899,1889.5175925925926,7.864280573277514e-07,7.838611213589585e-07,7.872176201729761e-07,8.820461476231098e-09,3.1185040615188573e-09,0.9967359557624187,1.0010039861089235,-0.823130551750078,painting-pair-model,scale_dependent_camb
6,0.21083225,0.2483836,1900,1919,1909.5174083769634,7.779809856216078e-07,7.774157906908335e-07,7.80751932618267e-07,6.1467069317812e-09,2.1731890767144217e-09,0.9992735106111588,1.0035617155790064,-0.26007627998426425,painting-pair-model,scale_dependent_camb
6,0.21083225,0.2483836,1920,1939,1929.5172279792746,7.696069416256692e-07,7.675370879447793e-07,7.708315224050119e-07,6.1607556167980766e-09,2.1781560369355154e-09,0.9973105054425344,1.001591176889278,-0.9502779625476461,painting-pair-model,scale_dependent_camb
6,0.21083225,0.2483836,1940,1959,1949.5170512820512,7.613277868409415e-07,7.597426806240181e-07,7.629908443608977e-07,9.386142823138167e-09,3.3185026197132216e-09,0.9979179714121552,1.0021844172099075,-0.4776570636127478,painting-pair-model,scale_dependent_camb
6,0.21083225,0.2483836,1960,1979,1969.5168781725888,7.531359193100691e-07,7.517655863531595e-07,7.549916640777134e-07,5.739704287506624e-09,2.0292919118507175e-09,0.9981804971429793,1.002464023717451,-0.6752764099177057,painting-pair-model,scale_dependent_camb
6,0.21083225,0.2483836,1980,1999,1989.5167085427136,7.450106519055541e-07,7.421223648654997e-07,7.453055841786464e-07,6.718219033270497e-09,2.3752491179610497e-09,0.9961231600747361,1.0003958765855736,-1.2159933112757928,painting-pair-model,scale_dependent_camb
7,0.17404257,0.21083225,20,39,30.608333333333334,0.00012207581957406866,0.0001196990192354748,0.00011946266495187824,3.439837722984927e-06,1.2161662900519672e-06,0.9805301299889964,0.978594003044109,-1.9543382825487547,painting-pair-model,scale_dependent_camb
7,0.17404257,0.21083225,40,59,50.165,7.879233323146514e-05,7.866057513078388e-05,7.849829378009348e-05,2.3586344243929798e-06,8.339031979141525e-07,0.9983277801877729,0.9962681717965138,-0.1580016733486895,painting-pair-model,scale_dependent_camb
7,0.17404257,0.21083225,60,79,69.975,5.336131632520457e-05,5.2495367601149917e-05,5.238885477217906e-05,1.0168392144839964e-06,3.5950695196901805e-07,0.9837719759614395,0.9817759077175129,-2.408712041065839,painting-pair-model,scale_dependent_camb
7,0.17404257,0.21083225,80,99,89.86944444444444,3.780322795562477e-05,3.792649216302823e-05,3.784906026386041e-05,5.945871958934269e-07,2.102183191114681e-07,1.0032606794199732,1.001212391393916,0.5863628247265052,painting-pair-model,scale_dependent_camb
7,0.17404257,0.21083225,100,119,109.80227272727272,2.8696417029703157e-05,2.8817921556582058e-05,2.876085446363393e-05,4.167145699117095e-07,1.4733084910190271e-07,1.004234135807029,1.0022454870886521,0.8247052645088694,painting-pair-model,scale_dependent_camb
7,0.17404257,0.21083225,120,139,129.75576923076923,2.2128166445781575e-05,2.2197817130045388e-05,2.2152903143142047e-05,3.857409001632623e-07,1.363800031432229e-07,1.0031476030530804,1.001117882831417,0.5107103875827591,painting-pair-model,scale_dependent_camb
7,0.17404257,0.21083225,140,159,149.72166666666666,1.791151009181266e-05,1.8198777215535875e-05,1.8162429581648665e-05,4.073599093812385e-07,1.440234771535056e-07,1.0160381297975833,1.0140088406030434,1.9945853926095352,painting-pair-model,scale_dependent_camb
7,0.17404257,0.21083225,160,179,169.6955882352941,1.465752715240255e-05,1.5038921977430078e-05,1.5008094112886022e-05,4.0801682554992285e-07,1.442557320922795e-07,1.0260204071984278,1.0239171967302827,2.643879861796767,painting-pair-model,scale_dependent_camb
7,0.17404257,0.21083225,180,199,189.675,1.2354791475701741e-05,1.2664576738215802e-05,1.2639456476268653e-05,1.6552540489808527e-07,5.852206813104253e-08,1.0250740988322886,1.023040858368736,5.293477698368251,painting-pair-model,scale_dependent_camb
7,0.17404257,0.21083225,200,219,209.65833333333333,1.052921491148401e-05,1.0832364448155869e-05,1.0810165831410742e-05,1.9357787397008026e-07,6.84401136859593e-08,1.0287912763886335,1.026682988455322,4.4294131079745815,painting-pair-model,scale_dependent_camb
7,0.17404257,0.21083225,220,239,229.64456521739132,9.140313479899994e-06,9.512429215683648e-06,9.492749618426668e-06,2.2451736925272007e-07,7.93788771463812e-08,1.0407114850712675,1.0385584301131137,4.687843279736016,painting-pair-model,scale_dependent_camb
7,0.17404257,0.21083225,240,259,249.633,8.019554759787305e-06,8.232851370874641e-06,8.216339645466544e-06,1.428260081032363e-07,5.049661942980159e-08,1.0265970639862547,1.0245381310526096,4.223978030526441,painting-pair-model,scale_dependent_camb
7,0.17404257,0.21083225,260,279,269.6231481481482,7.122947591652871e-06,7.319903268997041e-06,7.305128715450332e-06,1.168128109354904e-07,4.129956537097367e-08,1.0276508671178453,1.0255766480734678,4.768952786185857,painting-pair-model,scale_dependent_camb
7,0.17404257,0.21083225,280,299,289.6146551724138,6.3867993277410846e-06,6.627186428771531e-06,6.613777143099752e-06,8.878091272889713e-08,3.1388792715267116e-08,1.0376381171060636,1.03553858571582,7.658373586108818,painting-pair-model,scale_dependent_camb
7,0.17404257,0.21083225,300,319,309.60725806451615,5.778784637413776e-06,5.97443527797472e-06,5.962320147127317e-06,1.1922338572666922e-07,4.215183226167362e-08,1.0338567108547767,1.031760226627113,4.641569062677212,painting-pair-model,scale_dependent_camb
7,0.17404257,0.21083225,320,339,329.6007575757576,5.269865586070285e-06,5.481077075861423e-06,5.469952022992468e-06,1.0115707600995185e-07,3.576442720581999e-08,1.040079103791457,1.0379680342229347,5.905630434835194,painting-pair-model,scale_dependent_camb
7,0.17404257,0.21083225,340,359,349.595,4.8407889436165685e-06,4.956522513547049e-06,4.946515107393284e-06,8.402467770258952e-08,2.9707209695257573e-08,1.0239079974934862,1.021840688575389,3.895807486387933,painting-pair-model,scale_dependent_camb
7,0.17404257,0.21083225,360,379,369.58986486486486,4.475728498702288e-06,4.589837226353831e-06,4.580492801862473e-06,7.547164292983918e-08,2.6683255251489518e-08,1.0254950066083384,1.0234072069363815,4.276417047922717,painting-pair-model,scale_dependent_camb
7,0.17404257,0.21083225,380,399,389.5852564102564,4.163357452145261e-06,4.237311698233279e-06,4.228762747667637e-06,7.029349605828573e-08,2.4852503868061842e-08,1.0177631267403935,1.0157097477874917,2.975726167497225,painting-pair-model,scale_dependent_camb
7,0.17404257,0.21083225,400,419,409.5810975609756,3.893880005218302e-06,3.977999208286273e-06,3.969819321203912e-06,7.913484496933663e-08,2.797839275298204e-08,1.0216029263755535,1.01950222294571,3.0065773902972084,painting-pair-model,scale_dependent_camb
7,0.17404257,0.21083225,420,439,429.57732558139537,3.6602420412785545e-06,3.741982797878443e-06,3.7343098774267667e-06,6.899400490544033e-08,2.439306436492739e-08,1.0223320632018467,1.0202357754795746,3.35098351633985,painting-pair-model,scale_dependent_camb
7,0.17404257,0.21083225,440,459,449.5738888888889,3.4566728997246815e-06,3.514692963236046e-06,3.5076139815822245e-06,4.0273111457291454e-08,1.4238695105466213e-08,1.0167849447125836,1.0147370270011953,4.074816061556843,painting-pair-model,scale_dependent_camb
7,0.17404257,0.21083225,460,479,469.5707446808511,3.2784720668857476e-06,3.322648707365816e-06,3.3158887422246106e-06,5.26874021571507e-08,1.8627809674211996e-08,1.0134747649450107,1.0114128394494468,2.3715424009955326,painting-pair-model,scale_dependent_camb
7,0.17404257,0.21083225,480,499,489.5678571428571,3.1217841022183236e-06,3.1623899046187205e-06,3.1560145417304038e-06,4.509583067493e-08,1.5943783836741663e-08,1.013007242355915,1.010965024611329,2.546810896094992,painting-pair-model,scale_dependent_camb
7,0.17404257,0.21083225,500,519,509.56519607843137,2.9834317289476092e-06,3.0127553771545403e-06,3.0066390669008024e-06,4.566116101628335e-08,1.614365829573239e-08,1.009828831651286,1.007778739405369,1.816419034010579,painting-pair-model,scale_dependent_camb
7,0.17404257,0.21083225,520,539,529.5627358490566,2.8607853787869503e-06,2.8853809942732713e-06,2.8794593235995478e-06,5.29699689077331e-08,1.8727712106949326e-08,1.008597504611391,1.0065275588134177,1.3133272951795476,painting-pair-model,scale_dependent_camb
7,0.17404257,0.21083225,540,559,549.5604545454545,2.751665968282048e-06,2.776860043779032e-06,2.771160778827434e-06,5.3005674261510775e-08,1.8740335855839756e-08,1.0091559352724464,1.0070847300399464,1.3443769466454376,painting-pair-model,scale_dependent_camb
7,0.17404257,0.21083225,560,579,569.5583333333333,2.654233378268599e-06,2.6595899344797667e-06,2.654144753536302e-06,5.283445929437356e-08,1.867980222368808e-08,1.0020181180204515,0.9999666100452875,0.28675658055817527,painting-pair-model,scale_dependent_camb
7,0.17404257,0.21083225,580,599,589.5563559322034,2.5669439981336856e-06,2.578535861905656e-06,2.573331530169301e-06,3.456662479765022e-08,1.222114739857477e-08,1.0045158226203603,1.0024883799725508,0.9485086296661688,painting-pair-model,scale_dependent_camb
7,0.17404257,0.21083225,600,619,609.5545081967213,2.488486459775527e-06,2.516658937916275e-06,2.5114994870248303e-06,4.3126504282852545e-08,1.5247521813637858e-08,1.0113211297694942,1.0092478008706463,1.8476758705502976,painting-pair-model,scale_dependent_camb
7,0.17404257,0.21083225,620,639,629.5527777777778,2.417722564629411e-06,2.4254564785012646e-06,2.4204461842326558e-06,4.939622669587678e-08,1.746420343084122e-08,1.0031988425739986,1.001126522804184,0.44284378056406215,painting-pair-model,scale_dependent_camb
7,0.17404257,0.21083225,640,659,649.5511538461539,2.353685508407765e-06,2.3710065715717443e-06,2.3661583472083397e-06,3.9771982148601423e-08,1.406151913925319e-08,1.0073591238515536,1.0052992801102865,1.231805965802586,painting-pair-model,scale_dependent_camb
7,0.17404257,0.21083225,660,679,669.5496268656716,2.2955474740386776e-06,2.295612113610821e-06,2.29082147945181e-06,5.5299568398396607e-08,1.955134990559777e-08,1.0000281586736388,0.9979412342195857,0.0033061436911371064,painting-pair-model,scale_dependent_camb
7,0.17404257,0.21083225,680,699,689.5481884057971,2.2425492677736488e-06,2.249611463916233e-06,2.244991350814706e-06,3.9112263799587026e-08,1.3828273480122553e-08,1.0031491821580338,1.0010889763164408,0.5107070056674812,painting-pair-model,scale_dependent_camb
7,0.17404257,0.21083225,700,719,709.5468309859154,2.1940581648022835e-06,2.2163648096744053e-06,2.211722028534714e-06,5.4027398873525636e-08,1.9101570056670206e-08,1.0101668429898403,1.0080507727715697,1.1677911714033362,painting-pair-model,scale_dependent_camb
7,0.17404257,0.21083225,720,739,729.5455479452055,2.149501784205451e-06,2.1599850644270025e-06,2.1555872471533957e-06,3.805523409025259e-08,1.3454557042429541e-08,1.0048770744451496,1.0028311039295994,0.7791620481069877,painting-pair-model,scale_dependent_camb
7,0.17404257,0.21083225,740,759,749.5443333333334,2.108378177939675e-06,2.1082406158664707e-06,2.1038140892595053e-06,5.330420539869596e-08,1.8845882551589243e-08,0.9999347545546413,0.997835260899622,-0.007299317122863513,painting-pair-model,scale_dependent_camb
7,0.17404257,0.21083225,760,779,769.5431818181818,2.070247518909746e-06,2.0827862337864406e-06,2.078619172863182e-06,2.538556418407099e-08,8.97515228940147e-09,1.0060566259648498,1.0040437937381734,1.3970475901006538,painting-pair-model,scale_dependent_camb
7,0.17404257,0.21083225,780,799,789.5420886075949,2.0347100590907735e-06,2.043881521889887e-06,2.0396652661659703e-06,3.8828905211246274e-08,1.3728091090460956e-08,1.0045075035424025,1.002435338171676,0.668079978394554,painting-pair-model,scale_dependent_camb
7,0.17404257,0.21083225,800,819,809.5410493827161,2.001444010115923e-06,2.0214191282732733e-06,2.017195144220213e-06,4.513849485549943e-08,1.5958867902438866e-08,1.009980353213175,1.0078698849554015,1.2516626041060017,painting-pair-model,scale_dependent_camb
7,0.17404257,0.21083225,820,839,829.5400602409638,1.970120274513579e-06,1.9777445168972936e-06,1.97372669267617e-06,2.5839746658062908e-08,9.135730043029355e-09,1.0038699375273406,1.001830557356952,0.8345520662064624,painting-pair-model,scale_dependent_camb
7,0.17404257,0.21083225,840,859,849.5391176470588,1.9405192779858704e-06,1.956828545411312e-06,1.9528136055850777e-06,3.4874598083837326e-08,1.2330032398118375e-08,1.0084045892305535,1.0063355864271382,1.3227270536556468,painting-pair-model,scale_dependent_camb
7,0.17404257,0.21083225,860,879,869.5382183908046,1.9123645070001713e-06,1.9259564947511325e-06,1.9220312531265787e-06,2.7542066559650792e-08,9.73759101611016e-09,1.0071074252325893,1.0050548658956084,1.395826516894602,painting-pair-model,scale_dependent_camb
7,0.17404257,0.21083225,880,899,889.5373595505617,1.8855194245977877e-06,1.8994408269382864e-06,1.8955649061741314e-06,2.8903068731153344e-08,1.0218777948449695e-08,1.007383324806356,1.0053276998610006,1.3623353409505015,painting-pair-model,scale_dependent_camb
7,0.17404257,0.21083225,900,919,909.5365384615385,1.859753066692719e-06,1.8667593334346787e-06,1.8628734131670281e-06,3.936953005840907e-08,1.3919230838214334e-08,1.003767310223835,1.0016778283795806,0.5033515733300793,painting-pair-model,scale_dependent_camb
7,0.17404257,0.21083225,920,939,929.535752688172,1.8349839017835029e-06,1.8366503400829887e-06,1.832873396293361e-06,3.189803506829369e-08,1.1277658451658383e-08,1.0009081487297333,0.9988498506782045,0.1477645653686864,painting-pair-model,scale_dependent_camb
7,0.17404257,0.21083225,940,959,949.535,1.8110322037711722e-06,1.8136507252016952e-06,1.8099362203014464e-06,2.8504542040028136e-08,1.0077877485560459e-08,1.0014458723732633,0.9993948293865546,0.2598286627590851,painting-pair-model,scale_dependent_camb
7,0.17404257,0.21083225,960,979,969.5342783505155,1.7878347755804423e-06,1.7860875046002377e-06,1.7824314501660795e-06,2.8167389026073208e-08,9.958675894327952e-09,0.9990226887830631,0.9969777266399751,-0.17545213829077158,painting-pair-model,scale_dependent_camb
7,0.17404257,0.21083225,980,999,989.5335858585859,1.7652779230945898e-06,1.771489050255279e-06,1.7678486717808853e-06,3.13715309884537e-08,1.1091511149069762e-08,1.0035184981806156,1.0014562855245983,0.5599892636099569,painting-pair-model,scale_dependent_camb
7,0.17404257,0.21083225,1000,1019,1009.5329207920792,1.7432817159285884e-06,1.7436840076262568e-06,1.740108229416533e-06,3.1791841339384354e-08,1.1240113298742743e-08,1.0002307668886747,0.9981795905486424,0.035790715536061564,painting-pair-model,scale_dependent_camb
7,0.17404257,0.21083225,1020,1039,1029.532281553398,1.7218088170752018e-06,1.723469062357282e-06,1.7199288250857884e-06,2.885699194897032e-08,1.020248734588126e-08,1.000964244848566,0.9989081296536704,0.16272946251194728,painting-pair-model,scale_dependent_camb
7,0.17404257,0.21083225,1040,1059,1049.5316666666668,1.7007452330030723e-06,1.6957060071045613e-06,1.6922115095587347e-06,3.255638414120636e-08,1.1510419998580596e-08,0.997037048347557,0.9949823622734668,-0.43779687440878845,painting-pair-model,scale_dependent_camb
7,0.17404257,0.21083225,1060,1079,1069.5310747663552,1.6801246679071058e-06,1.677574399641503e-06,1.6741783884751308e-06,2.108049723668663e-08,7.453081273422695e-09,0.9984820958144852,0.9964608105900962,-0.34217636599468937,painting-pair-model,scale_dependent_camb
7,0.17404257,0.21083225,1080,1099,1089.530504587156,1.6598314921257457e-06,1.6639674256930394e-06,1.6605159965449988e-06,3.468289482717175e-08,1.2262255061736487e-08,1.0024917791877757,1.0004123939222147,0.33728980081319127,painting-pair-model,scale_dependent_camb
7,0.17404257,0.21083225,1100,1119,1109.529954954955,1.6398791442647021e-06,1.644520275193042e-06,1.6411386881087194e-06,3.106076852952692e-08,1.0981640028047095e-08,1.0028301664452357,1.0007680711401339,0.4226263942804947,painting-pair-model,scale_dependent_camb
7,0.17404257,0.21083225,1120,1139,1129.529424778761,1.6202271992196833e-06,1.6206400656254739e-06,1.6172663889416497e-06,3.437534456290834e-08,1.21535196230283e-08,1.0002548200684382,0.9981725956214909,0.03397093340831286,painting-pair-model,scale_dependent_camb
7,0.17404257,0.21083225,1140,1159,1149.5289130434783,1.6008076217291071e-06,1.5991713482502609e-06,1.5958748177645835e-06,2.9194934820806875e-08,1.03219681940459e-08,0.9989778450223277,0.9969185529244323,-0.15852339864698525,painting-pair-model,scale_dependent_camb
7,0.17404257,0.21083225,1160,1179,1169.5284188034188,1.5816861579516637e-06,1.5830380280733715e-06,1.5798024275336599e-06,2.4247321322196872e-08,8.572722666267286e-09,1.0008547018730054,0.9988090365408248,0.15769437252732982,painting-pair-model,scale_dependent_camb
7,0.17404257,0.21083225,1180,1199,1189.5279411764707,1.5627808718128417e-06,1.5557714081306655e-06,1.5525730415194367e-06,2.546028171895218e-08,9.001568927195487e-09,0.9955147495028877,0.9934681627619593,-0.7786935520761569,painting-pair-model,scale_dependent_camb
7,0.17404257,0.21083225,1200,1219,1209.527479338843,1.5440822196025135e-06,1.5470990604463186e-06,1.5439244325018694e-06,2.6455078155778606e-08,9.353282580385578e-09,1.001953808421278,0.999897811723598,0.32254353676125685,painting-pair-model,scale_dependent_camb
7,0.17404257,0.21083225,1220,1239,1229.5270325203253,1.5256129915225273e-06,1.5208061915491658e-06,1.51769923919225e-06,2.281583257425402e-08,8.06661496583597e-09,0.9968492664915206,0.9948127392895497,-0.5958881133808206,painting-pair-model,scale_dependent_camb
7,0.17404257,0.21083225,1240,1259,1249.5266,1.5073240098109823e-06,1.5062739086931778e-06,1.5031768708880772e-06,2.7519519043593497e-08,9.729619265358647e-09,0.9993033341796658,0.9972486745411657,-0.1079282846702233,painting-pair-model,scale_dependent_camb
7,0.17404257,0.21083225,1260,1279,1269.5261811023622,1.4892380788858634e-06,1.4810304639662382e-06,1.4779984757933448e-06,2.4448895015084835e-08,8.643989728842232e-09,0.9944887153800381,0.992452782901625,-0.949516968100857,painting-pair-model,scale_dependent_camb
7,0.17404257,0.21083225,1280,1299,1289.5257751937984,1.471342306732659e-06,1.4676913523500473e-06,1.4646548767595212e-06,3.0251533901585104e-08,1.069553238155278e-08,0.9975186233917793,0.9954548782139023,-0.3413532166859517,painting-pair-model,scale_dependent_camb
7,0.17404257,0.21083225,1300,1319,1309.5253816793893,1.45360234109755e-06,1.454241741567946e-06,1.4512485763547349e-06,2.6494731853619274e-08,9.367302279706706e-09,1.000439873032891,0.9983807368244619,0.06825876344154734,painting-pair-model,scale_dependent_camb
7,0.17404257,0.21083225,1320,1339,1329.525,1.436061480405868e-06,1.431577662188841e-06,1.4286701688260623e-06,1.8395100402229502e-08,6.503650117511934e-09,0.9968776975928915,0.9948530674482566,-0.6894310327294216,painting-pair-model,scale_dependent_camb
7,0.17404257,0.21083225,1340,1359,1349.5246296296295,1.4186914669511492e-06,1.4174246157296844e-06,1.414525036003141e-06,2.356336653592002e-08,8.330908132566606e-09,0.9991070283772219,0.9970631874194872,-0.15206640156221948,painting-pair-model,scale_dependent_camb
7,0.17404257,0.21083225,1360,1379,1369.5242700729927,1.4014725984017828e-06,1.3947997675229546e-06,1.3919335056545278e-06,2.2982024216048612e-08,8.125372584280711e-09,0.995238700430934,0.9931935217583753,-0.8212338338475007,painting-pair-model,scale_dependent_camb
7,0.17404257,0.21083225,1380,1399,1389.5239208633093,1.3844371530213495e-06,1.3804014353429742e-06,1.3775962242467725e-06,1.855998239715152e-08,6.561944705864396e-09,0.9970849397752958,0.9950586931594203,-0.6150185439338713,painting-pair-model,scale_dependent_camb
7,0.17404257,0.21083225,1400,1419,1409.5235815602837,1.3675667175516318e-06,1.3668034702127271e-06,1.3639798666749684e-06,2.544296244583772e-08,8.995445639463259e-09,0.9994418938914577,0.9973772022742079,-0.08484819646469907,painting-pair-model,scale_dependent_camb
7,0.17404257,0.21083225,1420,1439,1429.5232517482518,1.3508587598667886e-06,1.3465993666690874e-06,1.3438317447847145e-06,2.4049539883318157e-08,8.502796367955299e-09,0.9968468996728265,0.9947981126592635,-0.5009402805121452,painting-pair-model,scale_dependent_camb
7,0.17404257,0.21083225,1440,1459,1449.5229310344828,1.3343030997850551e-06,1.3301342397485482e-06,1.327432597373551e-06,1.6896011420342404e-08,5.973642125164732e-09,0.9968756274064128,0.994850868282768,-0.6978757597387802,painting-pair-model,scale_dependent_camb
7,0.17404257,0.21083225,1460,1479,1469.522619047619,1.3179263684479841e-06,1.3125637123044198e-06,1.3098666882965535e-06,2.1959434099149175e-08,7.763832381263742e-09,0.9959309895666786,0.9938845747802117,-0.6907228131954333,painting-pair-model,scale_dependent_camb
7,0.17404257,0.21083225,1480,1499,1489.5223154362416,1.3017188228089167e-06,1.2946704658312339e-06,1.2920493337282067e-06,1.7431385679640836e-08,6.162925509776055e-09,0.9945853460408035,0.9925717528921917,-1.1436706425385619,painting-pair-model,scale_dependent_camb
7,0.17404257,0.21083225,1500,1519,1509.5220198675497,1.2856335948290235e-06,1.2843040634638991e-06,1.2816686659008683e-06,2.2239152620240197e-08,7.86272781280721e-09,0.9989658551468538,0.9969159728369712,-0.16909288948788348,painting-pair-model,scale_dependent_camb
7,0.17404257,0.21083225,1520,1539,1529.5217320261438,1.2697548194325336e-06,1.2651540823150396e-06,1.2625888939041927e-06,1.5045024959007617e-08,5.319219585817572e-09,0.996376672844959,0.9943564494352197,-0.8649270900116198,painting-pair-model,scale_dependent_camb
7,0.17404257,0.21083225,1540,1559,1549.5214516129033,1.2540246426820998e-06,1.2473191958563947e-06,1.244810396533942e-06,1.559894720892376e-08,5.5150606754004795e-09,0.9946528588055786,0.9926522607016315,-1.2158428021679184,painting-pair-model,scale_dependent_camb
7,0.17404257,0.21083225,1560,1579,1569.521178343949,1.2384403665761088e-06,1.2364892799343793e-06,1.2339446569577511e-06,2.0802418768327636e-08,7.354765688083389e-09,0.9984245614933211,0.9963698618523015,-0.2652819579134579,painting-pair-model,scale_dependent_camb
7,0.17404257,0.21083225,1580,1599,1589.5209119496856,1.223030039373929e-06,1.2229228428646803e-06,1.2204400781833713e-06,1.604144016541352e-08,5.6715055604810755e-09,0.9999123516955449,0.9978823404927294,-0.018900891148852822,painting-pair-model,scale_dependent_camb
7,0.17404257,0.21083225,1600,1619,1609.520652173913,1.207784466517623e-06,1.2011540223089882e-06,1.1986901116840726e-06,1.9256291239670924e-08,6.80812705803721e-09,0.99451024218936,0.992470217091157,-0.9739013611397459,painting-pair-model,scale_dependent_camb
7,0.17404257,0.21083225,1620,1639,1629.520398773006,1.1927126630417252e-06,1.184130737293458e-06,1.1817076528192224e-06,1.753444544233055e-08,6.199362638308741e-09,0.9928046997284483,0.9907731253607746,-1.384323881173766,painting-pair-model,scale_dependent_camb
7,0.17404257,0.21083225,1640,1659,1649.5201515151516,1.17776587878175e-06,1.1674296419455766e-06,1.1650582281501126e-06,1.5493931969984098e-08,5.477932181609399e-09,0.9912238611914407,0.9892103763060431,-1.886886601275279,painting-pair-model,scale_dependent_camb
7,0.17404257,0.21083225,1660,1679,1669.5199101796406,1.1630209905186716e-06,1.1595696208146583e-06,1.1572035976568462e-06,1.6841774440269786e-08,5.954466456964518e-09,0.9970324097912677,0.9949980327876705,-0.5796270293833713,painting-pair-model,scale_dependent_camb
7,0.17404257,0.21083225,1680,1699,1689.519674556213,1.14842283995598e-06,1.144960121553498e-06,1.1426322651014738e-06,1.4877801919250667e-08,5.260097313126189e-09,0.9969848053504275,0.9949578024286523,-0.6582993044332195,painting-pair-model,scale_dependent_camb
7,0.17404257,0.21083225,1700,1719,1709.5194444444444,1.1340028509188696e-06,1.1270774158021367e-06,1.1247837982302207e-06,1.834974232853691e-08,6.487613616767138e-09,0.9938929297125476,0.9918703443459786,-1.0674857545206216,painting-pair-model,scale_dependent_camb
7,0.17404257,0.21083225,1720,1739,1729.519219653179,1.119713572506375e-06,1.1105987560923494e-06,1.1083255555519035e-06,1.8056859613440443e-08,6.384063939798619e-09,0.9918596892653333,0.9898295267342517,-1.4277451635788612,painting-pair-model,scale_dependent_camb
7,0.17404257,0.21083225,1740,1759,1749.519,1.1056264327531574e-06,1.097824112459277e-06,1.095571838152747e-06,1.818948842287632e-08,6.4309553050650226e-09,0.9929430772793199,0.990905974836932,-1.2132443663129173,painting-pair-model,scale_dependent_camb
7,0.17404257,0.21083225,1760,1779,1769.5187853107345,1.091685512005746e-06,1.0822003959344512e-06,1.080023186770265e-06,1.0134574367036531e-08,3.5831131296854465e-09,0.991311494045691,0.9893171384000012,-2.6471718106560385,painting-pair-model,scale_dependent_camb
7,0.17404257,0.21083225,1780,1799,1789.5185754189945,1.0779230856281227e-06,1.0716893687552375e-06,1.0695223204995605e-06,1.309599795819889e-08,4.6301344813238076e-09,0.9942169186688745,0.9922065263834043,-1.346336029337727,painting-pair-model,scale_dependent_camb
7,0.17404257,0.21083225,1800,1819,1809.5183701657459,1.064294815587151e-06,1.0569484317866692e-06,1.0548139185180444e-06,1.1985416576680298e-08,4.237484668358147e-09,0.9930974165307486,0.9910918507444987,-1.733666166473299,painting-pair-model,scale_dependent_camb
7,0.17404257,0.21083225,1820,1839,1829.518169398907,1.0508661401829618e-06,1.0431864718556972e-06,1.041063803290077e-06,1.48310392166429e-08,5.243564201065908e-09,0.9926920584519665,0.9906721355669732,-1.4645893580750846,painting-pair-model,scale_dependent_camb
7,0.17404257,0.21083225,1840,1859,1849.517972972973,1.037584739844157e-06,1.031586177575697e-06,1.0294866135939044e-06,1.4534347195745864e-08,5.1386677311157906e-09,0.9942187254321406,0.9921952145793229,-1.16733803046602,painting-pair-model,scale_dependent_camb
7,0.17404257,0.21083225,1860,1879,1869.5177807486632,1.0244847998211712e-06,1.0184203159304582e-06,1.0163370450706569e-06,1.56029136952853e-08,5.516463040102344e-09,0.9940804549840353,0.9920469735110403,-1.0993427938566402,painting-pair-model,scale_dependent_camb
7,0.17404257,0.21083225,1880,1899,1889.5175925925926,1.011517813167441e-06,1.0020191155810594e-06,9.999767187482337e-07,1.4201972830396805e-08,5.021155647300343e-09,0.9906094608886445,0.988590320141701,-1.891735340147956,painting-pair-model,scale_dependent_camb
7,0.17404257,0.21083225,1900,1919,1909.5174083769634,9.987429169330965e-07,9.926615468836823e-07,9.906567896590064e-07,1.0495901595210876e-08,3.7108615963201558e-09,0.9939109755410445,0.9919036949979875,-1.6388027124063997,painting-pair-model,scale_dependent_camb
7,0.17404257,0.21083225,1920,1939,1929.5172279792746,9.861238302095697e-07,9.768400728376656e-07,9.748431314212812e-07,1.4482588535168928e-08,5.120368281176248e-09,0.9905856069111207,0.9885605656787635,-1.8131034453192614,painting-pair-model,scale_dependent_camb
7,0.17404257,0.21083225,1940,1959,1949.5170512820512,9.73678096658965e-07,9.668906574040952e-07,9.649494119882702e-07,8.23226478818069e-09,2.9105451281229014e-09,0.9930290726697458,0.9910353486427949,-2.3320164972831923,painting-pair-model,scale_dependent_camb
7,0.17404257,0.21083225,1960,1979,1969.5168781725888,9.61377931728514e-07,9.528577125523076e-07,9.509194475651713e-07,1.2492814715599014e-08,4.416877000753576e-09,0.9911374924522268,0.9891213602703165,-1.9290143634864372,painting-pair-model,scale_dependent_camb
7,0.17404257,0.21083225,1980,1999,1989.5167085427136,9.492425894397568e-07,9.4636897118552e-07,9.444537255472586e-07,1.1277850648781923e-08,3.987322335481401e-09,0.9969727251113618,0.9949550684453333,-0.7206887260319558,painting-pair-model,scale_dependent_camb
8,0.13796899,0.17404257,20,39,30.608333333333334,0.0001617541393632348,0.00015896606292945477,0.00016185442362539213,5.7546004832119845e-06,2.0345585123492887e-06,0.98276349251552,1.000619979572406,-1.370359425328426,painting-pair-model,scale_dependent_camb
8,0.13796899,0.17404257,40,59,50.165,9.555188606788358e-05,9.363692779361773e-05,9.5353238167903e-05,2.8021578297191893e-06,9.907124016747088e-07,0.9799589693822957,0.9979210467929491,-1.932910369375405,painting-pair-model,scale_dependent_camb
8,0.13796899,0.17404257,60,79,69.975,6.285906829779418e-05,6.25839737371399e-05,6.371895264010431e-05,1.9109657300734627e-06,6.756284131750235e-07,0.9956236296829756,1.0136795591407184,-0.4071684305896887,painting-pair-model,scale_dependent_camb
8,0.13796899,0.17404257,80,99,89.86944444444444,4.39765358731636e-05,4.363121197136076e-05,4.443056412833725e-05,1.185158422030694e-06,4.1901677849912593e-07,0.9921475419801411,1.0103243296944342,-0.8241290552606302,painting-pair-model,scale_dependent_camb
8,0.13796899,0.17404257,100,119,109.80227272727272,3.249918654845406e-05,3.275916838756744e-05,3.3356730543837715e-05,5.468431477208908e-07,1.933382489994194e-07,1.0079996414287407,1.0263866295270225,1.3446994604474873,painting-pair-model,scale_dependent_camb
8,0.13796899,0.17404257,120,139,129.75576923076923,2.5232162567084613e-05,2.5808570957375882e-05,2.627850192328136e-05,4.1974838793325546e-07,1.4840346574986326e-07,1.0228441929524976,1.041468477123784,3.8840628645615074,painting-pair-model,scale_dependent_camb
8,0.13796899,0.17404257,140,159,149.72166666666666,2.0227611178126447e-05,2.0486649026710393e-05,2.0860931794669818e-05,4.2689886054492926e-07,1.5093153958606486e-07,1.0128061512703024,1.0313097088413596,1.7162605595514786,painting-pair-model,scale_dependent_camb
8,0.13796899,0.17404257,160,179,169.6955882352941,1.6565949614013947e-05,1.6802780960782773e-05,1.7109598324189546e-05,2.693260390234206e-07,9.52211342717867e-08,1.0142962735180892,1.0328172379394236,2.487172081912468,painting-pair-model,scale_dependent_camb
8,0.13796899,0.17404257,180,199,189.675,1.392952608691005e-05,1.415529643558903e-05,1.4414591768249067e-05,3.416887991672014e-07,1.2080523347330822e-07,1.0162080423461888,1.0348228416611278,1.8688788737688558,painting-pair-model,scale_dependent_camb
8,0.13796899,0.17404257,200,219,209.65833333333333,1.1917803045262272e-05,1.2208643160892853e-05,1.2430923401806534e-05,2.0252001848224132e-07,7.160163919740889e-08,1.0244038363888048,1.043054945160236,4.061919795281797,painting-pair-model,scale_dependent_camb
8,0.13796899,0.17404257,220,239,229.64456521739132,1.036293531196687e-05,1.0602601907835722e-05,1.0795798551317163e-05,1.5457711368845542e-07,5.4651262652675356e-08,1.0231272886160054,1.0417703311194495,4.385380762234207,painting-pair-model,scale_dependent_camb
8,0.13796899,0.17404257,240,259,249.633,9.143924021541642e-06,9.246532615155282e-06,9.415104129493731e-06,2.032198777955766e-07,7.184907683057685e-08,1.0112215054906308,1.0296568636521073,1.4281129019318626,painting-pair-model,scale_dependent_camb
8,0.13796899,0.17404257,260,279,269.6231481481482,8.165944122846145e-06,8.338208013152573e-06,8.490142641053149e-06,1.2838762568104955e-07,4.5391880369755136e-08,1.0210954039992117,1.0397012903015075,3.7950375464332655,painting-pair-model,scale_dependent_camb
8,0.13796899,0.17404257,280,299,289.6146551724138,7.374264735112973e-06,7.481029210746088e-06,7.617162808494908e-06,1.528269244848233e-07,5.403247732555148e-08,1.0144779824793582,1.0329386158629974,1.9759315307689278,painting-pair-model,scale_dependent_camb
8,0.13796899,0.17404257,300,319,309.60725806451615,6.725259367317645e-06,6.797888204653948e-06,6.921691533117659e-06,1.1487480791800834e-07,4.0614377833162895e-08,1.010799410605523,1.0292081174972378,1.7882543377778681,painting-pair-model,scale_dependent_camb
8,0.13796899,0.17404257,320,339,329.6007575757576,6.1877831966226945e-06,6.263379461931803e-06,6.377337294065451e-06,1.1500713659603763e-07,4.066116308595288e-08,1.0122170190691828,1.0306336035732822,1.8591761664393887,painting-pair-model,scale_dependent_camb
8,0.13796899,0.17404257,340,359,349.595,5.738533986205189e-06,5.754856087801911e-06,5.859500033634822e-06,1.2550907280532246e-07,4.43741582405398e-08,1.002844298149311,1.0210796080881324,0.3678289852450667,painting-pair-model,scale_dependent_camb
8,0.13796899,0.17404257,360,379,369.58986486486486,5.3603314837652055e-06,5.349244401292404e-06,5.446520451910807e-06,9.882212332037493e-08,3.493889676554518e-08,0.9979316423795095,1.0160790369787096,-0.31732777789751776,painting-pair-model,scale_dependent_camb
8,0.13796899,0.17404257,380,399,389.5852564102564,5.039781826284663e-06,5.023124486903691e-06,5.114496453670925e-06,1.2948551266757724e-07,4.578004203633023e-08,0.9966948292693751,1.014824972580478,-0.36385592148981516,painting-pair-model,scale_dependent_camb
8,0.13796899,0.17404257,400,419,409.5810975609756,4.766298713537141e-06,4.761322212676996e-06,4.847872937176953e-06,1.0494755684344493e-07,3.7104564556480285e-08,0.9989558982432195,1.0171147946325996,-0.13412098806791437,painting-pair-model,scale_dependent_camb
8,0.13796899,0.17404257,420,439,429.57732558139537,4.531501403235825e-06,4.554970134399545e-06,4.637670651471031e-06,1.0605380724435261e-07,3.749568313656636e-08,1.0051790188450482,1.023429154884382,0.6259048829232673,painting-pair-model,scale_dependent_camb
8,0.13796899,0.17404257,440,459,449.5738888888889,4.328731698139515e-06,4.295536150480497e-06,4.373642330310301e-06,7.996314048033227e-08,2.8271239439307734e-08,0.9923313455363183,1.0103750094259916,-1.174180839516484,painting-pair-model,scale_dependent_camb
8,0.13796899,0.17404257,460,479,469.5707446808511,4.1526322395139106e-06,4.141242435862498e-06,4.216607715244569e-06,6.797080038458464e-08,2.4031306937308495e-08,0.9972572086824751,1.0154060056467091,-0.4739568963571322,painting-pair-model,scale_dependent_camb
8,0.13796899,0.17404257,480,499,489.5678571428571,3.998844234179346e-06,3.981920486766018e-06,4.054121008756505e-06,1.1264309847933471e-07,3.982534939430082e-08,0.9957678403002859,1.0138231877362693,-0.4249491258888958,painting-pair-model,scale_dependent_camb
8,0.13796899,0.17404257,500,519,509.56519607843137,3.863794470812218e-06,3.846535707212979e-06,3.91646124543468e-06,7.65289572258565e-08,2.7057072305769185e-08,0.9955332086813585,1.0136308426911202,-0.6378651542265658,painting-pair-model,scale_dependent_camb
8,0.13796899,0.17404257,520,539,529.5627358490566,3.744521850504255e-06,3.6818883955397694e-06,3.7488346538278665e-06,7.107468958716075e-08,2.5128697488905133e-08,0.9832733103277121,1.001151763428228,-2.4925070227829993,painting-pair-model,scale_dependent_camb
8,0.13796899,0.17404257,540,559,549.5604545454545,3.638560610238271e-06,3.586039035264953e-06,3.651289701309576e-06,7.366277353887099e-08,2.6043723345172324e-08,0.9855652878708323,1.0034983864321203,-2.016669209591101,painting-pair-model,scale_dependent_camb
8,0.13796899,0.17404257,560,579,569.5583333333333,3.5438263369852853e-06,3.5271679583450676e-06,3.5914002063405485e-06,6.105792705611272e-08,2.1587237133285438e-08,0.9952993242173405,1.0134244358587092,-0.7716771969179953,painting-pair-model,scale_dependent_camb
8,0.13796899,0.17404257,580,599,589.5563559322034,3.4585373084277942e-06,3.4249956251678967e-06,3.4873999727121203e-06,4.229701916395339e-08,1.49542545374044e-08,0.9903017720299958,1.0083453384221108,-2.24295254410718,painting-pair-model,scale_dependent_camb
8,0.13796899,0.17404257,600,619,609.5545081967213,3.3812253254956182e-06,3.3485038620874096e-06,3.4094682614625555e-06,5.8506401422762144e-08,2.068513659442869e-08,0.9903226019391617,1.0083528701130846,-1.5818828780188858,painting-pair-model,scale_dependent_camb
8,0.13796899,0.17404257,620,639,629.5527777777778,3.3106106218486135e-06,3.2762068767154096e-06,3.3357973384288237e-06,6.066380447276621e-08,2.1447893757633897e-08,0.9896080363827283,1.0076078764485286,-1.6040617098338015,painting-pair-model,scale_dependent_camb
8,0.13796899,0.17404257,640,659,649.5511538461539,3.245565164526723e-06,3.210316852706506e-06,3.2687879590058547e-06,4.847835777624177e-08,1.7139687762184075e-08,0.9891395458006905,1.0071552390113596,-2.05653173554226,painting-pair-model,scale_dependent_camb
8,0.13796899,0.17404257,660,679,669.5496268656716,3.1852336826067843e-06,3.1406863495960086e-06,3.1979490914134154e-06,3.7253175182337086e-08,1.3170986396080476e-08,0.9860144223470856,1.0039919861691984,-3.382232102527454,painting-pair-model,scale_dependent_camb
8,0.13796899,0.17404257,680,699,689.5481884057971,3.1289020303655965e-06,3.0973463503800368e-06,3.153788947454427e-06,4.9538277167053395e-08,1.7514425856561082e-08,0.9899147753175663,1.0079538818560971,-1.8016965125772995,painting-pair-model,scale_dependent_camb
8,0.13796899,0.17404257,700,719,709.5468309859154,3.0757412612114966e-06,3.042525228613387e-06,3.097962259832656e-06,3.9873776571329253e-08,1.40975089025521e-08,0.9892006414788524,1.007224599449047,-2.3561632645677117,painting-pair-model,scale_dependent_camb
8,0.13796899,0.17404257,720,739,729.5455479452055,3.025445853421677e-06,3.0022685577606307e-06,3.0568898278399182e-06,4.673023484802088e-08,1.652163297373774e-08,0.9923392131989957,1.0103931704421942,-1.4028453299917722,painting-pair-model,scale_dependent_camb
8,0.13796899,0.17404257,740,759,749.5443333333334,2.9774656042866313e-06,2.9421578213547575e-06,2.9957386642149003e-06,4.0515999984224624e-08,1.432456916769964e-08,0.9881416655557527,1.006137118730091,-2.464840828266521,painting-pair-model,scale_dependent_camb
8,0.13796899,0.17404257,760,779,769.5431818181818,2.931310812244703e-06,2.8965990133976947e-06,2.949338879595887e-06,3.81566385481803e-08,1.3490408932351155e-08,0.9881582673860411,1.0061501725698538,-2.573072396920942,painting-pair-model,scale_dependent_camb
8,0.13796899,0.17404257,780,799,789.5420886075949,2.887028737104628e-06,2.8498305421942325e-06,2.9016820615260356e-06,4.682735778671623e-08,1.6555971118017862e-08,0.9871154053881358,1.005075572762086,-2.2468144360262094,painting-pair-model,scale_dependent_camb
8,0.13796899,0.17404257,800,819,809.5410493827161,2.8438850596967317e-06,2.827512955110615e-06,2.8788873599631697e-06,5.666265476516202e-08,2.003327371223915e-08,0.9942430498271042,1.0123079166463116,-0.8172455895770209,painting-pair-model,scale_dependent_camb
8,0.13796899,0.17404257,820,839,829.5400602409638,2.8022199731929752e-06,2.7637256050589865e-06,2.814015744564265e-06,5.2778836025446874e-08,1.8660136428363166e-08,0.9862629028048335,1.0042094380470243,-2.0629199728399548,painting-pair-model,scale_dependent_camb
8,0.13796899,0.17404257,840,859,849.5391176470588,2.7613172304467287e-06,2.7230722433335726e-06,2.7725880266872215e-06,5.5639216607059244e-08,1.967143368137938e-08,0.9861497307547786,1.0040816738171983,-1.944189108562948,painting-pair-model,scale_dependent_camb
8,0.13796899,0.17404257,860,879,869.5382183908046,2.7215718235139845e-06,2.6828470629783423e-06,2.7316781484137425e-06,4.15885647774371e-08,1.4703778086970887e-08,0.9857711781842148,1.0037134147305762,-2.6336605671406645,painting-pair-model,scale_dependent_camb
8,0.13796899,0.17404257,880,899,889.5373595505617,2.682359024831919e-06,2.6487067361627976e-06,2.6968989709119464e-06,5.23839163297306e-08,1.8520511230930613e-08,0.9874542190819404,1.005420581639305,-1.8170280641562113,painting-pair-model,scale_dependent_camb
8,0.13796899,0.17404257,900,919,909.5365384615385,2.6441031194721766e-06,2.5995891581031423e-06,2.6468806212295094e-06,4.971052289130866e-08,1.7575323916386725e-08,0.9831648164395644,1.00105045137494,-2.5327533979348633,painting-pair-model,scale_dependent_camb
8,0.13796899,0.17404257,920,939,929.535752688172,2.60619688461917e-06,2.574240533718145e-06,2.6210544099140526e-06,5.1196495816652535e-08,1.810069468247186e-08,0.9877383205046327,1.0057008453131713,-1.7654764892515753,painting-pair-model,scale_dependent_camb
8,0.13796899,0.17404257,940,959,949.535,2.5691569473048867e-06,2.5398600602336053e-06,2.5861478784469314e-06,3.239064148094545e-08,1.14518211190794e-08,0.9885966923499888,1.0066134266962041,-2.5582732009733378,painting-pair-model,scale_dependent_camb
8,0.13796899,0.17404257,960,979,969.5342783505155,2.5323173097015397e-06,2.484975065144648e-06,2.5301931290481046e-06,4.1474452178885804e-08,1.4663433190843666e-08,0.9813047739414332,0.9991611712144852,-3.228592099867439,painting-pair-model,scale_dependent_camb
8,0.13796899,0.17404257,980,999,989.5335858585859,2.4962894290917072e-06,2.464753368400104e-06,2.509539710123243e-06,4.9360814683508804e-08,1.745168339380079e-08,0.9873668252070122,1.005307990682938,-1.8070497831060532,painting-pair-model,scale_dependent_camb
8,0.13796899,0.17404257,1000,1019,1009.5329207920792,2.4604090699779236e-06,2.4283639092024334e-06,2.472548229347142e-06,3.757621870734073e-08,1.3285199529654718e-08,0.9869756776763232,1.0049337971954913,-2.4120948054984206,painting-pair-model,scale_dependent_camb
8,0.13796899,0.17404257,1020,1039,1029.532281553398,2.4252009647986523e-06,2.3885642433326526e-06,2.4319441736562824e-06,5.023054704291072e-08,1.7759180218376024e-08,0.9848933255438312,1.0027804742598683,-2.062973685468346,painting-pair-model,scale_dependent_camb
8,0.13796899,0.17404257,1040,1059,1049.5316666666668,2.3902901855912977e-06,2.3512338347793785e-06,2.3940188183097944e-06,4.033202372686094e-08,1.425952373812005e-08,0.983660414518977,1.0015599079730875,-2.73896600820613,painting-pair-model,scale_dependent_camb
8,0.13796899,0.17404257,1060,1079,1069.5310747663552,2.3557578915070888e-06,2.320914063231628e-06,2.363185025670285e-06,3.258244926357231e-08,1.1519635410969304e-08,0.9852090792517012,1.0031527578406816,-3.0247335989715123,painting-pair-model,scale_dependent_camb
8,0.13796899,0.17404257,1080,1099,1089.530504587156,2.3217893299283393e-06,2.287897194908344e-06,2.329487205568207e-06,4.116646925301489e-08,1.4554544783157168e-08,0.9854025795608935,1.0033154927282335,-2.328628996986284,painting-pair-model,scale_dependent_camb
8,0.13796899,0.17404257,1100,1119,1109.529954954955,2.287940644419241e-06,2.242455332155826e-06,2.2833121363905667e-06,2.8686414714980196e-08,1.0142179186446029e-08,0.9801195400875617,0.997976998205804,-4.484767171556313,painting-pair-model,scale_dependent_camb
8,0.13796899,0.17404257,1120,1139,1129.529424778761,2.2547338544316535e-06,2.2143400310009887e-06,2.254616684790799e-06,3.654643084374273e-08,1.2921114538887839e-08,0.9820848818359332,0.9999480339372985,-3.1261872425241752,painting-pair-model,scale_dependent_camb
8,0.13796899,0.17404257,1140,1159,1149.5289130434783,2.221751695716124e-06,2.1764648981492177e-06,2.2160865471544483e-06,3.4803758364008175e-08,1.23049867749841e-08,0.9796166251817312,0.9974501432484112,-3.6803613360213974,painting-pair-model,scale_dependent_camb
8,0.13796899,0.17404257,1160,1179,1169.5284188034188,2.1891248641284207e-06,2.14906883837617e-06,2.1881840856042308e-06,3.2997444270956605e-08,1.1666358302909304e-08,0.9817022654081459,0.9995702490343946,-3.4334643864196845,painting-pair-model,scale_dependent_camb
8,0.13796899,0.17404257,1180,1199,1189.5279411764707,2.1570599934988e-06,2.1306935457358272e-06,2.1694531166104743e-06,4.020240259685675e-08,1.4213695748114537e-08,0.987776673879058,1.0057453771100602,-1.855002965465215,painting-pair-model,scale_dependent_camb
8,0.13796899,0.17404257,1200,1219,1209.527479338843,2.1251174197907747e-06,2.0892744632079575e-06,2.127354434207955e-06,2.4595770249259026e-08,8.695917965878698e-09,0.9831336582868225,1.0010526545010394,-4.121814019343201,painting-pair-model,scale_dependent_camb
8,0.13796899,0.17404257,1220,1239,1229.5270325203253,2.0936961564850826e-06,2.056125793146683e-06,2.0935274435360703e-06,3.4857061252405914e-08,1.2323832191905536e-08,0.9820554844015796,0.9999194186088131,-3.048594199706498,painting-pair-model,scale_dependent_camb
8,0.13796899,0.17404257,1240,1259,1249.5266,2.062703681787395e-06,2.0171463047620344e-06,2.0539567076509104e-06,1.3771854568515627e-08,4.869085877456167e-09,0.9779137558983345,0.995759461616462,-9.35645379275211,painting-pair-model,scale_dependent_camb
8,0.13796899,0.17404257,1260,1279,1269.5261811023622,2.0318850093525606e-06,1.9952949910210635e-06,2.0316189830225833e-06,2.9621260774428897e-08,1.0472697180446878e-08,0.9819920821488042,0.9998690741214424,-3.4938485951654163,painting-pair-model,scale_dependent_camb
8,0.13796899,0.17404257,1280,1299,1289.5257751937984,2.0016181244712706e-06,1.9649234763618792e-06,2.000687151960445e-06,3.0049694663641615e-08,1.0624171434623097e-08,0.9816675080722082,0.9995348900474852,-3.4538832825877863,painting-pair-model,scale_dependent_camb
8,0.13796899,0.17404257,1300,1319,1309.5253816793893,1.9717256655321492e-06,1.93422171818069e-06,1.9694353024053778e-06,2.676624118401366e-08,9.463295324045351e-09,0.9809791250339397,0.9988383966558789,-3.9630959477894567,painting-pair-model,scale_dependent_camb
8,0.13796899,0.17404257,1320,1339,1329.525,1.9420519491032792e-06,1.9049583208478448e-06,1.9396608905648207e-06,2.301523789773466e-08,8.137115394054898e-09,0.9808997754809998,0.9987687978482952,-4.558572228499501,painting-pair-model,scale_dependent_camb
8,0.13796899,0.17404257,1340,1359,1349.5246296296295,1.9129199572784458e-06,1.8736569200550251e-06,1.90780975165925e-06,2.0560225029536213e-08,7.26913727055322e-09,0.9794748143674129,0.9973285836661634,-5.401333853258289,painting-pair-model,scale_dependent_camb
8,0.13796899,0.17404257,1360,1379,1369.5242700729927,1.88417069892023e-06,1.843185051957532e-06,1.8767276423839554e-06,3.1852609333236405e-08,1.1261598029008688e-08,0.9782473812026767,0.9960496909645501,-3.6394166136212,painting-pair-model,scale_dependent_camb
8,0.13796899,0.17404257,1380,1399,1389.5239208633093,1.8556504847472957e-06,1.824026374671502e-06,1.8572573184950035e-06,2.330374126878764e-08,8.239116739088269e-09,0.9829579382886319,1.0008659140074683,-3.838288869699048,painting-pair-model,scale_dependent_camb
8,0.13796899,0.17404257,1400,1419,1409.5235815602837,1.8276455114795906e-06,1.8054803997245686e-06,1.8384238212103066e-06,1.5674816538917666e-08,5.5418845342618645e-09,0.9878723135226163,1.0058973743338173,-3.999562173839886,painting-pair-model,scale_dependent_camb
8,0.13796899,0.17404257,1420,1439,1429.5232517482518,1.8000718336797343e-06,1.765859792176588e-06,1.797995527604116e-06,2.5643820238561218e-08,9.066459593107732e-09,0.9809940687571287,0.9988465426563705,-3.773473112829403,painting-pair-model,scale_dependent_camb
8,0.13796899,0.17404257,1440,1459,1449.5229310344828,1.772721428756728e-06,1.7427352153570335e-06,1.7744577589569304e-06,2.458244246065361e-08,8.691205881028144e-09,0.9830846443703651,1.0009794715469875,-3.450178699040004,painting-pair-model,scale_dependent_camb
8,0.13796899,0.17404257,1460,1479,1469.522619047619,1.7458386993022086e-06,1.7173524908240859e-06,1.7485996072675845e-06,2.6886949776145324e-08,9.505972256067242e-09,0.9836833674900732,1.0015814221362371,-2.9966643822194268,painting-pair-model,scale_dependent_camb
8,0.13796899,0.17404257,1480,1499,1489.5223154362416,1.7194370211976786e-06,1.693194329292767e-06,1.7240091800431144e-06,2.6970032744740623e-08,9.535346521314665e-09,0.9847376254079767,1.0026591022462987,-2.7521487390364316,painting-pair-model,scale_dependent_camb
8,0.13796899,0.17404257,1500,1519,1509.5220198675497,1.6932968327151305e-06,1.65948183802084e-06,1.689684037442651e-06,2.5359375807057402e-08,8.965893299914181e-09,0.9800300844831383,0.9978664134942682,-3.7715142890016664,painting-pair-model,scale_dependent_camb
8,0.13796899,0.17404257,1520,1539,1529.5217320261438,1.6675345481658782e-06,1.639119987472748e-06,1.6689766387665699e-06,2.1580302626536962e-08,7.629789163641074e-09,0.9829601367333688,1.0008648040319632,-3.724160666003277,painting-pair-model,scale_dependent_camb
8,0.13796899,0.17404257,1540,1559,1549.5214516129033,1.6422669399139055e-06,1.6112521035227313e-06,1.6406084441109939e-06,1.8367219920158505e-08,6.493792878544358e-09,0.9811146192878971,0.9989901180115099,-4.776074163629084,painting-pair-model,scale_dependent_camb
8,0.13796899,0.17404257,1560,1579,1569.521178343949,1.6173667446780696e-06,1.5894841635173987e-06,1.6184359190295915e-06,2.0057542794688154e-08,7.091412262031684e-09,0.9827605079352483,1.0006610586962048,-3.931879875318741,painting-pair-model,scale_dependent_camb
8,0.13796899,0.17404257,1580,1599,1589.5209119496856,1.592744200274445e-06,1.5648978895962471e-06,1.5934186406440158e-06,1.8276266431819084e-08,6.46163596435567e-09,0.982516771573615,1.000423445503336,-4.309483052249703,painting-pair-model,scale_dependent_camb
8,0.13796899,0.17404257,1600,1619,1609.520652173913,1.5685779802578816e-06,1.5407151686984054e-06,1.568812402762823e-06,1.5310432568177526e-08,5.413055345928848e-09,0.9822368974254659,1.0001494490601628,-5.147335428674624,painting-pair-model,scale_dependent_camb
8,0.13796899,0.17404257,1620,1639,1629.520398773006,1.5448635327686848e-06,1.5150877771105646e-06,1.5427233081144629e-06,1.6323943396910775e-08,5.771385535830487e-09,0.9807259637977496,0.9986146189557686,-5.159204054773919,painting-pair-model,scale_dependent_camb
8,0.13796899,0.17404257,1640,1659,1649.5201515151516,1.5214524625236016e-06,1.4962481440442089e-06,1.5235001989104422e-06,1.7819230053076394e-08,6.30004920302672e-09,0.9834340414175105,1.0013459088846222,-4.000654227792985,painting-pair-model,scale_dependent_camb
8,0.13796899,0.17404257,1660,1679,1669.5199101796406,1.4983779600306658e-06,1.4692551755039446e-06,1.4960277469761758e-06,1.6722833601653928e-08,5.912414520191874e-09,0.980563792778876,0.9984314951786651,-4.9257007314460255,painting-pair-model,scale_dependent_camb
8,0.13796899,0.17404257,1680,1699,1689.519674556213,1.4757564689207172e-06,1.4517822153134322e-06,1.4782108263409583e-06,2.0107637678242423e-08,7.109123477963671e-09,0.9837546003611163,1.0016631181851001,-3.372322014324061,painting-pair-model,scale_dependent_camb
8,0.13796899,0.17404257,1700,1719,1709.5194444444444,1.4535499453102234e-06,1.4235552890625844e-06,1.4495169514290252e-06,1.5545474048932508e-08,5.496155058379836e-09,0.9793645506682349,0.9972254177476251,-5.4573890163282375,painting-pair-model,scale_dependent_camb
8,0.13796899,0.17404257,1720,1739,1729.519219653179,1.4316263917206782e-06,1.4032416074839197e-06,1.428801593839753e-06,1.7272514901156314e-08,6.106756207376659e-09,0.9801730504544257,0.9980268609902266,-4.648095203550305,painting-pair-model,scale_dependent_camb
8,0.13796899,0.17404257,1740,1759,1749.519,1.4100644964755387e-06,1.3808996366264755e-06,1.4060651474323507e-06,1.5292343302013444e-08,5.406659824543192e-09,0.9793166483363273,0.9971637119768745,-5.394247242386364,painting-pair-model,scale_dependent_camb
8,0.13796899,0.17404257,1760,1779,1769.5187853107345,1.3889321798084374e-06,1.3630430423330567e-06,1.3879040109653662e-06,1.4073989422499935e-08,4.9759066794987225e-09,0.9813604020039688,0.9992597415064478,-5.202898515369411,painting-pair-model,scale_dependent_camb
8,0.13796899,0.17404257,1780,1799,1789.5185754189945,1.36819277830119e-06,1.3442252735744601e-06,1.3686975802586324e-06,1.8838219468988402e-08,6.66031636600107e-09,0.9824823627877286,1.0003689552857231,-3.598553493506232,painting-pair-model,scale_dependent_camb
8,0.13796899,0.17404257,1800,1819,1809.5183701657459,1.3477364839080152e-06,1.326203624872613e-06,1.3503635106771357e-06,1.6172631220493486e-08,5.717888602820106e-09,0.9840229456629656,1.001949213960212,-3.7658759257362933,painting-pair-model,scale_dependent_camb
8,0.13796899,0.17404257,1820,1839,1829.518169398907,1.32762766734432e-06,1.3024176181007077e-06,1.3261562395563245e-06,1.4707190365880242e-08,5.19977701995769e-09,0.9810112052771238,0.9988916864086308,-4.848294291630498,painting-pair-model,scale_dependent_camb
8,0.13796899,0.17404257,1840,1859,1849.517972972973,1.3079238524656787e-06,1.2817281076460335e-06,1.3050799642810618e-06,1.4725574634442167e-08,5.206276840441336e-09,0.9799715061620281,0.9978256469753528,-5.031569703739509,painting-pair-model,scale_dependent_camb
8,0.13796899,0.17404257,1860,1879,1869.5177807486632,1.2886016503951088e-06,1.2681949450505793e-06,1.291325741290506e-06,1.1575697240779352e-08,4.092627007958743e-09,0.9841636821291728,1.0021139899165594,-4.9862118646154485,painting-pair-model,scale_dependent_camb
8,0.13796899,0.17404257,1880,1899,1889.5175925925926,1.269572761696395e-06,1.2462052038699384e-06,1.268901037315734e-06,1.5791877092486095e-08,5.583271689880708e-09,0.9815941562929934,0.9994709051730415,-4.185280445658536,painting-pair-model,scale_dependent_camb
8,0.13796899,0.17404257,1900,1919,1909.5174083769634,1.2508526742336623e-06,1.2284404341300031e-06,1.2508546638103282e-06,9.830745612282633e-09,3.475693443282474e-09,0.9820824301971532,1.000001590576338,-6.448278730385632,painting-pair-model,scale_dependent_camb
8,0.13796899,0.17404257,1920,1939,1929.5172279792746,1.232511962479034e-06,1.2150979751156395e-06,1.2372533552392045e-06,1.0832521889498722e-08,3.829874842708129e-09,0.9858711413004312,1.0038469344756977,-4.54688157670474,painting-pair-model,scale_dependent_camb
8,0.13796899,0.17404257,1940,1959,1949.5170512820512,1.2145420013460866e-06,1.1949628880753474e-06,1.216749933964219e-06,1.1270906848200273e-08,3.984867331242155e-09,0.983879426772364,1.0018179137614716,-4.913366404255176,painting-pair-model,scale_dependent_camb
8,0.13796899,0.17404257,1960,1979,1969.5168781725888,1.1968822350769838e-06,1.1771134929085044e-06,1.198564193225288e-06,1.5002671859457693e-08,5.304245503869562e-09,0.983483135107935,1.0014052829083857,-3.726965909488483,painting-pair-model,scale_dependent_camb
8,0.13796899,0.17404257,1980,1999,1989.5167085427136,1.1794932315541184e-06,1.1561869715210408e-06,1.1772898747261906e-06,8.138820182796468e-09,2.877507471056659e-09,0.980240446142816,0.9981319461875804,-8.099461171692187,painting-pair-model,scale_dependent_camb
9,0.10256817,0.13796899,20,39,30.608333333333334,0.00022071826548362918,0.0002222642506746393,0.00022573156241082915,7.798035922486935e-06,2.757022040363403e-06,1.0070043373511595,1.0227135571050952,0.5607445890444659,painting-pair-model,scale_dependent_camb
9,0.10256817,0.13796899,40,59,50.165,0.00012196406301376715,0.00012203124075622905,0.0001239357768590668,3.3016637170656434e-06,1.1673144017673495e-06,1.0005507994797969,1.0161663509445162,0.05754897083441392,painting-pair-model,scale_dependent_camb
9,0.10256817,0.13796899,60,79,69.975,7.610804957243551e-05,7.541388676160724e-05,7.656901289696982e-05,3.1957262891442973e-06,1.129859864935027e-06,0.9908792458257966,1.0060566960672876,-0.6143795636711022,painting-pair-model,scale_dependent_camb
9,0.10256817,0.13796899,80,99,89.86944444444444,5.220912051562876e-05,5.332010142777599e-05,5.414816478451325e-05,1.3395492697795839e-06,4.7360218619731584e-07,1.021279441238905,1.0371399527464562,2.3458103541869337,painting-pair-model,scale_dependent_camb
9,0.10256817,0.13796899,100,119,109.80227272727272,3.829421958074995e-05,3.891519162308449e-05,3.951572981545368e-05,8.825415475036086e-07,3.120255564593356e-07,1.0162158166201851,1.031898031819867,1.9901319923307883,painting-pair-model,scale_dependent_camb
9,0.10256817,0.13796899,120,139,129.75576923076923,2.948126727231735e-05,3.0290384986625525e-05,3.0757703694867626e-05,8.52543970500294e-07,3.014198114002309e-07,1.0274451470092647,1.0432965249003674,2.684354789253761,painting-pair-model,scale_dependent_camb
9,0.10256817,0.13796899,140,159,149.72166666666666,2.359855134704532e-05,2.414221100452158e-05,2.4514702672556665e-05,5.737230428588872e-07,2.0284172706424967e-07,1.0230378403098177,1.0388223544758417,2.680216074595235,painting-pair-model,scale_dependent_camb
9,0.10256817,0.13796899,160,179,169.6955882352941,1.946349499226067e-05,2.0181875019019456e-05,2.0496354717496754e-05,3.919956806752583e-07,1.385914020006558e-07,1.0369090971094572,1.0530665086433235,5.183438628865204,painting-pair-model,scale_dependent_camb
9,0.10256817,0.13796899,180,199,189.675,1.6444887143144353e-05,1.7022985148077448e-05,1.7285853250662814e-05,3.8287488565329377e-07,1.35366713995734e-07,1.0351536620410373,1.0511384541710915,4.270606767859586,painting-pair-model,scale_dependent_camb
9,0.10256817,0.13796899,200,219,209.65833333333333,1.4201628309175e-05,1.4488453335478636e-05,1.4714143340829593e-05,2.406860092137748e-07,8.5095354625894e-08,1.02019662957369,1.0360884696104518,3.370630836014603,painting-pair-model,scale_dependent_camb
9,0.10256817,0.13796899,220,239,229.64456521739132,1.2495091325215614e-05,1.2773969978676425e-05,1.2973218501645816e-05,1.9415623085516602e-07,6.864459372365434e-08,1.022319056836185,1.0382652006284516,4.062645553464929,painting-pair-model,scale_dependent_camb
9,0.10256817,0.13796899,240,259,249.633,1.1173968861342016e-05,1.1353917067664605e-05,1.1529221736445485e-05,2.605975122738323e-07,9.213513404458569e-08,1.0161042337378572,1.0317929000440047,1.9530899714706957,painting-pair-model,scale_dependent_camb
9,0.10256817,0.13796899,260,279,269.6231481481482,1.0134012707040398e-05,1.023704984488948e-05,1.03962804566699e-05,1.679930878606116e-07,5.939452580935297e-08,1.010167456942056,1.0258799507373122,1.734791825425389,painting-pair-model,scale_dependent_camb
9,0.10256817,0.13796899,280,299,289.6146551724138,9.305090672463846e-06,9.463206668185631e-06,9.610888028500562e-06,9.340539336341749e-08,3.302379352333472e-08,1.016992418589718,1.0328634472033302,4.787941627907169,painting-pair-model,scale_dependent_camb
9,0.10256817,0.13796899,300,319,309.60725806451615,8.637007054846035e-06,8.793008079762786e-06,8.929175700727366e-06,1.727892762435813e-07,6.109023447407598e-08,1.018061930935812,1.0338275335455933,2.553616404647305,painting-pair-model,scale_dependent_camb
9,0.10256817,0.13796899,320,339,329.6007575757576,8.092593532228569e-06,8.17830272220449e-06,8.304535538613202e-06,1.950114718025122e-07,6.894696706036279e-08,1.010591065723811,1.0261896270386717,1.2431176254770386,painting-pair-model,scale_dependent_camb
9,0.10256817,0.13796899,340,359,349.595,7.644228278891134e-06,7.683677616031253e-06,7.802553459342244e-06,1.5112565579933366e-07,5.343098801348646e-08,1.00516066968448,1.0207117284668632,0.7383231829843963,painting-pair-model,scale_dependent_camb
9,0.10256817,0.13796899,360,379,369.58986486486486,7.271216441755134e-06,7.300736796864745e-06,7.414085857174301e-06,1.4826428497105012e-07,5.241934065540213e-08,1.0040598922265729,1.0196486264112201,0.5631576960052551,painting-pair-model,scale_dependent_camb
9,0.10256817,0.13796899,380,399,389.5852564102564,6.957715488042497e-06,6.970711496484278e-06,7.078273227142951e-06,1.7077508448254022e-07,6.037811014765486e-08,1.0018678556868437,1.0173272016235277,0.21524371017905147,painting-pair-model,scale_dependent_camb
9,0.10256817,0.13796899,400,419,409.5810975609756,6.69144388660534e-06,6.719301974150757e-06,6.8224307369972625e-06,1.7764487854178655e-07,6.280694912997893e-08,1.0041632401044538,1.0195752744268134,0.44355103903813625,painting-pair-model,scale_dependent_camb
9,0.10256817,0.13796899,420,439,429.57732558139537,6.462772743521269e-06,6.502526857663337e-06,6.603079879848617e-06,1.367603728271944e-07,4.83520935118548e-08,1.0061512474165086,1.0217100526191334,0.8221797910843551,painting-pair-model,scale_dependent_camb
9,0.10256817,0.13796899,440,459,449.5738888888889,6.264056188591212e-06,6.282120366052963e-06,6.379004109732548e-06,1.4205062200693364e-07,5.02224790464349e-08,1.0028837827947092,1.018350397518894,0.35968311012782817,painting-pair-model,scale_dependent_camb
9,0.10256817,0.13796899,460,479,469.5707446808511,6.0891887428855705e-06,6.09532388111478e-06,6.189403489744116e-06,1.200339445889929e-07,4.243840809572358e-08,1.001007546076869,1.0164578158257342,0.14456570131875185,painting-pair-model,scale_dependent_camb
9,0.10256817,0.13796899,480,499,489.5678571428571,5.93327611332214e-06,5.936526831314173e-06,6.0282768707602075e-06,1.1967954037287128e-07,4.2313107283473235e-08,1.0005478791025306,1.016011518025389,0.0768253196404488,painting-pair-model,scale_dependent_camb
9,0.10256817,0.13796899,500,519,509.56519607843137,5.792407093967051e-06,5.821252553089113e-06,5.910905294128666e-06,1.3709531326536075e-07,4.847051283941531e-08,1.0049798742826803,1.020457505530824,0.5951135532159132,painting-pair-model,scale_dependent_camb
9,0.10256817,0.13796899,520,539,529.5627358490566,5.663474494608444e-06,5.725122517290585e-06,5.813614515034115e-06,1.0863061709814382e-07,3.8406722997288405e-08,1.0108851947229265,1.0265102315846222,1.6051362332186736,painting-pair-model,scale_dependent_camb
9,0.10256817,0.13796899,540,559,549.5604545454545,5.543996536912219e-06,5.576302756456661e-06,5.661861068816781e-06,1.5538647506572202e-07,5.4937415111823206e-08,1.0058272438175864,1.0212598494821947,0.5880549617903129,painting-pair-model,scale_dependent_camb
9,0.10256817,0.13796899,560,579,569.5583333333333,5.432097576998997e-06,5.4181650343908134e-06,5.501679771056753e-06,1.224669236406557e-07,4.329859608868137e-08,0.9974351450041733,1.0128094521630808,-0.32177816065093623,painting-pair-model,scale_dependent_camb
9,0.10256817,0.13796899,580,599,589.5563559322034,5.326160568486713e-06,5.314078945286805e-06,5.395536611543533e-06,1.4896139801052928e-07,5.266580733413677e-08,0.9977316449542676,1.0130255260172398,-0.22940165187739517,painting-pair-model,scale_dependent_camb
9,0.10256817,0.13796899,600,619,609.5545081967213,5.22496756036527e-06,5.2252057075030715e-06,5.305647747771315e-06,1.3082778438073686e-07,4.6254606751615255e-08,1.0000455786825564,1.0154412800603885,0.005148614473799235,painting-pair-model,scale_dependent_camb
9,0.10256817,0.13796899,620,639,629.5527777777778,5.127727623310135e-06,5.132053725767351e-06,5.210856773363044e-06,1.410936873582612e-07,4.988415155682057e-08,1.000843668536049,1.0162116937871295,0.0867229835970683,painting-pair-model,scale_dependent_camb
9,0.10256817,0.13796899,640,659,649.5511538461539,5.033750656739289e-06,5.001942819769265e-06,5.07875389261514e-06,1.4466620876778605e-07,5.114722861412514e-08,0.9936810861047638,1.0089402989827476,-0.6218877900500731,painting-pair-model,scale_dependent_camb
9,0.10256817,0.13796899,660,679,669.5496268656716,4.94223628343178e-06,4.900551200964795e-06,4.976010281662094e-06,1.253246828144104e-07,4.430896653406138e-08,0.9915655423827614,1.006833748184711,-0.9407820973423069,painting-pair-model,scale_dependent_camb
9,0.10256817,0.13796899,680,699,689.5481884057971,4.8530379197516765e-06,4.813621966737988e-06,4.887579802184534e-06,1.2674877563702113e-07,4.481245938001495e-08,0.9918780867437142,1.0071175793397933,-0.8795757599340107,painting-pair-model,scale_dependent_camb
9,0.10256817,0.13796899,700,719,709.5468309859154,4.765823005528822e-06,4.697261909712903e-06,4.769548963567048e-06,1.1354727029838707e-07,4.014502240660567e-08,0.9856140071218799,1.000781807892132,-1.7078355349139658,painting-pair-model,scale_dependent_camb
9,0.10256817,0.13796899,720,739,729.5455479452055,4.680066831333934e-06,4.623217015495375e-06,4.694314962781642e-06,1.2225824387901788e-07,4.322481665140613e-08,0.987852776918069,1.003044429056507,-1.3152124229244098,painting-pair-model,scale_dependent_camb
9,0.10256817,0.13796899,740,759,749.5443333333334,4.596011261677137e-06,4.537332329616537e-06,4.607481320684475e-06,9.391731526156087e-08,3.320478524614226e-08,0.9872326396260422,1.0024956551135935,-1.7671830016553909,painting-pair-model,scale_dependent_camb
9,0.10256817,0.13796899,760,779,769.5431818181818,4.513153340474801e-06,4.465707355887612e-06,4.534666728357893e-06,9.410907404309044e-08,3.3272582213528074e-08,0.9894871764799824,1.0047668196181494,-1.4259784312111023,painting-pair-model,scale_dependent_camb
9,0.10256817,0.13796899,780,799,789.5420886075949,4.431626377536085e-06,4.389186777597586e-06,4.456754757639175e-06,1.0846544373225837e-07,3.83483253937439e-08,0.9904234706802845,1.005670238860944,-1.1066871761086723,painting-pair-model,scale_dependent_camb
9,0.10256817,0.13796899,800,819,809.5410493827161,4.351307534943274e-06,4.286924878910686e-06,4.352604097739384e-06,1.3798490179863138e-07,4.878502988158604e-08,0.9852038368891277,1.000297970848003,-1.3197215659980475,painting-pair-model,scale_dependent_camb
9,0.10256817,0.13796899,820,839,829.5400602409638,4.272042618714933e-06,4.227164676409753e-06,4.292169752624083e-06,1.0312048224390294e-07,3.645859613694537e-08,0.9894949684938584,1.0047113607483635,-1.2309289731455932,painting-pair-model,scale_dependent_camb
9,0.10256817,0.13796899,840,859,849.5391176470588,4.194031737744979e-06,4.1403741134181325e-06,4.204102986149827e-06,9.419919387200171e-08,3.330444438459934e-08,0.9872061949736944,1.0024013286104179,-1.6111250410668654,painting-pair-model,scale_dependent_camb
9,0.10256817,0.13796899,860,879,869.5382183908046,4.116938268523259e-06,4.0712527759470605e-06,4.133884797552217e-06,9.270621915700923e-08,3.277659811204372e-08,0.9889030416303557,1.0041162941787412,-1.3938448529657215,painting-pair-model,scale_dependent_camb
9,0.10256817,0.13796899,880,899,889.5373595505617,4.041117011168207e-06,3.997964749637615e-06,4.059556473470374e-06,8.592177398923304e-08,3.0377934519682296e-08,0.9893216995668932,1.0045629617383527,-1.4205133499986218,painting-pair-model,scale_dependent_camb
9,0.10256817,0.13796899,900,919,909.5365384615385,3.9661869773179735e-06,3.921205456825911e-06,3.981594261963573e-06,9.254394659591166e-08,3.271922609786742e-08,0.9886587493859201,1.0038846591786297,-1.374773362839249,painting-pair-model,scale_dependent_camb
9,0.10256817,0.13796899,920,939,929.535752688172,3.89250173790071e-06,3.850961492805949e-06,3.910332345168459e-06,8.230931155503277e-08,2.910073617767996e-08,0.9893281370460829,1.0045807576896204,-1.4274637191694732,painting-pair-model,scale_dependent_camb
9,0.10256817,0.13796899,940,959,949.535,3.81976634959877e-06,3.75247609713437e-06,3.8100149714068898e-06,1.0149709911478276e-07,3.588464352741301e-08,0.9823836731606717,0.9974471270493012,-1.875182413697263,painting-pair-model,scale_dependent_camb
9,0.10256817,0.13796899,960,979,969.5342783505155,3.748198962666307e-06,3.684679352807474e-06,3.7416742591558486e-06,6.116500458841893e-08,2.162509475788866e-08,0.9830532982663098,0.9982592430189947,-2.9373101283480527,painting-pair-model,scale_dependent_camb
9,0.10256817,0.13796899,980,999,989.5335858585859,3.677701327804816e-06,3.6273868673574933e-06,3.6831969952523857e-06,8.385379677791864e-08,2.9646794164952468e-08,0.9863190466101946,1.0014943213050012,-1.6971298875479457,painting-pair-model,scale_dependent_camb
9,0.10256817,0.13796899,1000,1019,1009.5329207920792,3.6082562998894534e-06,3.569357776058436e-06,3.6242122709229027e-06,8.677803729797755e-08,3.068066931572953e-08,0.9892195784894191,1.0044220725212725,-1.2678512137632716,painting-pair-model,scale_dependent_camb
9,0.10256817,0.13796899,1020,1039,1029.532281553398,3.540029342126737e-06,3.4902210009408554e-06,3.5439784054758794e-06,7.496561709669271e-08,2.65043481024528e-08,0.9859299637454536,1.0011155453719405,-1.8792516983759342,painting-pair-model,scale_dependent_camb
9,0.10256817,0.13796899,1040,1059,1049.5316666666668,3.472738639221899e-06,3.424507564854604e-06,3.4772083211030805e-06,7.878860210883218e-08,2.7855977415681975e-08,0.9861115161899712,1.0012870769572753,-1.7314443376932909,painting-pair-model,scale_dependent_camb
9,0.10256817,0.13796899,1060,1079,1069.5310747663552,3.406782209901151e-06,3.349120067804466e-06,3.400615146154058e-06,8.238135596174984e-08,2.912620772194806e-08,0.9830743092619478,0.9981897687121972,-1.9797339443278663,painting-pair-model,scale_dependent_camb
9,0.10256817,0.13796899,1080,1099,1089.530504587156,3.341770424329925e-06,3.2848054343940985e-06,3.3353332080871765e-06,7.560912069968357e-08,2.6731860983149202e-08,0.9829536495023445,0.9980737108103291,-2.130977337183342,painting-pair-model,scale_dependent_camb
9,0.10256817,0.13796899,1100,1119,1109.529954954955,3.2779862724215683e-06,3.2308177042639476e-06,3.280586086911368e-06,8.154814728697811e-08,2.8831623969910788e-08,0.9856105046703642,1.0007931132938759,-1.636001087099589,painting-pair-model,scale_dependent_camb
9,0.10256817,0.13796899,1120,1139,1129.529424778761,3.2153540919034214e-06,3.1710959841012546e-06,3.2199636637519455e-06,6.815589876654345e-08,2.409674909784336e-08,0.9862353860454707,1.0014336125094687,-1.8366837627125336,painting-pair-model,scale_dependent_camb
9,0.10256817,0.13796899,1140,1159,1149.5289130434783,3.153729907280956e-06,3.0935560831279985e-06,3.1412374334197987e-06,6.470898221554135e-08,2.2878080064144495e-08,0.9809197915097183,0.9960388256989554,-2.6301955401958925,painting-pair-model,scale_dependent_camb
9,0.10256817,0.13796899,1160,1179,1169.5284188034188,3.0934230452732426e-06,3.020977790082686e-06,3.0674873618119764e-06,6.684105874469949e-08,2.3631882950032695e-08,0.9765808768699603,0.9916158627249849,-3.0655726987026326,painting-pair-model,scale_dependent_camb
9,0.10256817,0.13796899,1180,1199,1189.5279411764707,3.0341369749630633e-06,2.971014743658123e-06,3.0170420552748197e-06,4.4182872234917095e-08,1.5621004284804352e-08,0.9791959849453702,0.994365804896316,-4.040856154577968,painting-pair-model,scale_dependent_camb
9,0.10256817,0.13796899,1200,1219,1209.527479338843,2.975987281282288e-06,2.922904015868973e-06,2.967931622467891e-06,6.410660279304232e-08,2.2665106776896345e-08,0.9821628050135878,0.997293113829799,-2.3420699463646617,painting-pair-model,scale_dependent_camb
9,0.10256817,0.13796899,1220,1239,1229.5270325203253,2.9190749337944802e-06,2.871858455806268e-06,2.916103320122833e-06,6.166584182613217e-08,2.1802167461417544e-08,0.9838248489473218,0.9989820015795948,-2.1656781635022964,painting-pair-model,scale_dependent_camb
9,0.10256817,0.13796899,1240,1259,1249.5266,2.8631598497143396e-06,2.813725632132046e-06,2.8570569001925324e-06,6.183620225974226e-08,2.186239897034333e-08,0.9827343843246386,0.9978684565856789,-2.2611524768783027,painting-pair-model,scale_dependent_camb
9,0.10256817,0.13796899,1260,1279,1269.5261811023622,2.808444826900138e-06,2.74773829175578e-06,2.7899782223659063e-06,6.33328756854669e-08,2.239155293461913e-08,0.9783842877870015,0.9934246155176869,-2.711135548374618,painting-pair-model,scale_dependent_camb
9,0.10256817,0.13796899,1280,1299,1289.5257751937984,2.7548850723844006e-06,2.7034837760605998e-06,2.7452992193899655e-06,4.467751493656828e-08,1.5795886889105346e-08,0.9813417638219978,0.9965204163721653,-3.254093719755179,painting-pair-model,scale_dependent_camb
9,0.10256817,0.13796899,1300,1319,1309.5253816793893,2.7023229676855393e-06,2.6469516204531475e-06,2.687838207022218e-06,4.4009429808785395e-08,1.5559683126972767e-08,0.9795097225999542,0.9946398854479902,-3.5586423438408836,painting-pair-model,scale_dependent_camb
9,0.10256817,0.13796899,1320,1339,1329.525,2.6509485346393028e-06,2.5970026002201964e-06,2.637048385456952e-06,5.0032790851705937e-08,1.768926284646476e-08,0.9796503275283515,0.9947565375182803,-3.049642875869619,painting-pair-model,scale_dependent_camb
9,0.10256817,0.13796899,1340,1359,1349.5246296296295,2.6006856336680797e-06,2.5493573848968657e-06,2.5885559829089276e-06,5.809932079807213e-08,2.054121185932471e-08,0.9802635704574493,0.9953359796347073,-2.4987936019905987,painting-pair-model,scale_dependent_camb
9,0.10256817,0.13796899,1360,1379,1369.5242700729927,2.5514068146619747e-06,2.5077230925778963e-06,2.5463851749972327e-06,5.2390353458588526e-08,1.852278709966402e-08,0.9828785743484557,0.9980318153749984,-2.358377378578772,painting-pair-model,scale_dependent_camb
9,0.10256817,0.13796899,1380,1399,1389.5239208633093,2.5032615310084578e-06,2.460883595001113e-06,2.4990190286154483e-06,3.0494418343348944e-08,1.078140499946074e-08,0.9830709114959024,0.9983052100867382,-3.9306505979011543,painting-pair-model,scale_dependent_camb
9,0.10256817,0.13796899,1400,1419,1409.5235815602837,2.456206798163228e-06,2.4128660250798406e-06,2.450199566765619e-06,3.533942385804718e-08,1.2494373126625411e-08,0.9823545911867853,0.9975542648110487,-3.4688233370451096,painting-pair-model,scale_dependent_camb
9,0.10256817,0.13796899,1420,1439,1429.5232517482518,2.4101154675563388e-06,2.366029501595888e-06,2.4025886907068184e-06,4.2059758409163874e-08,1.4870370193093845e-08,0.9817079444724073,0.9968770057074685,-2.964685168424736,painting-pair-model,scale_dependent_camb
9,0.10256817,0.13796899,1440,1459,1449.5229310344828,2.3650684234631787e-06,2.319540354499722e-06,2.3553130202905183e-06,4.6448859543876506e-08,1.642215178092828e-08,0.9807497878235634,0.9958752131329986,-2.772357092468868,painting-pair-model,scale_dependent_camb
9,0.10256817,0.13796899,1460,1479,1469.522619047619,2.3211057994138045e-06,2.2719013708419778e-06,2.30696259344442e-06,4.189964240776125e-08,1.4813760637909708e-08,0.9788012986808903,0.9939066948292677,-3.321535278888487,painting-pair-model,scale_dependent_camb
9,0.10256817,0.13796899,1480,1499,1489.5223154362416,2.2780871751602637e-06,2.23234130171309e-06,2.2668965377423235e-06,3.293654139814932e-08,1.1644825885731417e-08,0.9799191734425371,0.9950877044829713,-3.928429149226431,painting-pair-model,scale_dependent_camb
9,0.10256817,0.13796899,1500,1519,1509.5220198675497,2.236008282003238e-06,2.195966845314563e-06,2.2298527016539512e-06,4.312005191486818e-08,1.524524055705963e-08,0.9820924470580218,0.9972470672855596,-2.626487692260953,painting-pair-model,scale_dependent_camb
9,0.10256817,0.13796899,1520,1539,1529.5217320261438,2.1949862536472947e-06,2.1554045801572362e-06,2.188712370478491e-06,3.785191267089713e-08,1.338267206523618e-08,0.9819672339978041,0.9971417209750728,-2.957680894899811,painting-pair-model,scale_dependent_camb
9,0.10256817,0.13796899,1540,1559,1549.5214516129033,2.1548929026081703e-06,2.1179213632426654e-06,2.1505045066940254e-06,4.868985639742685e-08,1.7214463816809862e-08,0.9828429805858303,0.9979635201782727,-2.147702057928887,painting-pair-model,scale_dependent_camb
9,0.10256817,0.13796899,1560,1579,1569.521178343949,2.1156748246360956e-06,2.083415145572612e-06,2.1156907908665306e-06,2.908369976624292e-08,1.0282640663351988e-08,0.9847520617592865,1.0000075466372473,-3.1372951870679593,painting-pair-model,scale_dependent_camb
9,0.10256817,0.13796899,1580,1599,1589.5209119496856,2.0774111967448305e-06,2.0409656509184786e-06,2.072628546273895e-06,2.4466249323006127e-08,8.650125403249205e-09,0.9824562677415719,0.9976977834342909,-4.213296816790893,painting-pair-model,scale_dependent_camb
9,0.10256817,0.13796899,1600,1619,1609.520652173913,2.040088989870858e-06,2.002314020165074e-06,2.0331941085189594e-06,3.929781993210727e-08,1.3893877479920461e-08,0.9814836657158886,0.9966203036308063,-2.718821276521011,painting-pair-model,scale_dependent_camb
9,0.10256817,0.13796899,1620,1639,1629.520398773006,2.0036135483157144e-06,1.9721359962700183e-06,2.0026491906657476e-06,3.162638780972823e-08,1.1181616642347196e-08,0.9842896091054301,0.9995186907920555,-2.815116369352513,painting-pair-model,scale_dependent_camb
9,0.10256817,0.13796899,1640,1659,1649.5201515151516,1.9679607842343517e-06,1.9294034309332982e-06,1.959161488089689e-06,3.8435404623958035e-08,1.3588967623624754e-08,0.9804074585174956,0.9955287238367982,-2.837401219061007,painting-pair-model,scale_dependent_camb
9,0.10256817,0.13796899,1660,1679,1669.5199101796406,1.933220181141987e-06,1.8934598914262696e-06,1.9226912672108396e-06,3.371358548784568e-08,1.1919552458284028e-08,0.9794331291885074,0.9945536912795273,-3.3357200159041467,painting-pair-model,scale_dependent_camb
9,0.10256817,0.13796899,1680,1699,1689.519674556213,1.8993118260274577e-06,1.8616376921530398e-06,1.890355659917016e-06,3.440424120553181e-08,1.2163736129004591e-08,0.9801643240682516,0.9952845204311848,-3.0972501766610523,painting-pair-model,scale_dependent_camb
9,0.10256817,0.13796899,1700,1719,1709.5194444444444,1.8661876240145016e-06,1.8361387311830977e-06,1.8645165600118848e-06,2.982147922512666e-08,1.0543485092550403e-08,0.9838982466474815,0.9991045573440134,-2.849996236314241,painting-pair-model,scale_dependent_camb
9,0.10256817,0.13796899,1720,1739,1729.519219653179,1.8338352835909631e-06,1.8073152724591177e-06,1.8352257401178335e-06,3.1017323975944155e-08,1.0966280058825098e-08,0.985538498812219,1.0007582232381023,-2.4183233502689494,painting-pair-model,scale_dependent_camb
9,0.10256817,0.13796899,1740,1759,1749.519,1.8023199049639937e-06,1.7709771699355622e-06,1.79839629300134e-06,2.4526134051447322e-08,8.671297852034347e-09,0.9826097825685072,0.9978230213449637,-3.6145379346043587,painting-pair-model,scale_dependent_camb
9,0.10256817,0.13796899,1760,1779,1769.5187853107345,1.7715584128505649e-06,1.738061499735196e-06,1.7649182769059947e-06,2.9726879125831522e-08,1.0510038906694148e-08,0.9810918381960265,0.9962518108935027,-3.1871350251647312,painting-pair-model,scale_dependent_camb
9,0.10256817,0.13796899,1780,1799,1789.5185754189945,1.7415182025492697e-06,1.70966133119371e-06,1.7360591479576467e-06,3.0090886193576785e-08,1.0638734839695402e-08,0.981707414077598,0.9968653473827424,-2.9944229117070233,painting-pair-model,scale_dependent_camb
9,0.10256817,0.13796899,1800,1819,1809.5183701657459,1.7121859345923955e-06,1.6936996700039517e-06,1.719890788911754e-06,2.8976695182758592e-08,1.0244808830052082e-08,0.9892031208673346,1.0045000102872546,-1.8044518833983763,painting-pair-model,scale_dependent_camb
9,0.10256817,0.13796899,1820,1839,1829.518169398907,1.6836140618112839e-06,1.658023324006827e-06,1.6837001950891445e-06,2.2407399239081437e-08,7.922211975354385e-09,0.9848001163776658,1.0000511597519968,-3.2302515868129196,painting-pair-model,scale_dependent_camb
9,0.10256817,0.13796899,1840,1859,1849.517972972973,1.6557333213679563e-06,1.6238796640775052e-06,1.6490094120952868e-06,2.3834918062249164e-08,8.426916095421054e-09,0.9807616015940696,0.9959390143413226,-3.7799898479776672,painting-pair-model,scale_dependent_camb
9,0.10256817,0.13796899,1860,1879,1869.5177807486632,1.6285036240742462e-06,1.5988810162700369e-06,1.6235889012940906e-06,2.569548347936602e-08,9.084725307063307e-09,0.9818099220865727,0.996982062116718,-3.2607048427956307,painting-pair-model,scale_dependent_camb
9,0.10256817,0.13796899,1880,1899,1889.5175925925926,1.6017719719061884e-06,1.5742171713993102e-06,1.598618281418404e-06,1.917059225806465e-08,6.777827892519921e-09,0.9827973013698782,0.9980311239407995,-4.0654323101487915,painting-pair-model,scale_dependent_camb
9,0.10256817,0.13796899,1900,1919,1909.5174083769634,1.5756858881751692e-06,1.5528440217556064e-06,1.5769581744316444e-06,1.7558818044868814e-08,6.207979654573727e-09,0.9855035406542757,1.0008074491661207,-3.679436417407402,painting-pair-model,scale_dependent_camb
9,0.10256817,0.13796899,1920,1939,1929.5172279792746,1.5502465391725204e-06,1.525849035152329e-06,1.5495437301235624e-06,1.8285536386549908e-08,6.4649133882813984e-09,0.9842621780447811,0.9995466469163459,-3.773833082499664,painting-pair-model,scale_dependent_camb
9,0.10256817,0.13796899,1940,1959,1949.5170512820512,1.5254084100470034e-06,1.4965540017220927e-06,1.5197444185539799e-06,1.9235045101278427e-08,6.800615413771528e-09,0.9810841423615715,0.9962869016220718,-4.242911349828619,painting-pair-model,scale_dependent_camb
9,0.10256817,0.13796899,1960,1979,1969.5168781725888,1.5011577962222309e-06,1.478173126110763e-06,1.5010942585243081e-06,2.098921449394541e-08,7.420807950223884e-09,0.9846887048321565,0.9999576742044822,-3.097327173218991,painting-pair-model,scale_dependent_camb
9,0.10256817,0.13796899,1980,1999,1989.5167085427136,1.477522298018966e-06,1.4531287084132213e-06,1.4755989975561906e-06,2.254805991941917e-08,7.971943035810945e-09,0.9834902054348343,0.9986982934434532,-3.0599302448807872,painting-pair-model,scale_dependent_camb
10,0.06779888,0.10256817,20,39,30.608333333333334,0.0003121745339908846,0.0003170354830573812,0.00031523850058216607,8.941996774732618e-06,3.1614732783808353e-06,1.015571254337609,1.0098149152402385,1.537558169394431,painting-pair-model,scale_dependent_camb
10,0.06779888,0.10256817,40,59,50.165,0.00015790029112544216,0.00016393445622730663,0.00016298089416797487,7.836820742966068e-06,2.7707345451473522e-06,1.038215034683316,1.0321760207427133,2.177821441766291,painting-pair-model,scale_dependent_camb
10,0.06779888,0.10256817,60,79,69.975,9.529745961969211e-05,9.859712653516913e-05,9.803714479102648e-05,2.8231316471057045e-06,9.981277659253954e-07,1.0346249199993909,1.0287487744402397,3.305856252198133,painting-pair-model,scale_dependent_camb
10,0.06779888,0.10256817,80,99,89.86944444444444,6.441325124929385e-05,6.60000229283172e-05,6.56345631684124e-05,1.9901954939884223e-06,7.036403648430621e-07,1.0246342429274713,1.018960569377127,2.255089045918012,painting-pair-model,scale_dependent_camb
10,0.06779888,0.10256817,100,119,109.80227272727272,4.7102591250026624e-05,4.9097067110134406e-05,4.8828630793674436e-05,1.2738804319877154e-06,4.5038474593968103e-07,1.0423432301106503,1.0366442587942937,4.428382351064124,painting-pair-model,scale_dependent_camb
10,0.06779888,0.10256817,120,139,129.75576923076923,3.651338221744621e-05,3.869067989907856e-05,3.8477455315508405e-05,1.2407059775962015e-06,4.3865580510847937e-07,1.059630128720095,1.0537905003257615,4.96356746286284,painting-pair-model,scale_dependent_camb
10,0.06779888,0.10256817,140,159,149.72166666666666,2.9625273935223357e-05,3.1225325628105955e-05,3.104768767826877e-05,7.97788454568902e-07,2.820608130890032e-07,1.0540096843114823,1.0480135220405242,5.672718855765717,painting-pair-model,scale_dependent_camb
10,0.06779888,0.10256817,160,179,169.6955882352941,2.4940519087596063e-05,2.6073595264448304e-05,2.592478108850175e-05,7.292671971851496e-07,2.578348902132632e-07,1.0454311384968633,1.0394643751178059,4.394580484879449,painting-pair-model,scale_dependent_camb
10,0.06779888,0.10256817,180,199,189.675,2.1644927100032203e-05,2.2551550244457286e-05,2.2424239891594837e-05,6.707788292928843e-07,2.37156129434686e-07,1.041886172230339,1.0360044082366753,3.8228956872682107,painting-pair-model,scale_dependent_camb
10,0.06779888,0.10256817,200,219,209.65833333333333,1.9262873972536936e-05,2.0212195730556626e-05,2.0095096902879567e-05,5.981490579012379e-07,2.1147762750115507e-07,1.0492824569881491,1.0432034664987753,4.488993796823756,painting-pair-model,scale_dependent_camb
10,0.06779888,0.10256817,220,239,229.64456521739132,1.750034018380507e-05,1.8166058244300064e-05,1.8062104205595857e-05,5.024206739185023e-07,1.7763253276804406e-07,1.0380402925602015,1.0321001772474485,3.747725994338553,painting-pair-model,scale_dependent_camb
10,0.06779888,0.10256817,240,259,249.633,1.6168061116552308e-05,1.68320640151229e-05,1.6734352647252775e-05,6.32182250443542e-07,2.235101781172004e-07,1.041068801867084,1.0350253210090057,2.97079490591436,painting-pair-model,scale_dependent_camb
10,0.06779888,0.10256817,260,279,269.6231481481482,1.5139238945054446e-05,1.5699844848923452e-05,1.5609657388375685e-05,5.298602689577143e-07,1.8733389463066385e-07,1.037029992452305,1.0310727933569548,2.992549239283491,painting-pair-model,scale_dependent_camb
10,0.06779888,0.10256817,280,299,289.6146551724138,1.4327099919096585e-05,1.4868947219754475e-05,1.4783179478537644e-05,4.622850970257777e-07,1.6344246347420422e-07,1.0378197474518664,1.0318333481316166,3.3152174113149484,painting-pair-model,scale_dependent_camb
10,0.06779888,0.10256817,300,319,309.60725806451615,1.36708411523024e-05,1.4210928123853083e-05,1.412774126294846e-05,5.550771321247646e-07,1.9624940210350113e-07,1.0395064916294285,1.0334215068082413,2.7520439082196146,painting-pair-model,scale_dependent_camb
10,0.06779888,0.10256817,320,339,329.6007575757576,1.3127443745760944e-05,1.3486643474881614e-05,1.3409724380078888e-05,3.6978863153359337e-07,1.307400244815487e-07,1.0273625037804226,1.021503092283987,2.747435076175643,painting-pair-model,scale_dependent_camb
10,0.06779888,0.10256817,340,359,349.595,1.2665594725591485e-05,1.3035537032286133e-05,1.296152165343384e-05,2.806897996220713e-07,9.923883036132991e-08,1.0292084434019637,1.0233646294748733,3.7277979330034725,painting-pair-model,scale_dependent_camb
10,0.06779888,0.10256817,360,379,369.58986486486486,1.2284245366077414e-05,1.2530539837233543e-05,1.2460208664387218e-05,2.6969558958216773e-07,9.535179012482739e-08,1.0200496215938721,1.0143243067087964,2.5830083612871744,painting-pair-model,scale_dependent_camb
10,0.06779888,0.10256817,380,399,389.5852564102564,1.1927444794528313e-05,1.2208015647912234e-05,1.213859595995862e-05,3.134781613271062e-07,1.1083126681414366e-07,1.0235231315857887,1.0177029673218165,2.531513547114989,painting-pair-model,scale_dependent_camb
10,0.06779888,0.10256817,400,419,409.5810975609756,1.1595093044754193e-05,1.191617491630483e-05,1.1846934108318614e-05,3.6617952115909235e-07,1.2946401127161852e-07,1.0276911854274338,1.0217196242058926,2.480085920379831,painting-pair-model,scale_dependent_camb
10,0.06779888,0.10256817,420,439,429.57732558139537,1.1286190464647274e-05,1.159069995060562e-05,1.152450615437429e-05,2.804726483141212e-07,9.916205578013239e-08,1.0269807147869947,1.0211156891666424,3.0708266742020935,painting-pair-model,scale_dependent_camb
10,0.06779888,0.10256817,440,459,449.5738888888889,1.0994706650076113e-05,1.1251556821270967e-05,1.1186957663326794e-05,2.9861282166598015e-07,1.0557557557463188e-07,1.0233612573185913,1.017485779236261,2.4328559877306666,painting-pair-model,scale_dependent_camb
10,0.06779888,0.10256817,460,479,469.5707446808511,1.0716426226867428e-05,1.0929628629520617e-05,1.0867548609838664e-05,2.3179613775082924e-07,8.195231042823121e-08,1.0198949162845599,1.0141019384421601,2.6015423059963405,painting-pair-model,scale_dependent_camb
10,0.06779888,0.10256817,480,499,489.5678571428571,1.0448424183512775e-05,1.0736128936901773e-05,1.0674813826040852e-05,2.5787324335205186e-07,9.117195953040232e-08,1.0275357076182823,1.0216673479705496,3.1556276169874287,painting-pair-model,scale_dependent_camb
10,0.06779888,0.10256817,500,519,509.56519607843137,1.0188657963654034e-05,1.0343202777542144e-05,1.0284879395964043e-05,2.104827125740025e-07,7.441687669180807e-08,1.0151683189718819,1.0094439751195161,2.0767441574865524,painting-pair-model,scale_dependent_camb
10,0.06779888,0.10256817,520,539,529.5627358490566,9.93571209500218e-06,1.0077817714644818e-05,1.0021483267079618e-05,1.8300902749724065e-07,6.47034621808271e-08,1.014302509803411,1.0086326144776863,2.196259904075839,painting-pair-model,scale_dependent_camb
10,0.06779888,0.10256817,540,559,549.5604545454545,9.688590242408924e-06,9.788085764274573e-06,9.731416381620386e-06,3.191802227404702e-07,1.1284724996020958e-07,1.0102693497584547,1.0044202652955643,0.8816831770444759,painting-pair-model,scale_dependent_camb
10,0.06779888,0.10256817,560,579,569.5583333333333,9.44670031375639e-06,9.5654877888526e-06,9.510067792966232e-06,2.963589168594907e-07,1.0477869988822306e-07,1.0125744938603833,1.0067078955725488,1.133698692796643,painting-pair-model,scale_dependent_camb
10,0.06779888,0.10256817,580,599,589.5563559322034,9.209929625687406e-06,9.31062000233226e-06,9.25773966599004e-06,2.2382511025041606e-07,7.913412662894791e-08,1.010932806301149,1.00519114067596,1.2724014396087362,painting-pair-model,scale_dependent_camb
10,0.06779888,0.10256817,600,619,609.5545081967213,8.977974999665028e-06,9.056832542181656e-06,9.004510360942564e-06,2.639685939566585e-07,9.332699140351577e-08,1.0087834442086963,1.0029556065013019,0.8449596556228137,painting-pair-model,scale_dependent_camb
10,0.06779888,0.10256817,620,639,629.5527777777778,8.750329455880277e-06,8.825387775521137e-06,8.774868670823369e-06,1.909808323409172e-07,6.752192081245683e-08,1.0085777707021557,1.0028043761171304,1.1116141060224767,painting-pair-model,scale_dependent_camb
10,0.06779888,0.10256817,640,659,649.5511538461539,8.527156525240458e-06,8.6431565357249e-06,8.593363568224128e-06,2.237924874598354e-07,7.91225927307275e-08,1.0136035981210243,1.0077642579666148,1.466079491090703,painting-pair-model,scale_dependent_camb
10,0.06779888,0.10256817,660,679,669.5496268656716,8.308919980636267e-06,8.354470714446918e-06,8.306429310798525e-06,2.025868287802653e-07,7.16252602048018e-08,1.0054821485724745,0.9997002414461149,0.6359590691943815,painting-pair-model,scale_dependent_camb
10,0.06779888,0.10256817,680,699,689.5481884057971,8.094863819670901e-06,8.198584740814219e-06,8.152264744253967e-06,1.4834103309720373e-07,5.244647521562542e-08,1.0128131767814637,1.0070910302954794,1.977652849250312,painting-pair-model,scale_dependent_camb
10,0.06779888,0.10256817,700,719,709.5468309859154,7.885342883826782e-06,7.957547745116749e-06,7.912181691562532e-06,1.9198389096679163e-07,6.787655559059856e-08,1.0091568448390573,1.0034036322999724,1.063767314969175,painting-pair-model,scale_dependent_camb
10,0.06779888,0.10256817,720,739,729.5455479452055,7.680800693835867e-06,7.717207924931083e-06,7.67307075130531e-06,1.7259530253138895e-07,6.10216544104444e-08,1.004740030700762,0.9989936019903808,0.5966280568260739,painting-pair-model,scale_dependent_camb
10,0.06779888,0.10256817,740,759,749.5443333333334,7.480377775925614e-06,7.529237294706579e-06,7.4867517351801885e-06,1.4993391057319417e-07,5.300964244806149e-08,1.0065316913456177,1.0008520905555183,0.9217100233950271,painting-pair-model,scale_dependent_camb
10,0.06779888,0.10256817,760,779,769.5431818181818,7.285090357312668e-06,7.274470212376526e-06,7.233175383279083e-06,1.3271103822849485e-07,4.692043753483792e-08,0.998542208206727,0.9928738050611172,-0.22634368931996673,painting-pair-model,scale_dependent_camb
10,0.06779888,0.10256817,780,799,789.5420886075949,7.094194139376311e-06,7.11771475372536e-06,7.077285224691842e-06,1.4093241718768007e-07,4.9827133941210054e-08,1.0033154737362624,0.9976165136797404,0.4720442957204902,painting-pair-model,scale_dependent_camb
10,0.06779888,0.10256817,800,819,809.5410493827161,6.9080990657851905e-06,6.9096389937295116e-06,6.8706591286457916e-06,1.2946175781934168e-07,4.577164342919352e-08,1.000222916308764,0.9945802836955779,0.033643711017351294,painting-pair-model,scale_dependent_camb
10,0.06779888,0.10256817,820,839,829.5400602409638,6.726799252102756e-06,6.7304924563206485e-06,6.6922650654578705e-06,1.5051300111585264e-07,5.3214381872878895e-08,1.0005490284575889,0.994866178497286,0.06940236995921391,painting-pair-model,scale_dependent_camb
10,0.06779888,0.10256817,840,859,849.5391176470588,6.550016253455337e-06,6.593298660472687e-06,6.555989080651176e-06,1.1756319026773559e-07,4.156486452812008e-08,1.00660798467401,1.0009118797518537,1.0413219797232152,painting-pair-model,scale_dependent_camb
10,0.06779888,0.10256817,860,879,869.5382183908046,6.378199212128442e-06,6.402990033365927e-06,6.366580882339568e-06,1.207369263832417e-07,4.268694969260559e-08,1.003886805728856,0.9981784310269298,0.5807587896536758,painting-pair-model,scale_dependent_camb
10,0.06779888,0.10256817,880,899,889.5373595505617,6.210772953839724e-06,6.253554934913875e-06,6.217464972729742e-06,1.721091329975328e-07,6.084976752334641e-08,1.0068883505148423,1.0010774856752542,0.7030755057155519,painting-pair-model,scale_dependent_camb
10,0.06779888,0.10256817,900,919,909.5365384615385,6.048268489917445e-06,6.055367782113518e-06,6.021283162675757e-06,1.0322556397099319e-07,3.649574813784752e-08,1.001173772660375,0.9955383384043428,0.1945238160143744,painting-pair-model,scale_dependent_camb
10,0.06779888,0.10256817,920,939,929.535752688172,5.890126038353825e-06,5.917623095375735e-06,5.884108590836015e-06,1.255437287476838e-07,4.4386410966465866e-08,1.0046683308375512,0.9989783839125637,0.6194926875859442,painting-pair-model,scale_dependent_camb
10,0.06779888,0.10256817,940,959,949.535,5.736701399416525e-06,5.737225048104975e-06,5.704587228973293e-06,1.118402435038555e-07,3.954149729556547e-08,1.0000912804505568,0.9944019797776996,0.013243016179564507,painting-pair-model,scale_dependent_camb
10,0.06779888,0.10256817,960,979,969.5342783505155,5.587697856088156e-06,5.5672899153266955e-06,5.535791564708925e-06,9.911851383125497e-08,3.5043686635606494e-08,0.9963477014528935,0.9907106123637884,-0.5823571296498573,painting-pair-model,scale_dependent_camb
10,0.06779888,0.10256817,980,999,989.5335858585859,5.443062666484281e-06,5.4940858542605475e-06,5.463000927359095e-06,1.0256867358757453e-07,3.6263502315541736e-08,1.009373984997535,1.0036630592180362,1.407012133916223,painting-pair-model,scale_dependent_camb
10,0.06779888,0.10256817,1000,1019,1009.5329207920792,5.302962821267428e-06,5.3136547695080895e-06,5.283160491791397e-06,1.2202582382334927e-07,4.3142643752682616e-08,1.0020162216106403,0.9962657989234595,0.24782784063845123,painting-pair-model,scale_dependent_camb
10,0.06779888,0.10256817,1020,1039,1029.532281553398,5.166831725528609e-06,5.153205216139071e-06,5.12417311326595e-06,8.119742262178409e-08,2.870762407536675e-08,0.9973626953395422,0.9917437581619141,-0.4746651744415854,painting-pair-model,scale_dependent_camb
10,0.06779888,0.10256817,1040,1059,1049.5316666666668,5.035255756945481e-06,5.04008631389877e-06,5.011527264612023e-06,8.606852832914183e-08,3.0429820014141325e-08,1.0009593468904983,0.9952875298735863,0.15874418419313555,painting-pair-model,scale_dependent_camb
10,0.06779888,0.10256817,1060,1079,1069.5310747663552,4.907411660772257e-06,4.892286521545773e-06,4.864555883992401e-06,9.102581582549315e-08,3.218248581662198e-08,0.9969178988289514,0.9912671323006328,-0.46998045187273235,painting-pair-model,scale_dependent_camb
10,0.06779888,0.10256817,1080,1099,1089.530504587156,4.783834326522257e-06,4.801469157707398e-06,4.77441632579137e-06,7.999878495107349e-08,2.8283841662794195e-08,1.0036863381926442,0.9980312861842494,0.6234949055148686,painting-pair-model,scale_dependent_camb
10,0.06779888,0.10256817,1100,1119,1109.529954954955,4.664084351465183e-06,4.664607547640286e-06,4.638056120791094e-06,9.591403990339034e-08,3.391073401334221e-08,1.0001121755387934,0.9944194339740204,0.015428630205914944,painting-pair-model,scale_dependent_camb
10,0.06779888,0.10256817,1120,1139,1129.529424778761,4.548037433851357e-06,4.524304592390478e-06,4.498538195884666e-06,9.667416047230508e-08,3.41794772177417e-08,0.9947817400788669,0.9891163521218482,-0.6943594049051253,painting-pair-model,scale_dependent_camb
10,0.06779888,0.10256817,1140,1159,1149.5289130434783,4.435974431288395e-06,4.456495058073773e-06,4.431263263532338e-06,7.907985216288497e-08,2.7958949859802815e-08,1.004625956957876,0.9989379632752552,0.7339555630049375,painting-pair-model,scale_dependent_camb
10,0.06779888,0.10256817,1160,1179,1169.5284188034188,4.32723560271015e-06,4.343535020858584e-06,4.3190860243201285e-06,5.945959923758636e-08,2.1022142913765892e-08,1.003766704576526,0.9981166779121254,0.7753452259979223,painting-pair-model,scale_dependent_camb
10,0.06779888,0.10256817,1180,1199,1189.5279411764707,4.222175369867758e-06,4.228600132820488e-06,4.204637113862987e-06,7.48279263916264e-08,2.6455667086823423e-08,1.0015216712689343,0.9958461564316026,0.24285015878243324,painting-pair-model,scale_dependent_camb
10,0.06779888,0.10256817,1200,1219,1209.527479338843,4.120593585554254e-06,4.125258567228871e-06,4.1020822863713625e-06,5.4636174672179886e-08,1.9316804804395546e-08,1.0011321139971123,0.995507613454579,0.24149861852698282,painting-pair-model,scale_dependent_camb
10,0.06779888,0.10256817,1220,1239,1229.5270325203253,4.022114736643418e-06,4.0359309270139555e-06,4.013197782765189e-06,7.296958248184871e-08,2.5798643296633162e-08,1.0034350562515448,0.9977830185208315,0.5355394162273812,painting-pair-model,scale_dependent_camb
10,0.06779888,0.10256817,1240,1259,1249.5266,3.927072874139425e-06,3.93253704027925e-06,3.910260556773993e-06,7.213350003582771e-08,2.550304351302692e-08,1.001391409407197,0.9957188679955127,0.2142554529632744,painting-pair-model,scale_dependent_camb
10,0.06779888,0.10256817,1260,1279,1269.5261811023622,3.835074419981815e-06,3.836207927741575e-06,3.814467457299342e-06,7.21986231929324e-08,2.5526068026027425e-08,1.0002955634325776,0.9946267111336602,0.04440588964208593,painting-pair-model,scale_dependent_camb
10,0.06779888,0.10256817,1280,1299,1289.5257751937984,3.745614134500156e-06,3.7498959165497992e-06,3.7288862745028796e-06,4.8884444727385466e-08,1.7283261180636616e-08,1.0011431455285809,0.9955340140771044,0.24774155785138097,painting-pair-model,scale_dependent_camb
10,0.06779888,0.10256817,1300,1319,1309.5253816793893,3.6591251526077106e-06,3.6670131504080957e-06,3.6463821628842688e-06,5.569608235842808e-08,1.9691538760584464e-08,1.002155705932814,0.996517476393405,0.40057802979694407,painting-pair-model,scale_dependent_camb
10,0.06779888,0.10256817,1320,1339,1329.525,3.5753874955295194e-06,3.579718307720296e-06,3.5595072962354563e-06,5.513258929196923e-08,1.949231387636214e-08,1.0012112847058372,0.9955584676307341,0.2221805075706445,painting-pair-model,scale_dependent_camb
10,0.06779888,0.10256817,1340,1359,1349.5246296296295,3.494362067163042e-06,3.51184383168834e-06,3.491756854628185e-06,7.558523772625182e-08,2.6723417076914957e-08,1.00500284864284,0.9992544526054302,0.6541739956002653,painting-pair-model,scale_dependent_camb
10,0.06779888,0.10256817,1360,1379,1369.5242700729927,3.416179538028129e-06,3.4252012495656075e-06,3.405832682984248e-06,5.3306002506634085e-08,1.884651792519403e-08,1.0026408774588838,0.996971220356336,0.47869381353563034,painting-pair-model,scale_dependent_camb
10,0.06779888,0.10256817,1380,1399,1389.5239208633093,3.340506405323065e-06,3.3474449858156067e-06,3.328588236354626e-06,4.665413221659588e-08,1.649472663036436e-08,1.0020771043819838,0.9964322268775034,0.4206544702455862,painting-pair-model,scale_dependent_camb
10,0.06779888,0.10256817,1400,1419,1409.5235815602837,3.267253557858578e-06,3.280438749666656e-06,3.2621034567702383e-06,4.371531097904273e-08,1.5455696417479923e-08,1.0040355581758764,0.9984237216374124,0.8530959364060583,painting-pair-model,scale_dependent_camb
10,0.06779888,0.10256817,1420,1439,1429.5232517482518,3.196553998564344e-06,3.2114452200291646e-06,3.1933213918114764e-06,4.984004860297819e-08,1.7621118170916496e-08,1.0046585233571868,0.998988721368599,0.8450781227605902,painting-pair-model,scale_dependent_camb
10,0.06779888,0.10256817,1440,1459,1449.5229310344828,3.1281781813863986e-06,3.130380359697115e-06,3.1127050618478007e-06,5.303822022486565e-08,1.8751842591533996e-08,1.0007039810979503,0.9950536322928574,0.11743796909380576,painting-pair-model,scale_dependent_camb
10,0.06779888,0.10256817,1460,1479,1469.522619047619,3.061926239935596e-06,3.0609427475344917e-06,3.0436945513148523e-06,4.629561809105143e-08,1.6367972745702537e-08,0.9996787994471333,0.9940456800092196,-0.06008639043967939,painting-pair-model,scale_dependent_camb
10,0.06779888,0.10256817,1480,1499,1489.5223154362416,2.997946319421353e-06,3.0177965933164743e-06,3.000858441060243e-06,4.231073895089351e-08,1.4959105214595293e-08,1.0066212906370362,1.0009713721756872,1.3269693347536577,painting-pair-model,scale_dependent_camb
10,0.06779888,0.10256817,1500,1519,1509.5220198675497,2.9359047693471115e-06,2.9587826572134362e-06,2.942112252609647e-06,4.7327500997799695e-08,1.673279844607863e-08,1.0077924488917984,1.0021143339958931,1.3672481587612864,painting-pair-model,scale_dependent_camb
10,0.06779888,0.10256817,1520,1539,1529.5217320261438,2.8750452861020613e-06,2.8932187234304667e-06,2.876999595681975e-06,3.804867322328864e-08,1.3452237425669204e-08,1.0063210960245585,1.0006797491466868,1.3509601974261458,painting-pair-model,scale_dependent_camb
10,0.06779888,0.10256817,1540,1559,1549.5214516129033,2.8161226897041318e-06,2.830672609092841e-06,2.814802613772849e-06,4.095708429967687e-08,1.4480516022965295e-08,1.0051666496782632,0.99953124345892,1.0047928793168652,painting-pair-model,scale_dependent_camb
10,0.06779888,0.10256817,1560,1579,1569.521178343949,2.7591794086755702e-06,2.7683968040228554e-06,2.7527717434634217e-06,4.551853933857316e-08,1.6093233918005853e-08,1.003340629216898,0.9976776917108031,0.5727497278823681,painting-pair-model,scale_dependent_camb
10,0.06779888,0.10256817,1580,1599,1589.5209119496856,2.7041058160288597e-06,2.720033492930971e-06,2.704776820500146e-06,3.4666378393581173e-08,1.225641562064003e-08,1.0058901825541362,1.0002481428305463,1.2995379232480433,painting-pair-model,scale_dependent_camb
10,0.06779888,0.10256817,1600,1619,1609.520652173913,2.650756013549541e-06,2.6665504019819814e-06,2.651491650117051e-06,4.270162183435873e-08,1.50973031833693e-08,1.00595844670415,1.000277519531692,1.0461728323664365,painting-pair-model,scale_dependent_camb
10,0.06779888,0.10256817,1620,1639,1629.520398773006,2.5991686930860326e-06,2.6168456259707378e-06,2.602131673382542e-06,3.531823710711074e-08,1.2486882478996179e-08,1.0068009948456702,1.0011399722935996,1.4156402059872861,painting-pair-model,scale_dependent_camb
10,0.06779888,0.10256817,1640,1659,1649.5201515151516,2.5492868686420185e-06,2.566297159670558e-06,2.551837074395547e-06,3.5905931077923436e-08,1.2694663675008231e-08,1.0066725684103182,1.0010003604478168,1.3399560212081514,painting-pair-model,scale_dependent_camb
10,0.06779888,0.10256817,1660,1679,1669.5199101796406,2.5009825415292244e-06,2.525160573881352e-06,2.510892019477909e-06,4.1130311604610604e-08,1.4541761123967952e-08,1.0096674134867587,1.00396223395571,1.662661911855858,painting-pair-model,scale_dependent_camb
10,0.06779888,0.10256817,1680,1699,1689.519674556213,2.4541921186337608e-06,2.478280003575954e-06,2.4643965369618824e-06,2.8524994577069168e-08,1.0085108549377551e-08,1.009814995639218,1.0041579541595962,2.3884606520848983,painting-pair-model,scale_dependent_camb
10,0.06779888,0.10256817,1700,1719,1709.5194444444444,2.4089272971601097e-06,2.4299694132930644e-06,2.416301907421347e-06,3.3185934316228345e-08,1.1732999597508206e-08,1.0087350565364763,1.0030613668872164,1.7934131811803298,painting-pair-model,scale_dependent_camb
10,0.06779888,0.10256817,1720,1739,1729.519219653179,2.365125754291458e-06,2.3777090283493836e-06,2.3643289144988724e-06,3.650500177068353e-08,1.2906467149638622e-08,1.005320340381518,0.9996630877697983,0.974958825837768,painting-pair-model,scale_dependent_camb
10,0.06779888,0.10256817,1740,1759,1749.519,2.322262036172299e-06,2.3464123486283528e-06,2.33325500926334e-06,2.794475195706364e-08,9.879961803707871e-09,1.0103994777849703,1.0047337350048404,2.4443730589110606,painting-pair-model,scale_dependent_camb
10,0.06779888,0.10256817,1760,1779,1769.5187853107345,2.280456551209846e-06,2.303805321613257e-06,2.2909471157705305e-06,2.6424890713193776e-08,9.342609707706371e-09,1.0102386385704316,1.0046002036544475,2.499170053539889,painting-pair-model,scale_dependent_camb
10,0.06779888,0.10256817,1780,1799,1789.5185754189945,2.2399703928927586e-06,2.271597567178943e-06,2.258854463447181e-06,3.1356233749723147e-08,1.108610275844986e-08,1.014119460858293,1.0084305000701528,2.8528667806256887,painting-pair-model,scale_dependent_camb
10,0.06779888,0.10256817,1800,1819,1809.5183701657459,2.2007560670181063e-06,2.227790380289896e-06,2.215342194304586e-06,2.3221924376741018e-08,8.210190099497382e-09,1.0122841025759024,1.0066277801093344,3.292775556249882,painting-pair-model,scale_dependent_camb
10,0.06779888,0.10256817,1820,1839,1829.518169398907,2.162767924530572e-06,2.1912942767549487e-06,2.1790978416217e-06,2.213216612348953e-08,7.824902374133315e-09,1.013189742598281,1.0075504712761414,3.645585703238396,painting-pair-model,scale_dependent_camb
10,0.06779888,0.10256817,1840,1859,1849.517972972973,2.1259620939424593e-06,2.152032933845021e-06,2.1400060387793948e-06,2.247840755393634e-08,7.94731720583165e-09,1.012263078432511,1.006605924384518,3.2804579491845676,painting-pair-model,scale_dependent_camb
10,0.06779888,0.10256817,1860,1879,1869.5177807486632,2.0902964153869187e-06,2.11849674861346e-06,2.1066356135794326e-06,2.49347484124678e-08,8.815764844818241e-09,1.0134910690268402,1.0078166895719856,3.1988527056863387,painting-pair-model,scale_dependent_camb
10,0.06779888,0.10256817,1880,1899,1889.5175925925926,2.0557303761920128e-06,2.0905877680204656e-06,2.078899169365827e-06,2.365874784358254e-08,8.364630517289912e-09,1.016956207989212,1.0112703462682358,4.167236288130325,painting-pair-model,scale_dependent_camb
10,0.06779888,0.10256817,1900,1919,1909.5174083769634,2.0222250478979576e-06,2.051215398308899e-06,2.039701592782598e-06,2.5717482430262647e-08,9.092503110742305e-09,1.0143358675341678,1.0086422353945257,3.188379487788228,painting-pair-model,scale_dependent_camb
10,0.06779888,0.10256817,1920,1939,1929.5172279792746,1.9897430249231706e-06,2.0259429367290195e-06,2.014645282989993e-06,1.933967585496392e-08,6.837607971497364e-09,1.0181932598091388,1.012515313663574,5.294236223654322,painting-pair-model,scale_dependent_camb
10,0.06779888,0.10256817,1940,1959,1949.5170512820512,1.958248365241265e-06,1.997730302576982e-06,1.986434208441133e-06,3.1934925865487625e-08,1.1290701318087987e-08,1.0201618640600028,1.0143933954957727,3.496854289508662,painting-pair-model,scale_dependent_camb
10,0.06779888,0.10256817,1960,1979,1969.5168781725888,1.92770653264898e-06,1.972157093188218e-06,1.9610550462288377e-06,2.9234309331625163e-08,1.0335889185848659e-08,1.0230587798435045,1.0172995801046707,4.300603435270706,painting-pair-model,scale_dependent_camb
10,0.06779888,0.10256817,1980,1999,1989.5167085427136,1.89808434064291e-06,1.9286831626332524e-06,1.917870180327944e-06,2.5134885133972974e-08,8.886523861288617e-09,1.0161208969144007,1.0104241098571691,3.4432836132513813,painting-pair-model,scale_dependent_camb
11,0.03362193,0.06779888,20,39,30.608333333333334,0.0004663707070168243,0.0004660384366897645,0.0004752169606017283,3.568895978804259e-05,1.2617952739809461e-05,0.9992875403149027,1.0189682873555455,-0.026333140875658637,painting-pair-model,scale_dependent_camb
11,0.03362193,0.06779888,40,59,50.165,0.00021683798140750536,0.00022520959124719715,0.00022974777120034605,1.1391215257669514e-05,4.0274027773268895e-06,1.0386076728133664,1.059536570618499,2.0786621807040313,painting-pair-model,scale_dependent_camb
11,0.03362193,0.06779888,60,79,69.975,0.00012870916768644024,0.00013371905666444324,0.0001363950300906767,6.44221917765126e-06,2.277668433203615e-06,1.038924103605487,1.0597149569249074,2.1995690439263895,painting-pair-model,scale_dependent_camb
11,0.03362193,0.06779888,80,99,89.86944444444444,8.85991867134235e-05,9.083645718574226e-05,9.2661404704165e-05,4.8391011660579135e-06,1.7108806246836399e-06,1.0252515915248215,1.0458493823863289,1.3076718737945014,painting-pair-model,scale_dependent_camb
11,0.03362193,0.06779888,100,119,109.80227272727272,6.755375956944331e-05,6.933476959980887e-05,7.071740938106627e-05,4.089267770450084e-06,1.4457744852864243e-06,1.0263643362222459,1.046831587639039,1.2318726388456955,painting-pair-model,scale_dependent_camb
11,0.03362193,0.06779888,120,139,129.75576923076923,5.5471035304281916e-05,5.6218530972852616e-05,5.7352918091686716e-05,3.223394254885817e-06,1.1396419680337598e-06,1.0134754230648548,1.0339255032303234,0.6559039501330097,painting-pair-model,scale_dependent_camb
11,0.03362193,0.06779888,140,159,149.72166666666666,4.804612197669964e-05,4.873484517898844e-05,4.969979262163205e-05,3.341600025118635e-06,1.1814340188872621e-06,1.0143346262706239,1.034418400006027,0.5829552825450829,painting-pair-model,scale_dependent_camb
11,0.03362193,0.06779888,160,179,169.6955882352941,4.320219783551874e-05,4.40859920571955e-05,4.4972301060979344e-05,2.703814289480857e-06,9.559427095805003e-07,1.0204571588010773,1.040972527189469,0.9245263474676263,painting-pair-model,scale_dependent_camb
11,0.03362193,0.06779888,180,199,189.675,3.984322405467654e-05,4.051141532298316e-05,4.1327882609313976e-05,2.6566016941556297e-06,9.392505364245581e-07,1.0167705120295902,1.0372625104986497,0.7114089823682352,painting-pair-model,scale_dependent_camb
11,0.03362193,0.06779888,200,219,209.65833333333333,3.736021896628383e-05,3.747485155563671e-05,3.8233140200368525e-05,1.9685455882898734e-06,6.959859672773154e-07,1.0030683061428611,1.0233649924501909,0.16470531697833257,painting-pair-model,scale_dependent_camb
11,0.03362193,0.06779888,220,239,229.64456521739132,3.540176511596493e-05,3.553798646914255e-05,3.625178923503655e-05,2.0067240912675146e-06,7.094841064528359e-07,1.003847868961658,1.0240107835382561,0.1920005704689846,painting-pair-model,scale_dependent_camb
11,0.03362193,0.06779888,240,259,249.633,3.376213846333947e-05,3.355535617800392e-05,3.423240363969695e-05,1.6065081977437953e-06,5.679864203282083e-07,0.993875320262664,1.013928773405989,-0.3640620232012926,painting-pair-model,scale_dependent_camb
11,0.03362193,0.06779888,260,279,269.6231481481482,3.2318998139603764e-05,3.229685736654093e-05,3.2942952564325274e-05,1.8019790264509468e-06,6.370957945796988e-07,0.9993149300925978,1.0193061190209642,-0.03475265925658408,painting-pair-model,scale_dependent_camb
11,0.03362193,0.06779888,280,299,289.6146551724138,3.099939014505755e-05,3.103394325621587e-05,3.1664317334347046e-05,1.4563713618571035e-06,5.149050329475225e-07,1.00111463841697,1.0214496861447293,0.0671057941704822,painting-pair-model,scale_dependent_camb
11,0.03362193,0.06779888,300,319,309.60725806451615,2.9765432836881795e-05,2.9887358355307726e-05,3.0488128727421975e-05,1.7113478394280566e-06,6.050528311142628e-07,1.0040962118405634,1.0242797037254805,0.20151218564070358,painting-pair-model,scale_dependent_camb
11,0.03362193,0.06779888,320,339,329.6007575757576,2.8620212069005972e-05,2.8426178234277647e-05,2.9006270477677337e-05,9.323619503376885e-07,3.296397288020473e-07,0.9932203914401301,1.0134890128605807,-0.5886239362999995,painting-pair-model,scale_dependent_camb
11,0.03362193,0.06779888,340,359,349.595,2.7483822141956074e-05,2.7191780748046334e-05,2.774814306095178e-05,1.1497663801372807e-06,4.065038020876905e-07,0.9893740618607804,1.0096173275183657,-0.7184222937396815,painting-pair-model,scale_dependent_camb
11,0.03362193,0.06779888,360,379,369.58986486486486,2.6389061348743205e-05,2.607744971025389e-05,2.6607633059410114e-05,1.1652753792503214e-06,4.1198706130881403e-07,0.9881916361339561,1.0082826633269895,-0.7563626816322253,painting-pair-model,scale_dependent_camb
11,0.03362193,0.06779888,380,399,389.5852564102564,2.533190905752974e-05,2.510302359229609e-05,2.561442620215459e-05,1.0583744331121349e-06,3.741918693440293e-07,0.9909645394386248,1.0111526195670149,-0.6116794189967191,painting-pair-model,scale_dependent_camb
11,0.03362193,0.06779888,400,419,409.5810975609756,2.4310543512847416e-05,2.3874335698965623e-05,2.4359157156810367e-05,1.0146923701188767e-06,3.587479278646539e-07,0.982056846501549,1.001999693833964,-1.2159173057199146,painting-pair-model,scale_dependent_camb
11,0.03362193,0.06779888,420,439,429.57732558139537,2.3324614875022855e-05,2.295255395054444e-05,2.34218038956135e-05,9.723933579009489e-07,3.437929686762592e-07,0.9840485715853411,1.00416680065722,-1.0822237752883668,painting-pair-model,scale_dependent_camb
11,0.03362193,0.06779888,440,459,449.5738888888889,2.2374042209385736e-05,2.18848004420451e-05,2.2332527694583856e-05,8.60482417306655e-07,3.0422647618466413e-07,0.9781335101291888,0.9981445232643539,-1.6081498674154457,painting-pair-model,scale_dependent_camb
11,0.03362193,0.06779888,460,479,469.5707446808511,2.1458756417480644e-05,2.100837674454756e-05,2.1436659540695962e-05,7.528652820321511e-07,2.661780731224283e-07,0.9790118465315074,0.9989702629381318,-1.6920239434069875,painting-pair-model,scale_dependent_camb
11,0.03362193,0.06779888,480,499,489.5678571428571,2.057876292484876e-05,2.018254159399546e-05,2.0595491831351e-05,7.684415231894731e-07,2.71685105996298e-07,0.9807461054728968,1.00081292090119,-1.4583844388536327,painting-pair-model,scale_dependent_camb
11,0.03362193,0.06779888,500,519,509.56519607843137,1.973406601904003e-05,1.9199451639790874e-05,1.959280040888389e-05,6.685739443172474e-07,2.363765848756814e-07,0.9729090609743911,0.992841535544685,-2.2617061648907675,painting-pair-model,scale_dependent_camb
11,0.03362193,0.06779888,520,539,529.5627358490566,1.8924313120452747e-05,1.8372034153085524e-05,1.8747908241631594e-05,5.536379206351221e-07,1.9574056400155723e-07,0.9708164326043444,0.990678399913469,-2.82148450007955,painting-pair-model,scale_dependent_camb
11,0.03362193,0.06779888,540,559,549.5604545454545,1.814903528662435e-05,1.7743585832210436e-05,1.810428655888589e-05,6.86357133461017e-07,2.426638916930227e-07,0.9776599996633031,0.9975343743052041,-1.6708272977292367,painting-pair-model,scale_dependent_camb
11,0.03362193,0.06779888,560,579,569.5583333333333,1.740764219846748e-05,1.7007513444701633e-05,1.7356383891181343e-05,5.734022715538385e-07,2.0272831728174468e-07,0.9770141901353491,0.9970554135533272,-1.9737191090564952,painting-pair-model,scale_dependent_camb
11,0.03362193,0.06779888,580,599,589.5563559322034,1.669940766682818e-05,1.6130838622687163e-05,1.6460662754660026e-05,5.209936629200759e-07,1.84199076003002e-07,0.9659527418286562,0.9857033903877682,-3.086709534480782,painting-pair-model,scale_dependent_camb
11,0.03362193,0.06779888,600,619,609.5545081967213,1.6024204816069986e-05,1.570319642045439e-05,1.6025188732582043e-05,4.921951758461047e-07,1.7401727325404292e-07,0.9799672807917639,1.000061401893158,-1.8446927113204705,painting-pair-model,scale_dependent_camb
11,0.03362193,0.06779888,620,639,629.5527777777778,1.5380579940041975e-05,1.506237497348379e-05,1.537218116725803e-05,4.555643202404133e-07,1.6106631005431809e-07,0.9793112504340771,0.9994539365344683,-1.9756146797606153,painting-pair-model,scale_dependent_camb
11,0.03362193,0.06779888,640,659,649.5511538461539,1.4767265536113565e-05,1.4416487673974429e-05,1.471024696110727e-05,5.122420898530674e-07,1.8110492767213635e-07,0.9762462548478387,0.9961388535428678,-1.9368764099791256,painting-pair-model,scale_dependent_camb
11,0.03362193,0.06779888,660,679,669.5496268656716,1.4183739542691298e-05,1.3861989999699887e-05,1.41457226065427e-05,4.109136189256003e-07,1.452799032120984e-07,0.9773156055197584,0.9973196817359645,-2.214687206403759,painting-pair-model,scale_dependent_camb
11,0.03362193,0.06779888,680,699,689.5481884057971,1.362740919972102e-05,1.3304592641560741e-05,1.357742776419857e-05,3.4287318868192936e-07,1.212239784020234e-07,0.9763112302985011,0.9963322862922857,-2.6629761076616383,painting-pair-model,scale_dependent_camb
11,0.03362193,0.06779888,700,719,709.5468309859154,1.3097529675273531e-05,1.2753679081639372e-05,1.3015291945630522e-05,3.389706443055409e-07,1.1984422060581057e-07,0.9737469124209502,0.9937211266794636,-2.869146229129783,painting-pair-model,scale_dependent_camb
11,0.03362193,0.06779888,720,739,729.5455479452055,1.2594708574204697e-05,1.2297893947295523e-05,1.2551161015646965e-05,3.0395167062416284e-07,1.0746314372566274e-07,0.9764333866750134,0.9965423925213385,-2.7620132504861163,painting-pair-model,scale_dependent_camb
11,0.03362193,0.06779888,740,759,749.5443333333334,1.2117009527663598e-05,1.1771147421813099e-05,1.2013778719007429e-05,2.652300149700503e-07,9.377297107976603e-08,0.9714564798302021,0.9914805044577634,-3.688292072523745,painting-pair-model,scale_dependent_camb
11,0.03362193,0.06779888,760,779,769.5431818181818,1.1663272773715863e-05,1.1318863896853377e-05,1.155283885016245e-05,2.877974781229654e-07,1.0175177419456794e-07,0.9704706488869368,0.9905314806833392,-3.3847948066626703,painting-pair-model,scale_dependent_camb
11,0.03362193,0.06779888,780,799,789.5420886075949,1.1233076575266692e-05,1.0925703283104602e-05,1.115055649889719e-05,3.014071772325001e-07,1.0656352945969819e-07,0.9726367669531539,0.992653831226327,-2.8844135861541345,painting-pair-model,scale_dependent_camb
11,0.03362193,0.06779888,800,819,809.5410493827161,1.0824194379360233e-05,1.0522517540225433e-05,1.0738381641668568e-05,3.298380180173206e-07,1.1661534961658902e-07,0.972129395633356,0.992072136300943,-2.5869393705602355,painting-pair-model,scale_dependent_camb
11,0.03362193,0.06779888,820,839,829.5400602409638,1.0436793742372388e-05,1.021597731312354e-05,1.0425779435424775e-05,2.8026968717105617e-07,9.909029817984306e-08,0.9788425032917576,0.9989446656492887,-2.2284364191545776,painting-pair-model,scale_dependent_camb
11,0.03362193,0.06779888,840,859,849.5391176470588,1.0068552797816788e-05,9.775844830336902e-06,9.975921079057445e-06,2.578997566668517e-07,9.118133340274567e-08,0.9709284965418907,0.9907998974013993,-3.2101742380428053,painting-pair-model,scale_dependent_camb
11,0.03362193,0.06779888,860,879,869.5382183908046,9.719666654474811e-06,9.477510607577352e-06,9.672067538604514e-06,2.8062117229202366e-07,9.921456693610421e-08,0.975085972029095,0.9951028036698786,-2.4407307754859318,painting-pair-model,scale_dependent_camb
11,0.03362193,0.06779888,880,899,889.5373595505617,9.387997772940443e-06,9.132700537176027e-06,9.3205518336576e-06,2.2012688014825484e-07,7.78266048371347e-08,0.9728059974087047,0.9928157269617973,-3.280333714912393,painting-pair-model,scale_dependent_camb
11,0.03362193,0.06779888,900,919,909.5365384615385,9.072733376382945e-06,8.826169056435258e-06,9.007736190580116e-06,1.728335185813466e-07,6.110587650260068e-08,0.9728235902325187,0.9928359863443115,-4.035034501750303,painting-pair-model,scale_dependent_camb
11,0.03362193,0.06779888,920,939,929.535752688172,8.769502794303903e-06,8.534371791661033e-06,8.709556397402077e-06,1.890363782668937e-07,6.683445248173292e-08,0.9731876472180845,0.9931642194195134,-3.518110703564689,painting-pair-model,scale_dependent_camb
11,0.03362193,0.06779888,940,959,949.535,8.481707146850024e-06,8.271595153250177e-06,8.441463078316076e-06,1.7685296201084324e-07,6.252696435539705e-08,0.9752276293012687,0.9952551923996935,-3.3603421462393652,painting-pair-model,scale_dependent_camb
11,0.03362193,0.06779888,960,979,969.5342783505155,8.208176928087222e-06,8.051858695362057e-06,8.217457442008419e-06,1.9177525866379054e-07,6.780279293248525e-08,0.9809557915119658,1.0011306425290907,-2.305483682373072,painting-pair-model,scale_dependent_camb
11,0.03362193,0.06779888,980,999,989.5335858585859,7.948719299808083e-06,7.793011192561192e-06,7.953144495438364e-06,1.8587265359413374e-07,6.571590689677503e-08,0.980410918869578,1.0005567180653099,-2.3694127434241143,painting-pair-model,scale_dependent_camb
11,0.03362193,0.06779888,1000,1019,1009.5329207920792,7.7020374678545e-06,7.539392416442273e-06,7.695162387927754e-06,1.5324020819763653e-07,5.417859518349358e-08,0.9788828537784907,0.9991073686728428,-3.002016771778145,painting-pair-model,scale_dependent_camb
11,0.03362193,0.06779888,1020,1039,1029.532281553398,7.467791726309401e-06,7.297250074895388e-06,7.447306144938121e-06,1.6725768129300543e-07,5.913452032391124e-08,0.9771630412758853,0.997256808689628,-2.8839610176909547,painting-pair-model,scale_dependent_camb
11,0.03362193,0.06779888,1040,1059,1049.5316666666668,7.2451397114348846e-06,7.089613887083506e-06,7.235690015380675e-06,1.594194916181999e-07,5.636330178827055e-08,0.9785337715288065,0.9986957192779464,-2.7593455212331754,painting-pair-model,scale_dependent_camb
11,0.03362193,0.06779888,1060,1079,1069.5310747663552,7.033338103363666e-06,6.886173990681684e-06,7.027697617331975e-06,1.5829871916522685e-07,5.5967048887438394e-08,0.9790762067002579,0.9991980357052659,-2.629477801803707,painting-pair-model,scale_dependent_camb
11,0.03362193,0.06779888,1080,1099,1089.530504587156,6.832093873566205e-06,6.710912716948994e-06,6.849133682268481e-06,1.4716832659507577e-07,5.20318608556273e-08,0.982262954979868,1.0024940829294229,-2.328979871649266,painting-pair-model,scale_dependent_camb
11,0.03362193,0.06779888,1100,1119,1109.529954954955,6.6403804814781075e-06,6.514224411920343e-06,6.64810264382878e-06,1.391599864280695e-07,4.9200485036557925e-08,0.9810016805648939,1.00116290962125,-2.5641224769232616,painting-pair-model,scale_dependent_camb
11,0.03362193,0.06779888,1120,1139,1129.529424778761,6.458079348642171e-06,6.332852593275582e-06,6.463830503542448e-06,1.1236305068260769e-07,3.972633754623981e-08,0.9806092882099816,1.0008905364257386,-3.152235093930595,painting-pair-model,scale_dependent_camb
11,0.03362193,0.06779888,1140,1159,1149.5289130434783,6.2827035243047375e-06,6.174418387401627e-06,6.302049008359814e-06,1.0435948399547373e-07,3.6896649407164225e-08,0.9827645636175243,1.0030791655185125,-2.934823043365146,painting-pair-model,scale_dependent_camb
11,0.03362193,0.06779888,1160,1179,1169.5284188034188,6.113704389809546e-06,6.060220735691188e-06,6.185117718211242e-06,1.1065612226343601e-07,3.9122847216141645e-08,0.9912518416481657,1.0116808605467953,-1.367069575045946,painting-pair-model,scale_dependent_camb
11,0.03362193,0.06779888,1180,1199,1189.5279411764707,5.952713835408794e-06,5.897297315903318e-06,6.0189609848260945e-06,1.0484034351247148e-07,3.706665891979782e-08,0.990690545348268,1.0111288987256937,-1.4950502991214378,painting-pair-model,scale_dependent_camb
11,0.03362193,0.06779888,1200,1219,1209.527479338843,5.7992906986596375e-06,5.744283743911315e-06,5.8631123898767365e-06,8.741684007364105e-08,3.090652020298576e-08,0.9905148823181021,1.011005085713646,-1.77978479579879,painting-pair-model,scale_dependent_camb
11,0.03362193,0.06779888,1220,1239,1229.5270325203253,5.653020443737696e-06,5.613639818306145e-06,5.729546273867031e-06,1.0130928342039457e-07,3.5818240651855434e-08,0.9930337019256359,1.0135371578594075,-1.0994572797229487,painting-pair-model,scale_dependent_camb
11,0.03362193,0.06779888,1240,1259,1249.5266,5.513513566200278e-06,5.465725903482353e-06,5.5784543824777765e-06,1.0158643718725061e-07,3.591622930584308e-08,0.9913326298839855,1.0117784812711097,-1.3305311732752114,painting-pair-model,scale_dependent_camb
11,0.03362193,0.06779888,1260,1279,1269.5261811023622,5.380404072702519e-06,5.326208129198491e-06,5.43604129975218e-06,9.796587344385668e-08,3.4636166718507086e-08,0.9899271610883297,1.0103407153622415,-1.5647211755413164,painting-pair-model,scale_dependent_camb
11,0.03362193,0.06779888,1280,1299,1289.5257751937984,5.253348035135596e-06,5.246639371020055e-06,5.354915858385449e-06,9.028972911012674e-08,3.192223986263352e-08,0.9987229736026109,1.0193339223996858,-0.2101564346489847,painting-pair-model,scale_dependent_camb
11,0.03362193,0.06779888,1300,1319,1309.5253816793893,5.132022224094497e-06,5.128007300278809e-06,5.233874610476848e-06,9.63889756343683e-08,3.407864915134336e-08,0.9992176721689088,1.0198464429682632,-0.11781346724917673,painting-pair-model,scale_dependent_camb
11,0.03362193,0.06779888,1320,1339,1329.525,5.016122815717113e-06,5.01443359322221e-06,5.1177631591764796e-06,8.647402492200386e-08,3.057318470942172e-08,0.9996632414003879,1.0202627302387604,-0.055251767552451515,painting-pair-model,scale_dependent_camb
11,0.03362193,0.06779888,1340,1359,1349.5246296296295,4.905364171764528e-06,4.918204702108627e-06,5.019621860983991e-06,8.417814935737659e-08,2.9761470119167502e-08,1.0026176507787148,1.0232923968983048,0.431448120428341,painting-pair-model,scale_dependent_camb
11,0.03362193,0.06779888,1360,1379,1369.5242700729927,4.799477692382921e-06,4.7926684577299265e-06,4.891252514565003e-06,1.0003231926982732e-07,3.5366765646756324e-08,0.9985812550678584,1.0191218353463198,-0.19253201497149247,painting-pair-model,scale_dependent_camb
11,0.03362193,0.06779888,1380,1399,1389.5239208633093,4.698210738178086e-06,4.708650637001852e-06,4.805750111136875e-06,8.599870074832457e-08,3.040513223618646e-08,1.0022221010094186,1.022889431520156,0.34335975724983964,painting-pair-model,scale_dependent_camb
11,0.03362193,0.06779888,1400,1419,1409.5235815602837,4.601325617933673e-06,4.601894221543952e-06,4.69674214396803e-06,9.893881408979399e-08,3.498015318272423e-08,1.0001235738692482,1.0207367471805235,0.01625503488531808,painting-pair-model,scale_dependent_camb
11,0.03362193,0.06779888,1420,1439,1429.5232517482518,4.508598636499581e-06,4.524070829890447e-06,4.617732937160567e-06,7.186542518081845e-08,2.5408264739105594e-08,1.0034317078627515,1.0242058141475456,0.6089433320116959,painting-pair-model,scale_dependent_camb
11,0.03362193,0.06779888,1440,1459,1449.5229310344828,4.419819202611687e-06,4.442197259910003e-06,4.53402659748899e-06,7.335558955740148e-08,2.5935117406987838e-08,1.0050631159946752,1.0258398340841222,0.8628477344886272,painting-pair-model,scale_dependent_camb
11,0.03362193,0.06779888,1460,1479,1469.522619047619,4.3347889933828095e-06,4.353201220384619e-06,4.442823859914341e-06,9.5504722780861e-08,3.376601855684408e-08,1.0042475486188407,1.0249227509566095,0.5452886596864518,painting-pair-model,scale_dependent_camb
11,0.03362193,0.06779888,1480,1499,1489.5223154362416,4.253321171068821e-06,4.297552371007259e-06,4.386259659376859e-06,6.982810423833203e-08,2.4687963012162838e-08,1.0103992146747112,1.0312552198532028,1.791609940303599,painting-pair-model,scale_dependent_camb
11,0.03362193,0.06779888,1500,1519,1509.5220198675497,4.175239649182214e-06,4.223410639641859e-06,4.310554082893697e-06,7.382420960383993e-08,2.610079961330613e-08,1.0115372995341907,1.0324087825085648,1.8455752763638447,painting-pair-model,scale_dependent_camb
11,0.03362193,0.06779888,1520,1539,1529.5217320261438,4.100378406031517e-06,4.139070244146261e-06,4.2245905796949965e-06,6.590375274221824e-08,2.330049523483202e-08,1.0094361627838617,1.0302928562595022,1.6605586158058976,painting-pair-model,scale_dependent_camb
11,0.03362193,0.06779888,1540,1559,1549.5214516129033,4.028580845577564e-06,4.0777397458655936e-06,4.162062087023384e-06,7.265364847395382e-08,2.56869437569382e-08,1.0122025353771897,1.0331335640421242,1.913769919582242,painting-pair-model,scale_dependent_camb
11,0.03362193,0.06779888,1560,1579,1569.521178343949,3.959699199544332e-06,4.00424529659662e-06,4.087210716674941e-06,4.980835697679466e-08,1.7609913489025895e-08,1.0112498689439375,1.0322023241425216,2.5296034009507378,painting-pair-model,scale_dependent_camb
11,0.03362193,0.06779888,1580,1599,1589.5209119496856,3.893593968274637e-06,3.9526029413707044e-06,4.033951987142162e-06,7.890886844375707e-08,2.7898497986168898e-08,1.0151553997609606,1.0360484477865886,2.1151308262302044,painting-pair-model,scale_dependent_camb
11,0.03362193,0.06779888,1600,1619,1609.520652173913,3.830133398751553e-06,3.899287685495002e-06,3.9800421619615424e-06,4.8875214348550916e-08,1.72799977489032e-08,1.0180553206752512,1.039139306024916,4.001984707887959,painting-pair-model,scale_dependent_camb
11,0.03362193,0.06779888,1620,1639,1629.520398773006,3.769193000194509e-06,3.825271180773359e-06,3.904114116190995e-06,7.377635024502994e-08,2.6083878774727238e-08,1.0148780337265713,1.0357957568077631,2.1499172367410564,painting-pair-model,scale_dependent_camb
11,0.03362193,0.06779888,1640,1659,1649.5201515151516,3.710655089947857e-06,3.7834589672785343e-06,3.8618971512382735e-06,5.4226191212224876e-08,1.9171853762041288e-08,1.0196202221887727,1.0407588572972277,3.7974354610832224,painting-pair-model,scale_dependent_camb
11,0.03362193,0.06779888,1660,1679,1669.5199101796406,3.6544083694092904e-06,3.722826272104695e-06,3.799727070643895e-06,5.8687790149893804e-08,2.0749267193921488e-08,1.0187220189369433,1.0397653153520152,3.297364772257971,painting-pair-model,scale_dependent_camb
11,0.03362193,0.06779888,1680,1699,1689.519674556213,3.6003475281866853e-06,3.6677482854336667e-06,3.7436651922191077e-06,5.054427897410514e-08,1.7870101206387187e-08,1.0187206253616654,1.0398066194750384,3.7717054015838896,painting-pair-model,scale_dependent_camb
11,0.03362193,0.06779888,1700,1719,1709.5194444444444,3.548372876352769e-06,3.613053270798946e-06,3.68756519610271e-06,6.70840408203175e-08,2.371779008672083e-08,1.018228184212889,1.039227083680397,2.7270835187292746,painting-pair-model,scale_dependent_camb
11,0.03362193,0.06779888,1720,1739,1729.519219653179,3.498390000905437e-06,3.57872489387649e-06,3.652657585909537e-06,7.025070731409453e-08,2.4837375762473813e-08,1.022963389716487,1.0440967373460859,3.2344356239288707,painting-pair-model,scale_dependent_camb
11,0.03362193,0.06779888,1740,1759,1749.519,3.4503094434821344e-06,3.5254441255545885e-06,3.598377572977456e-06,5.332989893921292e-08,1.885496658995536e-08,1.0217762155259402,1.0429144492460036,3.9848748452559297,painting-pair-model,scale_dependent_camb
11,0.03362193,0.06779888,1760,1779,1769.5187853107345,3.4040464006206804e-06,3.4776353153686044e-06,3.5494904113056177e-06,5.7450843788064044e-08,2.031194061371456e-08,1.021618070404242,1.042726800274643,3.6229386520673947,painting-pair-model,scale_dependent_camb
11,0.03362193,0.06779888,1780,1799,1789.5185754189945,3.35952044596981e-06,3.441984984336617e-06,3.5133812045165653e-06,3.83056365635285e-08,1.354308768586918e-08,1.0245465207588582,1.045798428978556,6.089050021646836,painting-pair-model,scale_dependent_camb
11,0.03362193,0.06779888,1800,1819,1809.5183701657459,3.3166552700064384e-06,3.3968316771484585e-06,3.4674313308370523e-06,4.0624437742009766e-08,1.4362907704632911e-08,1.0241738741638544,1.045460275053042,5.582184944080529,painting-pair-model,scale_dependent_camb
11,0.03362193,0.06779888,1820,1839,1829.518169398907,3.275378436541019e-06,3.36470349063345e-06,3.434383950291599e-06,4.55717585153373e-08,1.6112049738395398e-08,1.0272716743494115,1.0485456923012837,5.543990711471504,painting-pair-model,scale_dependent_camb
11,0.03362193,0.06779888,1840,1859,1849.517972972973,3.235621155960357e-06,3.3238815274397804e-06,3.3925781806461366e-06,5.294016253885898e-08,1.8717173964172608e-08,1.0272777211005801,1.0485090859282609,4.715475298160224,painting-pair-model,scale_dependent_camb
11,0.03362193,0.06779888,1860,1879,1869.5177807486632,3.1973180752863123e-06,3.291023984185933e-06,3.3589410547579164e-06,5.518222634412555e-08,1.950986322445106e-08,1.0293076593235817,1.0505495467344552,4.803001836639346,painting-pair-model,scale_dependent_camb
11,0.03362193,0.06779888,1880,1899,1889.5175925925926,3.1604070810697066e-06,3.2553381684974577e-06,3.3230576511505294e-06,3.1100705421797106e-08,1.0995759851718979e-08,1.0300376138239824,1.05146506950167,8.633426767037884,painting-pair-model,scale_dependent_camb
11,0.03362193,0.06779888,1900,1919,1909.5174083769634,3.1248291143571325e-06,3.2245969399244382e-06,3.2912668370502143e-06,5.019075111149284e-08,1.7745110231891416e-08,1.0319274500832443,1.0532629838631424,5.622271389895543,painting-pair-model,scale_dependent_camb
11,0.03362193,0.06779888,1920,1939,1929.5172279792746,3.0905279977028503e-06,3.1820348343093133e-06,3.2479371374204445e-06,4.265716279300304e-08,1.5081584538555468e-08,1.0296088036330617,1.0509327661275336,6.067455072279006,painting-pair-model,scale_dependent_camb
11,0.03362193,0.06779888,1940,1959,1949.5170512820512,3.0574502751590894e-06,3.147464984998229e-06,3.2124180809859924e-06,5.27324793979196e-08,1.8643746885524427e-08,1.0294411034483484,1.0506853069977857,4.828144814014285,painting-pair-model,scale_dependent_camb
11,0.03362193,0.06779888,1960,1979,1969.5168781725888,3.0255450614465477e-06,3.13454375124836e-06,3.199505865932153e-06,4.229897418287241e-08,1.495494574097189e-08,1.0360261333373428,1.0574973437686737,7.288471097771349,painting-pair-model,scale_dependent_camb
11,0.03362193,0.06779888,1980,1999,1989.5167085427136,2.994763899763032e-06,3.1021808319446075e-06,3.1663644185201995e-06,3.929553754306818e-08,1.3893070533537035e-08,1.035868247306599,1.057300182752552,7.7316912717226565,painting-pair-model,scale_dependent_camb
12,0.0,0.03362193,20,39,30.608333333333334,0.0010563966891643398,0.0009884341559750736,0.0011194843156089643,0.00012718840767784054,4.4967892778660094e-05,0.9356657078857112,1.0597196366589618,-1.5113568590769804,painting-pair-model,scale_dependent_camb
12,0.0,0.03362193,40,59,50.165,0.0005106537262099793,0.0004759861996732974,0.0005386274691358843,6.738363502420903e-05,2.3823712633308774e-05,0.9321114783711052,1.0547802581086076,-1.455168934845698,painting-pair-model,scale_dependent_camb
12,0.0,0.03362193,60,79,69.975,0.0003526069612670063,0.00032723157939106864,0.00037054976017588596,4.322215242885335e-05,1.5281338539960403e-05,0.9280349378674843,1.0508861164975491,-1.660547065924987,painting-pair-model,scale_dependent_camb
12,0.0,0.03362193,80,99,89.86944444444444,0.00028838916962477777,0.00026386746151296184,0.0002985005412730453,3.963380648166078e-05,1.4012666663708838e-05,0.9149700796887724,1.0350615512414125,-1.7499672760591871,painting-pair-model,scale_dependent_camb
12,0.0,0.03362193,100,119,109.80227272727272,0.0002538647115755367,0.0002285647485555036,0.000258495350941237,3.622051225456234e-05,1.2805884916625737e-05,0.9003407647206407,1.0182405791532096,-1.9756512872598457,painting-pair-model,scale_dependent_camb
12,0.0,0.03362193,120,139,129.75576923076923,0.00023007188709838017,0.00020661570268788482,0.00023378306915730908,3.1604285531815156e-05,1.1173802307051193e-05,0.8980484547402989,1.016130532529348,-2.0992124046881875,painting-pair-model,scale_dependent_camb
12,0.0,0.03362193,140,159,149.72166666666666,0.00021055953633451134,0.00018838883290418437,0.00021316826765877523,2.647591740379011e-05,9.36065036717746e-06,0.8947057738809566,1.0123895187540661,-2.3685003243008804,painting-pair-model,scale_dependent_camb
12,0.0,0.03362193,160,179,169.6955882352941,0.00019318441318291589,0.00017294199229210482,0.00019542315316345362,2.8688819418378315e-05,1.0143029377485805e-05,0.8952171111670142,1.0115886159946972,-1.9956977484204665,painting-pair-model,scale_dependent_camb
12,0.0,0.03362193,180,199,189.675,0.00017728703405311228,0.00015656476517598948,0.00017717027598117478,2.2449147218783264e-05,7.936972115128385e-06,0.8831145831515532,0.9993414178732184,-2.6108531788369036,painting-pair-model,scale_dependent_camb
12,0.0,0.03362193,200,219,209.65833333333333,0.00016266437096595766,0.0001429111206579882,0.00016214544779229105,1.540958642422859e-05,5.448111527926099e-06,0.8785643703616977,0.9968098535002775,-3.62570593621618,painting-pair-model,scale_dependent_camb
12,0.0,0.03362193,220,239,229.64456521739132,0.000149238335706686,0.00013271808095869668,0.00015048351902217694,1.5523403235742154e-05,5.4883518475432354e-06,0.8893028746952906,1.008343588861365,-3.0100575194325994,painting-pair-model,scale_dependent_camb
12,0.0,0.03362193,240,259,249.633,0.00013694897817591558,0.00012036761926998441,0.00013655356891130785,1.375258446186411e-05,4.862272865912429e-06,0.8789230914550391,0.9971127257035842,-3.410207399542889,painting-pair-model,scale_dependent_camb
12,0.0,0.03362193,260,279,269.6231481481482,0.00012574092005479887,0.00011148966321294592,0.00012653200981407517,1.149989281780025e-05,4.0658260971925156e-06,0.8866617419719679,1.0062914265215457,-3.505131921823599,painting-pair-model,scale_dependent_camb
12,0.0,0.03362193,280,299,289.6146551724138,0.00011555420511803582,0.00010245844647213449,0.000116364718925105,9.999053358080158e-06,3.5351992174722997e-06,0.8866699949817981,1.0070141437625852,-3.7043905704598226,painting-pair-model,scale_dependent_camb
12,0.0,0.03362193,300,319,309.60725806451615,0.00010628998073533201,9.341863991464256e-05,0.00010619326206988277,7.68907375920906e-06,2.7184980980901323e-06,0.8789035360469223,0.9990900490828944,-4.734724968074155,painting-pair-model,scale_dependent_camb
12,0.0,0.03362193,320,339,329.6007575757576,9.786900950628354e-05,8.596942430418493e-05,9.759972048610407e-05,8.44504966175072e-06,2.9857759416405464e-06,0.8784131436281204,0.9972484750633736,-3.9854247052310097,painting-pair-model,scale_dependent_camb
12,0.0,0.03362193,340,359,349.595,9.028831044885807e-05,7.926496572839152e-05,9.010266485620802e-05,6.616832329920706e-06,2.3394035052306567e-06,0.877909502728922,0.9979438579398914,-4.7120322320709205,painting-pair-model,scale_dependent_camb
12,0.0,0.03362193,360,379,369.58986486486486,8.345808706165446e-05,7.288409077121952e-05,8.285859738855857e-05,6.306662595195922e-06,2.229741943859293e-06,0.8733017175121277,0.9928168773787851,-4.742251146844914,painting-pair-model,scale_dependent_camb
12,0.0,0.03362193,380,399,389.5852564102564,7.729308516735484e-05,6.764831042056318e-05,7.688490963049741e-05,5.755658683327984e-06,2.0349326425882265e-06,0.8752181424003349,0.9947191196214558,-4.739603928375971,painting-pair-model,scale_dependent_camb
12,0.0,0.03362193,400,419,409.5810975609756,7.174614481763813e-05,6.349146099232631e-05,7.222284025929552e-05,4.633913763041428e-06,1.638335922640133e-06,0.884945959865951,1.0066441959058432,-5.038456223318128,painting-pair-model,scale_dependent_camb
12,0.0,0.03362193,420,439,429.57732558139537,6.675549741175703e-05,5.926652378608273e-05,6.744531389483904e-05,4.271593068759416e-06,1.5102362126946185e-06,0.8878148779346023,1.0103334782875952,-4.958809464853315,painting-pair-model,scale_dependent_camb
12,0.0,0.03362193,440,459,449.5738888888889,6.22643477173119e-05,5.482663390314951e-05,6.236924820849415e-05,4.197894302097538e-06,1.4841797638587693e-06,0.880546185950095,1.0016847601400805,-5.011329486682148,painting-pair-model,scale_dependent_camb
12,0.0,0.03362193,460,479,469.5707446808511,5.822075766391338e-05,5.1506751861345994e-05,5.860255728130318e-05,3.645708814328273e-06,1.2889527124215446e-06,0.8846802056179889,1.006557791975051,-5.208884498139455,painting-pair-model,scale_dependent_camb
12,0.0,0.03362193,480,499,489.5678571428571,5.457747973516805e-05,4.875413418547883e-05,5.5464618500287454e-05,3.5949072932889265e-06,1.2709916624107883e-06,0.8933013107613902,1.0162546671158903,-4.581733871207014,painting-pair-model,scale_dependent_camb
12,0.0,0.03362193,500,519,509.56519607843137,5.12917469480874e-05,4.571675604838254e-05,5.201290089939558e-05,3.3055611627846427e-06,1.168692356915955e-06,0.8913082273187666,1.0140598438192807,-4.770280961207469,painting-pair-model,scale_dependent_camb
12,0.0,0.03362193,520,539,529.5627358490566,4.832446018892733e-05,4.34088704609371e-05,4.94103222221981e-05,2.779226694404427e-06,9.826050210340213e-07,0.8982794694700686,1.0224702361707825,-5.002610024135056,painting-pair-model,scale_dependent_camb
12,0.0,0.03362193,540,559,549.5604545454545,4.558980031061194e-05,4.0792796697454846e-05,4.641362846365075e-05,2.8603648133128647e-06,1.0112916780804597e-06,0.8947790167872156,1.0180704488158736,-4.743442190943685,painting-pair-model,scale_dependent_camb
12,0.0,0.03362193,560,579,569.5583333333333,4.3080184872476364e-05,3.8838845788149644e-05,4.420178924448448e-05,2.57675462871638e-06,9.110203357095883e-07,0.9015477975110435,1.0260352729527096,-4.65559210708855,painting-pair-model,scale_dependent_camb
12,0.0,0.03362193,580,599,589.5563559322034,4.08067144268129e-05,3.687170029417897e-05,4.1957101279659245e-05,2.533890178420059e-06,8.958654639714072e-07,0.9035694446880451,1.0281911168052889,-4.392416373759799,painting-pair-model,scale_dependent_camb
12,0.0,0.03362193,600,619,609.5545081967213,3.874371955630636e-05,3.551157485094319e-05,4.040320994591355e-05,2.3668059898902905e-06,8.367922826021818e-07,0.9165762930772332,1.0428325005603927,-3.8625412453758954,painting-pair-model,scale_dependent_camb
12,0.0,0.03362193,620,639,629.5527777777778,3.6868523185636965e-05,3.398862811837429e-05,3.869883119939516e-05,1.963146089749257e-06,6.940769562607771e-07,0.9218874308373542,1.049644191185592,-4.149244606502463,painting-pair-model,scale_dependent_camb
12,0.0,0.03362193,640,659,649.5511538461539,3.516110436305034e-05,3.250188034011016e-05,3.699508491470669e-05,2.0575156764154285e-06,7.274416435954878e-07,0.9243702929383906,1.0521593557676654,-3.655583985811656,painting-pair-model,scale_dependent_camb
12,0.0,0.03362193,660,679,669.5496268656716,3.360379147736604e-05,3.0984792694540345e-05,3.527101332758652e-05,1.9438302167532446e-06,6.872477638707679e-07,0.922062402256313,1.0496140993894527,-3.810850933984526,painting-pair-model,scale_dependent_camb
12,0.0,0.03362193,680,699,689.5481884057971,3.2180984722647784e-05,2.998625110877147e-05,3.4136102417802984e-05,1.8536669271720592e-06,6.553702271322966e-07,0.9318002965791241,1.0607538181943594,-3.3488454662943883,painting-pair-model,scale_dependent_camb
12,0.0,0.03362193,700,719,709.5468309859154,3.087890674831338e-05,2.8616929297628543e-05,3.2602594421798564e-05,1.4196854326215975e-06,5.019345982792445e-07,0.9267468414888623,1.0558208775826992,-4.506518296286917,painting-pair-model,scale_dependent_camb
12,0.0,0.03362193,720,739,729.5455479452055,2.9685380132335875e-05,2.7569336150577527e-05,3.139519544737161e-05,1.5571771741654248e-06,5.505452696806387e-07,0.9287176390423456,1.0575978918718059,-3.8435422085922677,painting-pair-model,scale_dependent_camb
12,0.0,0.03362193,740,759,749.5443333333334,2.8589630136291657e-05,2.6675074856469918e-05,3.0381781214058466e-05,1.4692520894967346e-06,5.194590578778226e-07,0.9330332267086099,1.06268535371823,-3.685671181947211,painting-pair-model,scale_dependent_camb
12,0.0,0.03362193,760,779,769.5431818181818,2.7582110742853155e-05,2.5920515118505094e-05,2.952748464109476e-05,1.334910087643776e-06,4.719619876236212e-07,0.9397582135812939,1.0705302765396834,-3.520613244118179,painting-pair-model,scale_dependent_camb
12,0.0,0.03362193,780,799,789.5420886075949,2.6654351739374785e-05,2.521521006041753e-05,2.8730423537691024e-05,1.2873480277163984e-06,4.551462600726964e-07,0.9460072526606865,1.0778886621822954,-3.1619323395679273,painting-pair-model,scale_dependent_camb
12,0.0,0.03362193,800,819,809.5410493827161,2.579882492152348e-05,2.442187392170388e-05,2.7837788287568977e-05,1.0623311407746697e-06,3.755907767537049e-07,0.9466273753161976,1.079033187451279,-3.6660937516113266,painting-pair-model,scale_dependent_camb
12,0.0,0.03362193,820,839,829.5400602409638,2.500882769815027e-05,2.3848446412336655e-05,2.715891044430845e-05,1.3115373658788166e-06,4.636984825962266e-07,0.9536011323753716,1.0859729521155128,-2.502447882332269,painting-pair-model,scale_dependent_camb
12,0.0,0.03362193,840,859,849.5391176470588,2.4278381812899955e-05,2.3148468439016258e-05,2.638082889997891e-05,1.0719866527067477e-06,3.7900451573520486e-07,0.9534601036184654,1.0865974966240068,-2.981266256661495,painting-pair-model,scale_dependent_camb
12,0.0,0.03362193,860,879,869.5382183908046,2.360214521108382e-05,2.249487580611663e-05,2.5642101374701056e-05,1.0268643037028346e-06,3.6305135625333835e-07,0.9530860692930909,1.0864309640235266,-3.0498974481024534,painting-pair-model,scale_dependent_camb
12,0.0,0.03362193,880,899,889.5373595505617,2.2975335336545488e-05,2.1963646319709564e-05,2.5020521085752585e-05,1.1436625434582433e-06,4.043457699341892e-07,0.9559663002947909,1.0890165788332997,-2.502039323919687,painting-pair-model,scale_dependent_camb
12,0.0,0.03362193,900,919,909.5365384615385,2.2393662268450475e-05,2.1544050166046433e-05,2.4536322383757056e-05,1.18118832374672e-06,4.1761313678983836e-07,0.9620601537962361,1.0956815410369607,-2.0344477401619807,painting-pair-model,scale_dependent_camb
12,0.0,0.03362193,920,939,929.535752688172,2.1853270565536886e-05,2.0994933508416444e-05,2.39212878585325e-05,1.037986916432658e-06,3.6698379369622335e-07,0.9607227186179601,1.094631935608619,-2.33889635418327,painting-pair-model,scale_dependent_camb
12,0.0,0.03362193,940,959,949.535,2.135068860222237e-05,2.0768545620959602e-05,2.3655992977126295e-05,1.0653238647672163e-06,3.7664886446837956e-07,0.9727342292275214,1.1079733032434358,-1.5455853878238344,painting-pair-model,scale_dependent_camb
12,0.0,0.03362193,960,979,969.5342783505155,2.0882784704862816e-05,2.022518966358346e-05,2.304433220269991e-05,9.604666048947873e-07,3.3957622471216226e-07,0.9685101843181754,1.1035085851042534,-1.9365167329861173,painting-pair-model,scale_dependent_camb
12,0.0,0.03362193,980,999,989.5335858585859,2.0446728944683085e-05,1.9874463242539546e-05,2.2642100109638726e-05,1.0031159369325777e-06,3.546550406606614e-07,0.9720118702755949,1.1073702874868168,-1.6135840084988113,painting-pair-model,scale_dependent_camb
12,0.0,0.03362193,1000,1019,1009.5329207920792,2.003995958433727e-05,1.953271827676832e-05,2.226256658773147e-05,8.653405596971529e-07,3.059440888988096e-07,0.974688506459594,1.110908756778698,-1.6579542667245901,painting-pair-model,scale_dependent_camb
12,0.0,0.03362193,1020,1039,1029.532281553398,1.9660153738036978e-05,1.9214043842098337e-05,2.1896537985969997e-05,8.544175264743688e-07,3.020822134673313e-07,0.9773089314619375,1.1137521241050232,-1.4767830612009392,painting-pair-model,scale_dependent_camb
12,0.0,0.03362193,1040,1059,1049.5316666666668,1.930520178310206e-05,1.8881360998915962e-05,2.1516707747015045e-05,8.652478968695337e-07,3.059113276419229e-07,0.9780452549034174,1.1145549261157544,-1.385502091253759,painting-pair-model,scale_dependent_camb
12,0.0,0.03362193,1060,1079,1069.5310747663552,1.897318505155201e-05,1.8680660935148873e-05,2.128348211561088e-05,9.049581606096752e-07,3.1995102602860305e-07,0.9845822345795753,1.1217664328778518,-0.914277788179325,painting-pair-model,scale_dependent_camb
12,0.0,0.03362193,1080,1099,1089.530504587156,1.8662355856730766e-05,1.831548049151251e-05,2.0875541653591573e-05,7.893328870518553e-07,2.79071318523961e-07,0.9814130987598143,1.1185909117718704,-1.2429631502546281,painting-pair-model,scale_dependent_camb
12,0.0,0.03362193,1100,1119,1109.529954954955,1.83711197561171e-05,1.80976661468272e-05,2.062686700007037e-05,7.953152442635697e-07,2.8118640119990275e-07,0.9851150276673338,1.1227876838156348,-0.9724994100816917,painting-pair-model,scale_dependent_camb
12,0.0,0.03362193,1120,1139,1129.529424778761,1.809802008552672e-05,1.788332096496279e-05,2.0383644916540464e-05,7.757687974271092e-07,2.74275688646821e-07,0.9881368724562513,1.126291429681946,-0.7827858226267829,painting-pair-model,scale_dependent_camb
12,0.0,0.03362193,1140,1159,1149.5289130434783,1.784172443199485e-05,1.7696634169228444e-05,2.017381798103963e-05,7.256762109342321e-07,2.565652848486775e-07,0.9918679237918157,1.1307100980027878,-0.5655101112061276,painting-pair-model,scale_dependent_camb
12,0.0,0.03362193,1160,1179,1169.5284188034188,1.760101250777863e-05,1.747619760839283e-05,1.9919003211208697e-05,7.426044462375019e-07,2.625503198369093e-07,0.9929086523101647,1.1316964408954115,-0.47539420048442704,painting-pair-model,scale_dependent_camb
12,0.0,0.03362193,1180,1199,1189.5279411764707,1.737476536039393e-05,1.7290586431871192e-05,1.9705364897414363e-05,7.741088462136797e-07,2.7368880726709355e-07,0.9951551041538307,1.134137036597517,-0.30757168831017984,painting-pair-model,scale_dependent_camb
12,0.0,0.03362193,1200,1219,1209.527479338843,1.7161955787454364e-05,1.7152688691206285e-05,1.9546607032882083e-05,7.987391146699328e-07,2.8239692219102445e-07,0.9994600209694717,1.1389498536740745,-0.032815854281196856,painting-pair-model,scale_dependent_camb
12,0.0,0.03362193,1220,1239,1229.5270325203253,1.696163990830267e-05,1.6933629967580192e-05,1.929976541156e-05,7.410866341701555e-07,2.620136922342155e-07,0.9983486301516892,1.1378478446599274,-0.10690258392083944,painting-pair-model,scale_dependent_camb
12,0.0,0.03362193,1240,1259,1249.5266,1.6772949582900353e-05,1.6746196026478583e-05,1.9084046085661297e-05,7.460964836725977e-07,2.63784941512166e-07,0.9984049581566116,1.1377871251170428,-0.10142184867871229,painting-pair-model,scale_dependent_camb
12,0.0,0.03362193,1260,1279,1269.5261811023622,1.6595085730693885e-05,1.662774918298917e-05,1.8957344100875044e-05,6.595921263068946e-07,2.3320103266442943e-07,1.0019682605335911,1.1423468615056311,0.1400656417430475,painting-pair-model,scale_dependent_camb
12,0.0,0.03362193,1280,1299,1289.5257751937984,1.6427312161317693e-05,1.6610381270417004e-05,1.8937889996217046e-05,6.488457439183955e-07,2.2940161273436377e-07,1.0111441912895764,1.1528294957961016,0.7980288670040705,painting-pair-model,scale_dependent_camb
12,0.0,0.03362193,1300,1319,1309.5253816793893,1.6268950192378956e-05,1.6367003147180678e-05,1.8657246974128063e-05,6.601000168275229e-07,2.3338059908004778e-07,1.0060269995077897,1.1468009154559882,0.4201418420735587,painting-pair-model,scale_dependent_camb
12,0.0,0.03362193,1320,1339,1329.525,1.6119373622972444e-05,1.6256334001487886e-05,1.8535080986991356e-05,6.128853776304586e-07,2.1668770330628759e-07,1.0084966315515047,1.1498636001945,0.6320634554968215,painting-pair-model,scale_dependent_camb
12,0.0,0.03362193,1340,1359,1349.5246296296295,1.5978004120731597e-05,1.6095001737132554e-05,1.8351062945926914e-05,6.155137078918339e-07,2.1761695838179575e-07,1.0073224174632145,1.1485203538104145,0.5376309698975387,painting-pair-model,scale_dependent_camb
12,0.0,0.03362193,1360,1379,1369.5242700729927,1.584430731415824e-05,1.5998272895524847e-05,1.8240816830126055e-05,6.097957568167478e-07,2.1559535739195263e-07,1.0097174069092325,1.1512536628108903,0.7141414510457037,painting-pair-model,scale_dependent_camb
12,0.0,0.03362193,1380,1399,1389.5239208633093,1.571778891175014e-05,1.5856531244302118e-05,1.8078762098664654e-05,6.166134071105677e-07,2.1800576076921188e-07,1.0088270896963285,1.1502102617722216,0.6364159004901423,painting-pair-model,scale_dependent_camb
12,0.0,0.03362193,1400,1419,1409.5235815602837,1.559799139448636e-05,1.578060222800442e-05,1.798592447244916e-05,6.676949284095668e-07,2.3606580582113552e-07,1.0117073300593438,1.1530923448776162,0.7735590204725329,painting-pair-model,scale_dependent_camb
12,0.0,0.03362193,1420,1439,1429.5232517482518,1.5484490883084834e-05,1.564709723453666e-05,1.7843653971554625e-05,5.491724552419179e-07,1.9416178357121294e-07,1.010501239768203,1.152356516354498,0.8374786657858778,painting-pair-model,scale_dependent_camb
12,0.0,0.03362193,1440,1459,1449.5229310344828,1.5376894051822864e-05,1.5615287679818015e-05,1.7805041866045224e-05,5.778244373809156e-07,2.042917890036735e-07,1.0155033667522013,1.1579088602704208,1.1669271151708656,painting-pair-model,scale_dependent_camb
12,0.0,0.03362193,1460,1479,1469.522619047619,1.5274835777165666e-05,1.5515031886873905e-05,1.7689395214353224e-05,5.923858252149434e-07,2.0944001704413765e-07,1.0157249552932877,1.158074330383118,1.1468491699827383,painting-pair-model,scale_dependent_camb
12,0.0,0.03362193,1480,1499,1489.5223154362416,1.5177976680845927e-05,1.540783772120379e-05,1.7566530130990753e-05,5.954658149586664e-07,2.1052895786102346e-07,1.0151443795962567,1.1573696876975108,1.0918262394553886,painting-pair-model,scale_dependent_camb
12,0.0,0.03362193,1500,1519,1509.5220198675497,1.5086000934874708e-05,1.538982068787015e-05,1.7553602994336486e-05,5.016136885503996e-07,1.7734722035499218e-07,1.0201391842879377,1.1635689981801178,1.7131351277301878,painting-pair-model,scale_dependent_camb
12,0.0,0.03362193,1520,1539,1529.5217320261438,1.4998614614073956e-05,1.5260370307349197e-05,1.7402626533519456e-05,5.384616258353788e-07,1.9037493351846487e-07,1.0174519914012339,1.160282264815958,1.3749483108807097,painting-pair-model,scale_dependent_camb
12,0.0,0.03362193,1540,1559,1549.5214516129033,1.4915543800779401e-05,1.5200906175187066e-05,1.7336838723062e-05,5.194288782304565e-07,1.836458410704386e-07,1.0191318786776487,1.1623336671208782,1.5538733289266942,painting-pair-model,scale_dependent_camb
12,0.0,0.03362193,1560,1579,1569.521178343949,1.4836533071919887e-05,1.5116154191725035e-05,1.723868204090326e-05,5.352981457563943e-07,1.8925647441046566e-07,1.0188467965157149,1.1619077015727994,1.4774718839932381,painting-pair-model,scale_dependent_camb
12,0.0,0.03362193,1580,1599,1589.5209119496856,1.4761344341665783e-05,1.5057086011799947e-05,1.717011922277389e-05,5.343304250829045e-07,1.889143334852061e-07,1.0200348737410991,1.1631812675969513,1.5654803141622018,painting-pair-model,scale_dependent_camb
12,0.0,0.03362193,1600,1619,1609.520652173913,1.468975532712019e-05,1.5068883562081507e-05,1.7179334281865595e-05,5.862002393194484e-07,2.072530821779795e-07,1.025809023126571,1.1694772240453284,1.8293008286156067,painting-pair-model,scale_dependent_camb
12,0.0,0.03362193,1620,1639,1629.520398773006,1.462155837195267e-05,1.4977156028239862e-05,1.7073278777612578e-05,6.105364646860955e-07,2.158572371705996e-07,1.0243200927863685,1.1676784610293551,1.6473742597110677,painting-pair-model,scale_dependent_camb
12,0.0,0.03362193,1640,1659,1649.5201515151516,1.4556559573131964e-05,1.4885865488682195e-05,1.6979193381313636e-05,4.94713143640941e-07,1.7490750930531193e-07,1.0226225100715456,1.1664290106470827,1.8827431529849694,painting-pair-model,scale_dependent_camb
12,0.0,0.03362193,1660,1679,1669.5199101796406,1.4494577541383374e-05,1.4856719080890049e-05,1.6941579972248276e-05,5.2872388012384e-07,1.8693212050541522e-07,1.0249846219024132,1.168821921430858,1.9372889930716013,painting-pair-model,scale_dependent_camb
12,0.0,0.03362193,1680,1699,1689.519674556213,1.4435442485943856e-05,1.4780526510742103e-05,1.6857625048949385e-05,4.92089378339522e-07,1.7397986818687426e-07,1.023905330587148,1.1677941334575692,1.9834710095744383,painting-pair-model,scale_dependent_camb
12,0.0,0.03362193,1700,1719,1709.5194444444444,1.4378995699171366e-05,1.4757064047128015e-05,1.6831471430423215e-05,4.920854097508855e-07,1.7397846507890598e-07,1.0262930983405494,1.1705595983586794,2.1730755457876927,painting-pair-model,scale_dependent_camb
12,0.0,0.03362193,1720,1739,1729.519219653179,1.4325088625193912e-05,1.4692224680422067e-05,1.6758558224246946e-05,4.6941303826617044e-07,1.659625712676947e-07,1.0256288854354774,1.169874662748908,2.2121617689085484,painting-pair-model,scale_dependent_camb
12,0.0,0.03362193,1740,1759,1749.519,1.4273581974069764e-05,1.4641290131906846e-05,1.6697034041697358e-05,5.169790706557552e-07,1.8277970329610187e-07,1.0257614492637575,1.1697858373623509,2.0117559619921095,painting-pair-model,scale_dependent_camb
12,0.0,0.03362193,1760,1779,1769.5187853107345,1.4224345299884726e-05,1.4545896003375557e-05,1.6589759616181977e-05,4.867289940803044e-07,1.720846861571451e-07,1.0226056592912882,1.1662933700236047,1.8685608270639253,painting-pair-model,scale_dependent_camb
12,0.0,0.03362193,1780,1799,1789.5185754189945,1.4177256397944647e-05,1.4596165018318096e-05,1.6644521738194747e-05,5.242294192341142e-07,1.8534308861896382e-07,1.0295479328732589,1.17402981726477,2.2601793435883564,painting-pair-model,scale_dependent_camb
12,0.0,0.03362193,1800,1819,1809.5183701657459,1.413220055773713e-05,1.4529552568005718e-05,1.65713673660237e-05,4.853060543461332e-07,1.7158160098951896e-07,1.028116782566537,1.172596390655606,2.3158194583629066,painting-pair-model,scale_dependent_camb
12,0.0,0.03362193,1820,1839,1829.518169398907,1.408907023434417e-05,1.4506297112273137e-05,1.6545843970463115e-05,4.6545397220575763e-07,1.64562830038453e-07,1.0296135139501197,1.174374440275711,2.5353652330327208,painting-pair-model,scale_dependent_camb
12,0.0,0.03362193,1840,1859,1849.517972972973,1.4047764711834113e-05,1.448319419960637e-05,1.6517944204349274e-05,4.858166466501936e-07,1.7176212262983035e-07,1.0309963539897165,1.175841462551991,2.5350728152717528,painting-pair-model,scale_dependent_camb
12,0.0,0.03362193,1860,1879,1869.5177807486632,1.4008189435041928e-05,1.4390511378419864e-05,1.641211664033236e-05,4.852081038340576e-07,1.7154697025386426e-07,1.0272927450867808,1.1716087019266697,2.2286720821251227,painting-pair-model,scale_dependent_camb
12,0.0,0.03362193,1880,1899,1889.5175925925926,1.3970255564869777e-05,1.4402994473084955e-05,1.6427407118296164e-05,4.794790015955369e-07,1.6952142673237977e-07,1.0309757331357174,1.1758845099158566,2.5527092153273023,painting-pair-model,scale_dependent_camb
12,0.0,0.03362193,1900,1919,1909.5174083769634,1.393387980531184e-05,1.4376850627818352e-05,1.639902528906215e-05,4.6208999255973404e-07,1.633734836287146e-07,1.031790917439782,1.1769173782316218,2.711399749014445,painting-pair-model,scale_dependent_camb
12,0.0,0.03362193,1920,1939,1929.5172279792746,1.3898983986152056e-05,1.4387405054361634e-05,1.640834867728601e-05,4.908970749823427e-07,1.7355832529232778e-07,1.0351407749441401,1.1805430306009492,2.8141609881687883,painting-pair-model,scale_dependent_camb
12,0.0,0.03362193,1940,1959,1949.5170512820512,1.3865494560374457e-05,1.4253800722771939e-05,1.6255038565567694e-05,4.928422187391097e-07,1.742460374627241e-07,1.0280052154437538,1.1723374521398033,2.2284935029328943,painting-pair-model,scale_dependent_camb
12,0.0,0.03362193,1960,1979,1969.5168781725888,1.3833342434710187e-05,1.4220699495716584e-05,1.6222037956154917e-05,4.3945670401375163e-07,1.5537140772300661e-07,1.028001696830294,1.1726766710734413,2.493103890111949,painting-pair-model,scale_dependent_camb
12,0.0,0.03362193,1980,1999,1989.5167085427136,1.3802462867831358e-05,1.4212480793137196e-05,1.621005493760166e-05,4.6639560629252986e-07,1.6489574796252952e-07,1.0297061422466454,1.1744320628010196,2.4865281874885556,painting-pair-model,scale_dependent_camb
