segment,ell,UU_measured_cl,UU_candidate_cl,2UH_measured_cl,2UH_candidate_cl,HH_measured_cl,HH_candidate_cl,linear_projection_correction_cl
0,30.608333333333334,1.346744472952137e-05,1.3624603975687016e-05,9.343001363275456e-06,9.403652993186888e-06,1.778353102686423e-06,1.6762209904960225e-06,3.940292175894553e-08
0,50.165,1.1163844048725076e-05,1.123006948252048e-05,7.697884600097286e-06,7.736799510106533e-06,1.490300689343576e-06,1.386393997213548e-06,2.3812227366747265e-08
0,69.975,9.186100164574199e-06,9.29327838621556e-06,6.3081381512211965e-06,6.389060906503365e-06,1.2478963081481853e-06,1.1523351149546572e-06,2.0859582108397736e-08
0,89.86944444444444,7.691370600639532e-06,7.812507795590003e-06,5.33374665086945e-06,5.358353006827261e-06,1.0922083087953465e-06,9.735253763287502e-07,2.2831173261847487e-08
0,109.80227272727272,6.188094235932811e-06,6.32644668495383e-06,4.279600065402856e-06,4.324163252418567e-06,9.088986153942833e-07,7.942823226593623e-07,7.451728529277431e-09
0,129.75576923076923,4.967840744598465e-06,5.135150480540533e-06,3.436561754057363e-06,3.4956931427637338e-06,7.651346554028318e-07,6.510710769915011e-07,-4.454338685373464e-09
0,149.72166666666666,4.2505952359830175e-06,4.392662432312902e-06,2.9425634092161905e-06,2.9795051988197212e-06,6.797056182604519e-07,5.623181805420569e-07,5.101669203507078e-09
0,169.6955882352941,3.7086241286285194e-06,3.827493523249994e-06,2.5753777140899932e-06,2.5863781119339053e-06,6.175675128071094e-07,4.950437675493954e-07,1.3635339717954109e-08
0,189.675,3.126399933761079e-06,3.2657237720294075e-06,2.1673230632610067e-06,2.195788734929501e-06,5.465914932971857e-07,4.2835964925396515e-07,-1.543487557390837e-10
0,209.65833333333333,2.643196079844107e-06,2.8011093200582857e-06,1.8423219205781775e-06,1.8731268539156418e-06,4.901864083153293e-07,3.7366217599456774e-07,-8.931899531326666e-09
0,229.64456521739132,2.3441186188757327e-06,2.4788128045854643e-06,1.6411843928362985e-06,1.6494626290638158e-06,4.5509478572721175e-07,3.362885261997645e-07,6.20200297418904e-11
0,249.633,2.091931459931375e-06,2.2217417120743347e-06,1.4759596542533068e-06,1.471047879014209e-06,4.284650430170219e-07,3.068623497873875e-07,7.832963601452939e-09
0,269.6231481481482,1.8615274136254577e-06,1.9762093336625976e-06,1.3137204277276205e-06,1.3007506374774275e-06,3.979944570246058e-07,2.7895489684408455e-07,8.819571580051184e-11
0,289.6146551724138,1.639369647334016e-06,1.7614272278629967e-06,1.160011864658476e-06,1.1520017761799554e-06,3.7103396379659784e-07,2.549057846171417e-07,-6.728138494415431e-09
0,309.60725806451615,1.4707778861807054e-06,1.5931424142903243e-06,1.043401184038525e-06,1.0356214207074765e-06,3.4854580770248415e-07,2.3656616086579277e-07,-2.265733477340184e-09
0,329.6007575757576,1.3283677239315264e-06,1.453599094142186e-06,9.52430497662288e-07,9.392015910976124e-07,3.3485215884173455e-07,2.2175949991472258e-07,3.518617223584756e-09
0,349.595,1.1968938785045862e-06,1.326199524429436e-06,8.607337299443349e-07,8.512685434054235e-07,3.157142356466604e-07,2.0849479513559694e-07,5.902379085997826e-10
0,369.58986486486486,1.0975493807638582e-06,1.212205480233859e-06,7.901260668041326e-07,7.727284209794374e-07,3.022677842080113e-07,1.9692611999571826e-07,-3.9758075347001905e-09
0,389.5852564102564,9.95166295902032e-07,1.1149132799257654e-06,7.212619367726246e-07,7.058304689693427e-07,2.8965543430306555e-07,1.874287026770365e-07,-2.4273674768643337e-09
0,409.5810975609756,9.132569962589304e-07,1.0307301277705855e-06,6.601389332877656e-07,6.480528658887057e-07,2.7663702543627303e-07,1.7955196706249783e-07,7.744270367540093e-10
0,429.57732558139537,8.415958506452599e-07,9.550681764790909e-07,6.13632965002152e-07,5.962195971574547e-07,2.6860765188168826e-07,1.727382432046537e-07,3.310015445243703e-10
0,449.5738888888889,7.800186148116035e-07,8.866832227312368e-07,5.722136006423722e-07,5.494734751318645e-07,2.590657127783361e-07,1.6683194994121229e-07,-1.999167800441987e-09
0,469.5707446808511,7.189108359402208e-07,8.257713883305598e-07,5.300199736601178e-07,5.079403652676235e-07,2.5154337816060297e-07,1.618455368029207e-07,-1.948219959178633e-09
0,489.5678571428571,6.690444277119487e-07,7.715338596078869e-07,4.901037505233999e-07,4.710540345088554e-07,2.4312570705081126e-07,1.5767140033066618e-07,-4.258426821571744e-10
0,509.56519607843137,6.226393668658132e-07,7.22511753210906e-07,4.5737208334592075e-07,4.377992688962054e-07,2.362491084904362e-07,1.541258817143195e-07,-1.4757286505492082e-10
0,529.5627358490566,5.815605326712815e-07,6.778150947431605e-07,4.3276744563170285e-07,4.0755929154510747e-07,2.324881486488983e-07,1.5109540984021393e-07,-1.0901600672239132e-09
0,549.5604545454545,5.414857587356401e-07,6.371211479729183e-07,4.018672710770849e-07,3.8010631427683017e-07,2.2560722890048768e-07,1.4853357340625782e-07,-1.3681927498392605e-09
0,569.5583333333333,5.112720977072672e-07,6.000936891983847e-07,3.8098887888532146e-07,3.5520113325624063e-07,2.2172379668228055e-07,1.4639193206969344e-07,-8.058074813795648e-10
0,589.5563559322034,4.786891719786162e-07,5.662207076810016e-07,3.5483977772698715e-07,3.3248620552153706e-07,2.1538121662951836e-07,1.4460278769135095e-07,-4.674435112138345e-10
0,609.5545081967213,4.493434704144909e-07,5.351445812424588e-07,3.319671954570789e-07,3.1171200237039913e-07,2.1020363309707343e-07,1.4311714689432864e-07,-7.10432046583828e-10
0,629.5527777777778,4.235877452785747e-07,5.065904917446255e-07,3.142124802214901e-07,2.926835738288156e-07,2.0731139732330933e-07,1.4189578936639582e-07,-9.36014420340177e-10
0,649.5511538461539,4.005111798732956e-07,4.802119190180621e-07,2.982669907406253e-07,2.7515882996129586e-07,2.0309423018918252e-07,1.4089308136034136e-07,-7.841036740119861e-10
0,669.5496268656716,3.767439543030791e-07,4.5578760491598595e-07,2.782412253112968e-07,2.589842589222035e-07,1.995385795889104e-07,1.400780423823387e-07,-5.549835433366366e-10
0,689.5481884057971,3.5509361391085975e-07,4.332075987740549e-07,2.6357593791084985e-07,2.440794475491747e-07,1.9652931411847566e-07,1.3943172513761666e-07,-6.350227958475358e-10
0,709.5468309859154,3.3846180820025486e-07,4.1221523694170666e-07,2.4984285385828154e-07,2.3026537757731714e-07,1.936052610316067e-07,1.3892242322884925e-07,-6.919237859970217e-10
0,729.5455479452055,3.214725999279958e-07,3.9269677382541466e-07,2.3910763773953735e-07,2.1746329264240233e-07,1.9101060899351805e-07,1.385318524863299e-07,-6.440955377454428e-10
0,749.5443333333334,3.0649921900049575e-07,3.7456001516526967e-07,2.2644638702251098e-07,2.056046212086222e-07,1.88202478395523e-07,1.3824527865945044e-07,-5.988521825307707e-10
0,769.5431818181818,2.911548718884828e-07,3.575720730738008e-07,2.1377269263242395e-07,1.9453061983029367e-07,1.8580315056357597e-07,1.3803651461755228e-07,-5.18716650917302e-10
0,789.5420886075949,2.7576041002052735e-07,3.417372320350082e-07,2.02063882423512e-07,1.8424054644056228e-07,1.8382840763340088e-07,1.3789889313794092e-07,-5.835579638242243e-10
0,809.5410493827161,2.6421553639107344e-07,3.2685323038745596e-07,1.9252309447118045e-07,1.7459557311690325e-07,1.812117770010006e-07,1.3781345527701302e-07,-5.380851199128966e-10
0,829.5400602409638,2.5087929189551325e-07,3.1294629102490414e-07,1.8357239966060175e-07,1.6561184938436602e-07,1.7962534908566488e-07,1.3777520522185442e-07,-5.454343008441003e-10
0,849.5391176470588,2.4193513497523677e-07,2.998604423490747e-07,1.7494007208202352e-07,1.5718125445415485e-07,1.7714478406095111e-07,1.377720179029488e-07,-4.86066011742967e-10
0,869.5382183908046,2.3044051036533443e-07,2.875900949901354e-07,1.6638250673392313e-07,1.4929958208005686e-07,1.7537980342267426e-07,1.3779625207837788e-07,-4.855165494816242e-10
0,889.5373595505617,2.2002704453101752e-07,2.760186295306748e-07,1.5822635902553607e-07,1.4188544572697622e-07,1.7334782753190745e-07,1.378403202546527e-07,-4.5140693458689715e-10
0,909.5365384615385,2.0961030766383977e-07,2.6513530825233633e-07,1.4910962556477767e-07,1.3493173915642204e-07,1.7141227276324104e-07,1.378968438715014e-07,-4.587899334049606e-10
0,929.535752688172,2.0166592217202478e-07,2.5483862738428966e-07,1.4363205576407622e-07,1.2836821418934472e-07,1.7148107523143072e-07,1.3796149413526313e-07,-4.183247491020863e-10
0,949.535,1.934104523820414e-07,2.45153510737514e-07,1.3693395935181832e-07,1.2221110116939865e-07,1.6906044265533374e-07,1.3802928096039998e-07,-4.3892035640726164e-10
0,969.5342783505155,1.8667981297333314e-07,2.3595838368808056e-07,1.2985679816432913e-07,1.1637841643086934e-07,1.6710802890063426e-07,1.380970207730033e-07,-3.8704117041371116e-10
0,989.5335858585859,1.7924335804395605e-07,2.2730897269513156e-07,1.245425406656725e-07,1.1090555648546112e-07,1.6617552361361982e-07,1.3816080125086975e-07,-4.166466563243061e-10
0,1009.5329207920792,1.7218752609789788e-07,2.1906910068400068e-07,1.1885419658020082e-07,1.0570304493828712e-07,1.651353412785524e-07,1.3821798699626517e-07,-3.618572674408897e-10
0,1029.532281553398,1.659757727874955e-07,2.1131249725934715e-07,1.1408836336148555e-07,1.0081642419637334e-07,1.6436155237603023e-07,1.38266326715696e-07,-3.956922156266172e-10
0,1049.5316666666668,1.5975690505698583e-07,2.0390474591747136e-07,1.0866609707969517e-07,9.615995405429242e-08,1.636701762187374e-07,1.3830325386448308e-07,-3.447332892716169e-10
0,1069.5310747663552,1.5415627326969702e-07,1.9690802971714574e-07,1.0335276909316923e-07,9.177020757611563e-08,1.6204986630624904e-07,1.3832857969033199e-07,-3.53119791079874e-10
0,1089.530504587156,1.4767691517410962e-07,1.9025762552414372e-07,9.807697871012923e-08,8.76072258681259e-08,1.6022157118317685e-07,1.3833933777893468e-07,-3.516452110575982e-10
0,1109.529954954955,1.4245039022863576e-07,1.8390951247313658e-07,9.479775264734748e-08,8.364069035881165e-08,1.5981236980906868e-07,1.3833706873174182e-07,-3.090741787079252e-10
0,1129.529424778761,1.3809116803422017e-07,1.7791674529635813e-07,9.040420680788868e-08,7.990379798189705e-08,1.590932732655025e-07,1.3831857772634932e-07,-3.393172122549685e-10
0,1149.5289130434783,1.335133977839047e-07,1.7216686517344751e-07,8.662064799844659e-08,7.632587880689957e-08,1.5797469402863698e-07,1.3828533219971437e-07,-2.9635355425436547e-10
0,1169.5284188034188,1.2891578836468865e-07,1.6671571857722593e-07,8.228488865175019e-08,7.29396091264759e-08,1.5723473729307773e-07,1.3823640378063906e-07,-2.9574534775655306e-10
0,1189.5279411764707,1.2449321331745162e-07,1.6152866434326435e-07,7.869879649910622e-08,6.972455651069776e-08,1.5635207544872418e-07,1.381708333726529e-07,-3.061468364492502e-10
0,1209.527479338843,1.2109297192699231e-07,1.565474879995692e-07,7.547465269698737e-08,6.664286649163766e-08,1.5613149812359634e-07,1.3809090360375848e-07,-2.640311688018743e-10
0,1229.5270325203253,1.1724490906210365e-07,1.518348961529319e-07,7.327550290062449e-08,6.373272433567361e-08,1.557665989191549e-07,1.3799426265476458e-07,-2.847313461712393e-10
0,1249.5266,1.1310013209086102e-07,1.473168976750082e-07,6.841890050812403e-08,6.094939136545737e-08,1.5437733284314143e-07,1.378826279873499e-07,-2.748184542518225e-10
0,1269.5261811023622,1.1000757125016075e-07,1.4298407943349894e-07,6.607332509190421e-08,5.828499794300231e-08,1.537158955216523e-07,1.3775692184888783e-07,-2.40839961121805e-10
0,1289.5257751937984,1.068567224806434e-07,1.3888162206871657e-07,6.270014441095804e-08,5.576751366623425e-08,1.5326989950501182e-07,1.3761538144787533e-07,-2.649061736278123e-10
0,1309.5253816793893,1.0311970660998125e-07,1.3493388020582914e-07,6.060976535614172e-08,5.335122639710776e-08,1.52679987799026e-07,1.3746058468526238e-07,-2.4995347734916205e-10
0,1329.525,1.0022490798382966e-07,1.3114660152122592e-07,5.7393184234619625e-08,5.1037678566373523e-08,1.529838689587923e-07,1.372926415437742e-07,-2.210551188358281e-10
0,1349.5246296296295,9.76635931425876e-08,1.2755700234710551e-07,5.575755488356218e-08,4.885010726504303e-08,1.5176801676228925e-07,1.3711058387207983e-07,-2.4373232347655423e-10
0,1369.5242700729927,9.442959688815441e-08,1.2409724091544118e-07,5.312791658954598e-08,4.674777225471338e-08,1.50726247114626e-07,1.3691695090174422e-07,-2.313693288902197e-10
0,1389.5239208633093,9.210740934791641e-08,1.2077144269763633e-07,5.0607215927315316e-08,4.473133443402438e-08,1.5010606250197305e-07,1.3671159765078206e-07,-2.0347840558815254e-10
0,1409.5235815602837,8.95273370971617e-08,1.1761659970751703e-07,4.848642259769304e-08,4.282377311423962e-08,1.499423138880739e-07,1.364940900510456e-07,-2.2173984557194425e-10
0,1429.5232517482518,8.74007300611734e-08,1.1457814887985851e-07,4.6698194383634544e-08,4.099271814037765e-08,1.4941298381037784e-07,1.3626657041454408e-07,-2.1757202205966363e-10
0,1449.5229310344828,8.49149333310795e-08,1.1164774199524e-07,4.415368418211586e-08,3.923144972441125e-08,1.487242100295623e-07,1.360289335718946e-07,-1.9053644704615546e-10
0,1469.522619047619,8.245049179827528e-08,1.0886142387164947e-07,4.235435311827082e-08,3.756201274892796e-08,1.4910872445083394e-07,1.3578112452532948e-07,-1.982679667129313e-10
0,1489.5223154362416,8.068469963079641e-08,1.0619061668132936e-07,4.102550093304213e-08,3.596790117589656e-08,1.4848228927342891e-07,1.3552459459084278e-07,-2.0768179093071717e-10
0,1509.5220198675497,7.836306261642767e-08,1.0360464335237996e-07,3.9165002559304115e-08,3.4429629618544455e-08,1.475820991317548e-07,1.3525967194533144e-07,-1.8519829297095826e-10
0,1529.5217320261438,7.645250014113777e-08,1.0112879863776847e-07,3.664256145268641e-08,3.2961871555496326e-08,1.476096326826802e-07,1.3498620694038195e-07,-1.7268274417493973e-10
0,1549.5214516129033,7.474394790793863e-08,9.877415043096598e-08,3.543615804636478e-08,3.157204882474104e-08,1.46693618372298e-07,1.3470515121531996e-07,-1.8984716258429048e-10
0,1569.521178343949,7.273283288001709e-08,9.649373194718127e-08,3.4613593241856495e-08,3.023191565361203e-08,1.4634755322869712e-07,1.344172574428864e-07,-1.7927755753170147e-10
0,1589.5209119496856,7.082678950236924e-08,9.429527536497595e-08,3.275905768547291e-08,2.89447407506371e-08,1.4599249163862833e-07,1.341219453587835e-07,-1.5879241724840714e-10
0,1609.520652173913,6.95061156007428e-08,9.2205260850336e-08,3.15952656239202e-08,2.772703820254384e-08,1.4573933751293333e-07,1.3382023675166254e-07,-1.6708125269025333e-10
0,1629.520398773006,6.78360380056072e-08,9.019901595459924e-08,3.004053640343217e-08,2.6564310836909688e-08,1.4507911664769975e-07,1.3351266965340193e-07,-1.7608248685092964e-10
0,1649.5201515151516,6.627097595746377e-08,8.825154827488428e-08,2.8600970124789737e-08,2.544087448609477e-08,1.4491209197705455e-07,1.3319892166200186e-07,-1.5865174400581644e-10
0,1669.5199101796406,6.470913553162876e-08,8.638050231701769e-08,2.699907529047837e-08,2.4366661878260342e-08,1.4393203527475355e-07,1.328790898242121e-07,-1.426382269821519e-10
0,1689.519674556213,6.351848233122203e-08,8.460517555174318e-08,2.6363340029473006e-08,2.335383051737593e-08,1.4346160004172653e-07,1.3255432180805629e-07,-1.5559771777329197e-10
0,1709.5194444444444,6.2033743969657e-08,8.289240455270669e-08,2.4960671271007025e-08,2.238252842941219e-08,1.4336979238990462e-07,1.3222432096686008e-07,-1.5919925634228983e-10
0,1729.519219653179,6.077294749943354e-08,8.123101186585546e-08,2.37985699616411e-08,2.1445255941826495e-08,1.4295315017024315e-07,1.3188868137503334e-07,-1.436257419015332e-10
0,1749.519,5.940603917364266e-08,7.963527513097935e-08,2.328062158330616e-08,2.055031639458475e-08,1.422504417875103e-07,1.3154785566936817e-07,-1.3037596385286956e-10
0,1769.5187853107345,5.8520669372312844e-08,7.812160815136521e-08,2.192301645635545e-08,1.970786185143069e-08,1.418586752923539e-07,1.3120273294126835e-07,-1.4261035440429807e-10
0,1789.5185754189945,5.717766808103549e-08,7.665901769823387e-08,2.1173842486549593e-08,1.8899233617649455e-08,1.4160773339825574e-07,1.308524454010809e-07,-1.453907453107475e-10
0,1809.5183701657459,5.591251910635952e-08,7.5239282941279e-08,2.012537145049152e-08,1.811892137348063e-08,1.4072515670359247e-07,1.3049684226470334e-07,-1.315953629437542e-10
0,1829.518169398907,5.503149269491514e-08,7.387429825102488e-08,1.9416664002797422e-08,1.7373801942730756e-08,1.4078278166268022e-07,1.3013638348751006e-07,-1.1866193710181035e-10
0,1849.517972972973,5.395853128269978e-08,7.258060501194172e-08,1.8284335662087238e-08,1.667386754362169e-08,1.4010990116979224e-07,1.2977169033113019e-07,-1.2935659604713397e-10
0,1869.5177807486632,5.2940761468338245e-08,7.13316705901079e-08,1.7427364745398994e-08,1.6003109293592405e-08,1.3981762479930963e-07,1.29401623007832e-07,-1.3455614503149422e-10
0,1889.5175925925926,5.2044937444243956e-08,7.011516762031261e-08,1.6923497654891942e-08,1.53538940681656e-08,1.3932915643298035e-07,1.290261206720008e-07,-1.214906606306172e-10
0,1909.5174083769634,5.136222552071955e-08,6.894524849182952e-08,1.6035833678402682e-08,1.473432752733309e-08,1.383925066299618e-07,1.2864586823621215e-07,-1.0928844142770701e-10
0,1929.5172279792746,5.047820037968942e-08,6.78352799922417e-08,1.575895976812833e-08,1.4152241202089298e-08,1.379625593025392e-07,1.282609101977149e-07,-1.1660358977497136e-10
0,1949.5170512820512,4.954577180559071e-08,6.676519664295942e-08,1.4661665053700847e-08,1.3595567834247454e-08,1.3727630683146339e-07,1.2787034399052037e-07,-1.21969936986213e-10
0,1969.5168781725888,4.87912678547092e-08,6.57240179879736e-08,1.4324335709339345e-08,1.305769210032876e-08,1.368270375113942e-07,1.2747388911257226e-07,-1.1434949504641177e-10
0,1989.5167085427136,4.818267431305323e-08,6.472190002123735e-08,1.3538310506417997e-08,1.254434444533394e-08,1.366018621897988e-07,1.270725676985086e-07,-1.0684284965203711e-10
1,30.608333333333334,1.61686119481474e-05,1.6323654423434117e-05,1.1743894730258595e-05,1.1724120403143019e-05,2.345010513189053e-06,2.1718351052809327e-06,5.4790589167143717e-08
1,50.165,1.315670141890521e-05,1.3150147578518658e-05,9.585745836943174e-06,9.425901947309207e-06,1.9593403612931515e-06,1.7562118689139944e-06,3.276824033259285e-08
1,69.975,1.072633496406092e-05,1.0818293931083158e-05,7.73535230088572e-06,7.737587890535924e-06,1.6144552003971942e-06,1.4513485341653506e-06,3.29505796421844e-08
1,89.86944444444444,8.865696878473448e-06,8.850074019235512e-06,6.469704752260722e-06,6.312163336600812e-06,1.4004796097904025e-06,1.1942540849038187e-06,2.709324522725911e-08
1,109.80227272727272,6.932478330718289e-06,6.986193984767182e-06,5.029802772291273e-06,4.963004059457966e-06,1.1369488993900787e-06,9.513381939428359e-07,9.266376025944195e-10
1,129.75576923076923,5.6107597345717536e-06,5.73108688525427e-06,4.079146993767249e-06,4.055142766507077e-06,9.651391170106379e-07,7.886394917893586e-07,-2.674610007996614e-10
1,149.72166666666666,4.802789577234843e-06,4.929236525890556e-06,3.4992293810555553e-06,3.4749979458958528e-06,8.640408897815261e-07,6.854087114527836e-07,1.877432865182805e-08
1,169.6955882352941,4.075594611598071e-06,4.178731742370031e-06,2.96816984075221e-06,2.9319689266557723e-06,7.674243202707174e-07,5.890989857663998e-07,6.734664944284069e-09
1,189.675,3.3847392816199697e-06,3.52215319486754e-06,2.4869396430012707e-06,2.457460342946657e-06,6.805888444638527e-07,5.054866227402744e-07,-1.0895088007156865e-08
1,209.65833333333333,2.9330737926201566e-06,3.0694940557697723e-06,2.1732688988666194e-06,2.130644637291238e-06,6.266961910616319e-07,4.4880657905458835e-07,-1.0355917866823294e-09
1,229.64456521739132,2.5853158822759285e-06,2.723502092503526e-06,1.8974469846483057e-06,1.8808459319450661e-06,5.705042983328933e-07,4.0620271249935447e-07,1.0997520835637353e-08
1,249.633,2.2630250424632734e-06,2.3985340924332578e-06,1.6782799568150306e-06,1.646384202761596e-06,5.290458503152648e-07,3.665532527693952e-07,-5.854327871365544e-10
1,269.6231481481482,1.982389940990049e-06,2.120936215041541e-06,1.4811490623403266e-06,1.4464249804324353e-06,4.94950838716245e-07,3.333282210793661e-07,-8.754315228322444e-09
1,289.6146551724138,1.7647901302009958e-06,1.9064180180982988e-06,1.328199970185936e-06,1.292132797096355e-06,4.661162802145746e-07,3.084945796459898e-07,6.162692528666833e-11
1,309.60725806451615,1.5793172693766867e-06,1.7259030493972803e-06,1.191956612171472e-06,1.1624220836548463e-06,4.410193698531952e-07,2.882135788866467e-07,4.800943645898016e-09
1,329.6007575757576,1.4330369677944195e-06,1.5623265318400261e-06,1.0882509170190158e-06,1.0450534623954895e-06,4.199850534734387e-07,2.7027304355233915e-07,-2.276655639138493e-09
1,349.595,1.283987367793997e-06,1.4208850697920986e-06,9.768905465590804e-07,9.437777848568466e-07,3.9893479756049184e-07,2.55333843286623e-07,-4.802285346417227e-09
1,369.58986486486486,1.1690648146015994e-06,1.3014986759733403e-06,8.909926532301263e-07,8.584756319208873e-07,3.806239335612354e-07,2.433472003601868e-07,-2.1347432042466664e-10
1,389.5852564102564,1.070526912036197e-06,1.1967037087941195e-06,8.244027903413801e-07,7.83746589478021e-07,3.6703510461074973e-07,2.3331999691599023e-07,1.3625478254988089e-09
1,409.5810975609756,9.750334671642663e-07,1.1027922235789361e-06,7.476602786310482e-07,7.169264129456795e-07,3.505137217718808e-07,2.2475810420458415e-07,-1.9913101307572175e-09
1,429.57732558139537,8.989374687480373e-07,1.0195954956151367e-06,6.881103665783112e-07,6.5788437129802e-07,3.374670231583351e-07,2.176214417224879e-07,-2.718404172683546e-09
1,449.5738888888889,8.260176565167345e-07,9.462244409305769e-07,6.392845638663103e-07,6.059587032597696e-07,3.293559422790233e-07,2.1177281463405068e-07,-5.46541030544788e-10
1,469.5707446808511,7.659560094547751e-07,8.805705762559793e-07,5.959737033826267e-07,5.596198193667858e-07,3.193867263445986e-07,2.0692130991977636e-07,-1.3347224275817774e-10
1,489.5678571428571,7.076251844286119e-07,8.211942482707035e-07,5.521499655919579e-07,5.178290249129881e-07,3.110298963072697e-07,2.0286687373544393e-07,-1.4497506226334742e-09
1,509.56519607843137,6.605639562634242e-07,7.675610237761781e-07,5.163864919939101e-07,4.80194591627703e-07,3.0224633448922414e-07,1.9952584773777582e-07,-1.6125021225931973e-09
1,529.5627358490566,6.130738403787851e-07,7.190909195010915e-07,4.814920861277012e-07,4.4628884016086896e-07,2.96904345806496e-07,1.9680857225756465e-07,-7.897169068174012e-10
1,549.5604545454545,5.734420622461922e-07,6.750625626755753e-07,4.501040643165252e-07,4.1558684891510235e-07,2.90196989609273e-07,1.9460964287531606e-07,-6.887034707316848e-10
1,569.5583333333333,5.36968369456081e-07,6.348829171440459e-07,4.19745439902889e-07,3.876574829141984e-07,2.8183604465643575e-07,1.928424200672707e-07,-1.08028882002749e-09
1,589.5563559322034,5.04118392231349e-07,5.981036370284606e-07,3.94109611790009e-07,3.621738974535251e-07,2.770648373651388e-07,1.9143903257229837e-07,-1.0425267028952336e-09
1,609.5545081967213,4.7294436011706994e-07,5.644019769491894e-07,3.7034110735845255e-07,3.3889825249255057e-07,2.7231683549957394e-07,1.9034693642051455e-07,-7.932015225676211e-10
1,629.5527777777778,4.4536273171866057e-07,5.333897262157422e-07,3.47613653965436e-07,3.1754757725855705e-07,2.664179016236278e-07,1.8951029970294892e-07,-7.92823816387735e-10
1,649.5511538461539,4.194519478404067e-07,5.047382992353426e-07,3.2574072240546147e-07,2.978844696363021e-07,2.6099614525546134e-07,1.8888311622982098e-07,-8.24566340421693e-10
1,669.5496268656716,3.939152507772255e-07,4.783321612550794e-07,3.070215818625999e-07,2.798215428757737e-07,2.5782597532448984e-07,1.884398784297612e-07,-8.415846885828973e-10
1,689.5481884057971,3.760847653945539e-07,4.5392782963984943e-07,2.916025203730315e-07,2.6317906247406236e-07,2.533963078031057e-07,1.881457818840654e-07,-7.844721162128579e-10
1,709.5468309859154,3.5401171037323177e-07,4.3118553340821793e-07,2.7521406216116507e-07,2.4771586602139694e-07,2.506468519181133e-07,1.8796077322149297e-07,-6.351509530646198e-10
1,729.5455479452055,3.374993065229094e-07,4.10142441878588e-07,2.6140368925622264e-07,2.3345209613461097e-07,2.478836345068025e-07,1.8787455427509804e-07,-7.448601661175041e-10
1,749.5443333333334,3.1930905361108215e-07,3.9048859885637593e-07,2.4527288953270137e-07,2.2016611126650774e-07,2.438876554696514e-07,1.8785729077446603e-07,-7.167998453925928e-10
1,769.5431818181818,3.029289249186849e-07,3.721510276126523e-07,2.3093105052617347e-07,2.078062068724434e-07,2.4072623854315604e-07,1.8789425898670353e-07,-6.214648720144799e-10
1,789.5420886075949,2.875276083195743e-07,3.5511459376988375e-07,2.1868719075239092e-07,1.9635414821322013e-07,2.3744383424428176e-07,1.8797697986010771e-07,-6.791433616150811e-10
1,809.5410493827161,2.742116097575478e-07,3.390685045327759e-07,2.0629823152807208e-07,1.855957585281152e-07,2.3491957114714672e-07,1.8808169831081084e-07,-5.40925688241386e-10
1,829.5400602409638,2.613244129414414e-07,3.241668766256273e-07,1.9580861158162382e-07,1.7563034108607928e-07,2.3275117615892384e-07,1.8820704398658505e-07,-6.352808283830161e-10
1,849.5391176470588,2.5124102354865894e-07,3.1006578068299206e-07,1.884244828822256e-07,1.6622223411345707e-07,2.312503717823676e-07,1.883357982780917e-07,-5.081988504829185e-10
1,869.5382183908046,2.390407816408258e-07,2.969521247221688e-07,1.7732359838457726e-07,1.5749423122207265e-07,2.298439201790884e-07,1.8846624976485904e-07,-5.97484516740639e-10
1,889.5373595505617,2.2925578223907892e-07,2.8450923890462223e-07,1.6900352613394637e-07,1.4923059747183474e-07,2.2679891893126395e-07,1.8858911342132388e-07,-4.766422132524859e-10
1,909.5365384615385,2.1922407900221396e-07,2.729257688392817e-07,1.602808666206655e-07,1.415550366706958e-07,2.2457835361924916e-07,1.887006653715991e-07,-5.631800920310942e-10
1,929.535752688172,2.0962512621014573e-07,2.6189789756295025e-07,1.5168159682497275e-07,1.342626204488661e-07,2.238637092202822e-07,1.887963929243979e-07,-4.4529826205303876e-10
1,949.535,2.00510007504731e-07,2.516223624954596e-07,1.443086937609566e-07,1.274813348809968e-07,2.21827290729465e-07,1.888720384475825e-07,-5.307614431961604e-10
1,969.5342783505155,1.9214137797682096e-07,2.4180879181980245e-07,1.3692242353623775e-07,1.210181982364801e-07,2.2082178942522911e-07,1.889265868474032e-07,-4.174355565495605e-10
1,989.5335858585859,1.8419558754545806e-07,2.3265000544808427e-07,1.302921300880078e-07,1.1499684096440055e-07,2.1999939051807433e-07,1.889562894820277e-07,-4.855644587747802e-10
1,1009.5329207920792,1.7688771910976928e-07,2.239117811027694e-07,1.2370419904855906e-07,1.09264147131146e-07,2.1672373271354753e-07,1.8896151712530629e-07,-4.154296496570722e-10
1,1029.532281553398,1.7115285276233666e-07,2.156881023499561e-07,1.18115131561687e-07,1.0387753860036032e-07,2.1675766455996018e-07,1.889408691146492e-07,-4.1530208751317316e-10
1,1049.5316666666668,1.651495963101212e-07,2.079156184262269e-07,1.1225848883542642e-07,9.879708232667777e-08,2.155411947761261e-07,1.888922901404498e-07,-4.313617016210876e-10
1,1069.5310747663552,1.5780585651847984e-07,2.0049303373855797e-07,1.058910230708204e-07,9.39534513563618e-08,2.1413233961787857e-07,1.8881968107120021e-07,-3.5400463317537144e-10
1,1089.530504587156,1.528437329141244e-07,1.935518080803633e-07,1.0114093250153419e-07,8.943216395365806e-08,2.1317664916065094e-07,1.8871700395134153e-07,-4.263568372802654e-10
1,1109.529954954955,1.4697220754743354e-07,1.86863667401577e-07,9.59290532771004e-08,8.508481487487866e-08,2.1252801206448054e-07,1.8859170657408856e-07,-3.3498889499713065e-10
1,1129.529424778761,1.4187601905861347e-07,1.8059116897963424e-07,9.051013621982543e-08,8.101385800914264e-08,2.109570040419127e-07,1.8843837675177477e-07,-3.645949742033384e-10
1,1149.5289130434783,1.3761761920466368e-07,1.7461882120614447e-07,8.787035511581759e-08,7.714663581170505e-08,2.1064984458992278e-07,1.882603711554377e-07,-3.6853525972482496e-10
1,1169.5284188034188,1.329978901844207e-07,1.6889439261219706e-07,8.225643808066109e-08,7.34466752005991e-08,2.09410312033413e-07,1.8806031010782e-07,-3.003635307119823e-10
1,1189.5279411764707,1.2845730809701537e-07,1.635347881249133e-07,7.857857494914709e-08,6.998933232162992e-08,2.0946602859890153e-07,1.8783393851518878e-07,-3.5977864277590467e-10
1,1209.527479338843,1.2437319401117092e-07,1.5836572984195358e-07,7.499753085065905e-08,6.666338817600673e-08,2.0768446616183982e-07,1.87588027921713e-07,-3.121197976827345e-10
1,1229.5270325203253,1.200121570022675e-07,1.5345379898824125e-07,7.077107224307653e-08,6.350877432186833e-08,2.0690779210083454e-07,1.8732050181038485e-07,-2.805490604102011e-10
1,1249.5266,1.1615063457883512e-07,1.488364617542598e-07,6.800840653111405e-08,6.055096995074175e-08,2.0623169217712363e-07,1.8703108875258354e-07,-3.3773580195340823e-10
1,1269.5261811023622,1.1262064038225926e-07,1.443548351676384e-07,6.444581336849167e-08,5.76878511967099e-08,2.05714603754966e-07,1.867253331605174e-07,-2.7296233539193184e-10
1,1289.5257751937984,1.0919605556761079e-07,1.401200755655723e-07,6.128172667642782e-08,5.498850214717466e-08,2.0503064639125195e-07,1.8640010530817863e-07,-2.655727719386536e-10
1,1309.5253816793893,1.0609290953831324e-07,1.3611956642159952e-07,5.867864666803726e-08,5.2446597472750026e-08,2.038037577468149e-07,1.860575045458143e-07,-3.109934669941653e-10
1,1329.525,1.0296232133975425e-07,1.3222890242094274e-07,5.541605445263276e-08,4.998180031498522e-08,2.0345647294127088e-07,1.857006595465073e-07,-2.4886674523042943e-10
1,1349.5246296296295,9.987031031684584e-08,1.2855463634205796e-07,5.337355230396072e-08,4.766062068455663e-08,2.032219332209299e-07,1.8532754888134512e-07,-2.443703286181886e-10
1,1369.5242700729927,9.757789154605184e-08,1.2508207801002966e-07,5.113420108105332e-08,4.5475273675616884e-08,2.0268067793816076e-07,1.849404947849407e-07,-2.872422065693787e-10
1,1389.5239208633093,9.447372203223838e-08,1.216994038168622e-07,4.837715653598687e-08,4.335370769942123e-08,2.0169728868377282e-07,1.845410875053892e-07,-2.3519615800073696e-10
1,1409.5235815602837,9.147821786499276e-08,1.1849241408332824e-07,4.634914801624431e-08,4.1349161288571086e-08,2.015494310072398e-07,1.8412842187898998e-07,-2.1877751869124723e-10
1,1429.5232517482518,8.951337285420712e-08,1.1547312688992117e-07,4.357020696416515e-08,3.947057005638931e-08,2.0038575091307555e-07,1.8370445652306752e-07,-2.624699940777711e-10
1,1449.5229310344828,8.698486549049626e-08,1.1253254175101039e-07,4.224602714480662e-08,3.764828279004392e-08,2.0017604201030455e-07,1.8326977686405252e-07,-2.2833018948623504e-10
1,1469.522619047619,8.507958084763258e-08,1.0972277723032605e-07,4.0471957664537445e-08,3.591387690145451e-08,1.9927914214528431e-07,1.8282402002629335e-07,-1.969342397196712e-10
1,1489.5223154362416,8.26060923996926e-08,1.0708555586153554e-07,3.8101266792154626e-08,3.429468213385028e-08,1.9829972430287455e-07,1.8236899448754302e-07,-2.309213090006221e-10
1,1509.5220198675497,8.114261336962697e-08,1.0453726395699382e-07,3.668679499872772e-08,3.273784401088479e-08,1.9844416025922601e-07,1.8190469978732118e-07,-2.2697749238330348e-10
1,1529.5217320261438,7.860955498906453e-08,1.0207152537877724e-07,3.413607074695416e-08,3.123788081179211e-08,1.975317184712926e-07,1.8143056787458076e-07,-1.8495296690290193e-10
1,1549.5214516129033,7.678733365392034e-08,9.975201394236138e-08,3.301749953571284e-08,2.983523591914356e-08,1.9725843253101492e-07,1.8094835496502562e-07,-1.9474397320162856e-10
1,1569.521178343949,7.493963412259791e-08,9.754807096407316e-08,3.045425472167993e-08,2.851094299361074e-08,1.9501058645143622e-07,1.8045827411326114e-07,-2.2279810688241749e-10
1,1589.5209119496856,7.33099031019221e-08,9.539232414497032e-08,2.958434117382992e-08,2.722168738262548e-08,1.9554276390093104e-07,1.7995891795323983e-07,-1.8823100376609236e-10
1,1609.520652173913,7.162159770425333e-08,9.333753672378764e-08,2.8646352361742642e-08,2.600001662626265e-08,1.9474475807238303e-07,1.7945153073617574e-07,-1.648057605826854e-10
1,1629.520398773006,7.043078476572454e-08,9.14089982376821e-08,2.71477411963914e-08,2.4862205263992188e-08,1.9358846641177376e-07,1.7893723680617895e-07,-1.9040790512854288e-10
1,1649.5201515151516,6.854333622600195e-08,8.954972358138281e-08,2.5509106110801254e-08,2.3772210076684484e-08,1.929423069060959e-07,1.784145075642664e-07,-1.9817730862910506e-10
1,1669.5199101796406,6.705858570389036e-08,8.773703413588364e-08,2.4636457688616183e-08,2.271509625898877e-08,1.9251433005099242e-07,1.778831012153283e-07,-1.63377917812656e-10
1,1689.519674556213,6.59645484699594e-08,8.602024226327821e-08,2.3289886260019347e-08,2.1721449824503546e-08,1.9214068533031587e-07,1.7734444180279656e-07,-1.5314257093764135e-10
1,1709.5194444444444,6.476215802456704e-08,8.440414935635862e-08,2.2757303948849382e-08,2.0794217230916968e-08,1.916896598700459e-07,1.7679827849276327e-07,-1.7895694963381806e-10
1,1729.519219653179,6.330552045040848e-08,8.283374891219616e-08,2.0622630022525594e-08,1.9898773502696447e-08,1.9084679356320018e-07,1.7624303993539766e-07,-1.7606959601666859e-10
1,1749.519,6.20042823960128e-08,8.130933376196983e-08,2.0378099150229572e-08,1.903489663593286e-08,1.9056749296083786e-07,1.7567960995200363e-07,-1.4731645744592444e-10
1,1769.5187853107345,6.101422189851168e-08,7.986615824734333e-08,1.9075632667128337e-08,1.8224120339439682e-08,1.8933178159307428e-07,1.7510850587146605e-07,-1.4116158623784346e-10
1,1789.5185754189945,6.016099888001143e-08,7.850509453543047e-08,1.7795503907734895e-08,1.7466610925960104e-08,1.8870860777980005e-07,1.7452872887703544e-07,-1.6373218715852807e-10
1,1809.5183701657459,5.881076333512392e-08,7.718094567081099e-08,1.797218472819335e-08,1.6734310123710647e-08,1.8713594471071882e-07,1.7393944139275437e-07,-1.6193570330291726e-10
1,1829.518169398907,5.8063173747933336e-08,7.589292832970627e-08,1.6662006236821838e-08,1.6026608319440744e-08,1.865214793714755e-07,1.7334191083688352e-07,-1.3622487955496444e-10
1,1849.517972972973,5.714281032986738e-08,7.467052184391771e-08,1.5932980537827456e-08,1.5361072715283425e-08,1.865586366915825e-07,1.7273598969202815e-07,-1.2700641827418592e-10
1,1869.5177807486632,5.624162740925445e-08,7.351940073360643e-08,1.4671689098617047e-08,1.47405802014885e-08,1.8506993476873838e-07,1.721202625462548e-07,-1.4598671290680444e-10
1,1889.5175925925926,5.532030192227098e-08,7.240472923747947e-08,1.4561754190148303e-08,1.4143848310618715e-08,1.846517287310766e-07,1.7149444022763806e-07,-1.5270045362600168e-10
1,1909.5174083769634,5.460113690036853e-08,7.131119315741436e-08,1.4016696835795513e-08,1.3561845578582217e-08,1.8414300304938397e-07,1.7086027530725946e-07,-1.286169716834705e-10
1,1929.5172279792746,5.4075308487080935e-08,7.02691190414327e-08,1.3246004083343163e-08,1.3012300879637054e-08,1.8295539139291063e-07,1.7021743193794277e-07,-1.1409414120240667e-10
1,1949.5170512820512,5.3246074828848006e-08,6.928932957390234e-08,1.2670110058092988e-08,1.2500878070648667e-08,1.8240524073712854e-07,1.695638315112942e-07,-1.2705551212288618e-10
1,1969.5168781725888,5.2397961045709525e-08,6.834877171515397e-08,1.209827674427309e-08,1.2013688204588125e-08,1.8124486401708623e-07,1.688994496031355e-07,-1.4165724863467838e-10
1,1989.5167085427136,5.1947212363108397e-08,6.742144043467759e-08,1.146201602543335e-08,1.1535862859494275e-08,1.800849616349756e-07,1.6822679707903677e-07,-1.255432338989145e-10
2,30.608333333333334,1.8414844143955844e-05,1.935050694102993e-05,1.3984427177337437e-05,1.4420807902669344e-05,2.9190966789689224e-06,2.7687627716647957e-06,7.889928740191592e-08
2,50.165,1.4756439344393002e-05,1.5244269752898994e-05,1.1178923926888939e-05,1.1336011336984058e-05,2.3849774598251678e-06,2.190262101435085e-06,4.8715104246577336e-08
2,69.975,1.2020861483812743e-05,1.2387789646476591e-05,9.117394921230923e-06,9.19020616131025e-06,2.007614228729017e-06,1.7886038595114953e-06,5.198644011442586e-08
2,89.86944444444444,9.492665759160678e-06,9.756414975479748e-06,7.214560308962526e-06,7.21338821118938e-06,1.6532620067288131e-06,1.419101437139633e-06,2.4652364396588256e-08
2,109.80227272727272,7.380658963410898e-06,7.617203178789715e-06,5.623247639139317e-06,5.6075158847296525e-06,1.3583903015920704e-06,1.1199231897212746e-06,-3.8976953154296755e-09
2,129.75576923076923,6.078683470354142e-06,6.353136795908416e-06,4.622043763462263e-06,4.658943401571235e-06,1.1673594225888673e-06,9.445808411074249e-07,1.9818694891005103e-08
2,149.72166666666666,5.046428386316751e-06,5.3511168270709945e-06,3.848514335433831e-06,3.906710458216396e-06,1.022176508042179e-06,8.06401094465761e-07,2.0386480532306095e-08
2,169.6955882352941,4.202418199736491e-06,4.428345930835696e-06,3.2151087848905696e-06,3.2146444206805277e-06,9.041857515464501e-07,6.799982649096504e-07,-1.2195786395030099e-08
2,189.675,3.530930567296877e-06,3.7847860061404504e-06,2.7195805869189556e-06,2.7325578826778155e-06,8.078792180152725e-07,5.934074288748541e-07,-3.01424159181306e-09
2,209.65833333333333,3.0775873328442307e-06,3.316532934131528e-06,2.381096230098783e-06,2.3818704801840498e-06,7.481109811869322e-07,5.317424791581486e-07,1.595296157770198e-08
2,229.64456521739132,2.6397693649323706e-06,2.8865782052908707e-06,2.0613902484967324e-06,2.0600989473025247e-06,6.848681215894899e-07,4.758059125623985e-07,-1.877055041996472e-09
2,249.633,2.3078307856093846e-06,2.52905885833968e-06,1.8022025997688373e-06,1.793007573321877e-06,6.313464880734752e-07,4.304278724235414e-07,-1.0612038124347075e-08
2,269.6231481481482,2.0308735872842332e-06,2.255595548400738e-06,1.6161745848036708e-06,1.589020861620653e-06,6.031997153239555e-07,3.971006771264305e-07,4.091946837443226e-09
2,289.6146551724138,1.81527332344943e-06,2.021920259130419e-06,1.4377227856956362e-06,1.4149191491141166e-06,5.612266578827311e-07,3.6955788164197053e-07,4.421834346333534e-09
2,309.60725806451615,1.613274793441047e-06,1.8156743474427323e-06,1.288059231581699e-06,1.261541194700557e-06,5.304193699235511e-07,3.4607054877670185e-07,-6.4130286793510094e-09
2,329.6007575757576,1.4576900985492281e-06,1.6425617661830177e-06,1.1726821204129344e-06,1.1331035225605157e-06,5.06659152447159e-07,3.27383112778305e-07,-3.0866255438274694e-09
2,349.595,1.3121721146690925e-06,1.4954547057060244e-06,1.0590952666898826e-06,1.0241983718132266e-06,4.835945617755931e-07,3.124391310847924e-07,2.4717535376228284e-09
2,369.58986486486486,1.1930416272578476e-06,1.3657865513303305e-06,9.658181382536312e-07,9.284231166322113e-07,4.6367750652596054e-07,3.0001184779889133e-07,-1.200467183400329e-09
2,389.5852564102564,1.0894516459494565e-06,1.2517281135860403e-06,8.758902467770033e-07,8.44404211407487e-07,4.4307482397026664e-07,2.898131254613435e-07,-3.8380140733029944e-09
2,409.5810975609756,9.831264286383803e-07,1.1521461755946411e-06,7.982185426025166e-07,7.712628739452129e-07,4.2728433348183813e-07,2.8164514448827336e-07,-8.31697467582177e-10
2,429.57732558139537,9.120917774592106e-07,1.064077370449561e-06,7.458715942390451e-07,7.067638589485181e-07,4.146237642862409e-07,2.750604931753643e-07,-1.4145015256150638e-10
2,449.5738888888889,8.378039981477003e-07,9.852371932159977e-07,6.864213992149214e-07,6.491947512439825e-07,4.0269662655571975e-07,2.6971416819804173e-07,-2.0305040905546368e-09
2,469.5707446808511,7.711467346085764e-07,9.146457275366909e-07,6.291793041896956e-07,5.978120158495895e-07,3.8939318516772023e-07,2.654431583267765e-07,-1.8437039544925645e-09
2,489.5678571428571,7.137984641572441e-07,8.513512277016317e-07,5.859191429837421e-07,5.518903838949838e-07,3.822784095856266e-07,2.620893981494821e-07,-7.071613274118123e-10
2,509.56519607843137,6.630146395759684e-07,7.943133294540845e-07,5.44704020716799e-07,5.106439539076605e-07,3.7246607550773437e-07,2.594863621090638e-07,-1.0205636203367945e-09
2,529.5627358490566,6.158111879332735e-07,7.426988169683505e-07,5.077173787891363e-07,4.734419860055798e-07,3.645584005045821e-07,2.574987168240655e-07,-1.545271990309174e-09
2,549.5604545454545,5.786390002975382e-07,6.957608726799771e-07,4.749686735339842e-07,4.39719827451439e-07,3.5438648708952927e-07,2.56007584444186e-07,-1.2702620127564774e-09
2,569.5583333333333,5.372027252382064e-07,6.52884369362104e-07,4.4065344292123135e-07,4.090143790605995e-07,3.485074617697862e-07,2.5491649283633766e-07,-9.188774928444711e-10
2,589.5563559322034,5.026677863683308e-07,6.136906938934939e-07,4.117314428582963e-07,3.810374212202979e-07,3.4332586876888255e-07,2.5415995080575144e-07,-9.87250336345541e-10
2,609.5545081967213,4.7143006504615854e-07,5.779007103549848e-07,3.877088163521942e-07,3.5557257022507037e-07,3.3658013744189426e-07,2.5368315950097245e-07,-1.1563599234442123e-09
2,629.5527777777778,4.408481966048084e-07,5.450206927331324e-07,3.6199247835613613e-07,3.3224893152454317e-07,3.3351508915015783e-07,2.5341665016029116e-07,-1.0606263389085862e-09
2,649.5511538461539,4.171826293438062e-07,5.145987821092344e-07,3.3971723904020957e-07,3.10732043665377e-07,3.2682825618799763e-07,2.53303020344817e-07,-8.209611134918534e-10
2,669.5496268656716,3.928032581913664e-07,4.866388168871349e-07,3.192963376745822e-07,2.910154579692454e-07,3.242962921514071e-07,2.5332016087562877e-07,-9.178009620688996e-10
2,689.5481884057971,3.688658869727741e-07,4.6082173510728235e-07,2.951318374989681e-07,2.728593309997344e-07,3.1601101584977856e-07,2.5342805105519763e-07,-1.025616967266943e-09
2,709.5468309859154,3.517448525723408e-07,4.3673006182978744e-07,2.8301184476742584e-07,2.559613739805987e-07,3.136945233545863e-07,2.535905640148606e-07,-7.440327838063826e-10
2,729.5455479452055,3.300466991242286e-07,4.1459181651794226e-07,2.6392256006691615e-07,2.404755392873017e-07,3.095768870327637e-07,2.5380088865651083e-07,-8.705519685677602e-10
2,749.5443333333334,3.136391802931504e-07,3.938953548650814e-07,2.491481140387361e-07,2.2603136728507304e-07,3.052701214157184e-07,2.540272872024566e-07,-7.807638410733592e-10
2,769.5431818181818,2.996038157982721e-07,3.746278218939487e-07,2.378296546002862e-07,2.1261757741303895e-07,3.0429482670054857e-07,2.542564591490721e-07,-6.982950987987449e-10
2,789.5420886075949,2.8495568894117463e-07,3.5678434712498394e-07,2.241774477277444e-07,2.0022163647315415e-07,3.009534484089499e-07,2.5447817891064146e-07,-8.189186984702342e-10
2,809.5410493827161,2.703523765252534e-07,3.3994159382815017e-07,2.0903929475087666e-07,1.885468457451348e-07,2.976160595158478e-07,2.546794012927782e-07,-6.023861312468739e-10
2,829.5400602409638,2.5702213401208506e-07,3.244406640526042e-07,1.973635915090659e-07,1.778235597536769e-07,2.944243902448323e-07,2.548535250626491e-07,-7.919759587953639e-10
2,849.5391176470588,2.466728983722115e-07,3.0969220047783003e-07,1.8767250871190483e-07,1.6764150509029114e-07,2.933906893175672e-07,2.549962895030938e-07,-5.525425167610914e-10
2,869.5382183908046,2.3449795036039745e-07,2.961327692874374e-07,1.770237373205483e-07,1.5829734432647568e-07,2.908565827863458e-07,2.5509716242899834e-07,-7.442092735773147e-10
2,889.5373595505617,2.2435940799007982e-07,2.831712190254514e-07,1.6929600097936195e-07,1.4938251694009145e-07,2.906087806066418e-07,2.551618577425197e-07,-5.129886107975937e-10
2,909.5365384615385,2.1303652982725988e-07,2.712561213869194e-07,1.5639015616264155e-07,1.4120092324664872e-07,2.8832368847418367e-07,2.5517665031851664e-07,-6.96817941624067e-10
2,929.535752688172,2.059260384995227e-07,2.598214778174973e-07,1.4859222839146582e-07,1.333646913502291e-07,2.841408197983087e-07,2.551541034531172e-07,-4.763391509698346e-10
2,949.535,1.960992010895708e-07,2.493082163273449e-07,1.4058724205101755e-07,1.2617051135215643e-07,2.84379908302069e-07,2.5507870404245476e-07,-6.444856155869612e-10
2,969.5342783505155,1.8877807917890055e-07,2.391997221284895e-07,1.3225019347627286e-07,1.1926777782796252e-07,2.8199160941801585e-07,2.5496603185245847e-07,-4.596311257990196e-10
2,989.5335858585859,1.8124182760595452e-07,2.298622454086604e-07,1.2603835534251622e-07,1.129002237802637e-07,2.810966790540113e-07,2.548024148886096e-07,-5.694895319451717e-10
2,1009.5329207920792,1.730729375951469e-07,2.2094003112243946e-07,1.184652487892018e-07,1.068292300233121e-07,2.797777140077679e-07,2.5460019228974924e-07,-4.816820523995531e-10
2,1029.532281553398,1.6640027535517042e-07,2.1256782763581873e-07,1.1301757531332498e-07,1.0114099347301608e-07,2.778136584244139e-07,2.543547428684394e-07,-4.648564694043664e-10
2,1049.5316666666668,1.6144407576740368e-07,2.0471360871516055e-07,1.066230338998713e-07,9.581594856874852e-08,2.77719411422738e-07,2.5406691566996794e-07,-5.201808780510236e-10
2,1069.5310747663552,1.5423263569025398e-07,1.9716561391159645e-07,1.0098057366376782e-07,9.070863924822186e-08,2.7592055997503933e-07,2.537461905637198e-07,-3.7578306676093236e-10
2,1089.530504587156,1.4904424944569783e-07,1.9021723527599046e-07,9.481813161731567e-08,8.601576527962057e-08,2.728775660881438e-07,2.533814419137602e-07,-5.166576560144477e-10
2,1109.529954954955,1.4357721964859045e-07,1.834627327145725e-07,9.019770118407128e-08,8.146572822920589e-08,2.7317131791266907e-07,2.5298951144836897e-07,-3.7531681011878594e-10
2,1129.529424778761,1.3879401987753755e-07,1.7718723531604164e-07,8.589798847814021e-08,7.724613085226726e-08,2.7311370417643885e-07,2.5256038864426285e-07,-4.1327639301321796e-10
2,1149.5289130434783,1.3385630091150823e-07,1.7124532503185795e-07,8.147980918406065e-08,7.326215689631301e-08,2.7078536823402963e-07,2.52101265681609e-07,-4.469641297946393e-10
2,1169.5284188034188,1.2924960948672814e-07,1.6550588280944408e-07,7.64605428388703e-08,6.942353201251392e-08,2.70208031802181e-07,2.516166253115283e-07,-3.166474642891908e-10
2,1189.5279411764707,1.2499532313932487e-07,1.6023009116285372e-07,7.185562040390933e-08,6.590442831815399e-08,2.6915189545851216e-07,2.511006972959507e-07,-4.2912300307724473e-10
2,1209.527479338843,1.2126790122919294e-07,1.5511079044775233e-07,6.889528720557528e-08,6.250099035641217e-08,2.6880089162690055e-07,2.505632049505179e-07,-3.6579905787453886e-10
2,1229.5270325203253,1.1734921567642613e-07,1.5025327153518707e-07,6.534886531627711e-08,5.928049178846685e-08,2.684554471308693e-07,2.500016279388878e-07,-3.029422159850754e-10
2,1249.5266,1.1393470084382476e-07,1.4576141546497548e-07,6.15463571708224e-08,5.63136682862932e-08,2.672875075874238e-07,2.494170963966168e-07,-4.081236813023989e-10
2,1269.5261811023622,1.1017318665716636e-07,1.4135950683602191e-07,5.7895599549602263e-08,5.3416412463759915e-08,2.660550646063881e-07,2.488141402384506e-07,-3.1209869863543094e-10
2,1289.5257751937984,1.0686686398476456e-07,1.3722993730536713e-07,5.51904312501865e-08,5.0707983658620994e-08,2.6450002072127427e-07,2.481910387057213e-07,-2.9030724092842753e-10
2,1309.5253816793893,1.0366574524822192e-07,1.3338570479275564e-07,5.212312729114369e-08,4.819869790770805e-08,2.6465216875097926e-07,2.4755070975801084e-07,-3.763616812611543e-10
2,1329.525,1.0105580558185394e-07,1.2960692517903886e-07,4.96074906041373e-08,4.574135765141059e-08,2.631253657157636e-07,2.468935706239669e-07,-2.8223490509060817e-10
2,1349.5246296296295,9.782382843535126e-08,1.260703674237943e-07,4.6131233075671584e-08,4.345178087486919e-08,2.622429238034294e-07,2.462202416764169e-07,-2.662430293607359e-10
2,1369.5242700729927,9.474746530644298e-08,1.2277942233515962e-07,4.4324893586088676e-08,4.133353699794545e-08,2.6142881550546e-07,2.4553309272656813e-07,-3.461319523091624e-10
2,1389.5239208633093,9.266633562153925e-08,1.1953914347051813e-07,4.226373450158133e-08,3.92563747280396e-08,2.61068806848284e-07,2.448302584558461e-07,-2.698743891696763e-10
2,1409.5235815602837,8.990931333188892e-08,1.164861051628731e-07,4.007514867570106e-08,3.73093783693319e-08,2.5973240026051534e-07,2.441135913550757e-07,-2.3399710578038855e-10
2,1429.5232517482518,8.779068431410192e-08,1.1366731714752289e-07,3.75767256959587e-08,3.552444092895465e-08,2.5870196121685327e-07,2.433851652003489e-07,-3.136517310602256e-10
2,1449.5229310344828,8.565344100966301e-08,1.1089672522421269e-07,3.564867108513663e-08,3.377799004950859e-08,2.577114932122401e-07,2.4264188817927826e-07,-2.6996809361189047e-10
2,1469.522619047619,8.36752403821806e-08,1.0824632034139839e-07,3.3903162355641885e-08,3.2116344017668616e-08,2.5725984102889486e-07,2.4188538154177633e-07,-2.080029116214332e-10
2,1489.5223154362416,8.169985236489036e-08,1.0581423653242857e-07,3.2427445551006965e-08,3.060411143654547e-08,2.569278167958671e-07,2.411178397683256e-07,-2.690152102376653e-10
2,1509.5220198675497,7.960721581044863e-08,1.034611526486571e-07,3.028240157241527e-08,2.9149530255212227e-08,2.55609391901157e-07,2.403363908557038e-07,-2.7758327123036134e-10
2,1529.5217320261438,7.764425220798662e-08,1.0115591966258056e-07,2.780623610260688e-08,2.7731445224126197e-08,2.5488487809517567e-07,2.395410706522806e-07,-1.9892595717457848e-10
2,1549.5214516129033,7.608546089572526e-08,9.902918321806606e-08,2.7365147424998187e-08,2.6434485111754463e-08,2.5333738444468547e-07,2.38734335925259e-07,-2.1386843473090749e-10
2,1569.521178343949,7.456966131243947e-08,9.703071729172053e-08,2.6252813556798508e-08,2.5225711843599527e-08,2.529516421598681e-07,2.3791394235447315e-07,-2.6644908533880724e-10
2,1589.5209119496856,7.30858253962987e-08,9.505355749667037e-08,2.509345730165623e-08,2.4035356148363923e-08,2.5101031124283946e-07,2.370794005865859e-07,-2.2018149033080677e-10
2,1609.520652173913,7.158546797236352e-08,9.316901487311767e-08,2.3642478515073755e-08,2.2908879719239142e-08,2.5028311016743093e-07,2.3623227696465826e-07,-1.7427682286940527e-10
2,1629.520398773006,7.04714811323157e-08,9.14386323454913e-08,2.2269185117937878e-08,2.1885123073861935e-08,2.490533948117978e-07,2.3537100519212617e-07,-2.1939454871254472e-10
2,1649.5201515151516,6.910617174924685e-08,8.977000555190524e-08,2.0675266659813457e-08,2.0904531990105246e-08,2.4807969905016283e-07,2.344947538427303e-07,-2.3993327565675667e-10
2,1669.5199101796406,6.781969074865683e-08,8.812115921420606e-08,1.9243569157660514e-08,1.994029876820815e-08,2.472398756023771e-07,2.3360534970882703e-07,-1.831193693012843e-10
2,1689.519674556213,6.644557387109514e-08,8.657351662993271e-08,1.8795221814713182e-08,1.904333415313549e-08,2.4527344039748785e-07,2.327022857569382e-07,-1.615722804781079e-10
2,1709.5194444444444,6.53116374830844e-08,8.514644928424224e-08,1.761461815469003e-08,1.8224774488250325e-08,2.448964359375077e-07,2.317818008911054e-07,-2.1051669096122523e-10
2,1729.519219653179,6.449163373014757e-08,8.375101574445376e-08,1.6827573390889932e-08,1.7428947702577933e-08,2.436533378258025e-07,2.308470340417894e-07,-2.1459280564785834e-10
2,1749.519,6.321899061739117e-08,8.237669612633103e-08,1.6157475044144733e-08,1.6649326095771015e-08,2.42664603068679e-07,2.2989982219768902e-07,-1.6196723963133356e-10
2,1769.5187853107345,6.243413022897971e-08,8.10922876897387e-08,1.48967112572035e-08,1.5927637168127737e-08,2.414392762805345e-07,2.2893721926052543e-07,-1.4898506121524595e-10
2,1789.5185754189945,6.155356567465933e-08,7.99041589862735e-08,1.4307744818955821e-08,1.526666165298561e-08,2.4003197373987097e-07,2.2795537470938272e-07,-1.928028627375607e-10
2,1809.5183701657459,6.073136008336454e-08,7.873947567304334e-08,1.3729253841267566e-08,1.4622326064235905e-08,2.3882868706533496e-07,2.2696016615512067e-07,-1.9674742619257806e-10
2,1829.518169398907,5.986244614152878e-08,7.758992775729134e-08,1.341345680948417e-08,1.3989678972467227e-08,2.3839358703347002e-07,2.2595349046136912e-07,-1.5115643503217488e-10
2,1849.517972972973,5.933907993247585e-08,7.651052451949997e-08,1.1799343844382712e-08,1.3400985828634947e-08,2.364441945145294e-07,2.2493107075778726e-07,-1.340062139985623e-10
2,1869.5177807486632,5.864210898017926e-08,7.551348419349257e-08,1.2234714684815581e-08,1.2862457204723371e-08,2.3574299562479525e-07,2.238888416784424e-07,-1.6955291752165364e-10
2,1889.5175925925926,5.796016799742784e-08,7.454327308032021e-08,1.1540543655214872e-08,1.2341562631803725e-08,2.3429057717074825e-07,2.2283326781698325e-07,-1.834221535853263e-10
2,1909.5174083769634,5.713596874657315e-08,7.3579597227809e-08,1.0363205035400919e-08,1.1826656854076169e-08,2.3273515652980408e-07,2.217680098418653e-07,-1.4816435107853707e-10
2,1929.5172279792746,5.685420395389583e-08,7.266248799175598e-08,1.0163238612731426e-08,1.1340426905739816e-08,2.3195535847576913e-07,2.206887431626854e-07,-1.2126844099514081e-10
2,1949.5170512820512,5.629330880068507e-08,7.181588059956927e-08,9.433287769930883e-09,1.0895738733850452e-08,2.3086051116381246e-07,2.195905219718464e-07,-1.4202698082175706e-10
2,1969.5168781725888,5.559571105509472e-08,7.100686149561254e-08,9.0247330815966e-09,1.0473753375002242e-08,2.294538195003135e-07,2.1847764985259224e-07,-1.679289032882467e-10
2,1989.5167085427136,5.512069706283322e-08,7.020292595607458e-08,8.995631542470763e-09,1.0056438471224622e-08,2.2818174362997847e-07,2.1735649006733307e-07,-1.5256664976949885e-10
3,30.608333333333334,2.3260313628685387e-05,2.3382122911666136e-05,1.863821025125185e-05,1.802960825613255e-05,4.083821347717084e-06,3.579502270392326e-06,1.1766867306433116e-07
3,50.165,1.771703608754988e-05,1.8059259453984557e-05,1.4108511566364642e-05,1.389268428093066e-05,3.1724621503496063e-06,2.7773294922707498e-06,7.989733578433372e-08
3,69.975,1.3994996344670657e-05,1.4312507475205683e-05,1.113943551988666e-05,1.0980393545458123e-05,2.5885416500574546e-06,2.2138908645207122e-06,7.561086980497512e-08
3,89.86944444444444,1.0317960712428716e-05,1.0824887690474802e-05,8.211941481186958e-06,8.270398500031265e-06,2.01304708512013e-06,1.6907367437495746e-06,1.2641662907765221e-08
3,109.80227272727272,8.219797270903407e-06,8.547676947925792e-06,6.548325552838794e-06,6.50238712803674e-06,1.68592404768606e-06,1.3516332118510157e-06,1.3119422032373806e-08
3,129.75576923076923,6.676316282464303e-06,7.103256937183309e-06,5.354826373520009e-06,5.380657954944584e-06,1.4580563704038098e-06,1.1386461733263877e-06,4.235294169841448e-08
3,149.72166666666666,5.411378944181431e-06,5.7745197784528246e-06,4.341336356303652e-06,4.349317737873295e-06,1.2549538659828181e-06,9.439849837308339e-07,-8.746119159480507e-09
3,169.6955882352941,4.487534203617604e-06,4.8173894489321315e-06,3.6166337087900176e-06,3.60746431226098e-06,1.112720961106048e-06,8.063174216167289e-07,-6.175207100833311e-09
3,189.675,3.838061445775538e-06,4.155696832740191e-06,3.1284897669463227e-06,3.094821051349101e-06,1.0212948582384714e-06,7.136607861443408e-07,2.411811077317525e-08
3,209.65833333333333,3.254265329110323e-06,3.5659636191611477e-06,2.655245363525245e-06,2.6382939001752694e-06,9.188300929271238e-07,6.324281705947161e-07,-4.992567786288277e-09
3,229.64456521739132,2.8108915816049127e-06,3.0906829393346135e-06,2.3157526152451213e-06,2.271079821704099e-06,8.524187033189503e-07,5.690354790971592e-07,-1.0542562120755444e-08
3,249.633,2.4612316836847026e-06,2.728647739968469e-06,2.041529308331913e-06,1.9918045165637957e-06,7.935538513823968e-07,5.230620492444893e-07,1.0681247508180589e-08
3,269.6231481481482,2.1687847206354394e-06,2.4178741480954085e-06,1.8007518395462478e-06,1.7524329673739968e-06,7.409157031550386e-07,4.851318789416688e-07,-6.2734973411895e-10
3,289.6146551724138,1.8848429982432658e-06,2.153167327303384e-06,1.5749932799364356e-06,1.5490150896871632e-06,6.924496720756623e-07,4.544219313347009e-07,-8.000828752867699e-09
3,309.60725806451615,1.6951978165944945e-06,1.9350497657212787e-06,1.4290101748839425e-06,1.3818220324046212e-06,6.646873832791408e-07,4.3089535519356107e-07,2.138171612309758e-09
3,329.6007575757576,1.5076141885514712e-06,1.7472862145888841e-06,1.2777589253979332e-06,1.2382398175479799e-06,6.298588243006762e-07,4.1203377722572873e-07,9.67549222284774e-10
3,349.595,1.3618151667230629e-06,1.5841938596287516e-06,1.1500006829661263e-06,1.113872014156977e-06,6.006792724227509e-07,3.9692780474419486e-07,-5.0202464646160014e-09
3,369.58986486486486,1.232241040551995e-06,1.443542660807152e-06,1.0536545766583559e-06,1.0069501630085851e-06,5.792760582681702e-07,3.851679752811873e-07,-1.2259538341287484e-09
3,389.5852564102564,1.1149011859582207e-06,1.3207804227671629e-06,9.553239586897792e-07,9.139140800818868e-07,5.608808318673662e-07,3.7600599882300377e-07,-1.232193218381802e-10
3,409.5810975609756,1.0280671565309343e-06,1.2122212144746723e-06,8.853482848122422e-07,8.319011234795561e-07,5.456967421806653e-07,3.688381936582144e-07,-2.850845071562472e-09
3,429.57732558139537,9.330264894303573e-07,1.1160882272500443e-06,8.043046793844545e-07,7.59517867463281e-07,5.256301765828791e-07,3.633484146213209e-07,-1.9358279018138715e-09
3,449.5738888888889,8.618020628055433e-07,1.0307277468580253e-06,7.458229183914909e-07,6.954639932288924e-07,5.149988389682756e-07,3.5924351621716556e-07,-8.11156554774338e-10
3,469.5707446808511,7.962006187306173e-07,9.544739222632451e-07,6.856381758521054e-07,6.38437877930197e-07,4.999096359690441e-07,3.5623728715843187e-07,-1.7086739706729004e-09
3,489.5678571428571,7.309458164238597e-07,8.859953634659473e-07,6.249388851363322e-07,5.873978560430137e-07,4.847588730065806e-07,3.5409933750101555e-07,-1.7378045285090823e-09
3,509.56519607843137,6.738702508828408e-07,8.242368944536407e-07,5.792579530862803e-07,5.415184379633781e-07,4.773925323697827e-07,3.5264610261956724e-07,-1.1262891492367005e-09
3,529.5627358490566,6.269779588473597e-07,7.683898645302347e-07,5.395748990940893e-07,5.001658635580233e-07,4.653452899025096e-07,3.517348083691939e-07,-1.284471286364686e-09
3,549.5604545454545,5.830717416402947e-07,7.17816445159897e-07,4.979608115306611e-07,4.6283799746195374e-07,4.573182183099418e-07,3.512505029091575e-07,-1.5830188309863783e-09
3,569.5583333333333,5.439594174898539e-07,6.717768021429484e-07,4.644229503332904e-07,4.2895936509006027e-07,4.4778506902062136e-07,3.510792360370481e-07,-1.3981867544596997e-09
3,589.5563559322034,5.085443114971634e-07,6.296264079150108e-07,4.357757868501512e-07,3.9803267646453033e-07,4.4659654993666986e-07,3.511298981288546e-07,-1.1209317981227295e-09
3,609.5545081967213,4.7574165804308166e-07,5.91126231617167e-07,4.0160945700760243e-07,3.698647772906318e-07,4.345969442264597e-07,3.5134743966492045e-07,-1.1189699685915128e-09
3,629.5527777777778,4.446873017451677e-07,5.559912822558344e-07,3.7584353975163696e-07,3.4422846393407177e-07,4.2951916911503417e-07,3.516755217875193e-07,-1.3174175338540784e-09
3,649.5511538461539,4.2082158991319186e-07,5.235564290101072e-07,3.5318995316722457e-07,3.2062036035151344e-07,4.243579283047672e-07,3.5205743666536514e-07,-1.1527765502184255e-09
3,669.5496268656716,3.972718532841975e-07,4.936300073130069e-07,3.312568179799883e-07,2.9889184838961253e-07,4.1973234356566844e-07,3.524639471256549e-07,-9.020300620124969e-10
3,689.5481884057971,3.7172867537830876e-07,4.662987947783498e-07,3.059359408574161e-07,2.790931717897529e-07,4.1400499759577767e-07,3.5286798965771136e-07,-1.1473574503337997e-09
3,709.5468309859154,3.5277089841242307e-07,4.408202312517769e-07,2.905765499032079e-07,2.6067455438840084e-07,4.099584420699292e-07,3.53240568086194e-07,-9.713790178125118e-10
3,729.5455479452055,3.337935384647029e-07,4.172719423487008e-07,2.724281715247837e-07,2.436879309252982e-07,4.088709951718853e-07,3.535692578817162e-07,-8.486066385994859e-10
3,749.5443333333334,3.1607488164842884e-07,3.956700442235682e-07,2.527977031301657e-07,2.2813390970562017e-07,4.0213992572359586e-07,3.5383629850686405e-07,-1.085856969787051e-09
3,769.5431818181818,3.000031876208364e-07,3.7529111202972136e-07,2.384512356239768e-07,2.1348933294125046e-07,3.995452383104413e-07,3.5404233192297697e-07,-7.329100816887259e-10
3,789.5420886075949,2.833889588210596e-07,3.5672158283234545e-07,2.2197878995437853e-07,2.001674264790345e-07,3.946617149066935e-07,3.541657214349344e-07,-1.0021922147374995e-09
3,809.5410493827161,2.697576035514653e-07,3.3913105191937633e-07,2.0974600515992262e-07,1.8757071220464e-07,3.933023823550966e-07,3.542208934656045e-07,-7.198583396363636e-10
3,829.5400602409638,2.557906329026699e-07,3.230085517495118e-07,1.9531004804589363e-07,1.7604427294402141e-07,3.896306948687216e-07,3.5418789879971067e-07,-8.736050828923499e-10
3,849.5391176470588,2.4471965545196514e-07,3.077953296042616e-07,1.8376392761998373e-07,1.6518623571479193e-07,3.8907714566573365e-07,3.540826620236634e-07,-7.111846437635723e-10
3,869.5382183908046,2.34791074375859e-07,2.9374191227554557e-07,1.7399999623154875e-07,1.551730856848657e-07,3.8770667996847015e-07,3.5389298995774703e-07,-7.851630639411885e-10
3,889.5373595505617,2.2376070690215982e-07,2.8050125395732865e-07,1.60766196340763e-07,1.4575470955946404e-07,3.843238197084882e-07,3.5363212925895784e-07,-6.674519856004138e-10
3,909.5365384615385,2.1406901626021542e-07,2.6824169473500943e-07,1.5351382379367577e-07,1.370496788327835e-07,3.8425753981201723e-07,3.532919619226891e-07,-7.431002032804321e-10
3,929.535752688172,2.0345336716924414e-07,2.566304126919217e-07,1.4242115118030139e-07,1.2881992066276804e-07,3.806247067556219e-07,3.5288798590038107e-07,-5.92185525793777e-10
3,949.535,1.9505967466463074e-07,2.459404623307762e-07,1.320634334083598e-07,1.212568673343103e-07,3.7867799538128276e-07,3.524084902448553e-07,-7.341132381461592e-10
3,969.5342783505155,1.8730310056675637e-07,2.3568534961537743e-07,1.275553668011128e-07,1.1401720648855001e-07,3.7743423187912825e-07,3.5187670895306413e-07,-5.027928852137816e-10
3,989.5335858585859,1.8039749495372928e-07,2.2635339823108322e-07,1.1679579201202789e-07,1.0744131715486464e-07,3.757940112189968e-07,3.51273184888497e-07,-7.210897888116947e-10
3,1009.5329207920792,1.7250060350301132e-07,2.172781436338466e-07,1.1113883109578027e-07,1.0106302498267232e-07,3.760918336945441e-07,3.506274737052124e-07,-4.473727380901553e-10
3,1029.532281553398,1.6644392963978605e-07,2.090698911823566e-07,1.0426853578281853e-07,9.530574332290507e-08,3.720161497880772e-07,3.499183002461297e-07,-6.617295797366097e-10
3,1049.5316666666668,1.5976430947882395e-07,2.0110161192875015e-07,9.896630039241781e-08,8.973328365247174e-08,3.724929771763903e-07,3.4917039077607486e-07,-4.846295255775146e-10
3,1069.5310747663552,1.533010350695929e-07,1.9374920958685528e-07,9.247558203930697e-08,8.460432948724359e-08,3.7073677363418055e-07,3.483738282005906e-07,-5.238608705971241e-10
3,1089.530504587156,1.4789523758033676e-07,1.8684312188552804e-07,8.798862322100355e-08,7.980215338468855e-08,3.6853332654017814e-07,3.475365196121385e-07,-5.774058227274285e-10
3,1109.529954954955,1.42720000931994e-07,1.8017377741454517e-07,8.043070878615095e-08,7.517886423825732e-08,3.66220150455319e-07,3.4666485078220975e-07,-3.8018795983953127e-10
3,1129.529424778761,1.380250129066211e-07,1.741550815495585e-07,7.803084326682474e-08,7.102171655663e-08,3.65096120996415e-07,3.457540229787514e-07,-5.736720812461389e-10
3,1149.5289130434783,1.332344892533026e-07,1.6824978056885704e-07,7.221754918870437e-08,6.695740224745065e-08,3.651686749581905e-07,3.44813784023196e-07,-4.1673717071477163e-10
3,1169.5284188034188,1.286541055063536e-07,1.627932662873907e-07,6.812101386471579e-08,6.321665080573012e-08,3.6375938847966594e-07,3.438423167631561e-07,-4.2328208124870205e-10
3,1189.5279411764707,1.2417473933984772e-07,1.577124926971965e-07,6.35296979340604e-08,5.9749575032698e-08,3.631473679424341e-07,3.4284292840397537e-07,-5.203424630257663e-10
3,1209.527479338843,1.2081184768633845e-07,1.5271921850943452e-07,5.908324396468644e-08,5.6354907904939406e-08,3.6184291172218086e-07,3.418165276167565e-07,-3.25184043491339e-10
3,1229.5270325203253,1.1743582858163035e-07,1.4822535160598282e-07,5.701002534059957e-08,5.331689166271848e-08,3.6098984657478944e-07,3.4076619702971696e-07,-4.460179335168209e-10
3,1249.5266,1.1351292811299762e-07,1.4390732057774967e-07,5.3405448414538346e-08,5.041172819978494e-08,3.609714028350082e-07,3.396913835212369e-07,-4.5216221761855506e-10
3,1269.5261811023622,1.099909734931805e-07,1.39711631608745e-07,4.977522882938167e-08,4.760109309779358e-08,3.556731791616237e-07,3.3859200427591747e-07,-2.89220467076492e-10
3,1289.5257751937984,1.0686864795114688e-07,1.3595939289477186e-07,4.652187375556162e-08,4.51058400524049e-08,3.5576440238745054e-07,3.3747299625887247e-07,-4.283186575177742e-10
3,1309.5253816793893,1.0366334458141892e-07,1.3230241313178843e-07,4.470095092825163e-08,4.268565074624259e-08,3.5743538407868114e-07,3.3633027303870303e-07,-4.0340977227449224e-10
3,1329.525,1.0095075390258095e-07,1.28765540264666e-07,4.2884009935491524e-08,4.0356579308947674e-08,3.529540828883894e-07,3.351647481073224e-07,-2.650441381364276e-10
3,1349.5246296296295,9.857949153661756e-08,1.2560770815801137e-07,3.942278804590222e-08,3.8295270226611965e-08,3.529513236944199e-07,3.339799788351504e-07,-3.929434611118037e-10
3,1369.5242700729927,9.596737292891736e-08,1.2252324114487952e-07,3.725707251181068e-08,3.629206259291235e-08,3.5112485669751826e-07,3.327720298574606e-07,-3.777419189802517e-10
3,1389.5239208633093,9.343804257342553e-08,1.1952003032180998e-07,3.466666949412734e-08,3.4351660043265106e-08,3.4967775688173976e-07,3.315417858321243e-07,-2.426888330768641e-10
3,1409.5235815602837,9.116134624626877e-08,1.1684338294456062e-07,3.19633818910726e-08,3.2639362068075755e-08,3.4910658231567205e-07,3.3029008850146233e-07,-3.461271325351354e-10
3,1429.5232517482518,8.922918498816242e-08,1.1425136289762077e-07,3.1302634171571845e-08,3.0990867100717806e-08,3.464592339994902e-07,3.290153881556781e-07,-3.6431089835052083e-10
3,1449.5229310344828,8.747567385114658e-08,1.1169450378321401e-07,2.9097242861118583e-08,2.937251157041424e-08,3.461617011048347e-07,3.2771883510120083e-07,-2.373210319815601e-10
3,1469.522619047619,8.544984760001395e-08,1.0939118860966574e-07,2.7239696775577218e-08,2.7929217847009384e-08,3.450543053453775e-07,3.263979744592661e-07,-2.8391674438153894e-10
3,1489.5223154362416,8.36355163443228e-08,1.0721932444697999e-07,2.6420294918643547e-08,2.657867757806934e-08,3.4307057841524815e-07,3.2505222883275176e-07,-3.468609399929694e-10
3,1509.5220198675497,8.214021270590035e-08,1.0505821134591373e-07,2.382354728157488e-08,2.5240780045566733e-08,3.42272751702968e-07,3.2368584736856514e-07,-2.619529876232143e-10
3,1529.5217320261438,8.019699300594384e-08,1.0303368612922523e-07,2.2260580869138034e-08,2.399755697805155e-08,3.386574515797109e-07,3.222954487120993e-07,-2.1572880514673976e-10
3,1549.5214516129033,7.881034912224076e-08,1.0120574580968866e-07,2.116575192997429e-08,2.288663621837784e-08,3.369262016365599e-07,3.2087468219317886e-07,-3.089640886004817e-10
3,1569.521178343949,7.77850488435313e-08,9.939761916955079e-08,2.0830965333087757e-08,2.1793099412681695e-08,3.3831074746465287e-07,3.19433821394722e-07,-2.9345664522611415e-10
3,1589.5209119496856,7.64273752088728e-08,9.762169062202844e-08,1.8507094840332535e-08,2.072481988245417e-08,3.347108030326855e-07,3.17973183880574e-07,-1.9287067033752377e-10
3,1609.520652173913,7.534940758034373e-08,9.603021952995202e-08,1.8225152085441386e-08,1.9777694097737142e-08,3.3229155831086205e-07,3.164802307294364e-07,-2.3738604774709856e-10
3,1629.520398773006,7.402369890487739e-08,9.45224347168882e-08,1.6386707050428807e-08,1.888693964005513e-08,3.314552543650929e-07,3.14961308674344e-07,-2.904160287418328e-10
3,1649.5201515151516,7.318067702161703e-08,9.302019651818005e-08,1.6736876919957603e-08,1.800353558993507e-08,3.281832570466423e-07,3.134257514011636e-07,-2.400131919777292e-10
3,1669.5199101796406,7.238995528294668e-08,9.15765752866248e-08,1.433804009665232e-08,1.7160243101249022e-08,3.2662491203153194e-07,3.11868713196612e-07,-1.6911074533130882e-10
3,1689.519674556213,7.107412563560633e-08,9.029148139953584e-08,1.427821983458479e-08,1.6417392563634358e-08,3.2581136022596905e-07,3.10275921448525e-07,-2.371615890262665e-10
3,1709.5194444444444,7.027711669491894e-08,8.904082688376762e-08,1.368317818558994e-08,1.56986244644103e-08,3.2277837660800435e-07,3.0866359820286067e-07,-2.6328770951486215e-10
3,1729.519219653179,6.973490177480874e-08,8.779512386072467e-08,1.2679217979527006e-08,1.4986092317124714e-08,3.2170313531779206e-07,3.0703706718097497e-07,-2.0579338750887938e-10
3,1749.519,6.869796677758137e-08,8.661265014658805e-08,1.2469440154290491e-08,1.4314516227771526e-08,3.191323041634197e-07,3.0538833025394814e-07,-1.5652890667172484e-10
3,1769.5187853107345,6.791809730632411e-08,8.55550480447651e-08,1.1413863056199119e-08,1.3719562828528532e-08,3.179910336384127e-07,3.0370546790153976e-07,-2.2013526076504876e-10
3,1789.5185754189945,6.749841346940128e-08,8.451887686811069e-08,1.0215036621782763e-08,1.3139840912341615e-08,3.1550475389997343e-07,3.0200693532606426e-07,-2.3973136617714624e-10
3,1809.5183701657459,6.652388063717567e-08,8.3486621256924e-08,1.0290296732264221e-08,1.2565106900985445e-08,3.1370236302726277e-07,3.002967670805779e-07,-1.9043619605999315e-10
3,1829.518169398907,6.618669400543116e-08,8.250089470261402e-08,9.709727154921927e-09,1.2019896879406612e-08,3.1038003273933563e-07,2.9856768497728625e-07,-1.413482471702113e-10
3,1849.517972972973,6.610053218420693e-08,8.16207723504045e-08,9.367166444745687e-09,1.1537397435285717e-08,3.0797224479114816e-07,2.9680680583461843e-07,-1.9428467116583486e-10
3,1869.5177807486632,6.533384177602721e-08,8.076313556209662e-08,9.50634104598558e-09,1.1069853309105045e-08,3.073336849036964e-07,2.950318201499192e-07,-2.197232923117902e-10
3,1889.5175925925926,6.472837058804576e-08,7.990855580613369e-08,8.969700452756498e-09,1.0606276753733892e-08,3.057150825442384e-07,2.9324778118441713e-07,-1.8785914539166061e-10
3,1909.5174083769634,6.448700997297001e-08,7.907554276826863e-08,8.374798439180114e-09,1.0156980970275602e-08,3.0391580549808514e-07,2.9145122863607806e-07,-1.3063205507351893e-10
3,1929.5172279792746,6.371051232220706e-08,7.832975272589215e-08,7.873425619071576e-09,9.757944720223672e-09,3.0212004441350206e-07,2.89626894405172e-07,-1.6018725249144086e-10
3,1949.5170512820512,6.368384078311852e-08,7.762015795955977e-08,7.48657878116543e-09,9.380553734180295e-09,2.9878055547696566e-07,2.8778662791503683e-07,-1.979334904623264e-10
3,1969.5168781725888,6.314054318832614e-08,7.691316301078125e-08,6.603468959996288e-09,9.006437476881478e-09,2.965365933389496e-07,2.859397655628586e-07,-1.8802263653032497e-10
3,1989.5167085427136,6.287286102944004e-08,7.621183983770062e-08,7.072833153579531e-09,8.637253709038677e-09,2.9399212573064504e-07,2.8408599422126727e-07,-1.37662002755036e-10
4,30.608333333333334,2.787609717372589e-05,2.8767615025729395e-05,2.3130904958510106e-05,2.2904033484207848e-05,5.27498055512741e-06,4.69478200504618e-06,1.728086313225745e-07
4,50.165,2.1227568441203818e-05,2.180907862319287e-05,1.7446035611969616e-05,1.731985583009148e-05,4.080398660948063e-06,3.5776711341565175e-06,1.3378222860904007e-07
4,69.975,1.615940887350203e-05,1.6531099682437202e-05,1.334300145668567e-05,1.308370452356847e-05,3.273454818522456e-06,2.732494829269304e-06,8.425558305195758e-08
4,89.86944444444444,1.1936320275579851e-05,1.2218526773979953e-05,9.915532400356778e-06,9.625022860356576e-06,2.5863675697112674e-06,2.045375927997515e-06,5.044907908149985e-09
4,109.80227272727272,9.25678257021756e-06,9.803806447016712e-06,7.720975702661014e-06,7.68921277827839e-06,2.1422172691127027e-06,1.665200767439408e-06,6.595220573153616e-08
4,129.75576923076923,7.298974080038123e-06,7.839426100768392e-06,6.117183113050732e-06,6.1143912941027835e-06,1.8194398132792795e-06,1.358687078656968e-06,8.396686210033772e-09
4,149.72166666666666,5.901028315471561e-06,6.3470164888046034e-06,4.96315063039591e-06,4.9197569865402515e-06,1.5682923714219332e-06,1.1299289391147344e-06,-1.3713831077887365e-08
4,169.6955882352941,4.9457393110192055e-06,5.365860910811002e-06,4.1928406692006536e-06,4.134937809169742e-06,1.4149680737981906e-06,9.843512744035768e-07,3.6956025881998826e-08
4,189.675,4.159577905482357e-06,4.525655504214431e-06,3.5280876667138833e-06,3.4634737415038032e-06,1.270664212008797e-06,8.624656876169931e-07,-1.0872156987960906e-08
4,209.65833333333333,3.520185354481557e-06,3.871864954774434e-06,3.0549728784145752e-06,2.942099088739841e-06,1.1864834769269916e-06,7.715391108818752e-07,-6.417596088992971e-09
4,229.64456521739132,3.0088806227076163e-06,3.372954415220252e-06,2.623602567005617e-06,2.5449056158810736e-06,1.0833546588897235e-06,7.060980316544318e-07,1.5983860221116235e-08
4,249.633,2.6265352454322973e-06,2.949856089180793e-06,2.2978053611690814e-06,2.2087378844260647e-06,1.0131891352555394e-06,6.533733681428563e-07,-1.0393516306922105e-08
4,269.6231481481482,2.28518405142083e-06,2.603591705673738e-06,2.0135594929130944e-06,1.9343656719823957e-06,9.468493178246901e-07,6.133589277249199e-07,-2.1652316410033215e-09
4,289.6146551724138,2.021146053243072e-06,2.3176343082681253e-06,1.7869864352845879e-06,1.7083870862570198e-06,8.98801439987061e-07,5.831950308417027e-07,4.385945946190429e-09
4,309.60725806451615,1.7914937872625393e-06,2.0726351173302087e-06,1.586417183052342e-06,1.5153290113160731e-06,8.549649698451243e-07,5.596500045567667e-07,-6.075486450009321e-09
4,329.6007575757576,1.5904323894605648e-06,1.8649184644475006e-06,1.4297674756159682e-06,1.3521941571587099e-06,8.193865991644406e-07,5.419878173556676e-07,-2.0505799308371097e-09
4,349.595,1.4417619980247256e-06,1.6865192790537565e-06,1.2981032090876455e-06,1.2125468131020644e-06,7.907264221294657e-07,5.28796485586013e-07,-1.9095015553847397e-10
4,369.58986486486486,1.292503567583058e-06,1.5310150486440612e-06,1.1618179508824948e-06,1.0912301074819961e-06,7.597211052918533e-07,5.189422805818198e-07,-3.898796061268607e-09
4,389.5852564102564,1.1697741804460255e-06,1.3951998889319838e-06,1.0620249694459e-06,9.856479814681625e-07,7.353162567603022e-07,5.118108955326351e-07,-1.71118148477821e-09
4,409.5810975609756,1.064937267158367e-06,1.2761250270754848e-06,9.673082594419331e-07,8.934099974260664e-07,7.170500407499249e-07,5.068428094759182e-07,-1.3876431388072658e-09
4,429.57732558139537,9.764674346251166e-07,1.1708801410831271e-06,8.785656692594067e-07,8.12169519460654e-07,6.909590679001945e-07,5.03508340333249e-07,-2.6512284663536656e-09
4,449.5738888888889,8.8601581346115e-07,1.077335241773625e-06,8.048375610156712e-07,7.402064090071998e-07,6.772243616854547e-07,5.014134111045223e-07,-1.91576863278078e-09
4,469.5707446808511,8.194846366011084e-07,9.938277559108504e-07,7.415679279172515e-07,6.761784137181208e-07,6.622690499546053e-07,5.00251747218642e-07,-1.787263334133912e-09
4,489.5678571428571,7.519940687832771e-07,9.190756427607602e-07,6.785539194322637e-07,6.190484968978803e-07,6.458888314090873e-07,4.997885810247278e-07,-2.2293871694144652e-09
4,509.56519607843137,6.982166789639502e-07,8.51848335485466e-07,6.325379261020423e-07,5.678269491471693e-07,6.364029487235599e-07,4.99818236916958e-07,-1.884966444909131e-09
4,529.5627358490566,6.405414679780574e-07,7.911466657607475e-07,5.75530528075547e-07,5.217116049154705e-07,6.270728690713871e-07,5.001796230708866e-07,-1.6634319641736876e-09
4,549.5604545454545,6.021199974147234e-07,7.362159048834148e-07,5.358883231659798e-07,4.800952665990968e-07,6.164791938945758e-07,5.007502899773904e-07,-1.6262340656514075e-09
4,569.5583333333333,5.585390452536354e-07,6.864471740381323e-07,4.939131207696075e-07,4.4248781818204243e-07,6.054351695382568e-07,5.014338673517269e-07,-1.5388358593871202e-09
4,589.5563559322034,5.210800311682698e-07,6.413407113360949e-07,4.6145354834296893e-07,4.0848575609420577e-07,6.010188392377003e-07,5.02152561220491e-07,-1.6866938061262957e-09
4,609.5545081967213,4.874506869086784e-07,6.000685550236924e-07,4.247992386769965e-07,3.7744318489378645e-07,5.895312986828522e-07,5.028419932395108e-07,-1.553354084475967e-09
4,629.5527777777778,4.5264545559796423e-07,5.622629586501175e-07,3.9005160668484083e-07,3.4906918809389086e-07,5.816361598575951e-07,5.034672530161154e-07,-1.2505760507306257e-09
4,649.5511538461539,4.2525034971674294e-07,5.278983329870056e-07,3.589552115168754e-07,3.233289252119997e-07,5.743666712564054e-07,5.039914152023656e-07,-1.366636110737508e-09
4,669.5496268656716,4.027391189454377e-07,4.964288051915069e-07,3.369032435547819e-07,2.9980006688248297e-07,5.738334663412713e-07,5.043901329802372e-07,-1.4981200300985541e-09
4,689.5481884057971,3.800842871272756e-07,4.672309000159039e-07,3.151685885250164e-07,2.780108447320187e-07,5.67707040357158e-07,5.046647290009769e-07,-1.093055402231475e-09
4,709.5468309859154,3.5532431643548073e-07,4.407486026922785e-07,2.8891288023587234e-07,2.5828021527192864e-07,5.613994296847113e-07,5.047846281232808e-07,-1.3252592078565186e-09
4,729.5455479452055,3.384238448211906e-07,4.161693897181278e-07,2.734758756674885e-07,2.3999856862084013e-07,5.58525731906367e-07,5.047638403430141e-07,-1.2003089934251994e-09
4,749.5443333333334,3.172752084376922e-07,3.934469160469197e-07,2.509834928136583e-07,2.2312726056605785e-07,5.510295222666456e-07,5.046018354422776e-07,-9.894124184600952e-10
4,769.5431818181818,3.006858171846125e-07,3.7277868425105715e-07,2.3374588468266338e-07,2.0780328216489385e-07,5.512020652774903e-07,5.042815558416571e-07,-1.2824748481614063e-09
4,789.5420886075949,2.8634018014794995e-07,3.532439029820177e-07,2.17728085319958e-07,1.933484230228421e-07,5.494312868012535e-07,5.038457240997935e-07,-8.581119506404016e-10
4,809.5410493827161,2.718397476018578e-07,3.356222622967538e-07,2.0352914773547564e-07,1.8032750420661632e-07,5.44944892326656e-07,5.032556867615077e-07,-1.1854981445136689e-09
4,829.5400602409638,2.5991748630752336e-07,3.188706226833454e-07,1.8998971645886173e-07,1.6797614448447083e-07,5.416692165039892e-07,5.025641289887527e-07,-8.081000227260124e-10
4,849.5391176470588,2.4582392435184865e-07,3.0372739574366974e-07,1.7463691403071046e-07,1.5682861391490528e-07,5.390677211588827e-07,5.017369899152291e-07,-1.069344208701382e-09
4,869.5382183908046,2.3455735167026824e-07,2.8932191205043843e-07,1.6416452902994952e-07,1.4624915484191748e-07,5.392361987953967e-07,5.00819954280026e-07,-7.628323260297092e-10
4,889.5373595505617,2.2317568684100267e-07,2.76269211764013e-07,1.528929118418269e-07,1.3668167186462863e-07,5.342506733423929e-07,4.997876553815941e-07,-9.887647733713067e-10
4,909.5365384615385,2.140852366023749e-07,2.638070588814892e-07,1.421453879438145e-07,1.2757137787567398e-07,5.338023644441435e-07,4.986786667306689e-07,-6.955805255707892e-10
4,929.535752688172,2.044499459508024e-07,2.525506987461071e-07,1.329515744483514e-07,1.193617577007682e-07,5.292232797215911e-07,4.974719224317232e-07,-9.415313116584289e-10
4,949.535,1.9660928263929502e-07,2.4170476682092287e-07,1.237911790344916e-07,1.1147554334737302e-07,5.287195541242825e-07,4.962013703837627e-07,-6.170368990607331e-10
4,969.5342783505155,1.8856607780298796e-07,2.3198592807287382e-07,1.1480055528078429e-07,1.0442923406633593e-07,5.239324486356036e-07,4.948491445623098e-07,-8.979062042723897e-10
4,989.5335858585859,1.8069523461053192e-07,2.225274490117579e-07,1.0618638538087595e-07,9.759483892907938e-08,5.249079417414074e-07,4.934417632206343e-07,-5.653017621480896e-10
4,1009.5329207920792,1.7379420319763597e-07,2.1408314579067743e-07,9.98850436888604e-08,9.151550737035613e-08,5.216029504546349e-07,4.91969263656681e-07,-8.191582772244177e-10
4,1029.532281553398,1.67172212749157e-07,2.0589056091799111e-07,9.205842869513497e-08,8.563907382169e-08,5.201274763510448e-07,4.904453083386198e-07,-5.966580278537741e-10
4,1049.5316666666668,1.6133205932636866e-07,1.9843009295712603e-07,8.738991989373308e-08,8.031108443935593e-08,5.183955398404328e-07,4.888708334406098e-07,-6.680536118224373e-10
4,1069.5310747663552,1.5469176318549853e-07,1.914392659552252e-07,8.115171495929116e-08,7.534051858221589e-08,5.161229955723673e-07,4.872484084238133e-07,-7.059300340723145e-10
4,1089.530504587156,1.4909583809430708e-07,1.847283777518731e-07,7.56012663562879e-08,7.05896650211287e-08,5.14810018383996e-07,4.855818489475604e-07,-4.821555194465772e-10
4,1109.529954954955,1.4444661304472434e-07,1.7875175918656916e-07,7.18956020956941e-08,6.638385034779699e-08,5.148139374094357e-07,4.838745018416394e-07,-7.110958498714458e-10
4,1129.529424778761,1.3948304957641944e-07,1.7285606932779596e-07,6.577699754542051e-08,6.22521929505582e-08,5.106739116376009e-07,4.821240463727816e-07,-4.811988418920443e-10
4,1149.5289130434783,1.3472166201506308e-07,1.6754456420300642e-07,6.028988141794813e-08,5.8554273401932255e-08,5.10005654084707e-07,4.803361888175066e-07,-5.686722425087245e-10
4,1169.5284188034188,1.300950404407276e-07,1.6255026457986826e-07,5.61301221226144e-08,5.509740521290394e-08,5.081360737456174e-07,4.785094121195709e-07,-6.213463675680288e-10
4,1189.5279411764707,1.2726280272675574e-07,1.5768031848600327e-07,5.2794862315435784e-08,5.174269512518204e-08,5.061269818797166e-07,4.766422707302926e-07,-3.9221900717230557e-10
4,1209.527479338843,1.2274653104046226e-07,1.5339105965359236e-07,5.072341743906167e-08,4.8813272609224373e-08,5.009069477773386e-07,4.747384802790901e-07,-5.829919415108864e-10
4,1229.5270325203253,1.202478179237281e-07,1.492021107476648e-07,4.6889668188922214e-08,4.59668133258976e-08,5.029240769768516e-07,4.727958980199829e-07,-5.177241575333857e-10
4,1249.5266,1.1662375494157553e-07,1.45213353154739e-07,4.4252484389326757e-08,4.327263394754451e-08,4.994227978155444e-07,4.708135614942206e-07,-3.7230133226490104e-10
4,1269.5261811023622,1.134896359823434e-07,1.416790886275552e-07,4.1089342602916266e-08,4.090799601275028e-08,4.962496184996986e-07,4.6879044022132496e-07,-5.494143795948061e-10
4,1289.5257751937984,1.1080769463082404e-07,1.3817752894228185e-07,3.717224315595911e-08,3.857617613206076e-08,4.940279061066785e-07,4.6673048818183205e-07,-4.455814645357273e-10
4,1309.5253816793893,1.0786354189631822e-07,1.348885020879534e-07,3.5343083558379184e-08,3.640099927261962e-08,4.918046343328641e-07,4.646285350294337e-07,-3.5333212390468596e-10
4,1329.525,1.0566517272301232e-07,1.3195271997957577e-07,3.3374720600137126e-08,3.447837314985116e-08,4.886929558108213e-07,4.624808231868974e-07,-5.054148330944685e-10
4,1349.5246296296295,1.034681842703074e-07,1.2903363095872438e-07,3.0487229304191816e-08,3.257555383966831e-08,4.865302513302693e-07,4.6029916438371513e-07,-4.111644327224403e-10
4,1369.5242700729927,1.0101063775111671e-07,1.262796507127297e-07,2.817927116556595e-08,3.0792679182202316e-08,4.843094063673697e-07,4.580746029022283e-07,-3.162012094341424e-10
4,1389.5239208633093,9.924267471922026e-08,1.2383482075778946e-07,2.633755898435346e-08,2.922597141417815e-08,4.831799722041163e-07,4.557983399686084e-07,-4.5935035940407786e-10
4,1409.5235815602837,9.726752126596688e-08,1.2140664532146452e-07,2.5209479480787264e-08,2.767744861092941e-08,4.796752635242445e-07,4.5349103664489814e-07,-4.0268929240949676e-10
4,1429.5232517482518,9.551936394204155e-08,1.19066946727891e-07,2.3297336273629485e-08,2.6194306082297312e-08,4.777064785418931e-07,4.511457600939019e-07,-2.73438406979202e-10
4,1449.5229310344828,9.442092277269244e-08,1.170178872864639e-07,2.2385729313405627e-08,2.4908855818388783e-08,4.7503847150636943e-07,4.4874180755935496e-07,-4.0555614884365424e-10
4,1469.522619047619,9.294419168930144e-08,1.1500177500389786e-07,2.007942010942587e-08,2.3650889981325646e-08,4.711934433750124e-07,4.4630804143497214e-07,-4.0135216638934434e-10
4,1489.5223154362416,9.091469030871511e-08,1.1300936603518785e-07,1.9657330495117192e-08,2.2414077796076884e-08,4.6780631899384217e-07,4.438457858770036e-07,-2.5733158391395813e-10
4,1509.5220198675497,8.987480049539329e-08,1.1125408637550047e-07,1.772323189928681e-08,2.1334681870315494e-08,4.6495497508220517e-07,4.413243738838387e-07,-3.3307718995657767e-10
4,1529.5217320261438,8.866562078174952e-08,1.0958261599348706e-07,1.7231521302028524e-08,2.0313809052479906e-08,4.6154300357373033e-07,4.3876785271968614e-07,-3.873686227515944e-10
4,1549.5214516129033,8.747128463818845e-08,1.0791691794745344e-07,1.578733147036673e-08,1.9301487740580694e-08,4.568701086038402e-07,4.3618894280330293e-07,-3.007458649245126e-10
4,1569.521178343949,8.669648955257676e-08,1.0635017185469843e-07,1.411103930827781e-08,1.8355624362578708e-08,4.5602317503734627e-07,4.335711748282899e-07,-2.387756144273907e-10
4,1589.5209119496856,8.577177945512474e-08,1.0496126414694936e-07,1.4724674004765262e-08,1.7524586211251546e-08,4.5469332759028345e-07,4.309008095148158e-07,-3.436403166186681e-10
4,1609.520652173913,8.479067350129359e-08,1.0358125702007097e-07,1.3662306624767414e-08,1.6703113352224983e-08,4.497066210988869e-07,4.2821102073956214e-07,-3.359003054573559e-10
4,1629.520398773006,8.390649321016645e-08,1.0221068607802905e-07,1.1209592133586054e-08,1.589148667723089e-08,4.476329755427946e-07,4.255024283356705e-07,-2.2326732972298393e-10
4,1649.5201515151516,8.325068163999635e-08,1.009893252609544e-07,1.0948109792526501e-08,1.5173790966827907e-08,4.431005321490854e-07,4.227446635387768e-07,-2.5747220295071994e-10
4,1669.5199101796406,8.215420405855487e-08,9.984718833060224e-08,1.0932149436164448e-08,1.4507266931755167e-08,4.4022814601975875e-07,4.1995477738618923e-07,-3.221576064566884e-10
4,1689.519674556213,8.187004329430827e-08,9.870870093899466e-08,1.1137129913786428e-08,1.3846309065470642e-08,4.355772659777232e-07,4.1715088788573265e-07,-2.8961726327855266e-10
4,1709.5194444444444,8.11905314345432e-08,9.758771657845071e-08,1.0078963947807154e-08,1.3199034582679874e-08,4.341708024570036e-07,4.1433027120354404e-07,-1.9014614368387732e-10
4,1729.519219653179,8.036849387689284e-08,9.660523215310279e-08,1.0119311009950033e-08,1.2635814753322178e-08,4.2835688024530256e-07,4.1146260756575844e-07,-2.4971456880562704e-10
4,1749.519,7.97498033621238e-08,9.566320694266874e-08,8.77850570215414e-09,1.2099017612572906e-08,4.2714208500874984e-07,4.085746598026101e-07,-2.942957384590404e-10
4,1769.5187853107345,7.949877284452078e-08,9.472428457897348e-08,8.50578820688832e-09,1.1566835019816427e-08,4.225939898667829e-07,4.0567706971351226e-07,-2.597065832958916e-10
4,1789.5185754189945,7.867108745810538e-08,9.380033247428636e-08,7.9850730569589e-09,1.1045987087578683e-08,4.2003987582343505e-07,4.027672165236586e-07,-1.723932002224033e-10
4,1809.5183701657459,7.851256051306915e-08,9.299083805806076e-08,7.653161201923647e-09,1.0592402282131662e-08,4.174402617684354e-07,3.998172333741991e-07,-2.254153454371942e-10
4,1829.518169398907,7.814111167870556e-08,9.221392828845806e-08,7.523568295532738e-09,1.0159543121966227e-08,4.1290999737335433e-07,3.9685216303368393e-07,-2.671768549780402e-10
4,1849.517972972973,7.749658294335186e-08,9.143958430107744e-08,6.2922672577806215e-09,9.73046734228307e-09,4.1009391543492236e-07,3.938816109301927e-07,-2.4378160625245797e-10
4,1869.5177807486632,7.71899642781301e-08,9.067115666781167e-08,6.801595297106407e-09,9.307019966069096e-09,4.0617441567559704e-07,3.909052730132199e-07,-1.6500214584702963e-10
4,1889.5175925925926,7.715035704368073e-08,8.99875191866638e-08,5.674565764948432e-09,8.932147803996704e-09,4.0243010701371193e-07,3.8789932620547523e-07,-1.8994758699648067e-10
4,1909.5174083769634,7.657245125955039e-08,8.934666626964369e-08,5.616058241033844e-09,8.582601718895022e-09,3.997867016004016e-07,3.8487812892022033e-07,-2.3893009447219645e-10
4,1929.5172279792746,7.624733839509241e-08,8.870790714811066e-08,5.724887663233033e-09,8.236142554740597e-09,3.9579826475982274e-07,3.81855329055783e-07,-2.337905200770263e-10
4,1949.5170512820512,7.608687670134467e-08,8.807162451196522e-08,5.084560314762715e-09,7.892982284000708e-09,3.9157024878634913e-07,3.7883147737687505e-07,-1.779119614733537e-10
4,1969.5168781725888,7.612660653863478e-08,8.747325604299995e-08,5.086456021436583e-09,7.571876626005738e-09,3.889853037718046e-07,3.7579581417931844e-07,-1.465481289752269e-10
4,1989.5167085427136,7.55393248678445e-08,8.694258521772171e-08,4.313259387304091e-09,7.2883622347110695e-09,3.858225617251282e-07,3.7273972944014565e-07,-2.0412007705593902e-10
5,30.608333333333334,3.416205691543496e-05,3.535427232025913e-05,2.976316313080121e-05,2.9037475485950187e-05,7.138792301464912e-06,6.14193727386293e-06,2.8077111252001333e-07
5,50.165,2.4450876069331654e-05,2.6108930965621675e-05,2.117818221931659e-05,2.1382487492912448e-05,5.267507673474875e-06,4.563841088275149e-06,2.340740852477181e-07
5,69.975,1.7816744881581993e-05,1.862968591598888e-05,1.5373677372436235e-05,1.5190424088652754e-05,4.029947781575626e-06,3.2918458252027497e-06,6.23991266814368e-08
5,89.86944444444444,1.3114627585685719e-05,1.3890001225266425e-05,1.1447086401890761e-05,1.1270353938289436e-05,3.2172672084374224e-06,2.493876000861107e-06,7.451778779382663e-08
5,109.80227272727272,1.000241842745763e-05,1.0884802930040192e-05,8.763408997085645e-06,8.784398251563364e-06,2.6539344979611217e-06,1.9950576462882763e-06,6.116456424507513e-08
5,129.75576923076923,7.830141007896304e-06,8.498060331855142e-06,6.910495418079681e-06,6.812756183559451e-06,2.2565129836597405e-06,1.6055700264437968e-06,-2.459153297716506e-08
5,149.72166666666666,6.375945873380419e-06,6.992910497842348e-06,5.655950589678149e-06,5.570731455987182e-06,1.9763291706728683e-06,1.3691256241651434e-06,6.07930937249298e-08
5,169.6955882352941,5.181634750466642e-06,5.77257134204437e-06,4.6735961723902e-06,4.564793891108655e-06,1.770795126707926e-06,1.183331616353552e-06,-2.0193269036216883e-08
5,189.675,4.29010054520929e-06,4.858235581094698e-06,3.840011091212185e-06,3.812875528014054e-06,1.5707120307669147e-06,1.0516207231046674e-06,8.612880794399933e-09
5,209.65833333333333,3.659004172137907e-06,4.15850139719323e-06,3.3562562392144888e-06,3.2385231402505376e-06,1.4771337325396008e-06,9.576379931164097e-07,1.1251629872571435e-08
5,229.64456521739132,3.0989380505605506e-06,3.585067639077608e-06,2.8496016243034125e-06,2.769075922334978e-06,1.35911723703783e-06,8.8608025380729e-07,-1.4563662804353967e-08
5,249.633,2.6742488655883193e-06,3.1275839589459634e-06,2.47765084754486e-06,2.3956786077818353e-06,1.2755181257526245e-06,8.347152928307608e-07,9.757626231230077e-09
5,269.6231481481482,2.3411657814637107e-06,2.7490663387958244e-06,2.176874874644191e-06,2.08768420607979e-06,1.2059705489578904e-06,7.968776771285196e-07,-6.449056460826734e-09
5,289.6146551724138,2.046879899618256e-06,2.4328740994445947e-06,1.922983718006079e-06,1.8313022570631562e-06,1.1482347464464396e-06,7.694202094013845e-07,-2.962638367836804e-09
5,309.60725806451615,1.809267311400244e-06,2.16743673011331e-06,1.70793439399571e-06,1.6168488606814667e-06,1.1019432267150043e-06,7.500681933409754e-07,6.199462471237952e-11
5,329.6007575757576,1.60676979058335e-06,1.940417185440059e-06,1.528165749651062e-06,1.434099591274221e-06,1.054834416612637e-06,7.364849482366279e-07,-5.123737063444796e-09
5,349.595,1.4460806058386938e-06,1.7456659702584688e-06,1.3660708110555802e-06,1.2779152400663247e-06,1.0115109576308816e-06,7.274088289143997e-07,-1.7739237512491972e-09
5,369.58986486486486,1.3020215030979259e-06,1.577133566854553e-06,1.2346005730193076e-06,1.1432570825772082e-06,9.78879208163439e-07,7.216610694533144e-07,-3.092922906102812e-09
5,389.5852564102564,1.1730647296625732e-06,1.4302124259446922e-06,1.1124898081554342e-06,1.0262881962316563e-06,9.528449319176026e-07,7.183332257327562e-07,-3.2278205527181547e-09
5,409.5810975609756,1.0616049459112166e-06,1.3013717534130506e-06,1.0118831256487704e-06,9.24068847178751e-07,9.283356531769781e-07,7.167357562730765e-07,-2.2673719683965084e-09
5,429.57732558139537,9.636276012744269e-07,1.1878609253691259e-06,9.170144140714609e-07,8.343106467070714e-07,9.068596304185218e-07,7.163475358262978e-07,-2.9405237691251797e-09
5,449.5738888888889,8.819813423320623e-07,1.0874414667675538e-06,8.343410371903111e-07,7.551528160391343e-07,8.872618003278296e-07,7.167658637948128e-07,-2.5691883234347917e-09
5,469.5707446808511,8.054501357651571e-07,9.981909182173066e-07,7.571244915492925e-07,6.850037825326839e-07,8.721708366076239e-07,7.176676327012721e-07,-2.4701386043589782e-09
5,489.5678571428571,7.445399696100174e-07,9.185446182319997e-07,6.905058133133152e-07,6.22572237149429e-07,8.50905659886835e-07,7.188137549488113e-07,-2.520301209395207e-09
5,509.56519607843137,6.822238638653814e-07,8.472444715590131e-07,6.325289735392523e-07,5.668227330326576e-07,8.442585100872462e-07,7.200308006799216e-07,-2.2503701453154988e-09
5,529.5627358490566,6.310478981910234e-07,7.832822113574692e-07,5.787669772067149e-07,5.169268149681652e-07,8.325131766917167e-07,7.211958196340882e-07,-2.0753574447920715e-09
5,549.5604545454545,5.851694835891633e-07,7.257913092666971e-07,5.253800613506373e-07,4.72174534276151e-07,8.163672866428801e-07,7.222133105083543e-07,-2.0601054084766537e-09
5,569.5583333333333,5.44833666545814e-07,6.740273800409117e-07,4.843333098063201e-07,4.319591512193062e-07,8.129110187718343e-07,7.230170667157878e-07,-2.192166961834745e-09
5,589.5563559322034,5.050025030753419e-07,6.27088691076099e-07,4.479675650781343e-07,3.955609565031113e-07,8.063987200299442e-07,7.235752697355955e-07,-2.0338493279475177e-09
5,609.5545081967213,4.7374491669432386e-07,5.844992508241929e-07,4.0697003624974033e-07,3.625943138967057e-07,7.948694288267561e-07,7.238740260507002e-07,-1.746687744582082e-09
5,629.5527777777778,4.4156937815154316e-07,5.460367516336757e-07,3.7548913932981344e-07,3.3287134770810573e-07,7.839592602283142e-07,7.238894881744516e-07,-1.7833560595705958e-09
5,649.5511538461539,4.1196009171066917e-07,5.111533743333839e-07,3.4441545114252e-07,3.059585312908946e-07,7.787123864116609e-07,7.236230485318269e-07,-1.9204610774383015e-09
5,669.5496268656716,3.861382105610003e-07,4.79092102815359e-07,3.13537097652392e-07,2.8126716081000405e-07,7.778663693979278e-07,7.231063719566115e-07,-1.5394114857210205e-09
5,689.5481884057971,3.642879085587245e-07,4.5008963422954595e-07,2.869833683425505e-07,2.5896682141240785e-07,7.691821307937948e-07,7.223226715174156e-07,-1.569201438264594e-09
5,709.5468309859154,3.4379457024839743e-07,4.236598347293515e-07,2.6944475479408296e-07,2.3868117647421864e-07,7.66978684513703e-07,7.212963598917388e-07,-1.6662493810446322e-09
5,729.5455479452055,3.249339009324378e-07,3.992049855104117e-07,2.460833043385407e-07,2.199489235105723e-07,7.605157262511267e-07,7.200632844456572e-07,-1.2944144382376967e-09
5,749.5443333333334,3.057860340000134e-07,3.7719125435798064e-07,2.3006215987581188e-07,2.031166679194802e-07,7.630404060970167e-07,7.186044621158697e-07,-1.5481235348106428e-09
5,769.5431818181818,2.9077383653387893e-07,3.5668987248654675e-07,2.061849702894646e-07,1.874794103154609e-07,7.569012394322382e-07,7.169768192514184e-07,-1.2652120076193193e-09
5,789.5420886075949,2.739069531020393e-07,3.380657035321057e-07,1.9260339217306798e-07,1.7330445440857085e-07,7.53103909922326e-07,7.151662388505573e-07,-1.306158001566202e-09
5,809.5410493827161,2.6306755895372746e-07,3.2091535195553693e-07,1.775825237339372e-07,1.6028787683875848e-07,7.497390326981448e-07,7.132077607409772e-07,-1.2739898629440508e-09
5,829.5400602409638,2.4821907629752585e-07,3.0506674232053855e-07,1.664715383331432e-07,1.482921005986577e-07,7.449723970568461e-07,7.111078652248952e-07,-1.1251080738217334e-09
5,849.5391176470588,2.357236021925206e-07,2.9064244049387074e-07,1.5229878353809905e-07,1.3741013403804676e-07,7.426090463565355e-07,7.088817568872293e-07,-1.2361549075235173e-09
5,869.5382183908046,2.2653208590924196e-07,2.771442457462419e-07,1.382195885883273e-07,1.2726057391727803e-07,7.350927353882179e-07,7.065424230298507e-07,-1.0130141509468659e-09
5,889.5373595505617,2.1685653010872466e-07,2.6492897015554447e-07,1.2708457633730332e-07,1.1811192897247384e-07,7.381641300578386e-07,7.040992226706555e-07,-1.1569303395369382e-09
5,909.5365384615385,2.0742472739487525e-07,2.5343853838127485e-07,1.1638344947730368e-07,1.0953920563793291e-07,7.338362346112636e-07,7.015600001154134e-07,-9.494627986047728e-10
5,929.535752688172,1.9809569918981587e-07,2.430199436061946e-07,1.0986102103595965e-07,1.0180300484174384e-07,7.342569912599184e-07,6.989351805044685e-07,-1.0489397604040792e-09
5,949.535,1.902972017787745e-07,2.3325865916961193e-07,1.0102201175458836e-07,9.458686523041136e-08,7.276985574767468e-07,6.962255959244383e-07,-9.289261664061183e-10
5,969.5342783505155,1.8264794565888652e-07,2.242938786090021e-07,9.138301879937214e-08,8.799517871221432e-08,7.251130016328196e-07,6.934405876531482e-07,-9.13575621275194e-10
5,989.5335858585859,1.757581244207005e-07,2.1603286189895436e-07,8.353223935579471e-08,8.195322479966887e-08,7.241851257192689e-07,6.905803139535227e-07,-9.41299650149352e-10
5,1009.5329207920792,1.6979255400036998e-07,2.0824968050658212e-07,7.68664363804687e-08,7.629186589761994e-08,7.200937905450828e-07,6.876462835239037e-07,-7.675203513219308e-10
5,1029.532281553398,1.629830811747938e-07,2.0126252446349385e-07,7.12798546104328e-08,7.124365382393695e-08,7.153758139506179e-07,6.846438727272991e-07,-9.420643143903756e-10
5,1049.5316666666668,1.571272574150061e-07,1.9450452817395657e-07,6.735621894305912e-08,6.638603156695936e-08,7.17278171061467e-07,6.815682527138222e-07,-6.756374242405898e-10
5,1069.5310747663552,1.523507106552639e-07,1.885164157629042e-07,6.032526200432292e-08,6.21156510333328e-08,7.097334981356179e-07,6.784220168122832e-07,-8.670316758406867e-10
5,1089.530504587156,1.47664898111371e-07,1.8275059280242313e-07,5.648581138975603e-08,5.802679021231192e-08,7.063813225453534e-07,6.752080820849153e-07,-7.172099116374354e-10
5,1109.529954954955,1.428476420825059e-07,1.7745577702291672e-07,5.2107551836284554e-08,5.429852924418794e-08,7.036836527387057e-07,6.719159311836289e-07,-6.899222839789643e-10
5,1129.529424778761,1.3853531497805088e-07,1.7261710854829198e-07,4.896909963185381e-08,5.091821568728492e-08,7.01291591442938e-07,6.685554589155214e-07,-7.885603609327414e-10
5,1149.5289130434783,1.3559387004956757e-07,1.679141786917895e-07,4.405104212903195e-08,4.7650384513685536e-08,6.96357206173939e-07,6.65124499083619e-07,-5.687566867302427e-10
5,1169.5284188034188,1.3187021226695639e-07,1.6375306429626554e-07,4.1754621671138146e-08,4.478494058138577e-08,6.899828883672116e-07,6.616088239944162e-07,-7.218378659454271e-10
5,1189.5279411764707,1.2860280669135394e-07,1.597505166502932e-07,4.074392932387065e-08,4.204614986979418e-08,6.881511858149281e-07,6.580313351444373e-07,-6.554822101251577e-10
5,1209.527479338843,1.258126080585133e-07,1.559706553832557e-07,3.5493903377542303e-08,3.947602448399147e-08,6.806900912983353e-07,6.543756571105301e-07,-5.328489662095402e-10
5,1229.5270325203253,1.221426678175749e-07,1.5260412683108328e-07,3.1630417911229406e-08,3.720792715113591e-08,6.817668147067381e-07,6.506364871497606e-07,-6.837705670840581e-10
5,1249.5266,1.201843894723564e-07,1.492983162040852e-07,2.9498853200261503e-08,3.499309590276138e-08,6.774660783493216e-07,6.468423797324661e-07,-5.54134897616427e-10
5,1269.5261811023622,1.1792146432131584e-07,1.4624449836824263e-07,2.802694453730571e-08,3.2961318019346e-08,6.726254102206123e-07,6.429650502775129e-07,-5.12186227763886e-10
5,1289.5257751937984,1.1580591425954931e-07,1.4348054000541973e-07,2.5302943455741002e-08,3.113824934491454e-08,6.677562572315544e-07,6.390103662651829e-07,-6.272827457213983e-10
5,1309.5253816793893,1.1423079852320061e-07,1.4075100354274803e-07,2.5122032639830112e-08,2.9347547799037e-08,6.622853834620407e-07,6.35007852508438e-07,-4.914739790048343e-10
5,1329.525,1.12184055701973e-07,1.3824760129608004e-07,2.3732268529943235e-08,2.7716673057015413e-08,6.601063105255559e-07,6.30924134754814e-07,-4.758954762559857e-10
5,1349.5246296296295,1.1049933635005131e-07,1.3596679121424536e-07,2.048641729493954e-08,2.6242963866720164e-08,6.550522473716648e-07,6.267689560606012e-07,-5.746671784412034e-10
5,1369.5242700729927,1.0864637602890632e-07,1.3370971324165184e-07,2.0231636701596356e-08,2.479248545755866e-08,6.509095378801712e-07,6.225738444485352e-07,-4.597226777957659e-10
5,1389.5239208633093,1.0752862870866679e-07,1.3162016638004868e-07,1.786240317195405e-08,2.3458356696522013e-08,6.450821877511791e-07,6.183082673950261e-07,-4.22418573424307e-10
5,1409.5235815602837,1.0616510566960506e-07,1.2973310447655839e-07,1.6765154682904492e-08,2.2263145925728947e-08,6.403573533104981e-07,6.139729753108611e-07,-5.254849725450482e-10
5,1429.5232517482518,1.0510475097892075e-07,1.2786476600460438e-07,1.4544334805602466e-08,2.1086407449752636e-08,6.366130429873346e-07,6.096057165236272e-07,-4.485931144653938e-10
5,1449.5229310344828,1.0400294296709215e-07,1.2609419450201814e-07,1.5051890772114173e-08,1.9977670255568666e-08,6.297579064145398e-07,6.051860070760019e-07,-3.6717030964360434e-10
5,1469.522619047619,1.0292103617660387e-07,1.2451963797995194e-07,1.4089372630103573e-08,1.8999122140639398e-08,6.265117026191575e-07,6.006962974608756e-07,-4.693221199595336e-10
5,1489.5223154362416,1.0193880426335172e-07,1.2297553742825662e-07,1.2145919802385065e-08,1.8045237585927504e-08,6.191036914082648e-07,5.961786176220607e-07,-4.4824566673001346e-10
5,1509.5220198675497,1.0106979809543737e-07,1.2146864965272858e-07,1.2306016417695248e-08,1.7119427267564013e-08,6.155810206561312e-07,5.916298522627984e-07,-3.375469852991802e-10
5,1529.5217320261438,1.0014363364587438e-07,1.2012267510380824e-07,1.2014176693263386e-08,1.6297639160987322e-08,6.084224902646517e-07,5.870182927401083e-07,-3.9302122131413994e-10
5,1549.5214516129033,9.89961640410023e-08,1.1884856006831681e-07,1.0324793647525649e-08,1.552476228791703e-08,6.02632558756305e-07,5.823733594197912e-07,-4.3627307957413036e-10
5,1569.521178343949,9.906980896463755e-08,1.1758308139940886e-07,1.0490205798044037e-08,1.476147537535546e-08,5.996415752403448e-07,5.777126599474096e-07,-3.5520452552123175e-10
5,1589.5209119496856,9.807272749140162e-08,1.1639546964241194e-07,9.988829003719364e-09,1.4048923448259114e-08,5.911762918012725e-07,5.730152731314635e-07,-3.0924750114368946e-10
5,1609.520652173913,9.77456912813282e-08,1.1533163332419624e-07,8.353514259403392e-09,1.3414389750934361e-08,5.87530280078085e-07,5.682714857952269e-07,-3.902741384421681e-10
5,1629.520398773006,9.690593380857845e-08,1.1428337603016513e-07,9.62787994561995e-09,1.279286488942796e-08,5.817324540853725e-07,5.635163534774653e-07,-3.8077554795359e-10
5,1649.5201515151516,9.635098425652824e-08,1.1325092647512588e-07,6.016231055214254e-09,1.2184217716836174e-08,5.75567120737302e-07,5.587504686624257e-07,-2.930162023765036e-10
5,1669.5199101796406,9.572184556675032e-08,1.123106426464084e-07,7.406734266520127e-09,1.1632599805466177e-08,5.678105955772357e-07,5.539499269529831e-07,-3.025497143665661e-10
5,1689.519674556213,9.558213144079898e-08,1.114431440047983e-07,6.914026074174408e-09,1.1126463748034933e-08,5.63837751502167e-07,5.491244498379025e-07,-3.6251169328939336e-10
5,1709.5194444444444,9.511087034877393e-08,1.105804309552701e-07,7.4956861064265e-09,1.062614812740566e-08,5.606448544385214e-07,5.442976990574659e-07,-3.3389197236287235e-10
5,1729.519219653179,9.474102219610512e-08,1.0973696615216666e-07,6.616239779802471e-09,1.0139840941588412e-08,5.552232271845122e-07,5.394660325592839e-07,-2.587121304067472e-10
5,1749.519,9.434369963811503e-08,1.0897495682134407e-07,5.978197456903208e-09,9.702571927557297e-09,5.509560201365771e-07,5.34609876343231e-07,-2.8336208891598063e-10
5,1769.5187853107345,9.3751554385054e-08,1.082617331281197e-07,5.077445735912435e-09,9.295489083597781e-09,5.417501044270514e-07,5.297424806309334e-07,-3.304333237988498e-10
5,1789.5185754189945,9.359143069918294e-08,1.0755131667484981e-07,4.57010250207696e-09,8.892514569843197e-09,5.385276896504147e-07,5.248807668627477e-07,-3.0294039699542986e-10
5,1809.5183701657459,9.312460210326562e-08,1.0685588810997461e-07,4.667117244764686e-09,8.500422681232492e-09,5.318355197243469e-07,5.200219187437367e-07,-2.3690765566436325e-10
5,1829.518169398907,9.328794627049731e-08,1.0622445702107008e-07,5.619330868578878e-09,8.146224177383199e-09,5.266808576896874e-07,5.15150911081488e-07,-2.5302732058721325e-10
5,1849.517972972973,9.292728957286195e-08,1.0563631879252087e-07,4.134510066961287e-09,7.818093948865592e-09,5.199805677020987e-07,5.102762449133141e-07,-2.986910377348959e-10
5,1869.5177807486632,9.27686449106816e-08,1.0505091486609528e-07,4.634868095369106e-09,7.493551338621885e-09,5.160605283102736e-07,5.054128865285922e-07,-2.839033625445436e-10
5,1889.5175925925926,9.249904799839638e-08,1.0447320342296035e-07,4.312861650920361e-09,7.175279713652621e-09,5.101473026193312e-07,5.005602863405615e-07,-2.2587832306987026e-10
5,1909.5174083769634,9.256313600212319e-08,1.0393802760640988e-07,3.296024197188721e-09,6.882110348647435e-09,5.047309426913777e-07,4.957083069191254e-07,-2.1672738576525787e-10
5,1929.5172279792746,9.187808529489921e-08,1.034502993748648e-07,3.3761282945841816e-09,6.616444530350497e-09,4.998159130958602e-07,4.908567299697763e-07,-2.6442949495830483e-10
5,1949.5170512820512,9.185276453955526e-08,1.0296755945711508e-07,2.67502492388262e-09,6.355176415631616e-09,4.970325421862984e-07,4.860206116473431e-07,-2.683342373450199e-10
5,1969.5168781725888,9.191296670853363e-08,1.0248755367313854e-07,3.7199583989612753e-09,6.097071353178085e-09,4.910374682927469e-07,4.812016270176632e-07,-2.2630804266928405e-10
5,1989.5167085427136,9.149379668605917e-08,1.0202738298924312e-07,2.762870129986449e-09,5.851095082836808e-09,4.845309499839584e-07,4.7639509767467085e-07,-1.8852955084901873e-10
6,30.608333333333334,4.217461764563242e-05,4.490579295261668e-05,3.8064018102027324e-05,3.8012987008503155e-05,9.536775562036073e-06,8.295802150971066e-06,4.925329405956924e-07
6,50.165,3.0195175921744804e-05,3.1602747538641516e-05,2.720244906004364e-05,2.66569494882731e-05,7.154821000606024e-06,5.886365345036634e-06,3.443456408500907e-07
6,69.975,2.035792955667961e-05,2.151221375457782e-05,1.8490622860069722e-05,1.8048865218297406e-05,5.248182104886723e-06,4.071222925869933e-06,7.162066307642917e-08
6,89.86944444444444,1.4978334969053574e-05,1.6116345717230803e-05,1.3741704417135141e-05,1.344801233628659e-05,4.21352585839661e-06,3.1172847391868847e-06,1.8125959110190663e-07
6,109.80227272727272,1.1123698148892469e-05,1.2069152024606893e-05,1.0199371565548054e-05,9.999991638016866e-06,3.388082159961129e-06,2.415026632021205e-06,-3.666293539704659e-08
6,129.75576923076923,8.679611162767541e-06,9.570361794623923e-06,8.035121102217345e-06,7.874349522016074e-06,2.9160102793595446e-06,1.9995913552316554e-06,1.031178430336112e-07
6,149.72166666666666,6.882684150096174e-06,7.686074288272044e-06,6.4563965336892855e-06,6.27354689857281e-06,2.5734088322264607e-06,1.699787756272591e-06,-3.6883211101912944e-08
6,169.6955882352941,5.541506926525237e-06,6.328197151374934e-06,5.248703454393448e-06,5.122920342785471e-06,2.293023821406936e-06,1.49885323292837e-06,4.201649078262273e-08
6,189.675,4.607570136220071e-06,5.298604125804671e-06,4.416568947189611e-06,4.252544368991895e-06,2.116220803794474e-06,1.3594206724674096e-06,-1.3291913082004282e-08
6,209.65833333333333,3.8713020072492825e-06,4.492281188117992e-06,3.7638294932621237e-06,3.57311620599119e-06,1.955855846267077e-06,1.2616074412572788e-06,7.278371987831209e-09
6,229.64456521739132,3.2840178983193362e-06,3.855823263807095e-06,3.2168472760660845e-06,3.038644250889053e-06,1.830040607207381e-06,1.1946902454339289e-06,-1.1991283040330624e-09
6,249.633,2.7954298605456034e-06,3.338811580444745e-06,2.778079431867504e-06,2.6061068534931833e-06,1.731609545767886e-06,1.148758696158938e-06,-5.0729741323722544e-09
6,269.6231481481482,2.4392077085137033e-06,2.916043686226187e-06,2.423097885963638e-06,2.253809742530627e-06,1.6268408764350788e-06,1.118520219345079e-06,2.685507944207294e-10
6,289.6146551724138,2.125431560405134e-06,2.563697646730798e-06,2.1246374669922027e-06,1.961359131195077e-06,1.5714727458684138e-06,1.0990899430368678e-06,-6.748744827882703e-09
6,309.60725806451615,1.8635075467957617e-06,2.26732059811122e-06,1.8551142729504954e-06,1.7163434476889607e-06,1.4925516944897473e-06,1.0874182570579555e-06,-1.914552422486299e-09
6,329.6007575757576,1.6463525812756555e-06,2.0160206274999623e-06,1.6287789409750582e-06,1.509403048187513e-06,1.4307891815597e-06,1.081192518564741e-06,-5.135937276740705e-09
6,349.595,1.4728446950425875e-06,1.8009971979778416e-06,1.4638292988104035e-06,1.332988023352081e-06,1.3951807839253213e-06,1.078614109005829e-06,-3.6094237625499012e-09
6,369.58986486486486,1.3151936136294653e-06,1.6155402565598648e-06,1.3085145708282491e-06,1.1813585523011207e-06,1.359010093514462e-06,1.0783667558418952e-06,-4.288389337685133e-09
6,389.5852564102564,1.1815013737808727e-06,1.45480884179232e-06,1.1752279111661723e-06,1.050369578585612e-06,1.3348211671515608e-06,1.0795384209156196e-06,-3.876687392371611e-09
6,409.5810975609756,1.0693483532503385e-06,1.3147653680801027e-06,1.0477146167835718e-06,9.365778713164793e-07,1.2978614114441733e-06,1.081441907877974e-06,-3.725214286077285e-09
6,429.57732558139537,9.678131618032188e-07,1.1921900324363766e-06,9.399729845017689e-07,8.372475719568006e-07,1.2730616003458956e-06,1.0835874980768069e-06,-3.809845737742003e-09
6,449.5738888888889,8.769830981506257e-07,1.0844517933702318e-06,8.462692631979036e-07,7.501535254457077e-07,1.2544683983632733e-06,1.0856386372396111e-06,-3.4995102350732716e-09
6,469.5707446808511,8.037207771148339e-07,9.894542765912182e-07,7.554731745974124e-07,6.735297586684692e-07,1.232599240384206e-06,1.0873801054000872e-06,-3.364510840162688e-09
6,489.5678571428571,7.403575972822526e-07,9.053989223483249e-07,6.888372924585948e-07,6.05869981903254e-07,1.2163303648831214e-06,1.0886730169275682e-06,-3.238751418133774e-09
6,509.56519607843137,6.812853555871908e-07,8.308129282125669e-07,6.201644055047159e-07,5.459461140900449e-07,1.1911728360745974e-06,1.0894391004302932e-06,-3.091945125549657e-09
6,529.5627358490566,6.236242089585442e-07,7.64489555195483e-07,5.634789153148314e-07,4.927562479958003e-07,1.1928733967314861e-06,1.0896476574683742e-06,-2.956556338059524e-09
6,549.5604545454545,5.764849635116269e-07,7.053666192053444e-07,5.042379082125776e-07,4.454228208560184e-07,1.1726845701490108e-06,1.0892950114541188e-06,-2.8239510900045983e-09
6,569.5583333333333,5.354541023149268e-07,6.525993474735118e-07,4.6136729334316056e-07,4.03250089588517e-07,1.172519968274605e-06,1.0883940648216756e-06,-2.7796016812699847e-09
6,589.5563559322034,4.988869754254706e-07,6.053232382416025e-07,4.1239223441945713e-07,3.655340677757505e-07,1.149190165461291e-06,1.0869812275220646e-06,-2.6670398506194316e-09
6,609.5545081967213,4.678623069840896e-07,5.628425963718968e-07,3.7620573543691875e-07,3.317078578875233e-07,1.1523380297507064e-06,1.085098890885763e-06,-2.4408665711357007e-09
6,629.5527777777778,4.3534636030683305e-07,5.247287218556656e-07,3.3883989173882286e-07,3.014176109403567e-07,1.1537779343892674e-06,1.0827777625041208e-06,-2.334938418131098e-09
6,649.5511538461539,4.0682666198856443e-07,4.904873871771982e-07,3.138810051422263e-07,2.74264220478256e-07,1.142053798916208e-06,1.0800611522913422e-06,-2.342188388078594e-09
6,669.5496268656716,3.820145137400272e-07,4.5948158061160654e-07,2.809584632801438e-07,2.49738014549321e-07,1.1337677352405578e-06,1.0770024999472849e-06,-2.1322114001246587e-09
6,689.5481884057971,3.6136386546073594e-07,4.315432796252832e-07,2.597063962160821e-07,2.276948711839703e-07,1.133089488037713e-06,1.0736243949246215e-06,-2.0363376766987946e-09
6,709.5468309859154,3.4077625062028886e-07,4.0634540694447455e-07,2.3451688796208588e-07,2.0787369028543577e-07,1.1251068619909303e-06,1.0699677518164063e-06,-2.0495549860442353e-09
6,729.5455479452055,3.1961591923485155e-07,3.833866358794327e-07,2.0868081297007266e-07,1.8987457487908056e-07,1.128560963774473e-06,1.066069096336783e-06,-1.8320653674296222e-09
6,749.5443333333334,3.017461195971617e-07,3.6271674860976257e-07,1.9020729238411534e-07,1.7372695902334472e-07,1.1148253929007178e-06,1.0619414602621552e-06,-1.8541970494628634e-09
6,769.5431818181818,2.8719389575647233e-07,3.438737517215521e-07,1.7098860395132553e-07,1.5906838353192572e-07,1.1128752967728245e-06,1.0576215914649052e-06,-1.7431881584840173e-09
6,789.5420886075949,2.7358621027271927e-07,3.2676531299580046e-07,1.5967755353016e-07,1.4581591766493e-07,1.1128838094252383e-06,1.053115308300944e-06,-1.6521504876667225e-09
6,809.5410493827161,2.602973181683758e-07,3.112482412121898e-07,1.4453821012687652e-07,1.3385600732356537e-07,1.107854118327579e-06,1.0484456670760807e-06,-1.639120899789351e-09
6,829.5400602409638,2.472903819650418e-07,2.970437346154278e-07,1.3173610232282737e-07,1.229629926205119e-07,1.0989407289620601e-06,1.0436159834155805e-06,-1.5007368802647095e-09
6,849.5391176470588,2.3595196110620235e-07,2.8419500450974083e-07,1.1868373298810673e-07,1.1316650365959571e-07,1.0970215128770981e-06,1.0386398867269609e-06,-1.527528501658916e-09
6,869.5382183908046,2.252843637400207e-07,2.723620742216998e-07,1.0881779364594708e-07,1.0419603186564219e-07,1.096727732088402e-06,1.033515788978263e-06,-1.3752992171883685e-09
6,889.5373595505617,2.1727913616278355e-07,2.6166742885120456e-07,1.0015770508238627e-07,9.614148389807784e-08,1.0846666131420314e-06,1.0282525823156798e-06,-1.4151163574707415e-09
6,909.5365384615385,2.076715696167646e-07,2.517787125081086e-07,9.032305780367403e-08,8.874026389769032e-08,1.0851575879317633e-06,1.0228454388721823e-06,-1.2737938480593063e-09
6,929.535752688172,2.012284380753372e-07,2.428223986107821e-07,8.020114791557546e-08,8.208466854379285e-08,1.0776607579470304e-06,1.0172981530128533e-06,-1.3020776955996291e-09
6,949.535,1.9371776336656545e-07,2.3453466459983022e-07,7.572262056246984e-08,7.596711986129987e-08,1.0659873940243088e-06,1.0116096224985337e-06,-1.192349487726226e-09
6,969.5342783505155,1.8653228803818616e-07,2.2698442557694121e-07,6.497726154822801e-08,7.043476989009317e-08,1.0599960607513336e-06,1.00577404428141e-06,-1.1925456476801652e-09
6,989.5335858585859,1.8032290006158215e-07,2.200188727322284e-07,6.193591484843367e-08,6.536790947991941e-08,1.0539173150381114e-06,9.998019597198109e-07,-1.1281625183780682e-09
6,1009.5329207920792,1.762976913656158e-07,2.13604358191781e-07,5.6590082571223726e-08,6.073474288645373e-08,1.0481722600022736e-06,9.93677026995068e-07,-1.0770205734674544e-09
6,1029.532281553398,1.702113600422151e-07,2.0774537123200397e-07,5.128950449640936e-08,5.653642089464608e-08,1.0462984343155156e-06,9.87416170878435e-07,-1.0920649822997008e-09
6,1049.5316666666668,1.6620687091017823e-07,2.022503349004344e-07,4.717645478259966e-08,5.262457991913427e-08,1.035100659074173e-06,9.810110587082636e-07,-9.638509309962157e-10
6,1069.5310747663552,1.619105488364056e-07,1.9728622767281612e-07,4.0096537545289033e-08,4.911969482327064e-08,1.0244938584773709e-06,9.744613572992233e-07,-1.0264402619099312e-09
6,1089.530504587156,1.589502357412854e-07,1.9260543155645125e-07,3.953751159283972e-08,4.583693523331663e-08,1.0170632448801524e-06,9.677839021643523e-07,-9.221787686849867e-10
6,1109.529954954955,1.5485544463665563e-07,1.8832091537245994e-07,3.432464469098163e-08,4.285404121688196e-08,1.0136444730766518e-06,9.609622247012823e-07,-9.221209869256676e-10
6,1129.529424778761,1.5266594984958627e-07,1.843558990758769e-07,3.2819542640413797e-08,4.011467484448684e-08,9.996705502346106e-07,9.540188441508274e-07,-9.128818959226763e-10
6,1149.5289130434783,1.496571670082232e-07,1.8061856996530126e-07,3.142192719384488e-08,3.7548858317348076e-08,9.959103171435203e-07,9.469539018958917e-07,-8.118493907199725e-10
6,1169.5284188034188,1.4629231621107379e-07,1.772295835616903e-07,2.6334204628319304e-08,3.5240357159842616e-08,9.844188149467587e-07,9.397592132755295e-07,-8.646740752680398e-10
6,1189.5279411764707,1.4403318051562516e-07,1.7401788411105115e-07,2.4226208505995465e-08,3.306702638217516e-08,9.7863200067508e-07,9.324645019852736e-07,-7.948783231058318e-10
6,1209.527479338843,1.418603637358754e-07,1.710357846504102e-07,2.3243041290823017e-08,3.106220995661442e-08,9.681853754385264e-07,9.250564345366145e-07,-7.586619193397356e-10
6,1229.5270325203253,1.4045296268264885e-07,1.6829806349400778e-07,2.039580877800034e-08,2.923553569026764e-08,9.557904250965966e-07,9.175443368547841e-07,-7.903603833066393e-10
6,1249.5266,1.384807908455032e-07,1.6568479903171437e-07,2.10323602745774e-08,2.750243537178201e-08,9.52856845302072e-07,9.099496499388094e-07,-7.080208533308281e-10
6,1269.5261811023622,1.3682560297038106e-07,1.6327558308274472e-07,1.8114450992621546e-08,2.5914985723116166e-08,9.422051251057417e-07,9.022564241814255e-07,-7.031930167245004e-10
6,1289.5257751937984,1.350153523213078e-07,1.610405025458242e-07,1.7383214615571794e-08,2.4452755090554657e-08,9.362674141595554e-07,8.94482249841251e-07,-7.185368654675346e-10
6,1309.5253816793893,1.3461104560494732e-07,1.5890100338762984e-07,1.6525505834500314e-08,2.3061173998005214e-08,9.240685182647864e-07,8.866436391249657e-07,-6.415097339140052e-10
6,1329.525,1.3328700406043766e-07,1.5692930886705002e-07,1.4865491728433826e-08,2.1786548924978517e-08,9.135257132292874e-07,8.787246762387748e-07,-6.444281860427121e-10
6,1349.5246296296295,1.3209202632928655e-07,1.5509155734682574e-07,1.4167409659735791e-08,2.0606528541898532e-08,9.056736925785895e-07,8.707438545775412e-07,-6.568260089337428e-10
6,1369.5242700729927,1.3044395282386025e-07,1.5332677519876505e-07,1.1508677914623722e-08,1.9479914344278932e-08,8.99065359879273e-07,8.627177789709671e-07,-5.888280720170566e-10
6,1389.5239208633093,1.302686587353136e-07,1.5169294147852833e-07,1.0423174027770343e-08,1.844279736981664e-08,8.891072298772954e-07,8.546316614032765e-07,-5.846358429798618e-10
6,1409.5235815602837,1.2905301336192268e-07,1.5017240024770425e-07,1.2201992042187176e-08,1.7483718943103407e-08,8.763232836127519e-07,8.464986478737432e-07,-6.034589834419622e-10
6,1429.5232517482518,1.2853995196243326e-07,1.4870761449363186e-07,1.0166015170612618e-08,1.6565328093069256e-08,8.65923331458206e-07,8.383387649735559e-07,-5.489746149499524e-10
6,1449.5229310344828,1.2756875864478852e-07,1.4733721418991577e-07,7.97207616942438e-09,1.571088490794534e-08,8.600977827604613e-07,8.301415596642406e-07,-5.264173335584106e-10
6,1469.522619047619,1.2654434985944825e-07,1.4606994868512179e-07,7.2819917807389995e-09,1.492536619371334e-08,8.522232643210125e-07,8.219094435571882e-07,-5.541658508260308e-10
6,1489.5223154362416,1.262892111761962e-07,1.4485067298420814e-07,7.656973126980481e-09,1.4174261356775645e-08,8.400148191135895e-07,8.136648379502781e-07,-5.238958939977605e-10
6,1509.5220198675497,1.2559947220947223e-07,1.4368875237754716e-07,8.67807512301303e-09,1.3462738271372186e-08,8.319892229239137e-07,8.054071948682995e-07,-4.76089293347306e-10
6,1529.5217320261438,1.252303574652138e-07,1.4261833435880163e-07,7.598941346495047e-09,1.2810930739841076e-08,8.205580871889336e-07,7.971279632116731e-07,-4.976231088253674e-10
6,1549.5214516129033,1.2470304648255595e-07,1.4159987327344324e-07,6.861780746806091e-09,1.2194595834644018e-08,8.122508800769609e-07,7.888448887444888e-07,-4.948171170556123e-10
6,1569.521178343949,1.24825780447275e-07,1.406156475764908e-07,6.575425561789953e-09,1.1602703908925136e-08,8.037567428036401e-07,7.805671945129303e-07,-4.469364741888415e-10
6,1589.5209119496856,1.2406407296383732e-07,1.3969625107987658e-07,6.207346050690209e-09,1.1053127995140624e-08,7.947831882574151e-07,7.722872006680849e-07,-4.384527563571396e-10
6,1609.520652173913,1.2305460837811672e-07,1.3883936740501873e-07,5.050058881618614e-09,1.054404773583375e-08,7.841918147448589e-07,7.640087471876146e-07,-4.6031885265349735e-10
6,1629.520398773006,1.231595045510238e-07,1.380107117443619e-07,5.7012109892677355e-09,1.005487969119776e-08,7.748389814825431e-07,7.557465996513842e-07,-4.3938004461011714e-10
6,1649.5201515151516,1.2282303377085433e-07,1.3721416243929874e-07,5.100189854779477e-09,9.587648544261837e-09,7.680909150467459e-07,7.475020848223483e-07,-3.971305545565124e-10
6,1669.5199101796406,1.2205033753648707e-07,1.3647470830317586e-07,3.6380799779539305e-09,9.156639960784437e-09,7.603559604052722e-07,7.392694711251322e-07,-4.043287438911478e-10
6,1689.519674556213,1.2228476503333539e-07,1.3577655786389255e-07,5.632700228134543e-09,8.752418794886579e-09,7.486231868993533e-07,7.310568321993863e-07,-4.159542967286184e-10
6,1709.5194444444444,1.2150107973051077e-07,1.3509898534145432e-07,4.6440953480391906e-09,8.362574181755668e-09,7.403766790806737e-07,7.228731004369215e-07,-3.9250154607865597e-10
6,1729.519219653179,1.2124182679375084e-07,1.3444948261334327e-07,5.307912431898738e-09,7.991258295561673e-09,7.320205208169087e-07,7.147180911662792e-07,-3.5981521203273356e-10
6,1749.519,1.2132839977522775e-07,1.338456179033615e-07,2.620782888976557e-09,7.64824870563833e-09,7.221699480627523e-07,7.065883089695424e-07,-3.697429677212326e-10
6,1769.5187853107345,1.2115159702936337e-07,1.332717941578378e-07,3.3569498030672966e-09,7.32459499111016e-09,7.115275574287797e-07,6.984915310249486e-07,-3.769946303125264e-10
6,1789.5185754189945,1.2083850498948395e-07,1.3271410783344675e-07,3.6404923653792278e-09,7.011966412564945e-09,7.052546956547078e-07,6.904335792303305e-07,-3.562521413028973e-10
6,1809.5183701657459,1.2057863916532344e-07,1.3217824520286036e-07,2.743574735152923e-09,6.713439504552629e-09,6.972166156708366e-07,6.824144680459309e-07,-3.270659013311429e-10
6,1829.518169398907,1.206710886394805e-07,1.3167856478406121e-07,2.8964992478297484e-09,6.436768111925654e-09,6.882301450723175e-07,6.744312711258488e-07,-3.34023946079308e-10
6,1849.517972972973,1.204156226826267e-07,1.3120432412296033e-07,1.129765722041347e-09,6.176049345703291e-09,6.81406665497348e-07,6.664900472440243e-07,-3.435270228575283e-10
6,1869.5177807486632,1.2050057493994449e-07,1.307425901257431e-07,2.303085986541794e-09,5.9237525146852405e-09,6.697790235401106e-07,6.585960277659169e-07,-3.285813475547129e-10
6,1889.5175925925926,1.2027270051869611e-07,1.3029540934325522e-07,1.2124087403573575e-09,5.6808949858753825e-09,6.623760120999049e-07,6.507499833784423e-07,-2.9823037982162486e-10
6,1909.5174083769634,1.198329937582844e-07,1.2987708860468692e-07,2.135597762201399e-09,5.454920796686074e-09,6.554471991703477e-07,6.429482599777525e-07,-2.9928375751764946e-10
6,1929.5172279792746,1.195569349689396e-07,1.2948269053203474e-07,2.6042398823634316e-09,5.2432747055665195e-09,6.453759130934761e-07,6.35194753083744e-07,-3.137766956761351e-10
6,1949.5170512820512,1.192570155278608e-07,1.290975736017227e-07,1.6285278878459463e-09,5.03796942019267e-09,6.388571372083114e-07,6.2749558894299e-07,-3.0334512396389796e-10
6,1969.5168781725888,1.195486341481772e-07,1.2872308912760748e-07,2.492127119957475e-09,4.839487378944465e-09,6.297248250850248e-07,6.198511413425205e-07,-2.7779853900315717e-10
6,1989.5167085427136,1.19748841765708e-07,1.283689724642186e-07,3.0887594620276476e-09,4.652710613380781e-09,6.192847636377641e-07,6.122589045852586e-07,-2.699357573038705e-10
7,30.608333333333334,5.506014178211735e-05,5.861613821609168e-05,5.125133557619361e-05,5.10286209827373e-05,1.338754187716386e-05,1.1478490827955603e-05,9.525695472841219e-07
7,50.165,3.589748612020629e-05,3.7993075186872916e-05,3.3433073156911494e-05,3.291681081716321e-05,9.33001585366608e-06,7.535088171905463e-06,3.473590555235762e-07
7,69.975,2.3564910751854287e-05,2.5675133921717673e-05,2.214709397995023e-05,2.2109968799890013e-05,6.783362869345415e-06,5.213067137034856e-06,3.631464665620299e-07
7,89.86944444444444,1.6640969805466175e-05,1.8310901905360402e-05,1.587632324019932e-05,1.565223629725784e-05,5.4091991173627375e-06,3.8586915816017905e-06,-1.8601828595257944e-08
7,109.80227272727272,1.241693787530758e-05,1.3773240014159958e-05,1.191946606956093e-05,1.1680472612137202e-05,4.481517611713545e-06,3.061577122209905e-06,1.811272811961013e-07
7,129.75576923076923,9.33112323310935e-06,1.066399832971203e-05,9.080394085741195e-06,8.96353691067767e-06,3.7862998111948467e-06,2.5480558171232187e-06,-4.74246117313453e-08
7,149.72166666666666,7.463136742903024e-06,8.51921128919842e-06,7.344767728112314e-06,7.094767153794459e-06,3.390872744520536e-06,2.2262988019959735e-06,7.123284682380432e-08
7,169.6955882352941,5.974539761094593e-06,6.940790801640855e-06,5.983065167176375e-06,5.7237871397019355e-06,3.0813170491591087e-06,2.016566604428281e-06,-2.3617393368519976e-08
7,189.675,4.911505285038991e-06,5.755095933014668e-06,4.922392666379073e-06,4.6978592500099905e-06,2.830678786797737e-06,1.8828422228954856e-06,1.8994069781599738e-08
7,209.65833333333333,4.078900387236911e-06,4.835731907214411e-06,4.142121258825524e-06,3.90565685874769e-06,2.611342802093436e-06,1.7984944676903295e-06,-1.0668322168418726e-08
7,229.64456521739132,3.464891575092637e-06,4.109969118131961e-06,3.563575287483598e-06,3.283017594935198e-06,2.4839623531074143e-06,1.7476279945571708e-06,-3.0122772433628305e-10
7,249.633,2.9139469131386305e-06,3.5251018914036244e-06,2.989132812642043e-06,2.7834497842785502e-06,2.329771645093967e-06,1.7186525415204146e-06,-7.649457415284431e-09
7,269.6231481481482,2.511190715921945e-06,3.04729385837635e-06,2.5879143474972917e-06,2.37708722683298e-06,2.2207982055778058e-06,1.7040338820701178e-06,-5.467375626576842e-09
7,289.6146551724138,2.195246589373384e-06,2.65252004573239e-06,2.2642489864435677e-06,2.0427153038711802e-06,2.1676908529545797e-06,1.6985095261093748e-06,-6.9455479718606825e-09
7,309.60725806451615,1.9056623633940376e-06,2.3226369579517285e-06,1.9623238893794364e-06,1.7643594370821085e-06,2.1064490252012463e-06,1.6983077840215307e-06,-6.519541641592983e-09
7,329.6007575757576,1.6940531374867136e-06,2.044869091427676e-06,1.7417391017586324e-06,1.5307826723964723e-06,2.0452848366160773e-06,1.700948758794183e-06,-6.734936548047282e-09
7,349.595,1.4788851453374303e-06,1.809283733068652e-06,1.4963155040979938e-06,1.333287160890854e-06,1.9813218641116246e-06,1.7047490384193363e-06,-6.530988762272437e-09
7,369.58986486486486,1.3201518637382793e-06,1.6082594507709137e-06,1.3257034678546548e-06,1.1652256291995468e-06,1.943981894760897e-06,1.7086054126808713e-06,-6.361993949043693e-09
7,389.5852564102564,1.1779909266476133e-06,1.4359286783423543e-06,1.1599541971377312e-06,1.021503144643978e-06,1.8993665744479333e-06,1.7118419239094159e-06,-5.916294750487451e-09
7,409.5810975609756,1.060337405484956e-06,1.2875343604977113e-06,1.0374088204899866e-06,8.980141639708008e-07,1.8802529823113294e-06,1.7140801051534095e-06,-5.748624403619119e-09
7,429.57732558139537,9.666651044350787e-07,1.1592121938886237e-06,9.135706951521695e-07,7.914429641895278e-07,1.8617469982911946e-06,1.7151302496305907e-06,-5.543366430187546e-09
7,449.5738888888889,8.759025165654831e-07,1.047881630803564e-06,8.058180339079144e-07,6.99158672375743e-07,1.832972412762648e-06,1.7149369091520814e-06,-5.304312606706705e-09
7,469.5707446808511,7.967392232245165e-07,9.509973641662226e-07,7.084998881300578e-07,6.189984401559526e-07,1.8174095960112423e-06,1.7135267005547984e-06,-5.050437991226305e-09
7,489.5678571428571,7.314935107837648e-07,8.664503182703734e-07,6.42600001235314e-07,5.491778584101516e-07,1.7882963925996419e-06,1.7109730024790136e-06,-4.817076941215186e-09
7,509.56519607843137,6.673174332491014e-07,7.924623716263073e-07,5.656762227324159e-07,4.881991267564146e-07,1.779761721173023e-06,1.7073766983497834e-06,-4.606467784896258e-09
7,529.5627358490566,6.159044270348793e-07,7.274858642610837e-07,4.978694188444971e-07,4.3476428158399573e-07,1.7716071483938947e-06,1.7028517756448838e-06,-4.316542703012539e-09
7,549.5604545454545,5.681850097148534e-07,6.70364352481241e-07,4.440594155157686e-07,3.879021805803623e-07,1.7646156185484097e-06,1.6975026556414052e-06,-4.103220420960163e-09
7,569.5583333333333,5.246115741408733e-07,6.199779900878456e-07,3.9154764327017657e-07,3.466777874825536e-07,1.7434307170687169e-06,1.691435566201241e-06,-3.857965503040699e-09
7,589.5563559322034,4.897565999619174e-07,5.75486025639584e-07,3.4781262633825825e-07,3.1038731108996274e-07,1.7409666356054807e-06,1.6847399357200806e-06,-3.6692743159417294e-09
7,609.5545081967213,4.560253694293635e-07,5.361443962586445e-07,3.196507119554538e-07,2.7840962792789737e-07,1.7409828565314575e-06,1.6774981366034939e-06,-3.565701014508348e-09
7,629.5527777777778,4.27989672564161e-07,5.011915336101551e-07,2.760811956501928e-07,2.5011088931384985e-07,1.7213856102869104e-06,1.6697792516970678e-06,-3.359109991661048e-09
7,649.5511538461539,4.0258599266105445e-07,4.701170352178206e-07,2.508458526123336e-07,2.2506190346721972e-07,1.7175747262983566e-06,1.661633541164938e-06,-3.1269714422125806e-09
7,669.5496268656716,3.7684039718303486e-07,4.4257387386587445e-07,2.1567792836313675e-07,2.0296791459554286e-07,1.7030937880646491e-06,1.653102925172954e-06,-3.0972395956933266e-09
7,689.5481884057971,3.569730302869296e-07,4.17929135028075e-07,1.974776236675653e-07,1.8330487049944204e-07,1.6951608099617383e-06,1.6442216855449974e-06,-2.9064232988653404e-09
7,709.5468309859154,3.3653822802528864e-07,3.959244911087564e-07,1.746871595299667e-07,1.6584952219490697e-07,1.7051394221191499e-06,1.6350062184143422e-06,-2.722066915721335e-09
7,729.5455479452055,3.218734622923677e-07,3.7631506981997875e-07,1.5497262001880894e-07,1.5039232745368033e-07,1.6831389821158258e-06,1.6254712762865192e-06,-2.676889354727668e-09
7,749.5443333333334,3.0490368968096015e-07,3.586730793335329e-07,1.324229097857927e-07,1.3657758722420605e-07,1.6709140163997178e-06,1.6156260373088116e-06,-2.498525926875052e-09
7,769.5431818181818,2.897411844080326e-07,3.4290771857550714e-07,1.2566391669725528e-07,1.2431886392172804e-07,1.667381132681152e-06,1.6054701805856106e-06,-2.449244173099589e-09
7,789.5420886075949,2.7897908065010157e-07,3.286737188871063e-07,1.0812360102170013e-07,1.1333053694365862e-07,1.6567788402180854e-06,1.5950071275516868e-06,-2.301324291678186e-09
7,809.5410493827161,2.661413856373235e-07,3.1588668712172293e-07,9.973313475858931e-08,1.035334299315816e-07,1.6555446078773601e-06,1.5842375583641868e-06,-2.2136653015685044e-09
7,829.5400602409638,2.576387325841815e-07,3.0433568265190513e-07,8.912405072017572e-08,9.475020164506797e-08,1.6309817335929362e-06,1.5731568876232856e-06,-2.1224974066786543e-09
7,849.5391176470588,2.4619867608387583e-07,2.938890052063689e-07,8.140186815627214e-08,8.68684786252048e-08,1.629228001171164e-06,1.5617762331911454e-06,-2.0144390368486422e-09
7,869.5382183908046,2.390089099354935e-07,2.8444257317105374e-07,7.22006721972715e-08,7.97961581545149e-08,1.6147469126183676e-06,1.550085651501935e-06,-1.959875827331703e-09
7,889.5373595505617,2.32460716876641e-07,2.758506037353136e-07,6.623707320791793e-08,7.341408324928313e-08,1.6007430368537275e-06,1.5381073678063829e-06,-1.8526301931916152e-09
7,909.5365384615385,2.2411135880215763e-07,2.680570160367639e-07,5.509450086812408e-08,6.766910790477187e-08,1.5875534737643968e-06,1.5258310454118697e-06,-1.8041026606861482e-09
7,929.535752688172,2.1825087591368e-07,2.6094731900450027e-07,5.044220126209017e-08,6.246939651839035e-08,1.5679572629072185e-06,1.513284633182838e-06,-1.7174469222252315e-09
7,949.535,2.1312874096350968e-07,2.5446020148122314e-07,4.6686922137800946e-08,5.7760177780639404e-08,1.5538350621003846e-06,1.5004639579767491e-06,-1.65213346744001e-09
7,969.5342783505155,2.0838359055793466e-07,2.4854266742653875e-07,3.899497518375946e-08,5.349787683898763e-08,1.5387089388585435e-06,1.4873931877080472e-06,-1.598956393131018e-09
7,989.5335858585859,2.0487738094308793e-07,2.4310028530174244e-07,4.094134518946925e-08,4.9606006537669664e-08,1.525670324122722e-06,1.4740816447849527e-06,-1.5100135297744862e-09
7,1009.5329207920792,2.0044077986237952e-07,2.381449580937256e-07,3.349095812761995e-08,4.6089362278150505e-08,1.5097522696362576e-06,1.4605409133734093e-06,-1.4935178166967177e-09
7,1029.532281553398,1.9770127203742465e-07,2.3355224543026964e-07,3.34265989772291e-08,4.2852978139604344e-08,1.4923411913426277e-06,1.4467971084609377e-06,-1.3935149556100278e-09
7,1049.5316666666668,1.9447319155484232e-07,2.2937302055774022e-07,2.6519773791993533e-08,3.992923528218179e-08,1.4747130417577256e-06,1.4328477160493883e-06,-1.404738886237647e-09
7,1069.5310747663552,1.9189624679453502e-07,2.2548116892912638e-07,2.2957205750726397e-08,3.722564995035985e-08,1.4627209470962423e-06,1.418732149562172e-06,-1.314300534552566e-09
7,1089.530504587156,1.8924752786744904e-07,2.219047109695284e-07,2.2184651804874252e-08,3.475780066585684e-08,1.452535246020716e-06,1.4044463300410267e-06,-1.277349550666166e-09
7,1109.529954954955,1.8653052639933037e-07,2.1860276726771902e-07,2.4034921575636316e-08,3.2495612757593624e-08,1.4339548272180749e-06,1.3900170907399764e-06,-1.236326500586747e-09
7,1129.529424778761,1.8531293951160722e-07,2.1552777077060771e-07,1.98897046945536e-08,3.0402388540680626e-08,1.4154374214193124e-06,1.3754587494095072e-06,-1.161709501112027e-09
7,1149.5289130434783,1.8365189768019597e-07,2.1271451802325162e-07,1.7093735746509204e-08,2.850009224950796e-08,1.3984257148235563e-06,1.360774247996433e-06,-1.1812365400849521e-09
7,1169.5284188034188,1.8149940538220145e-07,2.1006950238937294e-07,1.7157408386493845e-08,2.6723436430163972e-08,1.3843812143046757e-06,1.3460012515373023e-06,-1.1080324051755362e-09
7,1189.5279411764707,1.7979134644455895e-07,2.0761499757748434e-07,1.1454233921936161e-08,2.5085034882572706e-08,1.3645258277641705e-06,1.3311388001733425e-06,-1.0579608205585087e-09
7,1209.527479338843,1.789264683746743e-07,2.0535052591422259e-07,1.5485801842813406e-08,2.3583530446054138e-08,1.352686790228831e-06,1.3162000948265162e-06,-1.051931584279211e-09
7,1229.5270325203253,1.781912693288978e-07,2.0322205004552346e-07,1.3846634127859649e-08,2.2181225926891912e-08,1.3287682880924088e-06,1.3012094588900327e-06,-9.997433399205533e-10
7,1249.5266,1.7685565005483155e-07,2.0124427056833102e-07,1.3362872750782455e-08,2.0886363484099138e-08,1.3160553858875644e-06,1.2861709803057052e-06,-9.776045471530286e-10
7,1269.5261811023622,1.7573828393657063e-07,1.993979698174254e-07,1.1306837587539748e-08,1.968568125712471e-08,1.293985342442128e-06,1.2711016046922875e-06,-9.471768809738203e-10
7,1289.5257751937984,1.753990617876876e-07,1.9766383734075975e-07,1.2606781483000504e-08,1.8565328723390423e-08,1.279685509079359e-06,1.2560153529411041e-06,-9.022122725949091e-10
7,1309.5253816793893,1.7397331731448896e-07,1.9605255242538715e-07,1.0615040877050614e-08,1.7530909020863593e-08,1.269653383376407e-06,1.2409162564176463e-06,-8.97376766346542e-10
7,1329.525,1.738284639348295e-07,1.9453516184988204e-07,8.440844647015614e-09,1.6563467880471747e-08,1.2493083536069954e-06,1.2258234405427549e-06,-8.605898672408379e-10
7,1349.5246296296295,1.7256586882610346e-07,1.9310929525740894e-07,9.1781998037058e-09,1.5660558885333264e-08,1.2356805470998746e-06,1.2107451715249302e-06,-8.235587165227459e-10
7,1369.5242700729927,1.7178162675067637e-07,1.9177842608805442e-07,5.539731889073953e-09,1.4823232158448406e-08,1.2174784088832047e-06,1.1956864560482686e-06,-8.155158929885333e-10
7,1389.5239208633093,1.7127311722163155e-07,1.905241988257698e-07,5.116005019378209e-09,1.403968259310562e-08,1.2040123131019647e-06,1.1806615556157497e-06,-7.882840132752421e-10
7,1409.5235815602837,1.718024842446013e-07,1.8934224653715327e-07,7.52758278707914e-09,1.3306381110537445e-08,1.1874734031810468e-06,1.165678499156624e-06,-7.604092526827097e-10
7,1429.5232517482518,1.7033934945878412e-07,1.8822802241896143e-07,4.287773979343305e-09,1.2619694305329899e-08,1.1719722432309598e-06,1.150744434946175e-06,-7.333918036780357e-10
7,1449.5229310344828,1.7023955243912682e-07,1.8718768622682896e-07,5.242455768458103e-09,1.1983019707262254e-08,1.154652231540963e-06,1.1358635314333846e-06,-7.311375824205496e-10
7,1469.522619047619,1.6919839543506445e-07,1.8619730115947766e-07,6.24054652856623e-09,1.1381119560101224e-08,1.1371247703407893e-06,1.1210497663000085e-06,-7.018185716032807e-10
7,1489.5223154362416,1.6876883537835633e-07,1.8525705368712333e-07,4.1465036458045495e-09,1.0813568630933603e-08,1.1217551268070725e-06,1.1063080336170242e-06,-6.598331261644138e-10
7,1509.5220198675497,1.688625047307678e-07,1.843888173633916e-07,6.636045836136358e-09,1.029283822549343e-08,1.1088055128969943e-06,1.0916352738311314e-06,-6.833345909927646e-10
7,1529.5217320261438,1.6872786956007957e-07,1.8354904311747674e-07,4.02760943552104e-09,9.79291868429489e-09,1.0923986033194386e-06,1.077052811013218e-06,-6.399533824563752e-10
7,1549.5214516129033,1.6826985046910627e-07,1.8275815950757605e-07,3.441328398525278e-09,9.325064922563864e-09,1.0756080169887631e-06,1.0625562884522483e-06,-6.148702002881856e-10
7,1569.521178343949,1.6779255947443685e-07,1.8201529791686681e-07,5.449976666955564e-09,8.88827235690879e-09,1.0632467437929868e-06,1.048150350224616e-06,-6.135539222825449e-10
7,1589.5209119496856,1.6821865723393354e-07,1.813093743144485e-07,6.4910631236620195e-09,8.476202143555356e-09,1.0482131225070849e-06,1.033844134533334e-06,-5.996716174091557e-10
7,1609.520652173913,1.6794948613818157e-07,1.806375838060275e-07,4.47549922235172e-09,8.086454487537963e-09,1.0287290369484548e-06,1.0196410439780491e-06,-5.8061575399172e-10
7,1629.520398773006,1.6699615969141964e-07,1.7999440630494277e-07,3.7919452463696235e-09,7.715685436694018e-09,1.0133426323556689e-06,1.0055468671495464e-06,-5.442958494579289e-10
7,1649.5201515151516,1.6694946388801273e-07,1.7939940467652618e-07,1.5940735332023248e-09,7.374458566181602e-09,9.988861045243615e-07,9.915572006924667e-07,-5.651851534244137e-10
7,1669.5199101796406,1.6692685922971196e-07,1.7882050575158648e-07,2.8763161772580234e-09,7.044983201336321e-09,9.897664454076886e-07,9.77688300897742e-07,-5.327993319928729e-10
7,1689.519674556213,1.674444409779012e-07,1.7827511977881859e-07,2.04320719727794e-09,6.736141039640977e-09,9.754724733783192e-07,9.63934773948554e-07,-5.231948110334173e-10
7,1709.5194444444444,1.6672925971144118e-07,1.777501285433456e-07,1.608068806530837e-09,6.440694920751824e-09,9.587400872841652e-07,9.503049552548461e-07,-4.929278000736797e-10
7,1729.519219653179,1.6667976753683514e-07,1.7726383071908185e-07,2.5451675433048546e-09,6.16825572266969e-09,9.413738210122092e-07,9.367938344129519e-07,-5.123483483277111e-10
7,1749.519,1.6594383186702887e-07,1.767876965227252e-07,3.3559588404782753e-09,5.903534855052257e-09,9.285243217517697e-07,9.234154564105087e-07,-4.80255035128479e-10
7,1769.5187853107345,1.6657608951318108e-07,1.7633938151640677e-07,2.5013649487002053e-09,5.655350594589149e-09,9.131229414725698e-07,9.10163755376441e-07,-4.729754816906335e-10
7,1789.5185754189945,1.664411472447263e-07,1.759064929678491e-07,1.0830760066209254e-09,5.417160155089362e-09,9.0416514550389e-07,8.970460376671635e-07,-4.466051619791592e-10
7,1809.5183701657459,1.6572340936740635e-07,1.7550502288443515e-07,2.2568713186974478e-09,5.197048514002296e-09,8.889681511005653e-07,8.84057274199362e-07,-4.6453001064815044e-10
7,1829.518169398907,1.6568490225581026e-07,1.751105811273296e-07,2.0986382152761846e-09,4.982473566617821e-09,8.754029313846106e-07,8.712092290698014e-07,-4.361435807870938e-10
7,1849.517972972973,1.6606274617633746e-07,1.7473889455206643e-07,3.958036243298167e-09,4.781006670643108e-09,8.615653951560616e-07,8.584960680564652e-07,-4.3122943501758176e-10
7,1869.5177807486632,1.6614299979646784e-07,1.7437780672524937e-07,3.3430844293989855e-09,4.586528664596212e-09,8.489342317045915e-07,8.459242826924277e-07,-4.0381826110175516e-10
7,1889.5175925925926,1.654755557873204e-07,1.740433384207877e-07,1.115834379367872e-09,4.406795835426947e-09,8.354277254143709e-07,8.334880562157218e-07,-4.2037730449552337e-10
7,1909.5174083769634,1.6548771501721603e-07,1.7371525048091306e-07,3.984336356806441e-09,4.231860957947711e-09,8.231894955096602e-07,8.211968428433836e-07,-4.010373491477305e-10
7,1929.5172279792746,1.6540755114688198e-07,1.7340333195981604e-07,1.2640420496092336e-09,4.066184767912243e-09,8.101684796411744e-07,8.090468779344317e-07,-3.9256445259021875e-10
7,1949.5170512820512,1.6539520262719052e-07,1.7310139361685426e-07,1.7811276889158054e-09,3.906747028195095e-09,7.997143270879886e-07,7.970413900312163e-07,-3.714340173004425e-10
7,1969.5168781725888,1.6586722047190102e-07,1.728174511635503e-07,9.98227941296735e-10,3.757196166152419e-09,7.859922641391098e-07,7.851774438143386e-07,-3.7415941552740096e-10
7,1989.5167085427136,1.6575806932124416e-07,1.72545608617956e-07,1.9668234125733996e-09,3.614756955698053e-09,7.786440784517022e-07,7.734578212297939e-07,-3.755973636909116e-10
8,30.608333333333334,7.13164395558806e-05,7.713897943402914e-05,6.878864873524058e-05,6.889841901896902e-05,1.886097463833361e-05,1.597570500653403e-05,-2.589640962973693e-07
8,50.165,4.138739277848234e-05,4.5682773644614e-05,4.01161308445845e-05,4.054054028253106e-05,1.213340417055088e-05,9.671392851375994e-06,-3.42820710637459e-07
8,69.975,2.7091146620843815e-05,3.0008100546825387e-05,2.651261698570334e-05,2.64223465808981e-05,8.98021013059277e-06,6.61576502877182e-06,-1.8714385870114443e-07
8,89.86944444444444,1.830563787500958e-05,2.089752916929759e-05,1.8280533118327846e-05,1.8231256937697523e-05,7.04504097802334e-06,4.926913232948098e-06,-7.916346677961883e-08
8,109.80227272727272,1.3347336192920565e-05,1.5362805241841068e-05,1.3493396355662027e-05,1.3266310692338145e-05,5.918435838984851e-06,3.9856972045800865e-06,-1.1562659030524103e-07
8,129.75576923076923,1.0147695028850942e-05,1.175699322251413e-05,1.0467563029072744e-05,1.004282982055303e-05,5.1933128994522e-06,3.448490033264654e-06,-1.6150509247204934e-08
8,149.72166666666666,7.77850267674981e-06,9.241654506100042e-06,8.113249565406323e-06,7.803435705877913e-06,4.5948967845542586e-06,3.1358225714817127e-06,4.669839466678167e-08
8,169.6955882352941,6.140058417704781e-06,7.426211550187858e-06,6.489291974700725e-06,6.194753534715128e-06,4.173430568377268e-06,2.9605333053952237e-06,-1.5548776284262547e-08
8,189.675,4.987670376391048e-06,6.06692186490755e-06,5.299865942907295e-06,4.996278330826798e-06,3.867760116290686e-06,2.8670695052099365e-06,-7.436140342335102e-10
8,209.65833333333333,4.106327739452674e-06,5.022749476120862e-06,4.4166061677477465e-06,4.080201530023671e-06,3.685709253692432e-06,2.8225103982857626e-06,-7.65835916802295e-09
8,229.64456521739132,3.420747474173747e-06,4.204230662991802e-06,3.6937834591846883e-06,3.3654886735685163e-06,3.4880709744772858e-06,2.8060894036307714e-06,-1.2873428224217548e-08
8,249.633,2.8475303520619633e-06,3.5521047094171932e-06,3.0597741386472305e-06,2.7985198972641816e-06,3.3392281244460866e-06,2.8047179281098405e-06,-1.141851324957666e-08
8,269.6231481481482,2.4722559970299523e-06,3.0255923977174227e-06,2.6237004534274868e-06,2.342509014699719e-06,3.242251562695132e-06,2.8101922630952597e-06,-1.2349552666259253e-08
8,289.6146551724138,2.1140023288062987e-06,2.597134782843266e-06,2.2276437028343e-06,1.972655516959989e-06,3.139383179105488e-06,2.817660754959076e-06,-1.3186319649359228e-08
8,309.60725806451615,1.8409391030008903e-06,2.2439867069064433e-06,1.8883749789003965e-06,1.6686853603338346e-06,3.0685741227526613e-06,2.824282637179601e-06,-1.169533710223278e-08
8,329.6007575757576,1.6115223408262142e-06,1.952517894996909e-06,1.6391657408431929e-06,1.418431662544193e-06,3.012691380262396e-06,2.828593195519181e-06,-1.1759556437588515e-08
8,349.595,1.4106367306577458e-06,1.709608064521279e-06,1.3788290600070886e-06,1.2103416268619633e-06,2.9653902971370765e-06,2.830000988472958e-06,-1.1416693651011678e-08
8,369.58986486486486,1.2452223408450008e-06,1.5061432759083707e-06,1.1895967622806888e-06,1.0364128501846938e-06,2.9144252981667144e-06,2.8283840144588286e-06,-1.0608656786686122e-08
8,389.5852564102564,1.1224231734119294e-06,1.3352646950106183e-06,1.0263107668896208e-06,8.906463289893056e-07,2.8743905466021407e-06,2.8238758009854115e-06,-1.0004998700671655e-08
8,409.5810975609756,1.0096218896145073e-06,1.1911004525402453e-06,8.790896736096452e-07,7.679394414862055e-07,2.872610649452844e-06,2.8167577409491295e-06,-9.498921438438996e-09
8,429.57732558139537,9.143269627239393e-07,1.0689310401049031e-06,7.808141456246641e-07,6.642061063881929e-07,2.8598290260509416e-06,2.807364597130799e-06,-9.000340388070054e-09
8,449.5738888888889,8.201704909969175e-07,9.650035751711384e-07,6.593651297794591e-07,5.762048457128318e-07,2.8160005297041194e-06,2.7960237780030557e-06,-8.500500747509847e-09
8,469.5707446808511,7.499509831094356e-07,8.76318707420476e-07,5.782395214919025e-07,5.013485075426736e-07,2.81305193126116e-06,2.783029243876292e-06,-8.064219325530518e-09
8,489.5678571428571,6.902936336201347e-07,8.003798511973596e-07,4.952988965610501e-07,4.374861391539709e-07,2.7963279565848335e-06,2.768633794717993e-06,-7.655550889978493e-09
8,509.56519607843137,6.312856036551491e-07,7.351288840658915e-07,4.277015919816727e-07,3.8284457283670674e-07,2.7875485115761564e-06,2.753041525623818e-06,-7.220511714197599e-09
8,529.5627358490566,5.82253709402859e-07,6.788538166191436e-07,3.58400220385939e-07,3.359484828222359e-07,2.741234465750972e-06,2.736410629155241e-06,-6.691078092365539e-09
8,549.5604545454545,5.392840632535267e-07,6.302459748326159e-07,3.1193696153212903e-07,2.956638703971286e-07,2.734818010479297e-06,2.718853207410081e-06,-6.202442401553846e-09
8,569.5583333333333,5.060818416618243e-07,5.882306650838441e-07,2.846968499693633e-07,2.6105547467604376e-07,2.73638926671388e-06,2.700447132840735e-06,-5.9069356153385405e-09
8,589.5563559322034,4.7440153090278e-07,5.518636911482827e-07,2.3795733749520314e-07,2.3129949382997196e-07,2.712636756769913e-06,2.681239634791485e-06,-5.86551134194512e-09
8,609.5545081967213,4.460584418404269e-07,5.200025290259752e-07,2.0932869280097283e-07,2.0541551614943388e-07,2.6931167274460098e-06,2.6612663879993697e-06,-5.459107679160921e-09
8,629.5527777777778,4.1879656461114824e-07,4.920775710143175e-07,1.8651421702809298e-07,1.8290211443367899e-07,2.670896095076168e-06,2.6405427077343517e-06,-4.9117713337341206e-09
8,649.5511538461539,3.969091478646555e-07,4.6784911823510456e-07,1.5375554012863767e-07,1.6352699992934181e-07,2.6596521647132134e-06,2.619063864491432e-06,-4.874818129155087e-09
8,669.5496268656716,3.7786761224705257e-07,4.4651643492825916e-07,1.3090093436937742e-07,1.4660657895430725e-07,2.6319178029795794e-06,2.5968509911647185e-06,-4.740322440499707e-09
8,689.5481884057971,3.621827717217322e-07,4.2749484518010925e-07,1.1745942825822855e-07,1.316436606174274e-07,2.6177041504000756e-06,2.57393017828846e-06,-4.1666537204002416e-09
8,709.5468309859154,3.453455747848826e-07,4.109734981616681e-07,1.1193187753425512e-07,1.1876108437214168e-07,2.5852477762942494e-06,2.5502702584590544e-06,-4.263579781367362e-09
8,729.5455479452055,3.3315655443209516e-07,3.961521059990894e-07,9.837909865973274e-08,1.0730027618486021e-07,2.570732904668803e-06,2.5259486015394116e-06,-3.955130301684881e-09
8,749.5443333333334,3.233425688318611e-07,3.829484531088393e-07,7.874006936469312e-08,9.717697212128739e-08,2.5400751831582032e-06,2.500970238620658e-06,-3.6300595641539607e-09
8,769.5431818181818,3.1386390010086325e-07,3.713715576411213e-07,7.27724903807564e-08,8.837706976571725e-08,2.509962622916075e-06,2.4753337594987398e-06,-3.771574660875554e-09
8,789.5420886075949,3.0455103348332536e-07,3.607351749688112e-07,6.665285378928878e-08,8.035725233504699e-08,2.4786266549216186e-06,2.44916887690154e-06,-3.232567100770101e-09
8,809.5410493827161,2.962615003963762e-07,3.5149353274695143e-07,5.7551982473085105e-08,7.344810797074861e-08,2.4736994722411536e-06,2.4223925098669604e-06,-3.4490908879286634e-09
8,829.5400602409638,2.897169740930836e-07,3.4291321524475844e-07,4.734883083610123e-08,6.708408879228413e-08,2.4266598001298026e-06,2.3951857111113936e-06,-2.9630419554607415e-09
8,849.5391176470588,2.851004123494528e-07,3.3541702482792137e-07,4.810994013449306e-08,6.156897678124971e-08,2.3898618908496264e-06,2.367457346734994e-06,-3.1261178974363833e-09
8,869.5382183908046,2.802624680695652e-07,3.2844014252285065e-07,3.4518982535779415e-08,5.647618726854016e-08,2.3680656123729978e-06,2.3393826791172043e-06,-2.727185394611756e-09
8,889.5373595505617,2.754976233007728e-07,3.223051626188818e-07,3.253320176137351e-08,5.203197406503594e-08,2.3406759111006524e-06,2.3108845386482324e-06,-2.8626505002315667e-09
8,909.5365384615385,2.7221912516942897e-07,3.165614477146293e-07,3.064691831772363e-08,4.7903554358512194e-08,2.29672311461599e-06,2.2821289247836863e-06,-2.4908073846514028e-09
8,929.535752688172,2.693288852637661e-07,3.115125499727769e-07,3.243944716899417e-08,4.430068550381553e-08,2.272472201285384e-06,2.253036749523719e-06,-2.653100381141807e-09
8,949.535,2.651849363866098e-07,3.0672586308030706e-07,2.7085315801652742e-08,4.091146458022792e-08,2.2475898080453423e-06,2.223781970686755e-06,-2.2623510424032035e-09
8,969.5342783505155,2.619726087218185e-07,3.0254290758323625e-07,2.021853906904374e-08,3.7970068013292505e-08,2.202783917353785e-06,2.194267316897781e-06,-2.462982792770634e-09
8,989.5335858585859,2.6053974103938115e-07,2.985267366802031e-07,2.018354808877491e-08,3.5168155524002865e-08,2.184030079271948e-06,2.1646767566426835e-06,-2.082219755182919e-09
8,1009.5329207920792,2.58489960809281e-07,2.9501492094877807e-07,1.6128275537162208e-08,3.2734562036829027e-08,2.15374567285599e-06,2.134908966148447e-06,-2.2493791561299978e-09
8,1029.532281553398,2.5604920990375595e-07,2.91657762501596e-07,1.8345991329988834e-08,3.0426289228564886e-08,2.1141690420989086e-06,2.1051207396948664e-06,-2.0038266263746165e-09
8,1049.5316666666668,2.5512641246076823e-07,2.8863642715347547e-07,1.4346144904376998e-08,2.836382597499116e-08,2.0817612774142327e-06,2.0752652899115134e-06,-1.9753574486833734e-09
8,1069.5310747663552,2.536224819139869e-07,2.858544101047338e-07,1.1165956547119832e-08,2.6478350995007095e-08,2.0561256247705216e-06,2.04540306283729e-06,-1.977932429942598e-09
8,1089.530504587156,2.51837130453284e-07,2.832123204420352e-07,1.3057375453879934e-08,2.470232155105254e-08,2.02300268900118e-06,2.0155944306709375e-06,-1.719742735685879e-09
8,1109.529954954955,2.501103378327972e-07,2.80885813470182e-07,8.472990124120768e-09,2.3148482635560453e-08,1.9838720041989073e-06,1.9857896604772915e-06,-1.8833121637933666e-09
8,1129.529424778761,2.5019213002499974e-07,2.7861564555951775e-07,1.2278052821558551e-08,2.164520419910569e-08,1.9518698481544304e-06,1.9561124076297974e-06,-1.6394029567677526e-09
8,1149.5289130434783,2.482641199564099e-07,2.765798943736236e-07,9.079381112904604e-09,2.0306781771623643e-08,1.9191213970799036e-06,1.9265085865741394e-06,-1.643567003263226e-09
8,1169.5284188034188,2.4816374566794927e-07,2.74691197224412e-07,6.086758145020747e-09,1.9073794676557968e-08,1.8948183345631993e-06,1.8970301586651357e-06,-1.6702864376845878e-09
8,1189.5279411764707,2.469250304809947e-07,2.7286268170769127e-07,1.4102694056736716e-08,1.789070278496612e-08,1.8696658211980959e-06,1.867730038334303e-06,-1.4234293281609984e-09
8,1209.527479338843,2.464393317232021e-07,2.71256774439247e-07,7.48323907232694e-09,1.6857667881210857e-08,1.8353518924124282e-06,1.8385541610573898e-06,-1.5511835870730746e-09
8,1229.5270325203253,2.452194555897825e-07,2.697007243342404e-07,6.20141190480422e-09,1.586485262308786e-08,1.8047049256520968e-06,1.8095893531219575e-06,-1.4587735942034517e-09
8,1249.5266,2.4434089985943744e-07,2.682322014847546e-07,8.310993625988665e-09,1.493574206870604e-08,1.7644944112766087e-06,1.780833732763083e-06,-1.2979945291492564e-09
8,1269.5261811023622,2.433632151781124e-07,2.669284251549991e-07,3.918340421495158e-09,1.4114789042008533e-08,1.7480134354214556e-06,1.7522637563627912e-06,-1.4219612072383468e-09
8,1289.5257751937984,2.4432053948110815e-07,2.656461152624035e-07,3.164197456678961e-09,1.3314477664024283e-08,1.7174387394240925e-06,1.7239543817078774e-06,-1.2968501630354193e-09
8,1309.5253816793893,2.440379882220917e-07,2.644498075929522e-07,6.616429388275104e-09,1.2573564761977547e-08,1.6835673005703236e-06,1.6958879836880875e-06,-1.1856905108686882e-09
8,1329.525,2.4283382552391155e-07,2.6337802117964424e-07,8.114734926154599e-09,1.1912272249876687e-08,1.654009760397779e-06,1.668054941996059e-06,-1.2932863223012958e-09
8,1349.5246296296295,2.43073930367084e-07,2.623190426678977e-07,4.008142328397453e-09,1.1264867917226487e-08,1.6265748473595436e-06,1.6405158443777651e-06,-1.179797684443578e-09
8,1369.5242700729927,2.419212914381085e-07,2.613267608465722e-07,1.610850871816861e-09,1.0662680383871472e-08,1.599652909647607e-06,1.6132541421074448e-06,-1.0728844176577237e-09
8,1389.5239208633093,2.420271974388969e-07,2.604391437038371e-07,3.230774504021461e-09,1.0125321696179353e-08,1.5787684027285843e-06,1.586258487915988e-06,-1.1724685687090048e-09
8,1409.5235815602837,2.41540677213943e-07,2.595633067601065e-07,6.0331216490892204e-09,9.599910535868577e-09,1.5579066008615362e-06,1.5595796030977238e-06,-1.09730891410944e-09
8,1429.5232517482518,2.415230620484785e-07,2.58726195527775e-07,3.314439172128438e-09,9.101725647811833e-09,1.5210222909559814e-06,1.5332105518340647e-06,-9.666393299170166e-10
8,1449.5229310344828,2.417710962069998e-07,2.5798383985894926e-07,2.784805205178419e-09,8.660309409370954e-09,1.4981793139448552e-06,1.5071298579905707e-06,-1.052578502162783e-09
8,1469.522619047619,2.407504412454785e-07,2.572593796620562e-07,1.5739751637711536e-09,8.23298401360378e-09,1.475028074414836e-06,1.4813790590257084e-06,-1.032723399160475e-09
8,1489.5223154362416,2.4101738611364166e-07,2.565488980635947e-07,1.8390750292936513e-09,7.81781855540251e-09,1.4503378681498328e-06,1.455963676171471e-06,-8.933715927903881e-10
8,1509.5220198675497,2.4037149364287433e-07,2.559135328155237e-07,-2.9708842448884495e-10,7.446961435471055e-09,1.4194074328024546e-06,1.4308581329587654e-06,-9.217944946297028e-10
8,1529.5217320261438,2.3970760188929497e-07,2.553138159562737e-07,1.5467816986871792e-09,7.098408886468184e-09,1.3978656038847666e-06,1.4060845369020187e-06,-9.62213578882631e-10
8,1549.5214516129033,2.4137369773147173e-07,2.547167975322028e-07,-5.18449942348235e-10,6.7550246129247e-09,1.3703968557336076e-06,1.3816606538497226e-06,-8.655360809450633e-10
8,1569.521178343949,2.403624394185719e-07,2.5415789390643545e-07,2.3373158375874695e-09,6.435236347415708e-09,1.3467844082612393e-06,1.357571285692703e-06,-7.976712684845455e-10
8,1589.5209119496856,2.4015112787112474e-07,2.5365525120492495e-07,2.7144195112036867e-09,6.147226297004935e-09,1.3220323422139188e-06,1.3338099540194722e-06,-8.682312469571081e-10
8,1609.520652173913,2.4086529674075625e-07,2.531597525114137e-07,1.2844204679369866e-09,5.865908709357375e-09,1.298565451489712e-06,1.3104007061241202e-06,-8.483870870094709e-10
8,1629.520398773006,2.396385206747705e-07,2.5267173526645766e-07,-1.3489096412465935e-09,5.591521905823315e-09,1.2767981660770412e-06,1.2873433788039308e-06,-7.431032075267386e-10
8,1649.5201515151516,2.401321618098412e-07,2.522289603148607e-07,1.58635496447087e-09,5.3426515843971345e-09,1.2545296272698967e-06,1.2646207089643772e-06,-7.398583400332316e-10
8,1669.5199101796406,2.399317881674961e-07,2.5181778740556076e-07,-1.4685645336122296e-09,5.111743318318667e-09,1.230791951870061e-06,1.2422395444891959e-06,-7.911151824094743e-10
8,1689.519674556213,2.3987416726330106e-07,2.514081081336197e-07,7.951635713054961e-10,4.884168738886674e-09,1.2111128844788255e-06,1.2202125679848672e-06,-7.483759366564122e-10
8,1709.5194444444444,2.3939965481650646e-07,2.5100872765440713e-07,-1.074630317599706e-09,4.664239641388574e-09,1.1852302645636778e-06,1.1985343871340622e-06,-6.574091196346994e-10
8,1729.519219653179,2.392361382414044e-07,2.506504692505292e-07,-5.132485276071456e-10,4.466364204370413e-09,1.1645187177701226e-06,1.177190445155305e-06,-6.808868895271526e-10
8,1749.519,2.392678325292834e-07,2.503104753254526e-07,2.4931634711442867e-10,4.279192059000832e-09,1.1413824877500778e-06,1.156189871120588e-06,-7.150420295026476e-10
8,1769.5187853107345,2.389833812201302e-07,2.4997149543548916e-07,-3.9980932423715934e-10,4.094673475539546e-09,1.1244594704371642e-06,1.1355378512786651e-06,-6.718403812566928e-10
8,1789.5185754189945,2.393854122175914e-07,2.496415401319785e-07,1.5543918263395288e-09,3.9165780802814336e-09,1.103285469530529e-06,1.1152284471297444e-06,-5.937870408141503e-10
8,1809.5183701657459,2.3956532657619274e-07,2.4934488843210987e-07,-1.0418982553589305e-09,3.7558236731173645e-09,1.0876801965517792e-06,1.095249515581e-06,-6.137437782124166e-10
8,1829.518169398907,2.3973669534549667e-07,2.490633299837499e-07,-8.726090266552436e-10,3.60368402314137e-09,1.0635535317818662e-06,1.0756066849959869e-06,-6.460316585580239e-10
8,1849.517972972973,2.401719115928237e-07,2.4878262280087893e-07,-1.7698513571550418e-09,3.453745088857637e-09,1.043326047410365e-06,1.0563025857139676e-06,-6.151011380255275e-10
8,1869.5177807486632,2.388325725447754e-07,2.4850708550090866e-07,-3.927866331261588e-11,3.3079620626757546e-09,1.0294016511691163e-06,1.0373322137547786e-06,-5.456109232544219e-10
8,1889.5175925925926,2.400150531556941e-07,2.482558785172396e-07,6.241733734100072e-10,3.1747497288121247e-09,1.0055659773408345e-06,1.018684963413183e-06,-5.428299628397154e-10
8,1909.5174083769634,2.3883830770122526e-07,2.480222874367123e-07,9.837871880995594e-10,3.0507336745770805e-09,9.886183392406784e-07,1.0003610095226033e-06,-5.813564002306917e-10
8,1929.5172279792746,2.3930804903858956e-07,2.477896568503371e-07,7.247663002921054e-10,2.9286469803073286e-09,9.750651597767577e-07,9.823628826977988e-07,-5.692240494091357e-10
8,1949.5170512820512,2.3918354167531685e-07,2.475585918272765e-07,-3.666005889491631e-10,2.808750010308239e-09,9.561459469889792e-07,9.646865880135753e-07,-5.119285050737665e-10
8,1969.5168781725888,2.393005723833677e-07,2.473419734215737e-07,9.697007863521365e-10,2.6966005939394736e-09,9.368432197387844e-07,9.473234493845287e-07,-4.797883230579841e-10
8,1989.5167085427136,2.380541074514414e-07,2.4714555280982093e-07,-1.6702468848303657e-09,2.59429316992512e-09,9.198031109544298e-07,9.302684845279046e-07,-5.15098953532143e-10
9,30.608333333333334,9.665792839335162e-05,0.00010393694299732232,9.695891397155911e-05,9.49752461307479e-05,2.8647408309728535e-05,2.279293888573004e-05,-9.868625301710728e-07
9,50.165,5.159757309267804e-05,5.734411698036715e-05,5.255504903241655e-05,5.193871402676806e-05,1.7878618631134476e-05,1.3129439885233982e-05,-4.4820787860205915e-07
9,69.975,3.085297850808058e-05,3.561023300160722e-05,3.178118385725884e-05,3.189998547403335e-05,1.2779724396267838e-05,8.88363570449423e-06,-2.858046076992827e-07
9,89.86944444444444,2.0816955246251317e-05,2.416040461425491e-05,2.215686665388833e-05,2.137560663213179e-05,1.0346279527636339e-05,6.899171234752098e-06,-2.2606196551005072e-07
9,109.80227272727272,1.4440574811960109e-05,1.735615332912039e-05,1.5654587407774622e-05,1.51493995156576e-05,8.820029403349754e-06,5.931374182179684e-06,-1.427074462077337e-07
9,129.75576923076923,1.0700359613872856e-05,1.2956179626105105e-05,1.1815229206834554e-05,1.1145235758869691e-05,7.774796165918113e-06,5.466360116023371e-06,-8.650822868081932e-08
9,149.72166666666666,8.10574825428254e-06,9.947595248736435e-06,9.024866119896246e-06,8.423550105010605e-06,7.011596630342796e-06,5.261674905185653e-06,-3.426891188737931e-08
9,169.6955882352941,6.41743891324616e-06,7.800150495512014e-06,7.173062740004566e-06,6.4921915906627555e-06,6.591373365768725e-06,5.188073811230037e-06,-1.6920905144140393e-08
9,189.675,5.107375780438334e-06,6.218302209077773e-06,5.705408579013213e-06,5.07704812554379e-06,6.210200788625903e-06,5.175561268035413e-06,-2.6024459512626526e-08
9,209.65833333333333,4.0831118714719645e-06,5.027529053281476e-06,4.518365143639337e-06,4.016628331904564e-06,5.886976320367335e-06,5.18673082710265e-06,-2.925990311368873e-08
9,229.64456521739132,3.377124011205857e-06,4.1155324875658405e-06,3.7000824483521906e-06,3.2075605863186178e-06,5.696763519118377e-06,5.2020788485622216e-06,-3.008059723106517e-08
9,249.633,2.829307529379137e-06,3.408265737757424e-06,2.9857146588237574e-06,2.582116064087284e-06,5.53889487946171e-06,5.212568583030178e-06,-2.8981523532869183e-08
9,269.6231481481482,2.376887203258033e-06,2.853826904929211e-06,2.4344777430064023e-06,2.0931707798126224e-06,5.425684898625046e-06,5.214703678440151e-06,-2.768865614158686e-08
9,289.6146551724138,2.0441358714710586e-06,2.4158750877500887e-06,2.028956373996552e-06,1.7079386537311835e-06,5.390114422718022e-06,5.20790320894847e-06,-2.6626277965894482e-08
9,309.60725806451615,1.7901831434779089e-06,2.0671250867569364e-06,1.69007321614794e-06,1.4019627517244423e-06,5.312751720136937e-06,5.192863004001257e-06,-2.49437876366002e-08
9,329.6007575757576,1.5417230186216231e-06,1.7877612270006072e-06,1.3704020254848957e-06,1.1575535560225925e-06,5.2661776780979714e-06,5.1707690729407175e-06,-2.3490323735348842e-08
9,349.595,1.3711427789311294e-06,1.5620833093576747e-06,1.1378714993749332e-06,9.607626547261648e-07,5.174663337725192e-06,5.14287351286363e-06,-2.1491198056336288e-08
9,369.58986486486486,1.2017214399692372e-06,1.3791249898842789e-06,9.406659181946109e-07,8.018435399665293e-07,5.158349438700895e-06,5.110228121953735e-06,-1.9980210049410047e-08
9,389.5852564102564,1.0781927837895746e-06,1.2299136332662748e-06,7.560249292467558e-07,6.72838274861997e-07,5.136493783447948e-06,5.073697743953154e-06,-1.8734164038929168e-08
9,409.5810975609756,9.816795609340171e-07,1.1074670379115666e-06,6.43791431538746e-07,5.675541595217846e-07,5.0938309816779955e-06,5.033919246121313e-06,-1.7496556949326107e-08
9,429.57732558139537,8.855873399803783e-07,1.0064773892471556e-06,5.467848199712936e-07,4.812713033964902e-07,5.070154697711665e-06,4.991319631392485e-06,-1.6295580514864627e-08
9,449.5738888888889,8.076878021984864e-07,9.22780099443785e-07,4.4380867506300915e-07,4.1027754794171433e-07,5.030623888791468e-06,4.946172394982186e-06,-1.5173853776473634e-08
9,469.5707446808511,7.485913659739108e-07,8.530716816930253e-07,3.519202469016803e-07,3.5162093241421395e-07,4.994812268239188e-06,4.898643813253833e-06,-1.4147684475502185e-08
9,489.5678571428571,6.920327401232468e-07,7.947298242269078e-07,3.09338654203919e-07,3.029524837907568e-07,4.935155436987007e-06,4.848835621788704e-06,-1.3241816484228824e-08
9,509.56519607843137,6.447823702376896e-07,7.456577013312931e-07,2.6363833430540534e-07,2.6239122501455865e-07,4.912831848546019e-06,4.796821407641252e-06,-1.2463240020054573e-08
9,529.5627358490566,6.07211248804931e-07,7.041084927184729e-07,2.3349908963304685e-07,2.2837354249100598e-07,4.884412178852607e-06,4.7426710742464385e-06,-1.1678614847474037e-08
9,549.5604545454545,5.770559234424066e-07,6.687619810027703e-07,1.8483678631892092e-07,1.997143594169634e-07,4.8144100466953355e-06,4.686464389590928e-06,-1.0944193098443008e-08
9,569.5583333333333,5.50253731951441e-07,6.3849673634316e-07,1.4550815251561225e-07,1.7541613732749714e-07,4.722403149923761e-06,4.6283212378143875e-06,-1.0136534486048663e-08
9,589.5563559322034,5.271660252241755e-07,6.12560750000364e-07,1.237821909916645e-07,1.547988920128944e-07,4.6631307290709655e-06,4.568346987493263e-06,-9.546061019811402e-09
9,609.5545081967213,5.066446155378154e-07,5.90235791106784e-07,1.0730921799205725e-07,1.372243760251989e-07,4.611251873973199e-06,4.506676532335694e-06,-9.169139102407182e-09
9,629.5527777777778,4.902412660667756e-07,5.707709487834915e-07,9.782706419733942e-08,1.220458135702811e-07,4.543985395503236e-06,4.443496962408491e-06,-8.586101452127128e-09
9,649.5511538461539,4.7614027473547994e-07,5.53780341796873e-07,7.737542902647929e-08,1.0892363988624495e-07,4.448427116007306e-06,4.378981183916251e-06,-7.934508860080552e-09
9,669.5496268656716,4.6452630242891326e-07,5.390492705900207e-07,7.360285160044939e-08,9.765293413971646e-08,4.362422046935431e-06,4.313245021217749e-06,-7.710942515705478e-09
9,689.5481884057971,4.5618904167785016e-07,5.260069855145897e-07,5.994721308306736e-08,8.776317108502379e-08,4.297485711977071e-06,4.246516560440905e-06,-7.248797288844817e-09
9,709.5468309859154,4.460119159845294e-07,5.144791124530935e-07,3.5818034624841105e-08,7.9102756353396e-08,4.215431959103533e-06,4.178963623401615e-06,-6.722486679282855e-09
9,729.5455479452055,4.3829662392765744e-07,5.043872431223366e-07,4.610271063589145e-08,7.158752828828867e-08,4.138817680931827e-06,4.110683828004548e-06,-6.59176808124036e-09
9,749.5443333333334,4.3614161937944676e-07,4.952894036933742e-07,4.110386720516576e-08,6.487193385337077e-08,4.060086843031925e-06,4.04192595805223e-06,-6.0760339218404395e-09
9,769.5431818181818,4.2714647379385847e-07,4.872759471795031e-07,2.0980124036194704e-08,5.90089530076796e-08,4.017580758057559e-06,3.972755375792399e-06,-5.8869355047817435e-09
9,789.5420886075949,4.2389437943443046e-07,4.800554081187742e-07,2.398090540922535e-08,5.37712466433962e-08,3.941311492753928e-06,3.903363745882362e-06,-5.564023108447556e-09
9,809.5410493827161,4.2156566694003445e-07,4.7358360726404467e-07,2.5934247841221926e-08,4.9118229250574806e-08,3.8394249641294296e-06,3.833862565653468e-06,-5.256867224812669e-09
9,829.5400602409638,4.161671648851887e-07,4.6778964885176455e-07,2.095935711581063e-08,4.4988036096386305e-08,3.790038154408753e-06,3.764359488827205e-06,-5.094555060422899e-09
9,849.5391176470588,4.134478758626917e-07,4.625091293838665e-07,1.604359137457672e-08,4.125736711676632e-08,3.7108826461808634e-06,3.6950019359217185e-06,-4.736694677373478e-09
9,869.5382183908046,4.1041344797628265e-07,4.5779863817676087e-07,1.8714879718905688e-08,3.795775808036446e-08,3.6421244482518724e-06,3.6258406380921846e-06,-4.658765826051715e-09
9,889.5373595505617,4.107458622979944e-07,4.5345636376019145e-07,1.4773486731085948e-08,3.494336142274254e-08,3.572445400608536e-06,3.557028374026064e-06,-4.31108804079088e-09
9,909.5365384615385,4.09298424417118e-07,4.4957515620118264e-07,1.1596172274724759e-08,3.227165044776265e-08,3.500310860134068e-06,3.4885898226703813e-06,-4.249652001353185e-09
9,929.535752688172,4.077244704133052e-07,4.4598277915034474e-07,1.7537581303222694e-08,2.98210150516008e-08,3.425699441089421e-06,3.4206582927334255e-06,-3.960349034662051e-09
9,949.535,4.052325597767505e-07,4.4274245605612517e-07,-2.470298813934521e-10,2.76284042107203e-08,3.3474905672390127e-06,3.353257389093412e-06,-3.861899761487488e-09
9,969.5342783505155,4.053588001476188e-07,4.397564624350655e-07,7.827279728575117e-09,2.5625864863025532e-08,3.27149327293128e-06,3.2864836655903487e-06,-3.66703022213383e-09
9,989.5335858585859,4.01626803111281e-07,4.3701853347000943e-07,1.075471339390519e-08,2.3803929105511668e-08,3.2150053508523077e-06,3.220378221261627e-06,-3.4993560323327028e-09
9,1009.5329207920792,4.01480664336712e-07,4.345255939750001e-07,8.445055225423846e-09,2.215883955207772e-08,3.1594320564963e-06,3.154989420421085e-06,-3.417554058709222e-09
9,1029.532281553398,4.0054985102367374e-07,4.321911141247528e-07,8.114422117685247e-09,2.0630498771795487e-08,3.0815567277994955e-06,3.0903873939617115e-06,-3.1796647315232373e-09
9,1049.5316666666668,4.002047011239812e-07,4.3009589169651603e-07,4.469433995298823e-09,1.9268277409834708e-08,3.0198334297353244e-06,3.026570384351932e-06,-3.195914236385364e-09
9,1069.5310747663552,3.999284120416097e-07,4.28098582083112e-07,4.18980696421185e-09,1.7981122266538557e-08,2.9450018487986438e-06,2.9636337536222374e-06,-2.931248070736557e-09
9,1089.530504587156,3.9735159757219724e-07,4.263011760026031e-07,1.064513870477403e-09,1.682935786973267e-08,2.886389322951423e-06,2.9015512689961833e-06,-2.9113785385949465e-09
9,1109.529954954955,3.976642359099092e-07,4.246132005784735e-07,3.9216529824435974e-09,1.575659169128866e-08,2.829231815371594e-06,2.840392942606937e-06,-2.7764624551318286e-09
9,1129.529424778761,3.9779604538712145e-07,4.23038604690338e-07,4.331605669230239e-09,1.4762469929341957e-08,2.7689683330449024e-06,2.7801716756546056e-06,-2.6186583708645623e-09
9,1149.5289130434783,3.9467151573349476e-07,4.216132065651823e-07,2.1395746726207677e-09,1.386736021569629e-08,2.6967449927218827e-06,2.72088800423533e-06,-2.6386637352536734e-09
9,1169.5284188034188,3.954818378966888e-07,4.2024148937778036e-07,-6.273617001816711e-10,1.301367333615499e-08,2.626123313886179e-06,2.662602598686683e-06,-2.4347161273768783e-09
9,1189.5279411764707,3.9621940949721253e-07,4.189916472849514e-07,3.3849662117810287e-09,1.2239187547797662e-08,2.5714103679491285e-06,2.6052896163774153e-06,-2.383476247101763e-09
9,1209.527479338843,3.9618863175080435e-07,4.178291140138814e-07,6.247191671459131e-09,1.1523478985101553e-08,2.520468192446709e-06,2.548976773822651e-06,-2.3420855393472053e-09
9,1229.5270325203253,3.9665242878136583e-07,4.167167941586774e-07,4.828911741085886e-09,1.0844067561205265e-08,2.470377115283816e-06,2.4936867983484216e-06,-2.172726273824407e-09
9,1249.5266,3.9645550996116275e-07,4.15709377313149e-07,3.4393445318685766e-09,1.0230666408059831e-08,2.4138307776390137e-06,2.4393951359268253e-06,-2.175329933695684e-09
9,1269.5261811023622,3.9484705092793286e-07,4.147504330421793e-07,1.774579180888869e-09,9.65137973519707e-09,2.3511166616469583e-06,2.386132803545103e-06,-2.089789422341809e-09
9,1289.5257751937984,3.96176468884574e-07,4.1384135957145243e-07,2.3204860219703084e-09,9.105819981061364e-09,2.3049868211540544e-06,2.333897234142283e-06,-1.9593413103964753e-09
9,1309.5253816793893,3.957591296308319e-07,4.1301562261678867e-07,-1.4305850105084491e-09,8.611534734703238e-09,2.2526230758328246e-06,2.2826694012342593e-06,-1.9735909002120683e-09
9,1329.525,3.9511212873588416e-07,4.122220898943634e-07,-6.555759646347525e-09,8.140605182562275e-09,2.20844623113066e-06,2.2324713450782035e-06,-1.8855055158265813e-09
9,1349.5246296296295,3.949559213527118e-07,4.114700861002372e-07,3.196231437915485e-09,7.697079127554504e-09,2.151205232106238e-06,2.183292324193621e-06,-1.773855753334027e-09
9,1369.5242700729927,3.93925546580431e-07,4.107847852764134e-07,5.1253780343761466e-09,7.2937141330910185e-09,2.108672167963089e-06,2.1351130791074273e-06,-1.7847638549572427e-09
9,1389.5239208633093,3.9372369844259264e-07,4.101263888257773e-07,7.96112253905869e-10,6.909419205069248e-09,2.066363784304615e-06,2.0879452194601004e-06,-1.7194964824899825e-09
9,1409.5235815602837,3.9399055115569343e-07,4.094973457701627e-07,2.064225637927045e-09,6.544852439220365e-09,2.01681124828622e-06,2.041777988241467e-06,-1.6133882876214994e-09
9,1429.5232517482518,3.944746359696155e-07,4.089211473586677e-07,-3.1387563331795997e-10,6.211527748452217e-09,1.971868741259591e-06,1.9965898363084378e-06,-1.6070438592190117e-09
9,1449.5229310344828,3.93007855325311e-07,4.083745910887623e-07,-1.264619706569536e-09,5.8973504097818324e-09,1.9277971188809807e-06,1.952380851313781e-06,-1.5843693491471582e-09
9,1469.522619047619,3.93165557136188e-07,4.078435499574183e-07,-3.4536540355887146e-09,5.595039396558538e-09,1.8821894677413776e-06,1.909144996824429e-06,-1.4777867646024596e-09
9,1489.5223154362416,3.9373317460747614e-07,4.073519118855798e-07,-4.800964126716397e-09,5.315833698511413e-09,1.8434090912323306e-06,1.8668590242828343e-06,-1.4395947066622802e-09
9,1509.5220198675497,3.938313973859229e-07,4.0689619921782294e-07,3.3911257523009706e-10,5.0577227302830365e-09,1.801796335353411e-06,1.8255111368887528e-06,-1.4567768336215662e-09
9,1529.5217320261438,3.940384707824527e-07,4.0644729853078794e-07,2.0212568095708056e-10,4.806526448129422e-09,1.7611639836938268e-06,1.785099615203017e-06,-1.3671865346396974e-09
9,1549.5214516129033,3.940291797985897e-07,4.0602503092766743e-07,-1.2201266734961323e-09,4.571210262676927e-09,1.725112310117572e-06,1.7456021477280864e-06,-1.3054863102603244e-09
9,1569.521178343949,3.9188919622286987e-07,4.056368647582276e-07,2.6870665117463183e-09,4.3551523699992475e-09,1.6888388828379954e-06,1.7070002779474555e-06,-1.3174704395866544e-09
9,1589.5209119496856,3.9375386088515924e-07,4.052616521716286e-07,-2.974393888474086e-09,4.148138454182963e-09,1.6501861839217926e-06,1.6692876693665998e-06,-1.2862632475806417e-09
9,1609.520652173913,3.9345282064221517e-07,4.0489725971868706e-07,1.497180959614737e-09,3.9490333984932535e-09,1.6073640185632445e-06,1.6324494383105593e-06,-1.2067415568829475e-09
9,1629.520398773006,3.9383712260519395e-07,4.0455742584896444e-07,2.7764779620061085e-09,3.763843886692705e-09,1.575522395702818e-06,1.5964647053911097e-06,-1.1724268110532604e-09
9,1649.5201515151516,3.922261945169585e-07,4.0424293730484195e-07,-2.7629902704499994e-09,3.592708046817246e-09,1.5399402266867894e-06,1.5613171173215912e-06,-1.1919784388984055e-09
9,1669.5199101796406,3.926918428261262e-07,4.039322996424193e-07,-5.0645787441550855e-09,3.4258330476877623e-09,1.5058326273442983e-06,1.5269983772222488e-06,-1.1363287703692272e-09
9,1689.519674556213,3.942772319427588e-07,4.036356898680185e-07,-2.2474836661691593e-09,3.267493927182804e-09,1.4696079438764502e-06,1.4934889467274e-06,-1.0803044951441368e-09
9,1709.5194444444444,3.943394188566026e-07,4.033587513651691e-07,2.7148065149454466e-09,3.1200818512129487e-09,1.4390845058115492e-06,1.4607703178150486e-06,-1.0615270169290795e-09
9,1729.519219653179,3.9294085495124897e-07,4.0309953004533796e-07,8.485093365106265e-10,2.982479839473289e-09,1.4135259081713586e-06,1.4288270830414177e-06,-1.0738093352658359e-09
9,1749.519,3.9342759885998267e-07,4.0284233684467436e-07,2.8879202893453907e-09,2.8478543167871615e-09,1.3746616507862344e-06,1.3976479614943553e-06,-1.0182476918235986e-09
9,1769.5187853107345,3.938006617074265e-07,4.0259777909776365e-07,-8.655188232412655e-10,2.7205105739062256e-09,1.3451263568510101e-06,1.367213672570279e-06,-9.73549391384079e-10
9,1789.5185754189945,3.937341131857738e-07,4.0236882917055046e-07,9.349685859531147e-10,2.601669906072473e-09,1.314992249421983e-06,1.337506806899039e-06,-9.591034263929421e-10
9,1809.5183701657459,3.9478930827706917e-07,4.021539140051133e-07,8.097137819537947e-09,2.4904331331796907e-09,1.2908132239073444e-06,1.3085120207193576e-06,-9.704332652553158e-10
9,1829.518169398907,3.923480403585215e-07,4.019403988812833e-07,1.5598120078174878e-09,2.3815085742045264e-09,1.264115471640488e-06,1.2802169769036209e-06,-9.248225478256517e-10
9,1849.517972972973,3.9361203110465796e-07,4.017365092014949e-07,-2.2702877463210713e-09,2.278106030595904e-09,1.2325379207191686e-06,1.2526037619090922e-06,-8.850557732266771e-10
9,1869.5177807486632,3.9292253053893013e-07,4.015457177314269e-07,-1.013732821530077e-09,2.181525080221415e-09,1.206972218552637e-06,1.2256557441489983e-06,-8.793628864008889e-10
9,1889.5175925925926,3.933775888474269e-07,4.0138442293821166e-07,1.0224016248812152e-09,2.097483607184923e-09,1.179817180927002e-06,1.1993546353332297e-06,-1.0645699724378601e-09
9,1909.5174083769634,3.9301506100576886e-07,4.012293371672811e-07,1.992585902743933e-09,2.0169782584128674e-09,1.157836374847094e-06,1.173690406183114e-06,-1.250833433639007e-09
9,1929.5172279792746,3.929820079863379e-07,4.010790965102082e-07,2.1435998494248012e-09,1.9395679950921707e-09,1.1307234273165663e-06,1.14864798088842e-06,-1.4201062212002727e-09
9,1949.5170512820512,3.923436790393287e-07,4.0093831753682854e-07,-1.7051627750991312e-09,1.866955936784876e-09,1.1059154854578628e-06,1.1242114383007623e-06,-1.6083017273723075e-09
9,1969.5168781725888,3.9348208771644074e-07,4.0080734946445635e-07,1.2191130739392938e-09,1.7993428956425333e-09,1.0834719253203832e-06,1.1003657226900365e-06,-1.8146188279048566e-09
9,1989.5167085427136,3.928060809279459e-07,4.006783404045348e-07,1.5410404206703233e-09,1.7335570879060816e-09,1.0587815870646053e-06,1.0770985094771875e-06,-1.988108950662756e-09
10,30.608333333333334,0.00013178220073935794,0.00014523212574026843,0.0001390328566278782,0.00013533754049001006,4.62204256901451e-05,3.418835227046086e-05,-2.5834845098547612e-06
10,50.165,6.489655750340749e-05,7.293089097196814e-05,7.018250164301105e-05,6.703377510826142e-05,2.8855397080888086e-05,1.9185247199642758e-05,-1.2496221544301294e-06
10,69.975,3.650414638502927e-05,4.3053784064851425e-05,4.0635348487319025e-05,3.892563775219705e-05,2.145763166282082e-05,1.3956329282224715e-05,-6.382914795810984e-07
10,89.86944444444444,2.2879804828770112e-05,2.793797199184196e-05,2.578800475937161e-05,2.4795783836443705e-05,1.7332213340175478e-05,1.2055140082904012e-05,-3.7564466189582995e-07
10,109.80227272727272,1.5640516802091298e-05,1.9207963262880438e-05,1.813018517855249e-05,1.6696571210648274e-05,1.5326365129490616e-05,1.1427768668291721e-05,-2.2971189179379533e-07
10,129.75576923076923,1.1218865892826377e-05,1.3729815070419729e-05,1.3289745664477588e-05,1.1651229906504888e-05,1.4182068341774596e-05,1.1283541209246388e-05,-1.51203968724787e-07
10,149.72166666666666,8.352367408633057e-06,1.0104335940300878e-05,9.562040659139988e-06,8.332837051146647e-06,1.3310917560332915e-05,1.1293212473595088e-05,-1.0511152981926192e-07
10,169.6955882352941,6.326707305392022e-06,7.620917063975017e-06,7.150690687624408e-06,6.070972304421232e-06,1.2596197271431876e-05,1.132437792301759e-05,-7.57482038177733e-08
10,189.675,4.999500103572053e-06,5.880279464853526e-06,5.2999098088545324e-06,4.491897159023039e-06,1.2252140332030698e-05,1.1330980874305186e-05,-5.82303981495443e-08
10,209.65833333333333,4.047173420670913e-06,4.63673561433494e-06,4.16198419131968e-06,3.3677108862452205e-06,1.2003038118566033e-05,1.130302049916132e-05,-4.459302720453926e-08
10,229.64456521739132,3.248029796336165e-06,3.735722497041154e-06,3.1079942561487738e-06,2.5560639117379597e-06,1.1810034191815126e-05,1.1243509487672927e-05,-3.4955712646966716e-08
10,249.633,2.7368706587974354e-06,3.07437610454848e-06,2.4122910835931637e-06,1.9627436425553686e-06,1.1682902272732297e-05,1.1158702118905697e-05,-2.776074945723556e-08
10,269.6231481481482,2.308835004788805e-06,2.58359673697163e-06,1.8154792011367868e-06,1.5246447278035009e-06,1.1575530642997857e-05,1.105432783626605e-05,-2.3330355986732148e-08
10,289.6146551724138,1.9825713710288037e-06,2.2142914996703985e-06,1.3835129785390209e-06,1.1970297677944108e-06,1.1502862870186648e-05,1.0934705243644876e-05,-1.892659201310063e-08
10,309.60725806451615,1.7401692970894335e-06,1.9341263325343317e-06,1.0957064491580622e-06,9.503623193952224e-07,1.1375052377605586e-05,1.0802553487588179e-05,-1.6200987215333817e-08
10,329.6007575757576,1.535106139849674e-06,1.718571410428714e-06,8.13632178163622e-07,7.622645309017954e-07,1.1137905156868319e-05,1.0659645955931233e-05,-1.3038151500797896e-08
10,349.595,1.3867479029621336e-06,1.5519230053971187e-06,6.336724750778738e-07,6.183128426290057e-07,1.1015116654246127e-05,1.050700935135296e-05,-1.1650473787597956e-08
10,369.58986486486486,1.2580464584483915e-06,1.4210383328786626e-06,5.067538000655368e-07,5.064988069203324e-07,1.0765739578719616e-05,1.0345393563798694e-05,1.13146624797274e-08
10,389.5852564102564,1.1577517037854227e-06,1.3172806168838321e-06,4.1559290016597374e-07,4.1889754448085887e-07,1.0634671043960838e-05,1.0175448655840856e-05,1.5817977322767085e-08
10,409.5810975609756,1.0866279608750207e-06,1.2342687665852665e-06,3.094465668228808e-07,3.4966031289137977e-07,1.0520100388606928e-05,9.997852173524157e-06,1.3311791753391925e-08
10,429.57732558139537,1.0261238324149312e-06,1.1671959678010921e-06,2.3527853928425983e-07,2.944020469969532e-07,1.032929757890643e-05,9.813383739452008e-06,1.1208710397221884e-08
10,449.5738888888889,9.79240230843554e-07,1.112463128683929e-06,2.213598609463343e-07,2.49859936515491e-07,1.0050956729481078e-05,9.622915709438845e-06,9.467875437848889e-09
10,469.5707446808511,9.326587258128695e-07,1.0673747428408596e-06,1.6079064608815772e-07,2.1360860970760405e-07,9.83617925761959e-06,9.427377557309222e-06,8.065317009743109e-09
10,489.5678571428571,9.13786890969617e-07,1.029903336107434e-06,1.391219948440232e-07,1.8383906347347458e-07,9.683220051088134e-06,9.227716666038785e-06,6.9651178930827445e-09
10,509.56519607843137,8.764549918358444e-07,9.98522676736344e-07,8.408406361719331e-08,1.5919991310654483e-07,9.382663722089106e-06,9.024857316533192e-06,6.078057277955751e-09
10,529.5627358490566,8.607195290354744e-07,9.720620142028776e-07,8.889532448660265e-08,1.3866270723944772e-07,9.128202861122741e-06,8.81967826505453e-06,5.309108505322071e-09
10,549.5604545454545,8.471483885352148e-07,9.496221944820768e-07,6.378552578589233e-08,1.214425965923761e-07,8.877151849953467e-06,8.612996142517731e-06,4.5293088167399944e-09
10,569.5583333333333,8.383336633200842e-07,9.304703479767087e-07,4.8585480658745446e-08,1.06909103046586e-07,8.678568644873772e-06,8.405579105485432e-06,3.741757247663606e-09
10,589.5563559322034,8.245224967915748e-07,9.139111354104328e-07,3.759091208496879e-08,9.448173694746852e-08,8.448506593455715e-06,8.198176287819092e-06,3.3604655104140843e-09
10,609.5545081967213,8.16526683152317e-07,8.995595793328886e-07,3.0953100867496434e-08,8.383141991726109e-08,8.209352758161844e-06,7.991395334854805e-06,3.1886655600718563e-09
10,629.5527777777778,8.149105163332538e-07,8.871753221456751e-07,1.8812384776474494e-08,7.474058268556148e-08,7.991664874411408e-06,7.785742651553138e-06,2.6708994959048337e-09
10,649.5511538461539,8.008202330142109e-07,8.763712246355102e-07,3.267196658066606e-08,6.68949033296079e-08,7.809664336130023e-06,7.581754808124283e-06,2.135589151056612e-09
10,669.5496268656716,8.014501555921471e-07,8.667591979818451e-07,2.372993624045254e-08,5.999211290737953e-08,7.52929062261432e-06,7.379940466508731e-06,2.228203238309311e-09
10,689.5481884057971,7.953523215743833e-07,8.583955448120391e-07,2.7890341668336143e-08,5.404874495065408e-08,7.375342077571499e-06,7.180568542537495e-06,1.850987370714234e-09
10,709.5468309859154,7.903095109555796e-07,8.509980677345062e-07,2.0873644070614852e-08,4.884538484263063e-08,7.146364590090554e-06,6.984018259137092e-06,1.4811721125511444e-09
10,729.5455479452055,7.919027081136491e-07,8.443280052864204e-07,2.313743958002548e-08,4.4204550452663704e-08,6.902167777237408e-06,6.7906352700748e-06,1.6328680219859821e-09
10,749.5443333333334,7.864145224297891e-07,8.385170690461875e-07,2.741623875818198e-08,4.019758073885867e-08,6.715406533518609e-06,6.600536278552511e-06,1.126847588053309e-09
10,769.5431818181818,7.849164476169354e-07,8.331995062554998e-07,3.102697725776807e-09,3.656883858194874e-08,6.486451067033814e-06,6.414064408060901e-06,1.2576044143178446e-09
10,789.5420886075949,7.83367308539293e-07,8.285063300170645e-07,2.8334192332395024e-08,3.339395193376383e-08,6.306013252853672e-06,6.231287754701894e-06,1.006102723586882e-09
10,809.5410493827161,7.778712541833774e-07,8.242569791857898e-07,5.493155503375773e-09,3.0544611367955055e-08,6.1262745840427585e-06,6.052398707051458e-06,8.987681799889549e-10
10,829.5400602409638,7.789373629735248e-07,8.20409407797454e-07,-1.1234276090014931e-08,2.798845244631343e-08,5.962789369437136e-06,5.877510285163682e-06,8.911066953069092e-10
10,849.5391176470588,7.821371859608711e-07,8.169689625879486e-07,5.6705765611819125e-09,2.5718979383594696e-08,5.805490897950634e-06,5.706671816882897e-06,6.564946008956746e-10
10,869.5382183908046,7.756412342655404e-07,8.137943328209653e-07,-1.927703848799767e-09,2.3645247501321562e-08,5.629276502949185e-06,5.54000752114886e-06,7.521106572935478e-10
10,889.5373595505617,7.806682414705736e-07,8.109664402616286e-07,8.609112314721435e-09,2.18088220629632e-08,5.464277581128579e-06,5.3774896028320014e-06,5.080886831338668e-10
10,909.5365384615385,7.769122191548673e-07,8.083349622069164e-07,-5.345336660593098e-09,2.011687805142471e-08,5.283800899619244e-06,5.21921077872853e-06,6.058709305742402e-10
10,929.535752688172,7.771563318619458e-07,8.059779779916371e-07,4.681304253865087e-09,1.8609605027697844e-08,5.135785459259923e-06,5.065115341728413e-06,4.231136060779998e-10
10,949.535,7.741054399114169e-07,8.037904672401512e-07,1.4929747058037945e-10,1.722359131864712e-08,4.962970310722978e-06,4.9152411374664445e-06,4.462033912813937e-10
10,969.5342783505155,7.724083204983373e-07,8.017955305852912e-07,-6.457428935435332e-09,1.5967801215817117e-08,4.801339023763793e-06,4.769538934412416e-06,3.9558987463409887e-10
10,989.5335858585859,7.744674489697596e-07,7.999756466255977e-07,1.2992318503485468e-08,1.4829945106795049e-08,4.706626086787302e-06,4.627975608478756e-06,2.8146627313277363e-10
10,1009.5329207920792,7.758949448789829e-07,7.982643892181315e-07,5.715867834714403e-10,1.3770436067645615e-08,4.5371882378456344e-06,4.490530416500694e-06,3.9757948095830383e-10
10,1029.532281553398,7.738087073932568e-07,7.967431396206575e-07,6.62064873057668e-10,1.2831090829872511e-08,4.378734443872757e-06,4.357101622588157e-06,1.5587248992174174e-10
10,1049.5316666666668,7.773470479766502e-07,7.952718231874722e-07,2.6252935380529754e-09,1.1934807938557842e-08,4.2601139723840654e-06,4.22768988112847e-06,3.592446909807707e-10
10,1069.5310747663552,7.760063941986237e-07,7.939757326420605e-07,-6.2081792802945835e-09,1.1145714407065516e-08,4.1224883066274435e-06,4.102160417510061e-06,1.2979621307081246e-10
10,1089.530504587156,7.722842664129754e-07,7.927307227364187e-07,6.386052663493326e-09,1.039722780181527e-08,4.0227988386309295e-06,3.980493533344898e-06,2.1284263912471024e-10
10,1109.529954954955,7.754565081216394e-07,7.915889364087596e-07,1.2992410962318758e-08,9.714665892252634e-09,3.876158628556328e-06,3.862581747160442e-06,1.9900200372978003e-10
10,1129.529424778761,7.730853241057497e-07,7.905487667648331e-07,-7.867187385735608e-09,9.095666564998561e-09,3.7590864556704645e-06,3.7483399708400577e-06,5.3029681469490694e-11
10,1149.5289130434783,7.74929492629391e-07,7.895362983727139e-07,5.179763483433681e-09,8.501946068660994e-09,3.6763858019609493e-06,3.6377111257961283e-06,2.2506105089234825e-10
10,1169.5284188034188,7.730985227872849e-07,7.886419253716602e-07,1.4340350562815832e-08,7.977072990278751e-09,3.556096147508483e-06,3.5305667619653395e-06,4.984238287354456e-11
10,1189.5279411764707,7.720845037587537e-07,7.877826462305223e-07,-6.638133792906445e-09,7.479041577756824e-09,3.4631537628546396e-06,3.42684917948035e-06,6.450257912907598e-11
10,1209.527479338843,7.74984979464923e-07,7.869699233061922e-07,-7.030483119871835e-09,7.0126772697090995e-09,3.3573040708838206e-06,3.3264606122841974e-06,1.5037269415495283e-10
10,1229.5270325203253,7.770032455041352e-07,7.862456394284807e-07,-1.6074083957133537e-09,6.5969790081001945e-09,3.260535089905533e-06,3.2292920185419768e-06,-1.990033513949014e-11
10,1249.5266,7.694025492360697e-07,7.855343938250591e-07,6.264342487823144e-09,6.195397005393417e-09,3.1568701485553575e-06,3.1352781722416554e-06,6.491106731708918e-11
10,1269.5261811023622,7.768665791419183e-07,7.848787523676957e-07,4.3114210770187353e-10,5.82698268028855e-09,3.0589102064919555e-06,3.0443115110506447e-06,5.7173883186786314e-11
10,1289.5257751937984,7.731827678368669e-07,7.843216997103263e-07,-1.4383173445995852e-10,5.5078140411556375e-09,2.9768569804473927e-06,2.956291124388678e-06,-5.06503640003583e-10
10,1309.5253816793893,7.748075258220397e-07,7.83787885538942e-07,-5.563733751236324e-09,5.204080350135038e-09,2.8977693583372924e-06,2.8711481022733152e-06,-1.0149155546822952e-09
10,1329.525,7.754074037076066e-07,7.833020043653927e-07,-1.7323936457736102e-09,4.927358144501066e-09,2.806043297658463e-06,2.7887825010892657e-06,-1.6243680696402882e-09
10,1349.5246296296295,7.721002512815868e-07,7.828557567370876e-07,1.6991006249475363e-09,4.673820080806836e-09,2.738044479781807e-06,2.7091072261366474e-06,-2.274735791498907e-09
10,1369.5242700729927,7.739023316216464e-07,7.824117517934833e-07,-4.413227867452138e-09,4.426356248079711e-09,2.6557121458114137e-06,2.632046835833119e-06,-2.7054058465526594e-09
10,1389.5239208633093,7.7008089300411e-07,7.820037427384218e-07,9.6811310994961e-10,4.199016191759826e-09,2.576395979701547e-06,2.557506720521451e-06,-3.2030741285672096e-09
10,1409.5235815602837,7.734784109988956e-07,7.816323122847696e-07,1.3567379228285969e-09,3.991981496180468e-09,2.5056036007449313e-06,2.4854023536707107e-06,-3.773089593083263e-09
10,1429.5232517482518,7.77813983619596e-07,7.812625285536644e-07,5.456048787068088e-09,3.7898682853772175e-09,2.4281751876225e-06,2.415661888123438e-06,-4.160286398136004e-09
10,1449.5229310344828,7.69705661453077e-07,7.809133974623705e-07,-4.213846612523953e-09,3.6001809222194846e-09,2.3648885448565616e-06,2.348201056571086e-06,-4.5364535692766285e-09
10,1469.522619047619,7.750215500705752e-07,7.806023161822813e-07,-4.858097693241023e-09,3.4300271999474864e-09,2.2907792951571578e-06,2.282937438127601e-06,-5.043541574233891e-09
10,1489.5223154362416,7.74875508648891e-07,7.802949751403339e-07,3.673716485237034e-09,3.2649197649474468e-09,2.2392473681823454e-06,2.2198040774533733e-06,-5.417652937301647e-09
10,1509.5220198675497,7.717208519351516e-07,7.800187799205425e-07,1.150110678975132e-08,3.1148864565604632e-09,2.1755606984885342e-06,2.1587226436738294e-06,-5.951540703820933e-09
10,1529.5217320261438,7.746943195794318e-07,7.798539325671191e-07,3.991269110622189e-09,3.0098314933847436e-09,2.1145331347404126e-06,2.0996069777723598e-06,-7.425455730802672e-09
10,1549.5214516129033,7.702564704756092e-07,7.797047165996278e-07,-5.918823215282428e-09,2.9128381024018776e-09,2.0663349618325145e-06,2.042406352190878e-06,-8.901217188775579e-09
10,1569.521178343949,7.740167675022594e-07,7.795558132815108e-07,-5.4293591886241834e-09,2.8177890997490146e-09,1.9998093957092205e-06,1.987056844757366e-06,-1.0251038463055324e-08
10,1589.5209119496856,7.728058545231656e-07,7.79412629585354e-07,2.734701177631818e-09,2.7267914465630334e-09,1.944492937230173e-06,1.933492122313139e-06,-1.1525727316196138e-08
10,1609.520652173913,7.705721464146791e-07,7.792862242515273e-07,3.5436642468910734e-09,2.644080454658653e-09,1.8924345913204104e-06,1.881646906806285e-06,-1.2821197962929393e-08
10,1629.520398773006,7.750225757278949e-07,7.791612368832158e-07,7.590596379112656e-10,2.56347523712916e-09,1.8410639906049315e-06,1.8314638085100866e-06,-1.4019827544399026e-08
10,1649.5201515151516,7.729325975053402e-07,7.790365421606359e-07,-2.5656740639978472e-09,2.484506650641117e-09,1.7959302362292162e-06,1.7828842316062033e-06,-1.5118411775461716e-08
10,1669.5199101796406,7.724489163981259e-07,7.789213825622964e-07,7.921897130416363e-09,2.4106347790211146e-09,1.7447897603528097e-06,1.735849575432514e-06,-1.6199051244606e-08
10,1689.519674556213,7.713391405368204e-07,7.788162697964295e-07,-9.618820808369946e-10,2.3419217048398154e-09,1.7079027451199707e-06,1.6903050650001768e-06,-1.7271137867685298e-08
10,1709.5194444444444,7.713047428726212e-07,7.78711429804771e-07,9.90529755064934e-10,2.2746071049043015e-09,1.6576741406653787e-06,1.6461997746722437e-06,-1.825851442180978e-08
10,1729.519219653179,7.737318824582811e-07,7.786076659234827e-07,-5.0691331514020935e-09,2.2089619540772754e-09,1.6090462790425048e-06,1.6034825633088877e-06,-1.9173436894988752e-08
10,1749.519,7.758473179031695e-07,7.785606990566762e-07,-1.873412980235895e-09,2.1650183160733327e-09,1.572438443705419e-06,1.5620947573539359e-06,-2.0558438554386805e-08
10,1769.5187853107345,7.747667370000325e-07,7.785502724083141e-07,2.7253544207575306e-10,2.134896221347461e-09,1.528766049171149e-06,1.521993160429918e-06,-2.2221777849733964e-08
10,1789.5185754189945,7.756788624319442e-07,7.785397425338695e-07,3.071054866648392e-09,2.1051952012873865e-09,1.4928476498803509e-06,1.4831386181260747e-06,-2.3813162968472165e-08
10,1809.5183701657459,7.73689104108879e-07,7.785291099074379e-07,8.13089794949666e-10,2.075911839065755e-09,1.4532881863860677e-06,1.4454871397689507e-06,-2.5336094497347617e-08
10,1829.518169398907,7.746819744064922e-07,7.785183750196698e-07,4.0316230486941916e-10,2.0470425532333435e-09,1.416209140043587e-06,1.4089963727318474e-06,-2.6793865774177852e-08
10,1849.517972972973,7.741353896870195e-07,7.785075383997041e-07,-1.461175268790312e-09,2.0185836213340863e-09,1.3793587194267915e-06,1.3736255492609485e-06,-2.818957733952691e-08
10,1869.5177807486632,7.720196719309485e-07,7.784966005612501e-07,-2.496975252170673e-11,1.9905311790040514e-09,1.346502046435033e-06,1.3393354336245542e-06,-2.952614997788929e-08
10,1889.5175925925926,7.741403837105503e-07,7.78485561996913e-07,1.520557274940039e-10,1.962881233816484e-09,1.3162953285824213e-06,1.3060882697633552e-06,-3.08063368020712e-08
10,1909.5174083769634,7.702859450533155e-07,7.784744232152039e-07,-7.433699152104837e-10,1.935629690804997e-09,1.2816728231707942e-06,1.2738477296076392e-06,-3.203273461569025e-08
10,1929.5172279792746,7.745834199612246e-07,7.784631847608019e-07,1.8986384428152555e-09,1.908772371272264e-09,1.2494608783249799e-06,1.2425788622068246e-06,-3.3207794415727796e-08
10,1949.5170512820512,7.74628129371031e-07,7.784518471640151e-07,2.086884381515548e-09,1.8823050098638086e-09,1.2210152888244352e-06,1.2122480437927236e-06,-3.433383072533795e-08
10,1969.5168781725888,7.752200484022534e-07,7.784404109355702e-07,3.7431409187821436e-09,1.8562232648828385e-09,1.1931939038671825e-06,1.1828229288619715e-06,-3.541303041344476e-08
10,1989.5167085427136,7.714621745746737e-07,7.784288766010953e-07,-9.382052933080164e-10,1.8305227389996032e-09,1.1581591933518868e-06,1.1542724023608807e-06,-3.644746105806614e-08
11,30.608333333333334,0.0001811460007076049,0.00021405244817414385,0.00020058305667404407,0.00020189058889176508,8.430937930811562e-05,5.884012662364007e-05,-8.412456672724625e-06
11,50.165,7.784741822113423e-05,9.484063181443879e-05,9.133859829723459e-05,8.722888200463798e-05,5.602357472882835e-05,3.7926319458945e-05,-3.157851870516362e-06
11,69.975,4.124948666001223e-05,5.0888392258147464e-05,4.9400081942503796e-05,4.538201325170421e-05,4.3069488061927235e-05,3.38440300644671e-05,-1.405267887878547e-06
11,89.86944444444444,2.398551300900889e-05,3.0157522642131382e-05,2.8676508316005835e-05,2.584703547092445e-05,3.817443586072753e-05,3.3320402967176215e-05,-7.257743668085397e-07
11,109.80227272727272,1.5765336066437407e-05,1.9126758801138666e-05,1.8317948924123236e-05,1.5536239696548713e-05,3.525148460924823e-05,3.3317505146769533e-05,-4.2674407501359904e-07
11,129.75576923076923,1.0906091534070546e-05,1.2856111501344574e-05,1.1521600296154128e-05,9.710764740003023e-06,3.379083914262795e-05,3.317288965907009e-05,-2.687305961357504e-07
11,149.72166666666666,7.828458002038769e-06,9.13512784439885e-06,7.561345148989645e-06,6.273424496519597e-06,3.334504202796004e-05,3.2818683012125234e-05,-1.8111337634402715e-07
11,169.6955882352941,6.048871790517067e-06,6.8504311019510526e-06,4.917366620662849e-06,4.176730410343876e-06,3.311975364601558e-05,3.230140383204644e-05,-1.2636750882262974e-07
11,189.675,4.809460937948282e-06,5.405784195678099e-06,3.4045778666517643e-06,2.8622846203407434e-06,3.22973765183831e-05,3.1668147921529195e-05,-9.299268287148125e-08
11,209.65833333333333,3.998184367318482e-06,4.464598445625522e-06,2.220359171493421e-06,2.0153885253057272e-06,3.1256308016824815e-05,3.0949214317260815e-05,-6.898232190823219e-08
11,229.64456521739132,3.3785179277601746e-06,3.835359440303185e-06,1.4875409281359773e-06,1.4568395867312408e-06,3.067192761324639e-05,3.0162556564258555e-05,-5.299047532803177e-08
11,249.633,2.969853681590011e-06,3.4030834459769844e-06,9.559229638918927e-07,1.0791131131809957e-06,2.9629579532522032e-05,2.9321012226912563e-05,-4.1070322731080794e-08
11,269.6231481481482,2.7397065737855674e-06,3.0986650497303896e-06,6.664828193080965e-07,8.176263032219155e-07,2.8890667973447272e-05,2.8435231247845957e-05,-3.2524461194505385e-08
11,289.6146551724138,2.5394810535649403e-06,2.8792999227147684e-06,4.2797001949493676e-07,6.324629880160366e-07,2.8066492183156006e-05,2.751499258328708e-05,-2.736534896032939e-08
11,309.60725806451615,2.394586561732992e-06,2.7166552344288153e-06,3.904020872982578e-07,4.975338118007568e-07,2.7102369706276477e-05,2.657069050396274e-05,-1.9446713310513527e-08
11,329.6007575757576,2.3031503984924443e-06,2.5945425027800916e-06,2.848420897404673e-07,3.979560664759939e-07,2.5838185746044738e-05,2.561197588037692e-05,1.5737619372961328e-08
11,349.595,2.224234944912104e-06,2.500666552554336e-06,2.5131801089491555e-07,3.2268400550627667e-07,2.471622779223932e-05,2.464806780176599e-05,1.2403782129474301e-08
11,369.58986486486486,2.169054323986143e-06,2.4272533880011155e-06,1.6344746529884316e-07,2.647762914759035e-07,2.3744947920968907e-05,2.3686736950062003e-05,1.0294719204198473e-08
11,389.5852564102564,2.1558476036275e-06,2.3691053985052537e-06,1.1046438920290693e-07,2.1963373298862472e-07,2.2836711599465682e-05,2.273454280206686e-05,8.627123969002076e-09
11,409.5810975609756,2.129535265568521e-06,2.322489986048105e-06,2.1270428062572923e-08,1.8400171180134433e-07,2.1723530005334527e-05,2.1797027466009994e-05,7.02434898797663e-09
11,429.57732558139537,2.1047177398085857e-06,2.2846228493137947e-06,5.378575384382121e-08,1.5549861844651064e-07,2.079405045689203e-05,2.087877584368205e-05,5.717563580503605e-09
11,449.5738888888889,2.0719638524479957e-06,2.2535189887624016e-06,2.3462352642878818e-08,1.3244002833895438e-07,1.978937423695423e-05,1.998337939445906e-05,4.7037978253164156e-09
11,469.5707446808511,2.061881039962392e-06,2.227738796380123e-06,-1.4510839930993503e-08,1.1360972054133825e-07,1.8961006544516167e-05,1.9113562872290357e-05,3.845028268816419e-09
11,489.5678571428571,2.0410067040638614e-06,2.2061761127712484e-06,4.424405443156387e-08,9.808309267806322e-08,1.8097290835500028e-05,1.827135438922783e-05,3.1493301716154536e-09
11,509.56519607843137,2.0628463555221764e-06,2.1879724606412985e-06,1.0398269925935694e-08,8.515409043441509e-08,1.7126207014342763e-05,1.7458206533961203e-05,2.7329340031204537e-09
11,529.5627358490566,2.059429855254888e-06,2.172511278443814e-06,9.445546379049103e-10,7.431563355079268e-08,1.631165974319273e-05,1.6675055385002393e-05,2.430823455743178e-09
11,549.5604545454545,2.04003716446902e-06,2.159307830527678e-06,1.8332461876965278e-08,6.517409250124809e-08,1.568521620586445e-05,1.5922430918338756e-05,2.122445256666396e-09
11,569.5583333333333,2.0389190517173e-06,2.14797816570321e-06,1.589902076801793e-08,5.742199299782652e-08,1.495269537221631e-05,1.5200519464954267e-05,1.7225748121745483e-09
11,589.5563559322034,2.035078151237513e-06,2.1382121653042903e-06,-6.003917392825265e-08,5.0813420854210236e-08,1.4155799645377902e-05,1.4509225170070784e-05,1.1569105988931584e-09
11,609.5545081967213,2.0416063006152636e-06,2.1296398409863474e-06,-2.0697337686072777e-08,4.508297211227436e-08,1.3682287457525194e-05,1.3848282982573613e-05,1.199020397746674e-09
11,629.5527777777778,2.0393736613931003e-06,2.122165130434281e-06,4.863691557752329e-08,4.0141352610779955e-08,1.2974364396513162e-05,1.3217104869774528e-05,1.1685872223892577e-09
11,649.5511538461539,2.0289919423082236e-06,2.1156681053080394e-06,-1.4554265273976738e-08,3.588820369254963e-08,1.2402049996940188e-05,1.2614986647740086e-05,7.225793728937524e-10
11,669.5496268656716,2.0346424292102107e-06,2.1099113057418265e-06,1.3481829962924726e-08,3.216037761323337e-08,1.1813865740526753e-05,1.2041190726341698e-05,4.771329945401766e-10
11,689.5481884057971,2.0305277035204476e-06,2.1049298306693245e-06,1.3488020380902328e-08,2.893828265837726e-08,1.1260576917659389e-05,1.1494793607155657e-05,-1.252520762340014e-09
11,709.5468309859154,2.0317007646891055e-06,2.100645128400216e-06,-8.631218937533867e-10,2.6173026156431226e-08,1.0722841438844022e-05,1.0974805285626243e-05,-4.09376490936143e-09
11,729.5455479452055,2.0347937152633266e-06,2.096744916572555e-06,2.3531517378292723e-08,2.368862560428365e-08,1.0239568714653903e-05,1.0480321554048907e-05,-6.046522021047151e-09
11,749.5443333333334,2.0325236980002933e-06,2.093289963769011e-06,-1.1201669711305629e-08,2.150682244256021e-08,9.749825393524112e-06,1.0010254891111712e-05,-8.042149659688021e-09
11,769.5431818181818,2.0357657037407403e-06,2.090220759214092e-06,-2.7192048676761817e-08,1.958389692112061e-08,9.310290241789398e-06,9.56357210098165e-06,-1.0103983400999223e-08
11,789.5420886075949,2.030109864627672e-06,2.087392755543005e-06,-1.9419391516639946e-08,1.783804626751265e-08,8.915012809993572e-06,9.139270043009067e-06,-1.1424269552895371e-08
11,809.5410493827161,2.022702490316506e-06,2.0849242524205493e-06,-3.9051714013884206e-08,1.6320060684465033e-08,8.538866763922809e-06,8.73625696317537e-06,-1.3306896920152327e-08
11,829.5400602409638,2.0384546209337524e-06,2.082606565467182e-06,-9.225773939966183e-09,1.491985192697531e-08,8.186748466129753e-06,8.353582433840101e-06,-1.4315108861871081e-08
11,849.5391176470588,2.029464355895642e-06,2.080587321726357e-06,-3.082070305707035e-08,1.3703091538150159e-08,7.77720117749833e-06,7.990191581222923e-06,-1.5929196670641618e-08
11,869.5382183908046,2.024593898766315e-06,2.0786759345296534e-06,-2.3738257817754324e-09,1.2572945833138666e-08,7.455290534592816e-06,7.645175623808e-06,-1.6757849695983155e-08
11,889.5373595505617,2.031558664749068e-06,2.0770075241827918e-06,-1.03310342044133e-08,1.1588317127630861e-08,7.111472906631369e-06,7.317550192987464e-06,-1.8148261357440696e-08
11,909.5365384615385,2.0267258174334843e-06,2.0755100540102907e-06,-9.053679040974289e-09,1.070543360080899e-08,6.808496918042749e-06,7.006442624271239e-06,-1.9924735499392884e-08
11,929.535752688172,2.026539380759538e-06,2.074537274771506e-06,8.477613398186765e-09,1.0065386107294099e-08,6.49935479750331e-06,6.7109085002189685e-06,-2.6008366793864406e-08
11,949.535,2.0324938297957976e-06,2.073631810108749e-06,1.6793997131966083e-08,9.471787844786934e-09,6.222307326322413e-06,6.4302172552115764e-06,-3.161370631509046e-08
11,969.5342783505155,2.0418446075465724e-06,2.072841342869688e-06,-8.455392958871162e-09,8.94671172285106e-09,6.018469480774357e-06,6.163553942303458e-06,-3.71650688087758e-08
11,989.5335858585859,2.0202093696749406e-06,2.072076748982791e-06,1.9307424753007015e-09,8.447859910851963e-09,5.770871080410948e-06,5.910184918161262e-06,-4.19902272468222e-08
11,1009.5329207920792,2.0359495589021183e-06,2.0714012575715808e-06,-1.7996460703432102e-08,8.001950099222244e-09,5.521439318243586e-06,5.669371081182743e-06,-4.673682099904957e-08
11,1029.532281553398,2.0358150623134008e-06,2.0707599126467008e-06,-1.661465426779162e-08,7.583342030404439e-09,5.278049666849778e-06,5.4404414309368025e-06,-5.099295930450625e-08
11,1049.5316666666668,2.0344060565484508e-06,2.070167378576396e-06,-1.307825404491336e-08,7.197157630013551e-09,5.068286084579969e-06,5.222742567310395e-06,-5.496739208191857e-08
11,1069.5310747663552,2.0371866609047697e-06,2.0696321077780452e-06,-1.6227835632831032e-08,6.8457891556198605e-09,4.865215165409745e-06,5.015657443549253e-06,-5.8797237119253345e-08
11,1089.530504587156,2.0230670516958814e-06,2.0691102060114275e-06,4.943924537229965e-09,6.509821091604793e-09,4.682901740715883e-06,4.818614086848385e-06,-6.214024038521177e-08
11,1109.529954954955,2.0308382526007958e-06,2.068653979069539e-06,6.696407526119983e-09,6.209839871774701e-09,4.476689751793426e-06,4.631051554281675e-06,-6.553489174488302e-08
11,1129.529424778761,2.032140002252491e-06,2.068208679552513e-06,-1.5925607390363244e-08,5.922705502839846e-09,4.316638198413453e-06,4.452462111252865e-06,-6.851414766604814e-08
11,1149.5289130434783,2.0276336792344394e-06,2.067974591832702e-06,-3.36396537471618e-09,5.725703645469807e-09,4.150148673541904e-06,4.282319240331763e-06,-7.331601150519608e-08
11,1169.5284188034188,2.0354366478219554e-06,2.067956924053425e-06,-9.348660670348263e-10,5.617085854822226e-09,4.025718953936267e-06,4.12016401366492e-06,-8.003363376362239e-08
11,1189.5279411764707,2.0323626702274865e-06,2.067938968728606e-06,2.5476411442426435e-09,5.51086046287156e-09,3.862387004531588e-06,3.965601814916563e-06,-8.633780869924774e-08
11,1209.527479338843,2.0367911942462098e-06,2.0679207268244813e-06,-5.117977688798276e-09,5.40698451539848e-09,3.712610527353904e-06,3.818221657202933e-06,-9.225866988317752e-08
11,1229.5270325203253,2.020924251595421e-06,2.0679021992401882e-06,1.6834593808574023e-08,5.3054141124951304e-09,3.5758809729021497e-06,3.6776365335792863e-06,-9.782370319427528e-08
11,1249.5266,2.023417313388141e-06,2.0678833867777353e-06,5.975499448627662e-09,5.206104644407516e-09,3.436333090645583e-06,3.5434820912088393e-06,-1.0305801643070483e-07
11,1269.5261811023622,2.026537686501728e-06,2.0678642903050043e-06,-1.3181893098504971e-08,5.109011058884391e-09,3.3128523357952683e-06,3.415415349388303e-06,-1.0798457804967151e-07
11,1289.5257751937984,2.028336758701437e-06,2.0678449108347137e-06,1.3650832502543774e-08,5.0140880732476326e-09,3.204651779816073e-06,3.2931134663190555e-06,-1.1262443009142229e-07
11,1309.5253816793893,2.035359901538564e-06,2.0678252493167348e-06,-5.27163797013335e-10,4.921290278364361e-09,3.093174562537258e-06,3.1762725582719164e-06,-1.1699687377252016e-07
11,1329.525,2.0353745365468644e-06,2.0678053066121625e-06,3.5581421994375823e-09,4.830572280803643e-09,2.975500914475907e-06,3.0646065734721534e-06,-1.211196366480081e-07
11,1349.5246296296295,2.035577974096878e-06,2.0677850836419105e-06,1.0732680944039122e-08,4.741888875350535e-09,2.8718940470677098e-06,2.9578462218194516e-06,-1.2500902257218405e-07
11,1369.5242700729927,2.0303102669783786e-06,2.0677645814649072e-06,-1.300334756740186e-08,4.655195176350193e-09,2.7753615383189504e-06,2.8557379604006242e-06,-1.2868004465895983e-07
11,1389.5239208633093,2.0289918687919048e-06,2.067743801079516e-06,3.316021152047331e-09,4.570446656738749e-09,2.6763427470578988e-06,2.758043033789637e-06,-1.321465433478053e-07
11,1409.5235815602837,2.024397383837599e-06,2.06772274340397e-06,-7.853962970276062e-09,4.487599227107609e-09,2.58535080067663e-06,2.6645365674337023e-06,-1.3542129213110602e-07
11,1429.5232517482518,2.0273054244914716e-06,2.0677014094129735e-06,-2.528985732194367e-09,4.406609343426509e-09,2.49929439113117e-06,2.575006712153823e-06,-1.385160944106413e-07
11,1449.5229310344828,2.033898525703552e-06,2.0676798002077824e-06,3.4175482272389603e-09,4.327434082672726e-09,2.404881185979211e-06,2.489253837739144e-06,-1.414418694179116e-07
11,1469.522619047619,2.0256679860867443e-06,2.067657916836844e-06,-3.1411525895312175e-09,4.2500311439163166e-09,2.330674386887406e-06,2.407089773685761e-06,-1.4420872828371113e-07
11,1489.5223154362416,2.0304238946170624e-06,2.067635760273842e-06,1.2438412607069581e-08,4.174358885012389e-09,2.254690063783127e-06,2.3283370951896704e-06,-1.4682604327970515e-07
11,1509.5220198675497,2.0281326564412724e-06,2.0676133315441023e-06,8.318973794125926e-09,4.100376388134082e-09,2.1869590094064605e-06,2.2528284525819194e-06,-1.4930251133194096e-07
11,1529.5217320261438,2.030958539273155e-06,2.067590631793895e-06,1.4186434427720644e-09,4.0280435014172734e-09,2.1066930614303353e-06,2.1804059423676035e-06,-1.5164621163139827e-07
11,1549.5214516129033,2.0262301273734923e-06,2.067567662118743e-06,5.79952217810981e-09,3.957320816030566e-09,2.0457100963139912e-06,2.110920517933175e-06,-1.5386465529038418e-07
11,1569.521178343949,2.028863378770559e-06,2.06754442354524e-06,-2.1943246391108296e-09,3.888169678219295e-09,1.9775762424651714e-06,2.0442314378522035e-06,-1.5596483153133072e-07
11,1589.5209119496856,2.032151110043575e-06,2.067520917149377e-06,-6.55858745370775e-09,3.8205522281573e-09,1.9270104187808376e-06,1.9802057496855843e-06,-1.5795325078848158e-07
11,1609.520652173913,2.0387523789680936e-06,2.067497144119659e-06,-1.13795026191057e-09,3.754431419404137e-09,1.86167325678882e-06,1.918717807174132e-06,-1.5983598396164298e-07
11,1629.520398773006,2.025914644109007e-06,2.0674731055985036e-06,-7.335047612094775e-09,3.6897709843292975e-09,1.8066915842764484e-06,1.8596488187676331e-06,-1.6161869515595562e-07
11,1649.5201515151516,2.0299094523179874e-06,2.067448802664442e-06,-4.2478389945717467e-10,3.6265354310067444e-09,1.753974298860005e-06,1.8028864254977893e-06,-1.6330667364538132e-07
11,1669.5199101796406,2.029452254818108e-06,2.0674242364419167e-06,-1.4355521892228606e-09,3.5646900650242705e-09,1.6948095694758097e-06,1.7483243063382132e-06,-1.6490486343586369e-07
11,1689.519674556213,2.0334219730748225e-06,2.0673994081614033e-06,-7.283281819542381e-09,3.504200996031461e-09,1.6416095941783861e-06,1.695861809322042e-06,-1.6641789029279158e-07
11,1709.5194444444444,2.0345178998512643e-06,2.067374319010876e-06,-9.347835608559725e-09,3.445035097702849e-09,1.587883206556242e-06,1.645403606805488e-06,-1.6785008456129768e-07
11,1729.519219653179,2.0335096999372396e-06,2.0673489701179185e-06,4.844264873292118e-09,3.387159996110036e-09,1.5403709290659585e-06,1.5968593733593978e-06,-1.6920550256798885e-07
11,1749.519,2.0307376802570514e-06,2.067323362655082e-06,8.650060822698344e-10,3.3305440817778096e-09,1.4938414392152678e-06,1.5501434848965217e-06,-1.7048794815124783e-07
11,1769.5187853107345,2.023315922788699e-06,2.067297497893921e-06,2.223823320778083e-09,3.275156508233791e-09,1.4520955692591274e-06,1.5051747377386519e-06,-1.7170099152012588e-07
11,1789.5185754189945,2.029614140344306e-06,2.0672713770660096e-06,-2.0615950093938134e-09,3.220967150858107e-09,1.414432439001704e-06,1.4618760863928778e-06,-1.7284798463993591e-07
11,1809.5183701657459,2.028315454758499e-06,2.0672450013474067e-06,-5.006338734420779e-10,3.1679465916526853e-09,1.3690168562634017e-06,1.4201743988327275e-06,-1.739320767653482e-07
11,1829.518169398907,2.0360219548857918e-06,2.0672183719552407e-06,-3.4257934504406663e-09,3.1160661249173162e-09,1.3321073291981004e-06,1.3800002281225088e-06,-1.7495622966164717e-07
11,1849.517972972973,2.033021027604867e-06,2.0671914902021136e-06,-6.037301348603385e-09,3.065297752821522e-09,1.296897801183517e-06,1.3412875992489769e-06,-1.759232312435553e-07
11,1869.5177807486632,2.028652938103439e-06,2.067164357362355e-06,2.2661022145422783e-09,3.0156141450930883e-09,1.2601049438679507e-06,1.3039738100519845e-06,-1.7683570627312067e-07
11,1889.5175925925926,2.0282328628735712e-06,2.0671369746579394e-06,-5.801435614022332e-10,2.9669886228301273e-09,1.227685449185289e-06,1.267999245178109e-06,-1.776961273891719e-07
11,1909.5174083769634,2.0336678052360504e-06,2.0671093433503017e-06,1.1763758688764489e-09,2.919395161389716e-09,1.189752758819511e-06,1.23330720206697e-06,-1.785068262215285e-07
11,1929.5172279792746,2.0277200393391287e-06,2.0670814647905924e-06,-6.907580357974921e-09,2.872808384421139e-09,1.1612223753281591e-06,1.199843728077179e-06,-1.7927000354934266e-07
11,1949.5170512820512,2.027836878823006e-06,2.0670533402943166e-06,-3.802500099326377e-09,2.827203526672762e-09,1.1234306062745492e-06,1.1675574679620795e-06,-1.7998773662398046e-07
11,1969.5168781725888,2.0399945366184683e-06,2.0670249711284016e-06,-3.030362814654124e-09,2.7825564184616688e-09,1.0975795774445477e-06,1.1363995209944846e-06,-1.806619870948004e-07
11,1989.5167085427136,2.0348334815316828e-06,2.0669963585967453e-06,1.408935416197084e-09,2.7388434871764525e-09,1.0659384149967283e-06,1.1063233071344576e-06,-1.8129460945534744e-07
12,30.608333333333334,0.00031380821044709405,0.0004362324465854857,0.0003679811464251289,0.0004033672965126768,0.0003066447991028507,0.00026418151088351756,-4.7384564817340175e-05
12,50.165,0.00010942786999256807,0.00014886590750427142,0.000126315370351306,0.00012615722940899278,0.00024024295932942343,0.0002476654857878708,-1.203489649115577e-05
12,69.975,5.313038213547058e-05,6.68141091236582e-05,5.353371662562902e-05,4.8197877100391265e-05,0.00022056748062996906,0.0002421743615640359,-4.579386521079128e-06
12,89.86944444444444,3.1295690152391146e-05,3.78436096111553e-05,2.3341295488256096e-05,2.0999033513476445e-05,0.00020923047587231467,0.0002317203038750067,-2.173777374860727e-06
12,109.80227272727272,2.182280491757417e-05,2.6226644349317757e-05,1.0315830029473527e-05,1.0283465568456588e-05,0.00019642611360845593,0.000218540694420827,-1.1860927630646588e-06
12,129.75576923076923,1.7603292928810346e-05,2.101582640539746e-05,5.058315432329987e-06,5.611080390293199e-06,0.0001839540943267445,0.00020416148959055878,-7.165092878692669e-07
12,149.72166666666666,1.5379763600651256e-05,1.8406673616195087e-05,1.6291669470865186e-06,3.3489206987998673e-06,0.00017137990235644663,0.00018926907819547407,-4.6513617595770086e-07
12,169.6955882352941,1.4459257055079283e-05,1.6967899561885395e-05,8.400252283267904e-07,2.1419283963085803e-06,0.00015764271000869875,0.00017439604108996227,-3.214558652403718e-07
12,189.675,1.3972189263264115e-05,1.6109014339099828e-05,3.0093154847959724e-07,1.4433253108415403e-06,0.00014229164436424578,0.00015996523292785631,-2.3053852468536934e-07
12,209.65833333333333,1.3734678898630905e-05,1.5564732779402382e-05,5.978038180741609e-07,1.0140839585262963e-06,0.00012857863794128312,0.00014625987075503254,-1.7431652700358087e-07
12,229.64456521739132,1.3495119846160836e-05,1.5201957987574662e-05,8.837773169775456e-07,7.366294311226226e-07,0.0001183391837955583,0.00013343511637626897,-1.3536808828027137e-07
12,249.633,1.3307916262562552e-05,1.4950787360983516e-05,1.6529029184079708e-07,5.498960550849671e-07,0.00010689441271558104,0.00012155721590312727,-1.0892114328020369e-07
12,269.6231481481482,1.339239996884231e-05,1.4771080438007193e-05,4.69845637993315e-07,4.196478820476229e-07,9.762741760611032e-05,0.00011064005986645917,-8.986813171510551e-08
12,289.6146551724138,1.3274065283331194e-05,1.4638853295332553e-05,8.032663914547515e-07,3.260180127742341e-07,8.838111479734857e-05,0.0001006639891668012,-7.465535687219738e-08
12,309.60725806451615,1.329344064612543e-05,1.4542212974962413e-05,-2.550968255006632e-07,2.5834713020386786e-07,8.038029609401778e-05,9.158702666086005e-05,-9.760603069434263e-08
12,329.6007575757576,1.3330479194672212e-05,1.4471913683460987e-05,5.349211593946898e-08,2.0890494397122474e-07,7.258545299357326e-05,8.335573806660888e-05,-1.6754718775756832e-07
12,349.595,1.3305667242174682e-05,1.4417171097580271e-05,-4.7110457973522e-08,1.7098003685513943e-07,6.600640894419036e-05,7.59102898000831e-05,-2.101304856604554e-07
12,369.58986486486486,1.3207979237480747e-05,1.4374001474549393e-05,2.3928520507857048e-08,1.4151762363201828e-07,5.965218301323093e-05,6.918746985793067e-05,-2.4490189445764885e-07
12,389.5852564102564,1.3301925082603728e-05,1.4339329501881757e-05,-3.228146747128027e-07,1.1823395987815476e-07,5.466920001267225e-05,6.312460322622678e-05,-2.890815206318618e-07
12,409.5810975609756,1.331039285879965e-05,1.4311181872432181e-05,-1.1493896786906085e-07,9.964046720043359e-08,5.029600710139572e-05,5.766096665087831e-05,-3.256441728728094e-07
12,429.57732558139537,1.3280832079464891e-05,1.4288100929919126e-05,3.7215534308946226e-08,8.464780070748335e-08,4.59484761723089e-05,5.273904159219201e-05,-3.5629291106162625e-07
12,449.5738888888889,1.3281731103997038e-05,1.4268995186081132e-05,-3.105314372314605e-07,7.2448164104259e-08,4.1855434236383936e-05,4.83051098760048e-05,-3.822055088782953e-07
12,469.5707446808511,1.3216680449937524e-05,1.4253042840762261e-05,2.287105262137626e-08,6.243798060104562e-08,3.826720035878712e-05,4.430954215321631e-05,-4.042653106662522e-07
12,489.5678571428571,1.328611598775002e-05,1.4239619257890558e-05,7.652668327707447e-08,5.416141539899501e-08,3.539149151445173e-05,4.0706884876478304e-05,-4.231858145998224e-07
12,509.56519607843137,1.3289916072651314e-05,1.4228247218245585e-05,4.4994988763586924e-08,4.727162694751266e-08,3.238184498696764e-05,3.745580911878839e-05,-4.395810158940886e-07
12,529.5627358490566,1.3252562742226737e-05,1.4218610302973416e-05,7.062610132127409e-08,4.1523349203260355e-08,3.008568161738908e-05,3.451895509213484e-05,-4.5462855538419036e-07
12,549.5604545454545,1.3244948860826295e-05,1.4214932699253702e-05,-3.914544209907108e-08,3.853313560401511e-08,2.7586993278727633e-05,3.186192990202112e-05,-5.255954262669082e-07
12,569.5583333333333,1.3288994479211539e-05,1.421487641641411e-05,3.708518632110642e-08,3.7143374322896276e-08,2.5512766122617e-05,2.9455215348409188e-05,-6.270502666698267e-07
12,589.5563559322034,1.3218452744507584e-05,1.4214818151387867e-05,2.9334986663388343e-08,3.581777712230752e-08,2.3623912563007993e-05,2.727261083276702e-05,-7.165323344642967e-07
12,609.5545081967213,1.331769561175916e-05,1.4214757905707056e-05,7.423255370816549e-09,3.455366582628262e-08,2.2186455983813215e-05,2.5290168273652496e-05,-7.957602888794828e-07
12,629.5527777777778,1.3280494061429627e-05,1.4214695681844273e-05,1.2888710112742097e-07,3.3348323495107906e-08,2.0579246955817243e-05,2.348664058130254e-05,-8.661614010049588e-07
12,649.5511538461539,1.3248991070252716e-05,1.4214631484205021e-05,2.080547253848113e-07,3.2199030854502076e-08,1.9044834544472637e-05,2.1843201880546044e-05,-9.289280325552288e-07
12,669.5496268656716,1.3273876793768e-05,1.4214565316176461e-05,-4.962969072116209e-08,3.1103095170584976e-08,1.7760545591493516e-05,2.034318490492693e-05,-9.850618389079341e-07
12,689.5481884057971,1.3255859038248412e-05,1.4214497179844001e-05,8.981406818112947e-08,3.005787434811962e-08,1.6640578002341932e-05,1.8971838331227888e-05,-1.035408662772223e-06
12,709.5468309859154,1.3266449043502636e-05,1.4214427078112868e-05,-4.410459526774849e-08,2.9060798148089086e-08,1.539458484939366e-05,1.771610519657305e-05,-1.0806863245206286e-06
12,729.5455479452055,1.3219274157017111e-05,1.4214355015599771e-05,-2.6035062195967075e-08,2.810938288150502e-08,1.4376097055756384e-05,1.6564422573395403e-05,-1.1215068395408067e-06
12,749.5443333333334,1.324211973204337e-05,1.4214280996043463e-05,-6.155300990197027e-08,2.720124081809789e-08,1.3494508134328522e-05,1.5506542194690648e-05,-1.1583942952605551e-06
12,769.5431818181818,1.3278751830963307e-05,1.4214205022047333e-05,-7.884373064670614e-09,2.6334089329093838e-08,1.2649647660606459e-05,1.4533370977010368e-05,-1.1917993455336462e-06
12,789.5420886075949,1.329173054970975e-05,1.4214127096918801e-05,9.987323069141317e-08,2.550575594133346e-08,1.1823606280016368e-05,1.3636829923964278e-05,-1.2221110374496356e-06
12,809.5410493827161,1.3294736328218969e-05,1.4214047225511218e-05,1.2839119099092091e-08,2.471417923927705e-08,1.111429847438582e-05,1.2809730023151937e-05,-1.249666506378953e-06
12,829.5400602409638,1.3293549826164727e-05,1.4213965411924583e-05,8.330615511327174e-08,2.3957407790096737e-08,1.0471590431058662e-05,1.2045663795883276e-05,-1.2747589174476832e-06
12,849.5391176470588,1.3307911804459847e-05,1.421388165923856e-05,-3.516662429526302e-08,2.3233596999298864e-08,9.87572325885167e-06,1.1338910610889951e-05,-1.2976440542278542e-06
12,869.5382183908046,1.3217049355006224e-05,1.4213795971168754e-05,-2.5768812170522076e-08,2.254100503052848e-08,9.303595263280928e-06,1.0684354054437933e-05,-1.318545819553398e-06
12,889.5373595505617,1.3229429282157339e-05,1.4213708352830828e-05,-2.146049405128983e-08,2.187798739218496e-08,8.755677531603518e-06,1.0077409819254182e-05,-1.3376608229317192e-06
12,909.5365384615385,1.3248628197694746e-05,1.4213618808660462e-05,2.7842388824162022e-08,2.124299187367214e-08,8.267579579527526e-06,9.513962662779544e-06,-1.3551621948632073e-06
12,929.535752688172,1.3290445807164293e-05,1.4213527342200864e-05,-4.2393642064409405e-08,2.0634554171124967e-08,7.746881343316565e-06,8.990311480316253e-06,-1.3712028111513532e-06
12,949.535,1.3330038059006185e-05,1.4213433957569262e-05,6.277442545740499e-08,2.0051292218742982e-08,7.3757331364960135e-06,8.503121393039507e-06,-1.3859180406051482e-06
12,969.5342783505155,1.329572915950462e-05,1.4213338660149468e-05,-2.7032397284051795e-08,1.949190244565684e-08,6.956492901362893e-06,8.049382210627411e-06,-1.3994280683597193e-06
12,989.5335858585859,1.3253957209308405e-05,1.4213241454734205e-05,2.145694093651335e-09,1.8955156442941583e-08,6.6183603391374856e-06,7.62637217601463e-06,-1.4118398425086927e-06
12,1009.5329207920792,1.3281335863258751e-05,1.421314234529436e-05,-4.885072902741354e-09,1.8439897184048912e-08,6.2562674864123176e-06,7.231626093353871e-06,-1.423248751495021e-06
12,1029.532281553398,1.3239958374792794e-05,1.4213041336323945e-05,4.528437712850873e-08,1.7945033721558377e-08,5.928801090177039e-06,6.8629074504817564e-06,-1.433740082490285e-06
12,1049.5316666666668,1.3283591663680184e-05,1.4212938433501565e-05,-5.234078530216731e-08,1.7469539431301235e-08,5.650110120537947e-06,6.518184074002488e-06,-1.4433902638332928e-06
12,1069.5310747663552,1.3272751270268896e-05,1.4212833641960737e-05,6.017017780796131e-08,1.7012449916233926e-08,5.34773948707202e-06,6.195606874754368e-06,-1.452267915079328e-06
12,1089.530504587156,1.3250380720650928e-05,1.4212726966090755e-05,-3.405280959004786e-08,1.6572859574823746e-08,5.099152580451629e-06,5.8934907921511505e-06,-1.4604347610859658e-06
12,1109.529954954955,1.3268398487389935e-05,1.4212618410769335e-05,-1.0568220015730386e-08,1.6149913462799547e-08,4.839835879452996e-06,5.610297880604127e-06,-1.4679464487191673e-06
12,1129.529424778761,1.3272473473607976e-05,1.4212507981964404e-05,6.167071441919947e-09,1.574280605531761e-08,4.604680419912897e-06,5.344622546562056e-06,-1.47485324905506e-06
12,1149.5289130434783,1.3284343997237161e-05,1.4212395685141503e-05,-4.868732963782627e-09,1.5350777897064237e-08,4.4171589049550735e-06,5.095178609714375e-06,-1.4812006407580887e-06
12,1169.5284188034188,1.3270638528059979e-05,1.4212281525098839e-05,1.0988365147500064e-08,1.4973113503269523e-08,4.194570715185355e-06,4.860787704468218e-06,-1.4870298352917002e-06
12,1189.5279411764707,1.3284857860453028e-05,1.421216550708575e-05,-7.427951369530083e-09,1.4609137724257367e-08,4.013156522787696e-06,4.640368969485357e-06,-1.4923782539014375e-06
12,1209.527479338843,1.330453754238258e-05,1.4212047637345564e-05,4.465751511565446e-09,1.4258212966557471e-08,3.8436853973121465e-06,4.432929877357371e-06,-1.4972799402151272e-06
12,1229.5270325203253,1.3269617489582247e-05,1.4211927921688025e-05,-1.61202160695883e-08,1.3919738165953894e-08,3.680132694067533e-06,4.237558145765041e-06,-1.5017658973163529e-06
12,1249.5266,1.324891894519522e-05,1.4211806365295305e-05,-1.0694212024060179e-08,1.3593143629832384e-08,3.5079712933074218e-06,4.053414474010217e-06,-1.5058644000350022e-06
12,1269.5261811023622,1.3307250486615592e-05,1.4211682973775204e-05,-3.3064470408618714e-08,1.3277894806481737e-08,3.3535631667821985e-06,3.87972614608587e-06,-1.5096012839736703e-06
12,1289.5257751937984,1.3315341434352005e-05,1.4211557753671396e-05,5.4607368504831926e-08,1.297348449847554e-08,3.2404324675601654e-06,3.7157811236615318e-06,-1.5130002005137075e-06
12,1309.5253816793893,1.3266785764869347e-05,1.421143071112145e-05,1.1177833494025508e-08,1.2679436633991754e-08,3.0890395488173024e-06,3.560922857383462e-06,-1.5160828127599454e-06
12,1329.525,1.333278285769364e-05,1.421130185168931e-05,-4.290904150109567e-08,1.2395300826935252e-08,2.9664601852953487e-06,3.414545459967187e-06,-1.5188689895109873e-06
12,1349.5246296296295,1.3219536113368477e-05,1.4211171181325447e-05,1.769055042916264e-08,1.2120646072395626e-08,2.8577750733349123e-06,3.276089280680513e-06,-1.5213769873467558e-06
12,1369.5242700729927,1.327767419892424e-05,1.4211038706872109e-05,-1.1718184352805098e-08,1.1855069053912932e-08,2.7323168809534155e-06,3.1450371502561286e-06,-1.523623612023915e-06
12,1389.5239208633093,1.324864358947279e-05,1.4210904434780205e-05,-8.95380468491743e-09,1.1598182552342842e-08,2.616841459514246e-06,3.02091063179117e-06,-1.525624337373573e-06
12,1409.5235815602837,1.3262360926428409e-05,1.421076837098288e-05,1.2850090940356289e-09,1.134962184771097e-08,2.516956292481974e-06,2.9032668270157233e-06,-1.5273934253599546e-06
12,1429.5232517482518,1.3219359029110022e-05,1.4210630521778167e-05,3.786002565569577e-09,1.1109043739776859e-08,2.423952202861067e-06,2.7916953653566537e-06,-1.5289440477897599e-06
12,1449.5229310344828,1.327905823369395e-05,1.4210490894281812e-05,2.430579660954894e-09,1.087611302687359e-08,2.3337988664631148e-06,2.6858154353093923e-06,-1.530288390795219e-06
12,1469.522619047619,1.3266995074801874e-05,1.4210349495268344e-05,-8.663510860304091e-10,1.0650515861367365e-08,2.2489031631580618e-06,2.585273492996421e-06,-1.5314377269604652e-06
12,1489.5223154362416,1.323783616008089e-05,1.4210206331029205e-05,-2.6479963056646405e-10,1.0431952125164743e-08,2.1702663607534694e-06,2.489740890119081e-06,-1.5324024924275211e-06
12,1509.5220198675497,1.3284635691248781e-05,1.4210061408189502e-05,1.1809111329142742e-08,1.0220130392367638e-08,2.093375885292227e-06,2.398911766170693e-06,-1.5331923698778575e-06
12,1529.5217320261438,1.3244497926741988e-05,1.4209914734155855e-05,-2.3034818679953926e-09,1.001478171326077e-08,2.018175862475202e-06,2.3125014573346974e-06,-1.533816359129863e-06
12,1549.5214516129033,1.3257529771575474e-05,1.4209766316006969e-05,5.221460858181718e-10,9.815643942245383e-09,1.9428542575257737e-06,2.230244661397715e-06,-1.5342828205675275e-06
12,1569.521178343949,1.3231046516020982e-05,1.4209616160376145e-05,9.071756310112947e-09,9.62246151538398e-09,1.8760359193939396e-06,2.151893975204132e-06,-1.5345995251757786e-06
12,1589.5209119496856,1.3265575394595249e-05,1.4209464274215893e-05,-1.1134098043702272e-08,9.435000641104504e-09,1.8026447152484075e-06,2.0772187800768756e-06,-1.53477371326809e-06
12,1609.520652173913,1.3332912494458045e-05,1.4209310665205708e-05,-1.4101656307043571e-08,9.253031934826926e-09,1.7500727239305047e-06,2.006003774485815e-06,-1.5348121445061633e-06
12,1629.520398773006,1.3265359985725268e-05,1.4209155340727304e-05,1.661992531274544e-08,9.076330054344768e-09,1.6951761172018568e-06,1.938047822264016e-06,-1.5347211210929997e-06
12,1649.5201515151516,1.3253159950355718e-05,1.4208998307749604e-05,-6.195034899220008e-09,8.904689108155102e-09,1.6389005732256946e-06,1.8731630999439045e-06,-1.5345065236697012e-06
12,1669.5199101796406,1.3269890015078354e-05,1.4208839573538155e-05,2.7653218399436504e-09,8.737905474169922e-09,1.5840637439717476e-06,1.8111739144098578e-06,-1.5341738520388071e-06
12,1689.519674556213,1.3248504271134555e-05,1.4208679146043658e-05,5.162329768077567e-09,8.575775868269749e-09,1.5268599098394718e-06,1.7519158264596561e-06,-1.533728262427727e-06
12,1709.5194444444444,1.3274083199288713e-05,1.4208517032942193e-05,4.766920149207382e-09,8.418117147604576e-09,1.4782139276900946e-06,1.6952351281500598e-06,-1.5331745790684953e-06
12,1729.519219653179,1.3256126693005021e-05,1.4208353241519623e-05,1.0744185035284034e-10,8.264752974722144e-09,1.4359905455666921e-06,1.6409879487723276e-06,-1.5325173180727572e-06
12,1749.519,1.3243289894138109e-05,1.4208187779352359e-05,1.3564676538020459e-08,8.115501821750213e-09,1.3844355612307182e-06,1.5890394129738988e-06,-1.5317607200782444e-06
12,1769.5187853107345,1.321465342006888e-05,1.420802065465653e-05,-1.375145386636396e-08,7.970196600286751e-09,1.344994037173041e-06,1.5392632237562839e-06,-1.5309087751283795e-06
12,1789.5185754189945,1.3294468662124947e-05,1.4207851875389932e-05,-2.952069133833569e-10,7.828683064766128e-09,1.301991563106533e-06,1.4915410686955048e-06,-1.5299652292055577e-06
12,1809.5183701657459,1.3249556819887356e-05,1.4207681449151647e-05,2.135084461137463e-08,7.69080190990629e-09,1.258644903506983e-06,1.4457619068346096e-06,-1.5289336001590332e-06
12,1829.518169398907,1.3282924141141139e-05,1.4207509383806135e-05,3.719798461370065e-09,7.556401763391414e-09,1.219653172670631e-06,1.4018216511346072e-06,-1.5278172023599646e-06
12,1849.517972972973,1.3284930648565504e-05,1.4207335687834739e-05,1.2663202526829352e-08,7.425349256788196e-09,1.1856003485140373e-06,1.3596228416169735e-06,-1.5266191668743913e-06
12,1869.5177807486632,1.322962216321459e-05,1.4207160369471525e-05,1.2653828643581761e-08,7.297508954852617e-09,1.148235386561691e-06,1.3190739985797378e-06,-1.5253424419641909e-06
12,1889.5175925925926,1.328520022638511e-05,1.4206983436612265e-05,3.0620722757710633e-09,7.172740690397975e-09,1.1147321744240742e-06,1.2800891919852845e-06,-1.5239898044181736e-06
12,1909.5174083769634,1.329823360633046e-05,1.4206804897407682e-05,-6.117844470378791e-09,7.050919587342321e-09,1.084734865958273e-06,1.2425878678879827e-06,-1.5225638795711666e-06
12,1929.5172279792746,1.3322862573806594e-05,1.420662476058823e-05,1.0814463596839947e-08,6.931931592163077e-09,1.0537280169582024e-06,1.2064944504521883e-06,-1.521067156480528e-06
12,1949.5170512820512,1.323280454103715e-05,1.4206443034654006e-05,4.740091870290177e-10,6.815655971734638e-09,1.0205221725477626e-06,1.1717378556095579e-06,-1.519501985860846e-06
12,1969.5168781725888,1.3225044323980736e-05,1.4206259727791252e-05,5.382801417748568e-09,6.701974926105285e-09,9.902723703181043e-07,1.1382513199898002e-06,-1.5178705879969722e-06
12,1989.5167085427136,1.3257330129545624e-05,1.4206074848425064e-05,-5.392889043642049e-09,6.59078810268926e-09,9.605435526352186e-07,1.1059723001786704e-06,-1.5161750688750612e-06
