segment_index,z_lo,z_hi,ell_min,ell_max,ell_effective,theory_cl,ensemble_mean_theoretical_normalization_cl,ensemble_mean_measured_normalization_cl,realization_std_cl,ensemble_sem_cl,theoretical_normalization_mean_over_theory,measured_normalization_mean_over_theory,mean_minus_theory_over_sem,theory_model,linear_power_evolution
0,0.44933801,0.49256256,20,39,30.608333333333334,2.48734033971924e-05,2.458879919548325e-05,2.492045406224715e-05,9.407543174473692e-07,3.3260687864877834e-07,0.9885578906447006,1.0018916054350673,-0.8556774377768771,standard-halo-model,scale_dependent_camb
0,0.44933801,0.49256256,40,59,50.165,2.0540136479566817e-05,2.0352029338165938e-05,2.062694443402193e-05,8.348312434437525e-07,2.951574166927374e-07,0.9908419721754036,1.0042262598664555,-0.6373112473629682,standard-halo-model,scale_dependent_camb
0,0.44933801,0.49256256,60,79,69.975,1.7040140681723188e-05,1.674213462394358e-05,1.6969060087024477e-05,3.081093406949127e-07,1.0893310207614453e-07,0.982511525970015,0.9958286380361314,-2.735679532666749,standard-halo-model,scale_dependent_camb
0,0.44933801,0.49256256,80,99,89.86944444444444,1.4358507099512216e-05,1.4117325560304327e-05,1.4308741281975448e-05,4.828429467287113e-07,1.7071076093998335e-07,0.9832028819196612,0.9965340534923398,-1.4128080613071685,standard-halo-model,scale_dependent_camb
0,0.44933801,0.49256256,100,119,109.80227272727272,1.1608343357586534e-05,1.1376592916729949e-05,1.1531156948659444e-05,2.2903177763375979e-07,8.097496153602049e-08,0.9800358730167017,0.9933507817136848,-2.862001246564274,standard-halo-model,scale_dependent_camb
0,0.44933801,0.49256256,120,139,129.75576923076923,9.382684760383046e-06,9.169537154058661e-06,9.29362841944728e-06,1.192107570808246e-07,4.2147367361116656e-08,0.9772828767279523,0.9905084372746069,-5.0571985789324865,standard-halo-model,scale_dependent_camb
0,0.44933801,0.49256256,140,159,149.72166666666666,8.023008582733671e-06,7.87286426345966e-06,7.979162322162765e-06,1.7557330327372796e-07,6.207453667008765e-08,0.9812857835404617,0.9945349353526471,-2.418774707445589,standard-halo-model,scale_dependent_camb
0,0.44933801,0.49256256,160,179,169.6955882352941,6.9896539405288835e-06,6.901569355525622e-06,6.995032912801536e-06,9.924196533061823e-08,3.50873333317802e-08,0.9873978617893354,1.0007695620295969,-2.5104382875252367,standard-halo-model,scale_dependent_camb
0,0.44933801,0.49256256,180,199,189.675,5.90827561992122e-06,5.840314490319272e-06,5.9193404147741e-06,1.2052114467812586e-07,4.2610659339133884e-08,0.9884972987088144,1.0018727621330954,-1.5949325979927338,standard-halo-model,scale_dependent_camb
0,0.44933801,0.49256256,200,219,209.65833333333333,5.008500026317847e-06,4.9757044087376145e-06,5.0430793811997944e-06,7.274190743362257e-08,2.5718148011379322e-08,0.9934520081046414,1.006904133912398,-1.2751935934780982,standard-halo-model,scale_dependent_camb
0,0.44933801,0.49256256,220,239,229.64456521739132,4.4173546845333485e-06,4.440397797439243e-06,4.500601829228605e-06,7.454717446985237e-08,2.635640629296464e-08,1.0052164959690866,1.0188454744163364,0.8742888787552647,standard-halo-model,scale_dependent_camb
0,0.44933801,0.49256256,240,259,249.633,3.951920206614542e-06,3.996356157201704e-06,4.050410646146315e-06,5.6652366062700946e-08,2.0029636106599233e-08,1.0112441416486058,1.0249221731164826,2.2185101292240255,standard-halo-model,scale_dependent_camb
0,0.44933801,0.49256256,260,279,269.6231481481482,3.4730831234397623e-06,3.5732422983776842e-06,3.6216009196790035e-06,2.5223614198251543e-08,8.917894322808473e-09,1.0288386921297534,1.0427625227962147,11.231258334352997,standard-halo-model,scale_dependent_camb
0,0.44933801,0.49256256,280,299,289.6146551724138,3.049235381255138e-06,3.1704154757890905e-06,3.2133718294548226e-06,4.872707315825364e-08,1.7227621928787074e-08,1.0397411414280755,1.0538287234920258,7.0340581558423025,standard-halo-model,scale_dependent_camb
0,0.44933801,0.49256256,300,319,309.60725806451615,2.740022191543877e-06,2.862724877921714e-06,2.90146104734488e-06,3.368538358678934e-08,1.1909581580544384e-08,1.0447816396365388,1.0589188132487495,10.302854516592383,standard-halo-model,scale_dependent_camb
0,0.44933801,0.49256256,320,339,329.6007575757576,2.4930137690141734e-06,2.6156503804355492e-06,2.6510527371395414e-06,2.2251961052023652e-08,7.867256277292432e-09,1.0491921115501384,1.0633927377737116,15.588231411165118,standard-halo-model,scale_dependent_camb
0,0.44933801,0.49256256,340,359,349.595,2.2514675237423943e-06,2.3733418440955817e-06,2.4055172468469467e-06,3.5973401388999775e-08,1.2718518032253653e-08,1.054131058550917,1.068421916585539,9.582430912478875,standard-halo-model,scale_dependent_camb
0,0.44933801,0.49256256,360,379,369.58986486486486,2.0294133089163325e-06,2.1899432317760022e-06,2.2195873603777104e-06,1.484599503730928e-08,5.248851882171611e-09,1.0791016409296093,1.093708881589491,30.583816511365068,standard-halo-model,scale_dependent_camb
0,0.44933801,0.49256256,380,399,389.5852564102564,1.8517643173422878e-06,2.006083666977722e-06,2.033288284879908e-06,2.167623866689672e-08,7.66370767599036e-09,1.083336388000455,1.0980275761000455,20.136382565700103,standard-halo-model,scale_dependent_camb
0,0.44933801,0.49256256,400,419,409.5810975609756,1.7056660234148074e-06,1.850032954982969e-06,1.8750480410239521e-06,1.920880477527494e-08,6.791338057542723e-09,1.08463962439677,1.0993055001881527,21.25750924853786,standard-halo-model,scale_dependent_camb
0,0.44933801,0.49256256,420,439,429.57732558139537,1.5698245561336153e-06,1.7238364675291001e-06,1.747191183491725e-06,1.7488040803290313e-08,6.1829561208368086e-09,1.0981077221615179,1.1129849999256942,24.909106321563325,standard-halo-model,scale_dependent_camb
0,0.44933801,0.49256256,440,459,449.5738888888889,1.4435331684537215e-06,1.6112979282323113e-06,1.6330586341046905e-06,2.7414034528607306e-08,9.692324857430191e-09,1.116218153794343,1.131292768183487,17.309031862461808,standard-halo-model,scale_dependent_camb
0,0.44933801,0.49256256,460,479,469.5707446808511,1.3356688094137716e-06,1.5004741877609417e-06,1.5207372966566361e-06,2.6632258559935616e-08,9.415925313021974e-09,1.1233879066319619,1.1385586650960964,17.50283406764587,standard-halo-model,scale_dependent_camb
0,0.44933801,0.49256256,480,499,489.5678571428571,1.2441191424636587e-06,1.4022738852861603e-06,1.421259906108466e-06,1.1495579509939535e-08,4.064301112573687e-09,1.1271218627094803,1.1423824757603405,38.91314605928676,standard-halo-model,scale_dependent_camb
0,0.44933801,0.49256256,500,519,509.56519607843137,1.1611089235275839e-06,1.3162605587021703e-06,1.3340701032497228e-06,1.1605735537269382e-08,4.103247149530439e-09,1.1336236696064808,1.1489620622298404,37.811915665947986,standard-halo-model,scale_dependent_camb
0,0.44933801,0.49256256,520,539,529.5627358490566,1.084409830069048e-06,1.2468161269518828e-06,1.263660885974243e-06,1.6729977975578265e-08,5.9149404378164894e-09,1.149764685250496,1.1652982580338482,27.456962346486005,standard-halo-model,scale_dependent_camb
0,0.44933801,0.49256256,540,559,549.5604545454545,1.0162841644001668e-06,1.1689602587132127e-06,1.1847688880458138e-06,1.2949387234351077e-08,4.578299762810079e-09,1.1502297287128926,1.165785052594114,33.34777149221353,standard-halo-model,scale_dependent_camb
0,0.44933801,0.49256256,560,579,569.5583333333333,9.56771836647257e-07,1.1139847732748692e-06,1.1290655676912912e-06,5.499191951326976e-09,1.9442579599148935e-09,1.1643160162181627,1.1800781800264837,80.86012240602776,standard-halo-model,scale_dependent_camb
0,0.44933801,0.49256256,580,599,589.5563559322034,9.032000733575284e-07,1.0489101663351217e-06,1.063109504260559e-06,9.143836799017687e-09,3.23283450332425e-09,1.1613264848794078,1.1770476283384124,45.071930786361904,standard-halo-model,scale_dependent_camb
0,0.44933801,0.49256256,600,619,609.5545081967213,8.540305988255964e-07,9.915142989686433e-07,1.004938048277452e-06,7.184764453627927e-09,2.5401978331941836e-09,1.1609821712853203,1.1767002841108658,54.12322550097109,standard-halo-model,scale_dependent_camb
0,0.44933801,0.49256256,620,639,629.5527777777778,8.09535002110761e-07,9.451116228233741e-07,9.579028966352485e-07,5.27241280102407e-09,1.8640794224094397e-09,1.1674746865288272,1.1832754533622845,72.73113960851083,standard-halo-model,scale_dependent_camb
0,0.44933801,0.49256256,640,659,649.5511538461539,7.697265947049757e-07,9.018724008031032e-07,9.140752350022753e-07,6.755023779904234e-09,2.3882615609233343e-09,1.1716788883314821,1.1875323540725862,55.33137921754188,standard-halo-model,scale_dependent_camb
0,0.44933801,0.49256256,660,679,669.5496268656716,7.337872949836077e-07,8.545237592032864e-07,8.66103206571479e-07,4.997616235504375e-09,1.7669241649465645e-09,1.164538777170264,1.180319164003551,68.33143527884795,standard-halo-model,scale_dependent_camb
0,0.44933801,0.49256256,680,699,689.5481884057971,7.00885442642542e-07,8.151988659401852e-07,8.262350226410353e-07,9.893608330166855e-09,3.4979187703323487e-09,1.1630985840805146,1.1788446047985943,32.680411068202694,standard-halo-model,scale_dependent_camb
0,0.44933801,0.49256256,700,719,709.5468309859154,6.707947092336082e-07,7.819099230901433e-07,7.924949221364252e-07,3.376764079926585e-09,1.1938663896916206e-09,1.16564712322118,1.1814269123289018,93.07173299789149,standard-halo-model,scale_dependent_camb
0,0.44933801,0.49256256,720,739,729.5455479452055,6.434522740975015e-07,7.515908466610513e-07,7.617737299430233e-07,5.38833100773694e-09,1.9050626974242668e-09,1.1680599741685949,1.1838853643208862,56.76378667734041,standard-halo-model,scale_dependent_camb
0,0.44933801,0.49256256,740,759,749.5443333333334,6.185667643651566e-07,7.211480844185299e-07,7.30907635878677e-07,6.496367547746793e-09,2.29681277304599e-09,1.165837102739676,1.1816147875788596,44.66246498504618,standard-halo-model,scale_dependent_camb
0,0.44933801,0.49256256,760,779,769.5431818181818,5.95710872333961e-07,6.907307150844827e-07,7.000710783125329e-07,7.807780168245434e-09,2.7604671514900943e-09,1.1595066451922214,1.1751860018429656,34.42165312462791,standard-halo-model,scale_dependent_camb
0,0.44933801,0.49256256,780,799,789.5420886075949,5.746774629479971e-07,6.616527000774403e-07,6.705998875453222e-07,7.1946458020202584e-09,2.543691417421926e-09,1.1513461771813271,1.1669152364271596,34.19252686616919,standard-halo-model,scale_dependent_camb
0,0.44933801,0.49256256,800,819,809.5410493827161,5.553368470042933e-07,6.379504078632545e-07,6.465901970320335e-07,8.39906056024163e-09,2.96951633887167e-09,1.1487629738682232,1.164320719073472,27.820544301282396,standard-halo-model,scale_dependent_camb
0,0.44933801,0.49256256,820,839,829.5400602409638,5.375513831085398e-07,6.140770406417798e-07,6.223927114829456e-07,3.4466106120035948e-09,1.2185608679286292e-09,1.1423597072538614,1.1578292439390394,62.80002874482761,standard-halo-model,scale_dependent_camb
0,0.44933801,0.49256256,840,859,849.5391176470588,5.211408055186076e-07,5.940199911182116e-07,6.020575542087403e-07,4.968878729991236e-09,1.7567639224352015e-09,1.1398454790487555,1.1552684952574557,41.484905665970125,standard-halo-model,scale_dependent_camb
0,0.44933801,0.49256256,860,879,869.5382183908046,5.059439402773358e-07,5.722028205219317e-07,5.799465087533688e-07,4.589513368722385e-09,1.6226380126849568e-09,1.130960912800489,1.1462663401709448,40.83404907725431,standard-halo-model,scale_dependent_camb
0,0.44933801,0.49256256,880,899,889.5373595505617,4.918395915635498e-07,5.516012310884611e-07,5.590701705145383e-07,3.6711441252836488e-09,1.297945452850612e-09,1.1215063621351222,1.1366920843791033,46.04325967139824,standard-halo-model,scale_dependent_camb
0,0.44933801,0.49256256,900,919,909.5365384615385,4.787226850785695e-07,5.301322059918585e-07,5.373129835664622e-07,2.645219926831232e-09,9.352264739960734e-10,1.1073889383471591,1.1223888073703394,54.970130062319896,standard-halo-model,scale_dependent_camb
0,0.44933801,0.49256256,920,939,929.535752688172,4.6649918669473956e-07,5.167790531675317e-07,5.237766493043021e-07,4.720679764447135e-09,1.6690123366253412e-09,1.1077812521583097,1.1227814843909745,30.125521165682624,standard-halo-model,scale_dependent_camb
0,0.44933801,0.49256256,940,959,949.535,4.5508491672448265e-07,4.994048543891935e-07,5.061604497176006e-07,4.350223081405716e-09,1.53803612026811e-09,1.0973882808151671,1.1122329726081432,28.815927715003866,standard-halo-model,scale_dependent_camb
0,0.44933801,0.49256256,960,979,969.5342783505155,4.4440450211528003e-07,4.836446400382965e-07,4.901922928331731e-07,3.149982835251517e-09,1.1136871117137874e-09,1.0882982457113755,1.103031788606893,35.23443659380432,standard-halo-model,scale_dependent_camb
0,0.44933801,0.49256256,980,999,989.5335858585859,4.343904107724864e-07,4.699614223232484e-07,4.763243025636255e-07,3.2275489406535814e-09,1.1411108712738025e-09,1.0818871933372223,1.096535031048607,31.172265943847066,standard-halo-model,scale_dependent_camb
0,0.44933801,0.49256256,1000,1019,1009.5329207920792,4.2498211676393847e-07,4.5617706395665107e-07,4.6234639743604013e-07,4.5500692580270235e-09,1.6086924136096755e-09,1.0734029644123595,1.0879196540235976,19.391492698542415,standard-halo-model,scale_dependent_camb
0,0.44933801,0.49256256,1020,1039,1029.532281553398,4.161253745989968e-07,4.444256885250112e-07,4.5043748384872064e-07,3.477106545784824e-09,1.2293428087162907e-09,1.068009104115043,1.0824561811035653,23.020685300600796,standard-halo-model,scale_dependent_camb
0,0.44933801,0.49256256,1040,1059,1049.5316666666668,4.077715009965002e-07,4.320931783554184e-07,4.3794246407497857e-07,3.3427879583688766e-09,1.1818540167156834e-09,1.0596453584899426,1.07398987669503,20.579256841303444,standard-halo-model,scale_dependent_camb
0,0.44933801,0.49256256,1060,1079,1069.5310747663552,3.9987677599594087e-07,4.1955890866911525e-07,4.252414482567924e-07,3.078481764331008e-09,1.0884076656587913e-09,1.0492204945489862,1.0634312212747985,18.08341974627787,standard-halo-model,scale_dependent_camb
0,0.44933801,0.49256256,1080,1099,1089.530504587156,3.9240162911023136e-07,4.059754650674156e-07,4.1146468951878605e-07,4.609923443169124e-09,1.6298540637078627e-09,1.034591691140434,1.048580482328221,8.328252362855261,standard-halo-model,scale_dependent_camb
0,0.44933801,0.49256256,1100,1119,1109.529954954955,3.8531042090773e-07,3.9706051268505186e-07,4.024378142108089e-07,4.01912904335698e-09,1.420976700510761e-09,1.030495131041721,1.0444508956252194,8.269024941153765,standard-halo-model,scale_dependent_camb
0,0.44933801,0.49256256,1120,1139,1129.529424778761,3.7857120288146055e-07,3.8758864810761136e-07,3.9283563740750805e-07,2.156802743798427e-09,7.625449229108098e-10,1.0238196808355082,1.0376796608338803,11.825460973143914,standard-halo-model,scale_dependent_camb
0,0.44933801,0.49256256,1140,1159,1149.5289130434783,3.7215529449266056e-07,3.781087398109882e-07,3.83225379258029e-07,3.1555540493039457e-09,1.1156568333317445e-09,1.0159972070972245,1.0297458747173265,5.336269308321785,standard-halo-model,scale_dependent_camb
0,0.44933801,0.49256256,1160,1179,1169.5284188034188,3.660369471719832e-07,3.684354143095165e-07,3.7342470443330027e-07,1.949783937203646e-09,6.893527219226518e-10,1.006552527432173,1.0201830916752945,3.479303209021645,standard-halo-model,scale_dependent_camb
0,0.44933801,0.49256256,1180,1199,1189.5279411764707,3.601930027139787e-07,3.59544085265282e-07,3.644079175140501e-07,2.5843775176633106e-09,9.137154339428917e-10,0.9981984173934327,1.011701823101262,-0.7101964403693047,standard-halo-model,scale_dependent_camb
0,0.44933801,0.49256256,1200,1219,1209.527479338843,3.546026151551554e-07,3.5269912274757605e-07,3.5747462079871307e-07,3.184613079189422e-09,1.1259307518751058e-09,0.9946320406950567,1.008099222963432,-1.6905945631285866,standard-halo-model,scale_dependent_camb
0,0.44933801,0.49256256,1220,1239,1229.5270325203253,3.492469980494064e-07,3.462870108818831e-07,3.5098054200949375e-07,1.7585772693570097e-09,6.217509562014316e-10,0.9915246596705046,1.0049636617344442,-4.760727969937184,standard-halo-model,scale_dependent_camb
0,0.44933801,0.49256256,1240,1259,1249.5266,3.4410920285880066e-07,3.358963654421265e-07,3.4044217935429637e-07,2.131614767312492e-09,7.536396284220238e-10,0.9761330491935604,0.9893434308817105,-10.897565768761726,standard-halo-model,scale_dependent_camb
0,0.44933801,0.49256256,1260,1279,1269.5261811023622,3.391738956238924e-07,3.2979679186371733e-07,3.3425917409471337e-07,3.5777348214775396e-09,1.2649202767770051e-09,0.9723531088885057,0.9855097293966605,-7.413197442029931,standard-halo-model,scale_dependent_camb
0,0.44933801,0.49256256,1280,1299,1289.5257751937984,3.34427214222881e-07,3.2282676639661334e-07,3.2719372758537396e-07,2.9495667466949022e-09,1.0428293240751544e-09,0.9653124885388769,0.9783705203109271,-11.124013832805929,standard-halo-model,scale_dependent_camb
0,0.44933801,0.49256256,1300,1319,1309.5253816793893,3.2985656639916624e-07,3.164094597651489e-07,3.206880647006863e-07,3.050413394728201e-09,1.0784839984172937e-09,0.959233472958229,0.9722045803163277,-12.468526796643573,standard-halo-model,scale_dependent_camb
0,0.44933801,0.49256256,1320,1339,1329.525,3.254505361805929e-07,3.106019611772415e-07,3.1480436658778024e-07,3.000587104448625e-09,1.060867744548265e-09,0.9543753248109202,0.9672879027401414,-13.996631606208542,standard-halo-model,scale_dependent_camb
0,0.44933801,0.49256256,1340,1359,1349.5246296296295,3.21198740200699e-07,3.0518916478843905e-07,3.093225326299955e-07,1.6895703651314932e-09,5.973533312381549e-10,0.9501567926379274,0.9630253606745697,-26.800847295981967,standard-halo-model,scale_dependent_camb
0,0.44933801,0.49256256,1360,1379,1369.5242700729927,3.1709173067294615e-07,2.9828376059232636e-07,3.023198041693526e-07,2.2457028072698975e-09,7.939758417751055e-10,0.9406860278547641,0.9534143433124418,-23.68834048976917,standard-halo-model,scale_dependent_camb
0,0.44933801,0.49256256,1380,1399,1389.5239208633093,3.131208614428194e-07,2.9282068777720477e-07,2.967797182549422e-07,3.2879235939633842e-09,1.1624565346573767e-09,0.935168249179968,0.947812026600274,-17.463167921025025,standard-halo-model,scale_dependent_camb
0,0.44933801,0.49256256,1400,1419,1409.5235815602837,3.092782129756685e-07,2.879560735829286e-07,2.91853512282574e-07,2.727513481780829e-09,9.643216393724773e-10,0.9310583853043106,0.9436601093706354,-22.111024498646618,standard-halo-model,scale_dependent_camb
0,0.44933801,0.49256256,1420,1439,1429.5232517482518,3.055565066670008e-07,2.8351190825518574e-07,2.8735023739908667e-07,2.08766502087632e-09,7.381010465538005e-10,0.9278542661314049,0.9404160315009901,-29.866640231363224,standard-halo-model,scale_dependent_camb
0,0.44933801,0.49256256,1440,1459,1449.5229310344828,3.0194904837037163e-07,2.777928275427577e-07,2.815518996352055e-07,1.5869644445482656e-09,5.610766601210106e-10,0.9199990165294912,0.9324483754949712,-43.05333396403272,standard-halo-model,scale_dependent_camb
0,0.44933801,0.49256256,1460,1479,1469.522619047619,2.9844966119894444e-07,2.7391356936738e-07,2.7762014323268086e-07,3.0061167376429376e-09,1.0628227651128513e-09,0.9177881732785456,0.9302076005629011,-23.085779338720844,standard-halo-model,scale_dependent_camb
0,0.44933801,0.49256256,1480,1499,1489.5223154362416,2.950526298701471e-07,2.701924898372675e-07,2.738473788828713e-07,2.316239883881918e-09,8.189144643738227e-10,0.9157433707883893,0.9281306152173316,-30.357431837388212,standard-halo-model,scale_dependent_camb
0,0.44933801,0.49256256,1500,1519,1509.5220198675497,2.9175265858794247e-07,2.6511016430748655e-07,2.6870016746230787e-07,1.8343873725301521e-09,6.48553875219522e-10,0.9086812287867289,0.920986183168967,-41.07984748597483,standard-halo-model,scale_dependent_camb
0,0.44933801,0.49256256,1520,1539,1529.5217320261438,2.8854483435134284e-07,2.6070469427650436e-07,2.6423243658451083e-07,1.979365456657128e-09,6.998113684243311e-10,0.9035153752191616,0.9157413515251903,-39.78234897429901,standard-halo-model,scale_dependent_camb
0,0.44933801,0.49256256,1540,1559,1549.5214516129033,2.854245881990735e-07,2.568737243266014e-07,2.603470061548657e-07,2.784299082309776e-09,9.843983809763619e-10,0.8999705524579442,0.91213937733102,-29.003363297036614,standard-halo-model,scale_dependent_camb
0,0.44933801,0.49256256,1560,1579,1569.521178343949,2.8238765341568797e-07,2.536939793505708e-07,2.571269555759881e-07,2.132251728862404e-09,7.538648283376727e-10,0.8983890629847096,0.9105460258826723,-38.06209414012431,standard-halo-model,scale_dependent_camb
0,0.44933801,0.49256256,1580,1599,1589.5209119496856,2.79430043153783e-07,2.495783388264705e-07,2.529520816048107e-07,2.695916974505743e-09,9.531505870944658e-10,0.8931693099625518,0.9052429679710557,-31.31898016063853,standard-halo-model,scale_dependent_camb
0,0.44933801,0.49256256,1600,1619,1609.520652173913,2.7654804022556996e-07,2.468407187375963e-07,2.50181460443522e-07,1.9870562054031975e-09,7.025304587197051e-10,0.8925780798745039,0.9046582295049289,-42.28616869098092,standard-halo-model,scale_dependent_camb
0,0.44933801,0.49256256,1620,1639,1629.520398773006,2.7373813985774097e-07,2.429556910567392e-07,2.4624063146203707e-07,2.3931712031523476e-09,8.461137931446968e-10,0.8875478264848328,0.8995481286970312,-36.380979781211984,standard-halo-model,scale_dependent_camb
0,0.44933801,0.49256256,1640,1659,1649.5201515151516,2.7099707314551523e-07,2.39784038059308e-07,2.430274349212343e-07,1.8790487530098816e-09,6.643440577167066e-10,0.8848215048084781,0.8967898881724737,-46.9832381634958,standard-halo-model,scale_dependent_camb
0,0.44933801,0.49256256,1660,1679,1669.5199101796406,2.68321738923774e-07,2.3564024609686066e-07,2.388289706450427e-07,1.643399557621169e-09,5.810294856964504e-10,0.8782003539556754,0.8900843129705949,-56.24756338783684,standard-halo-model,scale_dependent_camb
0,0.44933801,0.49256256,1680,1699,1689.519674556213,2.657092364728357e-07,2.3334342240242162e-07,2.3649883675417282e-07,2.0550221677074356e-09,7.26560055137303e-10,0.8781908581724334,0.8900662991380461,-44.54664668331883,standard-halo-model,scale_dependent_camb
0,0.44933801,0.49256256,1700,1719,1709.5194444444444,2.631568171282041e-07,2.3036420763056862e-07,2.3348335315082198e-07,1.2132972919121542e-09,4.289653713531791e-10,0.8753875736319624,0.8872403751451141,-76.44581984366378,standard-halo-model,scale_dependent_camb
0,0.44933801,0.49256256,1720,1739,1729.519219653179,2.606618827450401e-07,2.275246676313178e-07,2.3060256208604562e-07,1.7833963726517492e-09,6.305258343227715e-10,0.8728728007150371,0.8846807966610282,-52.55488880850377,standard-halo-model,scale_dependent_camb
0,0.44933801,0.49256256,1740,1759,1749.519,2.582219917023223e-07,2.2493710254445912e-07,2.2798200658260269e-07,1.3670667075824413e-09,4.833310696329556e-10,0.8710997117695772,0.882891519345958,-68.86561044614807,standard-halo-model,scale_dependent_camb
0,0.44933801,0.49256256,1760,1779,1769.5187853107345,2.5583482405276074e-07,2.2230236112102228e-07,2.25308222962558e-07,2.2213937568354234e-09,7.853812945718942e-10,0.8689292473927511,0.8806784760314442,-42.69577485928891,standard-halo-model,scale_dependent_camb
0,0.44933801,0.49256256,1780,1799,1789.5185754189945,2.5349818869067477e-07,2.199592439658408e-07,2.2293370677290096e-07,1.892688732323407e-09,6.691665186506257e-10,0.8676955251709546,0.8794291901033289,-50.12047642859545,standard-halo-model,scale_dependent_camb
0,0.44933801,0.49256256,1800,1819,1809.5183701657459,2.512100034332716e-07,2.1676304726044355e-07,2.1969850131974245e-07,1.074672339885946e-09,3.799540495434833e-10,0.8628758580389172,0.8745611174600398,-90.660847579375,standard-halo-model,scale_dependent_camb
0,0.44933801,0.49256256,1820,1839,1829.518169398907,2.4896829798063334e-07,2.1523093836039282e-07,2.1814348748137146e-07,1.3550834943943843e-09,4.79094363980116e-10,0.8644913433000017,0.8761898171402542,-70.41902839341422,standard-halo-model,scale_dependent_camb
0,0.44933801,0.49256256,1840,1859,1849.517972972973,2.467712038241784e-07,2.1235276811457926e-07,2.152267485425761e-07,1.2050485643955076e-09,4.2604900577158865e-10,0.8605249106207632,0.8721712469171348,-80.78515673863912,standard-halo-model,scale_dependent_camb
0,0.44933801,0.49256256,1860,1879,1869.5177807486632,2.446169428124351e-07,2.1018575101304685e-07,2.130293692935912e-07,1.7943594966028998e-09,6.34401883967195e-10,0.8592444521482346,0.8708692327045217,-54.27347028680748,standard-halo-model,scale_dependent_camb
0,0.44933801,0.49256256,1880,1899,1889.5175925925926,2.4250382668352696e-07,2.0829759153211624e-07,2.111128517385441e-07,2.4924433532827585e-09,8.81211798414788e-10,0.8589455860585217,0.8705547233036087,-38.81726868948456,standard-halo-model,scale_dependent_camb
0,0.44933801,0.49256256,1900,1919,1909.5174083769634,2.404302498604271e-07,2.0579056582908403e-07,2.0857510133189506e-07,1.6525049008712325e-09,5.84248710675026e-10,0.8559262653037549,0.8675077343760845,-59.289277662797566,standard-halo-model,scale_dependent_camb
0,0.44933801,0.49256256,1920,1939,1929.5172279792746,2.3839468588423385e-07,2.0419971945035694e-07,2.0696350248829657e-07,1.4214625280799021e-09,5.02562896403936e-10,0.8565615407615158,0.8681548488408819,-68.04116793849548,standard-halo-model,scale_dependent_camb
0,0.44933801,0.49256256,1940,1959,1949.5170512820512,2.3639568217995978e-07,2.0148374369075492e-07,2.0420909074037197e-07,1.5456503051285817e-09,5.464699060497382e-10,0.8523156676667739,0.8638444190571751,-63.88629657865784,standard-halo-model,scale_dependent_camb
0,0.44933801,0.49256256,1960,1979,1969.5168781725888,2.3443185369123179e-07,1.9994264107544266e-07,2.0264813216865618e-07,1.4794007705084659e-09,5.230471584595697e-10,0.8528817135012097,0.8644223426888153,-65.93901153648092,standard-halo-model,scale_dependent_camb
0,0.44933801,0.49256256,1980,1999,1989.5167085427136,2.3250188657536741e-07,1.9832284700927006e-07,2.0100667577740743e-07,1.8696374435233303e-09,6.610166573378138e-10,0.8529945710568764,0.8645378269317804,-51.7067749907399,standard-halo-model,scale_dependent_camb
0,0.44933801,0.49256256,2000,2019,2009.5165422885573,2.306045229491495e-07,1.9650170504636223e-07,1.9916085858500667e-07,1.1868110892613747e-09,4.1960108460205546e-10,0.8521155722938388,0.8636468011901204,-81.27437977223049,standard-halo-model,scale_dependent_camb
0,0.44933801,0.49256256,2020,2039,2029.5163793103447,2.2873856732680991e-07,1.9487551941117947e-07,1.9751159092954994e-07,1.8481642620728213e-09,6.534247412291617e-10,0.8519574188499281,0.8634818047424225,-51.82394509875833,standard-halo-model,scale_dependent_camb
0,0.44933801,0.49256256,2040,2059,2049.516219512195,2.2690288102624513e-07,1.933552695907579e-07,1.959679822033424e-07,2.4632806470749127e-09,8.709012247561287e-10,0.8521499097598197,0.8636645833539478,-38.52056982108537,standard-halo-model,scale_dependent_camb
0,0.44933801,0.49256256,2060,2079,2069.5160628019325,2.2509637321486533e-07,1.9070635477368585e-07,1.9328647056005695e-07,1.3446935102451327e-09,4.754209498559377e-10,0.8472209127583208,0.8586831844489813,-72.33593397935107,standard-halo-model,scale_dependent_camb
0,0.44933801,0.49256256,2080,2099,2089.515909090909,2.2331801514154536e-07,1.8966608785608434e-07,1.9223273327262664e-07,1.2432077323833579e-09,4.3954030899591146e-10,0.8493093928667982,0.8608026233386681,-76.56164087051695,standard-halo-model,scale_dependent_camb
0,0.44933801,0.49256256,2100,2119,2109.5157582938386,2.2156681242998634e-07,1.8849764155424478e-07,1.9104721892977054e-07,1.5006980258929636e-09,5.305768753110898e-10,0.8507485371429839,0.8622555735423608,-62.326822774460965,standard-halo-model,scale_dependent_camb
0,0.44933801,0.49256256,2120,2139,2129.5156103286386,2.1984182258993418e-07,1.8731619862633686e-07,1.8984991600781428e-07,1.4088459026437132e-09,4.98102245703126e-10,0.852049880316601,0.8635750639765069,-65.2990911889663,standard-halo-model,scale_dependent_camb
0,0.44933801,0.49256256,2140,2159,2149.515465116279,2.181421502256938e-07,1.8502688494940832e-07,1.8753005371301038e-07,1.4603853062316422e-09,5.163241765907934e-10,0.8481941007640027,0.8596690438734028,-64.13657693687773,standard-halo-model,scale_dependent_camb
0,0.44933801,0.49256256,2160,2179,2169.5153225806453,2.1646693225181365e-07,1.839220597702837e-07,1.8641134566271677e-07,1.1299491957932359e-09,3.9949736937084145e-10,0.8496542998832225,0.8611539126256312,-81.46454764591837,standard-halo-model,scale_dependent_camb
0,0.44933801,0.49256256,2180,2199,2189.5151826484016,2.148153495569185e-07,1.82405565701407e-07,1.848730771909621e-07,1.481918626789053e-09,5.239373550845979e-10,0.8491272438288957,0.8606139066518487,-61.85812777231437,standard-halo-model,scale_dependent_camb
0,0.44933801,0.49256256,2200,2219,2209.515045248869,2.131866236535746e-07,1.8056219491912147e-07,1.8300517467753343e-07,1.4912377333347972e-09,5.272321568011457e-10,0.8469677497802706,0.8584270980102129,-61.878677758189085,standard-halo-model,scale_dependent_camb
0,0.44933801,0.49256256,2220,2239,2229.5149103139015,2.1157999949032695e-07,1.8007978659990232e-07,1.8251584219131968e-07,1.7362809067170538e-09,6.13868001592178e-10,0.8511191371287211,0.8626327754559994,-51.31430993100001,standard-halo-model,scale_dependent_camb
0,0.44933801,0.49256256,2240,2259,2249.514777777778,2.0999477223443195e-07,1.7831336020391844e-07,1.807265945773359e-07,1.1501357533301822e-09,4.0663439523243507e-10,0.8491323774710672,0.8606242558056544,-77.91129427800664,standard-halo-model,scale_dependent_camb
0,0.44933801,0.49256256,2260,2279,2269.5146475770925,2.0843025251547064e-07,1.7743895773843957e-07,1.7983842647427702e-07,1.6520085680627341e-09,5.840732305277186e-10,0.8513109570083606,0.862823051375081,-53.06063205298758,standard-halo-model,scale_dependent_camb
0,0.44933801,0.49256256,2280,2299,2289.514519650655,2.0688579629970026e-07,1.753621524858893e-07,1.7773326220211203e-07,1.9355207513671134e-09,6.843099242094837e-10,0.8476278005661396,0.8590887599873841,-46.06632564948862,standard-halo-model,scale_dependent_camb
0,0.44933801,0.49256256,2300,2319,2309.514393939394,2.0536077356367259e-07,1.7433474138673793e-07,1.7669371892726453e-07,1.3025071068225112e-09,4.6050580388893423e-10,0.8489193839771207,0.8604063758674937,-67.37381356526309,standard-halo-model,scale_dependent_camb
0,0.44933801,0.49256256,2320,2339,2329.514270386266,2.0385459730546373e-07,1.7275742213198082e-07,1.7509490157221658e-07,1.2174648839129606e-09,4.304388376356736e-10,0.8474541384667147,0.8589205437925322,-72.24528191808699,standard-halo-model,scale_dependent_camb
0,0.44933801,0.49256256,2340,2359,2349.5141489361704,2.0236669411976625e-07,1.7220454614611172e-07,1.7453422775533729e-07,1.4870378592058192e-09,5.257472770627805e-10,0.8509530033840266,0.862465182398261,-57.370050763102306,standard-halo-model,scale_dependent_camb
0,0.44933801,0.49256256,2360,2379,2369.514029535865,2.0089652399093224e-07,1.707752510350337e-07,1.7308548526360603e-07,1.3331048114927928e-09,4.713237261194839e-10,0.8500657335551605,0.8615653562598151,-63.90782234515089,standard-halo-model,scale_dependent_camb
0,0.44933801,0.49256256,2380,2399,2389.513912133891,1.9944356843654068e-07,1.697069770941097e-07,1.7200291578807963e-07,1.3697798052905987e-09,4.842902945266855e-10,0.8509022297608327,0.8624139506549585,-61.40241024547816,standard-halo-model,scale_dependent_camb
0,0.44933801,0.49256256,2400,2419,2409.5137966804978,1.9800732727752005e-07,1.6891528918498757e-07,1.7120047512736422e-07,1.4880870328688514e-09,5.261182159686668e-10,0.8530759518219337,0.8646168678768927,-55.2956297834498,standard-halo-model,scale_dependent_camb
0,0.44933801,0.49256256,2420,2439,2429.513683127572,1.9658733075161957e-07,1.675343947390706e-07,1.6979996462382997e-07,1.6058932288251904e-09,5.67768995981926e-10,0.8522135892406199,0.8637380851280065,-51.17034607059422,standard-halo-model,scale_dependent_camb
0,0.44933801,0.49256256,2440,2459,2449.5135714285716,1.9518312499744856e-07,1.6609844336717963e-07,1.683442714191681e-07,1.638595651127837e-09,5.793310482676398e-10,0.8509877243196657,0.8624939856935311,-50.20390624193229,standard-halo-model,scale_dependent_camb
0,0.44933801,0.49256256,2460,2479,2469.5134615384613,1.9379427159331018e-07,1.652306509374947e-07,1.6746560306631759e-07,1.5121901871022562e-09,5.346399678718797e-10,0.8526085398656257,0.8641411414768492,-53.42589849672524,standard-halo-model,scale_dependent_camb
0,0.44933801,0.49256256,2480,2499,2489.513353413655,1.9242036098138363e-07,1.6409089403946236e-07,1.663119441587843e-07,1.223453105397124e-09,4.325559936450231e-10,0.8527730288134003,0.8643157268313966,-65.49317858989103,standard-halo-model,scale_dependent_camb
0,0.44933801,0.49256256,2500,2519,2509.513247011952,1.9106099511208319e-07,1.6334942219450233e-07,1.655598795947827e-07,1.154552093037322e-09,4.08195807109906e-10,0.854959548905708,0.8665289296627988,-67.88794111772823,standard-halo-model,scale_dependent_camb
0,0.44933801,0.49256256,2520,2539,2529.51314229249,1.89715793536406e-07,1.6203181073299095e-07,1.6422444900173177e-07,1.2473806491756317e-09,4.410156578764835e-10,0.8540765516282515,0.8656340410068047,-62.773242421176306,standard-halo-model,scale_dependent_camb
0,0.44933801,0.49256256,2540,2559,2549.513039215686,1.8838439181328037e-07,1.609679275425941e-07,1.6314594734563168e-07,1.097966612409684e-09,3.8818981857565455e-10,0.85446530889958,0.866026881395439,-70.62643830093926,standard-halo-model,scale_dependent_camb
0,0.44933801,0.49256256,2560,2579,2569.512937743191,1.870664455923185e-07,1.603110272277637e-07,1.62481653752849e-07,7.040355315666125e-10,2.4891414928351363e-10,0.8569737171204719,0.8685772225926175,-107.48853948869072,standard-halo-model,scale_dependent_camb
0,0.44933801,0.49256256,2580,2599,2589.5128378378377,1.857616205138876e-07,1.5903782147196902e-07,1.611896654593382e-07,1.2123192958625261e-09,4.286195975338463e-10,0.8561392877172888,0.8677231874561925,-62.348523482546355,standard-halo-model,scale_dependent_camb
0,0.44933801,0.49256256,2600,2619,2609.5127394636015,1.8446959911404524e-07,1.577146527049168e-07,1.5984806090959061e-07,1.4808611220554806e-09,5.235634707004749e-10,0.8549628419120289,0.8665279356451966,-51.10162932744914,standard-halo-model,scale_dependent_camb
0,0.44933801,0.49256256,2620,2639,2629.5126425855515,1.8319007549029583e-07,1.57063326119144e-07,1.5918940546039073e-07,8.687720322112716e-10,3.0715729764090387e-10,0.8573790130211729,0.8689848783255919,-85.05983602478653,standard-halo-model,scale_dependent_camb
0,0.44933801,0.49256256,2640,2659,2649.512547169811,1.819227570500674e-07,1.5611696123838396e-07,1.5822883097371236e-07,1.2387428424695287e-09,4.3796173202825147e-10,0.8581497101839691,0.8697583168782222,-58.92249008189326,standard-halo-model,scale_dependent_camb
0,0.44933801,0.49256256,2660,2679,2669.5124531835204,1.8066736669077487e-07,1.5511595412447527e-07,1.572152699867352e-07,7.542748888512758e-10,2.6667644439273325e-10,0.8585720651475888,0.8701918496206367,-95.81428395179195,standard-halo-model,scale_dependent_camb
0,0.44933801,0.49256256,2680,2699,2689.5123605947956,1.794236358916663e-07,1.54238555711104e-07,1.5632452474728218e-07,1.391538197946156e-09,4.919830480239176e-10,0.8596334309278587,0.8712593743316457,-51.1909511551665,standard-halo-model,scale_dependent_camb
0,0.44933801,0.49256256,2700,2719,2709.512269372694,1.781913081380974e-07,1.5298217382164687e-07,1.550526899865348e-07,8.356266822522816e-10,2.9543864678050237e-10,0.8585276993594234,0.8701473242812141,-85.32781540655982,standard-halo-model,scale_dependent_camb
0,0.44933801,0.49256256,2720,2739,2729.5121794871793,1.7697013827541488e-07,1.5248419901721251e-07,1.5454580038840593e-07,1.549203950567138e-09,5.477263094435061e-10,0.8616380170303342,0.8732874477833631,-44.70469801437922,standard-halo-model,scale_dependent_camb
0,0.44933801,0.49256256,2740,2759,2749.512090909091,1.7575989192115946e-07,1.515810578455808e-07,1.5363209497304774e-07,1.219548152058647e-09,4.31175384152096e-10,0.8624325845260274,0.8741021247439229,-56.0765641181632,standard-halo-model,scale_dependent_camb
0,0.44933801,0.49256256,2760,2779,2769.5120036101084,1.745603432271343e-07,1.5064687371022003e-07,1.5268571748189443e-07,7.72103647674423e-10,2.729798625247267e-10,0.8630074329895275,0.8746873124740764,-87.60158824810077,standard-halo-model,scale_dependent_camb
0,0.44933801,0.49256256,2780,2799,2789.511917562724,1.73371276549666e-07,1.49517726694585e-07,1.515401034739867e-07,1.2751575327920616e-09,4.50836269259187e-10,0.8624134843452708,0.8740784891814227,-52.90956269839846,standard-halo-model,scale_dependent_camb
0,0.44933801,0.49256256,2800,2819,2809.5118327402133,1.7219248544938337e-07,1.4872065201484437e-07,1.5073250161177653e-07,1.1247869862883556e-09,3.9767225269743823e-10,0.8636883986354988,0.8753721233444006,-59.023060511081546,standard-halo-model,scale_dependent_camb
0,0.44933801,0.49256256,2820,2839,2829.511749116608,1.7102377192159967e-07,1.4809216572753874e-07,1.5009474079120075e-07,1.3593040682088818e-09,4.805865621624808e-10,0.8659156798122007,0.8776250172988048,-47.715870562165264,standard-halo-model,scale_dependent_camb
0,0.44933801,0.49256256,2840,2859,2849.5116666666668,1.698649457680397e-07,1.4709861979836924e-07,1.4908842899268617e-07,1.425929564827887e-09,5.041422323920907e-10,0.8659739602733623,0.8776880263234238,-45.15853762468407,standard-halo-model,scale_dependent_camb
0,0.44933801,0.49256256,2860,2879,2869.5115853658535,1.6871582485797437e-07,1.454320369260575e-07,1.4739912420310252e-07,1.1876064546846192e-09,4.1988228874420424e-10,0.8619940485635105,0.8736532232657113,-55.453131880257885,standard-halo-model,scale_dependent_camb
0,0.44933801,0.49256256,2880,2899,2889.5115051903113,1.675762346795816e-07,1.4515282106572165e-07,1.4711602602197158e-07,1.2019105981134455e-09,4.2493956715299827e-10,0.8661897753178712,0.8779050699120226,-52.768476619138795,standard-halo-model,scale_dependent_camb
0,0.44933801,0.49256256,2900,2919,2909.5114261168383,1.6644600794095827e-07,1.4478773850465616e-07,1.467468552457579e-07,9.57451511034406e-10,3.385102280548675e-10,0.8698781081971955,0.8816483919386756,-63.981137470362114,standard-halo-model,scale_dependent_camb
0,0.44933801,0.49256256,2920,2939,2929.511348122867,1.6532498356605144e-07,1.4357122052377334e-07,1.455145732469201e-07,7.56048835403677e-10,2.6730362921106593e-10,0.868418175081282,0.8801729182618271,-81.38222105881356,standard-halo-model,scale_dependent_camb
0,0.44933801,0.49256256,2940,2959,2949.511271186441,1.6421300772570592e-07,1.4240973936792466e-07,1.443366905635197e-07,1.1459634950447106e-09,4.051592791691757e-10,0.8672256926552343,0.8789601540251505,-53.8140664147969,standard-halo-model,scale_dependent_camb
0,0.44933801,0.49256256,2960,2979,2969.5111952861953,1.6310993277283644e-07,1.4192514919102883e-07,1.4384453045254198e-07,1.2334708440004e-09,4.3609779909428846e-10,0.8701195983489755,0.8818870071688066,-48.578056632721626,standard-halo-model,scale_dependent_camb
0,0.44933801,0.49256256,2980,2999,2989.511120401338,1.620156164626144e-07,1.409728659756953e-07,1.4288005086473047e-07,9.852292811502706e-10,3.483311528624519e-10,0.8701189987338365,0.8818906102036187,-60.41018816146024,standard-halo-model,scale_dependent_camb
0,0.44933801,0.49256256,3000,3019,3009.5110465116277,1.6092992189686551e-07,1.398470654822118e-07,1.417384371296505e-07,1.2256555268429937e-09,4.333346672147256e-10,0.8689935584001277,0.880746323983714,-48.65259581044956,standard-halo-model,scale_dependent_camb
0,0.44933801,0.49256256,3020,3039,3029.5109735973597,1.598527184022441e-07,1.3953215260562814e-07,1.4142010642219356e-07,8.65149895496006e-10,3.058766789240294e-10,0.8728794480336427,0.8846900311468725,-66.43385127658907,standard-halo-model,scale_dependent_camb
0,0.44933801,0.49256256,3040,3059,3049.5109016393444,1.5878388171554333e-07,1.38319152472302e-07,1.4019120742024073e-07,6.926774873290777e-10,2.448984742328248e-10,0.871115827235517,0.8829057830403036,-83.5641353313844,standard-halo-model,scale_dependent_camb
0,0.44933801,0.49256256,3060,3079,3069.5108306188927,1.577232901259288e-07,1.37936775807932e-07,1.398024732248202e-07,1.163079488207952e-09,4.11210696585411e-10,0.8745491911676524,0.8863781190032218,-48.11770336301797,standard-halo-model,scale_dependent_camb
0,0.44933801,0.49256256,3080,3099,3089.5107605177996,1.5667082662997498e-07,1.3669030140473764e-07,1.385400672136394e-07,1.071146347231572e-09,3.7870742288532236e-10,0.8724681189534582,0.8842748212520969,-52.759792963677135,standard-halo-model,scale_dependent_camb
0,0.44933801,0.49256256,3100,3119,3109.510691318328,1.5562638069809639e-07,1.360559206068424e-07,1.3789666617895378e-07,9.958439078704407e-10,3.5208399012925e-10,0.8742471552479317,0.886075134308129,-55.58463503003837,standard-halo-model,scale_dependent_camb
0,0.44933801,0.49256256,3120,3139,3129.5106230031947,1.5458984463160356e-07,1.3528679347686941e-07,1.371158756809817e-07,1.3059753394460655e-09,4.61732009292358e-10,0.8751337696164038,0.8869656089488717,-41.80574611735853,standard-halo-model,scale_dependent_camb
0,0.44933801,0.49256256,3140,3159,3149.5105555555556,1.5356111470106458e-07,1.3454419041055705e-07,1.3636488172963554e-07,7.292954987694785e-10,2.5784489633436186e-10,0.8761605480168105,0.8880170087010327,-73.75334769413945,standard-halo-model,scale_dependent_camb
0,0.44933801,0.49256256,3160,3179,3169.5104889589907,1.5254009402902754e-07,1.3378940790737264e-07,1.3559969085551713e-07,9.272032604237666e-10,3.2781585649196086e-10,0.8770769990604126,0.8889445867898393,-57.198838159662756,standard-halo-model,scale_dependent_camb
0,0.44933801,0.49256256,3180,3199,3189.510423197492,1.5152668438868097e-07,1.327653036836119e-07,1.3456119120587786e-07,9.600606628467805e-10,3.3943270252470507e-10,0.8761843118209841,0.8880362673330531,-55.272755292939294,standard-halo-model,scale_dependent_camb
0,0.44933801,0.49256256,3200,3219,3209.5103582554516,1.5052079536504216e-07,1.3213587414219672e-07,1.3392366066917235e-07,1.1447863176920392e-09,4.047430841248091e-10,0.8778579320003032,0.8897352710924856,-45.42368219237108,standard-halo-model,scale_dependent_camb
0,0.44933801,0.49256256,3220,3239,3229.510294117647,1.495223366632049e-07,1.3139414983339286e-07,1.3317077607890327e-07,1.245037324840156e-09,4.4018716761241633e-10,0.8787593396788248,0.890641351993227,-41.18290618997292,standard-halo-model,scale_dependent_camb
0,0.44933801,0.49256256,3240,3259,3249.510230769231,1.4853122612959537e-07,1.3044051557825262e-07,1.3220658769981227e-07,4.365422085371326e-10,1.543409779653792e-10,0.8782026445027904,0.8900928858182342,-117.2126209761399,standard-halo-model,scale_dependent_camb
0,0.44933801,0.49256256,3260,3279,3269.5101681957185,1.475473786514131e-07,1.297384523191932e-07,1.3149413219206758e-07,8.261249283776699e-10,2.920792694815506e-10,0.879300286491065,0.8911993787617739,-60.97292137107607,standard-halo-model,scale_dependent_camb
0,0.44933801,0.49256256,3280,3299,3289.510106382979,1.4657071637748261e-07,1.28787962987659e-07,1.3053076268216868e-07,7.259523039245839e-10,2.566628984615354e-10,0.8786745822813243,0.8905650863163952,-69.2844719529598,standard-halo-model,scale_dependent_camb
0,0.44933801,0.49256256,3300,3319,3309.5100453172204,1.4560116131463948e-07,1.2831058151974157e-07,1.3004675511570143e-07,7.862222109538511e-10,2.779715284424742e-10,0.881246965073764,0.8931711391688321,-62.2027007290287,standard-halo-model,scale_dependent_camb
0,0.44933801,0.49256256,3320,3339,3329.509984984985,1.4463864289039593e-07,1.2771605193978708e-07,1.294438617801034e-07,9.034125398594945e-10,3.1940456657180536e-10,0.883000900641522,0.8949466006687659,-52.9816812960452,standard-halo-model,scale_dependent_camb
0,0.44933801,0.49256256,3340,3359,3349.509925373134,1.4368308689618081e-07,1.2698243911520624e-07,1.2870107208857773e-07,6.517833227912165e-10,2.304402037049848e-10,0.8837674764529403,0.8957287518577017,-72.47280427835045,standard-halo-model,scale_dependent_camb
0,0.44933801,0.49256256,3360,3379,3369.5098664688426,1.4273442471297708e-07,1.2631357864757562e-07,1.2802249147202683e-07,9.723595364384084e-10,3.437810109835032e-10,0.8849552509955328,0.8969279256175635,-47.76542490937476,standard-halo-model,scale_dependent_camb
0,0.44933801,0.49256256,3380,3399,3389.509808259587,1.4179259293256073e-07,1.2549620099763388e-07,1.27194734518886e-07,7.138092332783741e-10,2.5236967466235426e-10,0.8850688065019184,0.8970478068581639,-64.57349503948845,standard-halo-model,scale_dependent_camb
0,0.44933801,0.49256256,3400,3419,3409.509750733138,1.40857524307824e-07,1.2449271401321215e-07,1.261767483799084e-07,9.150510132860559e-10,3.2351938831309584e-10,0.883820119833649,0.8957757066932907,-50.58370807370068,standard-halo-model,scale_dependent_camb
0,0.44933801,0.49256256,3420,3439,3429.509693877551,1.3992915673905577e-07,1.239824981782103e-07,1.2566109662908886e-07,4.902504997324945e-10,1.7332972642047027e-10,0.886037628379457,0.898033687599687,-92.00186771287824,standard-halo-model,scale_dependent_camb
0,0.44933801,0.49256256,3440,3459,3449.5096376811593,1.390074332548836e-07,1.2314539135458228e-07,1.2481089951045715e-07,1.0457581853924395e-09,3.6973135218616633e-10,0.8858906928292336,0.897872125166172,-42.901533252485706,standard-halo-model,scale_dependent_camb
0,0.44933801,0.49256256,3460,3479,3469.509582132565,1.3809229296560678e-07,1.2240761155530954e-07,1.2406356221612717e-07,8.311651193049892e-10,2.938612460731418e-10,0.88641885022357,0.8984104728207127,-53.37444668152441,standard-halo-model,scale_dependent_camb
0,0.44933801,0.49256256,3480,3499,3489.5095272206304,1.371836794573869e-07,1.2198768831468825e-07,1.236376105867736e-07,1.0750808408139676e-09,3.8009847643164583e-10,0.8892288703524754,0.9012559735662937,-39.97908985418254,standard-halo-model,scale_dependent_camb
0,0.44933801,0.49256256,3500,3519,3509.509472934473,1.3628154060953383e-07,1.2083179723944198e-07,1.2246683172001628e-07,7.270967307400179e-10,2.5706751444241794e-10,0.8866336313708283,0.8986311071350546,-60.09994457527042,standard-halo-model,scale_dependent_camb
0,0.44933801,0.49256256,3520,3539,3529.509419263456,1.353858206840952e-07,1.2042114298007176e-07,1.2205060756540364e-07,7.156825505311354e-10,2.530319923287249e-10,0.8894664328331582,0.9015021436417074,-59.14144518366745,standard-halo-model,scale_dependent_camb
0,0.44933801,0.49256256,3540,3559,3549.509366197183,1.3449647115444468e-07,1.1991341195591488e-07,1.215354319802521e-07,8.720807928557556e-10,3.083271211854228e-10,0.8915729232644044,0.9036328681121366,-47.29736113535011,standard-halo-model,scale_dependent_camb
0,0.44933801,0.49256256,3560,3579,3569.5093137254903,1.3361344021175318e-07,1.1911501336262435e-07,1.2072627096169372e-07,8.505991775428473e-10,3.0073222325612366e-10,0.891489757122102,0.9035488553424295,-48.210420194250375,standard-halo-model,scale_dependent_camb
0,0.44933801,0.49256256,3580,3599,3589.50926183844,1.3273667927307035e-07,1.1823763189318967e-07,1.1983759241718625e-07,6.407509955369376e-10,2.265396869980999e-10,0.8907683433148665,0.9028219861569109,-64.00223983712972,standard-halo-model,scale_dependent_camb
0,0.44933801,0.49256256,3600,3619,3609.5092105263157,1.3186614373103283e-07,1.17875211683069e-07,1.1946990244494774e-07,7.753449617468868e-10,2.7412584010502396e-10,0.8939004990052555,0.9059937529426076,-51.03835538672161,standard-halo-model,scale_dependent_camb
0,0.44933801,0.49256256,3620,3639,3629.5091597796145,1.3100178487514481e-07,1.1682214389084127e-07,1.1840291125371906e-07,7.248423333817179e-10,2.5627046461264645e-10,0.8917599405396051,0.9038267025641407,-55.33076550876089,standard-halo-model,scale_dependent_camb
0,0.44933801,0.49256256,3640,3659,3649.509109589041,1.301435613238478e-07,1.1609479043655848e-07,1.1766636848263485e-07,6.643581560772971e-10,2.348860786494237e-10,0.8920517408284955,0.9041274672808066,-59.81099845537308,standard-halo-model,scale_dependent_camb
0,0.44933801,0.49256256,3660,3679,3669.5090599455043,1.2929142658445128e-07,1.1575558130643656e-07,1.1732262348347005e-07,4.680825028476205e-10,1.6549215595916193e-10,0.8953074798879004,0.9074277125934304,-81.79146135092303,standard-halo-model,scale_dependent_camb
0,0.44933801,0.49256256,3680,3699,3689.509010840108,1.2844534149842473e-07,1.1512341801726894e-07,1.1668095936121992e-07,7.85278161660078e-10,2.7763775661377355e-10,0.8962833270109747,0.9084094292563417,-47.98311167629893,standard-halo-model,scale_dependent_camb
0,0.44933801,0.49256256,3700,3719,3709.508962264151,1.2760526251144215e-07,1.14492808258196e-07,1.1604259384024118e-07,4.826466707985834e-10,1.7064136691939475e-10,0.8972420573009645,0.9093872114391507,-76.84217777885033,standard-halo-model,scale_dependent_camb
0,0.44933801,0.49256256,3720,3739,3729.508914209115,1.2677115142054284e-07,1.135974496559097e-07,1.1513494866986071e-07,7.079326803261331e-10,2.502919994410885e-10,0.896082810505274,0.9082109563548815,-52.63333144507421,standard-halo-model,scale_dependent_camb
0,0.44933801,0.49256256,3740,3759,3749.5088666666666,1.259429671954689e-07,1.1293144212663922e-07,1.1445891687336865e-07,9.307865696467955e-10,3.290827476173069e-10,0.8966871643683347,0.9088154695904812,-39.53876392195712,standard-halo-model,scale_dependent_camb
0,0.44933801,0.49256256,3760,3779,3769.5088196286474,1.251206734956166e-07,1.1223819661380356e-07,1.1375805580407942e-07,3.5578854242652645e-10,1.2579024550913726e-10,0.8970395816941925,0.909186728507058,-102.41236774497972,standard-halo-model,scale_dependent_camb
0,0.44933801,0.49256256,3780,3799,3789.5087730870714,1.243042311680234e-07,1.1192840777887294e-07,1.134425761045734e-07,8.141263864550276e-10,2.878371443026249e-10,0.9004392427123262,0.9126203914268358,-42.995921944454906,standard-halo-model,scale_dependent_camb
0,0.44933801,0.49256256,3800,3819,3809.5087270341205,1.23493605364354e-07,1.111186272447023e-07,1.1262237360843085e-07,5.924004881173559e-10,2.0944520116300155e-10,0.8997925594354402,0.9119692738433799,-59.08456269676396,standard-halo-model,scale_dependent_camb
0,0.44933801,0.49256256,3820,3839,3829.508681462141,1.2268875832586532e-07,1.1037561536991017e-07,1.118690766290409e-07,7.739097259389468e-10,2.7361840761882586e-10,0.8996391916914585,0.9118119553538312,-45.00114982435108,standard-halo-model,scale_dependent_camb
0,0.44933801,0.49256256,3840,3859,3849.5086363636365,1.2188965707886008e-07,1.0986097003203433e-07,1.1134747411383859e-07,7.061595588836227e-10,2.4966510634315534e-10,0.9013149488225778,0.9135104387224511,-48.17928793899125,standard-halo-model,scale_dependent_camb
0,0.44933801,0.49256256,3860,3879,3869.5085917312663,1.2109626510597298e-07,1.0932737288450532e-07,1.1080681554381262e-07,8.560709033499122e-10,3.026667704676082e-10,0.9028137473012191,0.9150308264820891,-38.88399180156176,standard-halo-model,scale_dependent_camb
0,0.44933801,0.49256256,3880,3899,3889.5085475578408,1.2030855101250113e-07,1.0850181187725453e-07,1.0996944119042662e-07,8.953595772154138e-10,3.1655741432466964e-10,0.9018628431987368,0.9140617210076765,-37.29730722129697,standard-halo-model,scale_dependent_camb
0,0.44933801,0.49256256,3900,3919,3909.5085038363172,1.1952647893351204e-07,1.0839417164909034e-07,1.098609590213789e-07,7.45519635558074e-10,2.6358099490541885e-10,0.9068632542031614,0.9191349063540164,-42.234863285254384,standard-halo-model,scale_dependent_camb
0,0.44933801,0.49256256,3920,3939,3929.5084605597963,1.187500193313994e-07,1.075808192924129e-07,1.0903579409894875e-07,9.927949320876476e-10,3.5100601440340673e-10,0.9059435939305722,0.9181960113594521,-31.820537485576764,standard-halo-model,scale_dependent_camb
0,0.44933801,0.49256256,3940,3959,3949.508417721519,1.1797913746044933e-07,1.068008870444448e-07,1.0824594826723449e-07,7.453731077970137e-10,2.635291895186799e-10,0.9052523127679938,0.9175007598569896,-42.417503869005635,standard-halo-model,scale_dependent_camb
0,0.44933801,0.49256256,3960,3979,3969.5083753148615,1.172138040140315e-07,1.0613070159440042e-07,1.0756676471271907e-07,6.327163693636135e-10,2.236990176723717e-10,0.9054454164945936,0.9176970717531052,-49.544707593948054,standard-halo-model,scale_dependent_camb
0,0.44933801,0.49256256,3980,3999,3989.508333333333,1.1645398710685348e-07,1.0565339670926649e-07,1.0708276412605401e-07,7.327314240094196e-10,2.5905967935276804e-10,0.9072544387194162,0.9195285347147383,-41.69151457521709,standard-halo-model,scale_dependent_camb
0,0.44933801,0.49256256,4000,4019,4009.5082917705736,1.156996559677585e-07,1.0533676963329886e-07,1.0676151867419197e-07,8.452767766169956e-10,2.9885047036269205e-10,0.9104328682070807,0.9227470711230352,-34.67582407309918,standard-halo-model,scale_dependent_camb
0,0.44933801,0.49256256,4020,4039,4029.5082506203476,1.1495078206354254e-07,1.0455084766163101e-07,1.0596590521455097e-07,5.786791941244709e-10,2.0459399114848996e-10,0.909527067017581,0.9218371838129391,-50.83206179972062,standard-halo-model,scale_dependent_camb
0,0.44933801,0.49256256,4040,4059,4049.5082098765433,1.1420733330900317e-07,1.0397429195970928e-07,1.0538192117801096e-07,4.843410884186813e-10,1.7124043401406137e-10,0.9103994371218963,0.9227246458236279,-59.758324067629985,standard-halo-model,scale_dependent_camb
0,0.44933801,0.49256256,4060,4079,4069.5081695331696,1.1346928277799787e-07,1.0337590391761859e-07,1.0477436820320939e-07,7.259038427148439e-10,2.5664576483651953e-10,0.911047478108001,0.9233720848328615,-39.328055410572034,standard-halo-model,scale_dependent_camb
0,0.44933801,0.49256256,4080,4096,4088.005870123517,1.1279138733487485e-07,1.027521704712038e-07,1.0414295613760163e-07,7.010786875656254e-10,2.478687470615093e-10,0.9109930545151921,0.9233236561618288,-40.50214874882876,standard-halo-model,scale_dependent_camb
1,0.40720486,0.44933801,20,39,30.608333333333334,3.0450192015270913e-05,3.025751719159505e-05,2.9871997809506945e-05,1.0691901954545939e-06,3.780158187920567e-07,0.9936724594846812,0.9810118042778186,-0.5097004254783616,standard-halo-model,scale_dependent_camb
1,0.40720486,0.44933801,40,59,50.165,2.4584843379360236e-05,2.4701787617141537e-05,2.4387940167953877e-05,9.389108384630652e-07,3.3195511040339024e-07,1.0047567615533186,0.9919908698067337,0.35228931297123434,standard-halo-model,scale_dependent_camb
1,0.40720486,0.44933801,60,79,69.975,2.0288752105624805e-05,2.007614246534384e-05,1.9820807892038567e-05,7.497610289917338e-07,2.6508055393472927e-07,0.9895208123607552,0.9769357814048846,-0.80205672247583,standard-halo-model,scale_dependent_camb
1,0.40720486,0.44933801,80,99,89.86944444444444,1.6623392721650938e-05,1.673588124052457e-05,1.652350998105345e-05,3.7748257932977137e-07,1.334602458119351e-07,1.0067668809103645,0.9939914347046981,0.8428616191232415,standard-halo-model,scale_dependent_camb
1,0.40720486,0.44933801,100,119,109.80227272727272,1.307338554751343e-05,1.3099230002399643e-05,1.2932741679466799e-05,2.594493124205312e-07,9.172918409337238e-08,1.001976875446095,0.9892419704493928,0.2817473538182285,standard-halo-model,scale_dependent_camb
1,0.40720486,0.44933801,120,139,129.75576923076923,1.0693858042943598e-05,1.065504584534964e-05,1.0519784262425512e-05,1.649029741332959e-07,5.830200562374168e-08,0.9963706084896491,0.9837220786156826,-0.6657094756642788,standard-halo-model,scale_dependent_camb
1,0.40720486,0.44933801,140,159,149.72166666666666,9.210209061079842e-06,9.166059848071926e-06,9.049627607897085e-06,1.0389802549994573e-07,3.673349919145223e-08,0.9952064917620078,0.9825648416753822,-1.2018787749518178,standard-halo-model,scale_dependent_camb
1,0.40720486,0.44933801,160,179,169.6955882352941,7.75406347734338e-06,7.811188772620999e-06,7.71211758316272e-06,1.4111454292283907e-07,4.9891525112389816e-08,1.0073671431043263,0.9945904628839803,1.1449899586940473,standard-halo-model,scale_dependent_camb
1,0.40720486,0.44933801,180,199,189.675,6.447744712880543e-06,6.552267769085094e-06,6.468950343067882e-06,7.757581488253139e-08,2.7427192379755118e-08,1.0162107932089413,1.0032888445699435,3.8109280292831884,standard-halo-model,scale_dependent_camb
1,0.40720486,0.44933801,200,219,209.65833333333333,5.591840259710383e-06,5.733038882548408e-06,5.660292309454605e-06,7.87572187456933e-08,2.7844881721236002e-08,1.0252508326919443,1.0122414172374385,5.070900435189849,standard-halo-model,scale_dependent_camb
1,0.40720486,0.44933801,220,239,229.64456521739132,4.95400325463241e-06,5.053267165257128e-06,4.989007913785012e-06,6.981322802156266e-08,2.468270347528483e-08,1.020037110498847,1.007065933822282,4.02159798759939,standard-halo-model,scale_dependent_camb
1,0.40720486,0.44933801,240,259,249.633,4.3049643723117854e-06,4.470350849593569e-06,4.413536574748819e-06,5.237227667251125e-08,1.851639599065537e-08,1.0384176181214178,1.0252202325146607,8.931893515630614,standard-halo-model,scale_dependent_camb
1,0.40720486,0.44933801,260,279,269.6231481481482,3.7480381366385678e-06,3.958489842046621e-06,3.908137887460746e-06,5.060745583205075e-08,1.7892437598720887e-08,1.0561498303207761,1.0427156141388048,11.762047750447286,standard-halo-model,scale_dependent_camb
1,0.40720486,0.44933801,280,299,289.6146551724138,3.352913738420191e-06,3.5591063806015063e-06,3.5138698621111134e-06,6.778597745006176e-08,2.3965962162148532e-08,1.0614965544202961,1.048004850779955,8.60356203461645,standard-halo-model,scale_dependent_camb
1,0.40720486,0.44933801,300,319,309.60725806451615,3.022311057307089e-06,3.2122932514013546e-06,3.171474712196961e-06,3.179332199245109e-08,1.124063678865478e-08,1.0628599076971057,1.0493541703886624,16.90137290851845,standard-halo-model,scale_dependent_camb
1,0.40720486,0.44933801,320,339,329.6007575757576,2.699267805503216e-06,2.9412729382868744e-06,2.9038871764146064e-06,5.4661531818147115e-08,1.9325769909328028e-08,1.089655843814483,1.0758055093659904,12.52240577835137,standard-halo-model,scale_dependent_camb
1,0.40720486,0.44933801,340,359,349.595,2.4249742895452265e-06,2.6598127119135686e-06,2.6259818255700857e-06,3.360349773538063e-08,1.1880630560137217e-08,1.0968416132825818,1.0828905844039096,19.766494815207,standard-halo-model,scale_dependent_camb
1,0.40720486,0.44933801,360,379,369.58986486486486,2.2114487309876045e-06,2.4406814013929614e-06,2.409691480015111e-06,3.07996674994973e-08,1.0889326873592728e-08,1.1036572393441761,1.0896438367526495,21.051133193665066,standard-halo-model,scale_dependent_camb
1,0.40720486,0.44933801,380,399,389.5852564102564,2.0237732238686454e-06,2.2619648069883275e-06,2.233216371752857e-06,1.928420770464865e-08,6.817997018883463e-09,1.1176967756616303,1.1034914116927785,34.93571241817426,standard-halo-model,scale_dependent_camb
1,0.40720486,0.44933801,400,419,409.5810975609756,1.847919740102758e-06,2.0732074675671953e-06,2.0468726375246704e-06,1.3599114824153249e-08,4.8080131551466326e-09,1.1219142382514458,1.1076631701606527,46.85672026984431,standard-halo-model,scale_dependent_camb
1,0.40720486,0.44933801,420,439,429.57732558139537,1.6967824343648976e-06,1.924514858484683e-06,1.9000397206364962e-06,3.170673775566999e-08,1.1210024638168891e-08,1.1342142749167634,1.1197898340736168,20.315069009249264,standard-halo-model,scale_dependent_camb
1,0.40720486,0.44933801,440,459,449.5738888888889,1.5709780729690848e-06,1.7946581626620683e-06,1.7718451023405344e-06,1.9729544418441746e-08,6.9754473240006785e-09,1.1423826936490826,1.1278611285718452,32.06677354201488,standard-halo-model,scale_dependent_camb
1,0.40720486,0.44933801,460,479,469.5707446808511,1.4585460075870622e-06,1.6813164391820002e-06,1.6599533920941514e-06,1.6902533754345645e-08,5.9759481184661595e-09,1.1527345935171953,1.1380877829423335,37.27783896024121,standard-halo-model,scale_dependent_camb
1,0.40720486,0.44933801,480,499,489.5678571428571,1.3556676151197386e-06,1.5708050463278396e-06,1.5508328269030264e-06,1.7854337781682205e-08,6.3124616595113334e-09,1.1586948222474867,1.1439624356343792,34.08138422257846,standard-halo-model,scale_dependent_camb
1,0.40720486,0.44933801,500,519,509.56519607843137,1.2656412681480436e-06,1.4791967827465583e-06,1.4604262768118868e-06,1.1306556986267144e-08,3.997471558430815e-09,1.1687330525426063,1.1539022261409535,53.422647660398795,standard-halo-model,scale_dependent_camb
1,0.40720486,0.44933801,520,539,529.5627358490566,1.1876008670773664e-06,1.3914702723129824e-06,1.3737791356045464e-06,1.3970628128974084e-08,4.939362943716551e-09,1.1716649178080591,1.1567683837966172,41.27443307136636,standard-halo-model,scale_dependent_camb
1,0.40720486,0.44933801,540,559,549.5604545454545,1.117421513935941e-06,1.3137431161719906e-06,1.297072991783612e-06,8.12089624941567e-09,2.8711704036371097e-09,1.175691625575149,1.1607732405427535,68.3768549534209,standard-halo-model,scale_dependent_camb
1,0.40720486,0.44933801,560,579,569.5583333333333,1.0537373428914434e-06,1.238549854015406e-06,1.2228202740430196e-06,1.068739490857832e-08,3.778564706537156e-09,1.1753876451002856,1.160460225019277,48.910770484947676,standard-halo-model,scale_dependent_camb
1,0.40720486,0.44933801,580,599,589.5563559322034,9.970964939575748e-07,1.1752928413864969e-06,1.160354814297149e-06,1.4701737470433616e-08,5.197849130283984e-09,1.1787152482320373,1.1637337221913056,34.28270866707251,standard-halo-model,scale_dependent_camb
1,0.40720486,0.44933801,600,619,609.5545081967213,9.467813606974663e-07,1.1156023029750965e-06,1.101444509192219e-06,8.47503539022319e-09,2.9963774976113973e-09,1.1783103779665294,1.1633567737125885,56.341680049395684,standard-halo-model,scale_dependent_camb
1,0.40720486,0.44933801,620,639,629.5527777777778,9.012910824500165e-07,1.0593942873077242e-06,1.0459253244205715e-06,1.1210363069945156e-08,3.963461873160731e-09,1.1754185833370605,1.160474506834562,39.89017932235729,standard-halo-model,scale_dependent_camb
1,0.40720486,0.44933801,640,659,649.5511538461539,8.59971300169028e-07,1.0061888155013291e-06,9.934070522338002e-07,1.0944797583805524e-08,3.869570295111513e-09,1.1700260407568974,1.1551630293226591,37.78649932190662,standard-halo-model,scale_dependent_camb
1,0.40720486,0.44933801,660,679,669.5496268656716,8.226980162704543e-07,9.587628079643151e-07,9.465763100870777e-07,8.647995693782569e-09,3.057528199372858e-09,1.1653885010087721,1.150575656397231,44.50156558548492,standard-halo-model,scale_dependent_camb
1,0.40720486,0.44933801,680,699,689.5481884057971,7.890808823842019e-07,9.210835935706911e-07,9.09389599538798e-07,7.1148676822840085e-09,2.5154855926940184e-09,1.1672866674803273,1.152466901480472,52.47603547000159,standard-halo-model,scale_dependent_camb
1,0.40720486,0.44933801,700,719,709.5468309859154,7.584453263077805e-07,8.798726244525101e-07,8.686784490162318e-07,1.0760928095849585e-08,3.8045626142180415e-09,1.1601002655469643,1.1453408952298272,31.916230709659846,standard-halo-model,scale_dependent_camb
1,0.40720486,0.44933801,720,739,729.5455479452055,7.304524102559241e-07,8.467866302859347e-07,8.360282527222886e-07,5.0689281413415804e-09,1.792136731044977e-09,1.1592632434319043,1.1445348676847744,64.91369660292452,standard-halo-model,scale_dependent_camb
1,0.40720486,0.44933801,740,759,749.5443333333334,7.048946046596504e-07,8.084695986134347e-07,7.982031761169613e-07,5.162861419224372e-09,1.8253471599299782e-09,1.1469368516500338,1.1323723728916377,56.742627499832686,standard-halo-model,scale_dependent_camb
1,0.40720486,0.44933801,760,779,769.5431818181818,6.815369207380286e-07,7.745862139880143e-07,7.647401008527824e-07,7.3938761641003425e-09,2.614129987444465e-09,1.1365286170398863,1.1220816915166592,35.5947461285004,standard-halo-model,scale_dependent_camb
1,0.40720486,0.44933801,780,799,789.5420886075949,6.600912462734938e-07,7.43658633316247e-07,7.342123775282721e-07,3.3837924019069655e-09,1.1963512767579653e-09,1.1265997504353042,1.1122892201240735,69.85188102044366,standard-halo-model,scale_dependent_camb
1,0.40720486,0.44933801,800,819,809.5410493827161,6.403268810659211e-07,7.154294124327666e-07,7.063375535789772e-07,6.539305344806777e-09,2.311993576781153e-09,1.117287800321339,1.1030890229115031,32.48388409080538,standard-halo-model,scale_dependent_camb
1,0.40720486,0.44933801,820,839,829.5400602409638,6.22064586395174e-07,6.898842006819892e-07,6.811168747312201e-07,4.297192037665261e-09,1.519286814946972e-09,1.1090234290298147,1.0949295131527266,44.639111996231165,standard-halo-model,scale_dependent_camb
1,0.40720486,0.44933801,840,859,849.5391176470588,6.051472088352021e-07,6.709158782132521e-07,6.623899306279956e-07,4.969907269301218e-09,1.7571275659956042e-09,1.1086820998557403,1.0945930526606498,37.429649759540865,standard-halo-model,scale_dependent_camb
1,0.40720486,0.44933801,860,879,869.5382183908046,5.894358371831915e-07,6.462083002044916e-07,6.379935863590023e-07,6.270651543995611e-09,2.2170101146085953e-09,1.0963166123264672,1.0823800422584748,25.60766982848117,standard-halo-model,scale_dependent_camb
1,0.40720486,0.44933801,880,899,889.5373595505617,5.748075387973788e-07,6.250582273042893e-07,6.171155509500066e-07,6.188976803426511e-09,2.188133733154564e-09,1.087421763138399,1.073603787871581,22.965090179595947,standard-halo-model,scale_dependent_camb
1,0.40720486,0.44933801,900,919,909.5365384615385,5.611535738705746e-07,6.040832992421288e-07,5.964074921804894e-07,3.892342300038461e-09,1.3761508175282193e-09,1.0765026320253919,1.0628240110220626,31.19550911480954,standard-halo-model,scale_dependent_camb
1,0.40720486,0.44933801,920,939,929.535752688172,5.483776389508949e-07,5.851704322554007e-07,5.77737770332997e-07,3.1794471703071043e-09,1.1241043272742665e-09,1.067093897874637,1.0535399864922852,32.73076387288817,standard-halo-model,scale_dependent_camb
1,0.40720486,0.44933801,940,959,949.535,5.363944445696989e-07,5.666459919951526e-07,5.59444323723795e-07,4.989461151911978e-09,1.764040907491901e-09,1.0563979506717707,1.0429718827020793,17.149005613744574,standard-halo-model,scale_dependent_camb
1,0.40720486,0.44933801,960,979,969.5342783505155,5.251284126916269e-07,5.49885590938288e-07,5.428994615670411e-07,5.529068565424159e-09,1.9548209381283994e-09,1.0471449985342907,1.0338413394627153,12.66467826478488,standard-halo-model,scale_dependent_camb
1,0.40720486,0.44933801,980,999,989.5335858585859,5.145123407408035e-07,5.344871081515402e-07,5.276975707240709e-07,3.776122552010632e-09,1.3350609315590844e-09,1.0388227178029914,1.0256266544827344,14.961689716596071,standard-halo-model,scale_dependent_camb
1,0.40720486,0.44933801,1000,1019,1009.5329207920792,5.044861062002685e-07,5.173156508718759e-07,5.107431917415149e-07,2.4091350802559493e-09,8.517578760216896e-10,1.0254309177476424,1.0124028897215307,15.062431511089043,standard-halo-model,scale_dependent_camb
1,0.40720486,0.44933801,1020,1039,1029.532281553398,4.949962611488871e-07,5.060256488839837e-07,4.995965964718278e-07,2.44148375049733e-09,8.631948580667134e-10,1.022281759683391,1.0092936769103333,12.777402033880195,standard-halo-model,scale_dependent_camb
1,0.40720486,0.44933801,1040,1059,1049.5316666666668,4.859954254655393e-07,4.929492799216737e-07,4.866884434715977e-07,3.7229861738291273e-09,1.3162743848891671e-09,1.0143084771826263,1.001425976397606,5.282982435854335,standard-halo-model,scale_dependent_camb
1,0.40720486,0.44933801,1060,1079,1069.5310747663552,4.77441526878531e-07,4.778292192071788e-07,4.7175675468505395e-07,3.980268402845224e-09,1.407237389297203e-09,1.0008120205445523,0.9880932598581369,0.2754988828440725,standard-halo-model,scale_dependent_camb
1,0.40720486,0.44933801,1080,1099,1089.530504587156,4.692971551157354e-07,4.671613145763095e-07,4.612253851036779e-07,4.5484761845419465e-09,1.6081291770775622e-09,0.9954488525742304,0.9828003005684811,-1.3281523461363818,standard-halo-model,scale_dependent_camb
1,0.40720486,0.44933801,1100,1119,1109.529954954955,4.6152901737041117e-07,4.5542927288901444e-07,4.4964170822434594e-07,2.9691189932505986e-09,1.0497420871386366e-09,0.9867836165185228,0.9742436364807702,-5.81070775015154,standard-halo-model,scale_dependent_camb
1,0.40720486,0.44933801,1120,1139,1129.529424778761,4.541073960931297e-07,4.433431593203517e-07,4.377110788809248e-07,2.7096652994115854e-09,9.580113539799043e-10,0.9762958347179828,0.9638933050787786,-11.236022128610175,standard-halo-model,scale_dependent_camb
1,0.40720486,0.44933801,1140,1159,1149.5289130434783,4.470057412494935e-07,4.36137818910404e-07,4.3060005786114547e-07,3.791230344653072e-09,1.3404023428721993e-09,0.9756872869043898,0.9632987188430958,-8.107955344066193,standard-halo-model,scale_dependent_camb
1,0.40720486,0.44933801,1160,1179,1169.5284188034188,4.4020026237243407e-07,4.246646402984948e-07,4.1926828538341454e-07,4.074947352932703e-09,1.440711453118443e-09,0.9647078309535507,0.9524489674853717,-10.783298793323358,standard-halo-model,scale_dependent_camb
1,0.40720486,0.44933801,1180,1199,1189.5279411764707,4.336696064151107e-07,4.165019116450639e-07,4.1120623471454284e-07,3.5361556314441176e-09,1.2502198131625667e-09,0.9604129629651431,0.9482016462111347,-13.731741082089597,standard-halo-model,scale_dependent_camb
1,0.40720486,0.44933801,1200,1219,1209.527479338843,4.2739456161018654e-07,4.0705519102366977e-07,4.0187968550935603e-07,3.764621291955388e-09,1.3309946220704582e-09,0.9524107875638631,0.9403013552519139,-15.28133190716985,standard-halo-model,scale_dependent_camb
1,0.40720486,0.44933801,1220,1239,1229.5270325203253,4.213577955887616e-07,3.976910213461786e-07,3.9263709932281533e-07,4.510494427958846e-09,1.5947005982569188e-09,0.9438321196608846,0.9318377479504919,-14.840888796587809,standard-halo-model,scale_dependent_camb
1,0.40720486,0.44933801,1240,1259,1249.5266,4.1554366569359783e-07,3.9039073328707276e-07,3.854305163363647e-07,3.206613735329132e-09,1.133709158448577e-09,0.9394698211449296,0.9275331286617732,-22.186406645021354,standard-halo-model,scale_dependent_camb
1,0.40720486,0.44933801,1260,1279,1269.5261811023622,4.099380083321804e-07,3.82781057505717e-07,3.779153876658225e-07,3.188354878581669e-09,1.1272536777371547e-09,0.9337535181552192,0.9218842361150144,-24.09125058786958,standard-halo-model,scale_dependent_camb
1,0.40720486,0.44933801,1280,1299,1289.5257751937984,4.045279044799536e-07,3.755084286352905e-07,3.707374049680912e-07,2.767277499663819e-09,9.7838034271862e-10,0.9282633521117178,0.9164692988106662,-29.660730676606637,standard-halo-model,scale_dependent_camb
1,0.40720486,0.44933801,1300,1319,1309.5253816793893,3.993015833468107e-07,3.6857531395316536e-07,3.6389228915635953e-07,4.0511631091676105e-09,1.4323024530925974e-09,0.9230499685573291,0.9113219289198343,-21.452361075903934,standard-halo-model,scale_dependent_camb
1,0.40720486,0.44933801,1320,1339,1329.525,3.942482511467048e-07,3.618348487336578e-07,3.5723651048792023e-07,2.3600164900572696e-09,8.343918319157848e-10,0.9177842835858628,0.9061207232977375,-38.84673983280135,standard-halo-model,scale_dependent_camb
1,0.40720486,0.44933801,1340,1359,1349.5246296296295,3.8935799344351123e-07,3.5646579584173646e-07,3.5193434439890576e-07,3.3535575213077257e-09,1.1856616322079213e-09,0.9155219665304063,0.9038837016966624,-27.74163952705749,standard-halo-model,scale_dependent_camb
1,0.40720486,0.44933801,1360,1379,1369.5242700729927,3.8462169861291715e-07,3.513927705652658e-07,3.469276212524219e-07,2.5503102432782813e-09,9.016708335757931e-10,0.9136062053506427,0.9019970077184061,-36.85261495691727,standard-halo-model,scale_dependent_camb
1,0.40720486,0.44933801,1380,1399,1389.5239208633093,3.800309398059188e-07,3.44548167251998e-07,3.401689877739847e-07,1.9243485394767772e-09,6.803599508152289e-10,0.9066318848353722,0.8951086665409624,-52.15294126499393,standard-halo-model,scale_dependent_camb
1,0.40720486,0.44933801,1400,1419,1409.5235815602837,3.755779257330659e-07,3.393767968884768e-07,3.3506636032682525e-07,3.415497853694684e-09,1.2075608467378048e-09,0.9036122030496588,0.8921353928690863,-29.97872027930147,standard-halo-model,scale_dependent_camb
1,0.40720486,0.44933801,1420,1439,1429.5232517482518,3.712554204861556e-07,3.3346933073144777e-07,3.292314514258302e-07,2.5346579288347996e-09,8.961369047336681e-10,0.8982207728974643,0.8868057764508991,-42.16553247066399,standard-halo-model,scale_dependent_camb
1,0.40720486,0.44933801,1440,1459,1449.5229310344828,3.6705669960116247e-07,3.2940693464560743e-07,3.2521988702473496e-07,2.751567265053265e-09,9.728259360050429e-10,0.8974279314436581,0.8860208446763492,-38.7014403729465,standard-halo-model,scale_dependent_camb
1,0.40720486,0.44933801,1460,1479,1469.522619047619,3.629754954816617e-07,3.2483068065745444e-07,3.2070000851414914e-07,3.165886416774401e-09,1.1193098768837795e-09,0.8949107713908075,0.8835307410727169,-34.07886914247958,standard-halo-model,scale_dependent_camb
1,0.40720486,0.44933801,1480,1499,1489.5223154362416,3.590059503206021e-07,3.190070834947216e-07,3.149558134892241e-07,2.3260716224708317e-09,8.2239050888736e-10,0.8885843903418302,0.8772997027151221,-48.63731571999329,standard-halo-model,scale_dependent_camb
1,0.40720486,0.44933801,1500,1519,1509.5220198675497,3.5514259182007916e-07,3.1627356862758067e-07,3.122555695616754e-07,1.6937366724266942e-09,5.988263433086267e-10,0.8905537547797416,0.8792399919181448,-64.90867281779876,standard-halo-model,scale_dependent_camb
1,0.40720486,0.44933801,1520,1539,1529.5217320261438,3.51380281723248e-07,3.1027734420731136e-07,3.063342943320242e-07,1.77622344734983e-09,6.279898222618056e-10,0.8830243481098069,0.8718027455316839,-65.4515981929418,standard-halo-model,scale_dependent_camb
1,0.40720486,0.44933801,1540,1559,1549.5214516129033,3.4771419169568525e-07,3.0706326572064804e-07,3.0316265773200166e-07,2.908065358783444e-09,1.0281563676647317e-09,0.8830909783210277,0.8718731215817774,-39.53768828701447,standard-halo-model,scale_dependent_camb
1,0.40720486,0.44933801,1560,1579,1569.521178343949,3.4413978416114883e-07,3.004044752957141e-07,2.965879025283677e-07,1.7888888605494352e-09,6.324677220417909e-10,0.8729141154893181,0.8618239336998184,-69.15026228412793,standard-halo-model,scale_dependent_camb
1,0.40720486,0.44933801,1580,1599,1589.5209119496856,3.4065278634353445e-07,2.984370081766831e-07,2.9464403220627345e-07,1.8089209805209697e-09,6.395501459784982e-10,0.876073879741355,0.8649394457297553,-66.0085505918572,standard-halo-model,scale_dependent_camb
1,0.40720486,0.44933801,1600,1619,1609.520652173913,3.372491695186162e-07,2.9501270813837905e-07,2.9126265758222634e-07,2.2233102892183206e-09,7.860588910940493e-10,0.8747618520735729,0.8636423271196481,-53.73193008662715,standard-halo-model,scale_dependent_camb
1,0.40720486,0.44933801,1620,1639,1629.520398773006,3.3392514793983763e-07,2.9116699237388974e-07,2.874669556131106e-07,2.0716089522229583e-09,7.324243690418061e-10,0.8719528737810082,0.8608724361931037,-58.37893627417972,standard-halo-model,scale_dependent_camb
1,0.40720486,0.44933801,1640,1659,1649.5201515151516,3.3067713120592654e-07,2.8699474924289906e-07,2.83349057306919e-07,1.4681138296024772e-09,5.190566222328316e-10,0.8679002028240513,0.8568752736954937,-84.15725778647905,standard-halo-model,scale_dependent_camb
1,0.40720486,0.44933801,1660,1679,1669.5199101796406,3.275017407441079e-07,2.842093734434989e-07,2.805996897760787e-07,1.7383684801859216e-09,6.146060702702088e-10,0.8678102681156883,0.8567883918373553,-70.43921203312506,standard-halo-model,scale_dependent_camb
1,0.40720486,0.44933801,1680,1699,1689.519674556213,3.243957799470603e-07,2.8139512006029466e-07,2.7782047062434544e-07,1.4977438625945143e-09,5.295324208605568e-10,0.8674438369889302,0.856424429040613,-81.20496157135034,standard-halo-model,scale_dependent_camb
1,0.40720486,0.44933801,1700,1719,1709.5194444444444,3.2135621816601666e-07,2.7920912184346234e-07,2.756617272159631e-07,1.4879967998474018e-09,5.260863137779898e-10,0.8688461777304692,0.85780735406076,-80.11441320319263,standard-halo-model,scale_dependent_camb
1,0.40720486,0.44933801,1720,1739,1729.519219653179,3.183801968869186e-07,2.747749440361342e-07,2.7128265837540996e-07,1.6521767701291163e-09,5.841326989385929e-10,0.8630403106815341,0.8520713946029859,-74.64956666527652,standard-halo-model,scale_dependent_camb
1,0.40720486,0.44933801,1740,1759,1749.519,3.154650047237633e-07,2.7294987450708023e-07,2.6948136401431494e-07,1.614603570758675e-09,5.708485669057363e-10,0.8652302804429562,0.8542353667732056,-74.47707269746643,standard-halo-model,scale_dependent_camb
1,0.40720486,0.44933801,1760,1779,1769.5187853107345,3.1260806857724244e-07,2.6942163615871427e-07,2.6599714891653333e-07,2.162722765952403e-09,7.646379668157353e-10,0.8618511908055335,0.8508966199341972,-56.47958157031374,standard-halo-model,scale_dependent_camb
1,0.40720486,0.44933801,1780,1799,1789.5185754189945,3.0980695758334415e-07,2.6666511056754626e-07,2.632769257704288e-07,1.2801658222500058e-09,4.5260696697811576e-10,0.8607460356851674,0.849809596995904,-95.31856591567636,standard-halo-model,scale_dependent_camb
1,0.40720486,0.44933801,1800,1819,1809.5183701657459,3.0705936113853336e-07,2.6391889277403607e-07,2.6056617288567194e-07,1.4795644810841132e-09,5.231050388886658e-10,0.859504467785843,0.8485856673430467,-82.46999198506865,standard-halo-model,scale_dependent_camb
1,0.40720486,0.44933801,1820,1839,1829.518169398907,3.04363090824601e-07,2.612466593562307e-07,2.579256209436924e-07,1.962051307060958e-09,6.936898921293661e-10,0.85833883027158,0.8474273941853557,-62.15519637459203,standard-halo-model,scale_dependent_camb
1,0.40720486,0.44933801,1840,1859,1849.517972972973,3.0171606766410915e-07,2.596344275592773e-07,2.5633513638667633e-07,2.093146200699314e-09,7.400389362646716e-10,0.8605256908237316,0.8495906047405007,-56.864089229193674,standard-halo-model,scale_dependent_camb
1,0.40720486,0.44933801,1860,1879,1869.5177807486632,2.9911632183473836e-07,2.559832512766099e-07,2.52729966048774e-07,2.0103358233911637e-09,7.107610465910666e-10,0.8557983386076824,0.844922017289338,-60.68575474838152,standard-halo-model,scale_dependent_camb
1,0.40720486,0.44933801,1880,1899,1889.5175925925926,2.9656198098751584e-07,2.5453378484349595e-07,2.512974890475261e-07,2.35700721003155e-09,8.33327890759447e-10,0.85828191461336,0.8473692015771395,-50.434164762825596,standard-halo-model,scale_dependent_camb
1,0.40720486,0.44933801,1900,1919,1909.5174083769634,2.94051266538829e-07,2.5276083678554805e-07,2.4954850930235693e-07,1.4990737127935133e-09,5.300025939073941e-10,0.8595808471111326,0.8486564681040217,-77.90608994735507,standard-halo-model,scale_dependent_camb
1,0.40720486,0.44933801,1920,1939,1929.5172279792746,2.9158249287945637e-07,2.502767039633348e-07,2.4709568929131206e-07,1.802306903853462e-09,6.37211716747057e-10,0.8583392695898314,0.8474297851396185,-64.82270779166797,standard-halo-model,scale_dependent_camb
1,0.40720486,0.44933801,1940,1959,1949.5170512820512,2.8915405878631913e-07,2.4832142562406955e-07,2.451654333612089e-07,2.0229396576073513e-09,7.152171749126753e-10,0.8587858896615926,0.8478713194974821,-57.0912368921161,standard-halo-model,scale_dependent_camb
1,0.40720486,0.44933801,1960,1979,1969.5168781725888,2.8676443954700114e-07,2.457411018070688e-07,2.426180123861881e-07,1.8878312879436896e-09,6.674491527205583e-10,0.8569441252732156,0.8460533417931779,-61.46286585685068,standard-halo-model,scale_dependent_camb
1,0.40720486,0.44933801,1980,1999,1989.5167085427136,2.844121881647449e-07,2.434941900235173e-07,2.404009219144675e-07,1.0200559889886284e-09,3.6064425350190466e-10,0.8561313479381343,0.8452553438927026,-113.45806218706731,standard-halo-model,scale_dependent_camb
1,0.40720486,0.44933801,2000,2019,2009.5165422885573,2.82095930313749e-07,2.420645020862683e-07,2.3898994113763004e-07,1.6345366439608093e-09,5.778959725212949e-10,0.858092854501809,0.8471938637038251,-69.27099362334732,standard-halo-model,scale_dependent_camb
1,0.40720486,0.44933801,2020,2039,2029.5163793103447,2.798143610974675e-07,2.4009121444027633e-07,2.370400183475289e-07,1.868154326351798e-09,6.604922962331715e-10,0.858037498499391,0.8471331400498094,-60.1417259273647,standard-halo-model,scale_dependent_camb
1,0.40720486,0.44933801,2040,2059,2049.516219512195,2.775662352672648e-07,2.3756729802153088e-07,2.3454857720183558e-07,1.4325448454672093e-09,5.064810872918492e-10,0.8558940816154404,0.8450184042594082,-78.974197160269,standard-halo-model,scale_dependent_camb
1,0.40720486,0.44933801,2060,2079,2069.5160628019325,2.753503701495824e-07,2.3690131504105173e-07,2.3389062473496993e-07,1.2599833354733505e-09,4.4547138034762535e-10,0.8603631617141336,0.8494291277251971,-86.31094342924303,standard-halo-model,scale_dependent_camb
1,0.40720486,0.44933801,2080,2099,2089.515909090909,2.731656419524758e-07,2.3411479869139862e-07,2.3113972797895526e-07,1.4265917482438497e-09,5.04376349583999e-10,0.8570433566170409,0.8461522698347546,-77.42401738956566,standard-halo-model,scale_dependent_camb
1,0.40720486,0.44933801,2100,2119,2109.5157582938386,2.710109853442857e-07,2.3261827994128331e-07,2.296627001078395e-07,1.4322575386892237e-09,5.06379509006352e-10,0.8583352429266686,0.8474294863585756,-75.81804697891282,standard-halo-model,scale_dependent_camb
1,0.40720486,0.44933801,2120,2139,2129.5156103286386,2.6888537981296437e-07,2.3035077580895032e-07,2.274227814236126e-07,2.0153572714266727e-09,7.125363965697088e-10,0.8566876189742314,0.8457982415474096,-54.08089213340857,standard-halo-model,scale_dependent_camb
1,0.40720486,0.44933801,2140,2159,2149.515465116279,2.6678785595818243e-07,2.2944815015210998e-07,2.2653293954206464e-07,1.325571177855549e-09,4.686601844035488e-10,0.8600397095588742,0.8491126356874822,-79.67330498449252,standard-halo-model,scale_dependent_camb
1,0.40720486,0.44933801,2160,2179,2169.5153225806453,2.6471749863089765e-07,2.274708312500335e-07,2.2457887266393603e-07,1.8353073957265932e-09,6.488791525400482e-10,0.8592965422629725,0.8483718447984886,-57.401547322119164,standard-halo-model,scale_dependent_camb
1,0.40720486,0.44933801,2180,2199,2189.5151826484016,2.626734263775054e-07,2.2621324789214037e-07,2.233390320913936e-07,1.3325223524225376e-09,4.711177957403134e-10,0.8611957860062873,0.850253621660298,-77.39079019095757,standard-halo-model,scale_dependent_camb
1,0.40720486,0.44933801,2200,2219,2209.515045248869,2.6065480708289373e-07,2.242652290870449e-07,2.2141444508935287e-07,1.5475403991262517e-09,5.471381551911544e-10,0.8603916866022878,0.8494546774997264,-66.50893864847599,standard-halo-model,scale_dependent_camb
1,0.40720486,0.44933801,2220,2239,2229.5149103139015,2.586608474366871e-07,2.2328413572956744e-07,2.2044702500174854e-07,1.7390332319003013e-09,6.148410954927304e-10,0.8632312850680701,0.85226282673379,-57.537975204420846,standard-halo-model,scale_dependent_camb
1,0.40720486,0.44933801,2240,2259,2249.514777777778,2.566907875974125e-07,2.2107113426113945e-07,2.1826089718894321e-07,1.946535406803401e-09,6.882041929851998e-10,0.8612351706515544,0.850287223907927,-51.75739075602967,standard-halo-model,scale_dependent_camb
1,0.40720486,0.44933801,2260,2279,2269.5146475770925,2.547439136302629e-07,2.194545243104482e-07,2.1666485811697348e-07,1.895430392635705e-09,6.701358419498936e-10,0.8614711189095023,0.8505202539654878,-52.660053545462034,standard-halo-model,scale_dependent_camb
1,0.40720486,0.44933801,2280,2299,2289.514519650655,2.5281953349565537e-07,2.1868432165310166e-07,2.1590546859938577e-07,1.277278945538176e-09,4.515863019284236e-10,0.8649819047975567,0.8539904556191898,-75.58956437957708,standard-halo-model,scale_dependent_camb
1,0.40720486,0.44933801,2300,2319,2309.514393939394,2.5091699801595846e-07,2.166530042447072e-07,2.1389979752345755e-07,1.5432603907293814e-09,5.456249437106732e-10,0.8634449079090606,0.8524723283587723,-62.79770411196655,standard-halo-model,scale_dependent_camb
1,0.40720486,0.44933801,2320,2339,2329.514270386266,2.490356836936657e-07,2.154017815745832e-07,2.1266344844975516e-07,1.5410834550115838e-09,5.448552807065423e-10,0.8649434425612076,0.8539476965531921,-61.729973646337164,standard-halo-model,scale_dependent_camb
1,0.40720486,0.44933801,2340,2359,2349.5141489361704,2.4717499685392623e-07,2.1340757259260967e-07,2.1069544864413706e-07,1.2205069475759276e-09,4.315143695581162e-10,0.8633865694705675,0.8524140844579535,-78.253301960478,standard-halo-model,scale_dependent_camb
1,0.40720486,0.44933801,2360,2379,2369.514029535865,2.453343755588784e-07,2.1261751764663e-07,2.0991592230446924e-07,1.3047640610879806e-09,4.613037577219049e-10,0.866643808729541,0.8556319179742955,-70.92259138277304,standard-halo-model,scale_dependent_camb
1,0.40720486,0.44933801,2380,2399,2389.513912133891,2.4351327554066283e-07,2.1075752916368575e-07,2.0807859242816718e-07,1.7575895944303305e-09,6.214017603823003e-10,0.865486814613081,0.8544856208195573,-52.71267071535976,standard-halo-model,scale_dependent_camb
1,0.40720486,0.44933801,2400,2419,2409.5137966804978,2.417111887173033e-07,2.097649512774808e-07,2.0709915339752473e-07,1.6315738772845657e-09,5.768484763173721e-10,0.8678330216761886,0.8568041657340919,-55.38063937304438,standard-halo-model,scale_dependent_camb
1,0.40720486,0.44933801,2420,2439,2429.513683127572,2.3992762347325145e-07,2.0838512754511587e-07,2.0573547806628628e-07,1.6987907432785689e-09,6.006132271946057e-10,0.8685332873659205,0.8574897508173872,-52.51715163761362,standard-halo-model,scale_dependent_camb
1,0.40720486,0.44933801,2440,2459,2449.5135714285716,2.3816211084897293e-07,2.0686669029828957e-07,2.042381929493291e-07,1.4917516260488318e-09,5.274138453125938e-10,0.86859614050646,0.8575595514386577,-59.33750285249873,standard-halo-model,scale_dependent_camb
1,0.40720486,0.44933801,2460,2479,2469.5134615384613,2.364142080580779e-07,2.055076071404583e-07,2.0289675102953526e-07,1.2312075615561946e-09,4.352976079122694e-10,0.8692692745859545,0.858225707736192,-71.00108145746707,standard-halo-model,scale_dependent_camb
1,0.40720486,0.44933801,2480,2499,2489.513353413655,2.3468349078055888e-07,2.0436624378547888e-07,2.0176868806356299e-07,1.4177096623979569e-09,5.012360580176431e-10,0.8708164477431087,0.8597481117759028,-60.48496813055069,standard-halo-model,scale_dependent_camb
1,0.40720486,0.44933801,2500,2519,2509.513247011952,2.3296955102746463e-07,2.0260979833442327e-07,2.0003324932907972e-07,2.0007327779713647e-09,7.073658573228755e-10,0.8696836021739928,0.8586240066432456,-42.919448795481976,standard-halo-model,scale_dependent_camb
1,0.40720486,0.44933801,2520,2539,2529.51314229249,2.3127200494731902e-07,2.015961338343254e-07,1.9903421631650386e-07,1.3058868369821867e-09,4.6170071894617787e-10,0.8716841187944324,0.8606066106524284,-64.27512432886866,standard-halo-model,scale_dependent_camb
1,0.40720486,0.44933801,2540,2559,2549.513039215686,2.2959048302459862e-07,2.0026076746713562e-07,1.977150872499322e-07,1.27221503715627e-09,4.4979593995034693e-10,0.8722520412384839,0.8611641242496483,-65.20671476203344,standard-halo-model,scale_dependent_camb
1,0.40720486,0.44933801,2560,2579,2569.512937743191,2.279246337176403e-07,1.9860407844833498e-07,1.960804659444526e-07,8.828779590691795e-10,3.1214449590897795e-10,0.8713585504512492,0.86028641461968,-93.93263585802664,standard-halo-model,scale_dependent_camb
1,0.40720486,0.44933801,2580,2599,2589.5128378378377,2.2627412075695456e-07,1.9790667495869509e-07,1.9539091953875811e-07,1.3887989547156602e-09,4.910145792921161e-10,0.8746323896724827,0.8635142140211045,-57.77312323221876,standard-halo-model,scale_dependent_camb
1,0.40720486,0.44933801,2600,2619,2609.5127394636015,2.246386220439997e-07,1.9644306865901592e-07,1.939465233809774e-07,1.1983274293012182e-09,4.236727256703672e-10,0.8744848364522947,0.8633712298279204,-66.55031508193174,standard-halo-model,scale_dependent_camb
1,0.40720486,0.44933801,2620,2639,2629.5126425855515,2.23017832768942e-07,1.953185078398214e-07,1.9283740186140375e-07,5.557401916464721e-10,1.9648382904556595e-10,0.875797712742467,0.8646725666157525,-140.9750871798052,standard-halo-model,scale_dependent_camb
1,0.40720486,0.44933801,2640,2659,2649.512547169811,2.2141146014279935e-07,1.9400425604224952e-07,1.9153828760917219e-07,1.4120105967189167e-09,4.992211340236046e-10,0.876215964237472,0.8650784719347387,-54.89992757248521,standard-halo-model,scale_dependent_camb
1,0.40720486,0.44933801,2660,2679,2669.5124531835204,2.1981922490953396e-07,1.9280424488694627e-07,1.9035361401784155e-07,1.4355690223419258e-09,5.07550295279659e-10,0.8771036517224295,0.8659552598103332,-53.226212798679384,standard-halo-model,scale_dependent_camb
1,0.40720486,0.44933801,2680,2699,2689.5123605947956,2.1824085944747977e-07,1.9117630799254036e-07,1.8874849745125772e-07,3.5555522179726104e-10,1.257077542095651e-10,0.8759876976132759,0.8648632429743548,-215.29739056367666,standard-halo-model,scale_dependent_camb
1,0.40720486,0.44933801,2700,2719,2709.512269372694,2.1667610824105747e-07,1.899306710703632e-07,1.8751642706575383e-07,1.3872938504572618e-09,4.90482444578363e-10,0.8765648996199464,0.865422720520424,-54.528836793915545,standard-halo-model,scale_dependent_camb
1,0.40720486,0.44933801,2720,2739,2729.5121794871793,2.1512472759520074e-07,1.8907023678109116e-07,1.8666733886452825e-07,1.167616884314175e-09,4.1281490836323084e-10,0.878886583121508,0.8677167936536769,-63.11421968119559,standard-halo-model,scale_dependent_camb
1,0.40720486,0.44933801,2740,2759,2749.512090909091,2.135864845063976e-07,1.8809721565368344e-07,1.8570537802490407e-07,1.6419994029470331e-09,5.805344562640547e-10,0.8806606658112272,0.8694622155239491,-43.90655641139139,standard-halo-model,scale_dependent_camb
1,0.40720486,0.44933801,2760,2779,2769.5120036101084,2.1206115487799485e-07,1.8668498862196149e-07,1.84312917659809e-07,1.2328222278035816e-09,4.358684786387096e-10,0.8803356217189657,0.8691498344703902,-58.219778441623916,standard-halo-model,scale_dependent_camb
1,0.40720486,0.44933801,2780,2799,2789.511917562724,2.1054852537609273e-07,1.850495947812765e-07,1.8269789122597313e-07,1.2108308560382482e-09,4.2809335458727877e-10,0.8788928559377526,0.8677234423733372,-59.56394866115017,standard-halo-model,scale_dependent_camb
1,0.40720486,0.44933801,2800,2819,2809.5118327402133,2.0904839183446507e-07,1.8376537166089388e-07,1.814304427813398e-07,1.1580973169695877e-09,4.0944923305157097e-10,0.8790566148263339,0.8678872924552582,-61.74885219625441,standard-halo-model,scale_dependent_camb
1,0.40720486,0.44933801,2820,2839,2829.511749116608,2.0756055868938876e-07,1.8310948082463962e-07,1.8078209835579836e-07,1.3366202795530707e-09,4.725666317717175e-10,0.8821978606188866,0.8709848320765798,-51.741016442652075,standard-halo-model,scale_dependent_camb
1,0.40720486,0.44933801,2840,2859,2849.5116666666668,2.0608483833655134e-07,1.8199893976884562e-07,1.796849040756065e-07,1.4666265348531214e-09,5.185307841313852e-10,0.8831262951601917,0.8718977365145522,-46.45027702270969,standard-halo-model,scale_dependent_camb
1,0.40720486,0.44933801,2860,2879,2869.5115853658535,2.0462105093007072e-07,1.8044412534571708e-07,1.7815064419750945e-07,1.1409224607064536e-09,4.033770043867878e-10,0.8818453650078452,0.8706369329438761,-59.936301081682416,standard-halo-model,scale_dependent_camb
1,0.40720486,0.44933801,2880,2899,2889.5115051903113,2.0316902481199026e-07,1.7971257866056285e-07,1.7742833400052324e-07,1.1308110279130099e-09,3.9980207303890975e-10,0.8845471342241581,0.8733040588481089,-58.670146388021784,standard-halo-model,scale_dependent_camb
1,0.40720486,0.44933801,2900,2919,2909.5114261168383,2.017285953951228e-07,1.779575324069451e-07,1.756953700489785e-07,1.1993918586448893e-09,4.240490582738691e-10,0.8821631462727549,0.8709492558793986,-56.05734177300146,standard-halo-model,scale_dependent_camb
1,0.40720486,0.44933801,2920,2939,2929.511348122867,2.0029960385479063e-07,1.7728586741902202e-07,1.7503438380690017e-07,1.0058184003753601e-09,3.556105057738115e-10,0.8851034350899033,0.8738628556339694,-64.71613200990934,standard-halo-model,scale_dependent_camb
1,0.40720486,0.44933801,2940,2959,2949.511271186441,1.9888189877111843e-07,1.7623887184845975e-07,1.7399953554501973e-07,1.0190600085588403e-09,3.6029212124398853e-10,0.8861483771898355,0.8748887486501002,-62.84630050881658,standard-halo-model,scale_dependent_camb
1,0.40720486,0.44933801,2960,2979,2969.5111952861953,1.9747533471807558e-07,1.7558483222660047e-07,1.733545713368073e-07,7.260594516300767e-10,2.5670078089610664e-10,0.889148168692931,0.8778542980281354,-85.27633774645489,standard-halo-model,scale_dependent_camb
1,0.40720486,0.44933801,2980,2999,2989.511120401338,1.9607977177816378e-07,1.7405796035090664e-07,1.718457024195529e-07,1.1331916828840814e-09,4.006437616757648e-10,0.8876895294830734,0.8764070911606923,-54.9660659513253,standard-halo-model,scale_dependent_camb
1,0.40720486,0.44933801,3000,3019,3009.5110465116277,1.946950756670295e-07,1.7211111304296205e-07,1.6992470830366767e-07,6.507336482385147e-10,2.3006908770785757e-10,0.8840034215210925,0.872773529178907,-98.1616559141775,standard-halo-model,scale_dependent_camb
1,0.40720486,0.44933801,3020,3039,3029.5109735973597,1.9332111689833224e-07,1.7174139341669299e-07,1.6955981336474957e-07,9.077174110987236e-10,3.2092656839450227e-10,0.88837368711775,0.8770889393005175,-67.241935093115,standard-halo-model,scale_dependent_camb
1,0.40720486,0.44933801,3040,3059,3049.5109016393444,1.919577720058998e-07,1.7113373060127214e-07,1.6895944697697934e-07,9.860887957781865e-10,3.486350371734161e-10,0.8915175916712159,0.880190706588251,-59.73020260229748,standard-halo-model,scale_dependent_camb
1,0.40720486,0.44933801,3060,3079,3069.5108306188927,1.906049212269714e-07,1.6935557771112982e-07,1.672023312161473e-07,1.3586226205374719e-09,4.803456340277419e-10,0.8885162912948193,0.8772193820591,-44.23761144171106,standard-halo-model,scale_dependent_camb
1,0.40720486,0.44933801,3080,3099,3089.5107605177996,1.8926245064074541e-07,1.6878889742490125e-07,1.6664380013568156e-07,1.1050497681202393e-09,3.9069409229322155e-10,0.8918245370567103,0.8804905546320005,-52.40302738050736,standard-halo-model,scale_dependent_camb
1,0.40720486,0.44933801,3100,3119,3109.510691318328,1.8793024883412855e-07,1.6771784577626323e-07,1.6558652643647503e-07,1.073430136267397e-09,3.7951486424233805e-10,0.8924473139196168,0.88110630121405,-53.25852809011126,standard-halo-model,scale_dependent_camb
1,0.40720486,0.44933801,3120,3139,3129.5106230031947,1.86608209544214e-07,1.6604360663455468e-07,1.639344234788934e-07,9.043328630241496e-10,3.1972994994711067e-10,0.8897979731980289,0.878495238121084,-64.31866302503438,standard-halo-model,scale_dependent_camb
1,0.40720486,0.44933801,3140,3159,3149.5105555555556,1.852962295235755e-07,1.6529645571214635e-07,1.6319461697815376e-07,1.6851308347845464e-09,5.957837202313501e-10,0.8920659429344484,0.8807228155572927,-33.56884911803732,standard-halo-model,scale_dependent_camb
1,0.40720486,0.44933801,3160,3179,3169.5104889589907,1.839942101273198e-07,1.6385896201389664e-07,1.6177702287789455e-07,9.033458566154275e-10,3.193809904847697e-10,0.8905658602002203,0.8792506175381744,-63.044604135208665,standard-halo-model,scale_dependent_camb
1,0.40720486,0.44933801,3180,3199,3189.510423197492,1.827020560347305e-07,1.6311774529966487e-07,1.6104388349466668e-07,1.25315547048514e-09,4.430573655305304e-10,0.8928073872833551,0.8814563283516266,-44.20265242992808,standard-halo-model,scale_dependent_camb
1,0.40720486,0.44933801,3200,3219,3209.5103582554516,1.8141967525439253e-07,1.622704859001267e-07,1.6020931738178468e-07,5.634849222765398e-10,1.9922200481905796e-10,0.8944481113891631,0.8830867829364925,-96.11985067441705,standard-halo-model,scale_dependent_camb
1,0.40720486,0.44933801,3220,3239,3229.510294117647,1.8014697773214693e-07,1.612757768805152e-07,1.5922656419403996e-07,9.809841731638203e-10,3.4683028054040783e-10,0.8952455317918765,0.8838703052281417,-54.41047656573663,standard-halo-model,scale_dependent_camb
1,0.40720486,0.44933801,3240,3259,3249.510230769231,1.7888387697420338e-07,1.5996539470761227e-07,1.579331596571775e-07,8.326111350724834e-10,2.943724898505907e-10,0.8942415460431947,0.88288090759545,-64.26715443482243,standard-halo-model,scale_dependent_camb
1,0.40720486,0.44933801,3260,3279,3269.5101681957185,1.7763029032906929e-07,1.587962047090286e-07,1.567781860786735e-07,1.001797920220732e-09,3.541890513833297e-10,0.8939703043599739,0.8826095244692435,-53.17523380940714,standard-halo-model,scale_dependent_camb
1,0.40720486,0.44933801,3280,3299,3289.510106382979,1.7638613757681098e-07,1.5826844231348545e-07,1.5625774453221737e-07,7.848996553413013e-10,2.7750393442140906e-10,0.897283905003953,0.8858844956802329,-65.2880662794948,standard-halo-model,scale_dependent_camb
1,0.40720486,0.44933801,3300,3319,3309.5100453172204,1.7515133877950434e-07,1.57173646976095e-07,1.5517621660220422e-07,1.00763407711346e-09,3.5625244444078803e-10,0.8973590956901494,0.8859550699612605,-50.46335003154589,standard-halo-model,scale_dependent_camb
1,0.40720486,0.44933801,3320,3339,3329.509984984985,1.7392581835096558e-07,1.561961085955288e-07,1.5421077215524695e-07,1.294167934330342e-09,4.5755746117958564e-10,0.8980616568400447,0.886646810791854,-38.74859719198872,standard-halo-model,scale_dependent_camb
1,0.40720486,0.44933801,3340,3359,3349.509925373134,1.727095041846592e-07,1.5547206079913478e-07,1.5349606914701578e-07,9.65276777616397e-10,3.412768775872267e-10,0.9001940080431571,0.8887528794182593,-50.508676437121714,standard-halo-model,scale_dependent_camb
1,0.40720486,0.44933801,3360,3379,3369.5098664688426,1.715023232014572e-07,1.544258326309738e-07,1.524633519259938e-07,9.485423745592154e-10,3.353603726468056e-10,0.9004299752229927,0.8889870940517869,-50.9198222667411,standard-halo-model,scale_dependent_camb
1,0.40720486,0.44933801,3380,3399,3389.509808259587,1.7030420552003764e-07,1.531381780107083e-07,1.5119213927079426e-07,8.851245959851186e-10,3.129388020080402e-10,0.8992037368841745,0.8877768978700018,-54.85426351471841,standard-halo-model,scale_dependent_camb
1,0.40720486,0.44933801,3400,3419,3409.509750733138,1.6911508555460894e-07,1.525921302035891e-07,1.5065263781647054e-07,9.436047260387798e-10,3.3361465027084776e-10,0.9022975667910808,0.8908290902754699,-49.527067644078414,standard-halo-model,scale_dependent_camb
1,0.40720486,0.44933801,3420,3439,3429.509693877551,1.679348957191564e-07,1.5106551195762158e-07,1.49145587816745e-07,9.449556236774696e-10,3.3409226471135097e-10,0.8995480737383724,0.8881155234476493,-50.4931886887882,standard-halo-model,scale_dependent_camb
1,0.40720486,0.44933801,3440,3459,3449.5096376811593,1.6676357156472648e-07,1.5041256637771195e-07,1.4850213224566792e-07,6.163174610952202e-10,2.1790112805205318e-10,0.9019509774611167,0.8904950334913481,-75.03864405469497,standard-halo-model,scale_dependent_camb
1,0.40720486,0.44933801,3460,3479,3469.509582132565,1.6560105299819175e-07,1.4944831193758666e-07,1.4754910579876012e-07,7.995125649613139e-10,2.8267037816399757e-10,0.902459913338948,0.8909913501599006,-57.143380801060495,standard-halo-model,scale_dependent_camb
1,0.40720486,0.44933801,3480,3499,3489.5095272206304,1.644472763943986e-07,1.482265553819468e-07,1.4634289018312765e-07,7.636503101866222e-10,2.699911563940855e-10,0.9013621790028971,0.8899076554612515,-60.0787123144717,standard-halo-model,scale_dependent_camb
1,0.40720486,0.44933801,3500,3519,3509.509472934473,1.6330218310771855e-07,1.476772019446908e-07,1.4579998796423687e-07,9.304102367922355e-10,3.2894969386058556e-10,0.9043186020806527,0.8928232629202713,-47.499606944914404,standard-halo-model,scale_dependent_camb
1,0.40720486,0.44933801,3520,3539,3529.509419263456,1.6216571623153466e-07,1.4660425481044094e-07,1.4474173520270079e-07,8.252570814025959e-10,2.917724392409971e-10,0.9040397577076305,0.8925544718468329,-53.334240415491465,standard-halo-model,scale_dependent_camb
1,0.40720486,0.44933801,3540,3559,3549.509366197183,1.610378164648938e-07,1.4534646534799039e-07,1.4350018314140038e-07,4.607929664323163e-10,1.62914915643678e-10,0.9025610787493251,0.8910961803352778,-96.31623387525187,standard-halo-model,scale_dependent_camb
1,0.40720486,0.44933801,3560,3579,3569.5093137254903,1.599184307531278e-07,1.4475339069905117e-07,1.4291418668040843e-07,5.948420370833787e-10,2.103084190782384e-10,0.9051701546678664,0.893669266308838,-72.1085733064969,standard-halo-model,scale_dependent_camb
1,0.40720486,0.44933801,3580,3599,3589.50926183844,1.588075020987949e-07,1.4364663918532626e-07,1.4182145707205775e-07,8.106478889008942e-10,2.866073096981906e-10,0.9045330811636532,0.893040033989263,-52.897684045231294,standard-halo-model,scale_dependent_camb
1,0.40720486,0.44933801,3600,3619,3609.5092105263157,1.5770497854439588e-07,1.42796327940273e-07,1.4098168138308322e-07,7.120685868133501e-10,2.5175426320282083e-10,0.9054649336899285,0.8939583435116168,-59.21905915099444,standard-halo-model,scale_dependent_camb
1,0.40720486,0.44933801,3620,3639,3629.5091597796145,1.5661080776349674e-07,1.415951513455179e-07,1.3979537795614353e-07,9.861415962944333e-10,3.4865370497496025e-10,0.9041211993449744,0.8926291866603053,-43.067537225962475,standard-halo-model,scale_dependent_camb
1,0.40720486,0.44933801,3640,3659,3649.509109589041,1.5552493660786808e-07,1.411084382511937e-07,1.393151218943032e-07,8.173055183386906e-10,2.889611371592371e-10,0.9073042646979286,0.8957735327394127,-49.890786347265475,standard-halo-model,scale_dependent_camb
1,0.40720486,0.44933801,3660,3679,3669.5090599455043,1.5444731683480165e-07,1.4067152798705285e-07,1.38884122236344e-07,5.722519108195756e-10,2.0232160334374067e-10,0.910805903721309,0.8992329881968478,-68.088570968588,standard-halo-model,scale_dependent_camb
1,0.40720486,0.44933801,3680,3699,3689.509010840108,1.533778959760574e-07,1.393337007311879e-07,1.3756338100976987e-07,7.30530675088319e-10,2.582815971098684e-10,0.9084340337602373,0.8968918248249004,-54.37551649835646,standard-halo-model,scale_dependent_camb
1,0.40720486,0.44933801,3700,3719,3709.508962264151,1.5231662807796372e-07,1.3862540325969026e-07,1.368638254743949e-07,6.797458152927345e-10,2.403264377383355e-10,0.9101133934552073,0.898548157226411,-56.969282893379784,standard-halo-model,scale_dependent_camb
1,0.40720486,0.44933801,3720,3739,3729.508914209115,1.5126346171088622e-07,1.380208869624202e-07,1.3626717551079997e-07,7.391569332271325e-10,2.6133143992297875e-10,0.9124535786852683,0.9008598241077608,-50.673484799107825,standard-halo-model,scale_dependent_camb
1,0.40720486,0.44933801,3740,3759,3749.5088666666666,1.5021835233330027e-07,1.3692660549165965e-07,1.3518590264328734e-07,9.788831853143345e-10,3.4608746916262686e-10,0.9115171572901475,0.8999293398142235,-38.40574428713226,standard-halo-model,scale_dependent_camb
1,0.40720486,0.44933801,3760,3779,3769.5088196286474,1.491812503010716e-07,1.3575757812098928e-07,1.3403239627757272e-07,6.810586199756786e-10,2.4079058428517706e-10,0.9100176989199968,0.8984533646626095,-55.74832678749675,standard-halo-model,scale_dependent_camb
1,0.40720486,0.44933801,3780,3799,3789.5087730870714,1.4815211215314583e-07,1.3524866177821775e-07,1.33529625671295e-07,9.031695467317628e-10,3.1931865552760495e-10,0.9129040403987646,0.9013008571438018,-40.409322009727,standard-halo-model,scale_dependent_camb
1,0.40720486,0.44933801,3800,3819,3809.5087270341205,1.471308893457824e-07,1.3434513142347036e-07,1.3263854220576488e-07,7.745028771597408e-10,2.7382811824407214e-10,0.9130994315390608,0.9015003089802709,-46.69264064005166,standard-halo-model,scale_dependent_camb
1,0.40720486,0.44933801,3820,3839,3829.508681462141,1.4611753941976092e-07,1.3330543718849666e-07,1.316118192016768e-07,5.690248381594699e-10,2.0118066086306944e-10,0.9123164660304186,0.9007256741682965,-63.68456180778045,standard-halo-model,scale_dependent_camb
1,0.40720486,0.44933801,3840,3859,3849.5086363636365,1.451120151518277e-07,1.32275013705311e-07,1.305943398712453e-07,8.591613374128665e-10,3.0375940390897067e-10,0.9115372945990337,0.8999553878058074,-42.2604248010825,standard-halo-model,scale_dependent_camb
1,0.40720486,0.44933801,3860,3879,3869.5085917312663,1.4411427508027051e-07,1.3171424800857265e-07,1.3004017897274582e-07,7.903328278082746e-10,2.7942485096878545e-10,0.9139569826459513,0.902340721627434,-44.37696585935757,standard-halo-model,scale_dependent_camb
1,0.40720486,0.44933801,3880,3899,3889.5085475578408,1.431242728490324e-07,1.3111075401422115e-07,1.2944461873880881e-07,6.438111197554386e-10,2.276216042911875e-10,0.9160623240511893,0.9044211450796127,-52.77846482200709,standard-halo-model,scale_dependent_camb
1,0.40720486,0.44933801,3900,3919,3909.5085038363172,1.4214196731276802e-07,1.3006801186096977e-07,1.2841493663462084e-07,6.897978089348111e-10,2.438803541727137e-10,0.9150570680843976,0.9034273203216447,-49.50770017025474,standard-halo-model,scale_dependent_camb
1,0.40720486,0.44933801,3920,3939,3929.5084605597963,1.41167314120265e-07,1.2935950855675068e-07,1.2771642585362e-07,5.176085879140347e-10,1.8300227125720358e-10,0.9163559522464607,0.9047166948633324,-64.52272686232864,standard-halo-model,scale_dependent_camb
1,0.40720486,0.44933801,3940,3959,3949.508417721519,1.402002714294297e-07,1.287411785932775e-07,1.2710492985410512e-07,7.208223712498915e-10,2.5484919337088266e-10,0.9182662578373099,0.9065954620357768,-44.96421073413303,standard-halo-model,scale_dependent_camb
1,0.40720486,0.44933801,3960,3979,3969.5083753148615,1.3924079734665046e-07,1.276136091780606e-07,1.259922649252647e-07,5.737542700491701e-10,2.028527675432529e-10,0.9164958231340553,0.9048516478370737,-57.31836104287153,standard-halo-model,scale_dependent_camb
1,0.40720486,0.44933801,3980,3999,3989.508333333333,1.3828884854130364e-07,1.2714729984981327e-07,1.2553153318804977e-07,7.408428306439066e-10,2.6192749467087166e-10,0.919432775606902,0.9077487773756135,-42.53676654102472,standard-halo-model,scale_dependent_camb
1,0.40720486,0.44933801,4000,4019,4009.5082917705736,1.3734438558401258e-07,1.2609856346534772e-07,1.2449628037371902e-07,7.65074086603242e-10,2.7049453737362817e-10,0.9181195352773568,0.9064533642517593,-41.57504335524249,standard-halo-model,scale_dependent_camb
1,0.40720486,0.44933801,4020,4039,4029.5082506203476,1.3640736492082226e-07,1.2574169492045624e-07,1.241440124724102e-07,6.718637279170989e-10,2.3753969902172704e-10,0.9218101602757526,0.9100975782683705,-44.900578910771706,standard-halo-model,scale_dependent_camb
1,0.40720486,0.44933801,4040,4059,4049.5082098765433,1.3547774716825762e-07,1.246045202976221e-07,1.2302173241889166e-07,4.5286452125126525e-10,1.601117869677845e-10,0.9197416026033307,0.9080585925753835,-67.9102212057834,standard-halo-model,scale_dependent_camb
1,0.40720486,0.44933801,4060,4079,4069.5081695331696,1.3455549088489954e-07,1.2418145191739588e-07,1.2260378674342242e-07,6.328443092724304e-10,2.237442512609261e-10,0.9229014074470009,0.9111763922610876,-46.365611223707624,standard-halo-model,scale_dependent_camb
1,0.40720486,0.44933801,4080,4096,4088.005870123517,1.3370894101152494e-07,1.2352813090346693e-07,1.219586257847475e-07,6.280161555835755e-10,2.2203724115392605e-10,0.9238584194068182,0.9121201982613516,-45.85181321452386,standard-halo-model,scale_dependent_camb
2,0.36610056,0.40720486,20,39,30.608333333333334,3.685577656764683e-05,3.53183680002622e-05,3.566285455000763e-05,1.3749924895531294e-06,4.861332567217955e-07,0.9582858181115028,0.9676326988945776,-3.1625249787517844,standard-halo-model,scale_dependent_camb
2,0.36610056,0.40720486,40,59,50.165,2.9114154627114067e-05,2.8320340731107107e-05,2.8596655563187233e-05,9.21916181734422e-07,3.2594659189500963e-07,0.9727344342923947,0.9822251729251693,-2.4354109407674223,standard-halo-model,scale_dependent_camb
2,0.36610056,0.40720486,60,79,69.975,2.3747008966532088e-05,2.314587063377268e-05,2.3372719046761287e-05,7.577405178363588e-07,2.6790172927094766e-07,0.974685724269249,0.9842384394473297,-2.2438762690905776,standard-halo-model,scale_dependent_camb
2,0.36610056,0.40720486,80,99,89.86944444444444,1.8694186401396794e-05,1.8360488074852016e-05,1.8540114902939287e-05,2.4425270477258663e-07,8.635637193392589e-08,0.9821496202413043,0.9917583201991612,-3.8642003950803083,standard-halo-model,scale_dependent_camb
2,0.36610056,0.40720486,100,119,109.80227272727272,1.4523091454906272e-05,1.4362296904142284e-05,1.4502922009412467e-05,2.7771748412487654e-07,9.818795813938377e-08,0.9889283523922404,0.9986112154181201,-1.637619865113498,standard-halo-model,scale_dependent_camb
2,0.36610056,0.40720486,120,139,129.75576923076923,1.212143759652563e-05,1.186808665640527e-05,1.1984017163527983e-05,3.3184289627870185e-07,1.173241811236271e-07,0.9790989362356675,0.9886630251648505,-2.1594094047279033,standard-halo-model,scale_dependent_camb
2,0.36610056,0.40720486,140,159,149.72166666666666,1.017785111020512e-05,9.917119229792762e-06,1.0014126454944554e-05,1.1567045793940764e-07,4.089568259595423e-08,0.9743824234026249,0.9839136323092404,-6.375535603314565,standard-halo-model,scale_dependent_camb
2,0.36610056,0.40720486,160,179,169.6955882352941,8.298590442871263e-06,8.32171273617351e-06,8.402994655289102e-06,1.469766612465787e-07,5.196409692180692e-08,1.0027862916553631,1.0125809573489104,0.4449667110936433,standard-halo-model,scale_dependent_camb
2,0.36610056,0.40720486,180,199,189.675,7.043318311102484e-06,7.058390372231105e-06,7.127417594607286e-06,5.004191190407139e-08,1.7692487625454346e-08,1.0021399091256264,1.01194029288329,0.8518904434295723,standard-halo-model,scale_dependent_camb
2,0.36610056,0.40720486,200,219,209.65833333333333,6.165226472165632e-06,6.206794544129946e-06,6.267550839881673e-06,5.558563922381797e-08,1.965249121587531e-08,1.0067423430675226,1.0165970168619123,2.1151553514363037,standard-halo-model,scale_dependent_camb
2,0.36610056,0.40720486,220,239,229.64456521739132,5.2863819413750945e-06,5.3860277350185925e-06,5.438585248687023e-06,7.881906220654181e-08,2.7866746686505016e-08,1.0188495259609596,1.0287915835442525,3.5757957240036666,standard-halo-model,scale_dependent_camb
2,0.36610056,0.40720486,240,259,249.633,4.560360060340672e-06,4.741379873451698e-06,4.7877089031723396e-06,6.299814644245169e-08,2.227320827582038e-08,1.0396941931592794,1.0498532659315247,8.12724466405406,standard-halo-model,scale_dependent_camb
2,0.36610056,0.40720486,260,279,269.6231481481482,4.054986656580429e-06,4.25024788741186e-06,4.29175736964686e-06,5.75065124307417e-08,2.033162245108297e-08,1.0481533596453543,1.0583900104041526,9.603819434539508,standard-halo-model,scale_dependent_camb
2,0.36610056,0.40720486,280,299,289.6146551724138,3.60817652463427e-06,3.8142227670277966e-06,3.851509744846412e-06,3.6007934694618235e-08,1.2730727399543453e-08,1.0571053663773868,1.0674393889963039,16.18495439631483,standard-halo-model,scale_dependent_camb
2,0.36610056,0.40720486,300,319,309.60725806451615,3.1901107005368127e-06,3.4317533949462976e-06,3.4652955159380314e-06,2.36465708565607e-08,8.360325302241128e-09,1.0757474323285467,1.086261838924559,28.90350383192727,standard-halo-model,scale_dependent_camb
2,0.36610056,0.40720486,320,339,329.6007575757576,2.863521723534667e-06,3.1370313714093217e-06,3.167749289493987e-06,2.13623405180429e-08,7.55272792116214e-09,1.0955151293691043,1.106242450846082,36.21335903128491,standard-halo-model,scale_dependent_camb
2,0.36610056,0.40720486,340,359,349.595,2.599763725438073e-06,2.8548619431345682e-06,2.8827966218903363e-06,2.7565365216656906e-08,9.745828335290941e-09,1.0981236160811152,1.1088686997525403,26.175119129971826,standard-halo-model,scale_dependent_camb
2,0.36610056,0.40720486,360,379,369.58986486486486,2.3557065613981086e-06,2.6225372720374393e-06,2.6481480263733544e-06,3.1655039911231596e-08,1.1191746689981335e-08,1.1132699271682494,1.1241417202665862,23.84173963463568,standard-halo-model,scale_dependent_camb
2,0.36610056,0.40720486,380,399,389.5852564102564,2.1430984444922444e-06,2.4084167166967263e-06,2.431961821742309e-06,2.8306683111585065e-08,1.0007923790550259e-08,1.123801252754557,1.1347877312833865,26.510820601472027,standard-halo-model,scale_dependent_camb
2,0.36610056,0.40720486,400,419,409.5810975609756,1.969572925610665e-06,2.2086293047227346e-06,2.230208987708578e-06,2.149462425499929e-08,7.599497284883419e-09,1.1213747285026017,1.1323312575578297,31.45686749406303,standard-halo-model,scale_dependent_camb
2,0.36610056,0.40720486,420,439,429.57732558139537,1.817303570794744e-06,2.072587135984496e-06,2.092865618265834e-06,2.3178353553693018e-08,8.194785487277823e-09,1.1404738147727906,1.151632370012117,31.15195212688272,standard-halo-model,scale_dependent_camb
2,0.36610056,0.40720486,440,459,449.5738888888889,1.679639396084075e-06,1.9269220239183413e-06,1.945741363827683e-06,2.4597302215230942e-08,8.696459597642343e-09,1.1472236412236956,1.158428034234015,28.43486191798166,standard-halo-model,scale_dependent_camb
2,0.36610056,0.40720486,460,479,469.5707446808511,1.5612465887857118e-06,1.7897192239659925e-06,1.8072532939749029e-06,1.4769104137349195e-08,5.221666843784955e-09,1.1463398779035794,1.157570691879319,43.75473235183864,standard-halo-model,scale_dependent_camb
2,0.36610056,0.40720486,480,499,489.5678571428571,1.459273158321838e-06,1.6819960167266127e-06,1.6984502285100165e-06,1.8857884235020626e-08,6.667268910706986e-09,1.15262588579434,1.1639015072841001,33.405411029260186,standard-halo-model,scale_dependent_camb
2,0.36610056,0.40720486,500,519,509.56519607843137,1.3678799180315239e-06,1.580184735800502e-06,1.5956155512539434e-06,1.8537924065362488e-08,6.554145907869553e-09,1.155207204207296,1.166488030287152,32.39244605678736,standard-halo-model,scale_dependent_camb
2,0.36610056,0.40720486,520,539,529.5627358490566,1.286484136581209e-06,1.4880869672269922e-06,1.502647339256825e-06,9.207324670621662e-09,3.255280855591386e-09,1.156708368889442,1.1680263258045784,61.93100982346977,standard-halo-model,scale_dependent_camb
2,0.36610056,0.40720486,540,559,549.5604545454545,1.2152157929286345e-06,1.4079941609210517e-06,1.4217687253834468e-06,1.1346771330155495e-08,4.011689476063026e-09,1.158637148327234,1.1699722252267852,48.054160009813394,standard-halo-model,scale_dependent_camb
2,0.36610056,0.40720486,560,579,569.5583333333333,1.151947336680316e-06,1.3263636299292237e-06,1.3393432640019309e-06,1.5690267791086652e-08,5.5473473768551215e-09,1.1514099539928109,1.1626775125516178,31.44138655830619,standard-halo-model,scale_dependent_camb
2,0.36610056,0.40720486,580,599,589.5563559322034,1.0950057578214118e-06,1.2577250979955097e-06,1.2700227677952615e-06,9.372244494895723e-09,3.313588818639527e-09,1.1486013557571049,1.1598320453785174,49.10667831167604,standard-halo-model,scale_dependent_camb
2,0.36610056,0.40720486,600,619,609.5545081967213,1.0440604845647367e-06,1.1957190188402474e-06,1.2073952691443462e-06,1.9670030885475382e-08,6.954406112634236e-09,1.145258379679733,1.1564418795599787,21.807546441670844,standard-halo-model,scale_dependent_camb
2,0.36610056,0.40720486,620,639,629.5527777777778,9.985899932724431e-07,1.1363557641111024e-06,1.1474573441439711e-06,1.2193186880213451e-08,4.3109425636368876e-09,1.1379602957838502,1.1490775512216782,31.95722717364029,standard-halo-model,scale_dependent_camb
2,0.36610056,0.40720486,640,659,649.5511538461539,9.575316570478962e-07,1.0837281245720135e-06,1.0943195580649995e-06,8.675308234121566e-09,3.067184640615426e-09,1.1317935199272529,1.1428547035602197,41.14407259772797,standard-halo-model,scale_dependent_camb
2,0.36610056,0.40720486,660,679,669.5496268656716,9.203234766991381e-07,1.0363958880173555e-06,1.0465348128197006e-06,5.263930532158068e-09,1.8610804874919405e-09,1.126121319576163,1.1371380164865903,62.368292020857666,standard-halo-model,scale_dependent_camb
2,0.36610056,0.40720486,680,699,689.5481884057971,8.866266543489628e-07,9.800087403215207e-07,9.895885368219374e-07,8.321362712451305e-09,2.9420460013436e-09,1.1053228949462692,1.1161276642969618,31.740525447226627,standard-halo-model,scale_dependent_camb
2,0.36610056,0.40720486,700,719,709.5468309859154,8.560343635664716e-07,9.484512206943528e-07,9.57723698101851e-07,8.753672484649412e-09,3.0948905870908465e-09,1.107959284184396,1.1187911827648063,29.861106403361347,standard-halo-model,scale_dependent_camb
2,0.36610056,0.40720486,720,739,729.5455479452055,8.280997513023803e-07,9.035461462239086e-07,9.123689114453552e-07,1.0632447275957654e-08,3.759137784719046e-09,1.0911078584468492,1.1017620884566648,20.07013289808613,standard-halo-model,scale_dependent_camb
2,0.36610056,0.40720486,740,759,749.5443333333334,8.024907413380582e-07,8.680574157476048e-07,8.765435588225522e-07,6.572254589636986e-09,2.3236428940083612e-09,1.0817039637120573,1.092278718831098,28.217190592674058,standard-halo-model,scale_dependent_camb
2,0.36610056,0.40720486,760,779,769.5431818181818,7.789380321380149e-07,8.417282970991071e-07,8.499578507251452e-07,5.5751248623200714e-09,1.9711042980541197e-09,1.0806100901104374,1.0911751842340993,31.855374179376973,standard-halo-model,scale_dependent_camb
2,0.36610056,0.40720486,780,799,789.5420886075949,7.572072454217219e-07,8.100865850778688e-07,8.180022525952943e-07,6.719099857806808e-09,2.3755605364623805e-09,1.06983469846052,1.0802884646721955,22.259731480004042,standard-halo-model,scale_dependent_camb
2,0.36610056,0.40720486,800,819,809.5410493827161,7.370940840335712e-07,7.770077307919778e-07,7.845953519814237e-07,7.006090799708666e-09,2.47702715704134e-09,1.0541500028598638,1.0644439685201557,16.113528123801864,standard-halo-model,scale_dependent_camb
2,0.36610056,0.40720486,820,839,829.5400602409638,7.1842040350056e-07,7.488101157659832e-07,7.56123831437477e-07,7.889491935195523e-09,2.7893566237466656e-09,1.042300736612361,1.0524810093828125,10.89488235627745,standard-halo-model,scale_dependent_camb
2,0.36610056,0.40720486,840,859,849.5391176470588,7.010307798020892e-07,7.277360964016836e-07,7.348388162599941e-07,1.0482545632708734e-08,3.7061395504928868e-09,1.0380943567230154,1.0482261798368533,7.20569644929933,standard-halo-model,scale_dependent_camb
2,0.36610056,0.40720486,860,879,869.5382183908046,6.84789485733624e-07,7.023782704672916e-07,7.092414919850239e-07,7.086281520410536e-09,2.505378858239604e-09,1.0256849515071402,1.0357073330721545,7.020409179163531,standard-halo-model,scale_dependent_camb
2,0.36610056,0.40720486,880,899,889.5373595505617,6.695779574983943e-07,6.842641895760836e-07,6.909587088587499e-07,3.04952623957111e-09,1.0781703417035219e-09,1.0219335656337292,1.031931683414783,13.621439497663127,standard-halo-model,scale_dependent_camb
2,0.36610056,0.40720486,900,919,909.5365384615385,6.55292049073332e-07,6.577503744640852e-07,6.641784394540956e-07,5.38584572784385e-09,1.904184018291491e-09,1.0037514958318654,1.0135609617014736,1.2910125109435775,standard-halo-model,scale_dependent_camb
2,0.36610056,0.40720486,920,939,929.535752688172,6.418398845783637e-07,6.386590866892973e-07,6.449045739507077e-07,3.327690843869049e-09,1.1765163806960946e-09,0.9950442501852997,1.0047748503107705,-2.7035729729360196,standard-halo-model,scale_dependent_camb
2,0.36610056,0.40720486,940,959,949.535,6.291409481293785e-07,6.210663514426573e-07,6.271360100061129e-07,4.886476225776743e-09,1.7276302376767909e-09,0.9871656793112428,0.9968132131134894,-4.673799121263017,standard-halo-model,scale_dependent_camb
2,0.36610056,0.40720486,960,979,969.5342783505155,6.171247493184398e-07,6.030198820731893e-07,6.089134010187625e-07,4.200767132948904e-09,1.4851954629468707e-09,0.9771442204176253,0.9866941841033827,-9.496977062712112,standard-halo-model,scale_dependent_camb
2,0.36610056,0.40720486,980,999,989.5335858585859,6.05729445807193e-07,5.883768620024821e-07,5.941290572642361e-07,2.803510829278651e-09,9.911907592564277e-10,0.971352583360733,0.980848894463933,-17.50680546873591,standard-halo-model,scale_dependent_camb
2,0.36610056,0.40720486,1000,1019,1009.5329207920792,5.949006587380525e-07,5.713159003921167e-07,5.768995348916079e-07,3.821625538506316e-09,1.3511486667167538e-09,0.9603551315677384,0.9697409582893556,-17.45533924349421,standard-halo-model,scale_dependent_camb
2,0.36610056,0.40720486,1020,1039,1029.532281553398,5.845904462490387e-07,5.572315090929094e-07,5.626802523768047e-07,3.3099563843995466e-09,1.170246302420313e-09,0.9531998216329484,0.9625204380043868,-23.37878538863599,standard-halo-model,scale_dependent_camb
2,0.36610056,0.40720486,1040,1059,1049.5316666666668,5.747564264135932e-07,5.457865210900131e-07,5.511209777130717e-07,3.2256394384076546e-09,1.1404357602804097e-09,0.9495962045968783,0.9588774520573808,-25.40248765652261,standard-halo-model,scale_dependent_camb
2,0.36610056,0.40720486,1060,1079,1069.5310747663552,5.653610260177548e-07,5.311337693290612e-07,5.363291544708814e-07,3.456047638029635e-09,1.2218973604772525e-09,0.9394594690585928,0.9486489690466183,-28.011564469969066,standard-halo-model,scale_dependent_camb
2,0.36610056,0.40720486,1080,1099,1089.530504587156,5.563708059044057e-07,5.167399471511573e-07,5.217966755670724e-07,3.3776338308113235e-09,1.1941738930658914e-09,0.9287689822458842,0.9378577560676795,-33.186840696626845,standard-halo-model,scale_dependent_camb
2,0.36610056,0.40720486,1100,1119,1109.529954954955,5.47755922928093e-07,5.069462387453307e-07,5.119034703278334e-07,2.6675730704675758e-09,9.431295037191214e-10,0.9254965898595686,0.9345466637611034,-43.27049893130691,standard-halo-model,scale_dependent_camb
2,0.36610056,0.40720486,1120,1139,1129.529424778761,5.394896631723371e-07,4.978057125321167e-07,5.026740324679231e-07,2.878673671689829e-09,1.0177648370375276e-09,0.9227344776263031,0.9317584131493296,-40.95636744687752,standard-halo-model,scale_dependent_camb
2,0.36610056,0.40720486,1140,1159,1149.5289130434783,5.315480832355324e-07,4.861214783295986e-07,4.908729962167409e-07,3.9664015470388485e-09,1.4023347154099911e-09,0.9145390486041788,0.9234780666102637,-32.39355369780796,standard-halo-model,scale_dependent_camb
2,0.36610056,0.40720486,1160,1179,1169.5284188034188,5.239095563413112e-07,4.7591818412777944e-07,4.805707301796772e-07,3.6024200206622703e-09,1.2736478126462368e-09,0.9083976010121357,0.9172780384761677,-37.68025331415667,standard-halo-model,scale_dependent_camb
2,0.36610056,0.40720486,1180,1199,1189.5279411764707,5.16554484029513e-07,4.6600283900174636e-07,4.705561975123749e-07,4.2454196512855296e-09,1.5009825122033127e-09,0.9021368576003332,0.910951723507815,-33.6790366421799,standard-halo-model,scale_dependent_camb
2,0.36610056,0.40720486,1200,1219,1209.527479338843,5.094650258599983e-07,4.589640800616689e-07,4.634496784283024e-07,5.226323655265771e-09,1.8477844486570454e-09,0.9008745581444345,0.9096790847339912,-27.330539465808958,standard-halo-model,scale_dependent_camb
2,0.36610056,0.40720486,1220,1239,1229.5270325203253,5.026248914017126e-07,4.511535281235725e-07,4.555578952875957e-07,4.6678279352578975e-09,1.6503263932164299e-09,0.8975948780916967,0.9063576099805619,-31.188596079969468,standard-halo-model,scale_dependent_camb
2,0.36610056,0.40720486,1240,1259,1249.5266,4.960191606879205e-07,4.4276856560207094e-07,4.470963756781465e-07,2.3527521532196645e-09,8.318235009964379e-10,0.8926440764667292,0.9013691629534556,-64.01669948259564,standard-halo-model,scale_dependent_camb
2,0.36610056,0.40720486,1260,1279,1269.5261811023622,4.896340906826359e-07,4.3412385081315673e-07,4.3836876109524116e-07,1.868766520901469e-09,6.607087396919103e-10,0.886629136071616,0.8952986923032221,-84.01620341114854,standard-halo-model,scale_dependent_camb
2,0.36610056,0.40720486,1280,1299,1289.5257751937984,4.834570462585598e-07,4.265573159562252e-07,4.3072491394788256e-07,3.4041736193864973e-09,1.2035571253022727e-09,0.8823065446192632,0.8909269546927332,-47.276302143152755,standard-halo-model,scale_dependent_camb
2,0.36610056,0.40720486,1300,1319,1309.5253816793893,4.774763151566494e-07,4.2044104129034483e-07,4.245469640214461e-07,5.229992387797199e-09,1.8490815414827113e-09,0.8805484752733913,0.8891476928696698,-30.84519129457645,standard-halo-model,scale_dependent_camb
2,0.36610056,0.40720486,1320,1339,1329.525,4.7168104475144716e-07,4.137886619017549e-07,4.178359856619022e-07,1.9892919958324557e-09,7.033209300066253e-10,0.8772637071303158,0.8858443439932621,-82.31289640299333,standard-halo-model,scale_dependent_camb
2,0.36610056,0.40720486,1340,1359,1349.5246296296295,4.66061157936321e-07,4.061979853144522e-07,4.101675474618812e-07,2.8028783532875868e-09,9.909671452253181e-10,0.8715551133097257,0.88007236921023,-60.40883687244504,standard-halo-model,scale_dependent_camb
2,0.36610056,0.40720486,1360,1379,1369.5242700729927,4.6060726241458315e-07,4.005011743979916e-07,4.0441568902623854e-07,2.317906559920046e-09,8.195037233381234e-10,0.8695068599190012,0.8780054550295654,-73.3444965591597,standard-halo-model,scale_dependent_camb
2,0.36610056,0.40720486,1380,1399,1389.5239208633093,4.5531060182784847e-07,3.959988769714046e-07,3.99873829180273e-07,2.353295000955853e-09,8.320154266541431e-10,0.869733486067892,0.8782440548824823,-71.28680906189365,standard-halo-model,scale_dependent_camb
2,0.36610056,0.40720486,1400,1419,1409.5235815602837,4.501629725873492e-07,3.897168622681054e-07,3.935259481010115e-07,2.052136905727248e-09,7.25539960981458e-10,0.8657239399948318,0.8741855107255675,-83.31189675269808,standard-halo-model,scale_dependent_camb
2,0.36610056,0.40720486,1420,1439,1429.5232517482518,4.4515669791864205e-07,3.8406937122691385e-07,3.878232558506721e-07,2.725662076171339e-09,9.636670686418788e-10,0.8627734301711154,0.8712061565376057,-63.39048897646794,standard-halo-model,scale_dependent_camb
2,0.36610056,0.40720486,1440,1459,1449.5229310344828,4.40284578484693e-07,3.790136053070397e-07,3.827172686346361e-07,3.1892556065787528e-09,1.1275721331745259e-09,0.860837794072809,0.8692497701187182,-54.338850149793274,standard-halo-model,scale_dependent_camb
2,0.36610056,0.40720486,1460,1479,1469.522619047619,4.355398638602256e-07,3.7483824376671725e-07,3.7849739063549125e-07,4.21149906837796e-09,1.4889897751054413e-09,0.8606290144017934,0.8690304195828087,-40.76698249268357,standard-halo-model,scale_dependent_camb
2,0.36610056,0.40720486,1480,1499,1489.5223154362416,4.309162136656867e-07,3.7105511471176454e-07,3.7467852632915813e-07,4.167278673864294e-09,1.4733555046917626e-09,0.8610841340948856,0.8694927562411033,-40.62909376813682,standard-halo-model,scale_dependent_camb
2,0.36610056,0.40720486,1500,1519,1509.5220198675497,4.264076685468179e-07,3.654990092840209e-07,3.690705832843591e-07,2.5519901358830665e-09,9.022647653020476e-10,0.8571586213016019,0.8655345822980586,-67.50641453055843,standard-halo-model,scale_dependent_camb
2,0.36610056,0.40720486,1520,1539,1529.5217320261438,4.2200862677509126e-07,3.603353664057692e-07,3.638535826005432e-07,4.064318431958912e-09,1.436953562069811e-09,0.8538578207734348,0.8621946555477842,-42.919452651265146,standard-halo-model,scale_dependent_camb
2,0.36610056,0.40720486,1540,1559,1549.5214516129033,4.177138207773643e-07,3.567879927654089e-07,3.602733151718004e-07,3.297716106037476e-09,1.1659187105035974e-09,0.8541445722371058,0.8624883766147184,-52.25563966259672,standard-halo-model,scale_dependent_camb
2,0.36610056,0.40720486,1560,1579,1569.521178343949,4.135182769242679e-07,3.537741170291062e-07,3.572299076496934e-07,3.2952860399461152e-09,1.1650595523976312e-09,0.8555223233673338,0.8638793678159884,-51.27991935880992,standard-halo-model,scale_dependent_camb
2,0.36610056,0.40720486,1580,1599,1589.5209119496856,4.0941731833853883e-07,3.491895939407945e-07,3.5259887768168086e-07,4.56967364455443e-09,1.615623610936941e-09,0.852894047955384,0.8612212085032613,-37.27831407639354,standard-halo-model,scale_dependent_camb
2,0.36610056,0.40720486,1600,1619,1609.520652173913,4.054065412604299e-07,3.455110566548683e-07,3.4888477255715253e-07,3.757010771539617e-09,1.328303896773283e-09,0.8522582185789519,0.8605800278220764,-45.09170284831636,standard-halo-model,scale_dependent_camb
2,0.36610056,0.40720486,1620,1639,1629.520398773006,4.014817804059212e-07,3.417940610620514e-07,3.4513630416480034e-07,2.0215008398832064e-09,7.147084760278582e-10,0.8513314370492179,0.8596562061069064,-83.51337831558504,standard-halo-model,scale_dependent_camb
2,0.36610056,0.40720486,1640,1659,1649.5201515151516,3.976391194440802e-07,3.378611374592232e-07,3.4116300194068573e-07,2.8649387381420026e-09,1.0129088047121202e-09,0.8496677538456737,0.8579714249886908,-59.016153978290845,standard-halo-model,scale_dependent_camb
2,0.36610056,0.40720486,1660,1679,1669.5199101796406,3.938748505734354e-07,3.343031355086945e-07,3.375717279323092e-07,2.4157972356094916e-09,8.541133036355935e-10,0.848754712371172,0.8570532681658768,-69.74685303597276,standard-halo-model,scale_dependent_camb
2,0.36610056,0.40720486,1680,1699,1689.519674556213,3.9018548230411145e-07,3.305142360832962e-07,3.337413500837443e-07,3.390463440518386e-09,1.1987098450778118e-09,0.84706953762491,0.8553402553907055,-49.779557968794215,standard-halo-model,scale_dependent_camb
2,0.36610056,0.40720486,1700,1719,1709.5194444444444,3.865677210183941e-07,3.278226915752821e-07,3.3102664490690724e-07,1.7164686615455268e-09,6.068633151365194e-10,0.8480343126209529,0.8563225197252203,-96.80108844591595,standard-halo-model,scale_dependent_camb
2,0.36610056,0.40720486,1720,1739,1729.519219653179,3.8301844585426017e-07,3.2497254494684e-07,3.2814626728882547e-07,3.0626102162148937e-09,1.0827962260083748e-09,0.8484514217638833,0.8567375040044057,-53.607409698314946,standard-halo-model,scale_dependent_camb
2,0.36610056,0.40720486,1740,1759,1749.519,3.795347133293288e-07,3.2204106873021493e-07,3.251847781633541e-07,3.947504748330054e-09,1.3956536881551384e-09,0.8485154517362272,0.8567985133976024,-41.19477853787105,standard-halo-model,scale_dependent_camb
2,0.36610056,0.40720486,1760,1779,1769.5187853107345,3.761137491783935e-07,3.187701177667178e-07,3.218840774524526e-07,3.0692076703853733e-09,1.0851287782996317e-09,0.8475364659310096,0.8558157689145808,-52.84500103437645,standard-halo-model,scale_dependent_camb
2,0.36610056,0.40720486,1780,1799,1789.5185754189945,3.7275292619436926e-07,3.158932842334861e-07,3.1898041748890524e-07,2.5746626663267155e-09,9.102807153137289e-10,0.8474602398393136,0.8557422224569614,-62.463854286187335,standard-halo-model,scale_dependent_camb
2,0.36610056,0.40720486,1800,1819,1809.5183701657459,3.6944976030964877e-07,3.1328930098996713e-07,3.163511171089568e-07,1.9933211854519865e-09,7.047454636579536e-10,0.8479889139118358,0.8562764172422573,-79.68899725609155,standard-halo-model,scale_dependent_camb
2,0.36610056,0.40720486,1820,1839,1829.518169398907,3.662019044981684e-07,3.1166948998448287e-07,3.147167239273673e-07,2.3176530900404777e-09,8.194141082027889e-10,0.8510864803163297,0.8594076657210323,-66.55049500342486,standard-halo-model,scale_dependent_camb
2,0.36610056,0.40720486,1840,1859,1849.517972972973,3.6300714011237837e-07,3.0758261829138794e-07,3.105889561125259e-07,1.7788728050859187e-09,6.289265116722943e-10,0.8473183700909235,0.8556001295632227,-88.12559304205273,standard-halo-model,scale_dependent_camb
2,0.36610056,0.40720486,1860,1879,1869.5177807486632,3.5986336927778746e-07,3.0661981928979e-07,3.096153906545063e-07,2.4737747517356637e-09,8.746114510401779e-10,0.8520450967408759,0.860369287587886,-60.87680412219022,standard-halo-model,scale_dependent_camb
2,0.36610056,0.40720486,1880,1899,1889.5175925925926,3.5676860568560134e-07,3.03791288823391e-07,3.0676023414918667e-07,1.5805527366277644e-09,5.588097790462237e-10,0.8515079073159928,0.8598296746421572,-94.80384712062842,standard-halo-model,scale_dependent_camb
2,0.36610056,0.40720486,1900,1919,1909.5174083769634,3.5372097003619853e-07,3.0023433031177813e-07,3.0316742825483025e-07,2.3335781998736403e-09,8.250444847798738e-10,0.8487886095106355,0.8570807329398796,-64.82879494514883,standard-halo-model,scale_dependent_camb
2,0.36610056,0.40720486,1920,1939,1929.5172279792746,3.50718685888631e-07,2.9897280104239647e-07,3.018954406951026e-07,1.5107547466172439e-09,5.341324630214087e-10,0.8524575766040986,0.8607908641370994,-96.87837461427708,standard-halo-model,scale_dependent_camb
2,0.36610056,0.40720486,1940,1959,1949.5170512820512,3.477600720303749e-07,2.965871077344284e-07,2.9948569981605346e-07,1.9116228734313807e-09,6.758607484373212e-10,0.8528497995840166,0.8611848337491,-75.71524816948624,standard-halo-model,scale_dependent_camb
2,0.36610056,0.40720486,1960,1979,1969.5168781725888,3.448435346969109e-07,2.940742636370049e-07,2.9695066353292263e-07,1.943142365681236e-09,6.870045717920359e-10,0.8527759231312602,0.8611170970449478,-73.89946609449113,standard-halo-model,scale_dependent_camb
2,0.36610056,0.40720486,1980,1999,1989.5167085427136,3.419675651205483e-07,2.922980722352824e-07,2.9515681506848996e-07,1.5719824060978133e-09,5.557797096288545e-10,0.8547537896824902,0.8631134796788201,-89.36902881617398,standard-halo-model,scale_dependent_camb
2,0.36610056,0.40720486,2000,2019,2009.5165422885573,3.3913073702144737e-07,2.8979991925826637e-07,2.9263193353981973e-07,2.3688294156821564e-09,8.375076716515098e-10,0.8545374618754736,0.8628882657761365,-58.90192941863313,standard-halo-model,scale_dependent_camb
2,0.36610056,0.40720486,2020,2039,2029.5163793103447,3.363316976298465e-07,2.8785774696249896e-07,2.906694924243956e-07,2.462317125187761e-09,8.705605683260154e-10,0.8558745696318636,0.8642346067074982,-55.68130745980972,standard-halo-model,scale_dependent_camb
2,0.36610056,0.40720486,2040,2059,2049.516219512195,3.335691651180789e-07,2.8548217714006536e-07,2.882718849748159e-07,2.2408064937366095e-09,7.922447335240037e-10,0.8558410278690136,0.8642042344434672,-60.697138072621335,standard-halo-model,scale_dependent_camb
2,0.36610056,0.40720486,2060,2079,2069.5160628019325,3.308419284120193e-07,2.8355921814895286e-07,2.8632800705578646e-07,2.709255012364868e-09,9.578662956034209e-10,0.8570836819564716,0.8654525997660226,-49.362536796724896,standard-halo-model,scale_dependent_camb
2,0.36610056,0.40720486,2080,2099,2089.515909090909,3.281488359938662e-07,2.8199750124392563e-07,2.847512930847522e-07,2.292983586732595e-09,8.10692121664035e-10,0.8593585297654286,0.8677504286197584,-56.928312878148944,standard-halo-model,scale_dependent_camb
2,0.36610056,0.40720486,2100,2119,2109.5157582938386,3.2548879691999055e-07,2.7816122380299643e-07,2.808762299550495e-07,3.1814817588669946e-09,1.1248236629580781e-09,0.8545953852641267,0.862936705081412,-42.0755489731887,standard-halo-model,scale_dependent_camb
2,0.36610056,0.40720486,2120,2139,2129.5156103286386,3.2286077914763513e-07,2.773418341815774e-07,2.8004937960799876e-07,2.729189752977326e-09,9.649142907375527e-10,0.8590137052687864,0.8673998134655435,-47.17408105881027,standard-halo-model,scale_dependent_camb
2,0.36610056,0.40720486,2140,2159,2149.515465116279,3.2026380418558404e-07,2.7516488048268967e-07,2.778533830830835e-07,1.9215894508365455e-09,6.793844656715276e-10,0.8591819521485456,0.8675766023252354,-66.38203547724189,standard-halo-model,scale_dependent_camb
2,0.36610056,0.40720486,2160,2179,2169.5153225806453,3.1769693929450447e-07,2.729902760207675e-07,2.7565862902690343e-07,2.054062776061305e-09,7.262208589679067e-10,0.8592788983960152,0.8676779500584625,-61.56069840416502,standard-halo-model,scale_dependent_camb
2,0.36610056,0.40720486,2180,2199,2189.5151826484016,3.1515930833519386e-07,2.7211478828483026e-07,2.747747200674107e-07,1.586910865234406e-09,5.610577169729299e-10,0.8634198041690625,0.8718597636188763,-76.72030657131205,standard-halo-model,scale_dependent_camb
2,0.36610056,0.40720486,2200,2219,2209.515045248869,3.126500709293572e-07,2.703045493744077e-07,2.729436230199163e-07,2.7177671901834094e-09,9.60875804932499e-10,0.8645593732664867,0.8730003553448337,-44.069713627479956,standard-halo-model,scale_dependent_camb
2,0.36610056,0.40720486,2220,2239,2229.5149103139015,3.101684332977101e-07,2.673732913456107e-07,2.699863563992549e-07,1.6420293485863537e-09,5.8054504364637e-10,0.8620261207850793,0.870450785493419,-73.71545484792293,standard-halo-model,scale_dependent_camb
2,0.36610056,0.40720486,2240,2259,2249.514777777778,3.077136458635055e-07,2.665892789749937e-07,2.6919395546435346e-07,1.907937898234868e-09,6.74557912962342e-10,0.8663550757617243,0.8748196873393178,-60.964916574639,standard-halo-model,scale_dependent_camb
2,0.36610056,0.40720486,2260,2279,2269.5146475770925,3.052849896064789e-07,2.635550028081775e-07,2.661307879313797e-07,1.6976380099113649e-09,6.002056744041807e-10,0.8633080949964408,0.8717454083622975,-69.52614508306075,standard-halo-model,scale_dependent_camb
2,0.36610056,0.40720486,2280,2299,2289.514519650655,3.0288178960065843e-07,2.6191898998501063e-07,2.644777141607178e-07,2.045240974013632e-09,7.231018809428092e-10,0.864756479187289,0.8732044092496436,-56.64872502093185,standard-halo-model,scale_dependent_camb
2,0.36610056,0.40720486,2300,2319,2309.514393939394,3.0050339865864e-07,2.597692288010412e-07,2.6230764211406796e-07,2.212921462180527e-09,7.823858860705503e-10,0.8644468913182868,0.8728940946589395,-52.06403973131707,standard-halo-model,scale_dependent_camb
2,0.36610056,0.40720486,2320,2339,2329.514270386266,2.981492059597182e-07,2.57887933343537e-07,2.604083881132258e-07,1.423825064314049e-09,5.033981790999181e-10,0.8649626703294968,0.8734163395639182,-79.97897943963339,standard-halo-model,scale_dependent_camb
2,0.36610056,0.40720486,2340,2359,2349.5141489361704,2.9581863220881424e-07,2.5640585635072925e-07,2.5891094538585153e-07,1.6949127227116172e-09,5.992421398743695e-10,0.866767094541009,0.8752354219631775,-65.77103517177187,standard-halo-model,scale_dependent_camb
2,0.36610056,0.40720486,2360,2379,2369.514029535865,2.935111201925013e-07,2.5431403384748915e-07,2.5679880873533004e-07,1.9166296533008693e-09,6.776309124361331e-10,0.8664545100734021,0.874920202569861,-57.844300821660745,standard-halo-model,scale_dependent_camb
2,0.36610056,0.40720486,2380,2399,2389.513912133891,2.9122615011536483e-07,2.5184620211630256e-07,2.543066691477855e-07,1.6127522200534849e-09,5.701940155867391e-10,0.8647788051194493,0.8732274524353179,-69.06412014608686,standard-halo-model,scale_dependent_camb
2,0.36610056,0.40720486,2400,2419,2409.5137966804978,2.88963219033294e-07,2.5086902711137587e-07,2.5332107223102455e-07,1.183589997306988e-09,4.1846225662016934e-10,0.8681694090709553,0.8766550742287973,-91.03375828825475,standard-halo-model,scale_dependent_camb
2,0.36610056,0.40720486,2420,2439,2429.513683127572,2.8672185423513446e-07,2.4867113019212696e-07,2.5110321794195335e-07,9.78556286384129e-10,3.459718929374714e-10,0.8672904646752078,0.8757728587233151,-109.98212519502133,standard-halo-model,scale_dependent_camb
2,0.36610056,0.40720486,2440,2459,2449.5135714285716,2.8450160538359167e-07,2.471236062524946e-07,2.4953805092602863e-07,1.895295063941762e-09,6.700879960313055e-10,0.8686193735859573,0.8771059502092373,-55.78073231049318,standard-halo-model,scale_dependent_camb
2,0.36610056,0.40720486,2460,2479,2469.5134615384613,2.823020399794964e-07,2.4574730373994744e-07,2.481476466641698e-07,1.8270227796554813e-09,6.45950098438343e-10,0.8705119656868086,0.8790147130434932,-56.590650466536296,standard-halo-model,scale_dependent_camb
2,0.36610056,0.40720486,2480,2499,2489.513353413655,2.801227506459748e-07,2.440414178981158e-07,2.464256411882673e-07,1.8681976262108707e-09,6.605076050451588e-10,0.8711945650088972,0.8797059168525206,-54.62667268667122,standard-halo-model,scale_dependent_camb
2,0.36610056,0.40720486,2500,2519,2509.513247011952,2.7796334980303086e-07,2.425269883507167e-07,2.4489712701949535e-07,1.4184426027826132e-09,5.014951915757411e-10,0.8725142668001918,0.881041069597964,-70.66141819021246,standard-halo-model,scale_dependent_camb
2,0.36610056,0.40720486,2520,2539,2529.51314229249,2.758234655881944e-07,2.4051408588296215e-07,2.4286449085492086e-07,1.2723267192056166e-09,4.498354255175619e-10,0.8719855845842017,0.8805069950702402,-78.49399514190497,standard-halo-model,scale_dependent_camb
2,0.36610056,0.40720486,2540,2559,2549.513039215686,2.7370274366646365e-07,2.398428570052188e-07,2.4218690276142117e-07,1.7289519411388381e-09,6.112768209624584e-10,0.8762895606830058,0.8848537633095562,-55.39206706371151,standard-halo-model,scale_dependent_camb
2,0.36610056,0.40720486,2560,2579,2569.512937743191,2.7160084869157225e-07,2.373470493418956e-07,2.3966592426318506e-07,1.6541028017152696e-09,5.848136539362672e-10,0.8738818397855045,0.8824196441865606,-58.57216075432061,standard-halo-model,scale_dependent_camb
2,0.36610056,0.40720486,2580,2599,2589.5128378378377,2.695174610664945e-07,2.3595752545693057e-07,2.3826295490165788e-07,1.722512604746679e-09,6.0900017174784e-10,0.8754814048901858,0.8840353198595707,-55.106611075734854,standard-halo-model,scale_dependent_camb
2,0.36610056,0.40720486,2600,2619,2609.5127394636015,2.674522736566982e-07,2.3360232750624168e-07,2.3588418754471383e-07,2.112274857110326e-09,7.468019375962785e-10,0.873435564081589,0.8819674042012251,-45.32653766192532,standard-halo-model,scale_dependent_camb
2,0.36610056,0.40720486,2620,2639,2629.5126425855515,2.6540499446304686e-07,2.3220424609191985e-07,2.344721682764276e-07,1.9814660866929294e-09,7.005540532958708e-10,0.8749053368860034,0.8834504744373749,-47.39212943659189,standard-halo-model,scale_dependent_camb
2,0.36610056,0.40720486,2640,2659,2649.512547169811,2.6337534534736876e-07,2.307040476109102e-07,2.32958665868748e-07,1.26365808927623e-09,4.4677060201422887e-10,0.8759515713463307,0.8845120470995345,-73.12768026625452,standard-halo-model,scale_dependent_camb
2,0.36610056,0.40720486,2660,2679,2669.5124531835204,2.6136305938465406e-07,2.2930528514658842e-07,2.3154742782540363e-07,1.6269311191284133e-09,5.752070134295599e-10,0.8773438973604702,0.8859225491565352,-55.73258581623925,standard-halo-model,scale_dependent_camb
2,0.36610056,0.40720486,2680,2699,2689.5123605947956,2.593678830252405e-07,2.281691564609711e-07,2.3040031423696774e-07,1.1437517295640528e-09,4.0437730198429195e-10,0.8797124524425668,0.8883147425564106,-77.1525167490269,standard-halo-model,scale_dependent_camb
2,0.36610056,0.40720486,2700,2719,2709.512269372694,2.5738957320075956e-07,2.2721415351592865e-07,2.2943512718742692e-07,1.4663201948462481e-09,5.184224765832808e-10,0.882763628263626,0.8913924691443168,-58.20623342511162,standard-halo-model,scale_dependent_camb
2,0.36610056,0.40720486,2720,2739,2729.5121794871793,2.5542789753545564e-07,2.2462424673357556e-07,2.2681869064051038e-07,1.6131002020337406e-09,5.703170457957239e-10,0.8794037335032903,0.8879949795187346,-54.011450348466916,standard-halo-model,scale_dependent_camb
2,0.36610056,0.40720486,2740,2759,2749.512090909091,2.534826339809568e-07,2.2294257978434274e-07,2.2512258724637127e-07,1.00486089596718e-09,3.552719768437914e-10,0.8795181598163904,0.8881183839334883,-85.96246309075518,standard-halo-model,scale_dependent_camb
2,0.36610056,0.40720486,2760,2779,2769.5120036101084,2.515535691238486e-07,2.216445446751203e-07,2.2381080088058449e-07,1.376177847867253e-09,4.865523441728217e-10,0.8811027625133674,0.8897142730278441,-61.471339737507684,standard-halo-model,scale_dependent_camb
2,0.36610056,0.40720486,2780,2799,2789.511917562724,2.4964049892149917e-07,2.1920474746266707e-07,2.2134656533041875e-07,1.6718063869575802e-09,5.91072816524343e-10,0.8780816750874914,0.8866612840732321,-51.49238910664507,standard-halo-model,scale_dependent_camb
2,0.36610056,0.40720486,2800,2819,2809.5118327402133,2.477432280060271e-07,2.181750796765855e-07,2.203083273507712e-07,1.0673375214876856e-09,3.773607996293924e-10,0.8806500239484961,0.8892607443760745,-78.35511361667827,standard-halo-model,scale_dependent_camb
2,0.36610056,0.40720486,2820,2839,2829.511749116608,2.458615693091374e-07,2.1692041036347475e-07,2.190408346295652e-07,1.2748860101727066e-09,4.5074027151649126e-10,0.8822867720767165,0.890911236127966,-64.20806121514659,standard-halo-model,scale_dependent_camb
2,0.36610056,0.40720486,2840,2859,2849.5116666666668,2.4399534225129896e-07,2.149051882462862e-07,2.170055056111553e-07,1.548299692871331e-09,5.474066060691835e-10,0.880775781469419,0.889383803841854,-53.141766435562914,standard-halo-model,scale_dependent_camb
2,0.36610056,0.40720486,2860,2879,2869.5115853658535,2.42144373807192e-07,2.136746052853379e-07,2.1576225891203275e-07,1.4080355733258095e-09,4.97815751025284e-10,0.8824264711410424,0.8910479955393633,-57.189368683531534,standard-halo-model,scale_dependent_camb
2,0.36610056,0.40720486,2880,2899,2889.5115051903113,2.40308498341753e-07,2.1269821972971173e-07,2.147766007368852e-07,1.6056597253536784e-09,5.676864400378577e-10,0.8851048597841285,0.8937536633908062,-48.636494840708174,standard-halo-model,scale_dependent_camb
2,0.36610056,0.40720486,2900,2919,2909.5114261168383,2.384875562323232e-07,2.1082378170097467e-07,2.1288385621339176e-07,1.3302296266599165e-09,4.703071947732382e-10,0.88400327896186,0.8926413586376409,-58.82064922414548,standard-halo-model,scale_dependent_camb
2,0.36610056,0.40720486,2920,2939,2929.511348122867,2.366813930334678e-07,2.0913821127729455e-07,2.1118343192177915e-07,6.538632673183603e-10,2.311755751448024e-10,0.8836275999428543,0.8922688396206832,-119.14399580890375,standard-halo-model,scale_dependent_camb
2,0.36610056,0.40720486,2940,2959,2949.511271186441,2.348898606580262e-07,2.081207989796304e-07,2.101551154820359e-07,8.959670985776195e-10,3.167722055621353e-10,0.8860356866686186,0.8946964117280423,-84.5057148587016,standard-halo-model,scale_dependent_camb
2,0.36610056,0.40720486,2960,2979,2969.5111952861953,2.3311281650804703e-07,2.064191064113515e-07,2.084369617695897e-07,9.912311330954064e-10,3.504531279674935e-10,0.885490165248919,0.8941462974533384,-76.16913066665941,standard-halo-model,scale_dependent_camb
2,0.36610056,0.40720486,2980,2999,2989.511120401338,2.3135012284154577e-07,2.0527045626258884e-07,2.072764927848224e-07,1.1115943389743454e-09,3.930079475086687e-10,0.8872718706234741,0.8959428689250722,-66.35913279687985,standard-halo-model,scale_dependent_camb
2,0.36610056,0.40720486,3000,3019,3009.5110465116277,2.2960164664396827e-07,2.0342587408633985e-07,2.0541490763986586e-07,6.841606817751204e-10,2.4188732875219957e-10,0.8859948395831069,0.8946578155791384,-108.21473242380578,standard-halo-model,scale_dependent_camb
2,0.36610056,0.40720486,3020,3039,3029.5109735973597,2.2786725920373654e-07,2.023811850252114e-07,2.043595671824623e-07,9.70039869530275e-10,3.4296088488308566e-10,0.8881538564707184,0.8968360259239526,-74.31189765915511,standard-halo-model,scale_dependent_camb
2,0.36610056,0.40720486,3040,3059,3049.5109016393444,2.2614683602334723e-07,2.005777891239985e-07,2.025374244111429e-07,1.449959120900853e-09,5.126379634161391e-10,0.8869360838782241,0.8956014064695254,-49.87739637728079,standard-halo-model,scale_dependent_camb
2,0.36610056,0.40720486,3060,3079,3069.5108306188927,2.2444025679347918e-07,1.9903194121725982e-07,2.0097631875709827e-07,1.4551201495701586e-09,5.144626626011212e-10,0.8867925213630501,0.895455751247106,-49.38806530245559,standard-halo-model,scale_dependent_camb
2,0.36610056,0.40720486,3080,3099,3089.5107605177996,2.227474045628421e-07,1.982833282558434e-07,2.002214085057057e-07,1.0529869599512263e-09,3.722871099412598e-10,0.8901712172359034,0.898872015584894,-65.7129286879116,standard-halo-model,scale_dependent_camb
2,0.36610056,0.40720486,3100,3119,3109.510691318328,2.2106816582286905e-07,1.9670837069407111e-07,1.9862990751831802e-07,1.5075196079367505e-09,5.329886687718808e-10,0.8898086703794511,0.8985007261401459,-45.70415199431553,standard-halo-model,scale_dependent_camb
2,0.36610056,0.40720486,3120,3139,3129.5106230031947,2.1940243091605935e-07,1.956042273588746e-07,1.9751664881111137e-07,1.4127323983798144e-09,4.994763294481509e-10,0.8915317234279431,0.9002482241715853,-47.646309052279435,standard-halo-model,scale_dependent_camb
2,0.36610056,0.40720486,3140,3159,3149.5105555555556,2.1775009445130738e-07,1.9392259886662303e-07,1.958178585871696e-07,1.0670737885591565e-09,3.7726755595829985e-10,0.8905741205544571,0.8992779501685029,-63.158082926479,standard-halo-model,scale_dependent_camb
2,0.36610056,0.40720486,3160,3179,3169.5104889589907,2.1611105097944086e-07,1.9227272654293835e-07,1.9415288904465417e-07,1.0759466482102497e-09,3.8040458557220214e-10,0.8896940978794726,0.8983940810279266,-62.66571261396614,standard-halo-model,scale_dependent_camb
2,0.36610056,0.40720486,3180,3199,3189.510423197492,2.144851991893367e-07,1.9078431642896282e-07,1.9264782301319432e-07,1.6667251892687206e-09,5.892763418531721e-10,0.8894987493311745,0.8981870252181576,-40.220319529269936,standard-halo-model,scale_dependent_camb
2,0.36610056,0.40720486,3200,3219,3209.5103582554516,2.1287244062316186e-07,1.8969367941024188e-07,1.9154685374973362e-07,1.3518386478605082e-09,4.779471374861093e-10,0.8911143164184778,0.899819878933131,-48.49649552215097,standard-halo-model,scale_dependent_camb
2,0.36610056,0.40720486,3220,3239,3229.510294117647,2.1127268033357472e-07,1.8858943683037955e-07,1.9043242542931267e-07,1.3382393446973993e-09,4.731390577430863e-10,0.8926352263464401,0.9013584961796398,-47.942022819667805,standard-halo-model,scale_dependent_camb
2,0.36610056,0.40720486,3240,3259,3249.510230769231,2.0968582391676137e-07,1.8731839297055621e-07,1.8914742700453243e-07,1.6100179102678636e-09,5.692272910911004e-10,0.8933288358344896,0.9020515715913059,-39.29437554431209,standard-halo-model,scale_dependent_camb
2,0.36610056,0.40720486,3260,3279,3269.5101681957185,2.0811177898008736e-07,1.8589813476112128e-07,1.8771414960206405e-07,1.442068812903383e-09,5.098483182708084e-10,0.8932609949911027,0.9019871461481525,-43.569123252785154,standard-halo-model,scale_dependent_camb
2,0.36610056,0.40720486,3280,3299,3289.510106382979,2.065504553168634e-07,1.8425309242033975e-07,1.860533678128216e-07,1.1248052490350379e-09,3.976787095534493e-10,0.892048832028388,0.900764743061942,-56.06878709086841,standard-halo-model,scale_dependent_camb
2,0.36610056,0.40720486,3300,3319,3309.5100453172204,2.0500176751280357e-07,1.8290836004949073e-07,1.8469561728737249e-07,1.1937318700531276e-09,4.220479501165325e-10,0.892228209876615,0.900946462697387,-52.348098023489,standard-halo-model,scale_dependent_camb
2,0.36610056,0.40720486,3320,3339,3329.509984984985,2.0346562763854031e-07,1.815831887793114e-07,1.83356881043001e-07,1.279074203290415e-09,4.522210213937165e-10,0.8924514223203175,0.9011688272416075,-48.388813929499825,standard-halo-model,scale_dependent_camb
2,0.36610056,0.40720486,3340,3359,3349.509925373134,2.0194195046943185e-07,1.8101181289744865e-07,1.827812551183911e-07,1.2160729011418558e-09,4.2994669740730213e-10,0.8963556728885244,0.9051178058521271,-48.68077298464609,standard-halo-model,scale_dependent_camb
2,0.36610056,0.40720486,3360,3379,3369.5098664688426,2.0043065473434365e-07,1.7934943619904779e-07,1.811018544514734e-07,1.1188397907016445e-09,3.9556960153323514e-10,0.8948203878132439,0.9035636524338596,-53.29332297928018,standard-halo-model,scale_dependent_camb
2,0.36610056,0.40720486,3380,3399,3389.509808259587,1.9893165910823618e-07,1.780246633469411e-07,1.7976415969823116e-07,1.110821333456997e-09,3.9273464878706286e-10,0.8949036274315701,0.9036478180701433,-53.23440604455214,standard-halo-model,scale_dependent_camb
2,0.36610056,0.40720486,3400,3419,3409.509750733138,1.9744488150320136e-07,1.7707199118184244e-07,1.7880160625288295e-07,1.3304755241227418e-09,4.703941326549583e-10,0.8968173286324032,0.9055773180424729,-43.310256032259566,standard-halo-model,scale_dependent_camb
2,0.36610056,0.40720486,3420,3439,3429.509693877551,1.9597024464028622e-07,1.7591689814612557e-07,1.7763716090493171e-07,7.963434493891604e-10,2.8154992660828075e-10,0.89767147287605,0.9064496563291746,-71.22483296563165,standard-halo-model,scale_dependent_camb
2,0.36610056,0.40720486,3440,3459,3449.5096376811593,1.9450767105379634e-07,1.7461635140566193e-07,1.7632404086483824e-07,8.074963509034579e-10,2.8549307275361347e-10,0.8977350376961074,0.9065145858235641,-69.67356320165793,standard-halo-model,scale_dependent_camb
2,0.36610056,0.40720486,3460,3479,3469.509582132565,1.9305708219816964e-07,1.7340035362058267e-07,1.7509519643557662e-07,1.181498203513945e-09,4.1772269583221705e-10,0.8981817794313824,0.9069607519285127,-47.05688432472032,standard-halo-model,scale_dependent_camb
2,0.36610056,0.40720486,3480,3499,3489.5095272206304,1.9161840507222065e-07,1.7262651762389752e-07,1.7431366074790994e-07,8.315833114771263e-10,2.9400909933352044e-10,0.9008869349415307,0.9096916378268122,-64.59625736541902,standard-halo-model,scale_dependent_camb
2,0.36610056,0.40720486,3500,3519,3509.509472934473,1.9019156319056896e-07,1.7120913220316232e-07,1.72883630880952e-07,3.6703187892388985e-10,1.2976536524936118e-10,0.9001930965340111,0.9089973707599496,-146.2827230588794,standard-halo-model,scale_dependent_camb
2,0.36610056,0.40720486,3520,3539,3529.509419263456,1.8877648248593618e-07,1.696128070348055e-07,1.7127108445023897e-07,7.881631981651294e-10,2.786577710521198e-10,0.8984848366768441,0.9072691799043275,-68.77136560295796,standard-halo-model,scale_dependent_camb
2,0.36610056,0.40720486,3540,3559,3549.509366197183,1.8737309264086e-07,1.6863605312121336e-07,1.7028525818083063e-07,7.43509260793662e-10,2.628702200910978e-10,0.9000014396113954,0.9088031572773269,-71.27866942536629,standard-halo-model,scale_dependent_camb
2,0.36610056,0.40720486,3560,3579,3569.5093137254903,1.859813181430268e-07,1.6761178162940809e-07,1.6924927064469542e-07,1.2850717025607718e-09,4.5434145759583186e-10,0.9012291304468988,0.9100337191638582,-40.431125547780596,standard-halo-model,scale_dependent_camb
2,0.36610056,0.40720486,3580,3599,3589.50926183844,1.8460109035277494e-07,1.66388992881711e-07,1.680150806364535e-07,1.1499876164536745e-09,4.0658202093747383e-10,0.9013434999963413,0.9101521573646972,-44.793169725192264,standard-halo-model,scale_dependent_camb
2,0.36610056,0.40720486,3600,3619,3609.5092105263157,1.8323233685432236e-07,1.6507329597187356e-07,1.6668591047438494e-07,1.1695843956729419e-09,4.1351052867515365e-10,0.9008960907545155,0.9096970182010364,-43.914337418755835,standard-halo-model,scale_dependent_camb
2,0.36610056,0.40720486,3620,3639,3629.5091597796145,1.8187498793410493e-07,1.6422720731379266e-07,1.658329154978898e-07,8.557214987518911e-10,3.02543237287289e-10,0.9029675227980979,0.9117961594475688,-58.33143314836117,standard-halo-model,scale_dependent_camb
2,0.36610056,0.40720486,3640,3659,3649.509109589041,1.805289749839762e-07,1.6317609264660745e-07,1.647709665181669e-07,9.561496482201893e-10,3.3804995004281386e-10,0.9038775778851622,0.9127120260489597,-51.33230262323961,standard-halo-model,scale_dependent_camb
2,0.36610056,0.40720486,3660,3679,3669.5090599455043,1.7919422673595202e-07,1.619124945512302e-07,1.634941499667195e-07,1.3165974455748724e-09,4.654874909294393e-10,0.9035586553232712,0.9123851417804489,-37.12609365767356,standard-halo-model,scale_dependent_camb
2,0.36610056,0.40720486,3680,3699,3689.509010840108,1.7787067770734306e-07,1.6080108304033422e-07,1.6237237084900234e-07,9.848451117934807e-10,3.4819532848379684e-10,0.9040336783610053,0.9128675560350614,-49.023043305427834,standard-halo-model,scale_dependent_camb
2,0.36610056,0.40720486,3700,3719,3709.508962264151,1.7655825676722787e-07,1.5988183539149377e-07,1.6144536196582316e-07,5.621359621523278e-10,1.9874507539336767e-10,0.9055472019203266,0.9144027864903007,-83.90860172372659,standard-halo-model,scale_dependent_camb
2,0.36610056,0.40720486,3720,3739,3729.508914209115,1.752568993250807e-07,1.5881325174406036e-07,1.6036560959442195e-07,9.46849698373127e-10,3.347619212420376e-10,0.9061740356907757,0.9150316490363258,-49.12042421076726,standard-halo-model,scale_dependent_camb
2,0.36610056,0.40720486,3740,3759,3749.5088666666666,1.7396653480817554e-07,1.5748252804881257e-07,1.5902161939307406e-07,9.634694381878617e-10,3.4063788660431505e-10,0.9052461050768236,0.9140931591723631,-48.39158357775626,standard-halo-model,scale_dependent_camb
2,0.36610056,0.40720486,3760,3779,3769.5088196286474,1.7268709984697093e-07,1.5634047713150527e-07,1.578686726499347e-07,7.028009160199774e-10,2.4847764677092163e-10,0.9053396418727777,0.9141891478276734,-65.78709565185179,standard-halo-model,scale_dependent_camb
2,0.36610056,0.40720486,3780,3799,3789.5087730870714,1.7141852467789304e-07,1.5542212840113113e-07,1.5694213405949918e-07,4.0859298512732573e-10,1.4445943526439308e-10,0.9066822193994482,0.9155494387459233,-110.73278977925486,standard-halo-model,scale_dependent_camb
2,0.36610056,0.40720486,3800,3819,3809.5087270341205,1.701607461800607e-07,1.5448631583336758e-07,1.5599631602600505e-07,9.921640622383517e-10,3.507829682291651e-10,0.9078845697461462,0.916758532904721,-44.68412598770493,standard-halo-model,scale_dependent_camb
2,0.36610056,0.40720486,3820,3839,3829.508681462141,1.689136952619344e-07,1.5331684142161774e-07,1.5481588732212066e-07,7.343688585959163e-10,2.596385999026986e-10,0.9076637698551877,0.9165383960255427,-60.071398652441104,standard-halo-model,scale_dependent_camb
2,0.36610056,0.40720486,3840,3859,3849.5086363636365,1.6767730941966756e-07,1.522948968489659e-07,1.5378363471345711e-07,6.594443245992893e-10,2.3314877686957014e-10,0.9082618117863394,0.9171404004853336,-65.97681007482623,standard-halo-model,scale_dependent_camb
2,0.36610056,0.40720486,3860,3879,3869.5085917312663,1.6645152045894187e-07,1.510121923887413e-07,1.5248729178217175e-07,1.08953781138608e-09,3.8520978739512336e-10,0.9072442953501951,0.9161063315116149,-40.08031097705183,standard-halo-model,scale_dependent_camb
2,0.36610056,0.40720486,3880,3899,3889.5085475578408,1.6523626564383106e-07,1.49925896608879e-07,1.513918315584881e-07,5.599903941501852e-10,1.9798650255146174e-10,0.9073425620259794,0.9162143126909875,-77.33036766469726,standard-halo-model,scale_dependent_camb
2,0.36610056,0.40720486,3900,3919,3909.5085038363172,1.6403147798603026e-07,1.49564146047023e-07,1.510266675490305e-07,4.538962045898646e-10,1.604765421101649e-10,0.9118014900759513,0.9207175927652904,-90.15231602557608,standard-halo-model,scale_dependent_camb
2,0.36610056,0.40720486,3920,3939,3929.5084605597963,1.6283709416611318e-07,1.483800960355815e-07,1.4983021948718224e-07,7.081263995599579e-10,2.503604895330304e-10,0.9112180292545394,0.9201233923662234,-57.744727043379335,standard-halo-model,scale_dependent_camb
2,0.36610056,0.40720486,3940,3959,3949.508417721519,1.616530494555108e-07,1.4726953319048955e-07,1.487085852595663e-07,9.906818089791414e-10,3.5025891256365336e-10,0.9110223016919963,0.9199244045222481,-41.06538263293244,standard-halo-model,scale_dependent_camb
2,0.36610056,0.40720486,3960,3979,3969.5083753148615,1.6047927844768838e-07,1.4614020453968877e-07,1.475685189105897e-07,6.773174223805809e-10,2.394678711905509e-10,0.9106484398066774,0.9195487438503955,-59.878904993437,standard-halo-model,scale_dependent_camb
2,0.36610056,0.40720486,3980,3999,3989.508333333333,1.5931571875188712e-07,1.4583240950535188e-07,1.472579197122606e-07,7.498434185458208e-10,2.6510968304092624e-10,0.9153673639226165,0.9243150698870779,-50.85936164939609,standard-halo-model,scale_dependent_camb
2,0.36610056,0.40720486,4000,4019,4009.5082917705736,1.581623040321795e-07,1.448748098971071e-07,1.462905406181841e-07,8.856821866055063e-10,3.131359400624413e-10,0.9159882361579094,0.9249393622162966,-42.43362845038735,standard-halo-model,scale_dependent_camb
2,0.36610056,0.40720486,4020,4039,4029.5082506203476,1.5701897272445928e-07,1.4355523279420298e-07,1.4495789895737132e-07,9.608101895033448e-10,3.3969770021547343e-10,0.9142540567127337,0.9231871565721359,-39.63447477482513,standard-halo-model,scale_dependent_camb
2,0.36610056,0.40720486,4040,4059,4049.5082098765433,1.5588565945838983e-07,1.4266812920151418e-07,1.4406292133388148e-07,6.3427829817583e-10,2.2425124289979614e-10,0.9152100949965588,0.924157628318183,-58.94072240563563,standard-halo-model,scale_dependent_camb
2,0.36610056,0.40720486,4060,4079,4069.5081695331696,1.547623009407778e-07,1.4176137917820003e-07,1.4314728374741255e-07,6.52800451670135e-10,2.3079981306879678e-10,0.9159942590440499,0.9249493117977748,-56.32986261866022,standard-halo-model,scale_dependent_camb
2,0.36610056,0.40720486,4080,4096,4088.005870123517,1.5373201478430416e-07,1.4093812374019434e-07,1.4231562777111258e-07,6.692499168425769e-10,2.366155772539596e-10,0.9167779654611274,0.9257383894356065,-54.070366763630865,standard-halo-model,scale_dependent_camb
3,0.32596586,0.36610056,20,39,30.608333333333334,4.54402289613436e-05,4.598234522765432e-05,4.639419690454641e-05,2.0549290095060904e-06,7.26527118739356e-07,1.0119303154650015,1.0209939070512686,0.7461748533920987,standard-halo-model,scale_dependent_camb
3,0.32596586,0.36610056,40,59,50.165,3.52202383967633e-05,3.499800980426413e-05,3.531065887483861e-05,7.383694684283759e-07,2.6105302907340546e-07,0.9936903154942985,1.0025672875082987,-0.8512775863507845,standard-halo-model,scale_dependent_camb
3,0.32596586,0.36610056,60,79,69.975,2.801615785163651e-05,2.772297351461477e-05,2.7971109004953325e-05,4.809704869776454e-07,1.7004874644624456e-07,0.9895351697197617,0.9983920405174133,-1.7241193666453813,standard-halo-model,scale_dependent_camb
3,0.32596586,0.36610056,80,99,89.86944444444444,2.1111643255721666e-05,2.0542949278735802e-05,2.0726785384533898e-05,4.102090236955182e-07,1.4503079117950704e-07,0.9730625432564688,0.9817703498242154,-3.9211947501684827,standard-halo-model,scale_dependent_camb
3,0.32596586,0.36610056,100,119,109.80227272727272,1.662696732298413e-05,1.6454046871428263e-05,1.66011565097783e-05,4.4424534753504523e-07,1.5706444887630248e-07,0.9896000005174226,0.9984476535796069,-1.1009522065177995,standard-halo-model,scale_dependent_camb
3,0.32596586,0.36610056,120,139,129.75576923076923,1.3828891162897136e-05,1.348919902638812e-05,1.360958750262921e-05,2.920289499851061e-07,1.0324782541862782e-07,0.9754360539462189,0.9841416309026775,-3.2900657726368747,standard-halo-model,scale_dependent_camb
3,0.32596586,0.36610056,140,159,149.72166666666666,1.1080437754743474e-05,1.1007669166467902e-05,1.1106188324047727e-05,1.1861808365519487e-07,4.193782566197073e-08,0.9934326973458769,1.0023239667849069,-1.735154055484546,standard-halo-model,scale_dependent_camb
3,0.32596586,0.36610056,160,179,169.6955882352941,9.153193257132977e-06,9.216888873513669e-06,9.299521277692295e-06,1.1214571814469054e-07,3.964949889057296e-08,1.0069588409849268,1.0159865542492819,1.6064671222323195,standard-halo-model,scale_dependent_camb
3,0.32596586,0.36610056,180,199,189.675,7.890661163097126e-06,7.987846070960333e-06,8.059252933779492e-06,1.4277992531972138e-07,5.0480326705441905e-08,1.0123164467279016,1.0213659878681436,1.925203622993398,standard-halo-model,scale_dependent_camb
3,0.32596586,0.36610056,200,219,209.65833333333333,6.657531990784501e-06,6.8283407855626894e-06,6.889570126159448e-06,1.1474540437985352e-07,4.05686267734935e-08,1.0256564737525296,1.034853476588042,4.210366688817537,standard-halo-model,scale_dependent_camb
3,0.32596586,0.36610056,220,239,229.64456521739132,5.687921225215567e-06,5.9790629001689845e-06,6.0324954235832e-06,9.162029073243723e-08,3.239266443559468e-08,1.0511859541343038,1.0605799877888735,8.987889080019505,standard-halo-model,scale_dependent_camb
3,0.32596586,0.36610056,240,259,249.633,5.012516462686353e-06,5.296314843399011e-06,5.34369637845479e-06,6.827020238958408e-08,2.4137161531326468e-08,1.0566179448636788,1.0660705891409579,11.7577363164401,standard-halo-model,scale_dependent_camb
3,0.32596586,0.36610056,260,279,269.6231481481482,4.387700406516857e-06,4.7104522633367254e-06,4.75246332770837e-06,8.085914551625656e-08,2.8588025057747413e-08,1.0735583168669627,1.0831330508914752,11.289757028263192,standard-halo-model,scale_dependent_camb
3,0.32596586,0.36610056,280,299,289.6146551724138,3.855031973705494e-06,4.1522859502553644e-06,4.189425267112374e-06,7.305293667846798e-08,2.5828113455468083e-08,1.0771080443890968,1.0867420285195346,11.508931036035028,standard-halo-model,scale_dependent_camb
3,0.32596586,0.36610056,300,319,309.60725806451615,3.455055403843233e-06,3.7888953747575767e-06,3.822798806275104e-06,4.983902828957941e-08,1.762075743565489e-08,1.0966236230374182,1.1064363257454022,18.94583545193307,standard-halo-model,scale_dependent_camb
3,0.32596586,0.36610056,320,339,329.6007575757576,3.103746160133517e-06,3.41523193825008e-06,3.4458147510796376e-06,3.430004469495402e-08,1.2126897099401826e-08,1.1003580067588914,1.1102115228815637,25.685529906238532,standard-halo-model,scale_dependent_camb
3,0.32596586,0.36610056,340,359,349.595,2.792945352520331e-06,3.1124951221119394e-06,3.140349400640335e-06,3.8177032064256107e-08,1.3497619129105874e-08,1.1144131836676465,1.1243862676391108,23.674528562044006,standard-halo-model,scale_dependent_camb
3,0.32596586,0.36610056,360,379,369.58986486486486,2.5436278949331265e-06,2.8651716754785215e-06,2.8908328331274597e-06,2.4306458027951425e-08,8.593630649095324e-09,1.126411485416521,1.1364998940631061,37.41652319898631,standard-halo-model,scale_dependent_camb
3,0.32596586,0.36610056,380,399,389.5852564102564,2.3296241519263658e-06,2.631105976515367e-06,2.654664916725094e-06,3.047578692214307e-08,1.0774817797321833e-08,1.12941221627519,1.1395249806840955,27.98022484091905,standard-halo-model,scale_dependent_camb
3,0.32596586,0.36610056,400,419,409.5810975609756,2.1391904706187065e-06,2.4591121835238417e-06,2.481102985841811e-06,2.664403794533464e-08,9.420089954668904e-09,1.1495527010330249,1.1598326656364615,33.96164096570772,standard-halo-model,scale_dependent_camb
3,0.32596586,0.36610056,420,439,429.57732558139537,1.978721770715617e-06,2.2629613453976913e-06,2.283234214412348e-06,1.794965027665806e-08,6.346159715275951e-09,1.143648075686395,1.1538935125713012,44.789224891059156,standard-halo-model,scale_dependent_camb
3,0.32596586,0.36610056,440,459,449.5738888888889,1.841088347077619e-06,2.1226238201653097e-06,2.141628905206928e-06,1.6533347165083083e-08,5.845420948070814e-09,1.1529179593877585,1.1632407041228416,48.16342152067029,standard-halo-model,scale_dependent_camb
3,0.32596586,0.36610056,460,479,469.5707446808511,1.7189525013982039e-06,1.9817484305517667e-06,1.9994738114742695e-06,2.427789670341868e-08,8.583532695966938e-09,1.152881437351994,1.1631931713342214,30.616290338946367,standard-halo-model,scale_dependent_camb
3,0.32596586,0.36610056,480,499,489.5678571428571,1.6128077606801717e-06,1.8406435745667725e-06,1.8570981449959456e-06,1.7920367092293036e-08,6.335806546156329e-09,1.141266565948638,1.1514690034804576,35.960033221787576,standard-halo-model,scale_dependent_camb
3,0.32596586,0.36610056,500,519,509.56519607843137,1.520662287239343e-06,1.7305207363389038e-06,1.7460479515040167e-06,1.7099927359317263e-08,6.045737296785305e-09,1.1380046384135325,1.1482154625362913,34.71180416839296,standard-halo-model,scale_dependent_camb
3,0.32596586,0.36610056,520,539,529.5627358490566,1.4388984654627544e-06,1.631898147843959e-06,1.6464617258968628e-06,2.4546007928822464e-08,8.678324328764563e-09,1.1341301606845033,1.1442514989182058,22.239279735317275,standard-halo-model,scale_dependent_camb
3,0.32596586,0.36610056,540,559,549.5604545454545,1.3664577241366013e-06,1.5383507714808972e-06,1.5521170402312465e-06,1.3200135557943849e-08,4.666952682801883e-09,1.125794632580314,1.1358690523791757,36.83196703016432,standard-halo-model,scale_dependent_camb
3,0.32596586,0.36610056,560,579,569.5583333333333,1.3025753522251452e-06,1.4561674368437655e-06,1.4692111212715974e-06,1.9772961966490284e-08,6.990797745324485e-09,1.1179141647016768,1.1279279304354977,21.970609108430327,standard-halo-model,scale_dependent_camb
3,0.32596586,0.36610056,580,599,589.5563559322034,1.245513749635138e-06,1.3909166482839842e-06,1.4033535428808738e-06,1.8192034766918972e-08,6.431855573634919e-09,1.1167413034913833,1.1267266566041312,22.60667967186224,standard-halo-model,scale_dependent_camb
3,0.32596586,0.36610056,600,619,609.5545081967213,1.1943068320823483e-06,1.3119480592771441e-06,1.3236893664435049e-06,7.429529065428927e-09,2.6267351915936733e-09,1.098501678157263,1.1083327423787488,44.78610084917675,standard-halo-model,scale_dependent_camb
3,0.32596586,0.36610056,620,639,629.5527777777778,1.1483626779839483e-06,1.2500500106118388e-06,1.2612156976103116e-06,1.4983491403869895e-08,5.297464188763373e-09,1.0885498410714736,1.098272977509585,19.195473344318756,standard-halo-model,scale_dependent_camb
3,0.32596586,0.36610056,640,659,649.5511538461539,1.1069438965502344e-06,1.1983694713851837e-06,1.2090750923295262e-06,1.6574756858697285e-08,5.8600614856515446e-09,1.082592781007127,1.0922641121176795,15.601470233513128,standard-halo-model,scale_dependent_camb
3,0.32596586,0.36610056,660,679,669.5496268656716,1.0693547831080362e-06,1.1482610148298542e-06,1.1585225688862767e-06,1.6611527902182883e-08,5.87306201275153e-09,1.0737886368193728,1.0833846607195023,13.435279850697583,standard-halo-model,scale_dependent_camb
3,0.32596586,0.36610056,680,699,689.5481884057971,1.0350898003764827e-06,1.0916696138315024e-06,1.101423065444855e-06,1.298516656266802e-08,4.590949665649685e-09,1.0546617437776322,1.0640845509676993,12.324206879975202,standard-halo-model,scale_dependent_camb
3,0.32596586,0.36610056,700,719,709.5468309859154,1.0037274473331334e-06,1.05330589038556e-06,1.0627422214413715e-06,7.253895859249772e-09,2.5646394760482655e-09,1.049394328295151,1.0587956165441508,19.331544848876682,standard-halo-model,scale_dependent_camb
3,0.32596586,0.36610056,720,739,729.5455479452055,9.749069362295181e-07,1.015092705161372e-06,1.0241588538044911e-06,1.354081450923321e-08,4.787400881133998e-09,1.041220107723588,1.0505196093541567,8.39406808195578,standard-halo-model,scale_dependent_camb
3,0.32596586,0.36610056,740,759,749.5443333333334,9.483192271918484e-07,9.710125105021905e-07,9.797048538121113e-07,1.346235695826601e-08,4.7596619479718994e-09,1.023930004432728,1.0330960563914766,4.7678351022412055,standard-halo-model,scale_dependent_camb
3,0.32596586,0.36610056,760,779,769.5431818181818,9.236994855133272e-07,9.379996615552547e-07,9.463963549773633e-07,1.0271014189070945e-08,3.6313518913776567e-09,1.0154814160516505,1.0245717030484462,3.9379758474748723,standard-halo-model,scale_dependent_camb
3,0.32596586,0.36610056,780,799,789.5420886075949,9.00820445835505e-07,9.000294636821316e-07,9.080917608351463e-07,1.1594792837188941e-08,4.099378320814754e-09,0.9991219313937311,1.0080718805098803,-0.192951733524358,standard-halo-model,scale_dependent_camb
3,0.32596586,0.36610056,800,819,809.5410493827161,8.794868452555663e-07,8.728059910664847e-07,8.806084381309279e-07,1.08922525556514e-08,3.850992822248804e-09,0.9924036906008069,1.001275281013482,-1.7348394290644877,standard-halo-model,scale_dependent_camb
3,0.32596586,0.36610056,820,839,829.5400602409638,8.595297139749172e-07,8.40731375817285e-07,8.4824912242793e-07,8.822133285432134e-09,3.1190951353303086e-09,0.9781295075062632,0.9868758562227944,-6.026856297104101,standard-halo-model,scale_dependent_camb
3,0.32596586,0.36610056,840,859,849.5391176470588,8.408024465269283e-07,8.175607287376825e-07,8.248746199877626e-07,9.462319712573799e-09,3.345435217258038e-09,0.9723576948601309,0.9810563984382321,-6.947292737683021,standard-halo-model,scale_dependent_camb
3,0.32596586,0.36610056,860,879,869.5382183908046,8.231786663579558e-07,7.964977505758779e-07,8.036409720141251e-07,7.751220654699907e-09,2.7404703437057675e-09,0.9675879406591961,0.976265548243284,-9.735889258337668,standard-halo-model,scale_dependent_camb
3,0.32596586,0.36610056,880,899,889.5373595505617,8.065492437155527e-07,7.688507229514109e-07,7.757130402577834e-07,1.1601751991752294e-08,4.10183875350629e-09,0.9532594927614402,0.9617677361946119,-9.190639376527594,standard-halo-model,scale_dependent_camb
3,0.32596586,0.36610056,900,919,909.5365384615385,7.908196978161682e-07,7.518403798659082e-07,7.585646143796602e-07,7.928836222897185e-09,2.8032669300640657e-09,0.9507102338777087,0.9592131006276402,-13.904961219433064,standard-halo-model,scale_dependent_camb
3,0.32596586,0.36610056,920,939,929.535752688172,7.759078620309297e-07,7.264992251051674e-07,7.33017346349801e-07,3.2553046167324215e-09,1.1509239846596851e-09,0.936321515293793,0.9447221535185076,-42.92953973009076,standard-halo-model,scale_dependent_camb
3,0.32596586,0.36610056,940,959,949.535,7.617420150131868e-07,7.058011034542734e-07,7.121174335706657e-07,7.510989494345872e-09,2.6555358024364415e-09,0.9265618668048066,0.9348538212879567,-21.065771927302933,standard-halo-model,scale_dependent_camb
3,0.32596586,0.36610056,960,979,969.5342783505155,7.482592934444912e-07,6.922926992469974e-07,6.984866732094041e-07,7.60612081923562e-09,2.6891698049028422e-09,0.9252042778648821,0.9334821222119851,-20.811848361325712,standard-halo-model,scale_dependent_camb
3,0.32596586,0.36610056,980,999,989.5335858585859,7.354043111335349e-07,6.72987298184754e-07,6.790130397456722e-07,5.775360638830413e-09,2.0418983357574277e-09,0.9151255819365911,0.9233193625137408,-30.56812959575078,standard-halo-model,scale_dependent_camb
3,0.32596586,0.36610056,1000,1019,1009.5329207920792,7.231280511711343e-07,6.597312682933357e-07,6.656183911430769e-07,9.333585981828797e-09,3.299920970269421e-09,0.91232979722592,0.9204709872132353,-19.211606413902278,standard-halo-model,scale_dependent_camb
3,0.32596586,0.36610056,1020,1039,1029.532281553398,7.113870089173048e-07,6.427286152106818e-07,6.484773852803486e-07,6.606397386576443e-09,2.3357141956306443e-09,0.9034865792515419,0.911567651857037,-29.39503207843679,standard-halo-model,scale_dependent_camb
3,0.32596586,0.36610056,1040,1059,1049.5316666666668,7.001423610053157e-07,6.312235870476319e-07,6.368718196207214e-07,4.854740481053772e-09,1.7164099575269817e-09,0.9015646277155333,0.9096318907289856,-40.15286304734709,standard-halo-model,scale_dependent_camb
3,0.32596586,0.36610056,1060,1079,1069.5310747663552,6.893592391869923e-07,6.165133907430803e-07,6.220275295785577e-07,5.289667035610039e-09,1.8701797155494005e-09,0.8943281756405789,0.9023271093198904,-38.951255774107345,standard-halo-model,scale_dependent_camb
3,0.32596586,0.36610056,1080,1099,1089.530504587156,6.790061220733137e-07,6.044171873415183e-07,6.098284183285996e-07,4.85144728267776e-09,1.7152456360752466e-09,0.8901498347260234,0.8981191752241008,-43.485861828202495,standard-halo-model,scale_dependent_camb
3,0.32596586,0.36610056,1100,1119,1109.529954954955,6.690544120948263e-07,5.893708601734639e-07,5.946453749524227e-07,8.28235773716167e-09,2.928255660079943e-09,0.8809012384032097,0.8887847747548261,-27.211951814066335,standard-halo-model,scale_dependent_camb
3,0.32596586,0.36610056,1120,1139,1129.529424778761,6.59478057567866e-07,5.811519771698609e-07,5.863461535170263e-07,6.978875314326754e-09,2.467405029907923e-09,0.8812301948500467,0.8891063876779345,-31.74431414729184,standard-halo-model,scale_dependent_camb
3,0.32596586,0.36610056,1140,1159,1149.5289130434783,6.502532299497975e-07,5.706207134001976e-07,5.757191715129245e-07,6.907909106191715e-09,2.442314686404232e-09,0.8775361461014997,0.8853768731873468,-32.60534647434856,standard-halo-model,scale_dependent_camb
3,0.32596586,0.36610056,1160,1179,1169.5284188034188,6.413580418060989e-07,5.605345078507353e-07,5.655377589543935e-07,7.303165358480096e-09,2.5820588745539794e-09,0.873980633769306,0.8817816603060105,-31.301971752803226,standard-halo-model,scale_dependent_camb
3,0.32596586,0.36610056,1180,1199,1189.5279411764707,6.327723608284878e-07,5.50851805216342e-07,5.557825591865768e-07,3.695954336579114e-09,1.3067171871754594e-09,0.8705370830279513,0.8783293860352743,-62.691878867240995,standard-halo-model,scale_dependent_camb
3,0.32596586,0.36610056,1200,1219,1209.527479338843,6.244775766815954e-07,5.417380033732057e-07,5.46579076214141e-07,7.194638197297973e-09,2.5436887287465772e-09,0.8675059339231064,0.8752581303536976,-32.52739707234552,standard-halo-model,scale_dependent_camb
3,0.32596586,0.36610056,1220,1239,1229.5270325203253,6.164564706138719e-07,5.354357004970193e-07,5.402218177536716e-07,5.384970842586983e-09,1.903874699642546e-09,0.8685701684075577,0.8763340860315972,-42.55572603179414,standard-halo-model,scale_dependent_camb
3,0.32596586,0.36610056,1240,1259,1249.5266,6.086930845245104e-07,5.278897793625442e-07,5.32607714401173e-07,5.77464707628043e-09,2.041646053298481e-09,0.8672511529762378,0.8750020789495702,-39.57752864725033,standard-halo-model,scale_dependent_camb
3,0.32596586,0.36610056,1260,1279,1269.5261811023622,6.011725515594932e-07,5.154393814841858e-07,5.200432979699553e-07,6.292317169570594e-09,2.2246700699899548e-09,0.8573900790165683,0.8650483070474829,-38.537476289998594,standard-halo-model,scale_dependent_camb
3,0.32596586,0.36610056,1280,1299,1289.5257751937984,5.938810527426486e-07,5.091549240941589e-07,5.13705593218329e-07,5.148982596607083e-09,1.8204402551361928e-09,0.8573348513861332,0.8649974449360609,-46.54155960869531,standard-halo-model,scale_dependent_camb
3,0.32596586,0.36610056,1300,1319,1309.5253816793893,5.868056695738576e-07,5.057996795883517e-07,5.103304587120578e-07,2.9427454364028214e-09,1.0404176266931004e-09,0.861954316078212,0.8696754056290277,-77.85910956062722,standard-halo-model,scale_dependent_camb
3,0.32596586,0.36610056,1320,1339,1329.525,5.799343767007326e-07,4.967888467264619e-07,5.012299903862525e-07,5.342129231951154e-09,1.8887279029437717e-09,0.8566294165086598,0.864287427204726,-44.02197364939655,standard-halo-model,scale_dependent_camb
3,0.32596586,0.36610056,1340,1359,1349.5246296296295,5.73255938243353e-07,4.909536032769395e-07,4.953358447107036e-07,7.087909391300244e-09,2.5059543975121085e-09,0.8564300350405174,0.8640745113405671,-32.8427105649339,standard-halo-model,scale_dependent_camb
3,0.32596586,0.36610056,1360,1379,1369.5242700729927,5.667598559217192e-07,4.843493021382462e-07,4.886832066754557e-07,4.4048174027197766e-09,1.5573381276758347e-09,0.8545935233019476,0.8622403326020898,-52.91757282438218,standard-halo-model,scale_dependent_camb
3,0.32596586,0.36610056,1380,1399,1389.5239208633093,5.604363194461508e-07,4.777824689492927e-07,4.820490783748962e-07,6.5802550803875074e-09,2.3264714946396184e-09,0.8525187472172745,0.8601317610023552,-35.52755780042838,standard-halo-model,scale_dependent_camb
3,0.32596586,0.36610056,1400,1419,1409.5235815602837,5.542761415856315e-07,4.722313104530135e-07,4.7645114757944967e-07,4.72167316905879e-09,1.669363558194023e-09,0.8519784183784093,0.859591658079408,-49.14737160153236,standard-halo-model,scale_dependent_camb
3,0.32596586,0.36610056,1420,1439,1429.5232517482518,5.482707294881657e-07,4.6699105315922444e-07,4.7116714938992493e-07,4.289779906969921e-09,1.5166662310081138e-09,0.8517526616735143,0.8593695122659197,-53.59101077559785,standard-halo-model,scale_dependent_camb
3,0.32596586,0.36610056,1440,1459,1449.5229310344828,5.424120324996674e-07,4.6273461781709984e-07,4.668688878638636e-07,6.1272595299864e-09,2.1663133818716404e-09,0.853105370256298,0.8607273804608121,-36.78018856797545,standard-halo-model,scale_dependent_camb
3,0.32596586,0.36610056,1460,1479,1469.522619047619,5.366925170513074e-07,4.577438497209688e-07,4.6183413443207936e-07,5.636257769070164e-09,1.9927180445124374e-09,0.8528977676750593,0.8605190491000052,-39.61858404792793,standard-halo-model,scale_dependent_camb
3,0.32596586,0.36610056,1480,1499,1489.5223154362416,5.311051112563566e-07,4.531263896782144e-07,4.571788511537121e-07,4.974727061400763e-09,1.7588316198343527e-09,0.8531764806524277,0.860806724439597,-44.335524048337426,standard-halo-model,scale_dependent_camb
3,0.32596586,0.36610056,1500,1519,1509.5220198675497,5.256431868776295e-07,4.482365116904433e-07,4.522456248785307e-07,4.0057053028965425e-09,1.416230691556529e-09,0.8527391258564784,0.8603661878791061,-54.656826496332535,standard-halo-model,scale_dependent_camb
3,0.32596586,0.36610056,1520,1539,1529.5217320261438,5.203005335991067e-07,4.411150254547929e-07,4.4505820216641654e-07,4.205030330180223e-09,1.4867027307827714e-09,0.8478081358161234,0.8553867878777449,-53.2625026541933,standard-halo-model,scale_dependent_camb
3,0.32596586,0.36610056,1540,1559,1549.5214516129033,5.15071324820687e-07,4.369023026887749e-07,4.4080630427732354e-07,5.0828926953580845e-09,1.7970739464656348e-09,0.8482365094598785,0.8558160453424241,-43.497944136160775,standard-halo-model,scale_dependent_camb
3,0.32596586,0.36610056,1560,1579,1569.521178343949,5.099500939044429e-07,4.3692676164127195e-07,4.4083203721509993e-07,3.991297583567945e-09,1.4111367935371874e-09,0.8568029830055204,0.8644611354806522,-51.747876320430315,standard-halo-model,scale_dependent_camb
3,0.32596586,0.36610056,1580,1599,1589.5209119496856,5.049316993594429e-07,4.2964527308189077e-07,4.3348397405821827e-07,4.54203335468681e-09,1.605851292737263e-09,0.8508978018748662,0.8585002181644303,-46.8825641689538,standard-halo-model,scale_dependent_camb
3,0.32596586,0.36610056,1600,1619,1609.520652173913,5.000113398783163e-07,4.258661179766471e-07,4.2967502194884097e-07,4.66126020019437e-09,1.6480043482162014e-09,0.8517129193115632,0.8593305544898391,-44.9909139996651,standard-halo-model,scale_dependent_camb
3,0.32596586,0.36610056,1620,1639,1629.520398773006,4.951844825278711e-07,4.218656603203991e-07,4.2563634265824154e-07,5.29493996811761e-09,1.8720439787158216e-09,0.8519363493920766,0.8595510515301434,-39.16511740165796,standard-halo-model,scale_dependent_camb
3,0.32596586,0.36610056,1640,1659,1649.5201515151516,4.904468882101178e-07,4.181008109882169e-07,4.2184354820012125e-07,3.5562773234330317e-09,1.2573339055897208e-09,0.8524894765141088,0.8601207558674419,-57.53927170839218,standard-halo-model,scale_dependent_camb
3,0.32596586,0.36610056,1660,1679,1669.5199101796406,4.857945578783023e-07,4.13352907411131e-07,4.1704807658284226e-07,4.697170954529601e-09,1.6607007171701845e-09,0.8508800699959286,0.8584865141435325,-43.621135173959,standard-halo-model,scale_dependent_camb
3,0.32596586,0.36610056,1680,1699,1689.519674556213,4.812237510954434e-07,4.1116370569616016e-07,4.1483593363701297e-07,4.9222419532256185e-09,1.7402753318833757e-09,0.8544127440929492,0.8620437638264795,-40.25802361024231,standard-halo-model,scale_dependent_camb
3,0.32596586,0.36610056,1700,1719,1709.5194444444444,4.767309423619222e-07,4.067386714885131e-07,4.103768174775509e-07,3.823120250495752e-09,1.351677127208579e-09,0.8531828655244436,0.8608143105718595,-51.78179719438906,standard-halo-model,scale_dependent_camb
3,0.32596586,0.36610056,1720,1739,1729.519219653179,4.723128127982995e-07,4.0411725507212776e-07,4.077307793513863e-07,4.281363611469613e-09,1.5136906211977452e-09,0.8556135766841995,0.8632642780442781,-45.05250727669193,standard-halo-model,scale_dependent_camb
3,0.32596586,0.36610056,1740,1759,1749.519,4.6796625389149465e-07,4.0029971109529164e-07,4.0388136413634743e-07,3.0851072586813903e-09,1.0907501316507255e-09,0.855402943623596,0.86305660029493,-62.03670376257249,standard-halo-model,scale_dependent_camb
3,0.32596586,0.36610056,1760,1779,1769.5187853107345,4.63688335792137e-07,3.973229940009359e-07,4.0088006128525246e-07,3.252438591043457e-09,1.1499106915598242e-09,0.8568751105679063,0.8645463565530785,-57.71347486227668,standard-halo-model,scale_dependent_camb
3,0.32596586,0.36610056,1780,1799,1789.5185754189945,4.594763031749584e-07,3.932182039911574e-07,3.9673520871575266e-07,3.457710477538309e-09,1.2224852630235569e-09,0.855796482373605,0.8634508591070575,-54.199507501567474,standard-halo-model,scale_dependent_camb
3,0.32596586,0.36610056,1800,1819,1809.5183701657459,4.55327558944514e-07,3.905165403967027e-07,3.940094086543524e-07,3.3521813144998763e-09,1.1851750696248486e-09,0.8576606724661067,0.8653317834916427,-54.684763634394,standard-halo-model,scale_dependent_camb
3,0.32596586,0.36610056,1820,1839,1829.518169398907,4.5123966473395877e-07,3.8627645389968874e-07,3.8972755568152457e-07,3.976431179272196e-09,1.4058807258924947e-09,0.8560339085603856,0.8636819547131336,-46.20819507503345,standard-halo-model,scale_dependent_camb
3,0.32596586,0.36610056,1840,1859,1849.517972972973,4.472103255736175e-07,3.834399434201007e-07,3.868672998283876e-07,3.5415096986246857e-09,1.2521127617677206e-09,0.8574040479237118,0.8650679058721855,-50.930222980465736,standard-halo-model,scale_dependent_camb
3,0.32596586,0.36610056,1860,1879,1869.5177807486632,4.432373776142092e-07,3.8217386772570923e-07,3.855925010992793e-07,2.904466108172158e-09,1.0268838404075168e-09,0.8622329411450285,0.8699458136287784,-59.46486592316718,standard-halo-model,scale_dependent_camb
3,0.32596586,0.36610056,1880,1899,1889.5175925925926,4.39318782902522e-07,3.794131535850406e-07,3.828076421143209e-07,3.0377920312445386e-09,1.0740216725637348e-09,0.8636397266656967,0.8713664359742614,-55.77692782910435,standard-halo-model,scale_dependent_camb
3,0.32596586,0.36610056,1900,1919,1909.5174083769634,4.35452621822521e-07,3.767776139102352e-07,3.801454769410654e-07,3.786779162061429e-09,1.3388286121747743e-09,0.8652551277181191,0.8729892941051177,-43.825630389669485,standard-halo-model,scale_dependent_camb
3,0.32596586,0.36610056,1920,1939,1929.5172279792746,4.3163708932248344e-07,3.7370398235478066e-07,3.770463025776119e-07,4.0747127383420535e-09,1.440628504334436e-09,0.8657828337721462,0.873526191109852,-40.21377252594874,standard-halo-model,scale_dependent_camb
3,0.32596586,0.36610056,1940,1959,1949.5170512820512,4.278704790100587e-07,3.6995097504124954e-07,3.732541695981366e-07,4.359349880295317e-09,1.5412629309607915e-09,0.8646330915308426,0.8723531720667317,-37.579249332041826,standard-halo-model,scale_dependent_camb
3,0.32596586,0.36610056,1960,1979,1969.5168781725888,4.241511859758838e-07,3.662806054872721e-07,3.695561057791503e-07,3.0152222489685e-09,1.0660420495150894e-09,0.863561431861935,0.8712839147882574,-54.28545760923343,standard-halo-model,scale_dependent_camb
3,0.32596586,0.36610056,1980,1999,1989.5167085427136,4.204776943625238e-07,3.639378199136647e-07,3.671931160767197e-07,2.570232352647594e-09,9.087143628910837e-10,0.8655341883602699,0.8732760881249894,-62.21963331687305,standard-halo-model,scale_dependent_camb
3,0.32596586,0.36610056,2000,2019,2009.5165422885573,4.168485765098533e-07,3.6078669589366266e-07,3.640129626630964e-07,2.8675953858775426e-09,1.0138480715266324e-09,0.8655102025642506,0.8732498638015428,-55.2961357728617,standard-halo-model,scale_dependent_camb
3,0.32596586,0.36610056,2020,2039,2029.5163793103447,4.1326248353942403e-07,3.589421541454069e-07,3.6215125118397104e-07,3.263046398850066e-09,1.1536611179766126e-09,0.8685573175460164,0.8763225930461769,-47.0851695940734,standard-halo-model,scale_dependent_camb
3,0.32596586,0.36610056,2040,2059,2049.516219512195,4.097181401299456e-07,3.5569755987673625e-07,3.5888137486377726e-07,2.655703774955218e-09,9.389330740467737e-10,0.8681518464472276,0.8759225909547352,-57.53400508130177,standard-halo-model,scale_dependent_camb
3,0.32596586,0.36610056,2060,2079,2069.5160628019325,4.062143468379475e-07,3.528016467150467e-07,3.5595377373982815e-07,3.8477797759889354e-09,1.3603955860571154e-09,0.8685110446278529,0.8762708075444465,-39.26262380614507,standard-halo-model,scale_dependent_camb
3,0.32596586,0.36610056,2080,2099,2089.515909090909,4.027499751937323e-07,3.494473093821711e-07,3.5257480846069006e-07,2.8209105768828406e-09,9.973424990173561e-10,0.8676532114349073,0.875418572753712,-53.44469514141665,standard-halo-model,scale_dependent_camb
3,0.32596586,0.36610056,2100,2119,2109.5157582938386,3.9932395024684175e-07,3.477022043606122e-07,3.5080884577981765e-07,3.3075717617654515e-09,1.1694032110027432e-09,0.8707271480853587,0.8785069003824225,-44.14366695809293,standard-halo-model,scale_dependent_camb
3,0.32596586,0.36610056,2120,2139,2129.5156103286386,3.959352594334342e-07,3.454055249258554e-07,3.484983428000688e-07,2.089564634357072e-09,7.38772661340737e-10,0.8723787960186101,0.8801902192261292,-68.39686570950883,standard-halo-model,scale_dependent_camb
3,0.32596586,0.36610056,2140,2159,2149.515465116279,3.9258295322967283e-07,3.4238226294408765e-07,3.454452875012343e-07,2.5117142220520965e-09,8.880250794078655e-10,0.8721271775236347,0.8799294127759502,-56.53071230720079,standard-halo-model,scale_dependent_camb
3,0.32596586,0.36610056,2160,2179,2169.5153225806453,3.892661241668391e-07,3.3941406319371507e-07,3.4245004534526053e-07,2.946155161736767e-09,1.0416231466459087e-09,0.871933215149856,0.8797324608665068,-47.85997808674927,standard-halo-model,scale_dependent_camb
3,0.32596586,0.36610056,2180,2199,2189.5151826484016,3.859839191344236e-07,3.3622720127923357e-07,3.3923397878571653e-07,2.792065729711414e-09,9.871443054987535e-10,0.8710912154921624,0.8788811190540147,-50.40470534857667,standard-halo-model,scale_dependent_camb
3,0.32596586,0.36610056,2200,2219,2209.515045248869,3.8273553448067245e-07,3.342923944351309e-07,3.372799306654358e-07,3.473934836788628e-09,1.2282214402467105e-09,0.8734292071644896,0.8812349528064735,-39.44169875084649,standard-halo-model,scale_dependent_camb
3,0.32596586,0.36610056,2220,2239,2229.5149103139015,3.795201985774783e-07,3.319513107389659e-07,3.3492200440655946e-07,2.241627554276447e-09,7.925350222617457e-10,0.8746604580815182,0.8824879562719395,-60.02118077098949,standard-halo-model,scale_dependent_camb
3,0.32596586,0.36610056,2240,2259,2249.514777777778,3.763371984340747e-07,3.2983954470286326e-07,3.3278720265670255e-07,3.1096826876071073e-09,1.0994388578726968e-09,0.8764468303301229,0.8842793219522755,-42.292168771603805,standard-halo-model,scale_dependent_camb
3,0.32596586,0.36610056,2260,2279,2269.5146475770925,3.731858397381325e-07,3.272030649769782e-07,3.301308799062776e-07,2.0797449856070206e-09,7.353008912307214e-10,0.8767831737843516,0.8846286347250827,-62.53599758894607,standard-halo-model,scale_dependent_camb
3,0.32596586,0.36610056,2280,2299,2289.514519650655,3.7006548183566666e-07,3.2379038202301486e-07,3.266882307661336e-07,2.1595507453286678e-09,7.635164881691819e-10,0.8749542929994185,0.882784930779371,-60.60785920106816,standard-halo-model,scale_dependent_camb
3,0.32596586,0.36610056,2300,2319,2309.514393939394,3.669755019445316e-07,3.221627817719932e-07,3.250432236653383e-07,2.8613575795578928e-09,1.011642673952456e-09,0.8778863440881353,0.8857354835486229,-44.2969848211884,standard-halo-model,scale_dependent_camb
3,0.32596586,0.36610056,2320,2339,2329.514270386266,3.63915325302116e-07,3.2004224586261707e-07,3.2290389751488323e-07,2.4433706781709814e-09,8.638619877435371e-10,0.8794415173280316,0.8873050269229915,-50.78713968431254,standard-halo-model,scale_dependent_camb
3,0.32596586,0.36610056,2340,2359,2349.5141489361704,3.6088439312173424e-07,3.171218705052429e-07,3.1995813220661184e-07,2.237871527534698e-09,7.912070662720412e-10,0.8787353417033767,0.886594539151165,-55.31108667000257,standard-halo-model,scale_dependent_camb
3,0.32596586,0.36610056,2360,2379,2369.514029535865,3.57882183608501e-07,3.150964697208882e-07,3.179135035940271e-07,2.7365586490130642e-09,9.675195889159174e-10,0.8804474884549786,0.8883188886033037,-44.22206472899755,standard-halo-model,scale_dependent_camb
3,0.32596586,0.36610056,2380,2399,2389.513912133891,3.5490819854385796e-07,3.1175492049165533e-07,3.145419700000696e-07,3.180796940295836e-09,1.1245815430303037e-09,0.8784100276374147,0.8862629020422585,-38.372742572247425,standard-halo-model,scale_dependent_camb
3,0.32596586,0.36610056,2400,2419,2409.5137966804978,3.5196196046262684e-07,3.100204320558632e-07,3.127914515295492e-07,2.732044149309451e-09,9.659234722388725e-10,0.8808350528800478,0.8887081181114259,-43.421171150908236,standard-halo-model,scale_dependent_camb
3,0.32596586,0.36610056,2420,2439,2429.513683127572,3.490430250557568e-07,3.0729666094766164e-07,3.100469941288712e-07,1.6924953845304177e-09,5.983874817641958e-10,0.8803976555571437,0.888277294982026,-69.7647684490599,standard-halo-model,scale_dependent_camb
3,0.32596586,0.36610056,2440,2459,2449.5135714285716,3.461509617010721e-07,3.049433610814497e-07,3.076729829310455e-07,1.8666661520969998e-09,6.599661471795939e-10,0.8809548284450288,0.8888404683871562,-62.438961143273225,standard-halo-model,scale_dependent_camb
3,0.32596586,0.36610056,2460,2479,2469.5134615384613,3.432853593171446e-07,3.0326285382809525e-07,3.059733415591688e-07,2.8981160746237063e-09,1.0246387645160806e-09,0.8834133049872526,0.8913090327178648,-39.06011257338218,standard-halo-model,scale_dependent_camb
3,0.32596586,0.36610056,2480,2499,2489.513353413655,3.4044583446467633e-07,3.0041796258410503e-07,3.0310748234800443e-07,1.7912388883841764e-09,6.332985823507522e-10,0.8824251383674236,0.8903251315282401,-63.20537104629404,standard-halo-model,scale_dependent_camb
3,0.32596586,0.36610056,2500,2519,2509.513247011952,3.3763201642380255e-07,2.9875436611632257e-07,3.01427978872572e-07,1.7983075364075256e-09,6.357977268263177e-10,0.884852003316297,0.892770721406389,-61.14782841634834,standard-halo-model,scale_dependent_camb
3,0.32596586,0.36610056,2520,2539,2529.51314229249,3.348435494422566e-07,2.9551180853935233e-07,2.981572164071251e-07,1.6401601195112973e-09,5.798841713690883e-10,0.8825369610123339,0.8904373905477966,-67.82689172226115,standard-halo-model,scale_dependent_camb
3,0.32596586,0.36610056,2540,2559,2549.513039215686,3.3208009682855744e-07,2.93326662529055e-07,2.95949663709939e-07,2.2978220860703543e-09,8.12402789510283e-10,0.8833009425448655,0.8911996429064177,-47.70224179420044,standard-halo-model,scale_dependent_camb
3,0.32596586,0.36610056,2560,2579,2569.512937743191,3.293413385500509e-07,2.9208867376008657e-07,2.947021169858525e-07,1.8941049175182914e-09,6.69667215727985e-10,0.8868873705500443,0.894822734016021,-55.62862256810277,standard-halo-model,scale_dependent_camb
3,0.32596586,0.36610056,2580,2599,2589.5128378378377,3.2662696603871604e-07,2.8923014339918375e-07,2.918181834394982e-07,1.8988548380511715e-09,6.713465662374334e-10,0.885506015951238,0.8934295504704536,-55.704198874693056,standard-halo-model,scale_dependent_camb
3,0.32596586,0.36610056,2600,2619,2609.5127394636015,3.23936684283193e-07,2.865971633693881e-07,2.891624450846039e-07,2.1219866764256394e-09,7.502355842440368e-10,0.8847320395452286,0.8926511232417609,-49.770394390755875,standard-halo-model,scale_dependent_camb
3,0.32596586,0.36610056,2620,2639,2629.5126425855515,3.2127020926874093e-07,2.840804955974151e-07,2.866226790609593e-07,1.2746213815367602e-09,4.5064671116500434e-10,0.884241636484207,0.8921545502564816,-82.52520821728307,standard-halo-model,scale_dependent_camb
3,0.32596586,0.36610056,2640,2659,2649.512547169811,3.186272717635338e-07,2.833080062913968e-07,2.858434905975437e-07,1.8726799368310292e-09,6.620923411626081e-10,0.889151781400718,0.8971093058527637,-53.344923776217954,standard-halo-model,scale_dependent_camb
3,0.32596586,0.36610056,2660,2679,2669.5124531835204,3.160076119134256e-07,2.7993836056581063e-07,2.8244284168481726e-07,1.73947746506075e-09,6.149981556328211e-10,0.8858595489861282,0.8937849312382897,-58.64936507086013,standard-halo-model,scale_dependent_camb
3,0.32596586,0.36610056,2680,2699,2689.5123605947956,3.1341097988552197e-07,2.7777754172241224e-07,2.802624599462647e-07,1.6683575975114562e-09,5.898534853222237e-10,0.886304435868439,0.894233061166634,-60.41065968041875,standard-halo-model,scale_dependent_camb
3,0.32596586,0.36610056,2700,2719,2709.512269372694,3.108371353288641e-07,2.76157476550088e-07,2.7862676730880193e-07,2.191625355810862e-09,7.748565754571202e-10,0.8884314168508688,0.8963754186384977,-44.756229574895414,standard-halo-model,scale_dependent_camb
3,0.32596586,0.36610056,2720,2739,2729.5121794871793,3.0828584713279813e-07,2.74076791912732e-07,2.765278057312476e-07,2.1412488566922215e-09,7.570457933875058e-10,0.8890346230998721,0.8969850815504017,-45.18756397415936,standard-halo-model,scale_dependent_camb
3,0.32596586,0.36610056,2740,2759,2749.512090909091,3.057568929662924e-07,2.714209073958412e-07,2.738490516119635e-07,1.697891003382123e-09,6.002951211035652e-10,0.8877016794704395,0.8956431004881825,-57.19850847251417,standard-halo-model,scale_dependent_camb
3,0.32596586,0.36610056,2760,2779,2769.5120036101084,3.032500572905371e-07,2.6916710798684326e-07,2.7157596088934765e-07,1.872623520786081e-09,6.620723950786327e-10,0.8876077729111863,0.8955512269834687,-51.479188011827425,standard-halo-model,scale_dependent_camb
3,0.32596586,0.36610056,2780,2799,2789.511917562724,3.0076513249106045e-07,2.6847263888696564e-07,2.7087496547238747e-07,1.4993855996118488e-09,5.301128625494979e-10,0.892632189986136,0.9006195739143353,-60.916261206696504,standard-halo-model,scale_dependent_camb
3,0.32596586,0.36610056,2800,2819,2809.5118327402133,2.9830191798167427e-07,2.6550940034772115e-07,2.678840254297773e-07,1.879083198699051e-09,6.643562361069039e-10,0.8900693704692584,0.8980298458766006,-49.35984017568002,standard-halo-model,scale_dependent_camb
3,0.32596586,0.36610056,2820,2839,2829.511749116608,2.9586021980451354e-07,2.632966270837684e-07,2.6565150007057626e-07,2.0626145822231777e-09,7.292443790321333e-10,0.8899358868108015,0.8978952974688609,-44.65388237063155,standard-halo-model,scale_dependent_camb
3,0.32596586,0.36610056,2840,2859,2849.5116666666668,2.9343984911623314e-07,2.610762996285158e-07,2.6341078876261267e-07,2.027095329685478e-09,7.166864268660909e-10,0.8897097664642747,0.8976653632965651,-45.157196054676106,standard-halo-model,scale_dependent_camb
3,0.32596586,0.36610056,2860,2879,2869.5115853658535,2.910406228397528e-07,2.594031910308137e-07,2.6172366284831725e-07,1.9377525580249583e-09,6.850989870205134e-10,0.8912954779293519,0.899268494874073,-46.17935861579628,standard-halo-model,scale_dependent_camb
3,0.32596586,0.36610056,2880,2899,2889.5115051903113,2.886623639213005e-07,2.5701743118300116e-07,2.5931798602244714e-07,1.4286427046235006e-09,5.051014721659835e-10,0.8903738876505325,0.8983435959567847,-62.65064443902549,standard-halo-model,scale_dependent_camb
3,0.32596586,0.36610056,2900,2919,2909.5114261168383,2.863049001462459e-07,2.56122839584348e-07,2.584117965046586e-07,2.3487574280304097e-09,8.304111523612885e-10,0.8945807055817739,0.9025755283009848,-36.3459239150085,standard-halo-model,scale_dependent_camb
3,0.32596586,0.36610056,2920,2939,2929.511348122867,2.839680625737526e-07,2.532283351329022e-07,2.5549254646014884e-07,2.1689238084562533e-09,7.668303664181845e-10,0.8917493496901024,0.8997228214485984,-40.086737285110004,standard-halo-model,scale_dependent_camb
3,0.32596586,0.36610056,2940,2959,2949.511271186441,2.816516872868598e-07,2.5106546719607495e-07,2.5330987827666374e-07,2.2470168117705474e-09,7.94440412521565e-10,0.8914040942363216,0.8993728413871345,-38.500332572085235,standard-halo-model,scale_dependent_camb
3,0.32596586,0.36610056,2960,2979,2969.5111952861953,2.7935561493932217e-07,2.4964831110380175e-07,2.5188046533261464e-07,1.9092237571175307e-09,6.750125327301319e-10,0.8936577528897243,0.9016481211137449,-44.01000336300025,standard-halo-model,scale_dependent_camb
3,0.32596586,0.36610056,2980,2999,2989.511120401338,2.77079689171791e-07,2.469816719905123e-07,2.4919189313807093e-07,1.3722963096487752e-09,4.851800131749616e-10,0.8913741484579992,0.899350991344481,-62.03474249551373,standard-halo-model,scale_dependent_camb
3,0.32596586,0.36610056,3000,3019,3009.5110465116277,2.748237567200771e-07,2.456533658678122e-07,2.478511760920194e-07,1.469355814459245e-09,5.194957301900073e-10,0.8938578265561791,0.9018549889937982,-56.15135824426452,standard-halo-model,scale_dependent_camb
3,0.32596586,0.36610056,3020,3039,3029.5109735973597,2.7258766788020227e-07,2.4430132063909044e-07,2.464873685437559e-07,1.5925397446257932e-09,5.630478263669954e-10,0.896230275341938,0.9042498894413777,-50.237912156816925,standard-halo-model,scale_dependent_camb
3,0.32596586,0.36610056,3040,3059,3049.5109016393444,2.70371276688588e-07,2.4188572676628144e-07,2.4404812791455243e-07,1.8729621397291775e-09,6.621921149540836e-10,0.8946428397602455,0.9026407350054628,-43.01704789142912,standard-halo-model,scale_dependent_camb
3,0.32596586,0.36610056,3060,3079,3069.5108306188927,2.6817443926205024e-07,2.4047672109065906e-07,2.4262619763819165e-07,2.1793038342899084e-09,7.70500259746119e-10,0.8967175311427574,0.9047327489742831,-35.94770776653291,standard-halo-model,scale_dependent_camb
3,0.32596586,0.36610056,3080,3099,3089.5107605177996,2.659970133398679e-07,2.387028504056926e-07,2.4083914928481675e-07,1.2818452983102456e-09,4.5320075143363374e-10,0.8973892127905168,0.9054205017598953,-60.225325857987215,standard-halo-model,scale_dependent_camb
3,0.32596586,0.36610056,3100,3119,3109.510691318328,2.638388599235979e-07,2.3648030285961787e-07,2.3859657062290933e-07,1.4426738876676583e-09,5.100622445052803e-10,0.8963058092659191,0.9043268709241762,-53.63768316260234,standard-halo-model,scale_dependent_camb
3,0.32596586,0.36610056,3120,3139,3129.5106230031947,2.616998423864557e-07,2.3459230615123587e-07,2.3669094190105746e-07,1.3858600964143603e-09,4.899755359752183e-10,0.8964174529566977,0.9044367002389431,-55.32426467224856,standard-halo-model,scale_dependent_camb
3,0.32596586,0.36610056,3140,3159,3149.5105555555556,2.59579826045969e-07,2.3308175279521591e-07,2.351662812613175e-07,1.9541089621977042e-09,6.908818491737017e-10,0.8979193658675904,0.9059497605937678,-38.35398669460622,standard-halo-model,scale_dependent_camb
3,0.32596586,0.36610056,3160,3179,3169.5104889589907,2.5747867880123877e-07,2.314686125821123e-07,2.335391543195166e-07,1.4125380098784441e-09,4.994076027343992e-10,0.8989816697047563,0.9070232743418637,-52.081838715938524,standard-halo-model,scale_dependent_camb
3,0.32596586,0.36610056,3180,3199,3189.510423197492,2.553962681405152e-07,2.2941225170212139e-07,2.3146480169113088e-07,1.4730960629152562e-09,5.208181077132914e-10,0.898259999538843,0.9062967261674412,-49.89077002809954,standard-halo-model,scale_dependent_camb
3,0.32596586,0.36610056,3200,3219,3209.5103582554516,2.5333246488512433e-07,2.2752361483376287e-07,2.2955825949372924e-07,1.9641516420623225e-09,6.944324726904803e-10,0.8981226110792208,0.9061541306907676,-37.1653847801338,standard-halo-model,scale_dependent_camb
3,0.32596586,0.36610056,3220,3239,3229.510294117647,2.51287140856517e-07,2.25597162712344e-07,2.2761607275141332e-07,1.0301566204418554e-09,3.6421536599932614e-10,0.8977664433738702,0.9058007185547959,-70.5351298775805,standard-halo-model,scale_dependent_camb
3,0.32596586,0.36610056,3240,3259,3249.510230769231,2.492601704533147e-07,2.23726433840958e-07,2.257271524511845e-07,1.626235743514544e-09,5.749611610235405e-10,0.8975619066378716,0.9055885344243644,-44.40949814227759,standard-halo-model,scale_dependent_camb
3,0.32596586,0.36610056,3260,3279,3269.5101681957185,2.4725142760423517e-07,2.2210525841780977e-07,2.2409429139956624e-07,1.0307123950272563e-09,3.644118619884002e-10,0.898297172921987,0.9063417492507442,-69.00480420482536,standard-halo-model,scale_dependent_camb
3,0.32596586,0.36610056,3280,3299,3289.510106382979,2.45260787687679e-07,2.2067909801169903e-07,2.2265338822478206e-07,1.5107887534511736e-09,5.34144486252848e-10,0.8997732580583453,0.9078230169769912,-46.02067475867146,standard-halo-model,scale_dependent_camb
3,0.32596586,0.36610056,3300,3319,3309.5100453172204,2.432881278181156e-07,2.1882750346494502e-07,2.2078600146444387e-07,1.0515590785490678e-09,3.7178227763016157e-10,0.8994582079588463,0.9075083253939357,-65.79287347715729,standard-halo-model,scale_dependent_camb
3,0.32596586,0.36610056,3320,3339,3329.509984984985,2.413333274716453e-07,2.1729264071179578e-07,2.1923565178302195e-07,1.7294375184604784e-09,6.114484984709195e-10,0.9003838922219555,0.9084350432651302,-39.317598816530435,standard-halo-model,scale_dependent_camb
3,0.32596586,0.36610056,3340,3359,3349.509925373134,2.3939626342219085e-07,2.1522754957213661e-07,2.171528727052065e-07,1.5262606644801197e-09,5.396146328560892e-10,0.8990430614723876,0.9070854724338087,-44.78884073645911,standard-halo-model,scale_dependent_camb
3,0.32596586,0.36610056,3360,3379,3369.5098664688426,2.374768156975233e-07,2.143063887204866e-07,2.1622310308387748e-07,1.4166593712266142e-09,5.008647240129047e-10,0.90243078294199,0.9105019471007356,-46.260848221444554,standard-halo-model,scale_dependent_camb
3,0.32596586,0.36610056,3380,3399,3389.509808259587,2.3557486678897546e-07,2.123888839550959e-07,2.1429024665090023e-07,1.0226189809790546e-09,3.6155040801018325e-10,0.9015770096788415,0.9096481707569353,-64.12932282799832,standard-halo-model,scale_dependent_camb
3,0.32596586,0.36610056,3400,3419,3409.509750733138,2.3369029606362902e-07,2.1105240486252702e-07,2.1294000304823642e-07,1.771881267439417e-09,6.264546298319132e-10,0.9031286639521473,0.9112060134078365,-36.13652150224522,standard-halo-model,scale_dependent_camb
3,0.32596586,0.36610056,3420,3439,3429.509693877551,2.318229851375521e-07,2.0895659601704736e-07,2.1082637058042502e-07,1.2777482459318634e-09,4.517522246738185e-10,0.9013627181664623,0.9094282452420809,-50.617103517343196,standard-halo-model,scale_dependent_camb
3,0.32596586,0.36610056,3440,3459,3449.5096376811593,2.2997281885095367e-07,2.0800127608350782e-07,2.0986087037084178e-07,1.5570707462073663e-09,5.505076417152132e-10,0.9044602624030725,0.9125464105688659,-39.911421935923094,standard-halo-model,scale_dependent_camb
3,0.32596586,0.36610056,3460,3479,3469.509582132565,2.2813967852056324e-07,2.0646146409929974e-07,2.0830768207223788e-07,1.4728338075380185e-09,5.207253864354676e-10,0.9049783248497497,0.913070814437315,-41.630800007001454,standard-halo-model,scale_dependent_camb
3,0.32596586,0.36610056,3480,3499,3489.5095272206304,2.2632344773640297e-07,2.0499975564241483e-07,2.0683333446659602e-07,1.5160587500669117e-09,5.360077114247572e-10,0.905782223153371,0.9138838089259451,-39.78243528867863,standard-halo-model,scale_dependent_camb
3,0.32596586,0.36610056,3500,3519,3509.509472934473,2.24524012509302e-07,2.0317632666311426e-07,2.0499313568542626e-07,1.5146275886652568e-09,5.355017194587159e-10,0.9049202550426391,0.9130120800639683,-39.864831559767815,standard-halo-model,scale_dependent_camb
3,0.32596586,0.36610056,3520,3539,3529.509419263456,2.2274125510008128e-07,2.0138444231588557e-07,2.0318668246107565e-07,1.1142268910372406e-09,3.939386952164186e-10,0.9041182883943087,0.912209470893843,-54.213543994359036,standard-halo-model,scale_dependent_camb
3,0.32596586,0.36610056,3540,3559,3549.509366197183,2.2097506285768321e-07,1.9956423526267842e-07,2.013494637089383e-07,1.2451077417458264e-09,4.402120637481712e-10,0.9031074940397495,0.91118636241147,-48.63753031369246,standard-halo-model,scale_dependent_camb
3,0.32596586,0.36610056,3560,3579,3569.5093137254903,2.1922532005076115e-07,1.9803215091163895e-07,1.998041011888131e-07,1.0138007657408957e-09,3.584326981137509e-10,0.9033270010315644,0.9114097821481063,-59.12733199468429,standard-halo-model,scale_dependent_camb
3,0.32596586,0.36610056,3580,3599,3589.50926183844,2.1749191200924849e-07,1.96665699409667e-07,1.98424903905509e-07,1.243278780039463e-09,4.395654281356211e-10,0.9042437375846147,0.912332334901131,-47.37909595828333,standard-halo-model,scale_dependent_camb
3,0.32596586,0.36610056,3600,3619,3609.5092105263157,2.1577472711285332e-07,1.9553921007806953e-07,1.97289120420493e-07,1.000404167141557e-09,3.536962852565376e-10,0.9062192439979297,0.9143291388212852,-57.21156223087523,standard-halo-model,scale_dependent_camb
3,0.32596586,0.36610056,3620,3639,3629.5091597796145,2.14073649368394e-07,1.941772429071142e-07,1.959142278918296e-07,1.1012537273137433e-09,3.8935198919525447e-10,0.9070581245287197,0.9151720843263885,-51.101335073190114,standard-halo-model,scale_dependent_camb
3,0.32596586,0.36610056,3640,3659,3649.509109589041,2.123885680881279e-07,1.925157696512817e-07,1.9423937108608922e-07,1.0656951918149522e-09,3.767801484051256e-10,0.90643188277158,0.9145472039036117,-52.74375128563926,standard-halo-model,scale_dependent_camb
3,0.32596586,0.36610056,3660,3679,3669.5090599455043,2.107193680216062e-07,1.9112156628028966e-07,1.9283129127403703e-07,1.3183575658236194e-09,4.661097874112357e-10,0.9069957264711088,0.9151094798949141,-42.04546283003912,standard-halo-model,scale_dependent_camb
3,0.32596586,0.36610056,3680,3699,3689.509010840108,2.090659388556462e-07,1.8999269342580706e-07,1.9169395207122023e-07,1.0557616183119112e-09,3.7326809981241793e-10,0.9087692355137359,0.9169066616995856,-51.0979787434935,standard-halo-model,scale_dependent_camb
3,0.32596586,0.36610056,3700,3719,3709.508962264151,2.0742816682309523e-07,1.8811500830708832e-07,1.897969017536584e-07,1.4548823584864307e-09,5.143785907572164e-10,0.906892304879317,0.9150006224348807,-37.54658312581794,standard-halo-model,scale_dependent_camb
3,0.32596586,0.36610056,3720,3739,3729.508914209115,2.0580594090052883e-07,1.8722811536683574e-07,1.8890363771501136e-07,1.082816933322261e-09,3.8283359816789624e-10,0.9097313447201594,0.9178726177118144,-48.52715546023096,standard-halo-model,scale_dependent_camb
3,0.32596586,0.36610056,3740,3759,3749.5088666666666,2.0419914843780962e-07,1.856845246350767e-07,1.8734584207381953e-07,1.0011339640745843e-09,3.5395430743665395e-10,0.9093305533133911,0.9174663239640155,-52.30794883332908,standard-halo-model,scale_dependent_camb
3,0.32596586,0.36610056,3760,3779,3769.5088196286474,2.0260767886412407e-07,1.8447917356125167e-07,1.861305533594932e-07,9.209323373627178e-10,3.255987503815775e-10,0.9105240956092784,0.918674723500085,-55.67744127281552,standard-halo-model,scale_dependent_camb
3,0.32596586,0.36610056,3780,3799,3789.5087730870714,2.0103142027058712e-07,1.831754816727241e-07,1.8481422418468407e-07,1.0722992117322321e-09,3.791150220384254e-10,0.911178369163243,0.9193300427163336,-47.09900046127221,standard-halo-model,scale_dependent_camb
3,0.32596586,0.36610056,3800,3819,3809.5087270341205,1.9947026220940536e-07,1.816592176045455e-07,1.8328531661946452e-07,7.276107940476059e-10,2.572492632677953e-10,0.910708270959399,0.918860358377883,-69.23652327944137,standard-halo-model,scale_dependent_camb
3,0.32596586,0.36610056,3820,3839,3829.508681462141,1.9792409304259394e-07,1.8093649455873995e-07,1.825552475133805e-07,1.0869370542238769e-09,3.842902808823167e-10,0.9141711439839808,0.922349799395539,-44.20512130791096,standard-halo-model,scale_dependent_camb
3,0.32596586,0.36610056,3840,3859,3849.5086363636365,1.963928033300128e-07,1.7937360111442532e-07,1.8097886248866021e-07,1.3313988326820644e-09,4.707205715266707e-10,0.9133410087996509,0.9215147368946537,-36.15563721889131,standard-halo-model,scale_dependent_camb
3,0.32596586,0.36610056,3860,3879,3869.5085917312663,1.948762817020861e-07,1.7828604476927616e-07,1.7988200293512263e-07,7.115397405519705e-10,2.515672878140075e-10,0.914867849550968,0.9230574463141403,-65.94751279854668,standard-halo-model,scale_dependent_camb
3,0.32596586,0.36610056,3880,3899,3889.5085475578408,1.933744192639569e-07,1.768806356852605e-07,1.7846356618266744e-07,9.166986422854781e-10,3.2410191313228134e-10,0.9147054525542888,0.9228912844933429,-50.89073192839973,standard-halo-model,scale_dependent_camb
3,0.32596586,0.36610056,3900,3919,3909.5085038363172,1.9188710459105732e-07,1.756886732916177e-07,1.7726105705831296e-07,1.0620856228605017e-09,3.755039730626994e-10,0.9155835336930999,0.923777850711152,-43.137842636714,standard-halo-model,scale_dependent_camb
3,0.32596586,0.36610056,3920,3939,3929.5084605597963,1.9041422988444995e-07,1.7446443070581682e-07,1.7602590786210267e-07,8.660492322174551e-10,3.0619464247118274e-10,0.9162363065601136,0.9244367291715613,-52.09039273159141,standard-halo-model,scale_dependent_camb
3,0.32596586,0.36610056,3940,3959,3949.508417721519,1.8895568399989159e-07,1.7305745847945205e-07,1.7460579551458415e-07,1.010077440405573e-09,3.571163038171657e-10,0.9158626764546091,0.9240568572400518,-44.518341365279746,standard-halo-model,scale_dependent_camb
3,0.32596586,0.36610056,3960,3979,3969.5083753148615,1.8751135946635206e-07,1.7163571706072064e-07,1.7317177409220847e-07,9.158650138655918e-10,3.238071809779356e-10,0.9153350364969209,0.9235268443738377,-49.028073922527376,standard-halo-model,scale_dependent_camb
3,0.32596586,0.36610056,3980,3999,3989.508333333333,1.8608114619473037e-07,1.7054591650558675e-07,1.720718914690245e-07,9.90384062801785e-10,3.501536433931128e-10,0.9165136823002675,0.9247142711006011,-44.36689431131358,standard-halo-model,scale_dependent_camb
3,0.32596586,0.36610056,4000,4019,4009.5082917705736,1.8466493601122525e-07,1.6938168626074e-07,1.7089733790909132e-07,9.153914293630751e-10,3.2363974357133845e-10,0.9172379441349049,0.9254455209553316,-47.2230313305647,standard-halo-model,scale_dependent_camb
3,0.32596586,0.36610056,4020,4039,4029.5082506203476,1.8326262095496476e-07,1.6817716427736922e-07,1.696821227328694e-07,1.0092376669743527e-09,3.5681939907322765e-10,0.917683941226058,0.9258959729412981,-42.27756875544665,standard-halo-model,scale_dependent_camb
3,0.32596586,0.36610056,4040,4059,4049.5082098765433,1.818740920442665e-07,1.667331401638238e-07,1.682255184366959e-07,8.419054870644338e-10,2.9765853951071217e-10,0.916750364440266,0.92495592168098,-50.866848655950655,standard-halo-model,scale_dependent_camb
3,0.32596586,0.36610056,4060,4079,4069.5081695331696,1.804992424597697e-07,1.6577200843850042e-07,1.6725622436228263e-07,6.042091549501773e-10,2.136201953601319e-10,0.9184083333504752,0.9266311707627319,-68.94120659538467,standard-halo-model,scale_dependent_camb
3,0.32596586,0.36610056,4080,4096,4088.005870123517,1.7923958906987342e-07,1.6505247570522864e-07,1.6653163242783217e-07,5.034638301648803e-10,1.7800134419586955e-10,0.9208483268776398,0.9291007265304136,-79.70228218632735,standard-halo-model,scale_dependent_camb
4,0.28674463,0.32596586,20,39,30.608333333333334,5.701949859808853e-05,5.6281982687363386e-05,5.580113095339087e-05,2.407425260761026e-06,8.511533635419568e-07,0.9870655489988847,0.9786324384701183,-0.8664900384768156,standard-halo-model,scale_dependent_camb
4,0.28674463,0.32596586,40,59,50.165,4.3432301554742704e-05,4.2754002714121494e-05,4.2390862616658516e-05,6.657831004620062e-07,2.353898725680445e-07,0.9843826180897581,0.9760215576701239,-2.8815973823390966,standard-halo-model,scale_dependent_camb
4,0.28674463,0.32596586,60,79,69.975,3.298251939868194e-05,3.277586514871015e-05,3.249691645227297e-05,5.080746332751523e-07,1.7963150926886424e-07,0.9937344310337903,0.9852769601818722,-1.1504343019379681,standard-halo-model,scale_dependent_camb
4,0.28674463,0.32596586,80,99,89.86944444444444,2.4240163505989623e-05,2.44382202456479e-05,2.4229258021131433e-05,6.272745409261543e-07,2.217750407772811e-07,1.0081706024635246,0.9995501067946387,0.8930524326097496,standard-halo-model,scale_dependent_camb
4,0.28674463,0.32596586,100,119,109.80227272727272,1.9493141443690905e-05,1.911997554199128e-05,1.8957507544243387e-05,4.060927903851043e-07,1.435754829361372e-07,0.9808565539434689,0.9725219302904674,-2.5990920877877985,standard-halo-model,scale_dependent_camb
4,0.28674463,0.32596586,120,139,129.75576923076923,1.5414797947481367e-05,1.5235597006368135e-05,1.5105539866231259e-05,3.8241947758938984e-07,1.3520570293063725e-07,0.9883747460249707,0.97993758450135,-1.3253948408164786,standard-halo-model,scale_dependent_camb
4,0.28674463,0.32596586,140,159,149.72166666666666,1.230936916871955e-05,1.2432471317289403e-05,1.232664550111323e-05,1.8411762922656097e-07,6.509541208104586e-08,1.0100006870281117,1.0014035107857178,1.8911032995165105,standard-halo-model,scale_dependent_camb
4,0.28674463,0.32596586,160,179,169.6955882352941,1.0403935406574947e-05,1.0553548054018048e-05,1.0463353718261493e-05,2.0033384685484783e-07,7.082871080612509e-08,1.014380389880982,1.0057111380804034,2.1123164002324817,standard-halo-model,scale_dependent_camb
4,0.28674463,0.32596586,180,199,189.675,8.610048790169137e-06,8.958329784205035e-06,8.882303556406681e-06,1.5078473929400677e-07,5.3310455827118926e-08,1.0404505250229896,1.031620583445288,6.53307102016427,standard-halo-model,scale_dependent_camb
4,0.28674463,0.32596586,200,219,209.65833333333333,7.278403705034074e-06,7.761641709823123e-06,7.695690570404107e-06,1.3104166760894188e-07,4.633022589213818e-08,1.0663934049790091,1.057332195668319,10.43029675516971,standard-halo-model,scale_dependent_camb
4,0.28674463,0.32596586,220,239,229.64456521739132,6.3233910028765e-06,6.715837848602957e-06,6.658518776037705e-06,1.4327736602479067e-07,5.065619855333826e-08,1.0620627200734438,1.052998110192578,7.74726207125929,standard-halo-model,scale_dependent_camb
4,0.28674463,0.32596586,240,259,249.633,5.441876562956369e-06,5.937529741856917e-06,5.886884489003865e-06,1.070985222857896e-07,3.7865045681670205e-08,1.0910812976307713,1.0817747188675189,13.089992893907556,standard-halo-model,scale_dependent_camb
4,0.28674463,0.32596586,260,279,269.6231481481482,4.7716361779053415e-06,5.245592862158615e-06,5.200910645721592e-06,1.206045084331447e-07,4.264013287737338e-08,1.0993279174233548,1.0899637884807667,11.115272215879395,standard-halo-model,scale_dependent_camb
4,0.28674463,0.32596586,280,299,289.6146551724138,4.239722099353725e-06,4.706933928514721e-06,4.66700424325997e-06,5.626982555641628e-08,1.9894387613563023e-08,1.1101986918511038,1.100780695973299,23.484604715476305,standard-halo-model,scale_dependent_camb
4,0.28674463,0.32596586,300,319,309.60725806451615,3.7662153554100533e-06,4.2328759401600055e-06,4.196917854284771e-06,3.408948253496613e-08,1.2052452133807462e-08,1.1239070368293222,1.1143594983903473,38.71914026863931,standard-halo-model,scale_dependent_camb
4,0.28674463,0.32596586,320,339,329.6007575757576,3.390656829084376e-06,3.839586464240973e-06,3.807081393801486e-06,3.394241069472375e-08,1.2000454386028978e-08,1.1324019674612211,1.1228153085694499,37.40938640450518,standard-halo-model,scale_dependent_camb
4,0.28674463,0.32596586,340,359,349.595,3.0774064592809653e-06,3.530591629241837e-06,3.500410778655885e-06,6.998622028286152e-08,2.4743865475813436e-08,1.147262045477983,1.1374548097470865,18.315051478268416,standard-halo-model,scale_dependent_camb
4,0.28674463,0.32596586,360,379,369.58986486486486,2.804250967625684e-06,3.2140426237574065e-06,3.1867644186056866e-06,4.6604420774568934e-08,1.6477150981484453e-08,1.146132304441598,1.1364048565538594,24.87029806258435,standard-halo-model,scale_dependent_camb
4,0.28674463,0.32596586,380,399,389.5852564102564,2.5790579375903174e-06,2.9671154066522286e-06,2.9418619960940926e-06,3.965305853421788e-08,1.401947329216628e-08,1.1504648125216155,1.1406730935415714,27.679889320717045,standard-halo-model,scale_dependent_camb
4,0.28674463,0.32596586,400,419,409.5810975609756,2.386696330689444e-06,2.749295567350225e-06,2.725916961372997e-06,3.689831853260633e-08,1.3045525624393597e-08,1.1519251661798287,1.1421297826295154,27.794911995171972,standard-halo-model,scale_dependent_camb
4,0.28674463,0.32596586,420,439,429.57732558139537,2.2196263727688758e-06,2.5459921717847184e-06,2.52436664891593e-06,2.0898297683488092e-08,7.388664003624773e-09,1.147036367480495,1.1372935012332301,44.171151761094045,standard-halo-model,scale_dependent_camb
4,0.28674463,0.32596586,440,459,449.5738888888889,2.077672016189637e-06,2.368077736162276e-06,2.3479458289895837e-06,2.4154283985433704e-08,8.539829000402899e-09,1.139774573517735,1.1300849271174271,34.006034542253474,standard-halo-model,scale_dependent_camb
4,0.28674463,0.32596586,460,479,469.5707446808511,1.9545105752208452e-06,2.2233216144729656e-06,2.204434473366081e-06,3.854655308719202e-08,1.362826453966036e-08,1.1375336837058283,1.127870322787584,19.72452460618435,standard-halo-model,scale_dependent_camb
4,0.28674463,0.32596586,480,499,489.5678571428571,1.8467043350447195e-06,2.076436819624628e-06,2.0588041040366525e-06,3.399971719704416e-08,1.20207152942274e-08,1.1244013349729562,1.1148531277947082,19.111382222839165,standard-halo-model,scale_dependent_camb
4,0.28674463,0.32596586,500,519,509.56519607843137,1.7529749409135927e-06,1.9671575537895525e-06,1.9504195477740105e-06,2.2753860378265497e-08,8.044704485821716e-09,1.1221823586162247,1.1126340156109227,26.62404980238157,standard-halo-model,scale_dependent_camb
4,0.28674463,0.32596586,520,539,529.5627358490566,1.6703580669900287e-06,1.8431448651249913e-06,1.8274932728695316e-06,3.2474836972845946e-08,1.148158872071349e-08,1.1034429692349277,1.094072767381343,15.049032179949512,standard-halo-model,scale_dependent_camb
4,0.28674463,0.32596586,540,559,549.5604545454545,1.5970839385787832e-06,1.7544875144752792e-06,1.7395595964625338e-06,1.8622507679445694e-08,6.584050731417303e-09,1.098556858593523,1.0892098745984116,23.90679876529639,standard-halo-model,scale_dependent_camb
4,0.28674463,0.32596586,560,579,569.5583333333333,1.5320340124400197e-06,1.6578873355614996e-06,1.6437976750477843e-06,2.0062954058392133e-08,7.09332543266162e-09,1.0821478649296026,1.0729511627680917,17.742499525255266,standard-halo-model,scale_dependent_camb
4,0.28674463,0.32596586,580,599,589.5563559322034,1.4738466986861115e-06,1.583552418748939e-06,1.5700690195322827e-06,1.5959137826187557e-08,5.642407289393979e-09,1.0744349599999965,1.0652865192370078,19.443070029531757,standard-halo-model,scale_dependent_camb
4,0.28674463,0.32596586,600,619,609.5545081967213,1.4214130747688392e-06,1.501781224268527e-06,1.4889999579444197e-06,1.914844056912394e-08,6.769996087787565e-09,1.0565410231031946,1.047549079416321,11.871225397702146,standard-halo-model,scale_dependent_camb
4,0.28674463,0.32596586,620,639,629.5527777777778,1.3739091105742635e-06,1.4243332221404e-06,1.4122209812473656e-06,1.6000986437204633e-08,5.657203007710685e-09,1.0367011989206916,1.0278853021486178,8.913258282831508,standard-halo-model,scale_dependent_camb
4,0.28674463,0.32596586,640,659,649.5511538461539,1.3306490183550296e-06,1.3585722324900239e-06,1.347005132445949e-06,1.781368340748309e-08,6.2980881676707885e-09,1.0209846576744284,1.0122918319296093,4.433601656821692,standard-halo-model,scale_dependent_camb
4,0.28674463,0.32596586,660,679,669.5496268656716,1.2910583228941214e-06,1.313475828841491e-06,1.3023010909401142e-06,1.8753617312435717e-08,6.630404986700366e-09,1.0173636663424446,1.00870817982939,3.3810160906212894,standard-halo-model,scale_dependent_camb
4,0.28674463,0.32596586,680,699,689.5481884057971,1.2546553136736748e-06,1.2629599160094498e-06,1.2522351105105435e-06,1.0387671961038962e-08,3.672596642196006e-09,1.0066190309364402,0.998071021469598,2.261234528278976,standard-halo-model,scale_dependent_camb
4,0.28674463,0.32596586,700,719,709.5468309859154,1.2210354010527708e-06,1.2056366263560645e-06,1.1954079895968051e-06,9.577001268065883e-09,3.385981270040775e-09,0.9873887565557644,0.979011737551696,-4.547802680704391,standard-halo-model,scale_dependent_camb
4,0.28674463,0.32596586,720,739,729.5455479452055,1.1898578294785936e-06,1.1704254523950456e-06,1.1604503195897973e-06,2.0206090779606317e-08,7.143931905765299e-09,0.9836683201958142,0.9752848540722862,-2.720123503398124,standard-halo-model,scale_dependent_camb
4,0.28674463,0.32596586,740,759,749.5443333333334,1.1608329402812217e-06,1.119288223517996e-06,1.1097460235237577e-06,1.7104746262255173e-08,6.047441036257942e-09,0.9642112871528601,0.9559911551570135,-6.86980104711082,standard-halo-model,scale_dependent_camb
4,0.28674463,0.32596586,760,779,769.5431818181818,1.1337144363029893e-06,1.0856337671447662e-06,1.076401520964695e-06,9.284055398138064e-09,3.2824092644674987e-09,0.9575901412043294,0.9494467799799832,-14.647981188300466,standard-halo-model,scale_dependent_camb
4,0.28674463,0.32596586,780,799,789.5420886075949,1.1082937644530337e-06,1.053499552269161e-06,1.0445362744599442e-06,1.5448863107492714e-08,5.461997932465388e-09,0.950559847992184,0.9424723913117429,-10.03189910750116,standard-halo-model,scale_dependent_camb
4,0.28674463,0.32596586,800,819,809.5410493827161,1.0843936336780065e-06,1.0203137876639895e-06,1.0116495467960832e-06,1.2302080730535754e-08,4.349442353633094e-09,0.9409072093159812,0.932917268579683,-14.732887759850652,standard-halo-model,scale_dependent_camb
4,0.28674463,0.32596586,820,839,829.5400602409638,1.061862503762199e-06,9.915764192703745e-07,9.831457942691568e-07,6.828770357216299e-09,2.4143349133766634e-09,0.9338086765067986,0.9258692069696902,-29.111986121893555,standard-halo-model,scale_dependent_camb
4,0.28674463,0.32596586,840,859,849.5391176470588,1.0405700423621538e-06,9.595285595414417e-07,9.513514063760134e-07,1.4064758661189977e-08,4.97264311253983e-09,0.9221181856852776,0.9142598457057163,-16.29746615363259,standard-halo-model,scale_dependent_camb
4,0.28674463,0.32596586,860,879,869.5382183908046,1.0204035872246628e-06,9.379580794956146e-07,9.299626734815155e-07,1.2738559223557944e-08,4.503760804762132e-09,0.9192030400899638,0.9113675070575434,-18.305925048655553,standard-halo-model,scale_dependent_camb
4,0.28674463,0.32596586,880,899,889.5373595505617,1.0012648999542956e-06,9.103192720252223e-07,9.025866516810903e-07,8.56374563512199e-09,3.0277413054757278e-09,0.9091692638649127,0.9014464121555549,-30.037449951419678,standard-halo-model,scale_dependent_camb
4,0.28674463,0.32596586,900,919,909.5365384615385,9.830679888330388e-07,8.900329889903331e-07,8.824500470255009e-07,1.2012569929089571e-08,4.2470848281684195e-09,0.9053625986203214,0.8976490507772737,-21.905613757855544,standard-halo-model,scale_dependent_camb
4,0.28674463,0.32596586,920,939,929.535752688172,9.657370845587918e-07,8.666248001207444e-07,8.592522871204269e-07,7.275008911483679e-09,2.5721040672513363e-09,0.8973713591175511,0.8897372803209543,-38.53354368509794,standard-halo-model,scale_dependent_camb
4,0.28674463,0.32596586,940,959,949.535,9.492049737014381e-07,8.491200157980693e-07,8.419022310059544e-07,9.75915799398835e-09,3.450383398110033e-09,0.8945591724903356,0.8869551407036405,-29.006909191074524,standard-halo-model,scale_dependent_camb
4,0.28674463,0.32596586,960,979,969.5342783505155,9.334115538701482e-07,8.272990817193756e-07,8.202332852242502e-07,1.497629461752167e-08,5.294919740548582e-09,0.8863175930158516,0.8787477311839202,-20.040430705334686,standard-halo-model,scale_dependent_camb
4,0.28674463,0.32596586,980,999,989.5335858585859,9.183027158571212e-07,8.117895617328151e-07,8.048730858088483e-07,9.15727431504591e-09,3.2375853826771794e-09,0.8840108470931731,0.8764790432505686,-32.898948300856745,standard-halo-model,scale_dependent_camb
4,0.28674463,0.32596586,1000,1019,1009.5329207920792,9.0382952300503e-07,7.95282197341131e-07,7.88517684038008e-07,6.639319987182252e-09,2.347354092701976e-09,0.8799028767028947,0.8724185966136224,-46.24241651541931,standard-halo-model,scale_dependent_camb
4,0.28674463,0.32596586,1020,1039,1029.532281553398,8.899475075008089e-07,7.79358117795337e-07,7.72726280254712e-07,7.473797328365646e-09,2.6423863860506248e-09,0.8757349295622682,0.8682829871895671,-41.852088812326016,standard-halo-model,scale_dependent_camb
4,0.28674463,0.32596586,1040,1059,1049.5316666666668,8.766161199872693e-07,7.671175190605346e-07,7.605988293310936e-07,6.026131193436728e-09,2.1305591155994462e-09,0.8750894508666748,0.8676532543596613,-51.394303084580955,standard-halo-model,scale_dependent_camb
4,0.28674463,0.32596586,1060,1079,1069.5310747663552,8.637982354063957e-07,7.51966473717157e-07,7.455707377543275e-07,6.712456355511129e-09,2.373211703700329e-09,0.8705348574408414,0.8631306562041713,-47.12253926393073,standard-halo-model,scale_dependent_camb
4,0.28674463,0.32596586,1080,1099,1089.530504587156,8.514597476272213e-07,7.39507122834591e-07,7.332163340024521e-07,9.328080159057748e-09,3.297974367960711e-09,0.8685168322934691,0.861128592450459,-33.9458747406384,standard-halo-model,scale_dependent_camb
4,0.28674463,0.32596586,1100,1119,1109.529954954955,8.395692926574118e-07,7.31156152549854e-07,7.249416043734228e-07,6.189997792995238e-09,2.188494707478348e-09,0.8708705272385469,0.8634684602134882,-49.53776663799875,standard-halo-model,scale_dependent_camb
4,0.28674463,0.32596586,1120,1139,1129.529424778761,8.280979487136322e-07,7.15933958759441e-07,7.098339353106529e-07,8.744833433005634e-09,3.09176551041256e-09,0.8645522668804737,0.8571859602035113,-36.27829781283258,standard-halo-model,scale_dependent_camb
4,0.28674463,0.32596586,1140,1159,1149.5289130434783,8.170189492382383e-07,7.050171975177183e-07,6.990137448277086e-07,9.184095359125573e-09,3.2470680537507966e-09,0.8629141321324961,0.8555661352523661,-34.493195050575856,standard-halo-model,scale_dependent_camb
4,0.28674463,0.32596586,1160,1179,1169.5284188034188,8.063075276113077e-07,6.943612363089594e-07,6.884458330298547e-07,7.999599849030365e-09,2.8282856500141264e-09,0.8611617931510697,0.8538253823195485,-39.580970649760644,standard-halo-model,scale_dependent_camb
4,0.28674463,0.32596586,1180,1199,1189.5279411764707,7.959407379391207e-07,6.861846469219081e-07,6.803471446729901e-07,7.1918336821168026e-09,2.542697182895304e-09,0.862105197302255,0.8547711057415784,-43.16522303778076,standard-halo-model,scale_dependent_camb
4,0.28674463,0.32596586,1200,1219,1209.527479338843,7.858973511214582e-07,6.743768962568626e-07,6.686374892143929e-07,8.408229164335388e-09,2.972757929936025e-09,0.8580979377199092,0.8507949393903186,-37.51413922458042,standard-halo-model,scale_dependent_camb
4,0.28674463,0.32596586,1220,1239,1229.5270325203253,7.761576572283268e-07,6.700615630895019e-07,6.643560200831631e-07,7.283811958670306e-09,2.5752164144317207e-09,0.8633060008482091,0.855954990453345,-41.19890411704968,standard-halo-model,scale_dependent_camb
4,0.28674463,0.32596586,1240,1259,1249.5266,7.667033703339233e-07,6.602990371464468e-07,6.546713879522813e-07,7.797055133162223e-09,2.7566752789721935e-09,0.8612183834001745,0.8538783228084043,-38.598791086902565,standard-halo-model,scale_dependent_camb
4,0.28674463,0.32596586,1260,1279,1269.5261811023622,7.575175341903859e-07,6.508285970849581e-07,6.452958550405471e-07,4.259938542136194e-09,1.5061157152912189e-09,0.8591597787641259,0.8518559979343867,-70.83714486359949,standard-halo-model,scale_dependent_camb
4,0.28674463,0.32596586,1280,1299,1289.5257751937984,7.485843774467145e-07,6.420078438934617e-07,6.365523699568141e-07,6.0464828327242875e-09,2.137754506673694e-09,0.8576292309001078,0.8503415101020125,-49.854430534722084,standard-halo-model,scale_dependent_camb
4,0.28674463,0.32596586,1300,1319,1309.5253816793893,7.398892691414772e-07,6.350112597875615e-07,6.295974834891563e-07,9.16465618685085e-09,3.2401952684827413e-09,0.8582517496494986,0.8509347408426442,-32.36780522891943,standard-halo-model,scale_dependent_camb
4,0.28674463,0.32596586,1320,1339,1329.525,7.314185945926176e-07,6.277328491339706e-07,6.223987640858962e-07,6.1099237820490254e-09,2.1601842694099113e-09,0.8582402112481192,0.8509474173712485,-47.998565181187246,standard-halo-model,scale_dependent_camb
4,0.28674463,0.32596586,1340,1359,1349.5246296296295,7.231596909994852e-07,6.204856649047684e-07,6.151963549855948e-07,9.384460337589007e-09,3.3179077712426916e-09,0.8580202583570302,0.8507060925026485,-30.945412945056397,standard-halo-model,scale_dependent_camb
4,0.28674463,0.32596586,1360,1379,1369.5242700729927,7.151007940465182e-07,6.134993152840524e-07,6.082678417023238e-07,7.96360781196362e-09,2.81556054327482e-09,0.8579200588108192,0.8506043438440865,-36.085702012392744,standard-halo-model,scale_dependent_camb
4,0.28674463,0.32596586,1380,1399,1389.5239208633093,7.072309517042097e-07,6.087602059076898e-07,6.035805768151058e-07,5.378524813506015e-09,1.901595684205107e-09,0.8607657858310138,0.853441970208829,-51.783219016760654,standard-halo-model,scale_dependent_camb
4,0.28674463,0.32596586,1400,1419,1409.5235815602837,6.995399694281524e-07,6.021522642709985e-07,5.970252891685e-07,5.835640012879851e-09,2.063210312835447e-09,0.8607832155226747,0.8534541488123197,-47.20202518923773,standard-halo-model,scale_dependent_camb
4,0.28674463,0.32596586,1420,1439,1429.5232517482518,6.920183587945326e-07,5.965231787575642e-07,5.914377114463322e-07,7.337950192517965e-09,2.5943571705692923e-09,0.8620048459359994,0.8546560996974015,-36.8088022421421,standard-halo-model,scale_dependent_camb
4,0.28674463,0.32596586,1440,1459,1449.5229310344828,6.846572911925763e-07,5.918451235924677e-07,5.868025356657773e-07,7.180489163583372e-09,2.5386862899031614e-09,0.8644399631844379,0.8570748361470747,-36.55913216581359,standard-halo-model,scale_dependent_camb
4,0.28674463,0.32596586,1460,1479,1469.522619047619,6.774485315825803e-07,5.842170551737398e-07,5.792420076037626e-07,5.9687996852984216e-09,2.1102893665093223e-09,0.8623785098610466,0.8550347083203523,-44.17947504661734,standard-halo-model,scale_dependent_camb
4,0.28674463,0.32596586,1480,1499,1489.5223154362416,6.703844138301003e-07,5.783783397976746e-07,5.734504000378269e-07,7.095312025452621e-09,2.5085716239160024e-09,0.8627562453208475,0.8554053289537844,-36.676678136380964,standard-halo-model,scale_dependent_camb
4,0.28674463,0.32596586,1500,1519,1509.5220198675497,6.634577926984047e-07,5.725530074768854e-07,5.676844662990641e-07,5.533686093769997e-09,1.956453480931231e-09,0.8629833182729035,0.8556451857927346,-46.464066796134865,standard-halo-model,scale_dependent_camb
4,0.28674463,0.32596586,1520,1539,1529.5217320261438,6.566620013370583e-07,5.674401456575082e-07,5.626193159698146e-07,4.776531851488253e-09,1.6887590313704392e-09,0.8641281884776618,0.8567867713134621,-52.83279261408068,standard-halo-model,scale_dependent_camb
4,0.28674463,0.32596586,1540,1559,1549.5214516129033,6.499908227569845e-07,5.601287247123954e-07,5.553507723646595e-07,8.331889407695204e-09,2.9457677501388228e-09,0.8617486664451164,0.8543978667407914,-30.505493191156788,standard-halo-model,scale_dependent_camb
4,0.28674463,0.32596586,1560,1579,1569.521178343949,6.434384629980498e-07,5.568307038982007e-07,5.520867091488467e-07,7.1462122113008155e-09,2.5265675572044598e-09,0.8653985360211337,0.8580256557502687,-34.278821816138944,standard-halo-model,scale_dependent_camb
4,0.28674463,0.32596586,1580,1599,1589.5209119496856,6.369995056621106e-07,5.551897810501733e-07,5.504647117346649e-07,4.978047926156051e-09,1.7600057228282866e-09,0.8715701913663143,0.8641524943767426,-46.4826469316651,standard-halo-model,scale_dependent_camb
4,0.28674463,0.32596586,1600,1619,1609.520652173913,6.306688977753084e-07,5.481596012249478e-07,5.434876172548866e-07,6.701706147144593e-09,2.369410931082756e-09,0.8691717685121098,0.8617637863101307,-34.82270444015219,standard-halo-model,scale_dependent_camb
4,0.28674463,0.32596586,1620,1639,1629.520398773006,6.244419307136496e-07,5.42749060886547e-07,5.381260091002702e-07,5.838433695747286e-09,2.064198028885471e-09,0.8691745928500685,0.8617710993322751,-39.576081695616786,standard-halo-model,scale_dependent_camb
4,0.28674463,0.32596586,1640,1659,1649.5201515151516,6.183141890453676e-07,5.372993235816082e-07,5.327266787570611e-07,5.774109459097507e-09,2.0414559769206175e-09,0.8689745975442671,0.8615792556524582,-39.684845707995244,standard-halo-model,scale_dependent_camb
4,0.28674463,0.32596586,1660,1679,1669.5199101796406,6.122815603381487e-07,5.333144995144781e-07,5.287703621207571e-07,6.747320603393296e-09,2.3855380767495534e-09,0.8710281903964919,0.8636065437422772,-33.10241056024903,standard-halo-model,scale_dependent_camb
4,0.28674463,0.32596586,1680,1699,1689.519674556213,6.063402006408962e-07,5.285844391858181e-07,5.240808156001744e-07,6.287171992317206e-09,2.2228509751268162e-09,0.8717621537003633,0.8643346013446339,-34.9801954000277,standard-halo-model,scale_dependent_camb
4,0.28674463,0.32596586,1700,1719,1709.5194444444444,6.004865050394701e-07,5.25440297839354e-07,5.209673990978002e-07,5.192825834520092e-09,1.8359411805549247e-09,0.8750243234938588,0.8675755320488957,-40.87615006131783,standard-halo-model,scale_dependent_camb
4,0.28674463,0.32596586,1720,1739,1729.519219653179,5.947171153366999e-07,5.188446851321453e-07,5.144221216752305e-07,7.606249876506809e-09,2.689215433538652e-09,0.8724226556661324,0.8649862403640255,-28.213593176027732,standard-halo-model,scale_dependent_camb
4,0.28674463,0.32596586,1740,1759,1749.519,5.890288864908928e-07,5.156703940730279e-07,5.112770567932128e-07,5.856325810637118e-09,2.0705238467696554e-09,0.8754585825919435,0.867999971680706,-35.42991911554934,standard-halo-model,scale_dependent_camb
4,0.28674463,0.32596586,1760,1779,1769.5187853107345,5.834188682220706e-07,5.10598550918192e-07,5.062450904030129e-07,7.225557832146672e-09,2.554620470483241e-09,0.8751834723381615,0.8677214913287951,-28.50533695524001,standard-halo-model,scale_dependent_camb
4,0.28674463,0.32596586,1780,1799,1789.5185754189945,5.778843054905605e-07,5.066960363384993e-07,5.02379070877452e-07,5.9215573658591074e-09,2.093586684292062e-09,0.8768122468880165,0.8693419532322947,-34.00301964383827,standard-halo-model,scale_dependent_camb
4,0.28674463,0.32596586,1800,1819,1809.5183701657459,5.724226157246958e-07,5.036059834834282e-07,4.993110853530542e-07,6.5191518735892744e-09,2.304868248699981e-09,0.8797800255425886,0.8722770058987254,-29.857078503329777,standard-halo-model,scale_dependent_camb
4,0.28674463,0.32596586,1820,1839,1829.518169398907,5.67031378481743e-07,4.985746773475927e-07,4.943271932698092e-07,5.722997836068209e-09,2.023385289299884e-09,0.8792717586151108,0.8717810195855418,-33.83275617163214,standard-halo-model,scale_dependent_camb
4,0.28674463,0.32596586,1840,1859,1849.517972972973,5.617083284758179e-07,4.938827656360548e-07,4.896751906878434e-07,5.7609998776023654e-09,2.036821039933751e-09,0.8792512779295865,0.8717606021911146,-33.29971632754202,standard-halo-model,scale_dependent_camb
4,0.28674463,0.32596586,1860,1879,1869.5177807486632,5.564513427326557e-07,4.901659752508337e-07,4.859825102575967e-07,7.4940528476687e-09,2.649547793578447e-09,0.8808784121962869,0.8733602975437235,-25.017615323820163,standard-halo-model,scale_dependent_camb
4,0.28674463,0.32596586,1880,1899,1889.5175925925926,5.512584266389844e-07,4.85255029822341e-07,4.811220383115651e-07,4.695121913132124e-09,1.6599762716366406e-09,0.8802677770949187,0.87277040143397,-39.761650780446274,standard-halo-model,scale_dependent_camb
4,0.28674463,0.32596586,1900,1919,1909.5174083769634,5.461277121844045e-07,4.819752111009859e-07,4.778710032814055e-07,5.4134220368610325e-09,1.913933715844564e-09,0.8825320531221148,0.875016946805381,-33.51866397061192,standard-halo-model,scale_dependent_camb
4,0.28674463,0.32596586,1920,1939,1929.5172279792746,5.410574480212352e-07,4.777704908181482e-07,4.7370040981020286e-07,5.234707298972538e-09,1.8507485143150987e-09,0.8830309841689802,0.8755085278700594,-34.19533054522402,standard-halo-model,scale_dependent_camb
4,0.28674463,0.32596586,1940,1959,1949.5170512820512,5.360459884613291e-07,4.727416858024566e-07,4.687140651758733e-07,6.04701462552329e-09,2.1379425238208744e-09,0.8819050901946274,0.874391517267528,-29.60991792507907,standard-halo-model,scale_dependent_camb
4,0.28674463,0.32596586,1960,1979,1969.5168781725888,5.310917856968702e-07,4.7019836633187605e-07,4.661927857007853e-07,6.016187588255329e-09,2.127043520272842e-09,0.8853429463513673,0.8778007836989459,-28.628196266140915,standard-halo-model,scale_dependent_camb
4,0.28674463,0.32596586,1980,1999,1989.5167085427136,5.26193387436264e-07,4.656751459802767e-07,4.617107808492565e-07,5.653901160995806e-09,1.998955925549314e-09,0.8849885937357629,0.8774545478399459,-30.274925366029176,standard-halo-model,scale_dependent_camb
4,0.28674463,0.32596586,2000,2019,2009.5165422885573,5.213494293106923e-07,4.609724893835714e-07,4.5704966667310996e-07,4.12190681511536e-09,1.4573141301935578e-09,0.8841910309426274,0.87666666726269,-41.43028512260544,standard-halo-model,scale_dependent_camb
4,0.28674463,0.32596586,2020,2039,2029.5163793103447,5.165586297336683e-07,4.588593143746289e-07,4.549537731419901e-07,4.396113468891365e-09,1.5542608223593004e-09,0.8883005489835907,0.8807398559512191,-37.123315809668526,standard-halo-model,scale_dependent_camb
4,0.28674463,0.32596586,2040,2059,2049.516219512195,5.118197762564725e-07,4.525143608406752e-07,4.486615174113645e-07,4.49896700079642e-09,1.590625037298826e-09,0.8841283237440214,0.8766005891623471,-37.28434673485894,standard-halo-model,scale_dependent_camb
4,0.28674463,0.32596586,2060,2079,2069.5160628019325,5.071317301798895e-07,4.5134756221584874e-07,4.475076972329438e-07,4.355150111517779e-09,1.5397780884697851e-09,0.890000635644997,0.8824289047624847,-36.228706189395396,standard-halo-model,scale_dependent_camb
4,0.28674463,0.32596586,2080,2099,2089.515909090909,5.024934201320239e-07,4.4803973584370614e-07,4.442298063687676e-07,3.4173016263033205e-09,1.2081985766594475e-09,0.8916330401420764,0.8840509916568694,-45.07014437881304,standard-halo-model,scale_dependent_camb
4,0.28674463,0.32596586,2100,2119,2109.5157582938386,4.97903839408737e-07,4.436330709558602e-07,4.3985534958384116e-07,4.484922282907367e-09,1.5856594796692252e-09,0.8910015064006664,0.8834142554638087,-34.22599186566709,standard-halo-model,scale_dependent_camb
4,0.28674463,0.32596586,2120,2139,2129.5156103286386,4.933620291929521e-07,4.3840139148012466e-07,4.3467110901677455e-07,3.6570596100576383e-09,1.2929658247375935e-09,0.8885997817814785,0.8810388382093675,-42.507417180946504,standard-halo-model,scale_dependent_camb
4,0.28674463,0.32596586,2140,2159,2149.515465116279,4.888670863856199e-07,4.35244332394855e-07,4.315392662477615e-07,4.161609714493913e-09,1.471351224885229e-09,0.890312202469554,0.8827333200897103,-36.4445640740522,standard-halo-model,scale_dependent_camb
4,0.28674463,0.32596586,2160,2179,2169.5153225806453,4.844181683928292e-07,4.311592960923259e-07,4.2748550509540574e-07,5.037836309928386e-09,1.7811441086290875e-09,0.8900559975336967,0.8824720726592256,-29.901495360471234,standard-halo-model,scale_dependent_camb
4,0.28674463,0.32596586,2180,2199,2189.5151826484016,4.800144630241598e-07,4.269664366109139e-07,4.2332956563902397e-07,4.934057504373063e-09,1.744452760053283e-09,0.8894866082179362,0.8819100219855608,-30.409551710431884,standard-halo-model,scale_dependent_camb
4,0.28674463,0.32596586,2200,2219,2209.515045248869,4.7565521271271947e-07,4.243036540365285e-07,4.2069022170257883e-07,4.735457371046744e-09,1.6742370095434866e-09,0.8920403744062284,0.8844436273563184,-30.671618404967045,standard-halo-model,scale_dependent_camb
4,0.28674463,0.32596586,2220,2239,2229.5149103139015,4.713396941033131e-07,4.209739446754603e-07,4.1738868185023445e-07,4.145464778202517e-09,1.4656431279184935e-09,0.8931434163980826,0.8855368793928629,-34.36426539889167,standard-halo-model,scale_dependent_camb
4,0.28674463,0.32596586,2240,2259,2249.514777777778,4.67067222746227e-07,4.1793926527746023e-07,4.143811563226802e-07,4.67777907988482e-09,1.6538446541395625e-09,0.8948160883996358,0.8871981079858972,-29.70530354577126,standard-halo-model,scale_dependent_camb
4,0.28674463,0.32596586,2260,2279,2269.5146475770925,4.6283715278775406e-07,4.1397748734840736e-07,4.104544512999792e-07,3.441228380769088e-09,1.2166579618267124e-09,0.8944344352110545,0.8868226088327954,-40.15891645174287,standard-halo-model,scale_dependent_camb
4,0.28674463,0.32596586,2280,2299,2289.514519650655,4.5864886310607997e-07,4.098618014013191e-07,4.063715537103814e-07,4.565319051837715e-09,1.6140840299172938e-09,0.8936287307585083,0.8860188837236745,-30.22584995606502,standard-halo-model,scale_dependent_camb
4,0.28674463,0.32596586,2300,2319,2309.514393939394,4.545017694187854e-07,4.0688736915388016e-07,4.034225199842873e-07,4.445732395297252e-09,1.5718037620276998e-09,0.8952382510506081,0.8876148502131951,-30.29284024837836,standard-halo-model,scale_dependent_camb
4,0.28674463,0.32596586,2320,2339,2329.514270386266,4.5039531362894944e-07,4.0351506624441194e-07,4.0007994424955833e-07,4.051004166329473e-09,1.4322462583132635e-09,0.8959131101813395,0.8882862057911141,-32.73197406690922,standard-halo-model,scale_dependent_camb
4,0.28674463,0.32596586,2340,2359,2349.5141489361704,4.4632896135654205e-07,3.999355073225779e-07,3.9653013590436604e-07,3.816450484042571e-09,1.3493190086645915e-09,0.8960554701784106,0.8884257358052213,-34.382865531464866,standard-halo-model,scale_dependent_camb
4,0.28674463,0.32596586,2360,2379,2369.514029535865,4.4230220905755515e-07,3.9748642313272523e-07,3.9410455884714325e-07,3.6229269201256884e-09,1.2808980964820838e-09,0.8986760974576137,0.8910300486332409,-34.987783999300184,standard-halo-model,scale_dependent_camb
4,0.28674463,0.32596586,2380,2399,2389.513912133891,4.383145636896306e-07,3.9351653574664607e-07,3.9016824947953204e-07,3.518639974412441e-09,1.2440270932305485e-09,0.897794799319728,0.8901557963193967,-36.01049220451534,standard-halo-model,scale_dependent_camb
4,0.28674463,0.32596586,2400,2419,2409.5137966804978,4.3436556797653195e-07,3.9040075988190355e-07,3.8708032077016083e-07,3.0025612146481047e-09,1.0615656979026957e-09,0.8987838554988692,0.8911395131371788,-41.41506096277262,standard-halo-model,scale_dependent_camb
4,0.28674463,0.32596586,2420,2439,2429.513683127572,4.304547758838677e-07,3.871346570230053e-07,3.838391329592636e-07,3.6176568435210697e-09,1.2790348430298345e-09,0.8993619741541682,0.8917060617369464,-33.8693813518354,standard-halo-model,scale_dependent_camb
4,0.28674463,0.32596586,2440,2459,2449.5135714285716,4.2658175592018527e-07,3.833765997037923e-07,3.801105474888691e-07,4.285138213577124e-09,1.5150251445709963e-09,0.8987177589833992,0.8910614254210837,-28.517781616507232,standard-halo-model,scale_dependent_camb
4,0.28674463,0.32596586,2460,2479,2469.5134615384613,4.227461026126476e-07,3.804313189464837e-07,3.771923520516314e-07,4.0051656633462465e-09,1.4160399001638237e-09,0.8999049703719305,0.8922432394302733,-29.882479767179177,standard-halo-model,scale_dependent_camb
4,0.28674463,0.32596586,2480,2499,2489.513353413655,4.189474217296774e-07,3.770175245467782e-07,3.738108314905636e-07,2.9189563240550207e-09,1.0320069053633312e-09,0.8999160872985293,0.8922619214297544,-40.629473470564896,standard-halo-model,scale_dependent_camb
4,0.28674463,0.32596586,2500,2519,2509.513247011952,4.151853308413687e-07,3.7326550602845036e-07,3.700858290108258e-07,3.904752193065884e-09,1.3805383772849648e-09,0.8990334636149879,0.8913750113975626,-30.364838459152377,standard-halo-model,scale_dependent_camb
4,0.28674463,0.32596586,2520,2539,2529.51314229249,4.1145946415389924e-07,3.6991593501256276e-07,3.6676758518617416e-07,3.351161227579066e-09,1.184814414435296e-09,0.8990337256508023,0.8913820610260434,-35.063321846178646,standard-halo-model,scale_dependent_camb
4,0.28674463,0.32596586,2540,2559,2549.513039215686,4.0776946884186094e-07,3.6769287150941627e-07,3.6456305632867335e-07,3.6606155485081044e-09,1.2942230388334969e-09,0.9017175134610508,0.8940420609814128,-30.96575793347515,standard-halo-model,scale_dependent_camb
4,0.28674463,0.32596586,2560,2579,2569.512937743191,4.0411500223991326e-07,3.647784785521389e-07,3.6167531116282343e-07,2.798262705379303e-09,9.893352672575596e-10,0.9026600757958962,0.8949811542707974,-39.76055942776135,standard-halo-model,scale_dependent_camb
4,0.28674463,0.32596586,2580,2599,2589.5128378378377,4.004957324600408e-07,3.619029105468636e-07,3.588223873045564e-07,3.6033324936470426e-09,1.273970420563828e-09,0.9036373704255942,0.8959455949767398,-30.293342208131474,standard-halo-model,scale_dependent_camb
4,0.28674463,0.32596586,2600,2619,2609.5127394636015,3.9691133569726857e-07,3.581213811355739e-07,3.5507609927174025e-07,2.6385376791337664e-09,9.328639426658505e-10,0.9022704793916985,0.894598030686035,-41.58157774953164,standard-halo-model,scale_dependent_camb
4,0.28674463,0.32596586,2620,2639,2629.5126425855515,3.933615002699927e-07,3.550662969989175e-07,3.520498151267236e-07,1.8769770361781327e-09,6.636115952064926e-10,0.9026462853004414,0.8949778127373577,-57.707254586410706,standard-halo-model,scale_dependent_camb
4,0.28674463,0.32596586,2640,2659,2649.512547169811,3.8984592261891447e-07,3.5235894582072156e-07,3.493647543373419e-07,2.9120661886426814e-09,1.0295708746266519e-09,0.9038415573353643,0.8961611089590796,-36.41029260058141,standard-halo-model,scale_dependent_camb
4,0.28674463,0.32596586,2660,2679,2669.5124531835204,3.863643058684555e-07,3.490589226807703e-07,3.460901097684923e-07,2.6163201140442426e-09,9.250088471977225e-10,0.9034450578869301,0.8957610848408051,-40.32975825117819,standard-halo-model,scale_dependent_camb
4,0.28674463,0.32596586,2680,2699,2689.5123605947956,3.829163595502875e-07,3.465245982933784e-07,3.4357317647005816e-07,4.308223501058582e-09,1.5231870262328859e-09,0.9049615918744003,0.8972538464367634,-23.89185348230838,standard-halo-model,scale_dependent_camb
4,0.28674463,0.32596586,2700,2719,2709.512269372694,3.795018011100474e-07,3.4331186176205103e-07,3.403920480032479e-07,2.2247617305947616e-09,7.865720531139374e-10,0.9046382935676711,0.8969444861858283,-46.00969384142888,standard-halo-model,scale_dependent_camb
4,0.28674463,0.32596586,2720,2739,2729.5121794871793,3.7612035417773607e-07,3.401058686561823e-07,3.372139171711004e-07,2.2951512603086667e-09,8.114585100065546e-10,0.9042474433475219,0.8965585441615043,-44.382411518813065,standard-halo-model,scale_dependent_camb
4,0.28674463,0.32596586,2740,2759,2749.512090909091,3.727717475827956e-07,3.3864552395739773e-07,3.3576312474079383e-07,3.6264733879849452e-09,1.282151962218354e-09,0.9084527627249482,0.9007204191788116,-26.61636423061224,standard-halo-model,scale_dependent_camb
4,0.28674463,0.32596586,2760,2779,2769.5120036101084,3.694557148349694e-07,3.343219704279534e-07,3.3147939619933696e-07,2.4159189487013804e-09,8.541563357119104e-10,0.9049040439861386,0.8972100928183073,-41.13268606470409,standard-halo-model,scale_dependent_camb
4,0.28674463,0.32596586,2780,2799,2789.511917562724,3.661719944789445e-07,3.3148833185114163e-07,3.286676295474844e-07,2.8748795229109737e-09,1.016423402872348e-09,0.9052804060639399,0.8975771891435116,-34.123242862953596,standard-halo-model,scale_dependent_camb
4,0.28674463,0.32596586,2800,2819,2809.5118327402133,3.6292033050369926e-07,3.280966620985152e-07,3.2530354070172546e-07,3.1593894049413636e-09,1.1170128363214847e-09,0.904045969657164,0.8963497312212704,-31.175710137642078,standard-halo-model,scale_dependent_camb
4,0.28674463,0.32596586,2820,2839,2829.511749116608,3.597004699415488e-07,3.252621631499123e-07,3.2249754854795184e-07,1.969936213922427e-09,6.964776276847507e-10,0.9042583769845152,0.8965724971122712,-49.44639342704693,standard-halo-model,scale_dependent_camb
4,0.28674463,0.32596586,2840,2859,2849.5116666666668,3.565121632198679e-07,3.2282077406373153e-07,3.200704840303405e-07,3.3840834931307225e-09,1.1964541930470966e-09,0.9054972238482695,0.8977827885017962,-28.159364020725338,standard-halo-model,scale_dependent_camb
4,0.28674463,0.32596586,2860,2879,2869.5115853658535,3.533551644398516e-07,3.207981309580398e-07,3.1806956374419403e-07,2.4929818890449473e-09,8.814021995594657e-10,0.9078631451915464,0.9001412622577816,-36.937771993403445,standard-halo-model,scale_dependent_camb
4,0.28674463,0.32596586,2880,2899,2889.5115051903113,3.5022923158928685e-07,3.17401307961432e-07,3.1470390943351265e-07,1.866875490664167e-09,6.600401595397978e-10,0.9062673224650988,0.8985655138077261,-49.73625188313328,standard-halo-model,scale_dependent_camb
4,0.28674463,0.32596586,2900,2919,2909.5114261168383,3.471341249798659e-07,3.146040975252709e-07,3.1192719710630275e-07,2.9360764141576132e-09,1.0380597712663652e-09,0.9062897447593729,0.898578315008341,-31.33733562847781,standard-halo-model,scale_dependent_camb
4,0.28674463,0.32596586,2920,2939,2929.511348122867,3.440696071648399e-07,3.118365387493485e-07,3.091806339690433e-07,3.114920975356579e-09,1.101290872267426e-09,0.9063181759031425,0.8985990844024719,-29.268442359035785,standard-halo-model,scale_dependent_camb
4,0.28674463,0.32596586,2940,2959,2949.511271186441,3.4103544317705374e-07,3.102948419712293e-07,3.07652761223628e-07,2.862073370526553e-09,1.011895744276382e-09,0.9098609783210568,0.902113746177125,-30.379217799564305,standard-halo-model,scale_dependent_camb
4,0.28674463,0.32596586,2960,2979,2969.5111952861953,3.380314009969376e-07,3.0711607898294174e-07,3.0450454968065603e-07,2.363146852073695e-09,8.354985820204764e-10,0.9085430468210379,0.9008173465027134,-37.00224354568469,standard-halo-model,scale_dependent_camb
4,0.28674463,0.32596586,2980,2999,2989.511120401338,3.3505725032980224e-07,3.0526536110986154e-07,3.0266904679851186e-07,2.171665471072651e-09,7.677996905320749e-10,0.9110841828057262,0.9033353150859736,-38.801642651477664,standard-halo-model,scale_dependent_camb
4,0.28674463,0.32596586,3000,3019,3009.5110465116277,3.3211276221962785e-07,3.0191723318188006e-07,2.993489354934493e-07,2.53329764659949e-09,8.956559723372105e-10,0.9090804917102845,0.9013472818472671,-33.71331177410974,standard-halo-model,scale_dependent_camb
4,0.28674463,0.32596586,3020,3039,3029.5109735973597,3.2919770932534897e-07,2.9898996617664405e-07,2.9644505510329206e-07,2.6922953140204492e-09,9.518701367503125e-10,0.90823829482103,0.9005076484609218,-31.735151658223295,standard-halo-model,scale_dependent_camb
4,0.28674463,0.32596586,3040,3059,3049.5109016393444,3.263118667078759e-07,2.969143159227826e-07,2.9438970124982914e-07,2.2700480481313215e-09,8.025831842264717e-10,0.9099096484547683,0.9021728330627202,-36.62866524349952,standard-halo-model,scale_dependent_camb
4,0.28674463,0.32596586,3060,3079,3069.5108306188927,3.234550108719569e-07,2.946513480474854e-07,2.9214467705644923e-07,2.5752667233503543e-09,9.104942817225481e-10,0.9109500182210076,0.9032003439022245,-31.635193545618304,standard-halo-model,scale_dependent_camb
4,0.28674463,0.32596586,3080,3099,3089.5107605177996,3.2062691939399476e-07,2.907453799995499e-07,2.882745879911765e-07,1.6682832467289382e-09,5.898271983509711e-10,0.9068027742308011,0.8990966464576143,-50.66151489451003,standard-halo-model,scale_dependent_camb
4,0.28674463,0.32596586,3100,3119,3109.510691318328,3.1782737003858285e-07,2.8919818825733773e-07,2.867360594388508e-07,2.926607133032301e-09,1.0347118748180302e-09,0.9099222267177001,0.9021754778515215,-27.668747675559437,standard-halo-model,scale_dependent_camb
4,0.28674463,0.32596586,3120,3139,3129.5106230031947,3.150561430868848e-07,2.8722182499971937e-07,2.847777026308756e-07,2.3868219482515305e-09,8.438689925467719e-10,0.9116528317319958,0.90389509577771,-32.98416973843564,standard-halo-model,scale_dependent_camb
4,0.28674463,0.32596586,3140,3159,3149.5105555555556,3.123130191995985e-07,2.844407248627339e-07,2.820205337683774e-07,2.1928063237717216e-09,7.752741106838642e-10,0.9107552595524316,0.9030060113764863,-35.9515350155039,standard-halo-model,scale_dependent_camb
4,0.28674463,0.32596586,3160,3179,3169.5104889589907,3.0959777955480516e-07,2.8173820977390224e-07,2.7934128090318376e-07,2.082446040437814e-09,7.362558583243267e-10,0.910013664112952,0.9022715902706745,-37.839522043749305,standard-halo-model,scale_dependent_camb
4,0.28674463,0.32596586,3180,3199,3189.510423197492,3.0691020813181077e-07,2.790933349123299e-07,2.7671917159752813e-07,2.0859619849295376e-09,7.374989324205134e-10,0.9093647833064771,0.9016290897651854,-37.717848794959366,standard-halo-model,scale_dependent_camb
4,0.28674463,0.32596586,3200,3219,3209.5103582554516,3.0425008779686444e-07,2.77463409880633e-07,2.751020091738571e-07,2.455939939739991e-09,8.683058927885142e-10,0.911958356001804,0.9041969754747669,-30.84935636012736,standard-halo-model,scale_dependent_camb
4,0.28674463,0.32596586,3220,3239,3229.510294117647,3.016172027698362e-07,2.752022876750597e-07,2.7286016657778943e-07,2.5653154854880635e-09,9.06975987835735e-10,0.9124223855529431,0.904657174962294,-29.124161443136884,standard-halo-model,scale_dependent_camb
4,0.28674463,0.32596586,3240,3259,3249.510230769231,2.990113371109098e-07,2.7255635235020244e-07,2.702376323613159e-07,2.1480890180640516e-09,7.594641556327215e-10,0.9115251447777224,0.9037705224570761,-34.83375030210256,standard-halo-model,scale_dependent_camb
4,0.28674463,0.32596586,3260,3279,3269.5101681957185,2.9643227818264785e-07,2.695463624468051e-07,2.672548322152585e-07,1.9561096127679816e-09,6.915891859662156e-10,0.90930165938516,0.901571292619451,-38.87555832481765,standard-halo-model,scale_dependent_camb
4,0.28674463,0.32596586,3280,3299,3289.510106382979,2.9387981188608237e-07,2.679981837645617e-07,2.657187185642942e-07,2.0757836456781562e-09,7.33900346067579e-10,0.9119312485079674,0.9041747946514123,-35.265861721146344,standard-halo-model,scale_dependent_camb
4,0.28674463,0.32596586,3300,3319,3309.5100453172204,2.9135372461008944e-07,2.656925215260963e-07,2.6343107611692645e-07,2.3050549025636465e-09,8.149599763050254e-10,0.9119242318994384,0.904162376744862,-31.487685076682304,standard-halo-model,scale_dependent_camb
4,0.28674463,0.32596586,3320,3339,3329.509984984985,2.8885380398861225e-07,2.642957348963216e-07,2.620465195213204e-07,2.4012143084360664e-09,8.489574602886543e-10,0.914980973928047,0.9071942827232122,-28.92732585675216,standard-halo-model,scale_dependent_camb
4,0.28674463,0.32596586,3340,3359,3349.509925373134,2.863798394285578e-07,2.614806456014754e-07,2.592580028925202e-07,1.6533697704563891e-09,5.845544882492791e-10,0.9130553537680367,0.9052941834517525,-42.5951632013889,standard-halo-model,scale_dependent_camb
4,0.28674463,0.32596586,3360,3379,3369.5098664688426,2.8393161849383177e-07,2.5909310428964944e-07,2.5689054083800217e-07,1.5456776298010155e-09,5.46479566780324e-10,0.9125193793634437,0.904762006432133,-45.45186263874898,standard-halo-model,scale_dependent_camb
4,0.28674463,0.32596586,3380,3399,3389.509808259587,2.815089303942022e-07,2.576044704424805e-07,2.554155990920018e-07,1.2652550466452438e-09,4.4733521170667667e-10,0.9150845413030134,0.9073090460552657,-53.437465520590855,standard-halo-model,scale_dependent_camb
4,0.28674463,0.32596586,3400,3419,3409.509750733138,2.7911156689855974e-07,2.546704282542191e-07,2.5250210515499594e-07,2.4343826107165595e-09,8.606842260201453e-10,0.9124323691922681,0.9046637083541768,-28.39733540529481,standard-halo-model,scale_dependent_camb
4,0.28674463,0.32596586,3420,3439,3429.509693877551,2.767393162367421e-07,2.529781535227199e-07,2.5082694724167144e-07,1.9601251333043044e-09,6.930088868668295e-10,0.9141388255303224,0.9063654223496621,-34.28695239602055,standard-halo-model,scale_dependent_camb
4,0.28674463,0.32596586,3440,3459,3449.5096376811593,2.743919700536077e-07,2.5085995415852735e-07,2.4872800020765434e-07,1.8098702722220876e-09,6.398857712780904e-10,0.914239414912605,0.9064696760588896,-36.77533858594504,standard-halo-model,scale_dependent_camb
4,0.28674463,0.32596586,3460,3479,3469.509582132565,2.720693214517804e-07,2.479567559654541e-07,2.4584822708636557e-07,1.6864985742817412e-09,5.962672891680317e-10,0.9113734493927504,0.9036234801281626,-40.43918880737257,standard-halo-model,scale_dependent_camb
4,0.28674463,0.32596586,3480,3499,3489.5095272206304,2.697711603747377e-07,2.47170876426282e-07,2.450696861747361e-07,1.4848019708516037e-09,5.249567711541597e-10,0.9162242401409337,0.9084354526047599,-43.051704807554245,standard-halo-model,scale_dependent_camb
4,0.28674463,0.32596586,3500,3519,3509.509472934473,2.6749728053935555e-07,2.44770720781106e-07,2.4268880390643734e-07,1.945391532956385e-09,6.877997725081763e-10,0.9150400343793181,0.9072570884350794,-33.04240662274919,standard-halo-model,scale_dependent_camb
4,0.28674463,0.32596586,3520,3539,3529.509419263456,2.652474759028168e-07,2.4328273315631443e-07,2.412143578116285e-07,1.5917302060177912e-09,5.627616112473202e-10,0.9171915107891546,0.9093936030516885,-39.03027908712381,standard-halo-model,scale_dependent_camb
4,0.28674463,0.32596586,3540,3559,3549.509366197183,2.630215381934533e-07,2.412975429199635e-07,2.3924581343074996e-07,1.8125714743163542e-09,6.40840790437196e-10,0.9174060214889638,0.9096054075038669,-33.8992080367874,standard-halo-model,scale_dependent_camb
4,0.28674463,0.32596586,3560,3579,3569.5093137254903,2.6081926455310214e-07,2.3920522641270593e-07,2.3716909175400452e-07,2.2053947607247695e-09,7.797247952508839e-10,0.9171302082404437,0.9093235201026245,-27.7200856918263,standard-halo-model,scale_dependent_camb
4,0.28674463,0.32596586,3580,3599,3589.50926183844,2.586404473227909e-07,2.3691115618251652e-07,2.3489659861281887e-07,1.5189414050647187e-09,5.370268838731425e-10,0.9159864925799653,0.9081974650301351,-40.46220364902123,standard-halo-model,scale_dependent_camb
4,0.28674463,0.32596586,3600,3619,3609.5092105263157,2.564848842251125e-07,2.3542441660801788e-07,2.3342274257816121e-07,1.4347956391653138e-09,5.072768630353401e-10,0.9178880748441681,0.9100838175449355,-41.516712374929334,standard-halo-model,scale_dependent_camb
4,0.28674463,0.32596586,3620,3639,3629.5091597796145,2.5435237050331377e-07,2.3369129686554248e-07,2.317033484225082e-07,1.9344440988120105e-09,6.839292700481362e-10,0.9187698797660622,0.9109541537356716,-30.209371849690136,standard-halo-model,scale_dependent_camb
4,0.28674463,0.32596586,3640,3659,3649.509109589041,2.522427026781555e-07,2.3162815706414266e-07,2.2965700474638975e-07,1.928895573632144e-09,6.819675701580023e-10,0.9182749574313134,0.9104604506217032,-30.228043848531872,standard-halo-model,scale_dependent_camb
4,0.28674463,0.32596586,3660,3679,3669.5090599455043,2.5015567991291756e-07,2.2967511231833616e-07,2.277241687432212e-07,1.250568124918756e-09,4.4214260073289886e-10,0.9181287124813199,0.9103297947202116,-46.321181357853,standard-halo-model,scale_dependent_camb
4,0.28674463,0.32596586,3680,3699,3689.509010840108,2.480910979810624e-07,2.284114897655454e-07,2.2646877623977014e-07,1.5432201644300171e-09,5.456107215661419e-10,0.9206758792408617,0.9128452333951024,-36.068954361871604,standard-halo-model,scale_dependent_camb
4,0.28674463,0.32596586,3700,3719,3709.508962264151,2.4604875882864757e-07,2.2591922726526592e-07,2.239983022518016e-07,1.6241513778187822e-09,5.742242264645676e-10,0.9181888514324911,0.9103817605834692,-35.05517642004911,standard-halo-model,scale_dependent_camb
4,0.28674463,0.32596586,3720,3739,3729.508914209115,2.440284590284533e-07,2.2439877091797475e-07,2.22487611159194e-07,2.4171109301785494e-09,8.545777648046879e-10,0.9195598407307496,0.9117281322226943,-22.97004312412091,standard-halo-model,scale_dependent_camb
4,0.28674463,0.32596586,3740,3759,3749.5088666666666,2.420300014396167e-07,2.2217096047770027e-07,2.2028162830748666e-07,1.6978247611500523e-09,6.002717009378162e-10,0.9179480194860429,0.9101418295138258,-33.083420276002165,standard-halo-model,scale_dependent_camb
4,0.28674463,0.32596586,3760,3779,3769.5088196286474,2.4005318502042747e-07,2.204112357482937e-07,2.1853627716350178e-07,1.7007040978204126e-09,6.012897001802815e-10,0.9181766770956931,0.9103660805204701,-32.666365757212596,standard-halo-model,scale_dependent_camb
4,0.28674463,0.32596586,3780,3799,3789.5087730870714,2.380978140845427e-07,2.19380894827552e-07,2.175156732514265e-07,1.481239362444039e-09,5.23697198872309e-10,0.9213897896166959,0.9135559437525621,-35.73996442466057,standard-halo-model,scale_dependent_camb
4,0.28674463,0.32596586,3800,3819,3809.5087270341205,2.3616368861496792e-07,2.1706306777207037e-07,2.1521781349910919e-07,1.37683998351372e-09,4.867864444756628e-10,0.9191212630742804,0.9113078084158481,-39.23819379044458,standard-halo-model,scale_dependent_camb
4,0.28674463,0.32596586,3820,3839,3829.508681462141,2.342506145900167e-07,2.1589877058115696e-07,2.1406284448163947e-07,1.764855176004357e-09,6.239705313824294e-10,0.9216572215147483,0.9138197774050254,-29.41139538785681,standard-halo-model,scale_dependent_camb
4,0.28674463,0.32596586,3840,3859,3849.5086363636365,2.3235839395464022e-07,2.142870862635742e-07,2.1246511831877796e-07,1.4810623660357632e-09,5.236346211920403e-10,0.9222265768690335,0.9143853798552863,-34.511292721491884,standard-halo-model,scale_dependent_camb
4,0.28674463,0.32596586,3860,3879,3869.5085917312663,2.3048683430651798e-07,2.125128002832875e-07,2.1070638320311598e-07,1.5696599011918416e-09,5.549585801446786e-10,0.9220170901417852,0.9141796920291918,-32.38806402190343,standard-halo-model,scale_dependent_camb
4,0.28674463,0.32596586,3880,3899,3889.5085475578408,2.2863573939061736e-07,2.1070367320665048e-07,2.0891209457037595e-07,1.3283525310495063e-09,4.696435412557099e-10,0.9215692777001478,0.9137333258885474,-38.182290628379555,standard-halo-model,scale_dependent_camb
4,0.28674463,0.32596586,3900,3919,3909.5085038363172,2.2680491751880145e-07,2.0971012944426903e-07,2.079254743369222e-07,1.7696554389317901e-09,6.256676806161625e-10,0.9246277891081647,0.916759110038634,-27.322472622682604,standard-halo-model,scale_dependent_camb
4,0.28674463,0.32596586,3920,3939,3929.5084605597963,2.2499417590887623e-07,2.0753662188795098e-07,2.0577061030048132e-07,1.9814735131389075e-09,7.005566789410265e-10,0.9224088625832001,0.9145597190205468,-24.919545478196557,standard-halo-model,scale_dependent_camb
4,0.28674463,0.32596586,3940,3959,3949.508417721519,2.2320332307750396e-07,2.0615842766300127e-07,2.0440468718506263e-07,1.7296157927143224e-09,6.115115279378217e-10,0.9236351180641513,0.9157779748381534,-27.873383633473885,standard-halo-model,scale_dependent_camb
4,0.28674463,0.32596586,3960,3979,3969.5083753148615,2.2143216974644773e-07,2.048988717841597e-07,2.0315772857151403e-07,1.3273406179689068e-09,4.692857759550783e-10,0.9253347064194891,0.9174716067865886,-35.23076728383657,standard-halo-model,scale_dependent_camb
4,0.28674463,0.32596586,3980,3999,3989.508333333333,2.1968052452397992e-07,2.0354586004212534e-07,2.018161375005151e-07,1.1238689007090016e-09,3.973476604280028e-10,0.9265539604986998,0.9186801512688725,-40.605912878598886,standard-halo-model,scale_dependent_camb
4,0.28674463,0.32596586,4000,4019,4009.5082917705736,2.1794820120168193e-07,2.016357945523497e-07,1.9992077815785449e-07,1.38798367257408e-09,4.907263335266703e-10,0.9251546626244587,0.9172857452163806,-33.24135171654831,standard-halo-model,scale_dependent_camb
4,0.28674463,0.32596586,4020,4039,4029.5082506203476,2.1623501048956007e-07,2.0019037654533507e-07,1.9848811720964785e-07,1.3287673046172876e-09,4.697901858569275e-10,0.9258000177311729,0.9179277525885705,-34.15276527107215,standard-halo-model,scale_dependent_camb
4,0.28674463,0.32596586,4040,4059,4049.5082098765433,2.1454076713843842e-07,1.9914839295972872e-07,1.9745487630141738e-07,1.2508539516975995e-09,4.4224365575968134e-10,0.9282543155596281,0.9203606332497362,-34.80518935261795,standard-halo-model,scale_dependent_camb
4,0.28674463,0.32596586,4060,4079,4069.5081695331696,2.1286528540248914e-07,1.976086056801233e-07,1.9592735477970187e-07,1.6543487403145166e-09,5.849006063619086e-10,0.928327065197511,0.9204288731684889,-26.084226202572488,standard-halo-model,scale_dependent_camb
4,0.28674463,0.32596586,4080,4096,4088.005870123517,2.113319817955207e-07,1.96375473945464e-07,1.9470593678332961e-07,1.2535756529647168e-09,4.432059224708527e-10,0.9292274282246205,0.9213273595840406,-33.74618228627193,standard-halo-model,scale_dependent_camb
5,0.2483836,0.28674463,20,39,30.608333333333334,7.152024083589458e-05,7.106401234770108e-05,7.186653641417831e-05,2.5249913574609924e-06,8.927192556490467e-07,0.9936209878090269,1.0048419241075868,-0.5110548308513926,standard-halo-model,scale_dependent_camb
5,0.2483836,0.28674463,40,59,50.165,5.313449622456714e-05,5.089656596212311e-05,5.147199741464078e-05,1.7775683002168507e-06,6.284652995527899e-07,0.9578817826184771,0.9687114976511683,-3.5609448350394493,standard-halo-model,scale_dependent_camb
5,0.2483836,0.28674463,60,79,69.975,3.781065775673826e-05,3.722037003559385e-05,3.7640487302866006e-05,7.292904537304506e-07,2.578431126437078e-07,0.9843883244522712,0.9954994050892455,-2.2893290229554624,standard-halo-model,scale_dependent_camb
5,0.2483836,0.28674463,80,99,89.86944444444444,2.8149165036112358e-05,2.7778981196013904e-05,2.8092837172182636e-05,8.794703352782913e-07,3.109397189638431e-07,0.986849207085768,0.9979989508087554,-1.1905324972056697,standard-halo-model,scale_dependent_camb
5,0.2483836,0.28674463,100,119,109.80227272727272,2.1957795313864804e-05,2.1419761922504397e-05,2.1661898761234986e-05,5.28902394198798e-07,1.8699523476188527e-07,0.9754969301940493,0.986524304995093,-2.8772572308889273,standard-halo-model,scale_dependent_camb
5,0.2483836,0.28674463,120,139,129.75576923076923,1.6833944519837796e-05,1.6997149409635732e-05,1.718908242875558e-05,4.774854241267524e-07,1.6881659065888066e-07,1.0096949879813142,1.0210965355445527,0.9667585938144921,standard-halo-model,scale_dependent_camb
5,0.2483836,0.28674463,140,159,149.72166666666666,1.3851798929046285e-05,1.4008225633731436e-05,1.4166388173857972e-05,2.3771956641530491e-07,8.404655871649397e-08,1.0112928801151693,1.0227110750324289,1.8611910716393474,standard-halo-model,scale_dependent_camb
5,0.2483836,0.28674463,160,179,169.6955882352941,1.1193643715020635e-05,1.1626026049564766e-05,1.1757666489720584e-05,1.9756769923777036e-07,6.985072993722585e-08,1.0386274876664086,1.0503877726555735,6.1900904247201,standard-halo-model,scale_dependent_camb
5,0.2483836,0.28674463,180,199,189.675,9.343397011916103e-06,9.700823667188391e-06,9.81051009388836e-06,1.1770260574125484e-07,4.161415534148398e-08,1.0382544651390113,1.0499939241987175,8.58906428207566,standard-halo-model,scale_dependent_camb
5,0.2483836,0.28674463,200,219,209.65833333333333,7.941791193171906e-06,8.492394143891996e-06,8.588440899206436e-06,1.787389705608357e-07,6.31937690729348e-08,1.0693298195995735,1.0814236600164582,8.71293101831945,standard-halo-model,scale_dependent_camb
5,0.2483836,0.28674463,220,239,229.64456521739132,6.749038918856726e-06,7.3076569119017915e-06,7.390346186433461e-06,8.257070154135607e-08,2.9193151493611693e-08,1.0827700061832943,1.0950220135469853,19.13524112555326,standard-halo-model,scale_dependent_camb
5,0.2483836,0.28674463,240,259,249.633,5.890727008766326e-06,6.427417838885803e-06,6.500086203885512e-06,8.199940596743765e-08,2.8991168006421905e-08,1.0911077409156453,1.103443801454789,18.51221827284065,standard-halo-model,scale_dependent_camb
5,0.2483836,0.28674463,260,279,269.6231481481482,5.153341761823288e-06,5.724011205065792e-06,5.788837568936592e-06,6.408602417701259e-08,2.2657831137425318e-08,1.1107377444806994,1.1233172253043937,25.18641081669529,standard-halo-model,scale_dependent_camb
5,0.2483836,0.28674463,280,299,289.6146551724138,4.569679297766253e-06,5.118098364070774e-06,5.175943545091789e-06,7.294164226332858e-08,2.5788764937641456e-08,1.120012594006892,1.1326710711672676,21.2658135289001,standard-halo-model,scale_dependent_camb
5,0.2483836,0.28674463,300,319,309.60725806451615,4.100071310157478e-06,4.619144932110959e-06,4.671319913775439e-06,6.878341212786302e-08,2.4318608574380478e-08,1.1266011204896689,1.1393265044446312,21.344708944422184,standard-halo-model,scale_dependent_camb
5,0.2483836,0.28674463,320,339,329.6007575757576,3.701459521614969e-06,4.189769956847049e-06,4.2371402989528984e-06,3.869985073693973e-08,1.3682463443498644e-08,1.1319237539626064,1.1447215008592635,35.68878055099834,standard-halo-model,scale_dependent_camb
5,0.2483836,0.28674463,340,359,349.595,3.3802412189187903e-06,3.823662374525156e-06,3.866976440119301e-06,6.032152572044542e-08,2.132687994422285e-08,1.1311803291210676,1.1439942269434247,20.791656199409612,standard-halo-model,scale_dependent_camb
5,0.2483836,0.28674463,360,379,369.58986486486486,3.1082136730636966e-06,3.5155012842806725e-06,3.5552748528510084e-06,3.788134351866971e-08,1.339307744125421e-08,1.1310359113167152,1.1438321900651873,30.410308086655476,standard-halo-model,scale_dependent_camb
5,0.2483836,0.28674463,380,399,389.5852564102564,2.8796770422012276e-06,3.23839946973561e-06,3.2750445574687207e-06,2.870945841208406e-08,1.0150326363688903e-08,1.1245703675368313,1.1372957833373127,35.34097473137926,standard-halo-model,scale_dependent_camb
5,0.2483836,0.28674463,400,419,409.5810975609756,2.6876134752411094e-06,3.0018237247369655e-06,3.035765728215624e-06,3.1100270831695266e-08,1.0995606200914954e-08,1.1169105053202146,1.1295395547692295,28.575982420115267,standard-halo-model,scale_dependent_camb
5,0.2483836,0.28674463,420,439,429.57732558139537,2.52240982775986e-06,2.78750164576441e-06,2.8190289667431425e-06,2.981786398712129e-08,1.0542206912895804e-08,1.1050946658576797,1.1175935550674208,25.145761242864147,standard-halo-model,scale_dependent_camb
5,0.2483836,0.28674463,440,459,449.5738888888889,2.381210752241331e-06,2.603584179850203e-06,2.632994095821556e-06,3.168310102364736e-08,1.1201667791419746e-08,1.0933867056494522,1.1057375300960792,19.851814189598223,standard-halo-model,scale_dependent_camb
5,0.2483836,0.28674463,460,479,469.5707446808511,2.258797597363046e-06,2.4347454639220737e-06,2.46223215185728e-06,3.959894770956903e-08,1.4000342226643882e-08,1.077894481012567,1.0900632065182496,12.567397547195924,standard-halo-model,scale_dependent_camb
5,0.2483836,0.28674463,480,499,489.5678571428571,2.1517914292440764e-06,2.2859514428101676e-06,2.311805947595082e-06,3.227449143399897e-08,1.1410755876163906e-08,1.062348056481116,1.0743633960877048,11.757329227097042,standard-halo-model,scale_dependent_camb
5,0.2483836,0.28674463,500,519,509.56519607843137,2.057941155635167e-06,2.1590113474918807e-06,2.183442992886149e-06,2.5535047145710325e-08,9.028002497324983e-09,1.0491122846637078,1.060984171927038,11.195188734901343,standard-halo-model,scale_dependent_camb
5,0.2483836,0.28674463,520,539,529.5627358490566,1.974748599125276e-06,2.0423280520894548e-06,2.065411541375957e-06,1.8425995195916475e-08,6.514573076571643e-09,1.0342218006859778,1.0459111313160776,10.373581226253311,standard-halo-model,scale_dependent_camb
5,0.2483836,0.28674463,540,559,549.5604545454545,1.9003930928625235e-06,1.9269168315826806e-06,1.948703608105026e-06,2.423394940791994e-08,8.567994980635954e-09,1.013956974912072,1.0254213275263664,3.0956762673299854,standard-halo-model,scale_dependent_camb
5,0.2483836,0.28674463,560,579,569.5583333333333,1.8334805060436115e-06,1.8420779951239684e-06,1.862929792285157e-06,1.535702309274609e-08,5.429527583859583e-09,1.0046891630710102,1.0160619576507486,1.5834690859504443,standard-halo-model,scale_dependent_camb
5,0.2483836,0.28674463,580,599,589.5563559322034,1.7728759717999036e-06,1.75936878818342e-06,1.7792453052936546e-06,2.020982578867207e-08,7.145252430884393e-09,0.9923812021645426,1.003592655997974,-1.89037178842004,standard-halo-model,scale_dependent_camb
5,0.2483836,0.28674463,600,619,609.5545081967213,1.7176536015966828e-06,1.6755843817708202e-06,1.6945151762699035e-06,2.2196978261464307e-08,7.847816925265896e-09,0.9755077392864566,0.9865290502664388,-5.360627066926296,standard-halo-model,scale_dependent_camb
5,0.2483836,0.28674463,620,639,629.5527777777778,1.667056315448216e-06,1.6010177777096709e-06,1.6191276987617617e-06,1.631022607918645e-08,5.766535731639207e-09,0.9603861386525567,0.9712495515344556,-11.452029574049469,standard-halo-model,scale_dependent_camb
5,0.2483836,0.28674463,640,659,649.5511538461539,1.620461733822957e-06,1.53508792926485e-06,1.5524586010059233e-06,1.4465959170559779e-08,5.114488912935272e-09,0.947315136929093,0.9580347185017432,-16.692538787636167,standard-halo-model,scale_dependent_camb
5,0.2483836,0.28674463,660,679,669.5496268656716,1.5773524622548443e-06,1.47754167761132e-06,1.4942868171833578e-06,1.6321198149449396e-08,5.770414944282499e-09,0.9367225860852662,0.9473385644241217,-17.2969856773333,standard-halo-model,scale_dependent_camb
5,0.2483836,0.28674463,680,699,689.5481884057971,1.5372989497178308e-06,1.4204534076950698e-06,1.4365268765268668e-06,1.3783565953639283e-08,4.873226477375179e-09,0.923992960481624,0.9344486163803986,-23.97703914752109,standard-halo-model,scale_dependent_camb
5,0.2483836,0.28674463,700,719,709.5468309859154,1.4999444934691827e-06,1.3802180095561834e-06,1.3958207186721954e-06,1.9710209265113758e-08,6.968611314983927e-09,0.9201793903479141,0.9305815813516125,-17.18082391186938,standard-halo-model,scale_dependent_camb
5,0.2483836,0.28674463,720,739,729.5455479452055,1.4649907501981655e-06,1.3315329315221054e-06,1.3465936181353513e-06,1.6432491239151255e-08,5.8097629934961925e-09,0.9089019376688845,0.919182334737063,-22.971301725296037,standard-halo-model,scale_dependent_camb
5,0.2483836,0.28674463,740,759,749.5443333333334,1.4321859862820522e-06,1.2988885999728415e-06,1.3135727492387817e-06,1.3747788383156643e-08,4.860577196023852e-09,0.9069273211817621,0.9171802837205593,-27.424188719449493,standard-halo-model,scale_dependent_camb
5,0.2483836,0.28674463,760,779,769.5431818181818,1.401315851319359e-06,1.253860046255582e-06,1.2680406863663093e-06,1.1309803049668596e-08,3.99861921515248e-09,0.8947733268520831,0.9048928442309639,-36.87668095651717,standard-halo-model,scale_dependent_camb
5,0.2483836,0.28674463,780,799,789.5420886075949,1.3721962031521386e-06,1.2196142551974333e-06,1.2334012689225246e-06,1.2375723582870639e-08,4.375479033769052e-09,0.8888045691977562,0.8988519761891328,-34.87205555714221,standard-halo-model,scale_dependent_camb
5,0.2483836,0.28674463,800,819,809.5410493827161,1.344667471501267e-06,1.1903891153858094e-06,1.2038375985401546e-06,1.2290229489039402e-08,4.3452523070193186e-09,0.8852665366083319,0.8952678815053945,-35.50503980315168,standard-halo-model,scale_dependent_camb
5,0.2483836,0.28674463,820,839,829.5400602409638,1.3185904267677561e-06,1.1596630116875153e-06,1.1727791166334801e-06,1.1050355439807571e-08,3.906890633004793e-09,0.879471735988697,0.8894188011877946,-40.67874686269617,standard-halo-model,scale_dependent_camb
5,0.2483836,0.28674463,840,859,849.5391176470588,1.2938423009245743e-06,1.1306314320871552e-06,1.1434186728956915e-06,7.789163806371711e-09,2.7538852736291285e-09,0.8738556710344149,0.8837388235634352,-59.26567471793638,standard-halo-model,scale_dependent_camb
5,0.2483836,0.28674463,860,879,869.5382183908046,1.2703138358374262e-06,1.0998444098857871e-06,1.1122659281510353e-06,1.3762618289531278e-08,4.865820359704785e-09,0.8658052670588596,0.8755835737377439,-35.03405661321652,standard-halo-model,scale_dependent_camb
5,0.2483836,0.28674463,880,899,889.5373595505617,1.2479073007020412e-06,1.0821052365038666e-06,1.0943428989959255e-06,1.0576543847099253e-08,3.739372937900369e-09,0.8671359129761493,0.8769424606942164,-44.33953685594978,standard-halo-model,scale_dependent_camb
5,0.2483836,0.28674463,900,919,909.5365384615385,1.2265346198700908e-06,1.0576444114834427e-06,1.0695955876035824e-06,1.0617840303030055e-08,3.753973439914189e-09,0.8623029422483515,0.8720467977633353,-44.989718518229246,standard-halo-model,scale_dependent_camb
5,0.2483836,0.28674463,920,939,929.535752688172,1.2061161621087401e-06,1.042213711485694e-06,1.0539952462206297e-06,1.4114144450394521e-08,4.990103625760221e-09,0.8641072429238627,0.8738754021651228,-32.84550039741435,standard-halo-model,scale_dependent_camb
5,0.2483836,0.28674463,940,959,949.535,1.1865796523594235e-06,1.0190177710101096e-06,1.0305359966543205e-06,8.345623637707546e-09,2.950623533726874e-09,0.8587858126370785,0.8684928943498887,-56.78863448149543,standard-halo-model,scale_dependent_camb
5,0.2483836,0.28674463,960,979,969.5342783505155,1.1678592791640614e-06,9.991439660910782e-07,1.0104363311315208e-06,1.1289109771824698e-08,3.991303036608281e-09,0.8555345527641417,0.8652038384751098,-42.270735027013565,standard-halo-model,scale_dependent_camb
5,0.2483836,0.28674463,980,999,989.5335858585859,1.149894991369294e-06,9.83475489495764e-07,9.945877259771258e-07,9.84738530982545e-09,3.4815764647671836e-09,0.855274174491918,0.8649378712335911,-47.80004218136814,standard-halo-model,scale_dependent_camb
5,0.2483836,0.28674463,1000,1019,1009.5329207920792,1.1326318333227561e-06,9.667527809259216e-07,9.776813635684707e-07,6.691701192895437e-09,2.3658736455852363e-09,0.8535454791958285,0.8631943185812521,-70.11323394483381,standard-halo-model,scale_dependent_camb
5,0.2483836,0.28674463,1020,1039,1029.532281553398,1.116019412628939e-06,9.496387497358445e-07,9.603776826207084e-07,7.139654002267209e-09,2.5242488801644086e-09,0.8509159777954384,0.8605385101307558,-65.91293917193217,standard-halo-model,scale_dependent_camb
5,0.2483836,0.28674463,1040,1059,1049.5316666666668,1.1000115641502805e-06,9.417616474195322e-07,9.524053300782967e-07,9.132282784729261e-09,3.228749542397614e-09,0.8561379517378159,0.8658139251599557,-49.01275699856069,standard-halo-model,scale_dependent_camb
5,0.2483836,0.28674463,1060,1079,1069.5310747663552,1.084565918877512e-06,9.224094707952049e-07,9.328474583713533e-07,6.124807727677156e-09,2.1654465388521427e-09,0.8504872361745118,0.8601113515873872,-74.88360722507734,standard-halo-model,scale_dependent_camb
5,0.2483836,0.28674463,1080,1099,1089.530504587156,1.0696436017776004e-06,9.105320320464802e-07,9.208242212600563e-07,7.947677127765911e-09,2.8099281958622493e-09,0.8512480517186298,0.8608701250863121,-56.6247813611107,standard-halo-model,scale_dependent_camb
5,0.2483836,0.28674463,1100,1119,1109.529954954955,1.0552089161172986e-06,8.986388466574961e-07,9.087952144816871e-07,9.220868570692858e-09,3.260069347383414e-09,0.8516217337928579,0.8612467167408431,-48.026607036892706,standard-halo-model,scale_dependent_camb
5,0.2483836,0.28674463,1120,1139,1129.529424778761,1.0412290547610583e-06,8.887960060528427e-07,8.988407175634396e-07,7.371636183476584e-09,2.6062669668882064e-09,0.853602770676433,0.8632497464928176,-58.48711994773715,standard-halo-model,scale_dependent_camb
5,0.2483836,0.28674463,1140,1159,1149.5289130434783,1.0276738704423481e-06,8.760021183525386e-07,8.859049266724108e-07,7.3339349678033244e-09,2.592937574257437e-09,0.8524125635066264,0.8620487025626964,-58.49417803020002,standard-halo-model,scale_dependent_camb
5,0.2483836,0.28674463,1160,1179,1169.5284188034188,1.0145156253059606e-06,8.636077223053061e-07,8.733703913629311e-07,6.80384181591679e-09,2.4055213430776776e-09,0.8512512777167496,0.8608742631238799,-62.73396967976164,standard-halo-model,scale_dependent_camb
5,0.2483836,0.28674463,1180,1199,1189.5279411764707,1.0017288034806294e-06,8.574979218301525e-07,8.671904881460968e-07,7.977322394543804e-09,2.820409380446615e-09,0.8560180348719842,0.8656938735643193,-51.13827895000046,standard-halo-model,scale_dependent_camb
5,0.2483836,0.28674463,1200,1219,1209.527479338843,9.892899256590236e-07,8.419966027343908e-07,8.515127145012378e-07,1.003902493434927e-08,3.5493313037896016e-09,0.8511120763445437,0.8607312097452074,-41.498893824695514,standard-halo-model,scale_dependent_camb
5,0.2483836,0.28674463,1220,1239,1229.5270325203253,9.771773808596402e-07,8.355399004355425e-07,8.449795991719018e-07,8.152934047176437e-09,2.8824974756625708e-09,0.8550544832510381,0.8647146523475178,-49.137070065097255,standard-halo-model,scale_dependent_camb
5,0.2483836,0.28674463,1240,1259,1249.5266,9.653712350953976e-07,8.271493210219396e-07,8.36501393471319e-07,9.857284753893811e-09,3.485076446782541e-09,0.8568199371925569,0.8665074771869045,-39.6610852542606,standard-halo-model,scale_dependent_camb
5,0.2483836,0.28674463,1260,1279,1269.5261811023622,9.538531536326829e-07,8.185738190792338e-07,8.278270163577356e-07,6.883877673888883e-09,2.433818292032753e-09,0.858175931967885,0.8678767934089376,-55.58316945693684,standard-halo-model,scale_dependent_camb
5,0.2483836,0.28674463,1280,1299,1289.5257751937984,9.426062184287864e-07,8.088651149468447e-07,8.180093821665069e-07,6.664324335516822e-09,2.3561944648352383e-09,0.8581156151241265,0.8678166621158433,-56.76148784743612,standard-halo-model,scale_dependent_camb
5,0.2483836,0.28674463,1300,1319,1309.5253816793893,9.316148482736593e-07,8.016382146250715e-07,8.107004190800027e-07,9.38427794976719e-09,3.3178432874098855e-09,0.8604824366105343,0.8702098518312384,-39.17503703137698,standard-halo-model,scale_dependent_camb
5,0.2483836,0.28674463,1320,1339,1329.525,9.208646404397134e-07,7.960226347574721e-07,8.050176221232254e-07,9.398324056775922e-09,3.3228093361674584e-09,0.8644295804184323,0.8741975603915348,-37.571221533353054,standard-halo-model,scale_dependent_camb
5,0.2483836,0.28674463,1340,1359,1349.5246296296295,9.103423178053482e-07,7.860380010166557e-07,7.949318994747377e-07,6.6639443160994044e-09,2.3560601076817193e-09,0.8634532149528485,0.8732230545880348,-52.75939963645647,standard-halo-model,scale_dependent_camb
5,0.2483836,0.28674463,1360,1379,1369.5242700729927,9.000356242119254e-07,7.79787550610674e-07,7.886084858507665e-07,4.719616402476897e-09,1.6686363813953358e-09,0.8663963176940456,0.8761969689158415,-72.06367722888699,standard-halo-model,scale_dependent_camb
5,0.2483836,0.28674463,1380,1399,1389.5239208633093,8.899332334218995e-07,7.704732196317996e-07,7.791883435862733e-07,6.693157908664727e-09,2.3663886723845994e-09,0.8657651952936268,0.8755582040578495,-50.48199189937831,standard-halo-model,scale_dependent_camb
5,0.2483836,0.28674463,1400,1419,1409.5235815602837,8.800246732723164e-07,7.632876136630077e-07,7.719093983233519e-07,8.791330905983342e-09,3.1082048496378475e-09,0.8673479697163157,0.8771451775926411,-37.55771104433814,standard-halo-model,scale_dependent_camb
5,0.2483836,0.28674463,1420,1439,1429.5232517482518,8.703002735671056e-07,7.562621287718576e-07,7.648056075396531e-07,1.0042961952980704e-08,3.550723250075574e-09,0.8689668976802236,0.8787836000613205,-32.116877819982385,standard-halo-model,scale_dependent_camb
5,0.2483836,0.28674463,1440,1459,1449.5229310344828,8.607510851351891e-07,7.488127401537462e-07,7.572832054905575e-07,6.909012482936691e-09,2.44270478899352e-09,0.8699527111675243,0.8797934949702899,-45.825572326963595,standard-halo-model,scale_dependent_camb
5,0.2483836,0.28674463,1460,1479,1469.522619047619,8.513688304453278e-07,7.435221114258648e-07,7.519274001930943e-07,8.622573252080466e-09,3.0485400089119197e-09,0.873325502223224,0.883198178396761,-35.37651423441725,standard-halo-model,scale_dependent_camb
5,0.2483836,0.28674463,1480,1499,1489.5223154362416,8.421458458679292e-07,7.331884154740018e-07,7.414827870299222e-07,7.059384475372586e-09,2.495869316769497e-09,0.8706192865184367,0.8804683780939845,-43.65510231719797,standard-halo-model,scale_dependent_camb
5,0.2483836,0.28674463,1500,1519,1509.5220198675497,8.330750335570345e-07,7.289568351692639e-07,7.372066357043111e-07,6.91757665119465e-09,2.4457326797187325e-09,0.8750194229885748,0.8849222531091974,-42.571373090432964,standard-halo-model,scale_dependent_camb
5,0.2483836,0.28674463,1520,1539,1529.5217320261438,8.241498319322949e-07,7.205803006037895e-07,7.287191430823486e-07,8.27863605218122e-09,2.9269398457363846e-09,0.87433167208725,0.8842071124055195,-35.38491967280198,standard-halo-model,scale_dependent_camb
5,0.2483836,0.28674463,1540,1559,1549.5214516129033,8.153641450582606e-07,7.119535164448329e-07,7.200006437687939e-07,5.5882616098921115e-09,1.9757488396995826e-09,0.8731724601330872,0.8830418263208609,-52.339966768828575,standard-halo-model,scale_dependent_camb
5,0.2483836,0.28674463,1560,1579,1569.521178343949,8.067123205864673e-07,7.092015900030264e-07,7.172226498963581e-07,5.305884476054837e-09,1.8759134466054032e-09,0.8791257699987126,0.8890686699503342,-51.980399607398425,standard-halo-model,scale_dependent_camb
5,0.2483836,0.28674463,1580,1599,1589.5209119496856,7.981891253011434e-07,6.992378482963934e-07,7.071509109490022e-07,5.782336120816401e-09,2.0443645410645965e-09,0.8760302867225643,0.8859440557802714,-48.40197284639919,standard-halo-model,scale_dependent_camb
5,0.2483836,0.28674463,1600,1619,1609.520652173913,7.897896886028166e-07,6.936294856188164e-07,7.014739367712477e-07,5.620314501276873e-09,1.987081248126983e-09,0.8782458110410213,0.8881781401985577,-48.39268805673679,standard-halo-model,scale_dependent_camb
5,0.2483836,0.28674463,1620,1639,1629.520398773006,7.815095085896602e-07,6.882662678395708e-07,6.960499939225896e-07,4.730693556176874e-09,1.6725527466440855e-09,0.8806882837313655,0.8906481447406905,-55.74905840020802,standard-halo-model,scale_dependent_camb
5,0.2483836,0.28674463,1640,1659,1649.5201515151516,7.733443769397025e-07,6.779343360490444e-07,6.856000566830937e-07,5.678170834596205e-09,2.0075365509393273e-09,0.876626708959575,0.8865391371902996,-47.52592965045427,standard-halo-model,scale_dependent_camb
5,0.2483836,0.28674463,1660,1679,1669.5199101796406,7.652904133364613e-07,6.709391754105061e-07,6.785204191347227e-07,5.899098700981845e-09,2.0856463471765077e-09,0.8767118517601584,0.8866182135701338,-45.238368457665636,standard-halo-model,scale_dependent_camb
5,0.2483836,0.28674463,1680,1699,1689.519674556213,7.57343982297861e-07,6.663339090171406e-07,6.738611883860312e-07,6.734478329855605e-09,2.3809976473973763e-09,0.8798299380361005,0.8897689875893194,-38.22350407620173,standard-halo-model,scale_dependent_camb
5,0.2483836,0.28674463,1700,1719,1709.5194444444444,7.495017259478562e-07,6.632514108937219e-07,6.707494788344469e-07,6.358255540567729e-09,2.247982804626189e-09,0.8849231268346207,0.8949271971137686,-38.36787135410345,standard-halo-model,scale_dependent_camb
5,0.2483836,0.28674463,1720,1739,1729.519219653179,7.41760504644751e-07,6.565804891604201e-07,6.640021031105625e-07,6.4284554115602686e-09,2.272802207034812e-09,0.8851650701932077,0.8951704747728121,-37.47797112334738,standard-halo-model,scale_dependent_camb
5,0.2483836,0.28674463,1740,1759,1749.519,7.341173951977513e-07,6.512779172315954e-07,6.586389586821767e-07,5.176266325357453e-09,1.8300865099439134e-09,0.8871577236719187,0.8971847867802633,-45.26533446153573,standard-halo-model,scale_dependent_camb
5,0.2483836,0.28674463,1760,1779,1769.5187853107345,7.265696793767911e-07,6.405791045480178e-07,6.478213923536154e-07,5.419145825939624e-09,1.915957380880341e-09,0.881648550346154,0.8916163318420864,-44.881256591032596,standard-halo-model,scale_dependent_camb
5,0.2483836,0.28674463,1780,1799,1789.5185754189945,7.191148216941e-07,6.366892228516745e-07,6.438929736584149e-07,3.4739575956088277e-09,1.228229486704758e-09,0.8853790850142038,0.8953966101568085,-67.10928188474516,standard-halo-model,scale_dependent_camb
5,0.2483836,0.28674463,1800,1819,1809.5183701657459,7.117504500447545e-07,6.296272390723773e-07,6.367490351089856e-07,4.270283437522784e-09,1.5097731881304806e-09,0.8846179711341056,0.8946240006858402,-54.39440282687006,standard-halo-model,scale_dependent_camb
5,0.2483836,0.28674463,1820,1839,1829.518169398907,7.044743510387594e-07,6.255881348287635e-07,6.326581679713612e-07,5.260023469483238e-09,1.8596991322359943e-09,0.8880211662870667,0.898057064871838,-42.41880573184311,standard-halo-model,scale_dependent_camb
5,0.2483836,0.28674463,1840,1859,1849.517972972973,6.972844604025365e-07,6.17042367341922e-07,6.240226639100351e-07,3.434168533534302e-09,1.2141619288997832e-09,0.8849220115786155,0.8949326987006021,-66.08846081455219,standard-halo-model,scale_dependent_camb
5,0.2483836,0.28674463,1860,1879,1869.5177807486632,6.901788426975671e-07,6.134640413163243e-07,6.204038295550127e-07,4.032220337951407e-09,1.425605172101876e-09,0.8888479381932332,0.8989029961135313,-53.81209529994651,standard-halo-model,scale_dependent_camb
5,0.2483836,0.28674463,1880,1899,1889.5175925925926,6.831556838241709e-07,6.069592122686479e-07,6.138216998922408e-07,4.182068080212698e-09,1.4785843494511026e-09,0.8884639718885302,0.898509248223169,-51.533395158558,standard-halo-model,scale_dependent_camb
5,0.2483836,0.28674463,1900,1919,1909.5174083769634,6.76213284855718e-07,6.005901028906897e-07,6.073828372370139e-07,4.155930519797546e-09,1.4693433263444889e-09,0.8881666721747948,0.8982119263844539,-51.46733279360089,standard-halo-model,scale_dependent_camb
5,0.2483836,0.28674463,1920,1939,1929.5172279792746,6.693500553086678e-07,5.950701266853438e-07,6.017957810239609e-07,5.105711951417536e-09,1.80514177181627e-09,0.8890267834682255,0.8990748207923065,-41.149083015560706,standard-halo-model,scale_dependent_camb
5,0.2483836,0.28674463,1940,1959,1949.5170512820512,6.625644956276206e-07,5.915603316497362e-07,5.982490226418323e-07,4.186217974247657e-09,1.4800515585577649e-09,0.8928343362096017,0.9029294907737777,-47.974115203847596,standard-halo-model,scale_dependent_camb
5,0.2483836,0.28674463,1960,1979,1969.5168781725888,6.558551986132009e-07,5.866703934002417e-07,5.933038798999379e-07,4.3448903156422004e-09,1.5361507028511792e-09,0.8945120731538765,0.9046263278151532,-45.03777206529829,standard-halo-model,scale_dependent_camb
5,0.2483836,0.28674463,1980,1999,1989.5167085427136,6.492208346379211e-07,5.78787616800004e-07,5.853350858139786e-07,2.882773174910658e-09,1.0192142303009997e-09,0.8915111560195098,0.9015962744640312,-69.10541056428967,standard-halo-model,scale_dependent_camb
5,0.2483836,0.28674463,2000,2019,2009.5165422885573,6.426601552980722e-07,5.750294004899185e-07,5.815363273982529e-07,3.930879434625061e-09,1.3897757521250611e-09,0.8947643567901205,0.9048893456426135,-48.66307007065109,standard-halo-model,scale_dependent_camb
5,0.2483836,0.28674463,2020,2039,2029.5163793103447,6.36171980445225e-07,5.692951992898899e-07,5.757368818271673e-07,4.41700274760543e-09,1.561646297675706e-09,0.8948762548320166,0.9050019484106134,-42.824537960274334,standard-halo-model,scale_dependent_camb
5,0.2483836,0.28674463,2040,2059,2049.516219512195,6.297551923593939e-07,5.63293146372197e-07,5.696642630475101e-07,3.5229850473268593e-09,1.2455633084918161e-09,0.8944636792303446,0.9045804940698438,-53.359026822709,standard-halo-model,scale_dependent_camb
5,0.2483836,0.28674463,2060,2079,2069.5160628019325,6.234087318372661e-07,5.571210673258399e-07,5.63421878122655e-07,3.5722068817882158e-09,1.2629658549568494e-09,0.8936690150038998,0.903776045071069,-52.48571388629579,standard-halo-model,scale_dependent_camb
5,0.2483836,0.28674463,2080,2099,2089.515909090909,6.171315954692036e-07,5.526703634706285e-07,5.589142359462459e-07,5.29166349726642e-09,1.8708855713372035e-09,0.8955470235654273,0.9056645941475495,-34.45493032077947,standard-halo-model,scale_dependent_camb
5,0.2483836,0.28674463,2100,2119,2109.5157582938386,6.10922830810205e-07,5.485840103176832e-07,5.547857513806118e-07,4.0307299228870666e-09,1.4250782308024872e-09,0.8979595828660585,0.9081110140291462,-43.74413919537429,standard-halo-model,scale_dependent_camb
5,0.2483836,0.28674463,2120,2139,2129.5156103286386,6.047815330479293e-07,5.417952822330461e-07,5.479191269217463e-07,4.590805814093837e-09,1.6230949611281904e-09,0.8958528867482937,0.9059786005045286,-38.80626354178463,standard-halo-model,scale_dependent_camb
5,0.2483836,0.28674463,2140,2159,2149.515465116279,5.987068304372797e-07,5.377400486882215e-07,5.438208623807227e-07,3.861631401330935e-09,1.3652928751620073e-09,0.8981692229825913,0.9083258027698303,-44.65472783033732,standard-halo-model,scale_dependent_camb
5,0.2483836,0.28674463,2160,2179,2169.5153225806453,5.926979013271235e-07,5.30397139433217e-07,5.363909588838536e-07,5.095103980481531e-09,1.8013912877245304e-09,0.8948861439286231,0.9049989171259224,-34.584802490414546,standard-halo-model,scale_dependent_camb
5,0.2483836,0.28674463,2180,2199,2189.5151826484016,5.867539574612552e-07,5.259309822901743e-07,5.31878275180459e-07,4.344842449432768e-09,1.5361337795905396e-09,0.8963398978436423,0.9064758207712306,-39.594842571129064,standard-halo-model,scale_dependent_camb
5,0.2483836,0.28674463,2200,2219,2209.515045248869,5.80874233608111e-07,5.208525501689666e-07,5.267415629815558e-07,3.3548491775878354e-09,1.186118301665235e-09,0.8966700880045605,0.906808277085542,-50.603454440318345,standard-halo-model,scale_dependent_camb
5,0.2483836,0.28674463,2220,2239,2229.5149103139015,5.750580097335312e-07,5.17500082189664e-07,5.233507272226726e-07,4.447706383795073e-09,1.5725016723540966e-09,0.899909354239691,0.9100833626596757,-36.60277668112157,standard-halo-model,scale_dependent_camb
5,0.2483836,0.28674463,2240,2259,2249.514777777778,5.693045782399033e-07,5.110430104221059e-07,5.168304122348133e-07,4.489487170676879e-09,1.5872734112178141e-09,0.8976618666972213,0.9078276058005323,-36.70543928099763,standard-halo-model,scale_dependent_camb
5,0.2483836,0.28674463,2260,2279,2269.5146475770925,5.636132724739134e-07,5.053119333164539e-07,5.110273792572323e-07,2.7168492255536104e-09,9.605512554251889e-10,0.8965579023688481,0.9066986251302039,-60.695708665387556,standard-halo-model,scale_dependent_camb
5,0.2483836,0.28674463,2280,2299,2289.514519650655,5.579834316738202e-07,5.022817315164097e-07,5.079582818043121e-07,4.0798575716283536e-09,1.4424474775868446e-09,0.9001732005011001,0.9103465317609085,-38.61610285498729,standard-halo-model,scale_dependent_camb
5,0.2483836,0.28674463,2300,2319,2309.514393939394,5.524144314807697e-07,4.961748451035332e-07,5.017829576216653e-07,4.2698155792035415e-09,1.509607775235395e-09,0.8981931260802076,0.9083451282701204,-37.25443608586807,standard-halo-model,scale_dependent_camb
5,0.2483836,0.28674463,2320,2339,2329.514270386266,5.469056550633826e-07,4.917243388931474e-07,4.972853991014618e-07,2.816230285769649e-09,9.956877662253237e-10,0.8991026776568254,0.9092709034866897,-55.420301466019716,standard-halo-model,scale_dependent_camb
5,0.2483836,0.28674463,2340,2359,2349.5141489361704,5.414565145259407e-07,4.861336246321408e-07,4.916301987431557e-07,3.949021274546368e-09,1.3961898611408396e-09,0.8978257931899913,0.9079772531199312,-39.62418825230192,standard-halo-model,scale_dependent_camb
5,0.2483836,0.28674463,2360,2379,2369.514029535865,5.360664270886652e-07,4.825468711000025e-07,4.880061824300626e-07,3.099428312245557e-09,1.0958133886952046e-09,0.900162455091017,0.9103464753060286,-48.84002745429942,standard-halo-model,scale_dependent_camb
5,0.2483836,0.28674463,2380,2399,2389.513912133891,5.307348295342964e-07,4.767827862668853e-07,4.821755587240878e-07,3.793066121261619e-09,1.341051387916523e-09,0.8983446341466748,0.908505588651836,-40.23115277575736,standard-halo-model,scale_dependent_camb
5,0.2483836,0.28674463,2400,2419,2409.5137966804978,5.254611764685622e-07,4.7307945404553917e-07,4.784281280692925e-07,3.2668426448256443e-09,1.1550032936128044e-09,0.9003128589345801,0.9104918678952418,-45.35201129961723,standard-halo-model,scale_dependent_camb
5,0.2483836,0.28674463,2420,2439,2429.513683127572,5.20244925427904e-07,4.6851317598718014e-07,4.738126143822394e-07,3.4777983124525304e-09,1.2295873851671578e-09,0.9005627024652393,0.910749132233296,-42.072446468447744,standard-halo-model,scale_dependent_camb
5,0.2483836,0.28674463,2440,2459,2449.5135714285716,5.150855517918251e-07,4.659029482182857e-07,4.711709779122921e-07,3.655857338068237e-09,1.2925407573993254e-09,0.904515660743253,0.9147431456254838,-38.0511046108116,standard-halo-model,scale_dependent_camb
5,0.2483836,0.28674463,2460,2479,2469.5134615384613,5.099825396748267e-07,4.6061623041381455e-07,4.658280325987322e-07,2.252714332853324e-09,7.964547904183574e-10,0.9032000011363351,0.9134195709832574,-61.9825630467754,standard-halo-model,scale_dependent_camb
5,0.2483836,0.28674463,2480,2499,2489.513353413655,5.049353801763415e-07,4.559619658727616e-07,4.6111731707521366e-07,3.0319213423192335e-09,1.0719460705890747e-09,0.9030105311961372,0.9132204539008041,-45.686453495432986,standard-halo-model,scale_dependent_camb
5,0.2483836,0.28674463,2500,2519,2509.513247011952,4.999435747418894e-07,4.5185866009252123e-07,4.5696997287445326e-07,2.576268016794971e-09,9.10848292414871e-10,0.9038193166614984,0.9140430959841367,-52.79135400461024,standard-halo-model,scale_dependent_camb
5,0.2483836,0.28674463,2520,2539,2529.51314229249,4.950066323652926e-07,4.4630750223123356e-07,4.5135303696837733e-07,3.4263931081919418e-09,1.2114129009066869e-09,0.9016192370971682,0.9118120999948524,-40.20027366194468,standard-halo-model,scale_dependent_camb
5,0.2483836,0.28674463,2540,2559,2549.513039215686,4.901240682724609e-07,4.424491075617008e-07,4.474519296146646e-07,3.6650119707564486e-09,1.2957774088258786e-09,0.9027287909389965,0.9129360473804058,-36.792554327644154,standard-halo-model,scale_dependent_camb
5,0.2483836,0.28674463,2560,2579,2569.512937743191,4.852954039130584e-07,4.375848117848723e-07,4.4253308188236485e-07,2.868096655735346e-09,1.0140252971844608e-09,0.9016875252815426,0.9118839336084985,-47.05069218752155,standard-halo-model,scale_dependent_camb
5,0.2483836,0.28674463,2580,2599,2589.5128378378377,4.805201661880756e-07,4.331288722376604e-07,4.3803059257217445e-07,2.9732863307441877e-09,1.0512154634392415e-09,0.9013750154829793,0.9115758783799498,-45.08237901615908,standard-halo-model,scale_dependent_camb
5,0.2483836,0.28674463,2600,2619,2609.5127394636015,4.7579788828628806e-07,4.2943464513220127e-07,4.3429390113240334e-07,1.988368526267846e-09,7.029944342109478e-10,0.9025568538753371,0.9127697113087822,-65.95108139956419,standard-halo-model,scale_dependent_camb
5,0.2483836,0.28674463,2620,2639,2629.5126425855515,4.711281064951052e-07,4.259513831379212e-07,4.307698238237215e-07,2.1103818999731577e-09,7.461326761821849e-10,0.9041094710029717,0.9143369242569208,-60.54784195800728,standard-halo-model,scale_dependent_camb
5,0.2483836,0.28674463,2640,2659,2649.512547169811,4.665103631653866e-07,4.221541168508338e-07,4.2692768513979775e-07,2.7499690064244205e-09,9.7226086624777e-10,0.9049190547159878,0.9151515568550059,-45.621754257924714,standard-halo-model,scale_dependent_camb
5,0.2483836,0.28674463,2660,2679,2669.5124531835204,4.6194420361664096e-07,4.180671346848324e-07,4.227982858111853e-07,1.623051503115218e-09,5.738353620338947e-10,0.9050165180377037,0.9152583418106007,-76.4628181440252,standard-halo-model,scale_dependent_camb
5,0.2483836,0.28674463,2680,2699,2689.5123605947956,4.5742917549691925e-07,4.142482700899603e-07,4.189312003101783e-07,3.2274272382285497e-09,1.1410678429687892e-09,0.9056008936027087,0.9158383914954278,-37.84253992699716,standard-halo-model,scale_dependent_camb
5,0.2483836,0.28674463,2700,2719,2709.512269372694,4.5296483035741037e-07,4.093747794428566e-07,4.1400487479522685e-07,2.405610871758711e-09,8.505118801583333e-10,0.9037672508036458,0.9139890054346111,-51.251548545611065,standard-halo-model,scale_dependent_camb
5,0.2483836,0.28674463,2720,2739,2729.5121794871793,4.4855072377821613e-07,4.0641887503914484e-07,4.110142409471364e-07,2.825416262422951e-09,9.989354994170092e-10,0.9060711609510117,0.9163160801193145,-42.176745909680804,standard-halo-model,scale_dependent_camb
5,0.2483836,0.28674463,2740,2759,2749.512090909091,4.441864135681395e-07,4.0247346169206905e-07,4.0702406136723104e-07,2.59975103882174e-09,9.191507944738118e-10,0.9060913377764276,0.9163361348619736,-45.38205496514849,standard-halo-model,scale_dependent_camb
5,0.2483836,0.28674463,2760,2779,2769.5120036101084,4.3987145870115426e-07,3.977188159845924e-07,4.022184024053999e-07,1.7160508015597178e-09,6.067155793217434e-10,0.9041705437287758,0.9143998648902211,-69.47677652135609,standard-halo-model,scale_dependent_camb
5,0.2483836,0.28674463,2780,2799,2789.511917562724,4.3560542126784747e-07,3.947146444899012e-07,3.9917977688008114e-07,1.7262905499688453e-09,6.103358770906125e-10,0.9061288616222176,0.9163792675450457,-66.99717043157781,standard-halo-model,scale_dependent_camb
5,0.2483836,0.28674463,2800,2819,2809.5118327402133,4.3138786611317e-07,3.9125712974116705e-07,3.9568432479471603e-07,1.288893690538929e-09,4.5569273440431605e-10,0.9069729597784397,0.9172356384518995,-88.06534171421903,standard-halo-model,scale_dependent_camb
5,0.2483836,0.28674463,2820,2839,2829.511749116608,4.2721835934816274e-07,3.879033243667461e-07,3.922890675844861e-07,2.4614752943673304e-09,8.702629361851462e-10,0.9079743786259505,0.9182401902929201,-45.17604202904081,standard-halo-model,scale_dependent_camb
5,0.2483836,0.28674463,2840,2859,2849.5116666666668,4.2309646820820723e-07,3.830647557045727e-07,3.87397181007529e-07,2.5498964919340607e-09,9.015245503851814e-10,0.905383959660153,0.9156237645947201,-44.40446184913187,standard-halo-model,scale_dependent_camb
5,0.2483836,0.28674463,2860,2879,2869.5115853658535,4.190217621551994e-07,3.7955196358030477e-07,3.8384602416408083e-07,1.8271209508579113e-09,6.459848071998208e-10,0.9058048957364758,0.9160527180970376,-61.10019637456511,standard-halo-model,scale_dependent_camb
5,0.2483836,0.28674463,2880,2899,2889.5115051903113,4.149938132895475e-07,3.7654085973325795e-07,3.807987659431998e-07,2.347069198297694e-09,8.298142730151865e-10,0.9073408992498393,0.9176010671694296,-46.339228917536154,standard-halo-model,scale_dependent_camb
5,0.2483836,0.28674463,2900,2919,2909.5114261168383,4.110121936607622e-07,3.727040687510552e-07,3.769189725437915e-07,2.2186345326410536e-09,7.844057615025678e-10,0.9067956486436375,0.9170505847690001,-48.83712842231791,standard-halo-model,scale_dependent_camb
5,0.2483836,0.28674463,2920,2939,2929.511348122867,4.070764779615948e-07,3.6875249936154667e-07,3.729245859571007e-07,1.4650520465594089e-09,5.179741184566937e-10,0.9058555807696073,0.9161044819501555,-73.98821144622936,standard-halo-model,scale_dependent_camb
5,0.2483836,0.28674463,2940,2959,2949.511271186441,4.0318624086795876e-07,3.6586441340534824e-07,3.700021270455403e-07,2.1868889789061894e-09,7.731820133433455e-10,0.9074327849525172,0.9176953217674755,-48.270428978586544,standard-halo-model,scale_dependent_camb
5,0.2483836,0.28674463,2960,2979,2969.5111952861953,3.993410604797845e-07,3.6211578508731763e-07,3.66209678250312e-07,2.450336649698359e-09,8.663248305958176e-10,0.9067832510192092,0.917034871922093,-42.96918901293072,standard-halo-model,scale_dependent_camb
5,0.2483836,0.28674463,2980,2999,2989.511120401338,3.9554051514161e-07,3.5882107974970243e-07,3.628783108378819e-07,2.2385256133165313e-09,7.914383205179472e-10,0.9071664368471548,0.9174238717567669,-46.39582698987457,standard-halo-model,scale_dependent_camb
5,0.2483836,0.28674463,3000,3019,3009.5110465116277,3.917841836345221e-07,3.5579025739631143e-07,3.598130346300438e-07,2.132608481863543e-09,7.539909595708298e-10,0.9081281793861598,0.918396019186158,-47.73787507836741,standard-halo-model,scale_dependent_camb
5,0.2483836,0.28674463,3020,3039,3029.5109735973597,3.880716471376542e-07,3.529700110262087e-07,3.5696114720958895e-07,2.143774180224067e-09,7.579386300845348e-10,0.909548568233859,0.9198331025790454,-46.31197661416271,standard-halo-model,scale_dependent_camb
5,0.2483836,0.28674463,3040,3059,3049.5109016393444,3.8440248815791156e-07,3.494141196418422e-07,3.5336733708392765e-07,1.2324106219307348e-09,4.357229539867765e-10,0.9089798594079437,0.9192639173000494,-80.29957613188128,standard-halo-model,scale_dependent_camb
5,0.2483836,0.28674463,3060,3079,3069.5108306188927,3.8077629121788196e-07,3.457144778933655e-07,3.496253393210042e-07,2.0034387079098516e-09,7.083225480273354e-10,0.9079201774554448,0.918190936212851,-49.49978427506354,standard-halo-model,scale_dependent_camb
5,0.2483836,0.28674463,3080,3099,3089.5107605177996,3.771926397671533e-07,3.429768521210827e-07,3.4685460991445614e-07,2.2014174223362965e-09,7.783185937781025e-10,0.9092882945245365,0.9195688710378196,-43.96115924711604,standard-halo-model,scale_dependent_camb
5,0.2483836,0.28674463,3100,3119,3109.510691318328,3.7365112174916057e-07,3.3941959823371024e-07,3.4325964711070123e-07,1.91511086200381e-09,6.770939386234542e-10,0.90838640238733,0.9186634995334987,-50.55653516119746,standard-halo-model,scale_dependent_camb
5,0.2483836,0.28674463,3120,3139,3129.5106230031947,3.701513245923497e-07,3.3629599598103906e-07,3.401010079337436e-07,1.3564422782988377e-09,4.795747666366191e-10,0.908536519088252,0.9188161309656241,-70.59447445232935,standard-halo-model,scale_dependent_camb
5,0.2483836,0.28674463,3140,3159,3149.5105555555556,3.6669283687697945e-07,3.33937980693747e-07,3.3771376038351323e-07,2.057413098760764e-09,7.27405376917882e-10,0.910674949469435,0.9209717955216336,-45.029714135492576,standard-halo-model,scale_dependent_camb
5,0.2483836,0.28674463,3160,3179,3169.5104889589907,3.6327524969177893e-07,3.2996753999152714e-07,3.33700623958216e-07,1.4572940746486756e-09,5.152312611835266e-10,0.9083127470739839,0.9185889328858612,-64.64613506513828,standard-halo-model,scale_dependent_camb
5,0.2483836,0.28674463,3180,3199,3189.510423197492,3.5989815445704915e-07,3.2770103708543604e-07,3.314045080299966e-07,2.69648090793368e-09,9.533499676699818e-10,0.910538253745184,0.9208285842142239,-33.77261075521291,standard-halo-model,scale_dependent_camb
5,0.2483836,0.28674463,3200,3219,3209.5103582554516,3.565611473987285e-07,3.2470097341107893e-07,3.2837325163772577e-07,1.9923912055075298e-09,7.044166660954072e-10,0.9106459741335149,0.920945128299463,-45.22915984406082,standard-halo-model,scale_dependent_camb
5,0.2483836,0.28674463,3220,3239,3229.510294117647,3.5326382200648094e-07,3.2098888764968137e-07,3.2461907731672086e-07,2.095834732924594e-09,7.409894759486384e-10,0.9086378724730905,0.9189140157996859,-43.55653542242306,standard-halo-model,scale_dependent_camb
5,0.2483836,0.28674463,3240,3259,3249.510230769231,3.5000577495179e-07,3.1801491114595627e-07,3.216131615506016e-07,1.4819800965531695e-09,5.239590879281203e-10,0.908599040086581,0.918879585900835,-61.05603384480736,standard-halo-model,scale_dependent_camb
5,0.2483836,0.28674463,3260,3279,3269.5101681957185,3.4678660432931515e-07,3.149702365980589e-07,3.185345871359807e-07,1.3462142869273052e-09,4.75958625608255e-10,0.9082537579766409,0.9185319823758077,-66.84691907956548,standard-halo-model,scale_dependent_camb
5,0.2483836,0.28674463,3280,3299,3289.510106382979,3.4360591388714985e-07,3.1266019282096366e-07,3.1619508740989365e-07,1.9080608126697654e-09,6.746013697775529e-10,0.90993833395909,0.9202259758362055,-45.87260336632642,standard-halo-model,scale_dependent_camb
5,0.2483836,0.28674463,3300,3319,3309.5100453172204,3.4046330209542316e-07,3.106782741444364e-07,3.141929121657619e-07,1.479286879156292e-09,5.230068917858495e-10,0.9125161867147761,0.9228392905550263,-56.94958980231289,standard-halo-model,scale_dependent_camb
5,0.2483836,0.28674463,3320,3339,3329.509984984985,3.3735837373126506e-07,3.062671312398593e-07,3.09730985721886e-07,2.1008388636174377e-09,7.427587033220653e-10,0.9078391262456921,0.9181067074049074,-41.85914261569327,standard-halo-model,scale_dependent_camb
5,0.2483836,0.28674463,3340,3359,3349.509925373134,3.3429073579478825e-07,3.043236950306539e-07,3.0776433218440256e-07,2.4034703857264856e-09,8.497551040641225e-10,0.9103563528528942,0.9206487025513339,-35.26550252044506,standard-halo-model,scale_dependent_camb
5,0.2483836,0.28674463,3360,3379,3369.5098664688426,3.312599951530609e-07,3.025343264055367e-07,3.05957298544965e-07,1.4577618336548093e-09,5.153966389661257e-10,0.9132836165917005,0.9236168055958444,-55.73507193439851,standard-halo-model,scale_dependent_camb
5,0.2483836,0.28674463,3380,3399,3389.509808259587,3.282657605573192e-07,2.980465672243134e-07,3.014173550644279e-07,1.5289060724298488e-09,5.405499258062183e-10,0.9079429018679848,0.9182113740790118,-55.904537010035654,standard-halo-model,scale_dependent_camb
5,0.2483836,0.28674463,3400,3419,3409.509750733138,3.2530764520123557e-07,2.9704160098994646e-07,3.0040000212578696e-07,2.4212870030542853e-09,8.56054229529269e-10,0.9131098065838456,0.9234335760537054,-33.018987858785735,standard-halo-model,scale_dependent_camb
5,0.2483836,0.28674463,3420,3439,3429.509693877551,3.223852620404891e-07,2.936961475129446e-07,2.970180478417223e-07,1.5873116300836575e-09,5.611994087442134e-10,0.9110098447244113,0.9213139768294344,-51.12107047963869,standard-halo-model,scale_dependent_camb
5,0.2483836,0.28674463,3440,3459,3449.5096376811593,3.194982254764278e-07,2.9094181504561294e-07,2.9423230918145867e-07,1.6828603834200632e-09,5.9498099445326e-10,0.9106210671804758,0.9209200105656511,-47.995500187457125,standard-halo-model,scale_dependent_camb
5,0.2483836,0.28674463,3460,3479,3469.509582132565,3.1664615703282835e-07,2.8925888367775125e-07,2.925325009021137e-07,1.0229433708076311e-09,3.616650971339505e-10,0.9135082717828856,0.9238466799765561,-75.72550841126268,standard-halo-model,scale_dependent_camb
5,0.2483836,0.28674463,3480,3499,3489.5095272206304,3.1382867309702466e-07,2.866329661195471e-07,2.898748939932512e-07,1.4819784885880376e-09,5.23958519426596e-10,0.9133421853742802,0.9236724328998205,-51.90431297355317,standard-halo-model,scale_dependent_camb
5,0.2483836,0.28674463,3500,3519,3509.509472934473,3.1104539653994147e-07,2.8382869212831156e-07,2.870389707797601e-07,1.4915170698237344e-09,5.273309171639259e-10,0.9124992534389269,0.9228201862903999,-51.6121917486005,standard-halo-model,scale_dependent_camb
5,0.2483836,0.28674463,3520,3539,3529.509419263456,3.0829595514648134e-07,2.811125398048228e-07,2.8429144206456355e-07,1.6188805200483257e-09,5.723606968284878e-10,0.9118268829419354,0.9221380862083887,-47.49350451958836,standard-halo-model,scale_dependent_camb
5,0.2483836,0.28674463,3540,3559,3549.509366197183,3.055799714796564e-07,2.793995459732269e-07,2.8255879618739506e-07,2.099027329448648e-09,7.421182292745141e-10,0.9143254534004287,0.9246639916196407,-35.277971182601426,standard-halo-model,scale_dependent_camb
5,0.2483836,0.28674463,3560,3579,3569.5093137254903,3.0289707809781625e-07,2.7703761289093346e-07,2.801721445239644e-07,1.2608541268483207e-09,4.4577925159074546e-10,0.9146262308990256,0.9249747349279046,-58.00957562426764,standard-halo-model,scale_dependent_camb
5,0.2483836,0.28674463,3580,3599,3589.50926183844,3.002469050072369e-07,2.738458949689985e-07,2.7694168221657955e-07,1.9377776689577347e-09,6.851078650759375e-10,0.9120690018849585,0.9223798067457328,-38.53555240576912,standard-halo-model,scale_dependent_camb
5,0.2483836,0.28674463,3600,3619,3609.5092105263157,2.97629085720787e-07,2.722103020527154e-07,2.7529018083050664e-07,1.1258538974506937e-09,3.9804946275634464e-10,0.9145957673911026,0.924943811065438,-63.858354416699704,standard-halo-model,scale_dependent_camb
5,0.2483836,0.28674463,3620,3639,3629.5091597796145,2.950432599038849e-07,2.699955239590298e-07,2.730478062430816e-07,1.748287682584141e-09,6.181130379100801e-10,0.9151048698654739,0.925450072413216,-40.52290504912294,standard-halo-model,scale_dependent_camb
5,0.2483836,0.28674463,3640,3659,3649.509109589041,2.9248906278470364e-07,2.675069804811235e-07,2.705332926309039e-07,1.5138008656825271e-09,5.352094287450904e-10,0.9145879778692134,0.9249347310810011,-46.677208886539646,standard-halo-model,scale_dependent_camb
5,0.2483836,0.28674463,3660,3679,3669.5090599455043,2.899661397549081e-07,2.6592045548550234e-07,2.6892938368430426e-07,1.1584737902707734e-09,4.0958233646367304e-10,0.917074164970675,0.9274509910419714,-58.707815568942166,standard-halo-model,scale_dependent_camb
5,0.2483836,0.28674463,3680,3699,3689.509010840108,2.874741308147968e-07,2.6275228913120343e-07,2.6572431987933166e-07,1.2375105626454202e-09,4.375260553182782e-10,0.9140032474799611,0.9243416759837869,-56.503701626659634,standard-halo-model,scale_dependent_camb
5,0.2483836,0.28674463,3700,3719,3709.508962264151,2.8501268773862177e-07,2.610056845609649e-07,2.639587677701804e-07,9.987169432789268e-10,3.5309976153921486e-10,0.9157686509743274,0.9261298851798857,-67.98929309101419,standard-halo-model,scale_dependent_camb
5,0.2483836,0.28674463,3720,3739,3729.508914209115,2.8258145493098176e-07,2.589957623076279e-07,2.6192517227927076e-07,1.2294830079053e-09,4.346878861217356e-10,0.9165348885718121,0.9269014923263237,-54.25891398489213,standard-halo-model,scale_dependent_camb
5,0.2483836,0.28674463,3740,3759,3749.5088666666666,2.8018008954120155e-07,2.5704568497128617e-07,2.5995329005111507e-07,1.187376456109535e-09,4.1980097196815154e-10,0.9174302335051778,0.9278078627099873,-55.10803003016984,standard-halo-model,scale_dependent_camb
5,0.2483836,0.28674463,3760,3779,3769.5088196286474,2.778082416773895e-07,2.543459741982661e-07,2.572221551986335e-07,1.6006989525333237e-09,5.659325419872584e-10,0.9155450992473815,0.9258982154220536,-41.45771048389655,standard-halo-model,scale_dependent_camb
5,0.2483836,0.28674463,3780,3799,3789.5087730870714,2.754655737165657e-07,2.529606315634579e-07,2.558211244988197e-07,1.553448857515216e-09,5.49227110687752e-10,0.9183021607764904,0.9286863728461447,-40.975657820180636,standard-halo-model,scale_dependent_camb
5,0.2483836,0.28674463,3800,3819,3809.5087270341205,2.7315174110523685e-07,2.5062197682674733e-07,2.5345529029953833e-07,1.6140579988458788e-09,5.706556781061547e-10,0.9175192360578456,0.9278919082631434,-39.480487346168985,standard-halo-model,scale_dependent_camb
5,0.2483836,0.28674463,3820,3839,3829.508681462141,2.708664119040409e-07,2.489809335182923e-07,2.517947351403948e-07,2.0524985062562917e-09,7.256678060745416e-10,0.9192019481784183,0.9295901007822166,-30.159086847378333,standard-halo-model,scale_dependent_camb
5,0.2483836,0.28674463,3840,3859,3849.5086363636365,2.6860924714780835e-07,2.4678322661569157e-07,2.495757079025964e-07,1.0967843388393278e-09,3.8777182174624635e-10,0.9187443441956169,0.9291404169911607,-56.285731216435565,standard-halo-model,scale_dependent_camb
5,0.2483836,0.28674463,3860,3879,3869.5085917312663,2.663799205585363e-07,2.4488944346329945e-07,2.4765797876301745e-07,1.8490161575297e-09,6.537259317563722e-10,0.9193239601161516,0.9297171432581581,-32.87383297997396,standard-halo-model,scale_dependent_camb
5,0.2483836,0.28674463,3880,3899,3889.5085475578408,2.6417809883731415e-07,2.425544319602392e-07,2.452998911930542e-07,7.112736920244827e-10,2.5147322545505186e-10,0.9181473900666111,0.9285398459321735,-85.98794896731438,standard-halo-model,scale_dependent_camb
5,0.2483836,0.28674463,3900,3919,3909.5085038363172,2.6200346053100585e-07,2.4049803131126753e-07,2.432177050176751e-07,1.3673142090641918e-09,4.834185746210053e-10,0.9179192932179102,0.9282995901074841,-44.486145855273215,standard-halo-model,scale_dependent_camb
5,0.2483836,0.28674463,3920,3939,3929.5084605597963,2.598556795874497e-07,2.387801986102828e-07,2.414815427200222e-07,1.0876534432216198e-09,3.8454356264145243e-10,0.9188954383809251,0.9292909937677771,-54.806484946460095,standard-halo-model,scale_dependent_camb
5,0.2483836,0.28674463,3940,3959,3949.508417721519,2.577344387512897e-07,2.3768352449355696e-07,2.403709223650152e-07,1.4493105088176682e-09,5.124086444149494e-10,0.9222032012684125,0.9326302046773419,-39.13071037399496,standard-halo-model,scale_dependent_camb
5,0.2483836,0.28674463,3960,3979,3969.5083753148615,2.556394200947021e-07,2.3570235345234006e-07,2.383687034174039e-07,1.194292254213771e-09,4.2224607583656276e-10,0.9220109847105102,0.9324411052454264,-47.2167008369759,standard-halo-model,scale_dependent_camb
5,0.2483836,0.28674463,3980,3999,3989.508333333333,2.5357030812553337e-07,2.3338828932101182e-07,2.3602887993003488e-07,9.899620590259037e-10,3.5000444252730686e-10,0.9204085882384535,0.9308222310207772,-57.66217896776262,standard-halo-model,scale_dependent_camb
5,0.2483836,0.28674463,4000,4019,4009.5082917705736,2.515267950135064e-07,2.3231223932323647e-07,2.3493893580783312e-07,1.3224112433404044e-09,4.675429788416668e-10,0.9236083150137616,0.9340513236182946,-41.09687570942423,standard-halo-model,scale_dependent_camb
5,0.2483836,0.28674463,4020,4039,4029.5082506203476,2.495085692014521e-07,2.304104352771219e-07,2.3301512440573368e-07,1.490653894897536e-09,5.270257387420933e-10,0.9234570019560713,0.9338962791999273,-36.237573462566885,standard-halo-model,scale_dependent_camb
5,0.2483836,0.28674463,4040,4059,4049.5082098765433,2.47515327783737e-07,2.2827863052545994e-07,2.3086039083426983e-07,1.2031799779294024e-09,4.253883606908805e-10,0.922280783858829,0.9327114926635203,-45.22149413546345,standard-halo-model,scale_dependent_camb
5,0.2483836,0.28674463,4060,4079,4069.5081695331696,2.4554676690405885e-07,2.2745999046361744e-07,2.300321413609995e-07,1.3218448005184765e-09,4.673427110613969e-10,0.9263408080322705,0.9368160056079203,-38.701312788989384,standard-halo-model,scale_dependent_camb
5,0.2483836,0.28674463,4080,4096,4088.005870123517,2.437475018416286e-07,2.2539588033324698e-07,2.279464623236027e-07,9.649044186231158e-10,3.4114522880263415e-10,0.9247105247449662,0.9351745581036051,-53.79416142735721,standard-halo-model,scale_dependent_camb
6,0.21083225,0.2483836,20,39,30.608333333333334,9.281090512972597e-05,8.977541130969579e-05,9.016289825307538e-05,3.523204703986641e-06,1.2456409688486484e-06,0.9672937806630876,0.9714687959033547,-2.4368930501988095,standard-halo-model,scale_dependent_camb
6,0.21083225,0.2483836,40,59,50.165,6.567776149324623e-05,6.455244598239446e-05,6.482828863466411e-05,1.849355389163785e-06,6.538458682507994e-07,0.9828661104570764,0.9870660503758267,-1.7210715330545183,standard-halo-model,scale_dependent_camb
6,0.21083225,0.2483836,60,79,69.975,4.4436239810791816e-05,4.409673452163606e-05,4.428734443790959e-05,1.0404532897241409e-06,3.6785578833589577e-07,0.9923597205658858,0.9966492355447666,-0.9229303980551969,standard-halo-model,scale_dependent_camb
6,0.21083225,0.2483836,80,99,89.86944444444444,3.33492108103489e-05,3.2933565244585334e-05,3.3073498658527814e-05,9.740403363903322e-07,3.4437526350541486e-07,0.9875365696619548,0.9917325734216316,-1.2069553472937884,standard-halo-model,scale_dependent_camb
6,0.21083225,0.2483836,100,119,109.80227272727272,2.445093346881487e-05,2.4711151874401657e-05,2.4817763140581032e-05,3.855364366373297e-07,1.3630771437037675e-07,1.010642473258482,1.0150026857761492,1.909051199257274,standard-halo-model,scale_dependent_camb
6,0.21083225,0.2483836,120,139,129.75576923076923,1.9375468771724007e-05,1.9630742544344433e-05,1.9715233456302355e-05,3.276986550652646e-07,1.1585897059117999e-07,1.0131751017551103,1.0175358175113776,2.203314696461309,standard-halo-model,scale_dependent_camb
6,0.21083225,0.2483836,140,159,149.72166666666666,1.5199784742669868e-05,1.5912489516011923e-05,1.598079885731969e-05,2.170809276013439e-07,7.674969798658812e-08,1.0468891359587023,1.05138323521499,9.286092219758297,standard-halo-model,scale_dependent_camb
6,0.21083225,0.2483836,160,179,169.6955882352941,1.247004135541173e-05,1.308323420232562e-05,1.3139392394762846e-05,2.4418571711327355e-07,8.633268821984785e-08,1.049173280940867,1.0536767297135412,7.102672922130996,standard-halo-model,scale_dependent_camb
6,0.21083225,0.2483836,180,199,189.675,1.0300847023993292e-05,1.1140359887204156e-05,1.118839173249241e-05,1.2797708582656768e-07,4.52467326122294e-08,1.081499401093466,1.0861623035884138,18.554110202953265,standard-halo-model,scale_dependent_camb
6,0.21083225,0.2483836,200,219,209.65833333333333,8.701547773473087e-06,9.590987346778483e-06,9.631803361128763e-06,2.1299977904800488e-07,7.530679407804028e-08,1.102216248931814,1.1069069103420413,11.810880866654228,standard-halo-model,scale_dependent_camb
6,0.21083225,0.2483836,220,239,229.64456521739132,7.4685467277412414e-06,8.330905781592803e-06,8.366952727438812e-06,9.12377516419208e-08,3.225741644310813e-08,1.1154654426474173,1.1202919433255365,26.733667755831917,standard-halo-model,scale_dependent_camb
6,0.21083225,0.2483836,240,259,249.633,6.4906646467420325e-06,7.3051188381809945e-06,7.3362404058782225e-06,1.562846041917114e-07,5.525495170950732e-08,1.12548086147815,1.1302756813295882,14.739931286535262,standard-halo-model,scale_dependent_camb
6,0.21083225,0.2483836,260,279,269.6231481481482,5.737064651777306e-06,6.4891464709124184e-06,6.517125327835293e-06,7.548593319417733e-08,2.6688307622898744e-08,1.1310917454803515,1.1359686047491775,28.180198975592628,standard-halo-model,scale_dependent_camb
6,0.21083225,0.2483836,280,299,289.6146551724138,5.120514890767683e-06,5.821541773265751e-06,5.846674992049335e-06,3.192728223439286e-08,1.1287998886397987e-08,1.1369055451361003,1.1418138833246874,62.103734200647764,standard-halo-model,scale_dependent_camb
6,0.21083225,0.2483836,300,319,309.60725806451615,4.63468307971072e-06,5.211173514236004e-06,5.233711261961549e-06,5.3137277017405846e-08,1.8786864456397877e-08,1.124386160738582,1.1292490062315583,30.68582497431923,standard-halo-model,scale_dependent_camb
6,0.21083225,0.2483836,320,339,329.6007575757576,4.232687666545173e-06,4.705920703810414e-06,4.726250314366656e-06,6.027492304897812e-08,2.131040341171488e-08,1.1118043840101024,1.1166073867728448,22.20666723770666,standard-halo-model,scale_dependent_camb
6,0.21083225,0.2483836,340,359,349.595,3.906042093796897e-06,4.331854777778312e-06,4.350524115918427e-06,5.5502195330499334e-08,1.9622989344468205e-08,1.1090138492510462,1.1137934542045522,21.699684818992857,standard-halo-model,scale_dependent_camb
6,0.21083225,0.2483836,360,379,369.58986486486486,3.6330662025051895e-06,3.982718277972177e-06,3.999869489517103e-06,3.484496196407646e-08,1.2319554447492892e-08,1.0962415920816098,1.1009624561091078,28.381876711307854,standard-halo-model,scale_dependent_camb
6,0.21083225,0.2483836,380,399,389.5852564102564,3.4046970013342598e-06,3.691550452098607e-06,3.7074589402790578e-06,3.0245914778158684e-08,1.0693545721413208e-08,1.0842522699235595,1.0889247820954844,26.824914601518923,standard-halo-model,scale_dependent_camb
6,0.21083225,0.2483836,400,419,409.5810975609756,3.2108624740443367e-06,3.414924381478084e-06,3.429635688834793e-06,4.492111341480238e-08,1.5882011957028374e-08,1.0635536118670057,1.0681353426249034,12.84861817166951,standard-halo-model,scale_dependent_camb
6,0.21083225,0.2483836,420,439,429.57732558139537,3.044509349858566e-06,3.180847746650883e-06,3.194532087856351e-06,3.100793341037516e-08,1.0962959992528591e-08,1.044781730362776,1.0492764911379742,12.436276050011445,standard-halo-model,scale_dependent_camb
6,0.21083225,0.2483836,440,459,449.5738888888889,2.900637488037248e-06,2.9777207597118023e-06,2.990517991248559e-06,3.5694501258812836e-08,1.2619911945589156e-08,1.026574596788623,1.0309864654173417,6.108067315120686,standard-halo-model,scale_dependent_camb
6,0.21083225,0.2483836,460,479,469.5707446808511,2.774497379095797e-06,2.791793192096452e-06,2.8038377551001972e-06,1.8329432938854796e-08,6.480433163184147e-09,1.0062338545103588,1.0105750238675526,2.6689285368937727,standard-halo-model,scale_dependent_camb
6,0.21083225,0.2483836,480,499,489.5678571428571,2.6628122982563843e-06,2.6455252546239683e-06,2.6569241661687062e-06,1.0774095466382495e-08,3.80921798271515e-09,0.9935079751420197,0.9977887543588658,-4.538213279171274,standard-halo-model,scale_dependent_camb
6,0.21083225,0.2483836,500,519,509.56519607843137,2.563058901546481e-06,2.492622597166505e-06,2.503314104918527e-06,4.1726212007556785e-08,1.4752443731885473e-08,0.972518655604256,0.9766900415000584,-4.774551637688159,standard-halo-model,scale_dependent_camb
6,0.21083225,0.2483836,520,539,529.5627358490566,2.4732514327857223e-06,2.3799765210048615e-06,2.3902057730477715e-06,2.761257132544908e-08,9.762518215111129e-09,0.9622865226946209,0.9664224758400672,-9.554390550225367,standard-halo-model,scale_dependent_camb
6,0.21083225,0.2483836,540,559,549.5604545454545,2.391820802512174e-06,2.2534074418732157e-06,2.2630971282342996e-06,3.115401158608441e-08,1.1014606426842277e-08,0.942130547366433,0.9461817230861637,-12.56634647440957,standard-halo-model,scale_dependent_camb
6,0.21083225,0.2483836,560,579,569.5583333333333,2.3175155503218197e-06,2.1693413639326925e-06,2.1786304870879796e-06,2.4040620251307543e-08,8.499642801815103e-09,0.9360633475065351,0.9400715722427174,-17.43298981428779,standard-halo-model,scale_dependent_camb
6,0.21083225,0.2483836,580,599,589.5563559322034,2.249324579923714e-06,2.0604693753062185e-06,2.0693019041840306e-06,2.4773181936153222e-08,8.758642469311013e-09,0.9160391495726683,0.9199658967200772,-21.56215478359989,standard-halo-model,scale_dependent_camb
6,0.21083225,0.2483836,600,619,609.5545081967213,2.186431677787945e-06,1.996406072171715e-06,2.0049584538165536e-06,2.144492922380388e-08,7.581927438108644e-09,0.9130887063397825,0.9170002768369183,-25.062968112978055,standard-halo-model,scale_dependent_camb
6,0.21083225,0.2483836,620,639,629.5527777777778,2.128173121189167e-06,1.9279641864349234e-06,1.936251660582209e-06,2.5684161168565977e-08,9.0807222656906e-09,0.9059245073810667,0.9098186803056146,-22.047688377243585,standard-halo-model,scale_dependent_camb
6,0.21083225,0.2483836,640,659,649.5511538461539,2.0740027739180767e-06,1.8627614660469989e-06,1.8707496577741368e-06,1.7870214728293833e-08,6.318075007818143e-09,0.898148010924781,0.9019995929128066,-33.43444128309377,standard-halo-model,scale_dependent_camb
6,0.21083225,0.2483836,660,679,669.5496268656716,2.023465106530352e-06,1.7967407122607288e-06,1.804458507465379e-06,1.7337222595428566e-08,6.129633832084087e-09,0.8879524072157642,0.8917665551245878,-36.98824440097695,standard-halo-model,scale_dependent_camb
6,0.21083225,0.2483836,680,699,689.5481884057971,1.9761752402010308e-06,1.7541597497145312e-06,1.7617047667183273e-06,1.5005017759740405e-08,5.305074904868509e-09,0.8876539458798631,0.8914719357272759,-41.84964293015998,standard-halo-model,scale_dependent_camb
6,0.21083225,0.2483836,700,719,709.5468309859154,1.9318042882340722e-06,1.700400000573305e-06,1.707685627599305e-06,2.507237954563623e-08,8.864424798601134e-09,0.880213389591188,0.8839848001167646,-26.104828335537846,standard-halo-model,scale_dependent_camb
6,0.21083225,0.2483836,720,739,729.5455479452055,1.8900683633385115e-06,1.6568576959793972e-06,1.6639936716397954e-06,1.9349351489917692e-08,6.841028825041413e-09,0.8766125755646299,0.8803880874978562,-34.089999227229164,standard-halo-model,scale_dependent_camb
6,0.21083225,0.2483836,740,759,749.5443333333334,1.8507190908488066e-06,1.6067788048819949e-06,1.613690649886633e-06,1.2960045124047687e-08,4.5820678958488845e-09,0.8681916195855893,0.8719263003584926,-53.23803389901946,standard-halo-model,scale_dependent_camb
6,0.21083225,0.2483836,760,779,769.5431818181818,1.8135372161838891e-06,1.5710577964806225e-06,1.5778007127877296e-06,1.4540793138888268e-08,5.140946716169358e-09,0.86629476498227,0.8700128669583055,-47.166297005300194,standard-halo-model,scale_dependent_camb
6,0.21083225,0.2483836,780,799,789.5420886075949,1.7783279172829161e-06,1.5461475732281176e-06,1.5528165708936e-06,1.643536010124725e-08,5.810777289417376e-09,0.869438959036563,0.8731891097262467,-39.9568478519469,standard-halo-model,scale_dependent_camb
6,0.21083225,0.2483836,800,819,809.5410493827161,1.7449171391763224e-06,1.512689646622831e-06,1.5191876901076668e-06,1.4522727740185412e-08,5.134559633205545e-09,0.8669120227318571,0.8706360067188005,-45.22831735201993,standard-halo-model,scale_dependent_camb
6,0.21083225,0.2483836,820,839,829.5400602409638,1.7131487677941738e-06,1.4779672132499292e-06,1.4843241927926225e-06,9.97467172432927e-09,3.52657900819147e-09,0.8627197129837936,0.866430412055701,-66.68829877282471,standard-halo-model,scale_dependent_camb
6,0.21083225,0.2483836,840,859,849.5391176470588,1.6828823140728612e-06,1.4516572069714072e-06,1.45789071121252e-06,1.6887774445356033e-08,5.9707299147300685e-09,0.8626017368131644,0.8663058010777811,-38.72643887827028,standard-halo-model,scale_dependent_camb
6,0.21083225,0.2483836,860,879,869.5382183908046,1.6539911402737592e-06,1.43082988947437e-06,1.4369670402439009e-06,1.3882731607702057e-08,4.908286830599473e-09,0.865077118392271,0.8687876284549277,-45.466220394486065,standard-halo-model,scale_dependent_camb
6,0.21083225,0.2483836,880,899,889.5373595505617,1.6263606930543196e-06,1.4021034543872011e-06,1.4080985312689395e-06,1.819885747853035e-08,6.434267766458162e-09,0.8621110067251063,0.8657971981753433,-34.85357569919167,standard-halo-model,scale_dependent_camb
6,0.21083225,0.2483836,900,919,909.5365384615385,1.599887347722731e-06,1.383152215352202e-06,1.3890786183640235e-06,1.697158144841233e-08,6.000360164816083e-09,0.8645310042116225,0.8682352669025284,-36.12035384832139,standard-halo-model,scale_dependent_camb
6,0.21083225,0.2483836,920,939,929.535752688172,1.5744773582477274e-06,1.3590903439379431e-06,1.3649245594050606e-06,1.6434504459390005e-08,5.8104747743376136e-09,0.8632009452651046,0.8669064386699831,-37.06874613087674,standard-halo-model,scale_dependent_camb
6,0.21083225,0.2483836,940,959,949.535,1.5500458496556918e-06,1.3354277779533439e-06,1.3411653920623558e-06,1.262215335137408e-08,4.462605113966559e-09,0.8615408236149785,0.8652424006427074,-48.09255271784197,standard-halo-model,scale_dependent_camb
6,0.21083225,0.2483836,960,979,969.5342783505155,1.5265159719439567e-06,1.311505610337748e-06,1.3171419303498853e-06,1.0573102655384339e-08,3.738156292901879e-09,0.859149615491804,0.8628418926220326,-57.51775601637546,standard-halo-model,scale_dependent_camb
6,0.21083225,0.2483836,980,999,989.5335858585859,1.5038180603361876e-06,1.2961761299481264e-06,1.301762224506031e-06,1.3051288811635787e-08,4.614327410965891e-09,0.8619235026731614,0.8656381106468519,-44.99939252134617,standard-halo-model,scale_dependent_camb
6,0.21083225,0.2483836,1000,1019,1009.5329207920792,1.4818889324129055e-06,1.2810600339391131e-06,1.2865675778095654e-06,9.773578590011399e-09,3.4554818487283578e-09,0.864477766125974,0.868194336072606,-58.11892733503979,standard-halo-model,scale_dependent_camb
6,0.21083225,0.2483836,1020,1039,1029.532281553398,1.4606712588166333e-06,1.2677992988541401e-06,1.2732315142688604e-06,1.761193168353482e-08,6.226758161610839e-09,0.8679566269286705,0.8716756125538968,-30.97469902582469,standard-halo-model,scale_dependent_camb
6,0.21083225,0.2483836,1040,1059,1049.5316666666668,1.4401130463625946e-06,1.2484839847669508e-06,1.253854800905317e-06,1.0854779703948454e-08,3.837744168474028e-09,0.8669347089940916,0.8706641496459431,-49.93273474814236,standard-halo-model,scale_dependent_camb
6,0.21083225,0.2483836,1060,1079,1069.5310747663552,1.4201670312819535e-06,1.2265009448590653e-06,1.2317731591781458e-06,1.0469346536420361e-08,3.7014729652473654e-09,0.8636314728077654,0.8673438631132363,-52.32135645490136,standard-halo-model,scale_dependent_camb
6,0.21083225,0.2483836,1080,1099,1089.530504587156,1.400790271244121e-06,1.2155509922142773e-06,1.220766074521741e-06,1.659941905795779e-08,5.868780889819582e-09,0.8677608755339782,0.8714838327921207,-31.563502285657552,standard-halo-model,scale_dependent_camb
6,0.21083225,0.2483836,1100,1119,1109.529954954955,1.3819437707308097e-06,1.202824562404289e-06,1.207986395399415e-06,1.2773677681157033e-08,4.516177054518696e-09,0.8703860373191613,0.8741212348752792,-39.66168867256912,standard-halo-model,scale_dependent_camb
6,0.21083225,0.2483836,1120,1139,1129.529424778761,1.3635920114270976e-06,1.185156042724611e-06,1.1902381724204356e-06,1.4737790963966529e-08,5.2105959651652784e-09,0.8691427001572556,0.8728697164885598,-34.244829170289876,standard-halo-model,scale_dependent_camb
6,0.21083225,0.2483836,1140,1159,1149.5289130434783,1.3457027056088012e-06,1.1769894113455883e-06,1.1820473655011626e-06,1.1798338743886495e-08,4.171342666269057e-09,0.8746281080063028,0.8783867050088152,-40.44580073161763,standard-halo-model,scale_dependent_camb
6,0.21083225,0.2483836,1160,1179,1169.5284188034188,1.3282464127800598e-06,1.157045335786152e-06,1.1620050466792297e-06,1.0396756383656164e-08,3.6758084706139e-09,0.8711074426050368,0.8748414718072667,-46.57508092779258,standard-halo-model,scale_dependent_camb
6,0.21083225,0.2483836,1180,1199,1189.5279411764707,1.3111963292959454e-06,1.1468913896967007e-06,1.1518241901480082e-06,5.7440711473680465e-09,2.030835829960969e-09,0.8746908178979808,0.87845287880457,-80.90508212197663,standard-halo-model,scale_dependent_camb
6,0.21083225,0.2483836,1200,1219,1209.527479338843,1.2945280142368734e-06,1.133288780465225e-06,1.1381469809115543e-06,1.2318593023974042e-08,4.3552803309646716e-09,0.8754455430872238,0.8791984170249835,-37.02155120194865,standard-halo-model,scale_dependent_camb
6,0.21083225,0.2483836,1220,1239,1229.5270325203253,1.2782191760380602e-06,1.1166391965572462e-06,1.1214318282575474e-06,1.1174090252494837e-08,3.9506374955648e-09,0.8735897704322949,0.8773392304546022,-40.89972306044592,standard-halo-model,scale_dependent_camb
6,0.21083225,0.2483836,1240,1259,1249.5266,1.262249440793849e-06,1.112369996422153e-06,1.1171479830860157e-06,8.266150058724234e-09,2.9225253804147417e-09,0.8812600429615287,0.8850453380937316,-51.28422335563305,standard-halo-model,scale_dependent_camb
6,0.21083225,0.2483836,1260,1279,1269.5261811023622,1.246600236779094e-06,1.097145179068744e-06,1.1018633991967131e-06,1.0259225401069225e-08,3.627183925408663e-09,0.8801098754027957,0.8838947456352607,-41.20415749072093,standard-halo-model,scale_dependent_camb
6,0.21083225,0.2483836,1280,1299,1289.5257751937984,1.2312545596270085e-06,1.0886659810964353e-06,1.0933474105682109e-06,8.185302271207705e-09,2.893941371016308e-09,0.8841924463014631,0.8879946084418362,-49.271412323221405,standard-halo-model,scale_dependent_camb
6,0.21083225,0.2483836,1300,1319,1309.5253816793893,1.2161969121698686e-06,1.0752050697042342e-06,1.0798091863611493e-06,1.3380273018002573e-08,4.730640892578505e-09,0.8840715339310599,0.8878572010470047,-29.803962225673136,standard-halo-model,scale_dependent_camb
6,0.21083225,0.2483836,1320,1339,1329.525,1.2014130575930557e-06,1.0616782090181585e-06,1.0662287045993942e-06,1.175163336058472e-08,4.1548298196437555e-09,0.8836912519871842,0.8874788715344133,-33.63190663411539,standard-halo-model,scale_dependent_camb
6,0.21083225,0.2483836,1340,1359,1349.5246296296295,1.1868899920400845e-06,1.0519331285676117e-06,1.0564568953735843e-06,9.741291052982465e-09,3.4440664805378722e-09,0.8862937050800282,0.890105150821682,-39.18532474187201,standard-halo-model,scale_dependent_camb
6,0.21083225,0.2483836,1360,1379,1369.5242700729927,1.1726158140552649e-06,1.041017990617757e-06,1.0454787934718867e-06,1.1945543504613099e-08,4.223387408535419e-09,0.8877741355180924,0.8915782824523751,-31.15930666733301,standard-halo-model,scale_dependent_camb
6,0.21083225,0.2483836,1380,1399,1389.5239208633093,1.1585796001072061e-06,1.0297990626403794e-06,1.0342143462632895e-06,1.1663084969045183e-08,4.1235232355833715e-09,0.8888461893728231,0.8926571347947014,-31.230704935898732,standard-halo-model,scale_dependent_camb
6,0.21083225,0.2483836,1400,1419,1409.5235815602837,1.144771318774628e-06,1.0175782890168618e-06,1.0219387563371385e-06,1.1958905625467408e-08,4.228111631668977e-09,0.8888921938628629,0.892701223010225,-30.082703778461678,standard-halo-model,scale_dependent_camb
6,0.21083225,0.2483836,1420,1439,1429.5232517482518,1.1311817848419415e-06,1.0046292985912517e-06,1.008945446955485e-06,1.1134436148129771e-08,3.9366176525155916e-09,0.8881236526732326,0.8919392625266359,-32.147517849446146,standard-halo-model,scale_dependent_camb
6,0.21083225,0.2483836,1440,1459,1449.5229310344828,1.1178025576398313e-06,9.95638617574674e-07,9.999117799862451e-07,9.91974644951504e-09,3.5071599910516314e-09,0.8907106275341696,0.8945334515046155,-34.83272516134233,standard-halo-model,scale_dependent_camb
6,0.21083225,0.2483836,1460,1479,1469.522619047619,1.104625888944249e-06,9.860496059611997e-07,9.902841874439007e-07,8.26191801230385e-09,2.9210291260536667e-09,0.8926548036128512,0.8964883019266996,-40.594009120082525,standard-halo-model,scale_dependent_camb
6,0.21083225,0.2483836,1480,1499,1489.5223154362416,1.0916446319036063e-06,9.73961003416766e-07,9.781458289228545e-07,6.918330455139185e-09,2.4459991896591655e-09,0.8921960269418227,0.8960295322637798,-48.11270133872725,standard-halo-model,scale_dependent_camb
6,0.21083225,0.2483836,1500,1519,1509.5220198675497,1.078852233777729e-06,9.662667702563991e-07,9.70407108871074e-07,1.1806675105342692e-08,4.1742900151271065e-09,0.8956432957207694,0.8994810211154484,-26.971164704257284,standard-halo-model,scale_dependent_camb
6,0.21083225,0.2483836,1520,1539,1529.5217320261438,1.0662426490890338e-06,9.533873860006424e-07,9.574789447926064e-07,9.363306620127908e-09,3.3104288027106677e-09,0.8941561161666046,0.8979934779486153,-34.09082925933417,standard-halo-model,scale_dependent_camb
6,0.21083225,0.2483836,1540,1559,1549.5214516129033,1.0538103005928662e-06,9.438157073063231e-07,9.478638840500187e-07,9.859220901348711e-09,3.4857609782799093e-09,0.8956220173358896,0.8994634836239096,-31.555403245354256,standard-halo-model,scale_dependent_camb
6,0.21083225,0.2483836,1560,1579,1569.521178343949,1.0415500299928145e-06,9.351579488127051e-07,9.391677080229541e-07,7.932296361821603e-09,2.804490273912717e-09,0.8978521644506665,0.9017019643592475,-37.93633451674455,standard-halo-model,scale_dependent_camb
6,0.21083225,0.2483836,1580,1599,1589.5209119496856,1.02945710109802e-06,9.250546072719426e-07,9.290154810788352e-07,1.0069808053017017e-08,3.5602147797676188e-09,0.8985849009980877,0.9024324375323134,-29.324774005036804,standard-halo-model,scale_dependent_camb
6,0.21083225,0.2483836,1600,1619,1609.520652173913,1.017527090835102e-06,9.122964820045942e-07,9.162141358172264e-07,1.0950030696544994e-08,3.87142047986391e-09,0.896582007714268,0.9004321792211681,-27.18139488537474,standard-halo-model,scale_dependent_camb
6,0.21083225,0.2483836,1620,1639,1629.520398773006,1.0057559541385846e-06,9.036996970228346e-07,9.075784165542995e-07,7.990876616382203e-09,2.825201521534435e-09,0.8985278121438917,0.9023843337140641,-36.123531839357355,standard-halo-model,scale_dependent_camb
6,0.21083225,0.2483836,1640,1659,1649.5201515151516,9.941398789062477e-07,8.960141386723797e-07,8.99865637095713e-07,9.524429612070368e-09,3.3673943828144576e-09,0.9012958414445401,0.905170043159062,-29.13996077639554,standard-halo-model,scale_dependent_camb
6,0.21083225,0.2483836,1660,1679,1669.5199101796406,9.826753780402971e-07,8.86044377919713e-07,8.898461223972379e-07,9.55798730913275e-09,3.3792588203913647e-09,0.9016653899344759,0.9055341593800953,-28.5953237844602,standard-halo-model,scale_dependent_camb
6,0.21083225,0.2483836,1680,1699,1689.519674556213,9.713591712419333e-07,8.765406521608235e-07,8.803100022261275e-07,7.332536353348029e-09,2.5924430893746346e-09,0.9023857272486763,0.9062662177787495,-36.57496647457073,standard-halo-model,scale_dependent_camb
6,0.21083225,0.2483836,1700,1719,1709.5194444444444,9.601882191377077e-07,8.665218541592239e-07,8.702261098973051e-07,1.1341565729921438e-08,4.009849018450202e-09,0.9024499956241908,0.9063078389764117,-23.359075253832284,standard-halo-model,scale_dependent_camb
6,0.21083225,0.2483836,1720,1739,1729.519219653179,9.491596850893004e-07,8.585702600425584e-07,8.622498061560477e-07,8.669264165458438e-09,3.0650477396465984e-09,0.9045582882734647,0.908434923755663,-29.55563264968494,standard-halo-model,scale_dependent_camb
6,0.21083225,0.2483836,1740,1759,1749.519,9.38270902212518e-07,8.461191307269565e-07,8.497419639164118e-07,8.933473269112404e-09,3.1584597640690677e-09,0.9017855384108574,0.9056467187809535,-29.176173948418995,standard-halo-model,scale_dependent_camb
6,0.21083225,0.2483836,1760,1779,1769.5187853107345,9.275193801832796e-07,8.360361042612104e-07,8.396309934224734e-07,5.879598326565001e-09,2.0787519236835945e-09,0.9013678011730688,0.9052436114667067,-44.0087510586443,standard-halo-model,scale_dependent_camb
6,0.21083225,0.2483836,1780,1799,1789.5185754189945,9.169027870094699e-07,8.297336930095708e-07,8.332959956589076e-07,8.78308382978235e-09,3.1052890678845058e-09,0.904930931354014,0.9088160789397853,-28.071168929623514,standard-halo-model,scale_dependent_camb
6,0.21083225,0.2483836,1800,1819,1809.5183701657459,9.064189208007768e-07,8.20538829571313e-07,8.240670596353166e-07,3.865425514340728e-09,1.3666342966809134e-09,0.9052534217251412,0.9091459155632956,-62.840579544972044,standard-halo-model,scale_dependent_camb
6,0.21083225,0.2483836,1820,1839,1829.518169398907,8.960657035239626e-07,8.117977329596278e-07,8.152764138661856e-07,9.563067375593324e-09,3.3810548951129395e-09,0.9059578218059974,0.9098399934959496,-24.923573611933307,standard-halo-model,scale_dependent_camb
6,0.21083225,0.2483836,1840,1859,1849.517972972973,8.858411730017656e-07,8.02952053902016e-07,8.063948520130792e-07,8.693626359538454e-09,3.073661075965879e-09,0.9064289156724663,0.9103153890223074,-26.967553367510494,standard-halo-model,scale_dependent_camb
6,0.21083225,0.2483836,1860,1879,1869.5177807486632,8.75743474196365e-07,7.92582684466597e-07,7.959935487949658e-07,5.600685921839281e-09,1.980141497314293e-09,0.905039783703691,0.9089346049942507,-41.997397581213605,standard-halo-model,scale_dependent_camb
6,0.21083225,0.2483836,1880,1899,1889.5175925925926,8.657708377922898e-07,7.838611213589585e-07,7.872176201729761e-07,8.820461476231098e-09,3.1185040615188573e-09,0.9053909962569304,0.9092678868467967,-26.265707793703303,standard-halo-model,scale_dependent_camb
6,0.21083225,0.2483836,1900,1919,1909.5174083769634,8.559215811770973e-07,7.774157906908335e-07,7.80751932618267e-07,6.1467069317812e-09,2.1731890767144217e-09,0.9082792253254094,0.9121769444632369,-36.124694039487046,standard-halo-model,scale_dependent_camb
6,0.21083225,0.2483836,1920,1939,1929.5172279792746,8.461941011140076e-07,7.675370879447793e-07,7.708315224050119e-07,6.1607556167980766e-09,2.1781560369355154e-09,0.9070461339003936,0.9109393712272615,-36.111743986850534,standard-halo-model,scale_dependent_camb
6,0.21083225,0.2483836,1940,1959,1949.5170512820512,8.365868634909325e-07,7.597426806240181e-07,7.629908443608977e-07,9.386142823138167e-09,3.3185026197132216e-09,0.9081456018251866,0.9120282395746315,-23.156282116647883,standard-halo-model,scale_dependent_camb
6,0.21083225,0.2483836,1960,1979,1969.5168781725888,8.270983899274079e-07,7.517655863531595e-07,7.549916640777134e-07,5.739704287506624e-09,2.0292919118507175e-09,0.9089191751650488,0.912819651533812,-37.12270429617231,standard-halo-model,scale_dependent_camb
6,0.21083225,0.2483836,1980,1999,1989.5167085427136,8.177272606853784e-07,7.421223648654997e-07,7.453055841786464e-07,6.718219033270497e-09,2.3752491179610497e-09,0.9075426496647422,0.9114354137514851,-31.83030160843891,standard-halo-model,scale_dependent_camb
6,0.21083225,0.2483836,2000,2019,2009.5165422885573,8.084721086482044e-07,7.371655242365099e-07,7.40321498327766e-07,8.761457322115435e-09,3.0976429427721766e-09,0.9118008108765536,0.9157044385434784,-23.019626770760087,standard-halo-model,scale_dependent_camb
6,0.21083225,0.2483836,2020,2039,2029.5163793103447,7.99331617333348e-07,7.25889690645747e-07,7.290073326657551e-07,5.458358666687605e-09,1.9298212136815837e-09,0.9081208285834974,0.9120211397339669,-38.056337119174565,standard-halo-model,scale_dependent_camb
6,0.21083225,0.2483836,2040,2059,2049.516219512195,7.903044992178885e-07,7.199839126706505e-07,7.23081302391081e-07,5.366002244865827e-09,1.8971682876034315e-09,0.9110208955955209,0.9149401314387887,-37.06607737791645,standard-halo-model,scale_dependent_camb
6,0.21083225,0.2483836,2060,2079,2069.5160628019325,7.813895084826845e-07,7.10195875766375e-07,7.132403112143507e-07,7.684299375621119e-09,2.7168100985846227e-09,0.908888419996124,0.912784601625037,-26.20486163291251,standard-halo-model,scale_dependent_camb
6,0.21083225,0.2483836,2080,2099,2089.515909090909,7.72585434824416e-07,7.037473381012957e-07,7.067691893716113e-07,5.1591737013704795e-09,1.8240433547791829e-09,0.9108990493216261,0.9148103983247333,-37.73928757929867,standard-halo-model,scale_dependent_camb
6,0.21083225,0.2483836,2100,2119,2109.5157582938386,7.638910996390048e-07,6.94550242806064e-07,6.975308069470727e-07,5.134092139387264e-09,1.8151756834986418e-09,0.9092267773957445,0.9131285955245554,-38.200631191406515,standard-halo-model,scale_dependent_camb
6,0.21083225,0.2483836,2120,2139,2129.5156103286386,7.553053403581757e-07,6.85421746103043e-07,6.883637382966735e-07,6.5995952592044775e-09,2.3333092804350385e-09,0.9074763668134624,0.911371469941206,-29.950420564093907,standard-halo-model,scale_dependent_camb
6,0.21083225,0.2483836,2140,2159,2149.515465116279,7.468270262607246e-07,6.812693847075958e-07,6.841974822135969e-07,3.7405568269095e-09,1.3224865488606712e-09,0.9122184398154842,0.9161391569334247,-49.571499694728075,standard-halo-model,scale_dependent_camb
6,0.21083225,0.2483836,2160,2179,2169.5153225806453,7.384550500046218e-07,6.736536826058172e-07,6.765448246888798e-07,5.075383948327874e-09,1.7944192034939967e-09,0.9122473772799048,0.9161624999174228,-36.11272509379461,standard-halo-model,scale_dependent_camb
6,0.21083225,0.2483836,2180,2199,2189.5151826484016,7.301883126185724e-07,6.658980867367369e-07,6.687513634046602e-07,7.751500695426509e-09,2.7405693530541613e-09,0.9119539100108568,0.915861500174401,-23.458711530211342,standard-halo-model,scale_dependent_camb
6,0.21083225,0.2483836,2200,2219,2209.515045248869,7.220257475935419e-07,6.586480432581474e-07,6.61469210885945e-07,7.576115619156156e-09,2.6785613646793183e-09,0.9122223763534366,0.9161296714010168,-23.661098517704538,standard-halo-model,scale_dependent_camb
6,0.21083225,0.2483836,2220,2239,2229.5149103139015,7.139662824725233e-07,6.506419383193596e-07,6.534290696477102e-07,6.3354913618732955e-09,2.239934452064701e-09,0.911306253939799,0.9152099835650952,-28.27062376525942,standard-halo-model,scale_dependent_camb
6,0.21083225,0.2483836,2240,2259,2249.514777777778,7.060088839419512e-07,6.452850230327833e-07,6.48058121283488e-07,3.848210568978883e-09,1.3605478943793553e-09,0.9139899478741395,0.917917799653031,-44.63191715633679,standard-halo-model,scale_dependent_camb
6,0.21083225,0.2483836,2260,2279,2269.5146475770925,6.981525066700228e-07,6.370320226660333e-07,6.397627940406578e-07,6.63243890183407e-09,2.3449212616461643e-09,0.9124539646852867,0.9163653899806701,-26.06504747246058,standard-halo-model,scale_dependent_camb
6,0.21083225,0.2483836,2280,2299,2289.514519650655,6.903961381139942e-07,6.297594111105583e-07,6.324647415021901e-07,4.0783157246009436e-09,1.4419023523425276e-09,0.912171109228563,0.9160896282385653,-42.053282529794714,standard-halo-model,scale_dependent_camb
6,0.21083225,0.2483836,2300,2319,2309.514393939394,6.827387485363798e-07,6.23728344364395e-07,6.264074899107029e-07,4.166336405590521e-09,1.4730223625487216e-09,0.9135681044931341,0.9174922197598467,-40.06076599535192,standard-halo-model,scale_dependent_camb
6,0.21083225,0.2483836,2320,2339,2329.514270386266,6.751793514832389e-07,6.163978496045813e-07,6.190441093618377e-07,4.260281603890909e-09,1.5062370059377812e-09,0.9129394260213586,0.9168587694542452,-39.025400150795235,standard-halo-model,scale_dependent_camb
6,0.21083225,0.2483836,2340,2359,2349.5141489361704,6.677169309759707e-07,6.099686855101041e-07,6.125965210953087e-07,3.2899527264213393e-09,1.1631739413178497e-09,0.91351388172611,0.9174494350471314,-49.64712792691966,standard-halo-model,scale_dependent_camb
6,0.21083225,0.2483836,2360,2379,2369.514029535865,6.603505117995093e-07,6.021892172464047e-07,6.047771251696236e-07,5.077910948437244e-09,1.7953126329506939e-09,0.9119236019146706,0.9158425932336394,-32.39619300038754,standard-halo-model,scale_dependent_camb
6,0.21083225,0.2483836,2380,2399,2389.513912133891,6.530791030935521e-07,5.949297636060849e-07,5.974833128061272e-07,5.0548821074065885e-09,1.7871707081228722e-09,0.9109612614888132,0.9148712766584097,-32.53709297224521,standard-halo-model,scale_dependent_camb
6,0.21083225,0.2483836,2400,2419,2409.5137966804978,6.459017199753573e-07,5.879391024732441e-07,5.904662431033504e-07,3.6280802999732037e-09,1.282720091400188e-09,0.9102609333439696,0.9141735109884489,-45.18726875077053,standard-halo-model,scale_dependent_camb
6,0.21083225,0.2483836,2420,2439,2429.513683127572,6.388174058859748e-07,5.84525856637463e-07,5.870407785762041e-07,2.247264698594855e-09,7.945280537487823e-10,0.915012413956982,0.9189492539922862,-68.33182162964633,standard-halo-model,scale_dependent_camb
6,0.21083225,0.2483836,2440,2459,2449.5135714285716,6.318251814588549e-07,5.768751930801232e-07,5.79353877361736e-07,3.771040530568701e-09,1.3332641656472221e-09,0.9130297588775194,0.9169528128398348,-41.214629324456986,standard-halo-model,scale_dependent_camb
6,0.21083225,0.2483836,2460,2479,2469.5134615384613,6.249240769361522e-07,5.718340955053853e-07,5.742928477627557e-07,2.937514902878143e-09,1.0385683538308388e-09,0.9150457097267657,0.9189801912871898,-51.118427819353876,standard-halo-model,scale_dependent_camb
6,0.21083225,0.2483836,2480,2499,2489.513353413655,6.181131477858569e-07,5.654185857309049e-07,5.678523090947631e-07,2.508697721407862e-09,8.869585853773696e-10,0.9147493266504536,0.9186866694696056,-59.41039742293304,standard-halo-model,scale_dependent_camb
6,0.21083225,0.2483836,2500,2519,2509.513247011952,6.113914377327796e-07,5.591797657194906e-07,5.615897598890356e-07,3.2374536608397786e-09,1.1446127186785103e-09,0.9146018920269716,0.918543710673438,-45.615142275868585,standard-halo-model,scale_dependent_camb
6,0.21083225,0.2483836,2520,2539,2529.51314229249,6.047579812872603e-07,5.529575702265563e-07,5.553314910558144e-07,3.418973084115883e-09,1.2087895262363126e-09,0.9143452212892768,0.9182706276546546,-42.85312698066615,standard-halo-model,scale_dependent_camb
6,0.21083225,0.2483836,2540,2559,2549.513039215686,5.982118383306751e-07,5.468099255252253e-07,5.49159201142411e-07,3.2694509576204163e-09,1.1559254714451239e-09,0.9140740628789826,0.9180012262459621,-44.46818940773727,standard-halo-model,scale_dependent_camb
6,0.21083225,0.2483836,2560,2579,2569.512937743191,5.917520691220195e-07,5.406658650357138e-07,5.429901296757323e-07,3.4086217057818575e-09,1.2051297613290041e-09,0.9136695809748462,0.9175973486351554,-42.39062524683518,standard-halo-model,scale_dependent_camb
6,0.21083225,0.2483836,2580,2599,2589.5128378378377,5.853777334251437e-07,5.334314196932461e-07,5.357287208573217e-07,2.818005592950984e-09,9.963154320986292e-10,0.91126018164724,0.9151846581568498,-52.138421285393925,standard-halo-model,scale_dependent_camb
6,0.21083225,0.2483836,2600,2619,2609.5127394636015,5.790878915841313e-07,5.290223661964778e-07,5.312932041191875e-07,4.187781755062831e-09,1.4806044385671145e-09,0.9135441681388018,0.917465572740265,-33.81424780551475,standard-halo-model,scale_dependent_camb
6,0.21083225,0.2483836,2620,2639,2629.5126425855515,5.72881604034902e-07,5.232372565586612e-07,5.254834579880916e-07,4.1349410933841116e-09,1.4619224434694111e-09,0.9133427445975096,0.9172636270514234,-33.95826344824809,standard-halo-model,scale_dependent_camb
6,0.21083225,0.2483836,2640,2659,2649.512547169811,5.66757944101352e-07,5.191296141646599e-07,5.213568983931652e-07,3.755538972636997e-09,1.3277835372809901e-09,0.91596354240396,0.9198934109689907,-35.87055314319113,standard-halo-model,scale_dependent_camb
6,0.21083225,0.2483836,2660,2679,2669.5124531835204,5.607159912947153e-07,5.135782468800066e-07,5.157867040752466e-07,2.6123461460852143e-09,9.236038373516991e-10,0.9159329408354026,0.9198715786298065,-51.03675678727089,standard-halo-model,scale_dependent_camb
6,0.21083225,0.2483836,2680,2699,2689.5123605947956,5.547548190717901e-07,5.06694696047797e-07,5.088744307236768e-07,2.5839281486648916e-09,9.135565580098731e-10,0.9133669120632303,0.9172960977159604,-52.60771498229861,standard-halo-model,scale_dependent_camb
6,0.21083225,0.2483836,2700,2719,2709.512269372694,5.488735079621176e-07,5.01545173360536e-07,5.03699156947558e-07,3.2518450540911135e-09,1.1497008445578809e-09,0.913771872908743,0.9176962444730026,-41.16578223423134,standard-halo-model,scale_dependent_camb
6,0.21083225,0.2483836,2720,2739,2729.5121794871793,5.43071143868079e-07,4.965329057132242e-07,4.986620205437146e-07,4.207384361071245e-09,1.4875350063858534e-09,0.9143054484107154,0.9182259565329582,-31.285474261157173,standard-halo-model,scale_dependent_camb
6,0.21083225,0.2483836,2740,2759,2749.512090909091,5.373468163803014e-07,4.919404606482168e-07,4.940574624330724e-07,3.0788495982507536e-09,1.0885377145882927e-09,0.9154989769215478,0.9194387076881992,-41.71316723670733,standard-halo-model,scale_dependent_camb
6,0.21083225,0.2483836,2760,2779,2769.5120036101084,5.316996158159946e-07,4.864720110641459e-07,4.885616432145436e-07,3.7664265212336195e-09,1.331632867002575e-09,0.9149376764501922,0.918867775491529,-33.96401956768554,standard-halo-model,scale_dependent_camb
6,0.21083225,0.2483836,2780,2799,2789.511917562724,5.261286405251806e-07,4.791833998033884e-07,4.812414142523589e-07,3.0191087369745415e-09,1.0674161305271253e-09,0.910772314780409,0.9146839331384519,-43.98026166103472,standard-halo-model,scale_dependent_camb
6,0.21083225,0.2483836,2800,2819,2809.5118327402133,5.206329920367012e-07,4.7679365307334526e-07,4.788432890379574e-07,2.6500800345200697e-09,9.369447815481106e-10,0.9157960797070165,0.9197328950759275,-46.789671949418754,standard-halo-model,scale_dependent_camb
6,0.21083225,0.2483836,2820,2839,2829.511749116608,5.152117760727039e-07,4.711850351780602e-07,4.732125254208619e-07,1.9797715662384977e-09,6.999549498437769e-10,0.9145463226204851,0.9184815786393918,-62.89939217441071,standard-halo-model,scale_dependent_camb
6,0.21083225,0.2483836,2840,2859,2849.5116666666668,5.098641023768115e-07,4.652780173088972e-07,4.6727750378980177e-07,2.4590905299554225e-09,8.6941979464155e-10,0.9125530021429843,0.9164746088448165,-51.28257412898741,standard-halo-model,scale_dependent_camb
6,0.21083225,0.2483836,2860,2879,2869.5115853658535,5.04589086191974e-07,4.613002825276816e-07,4.632813490347291e-07,3.322854290466625e-09,1.174806400841882e-09,0.9142097900075807,0.918135888611889,-36.84760623816064,standard-halo-model,scale_dependent_camb
6,0.21083225,0.2483836,2880,2899,2889.5115051903113,4.993858487883295e-07,4.5697902110069745e-07,4.58942768682053e-07,2.8969533504925834e-09,1.0242276794571974e-09,0.9150820396882999,0.9190143649356416,-41.40371182909847,standard-halo-model,scale_dependent_camb
6,0.21083225,0.2483836,2900,2919,2909.5114261168383,4.94253513593874e-07,4.534796113956324e-07,4.5542566495534055e-07,3.331744283822218e-09,1.1779494881351038e-09,0.9175040721475876,0.9214414312278656,-34.61430444084124,standard-halo-model,scale_dependent_camb
6,0.21083225,0.2483836,2920,2939,2929.511348122867,4.891912118357192e-07,4.4775939488057726e-07,4.496844525660513e-07,1.9533137148995636e-09,6.906006867950839e-10,0.9153054757470671,0.9192406602698023,-59.99388321986377,standard-halo-model,scale_dependent_camb
6,0.21083225,0.2483836,2940,2959,2949.511271186441,4.841980769250382e-07,4.433777476909427e-07,4.452871660477434e-07,2.16771448729224e-09,7.664028068203314e-10,0.9156949786060072,0.9196384439929967,-53.26223869593036,standard-halo-model,scale_dependent_camb
6,0.21083225,0.2483836,2960,2979,2969.5111952861953,4.792732507970438e-07,4.3908913599705766e-07,4.409760642114793e-07,2.706848062816352e-09,9.57015310429556e-10,0.9161561494759849,0.9200932108731809,-41.9889988823162,standard-halo-model,scale_dependent_camb
6,0.21083225,0.2483836,2980,2999,2989.511120401338,4.744158808008681e-07,4.349375177494326e-07,4.3680817872013377e-07,2.5009447641497194e-09,8.842175010516286e-10,0.9167853255991526,0.9207284081273834,-44.647796503103095,standard-halo-model,scale_dependent_camb
6,0.21083225,0.2483836,3000,3019,3009.5110465116277,4.696251158719648e-07,4.2932920048041094e-07,4.311739763520468e-07,3.0699580553846007e-09,1.0853940794603588e-09,0.9141955699776929,0.9181237582480554,-37.12560825058892,standard-halo-model,scale_dependent_camb
6,0.21083225,0.2483836,3020,3039,3029.5109735973597,4.649001129109291e-07,4.24964467162426e-07,4.2679088505066163e-07,2.2386582826117293e-09,7.914852261970921e-10,0.9140984382678469,0.9180270625841537,-50.45659025170296,standard-halo-model,scale_dependent_camb
6,0.21083225,0.2483836,3040,3059,3049.5109016393444,4.6024004390332246e-07,4.2102269392562063e-07,4.228295133684133e-07,2.9630226596894766e-09,1.0475867077379143e-09,0.9147893572121687,0.9187151769376078,-37.43589880248199,standard-halo-model,scale_dependent_camb
6,0.21083225,0.2483836,3060,3079,3069.5108306188927,4.556440815379505e-07,4.1767553656723946e-07,4.1947190321965005e-07,1.9909077918348727e-09,7.038922001617868e-10,0.9166706064905867,0.9206130842384536,-53.94085196850333,standard-halo-model,scale_dependent_camb
6,0.21083225,0.2483836,3080,3099,3089.5107605177996,4.5111139109824416e-07,4.1143683588621726e-07,4.1320932044680956e-07,1.0185886781934001e-09,3.601254807951976e-10,0.912051533180224,0.9159806837083833,-110.16869765621973,standard-halo-model,scale_dependent_camb
6,0.21083225,0.2483836,3100,3119,3109.510691318328,4.466411544196362e-07,4.089028014911317e-07,4.1065971065668374e-07,2.252965791146759e-09,7.965436943505941e-10,0.9155063241372337,0.919439927541593,-47.377630626116286,standard-halo-model,scale_dependent_camb
6,0.21083225,0.2483836,3120,3139,3129.5106230031947,4.422325635639508e-07,4.0561319126195926e-07,4.0735701765938216e-07,2.117025121562735e-09,7.484814096996425e-10,0.9171943105978534,0.9211375444098763,-48.924892225027364,standard-halo-model,scale_dependent_camb
6,0.21083225,0.2483836,3140,3159,3149.5105555555556,4.3788480877619995e-07,4.010104574529602e-07,4.027339321652372e-07,2.0901944427017697e-09,7.389953322164289e-10,0.9157898365410388,0.919725745432452,-49.89794889860058,standard-halo-model,scale_dependent_camb
6,0.21083225,0.2483836,3160,3179,3169.5104889589907,4.335971136166774e-07,3.9762804832489797e-07,3.9933789550173813e-07,1.8236299997066057e-09,6.447505695838812e-10,0.9170449614118558,0.9209883621475714,-55.787566523583955,standard-halo-model,scale_dependent_camb
6,0.21083225,0.2483836,3180,3199,3189.510423197492,4.293686752689202e-07,3.9233408838943983e-07,3.9401705344465586e-07,3.1857145554593664e-09,1.1263201825450028e-09,0.9137464165119055,0.9176660435181418,-32.88104701790747,standard-halo-model,scale_dependent_camb
6,0.21083225,0.2483836,3200,3219,3209.5103582554516,4.251986960872604e-07,3.899305961379882e-07,3.916054718301338e-07,2.598098211821296e-09,9.185664318837407e-10,0.9170550138704227,0.9209940562700304,-38.3947189066625,standard-halo-model,scale_dependent_camb
6,0.21083225,0.2483836,3220,3239,3229.510294117647,4.210864011793276e-07,3.8665917965127393e-07,3.883191006516577e-07,2.5882623023829967e-09,9.150889127522616e-10,0.9182419060989999,0.9221839023157735,-37.62172292581806,standard-halo-model,scale_dependent_camb
6,0.21083225,0.2483836,3240,3259,3249.510230769231,4.1703104166984444e-07,3.81835409345886e-07,3.834764758350971e-07,2.282605868144517e-09,8.070230440705971e-10,0.9156042864746213,0.9195394047877331,-43.61168194954241,standard-halo-model,scale_dependent_camb
6,0.21083225,0.2483836,3260,3279,3269.5101681957185,4.130318509938874e-07,3.78079988014047e-07,3.797062007915448e-07,2.0153518116745615e-09,7.125344662558381e-10,0.9153773180065048,0.9193145755656607,-49.05287341888501,standard-halo-model,scale_dependent_camb
6,0.21083225,0.2483836,3280,3299,3289.510106382979,4.0908804893149614e-07,3.751744495649602e-07,3.7679076939385837e-07,1.107969248178277e-09,3.9172628436651024e-10,0.9170995108385214,0.9210505424883577,-86.57473526796942,standard-halo-model,scale_dependent_camb
6,0.21083225,0.2483836,3300,3319,3309.5100453172204,4.051988895672959e-07,3.711042292749451e-07,3.7269902893311994e-07,2.1587002844562863e-09,7.632158048441845e-10,0.9158569750061264,0.9197928191045095,-44.67237192410009,standard-halo-model,scale_dependent_camb
6,0.21083225,0.2483836,3320,3339,3329.509984984985,4.013636758976868e-07,3.6754154605923335e-07,3.691199628980113e-07,2.223506894438702e-09,7.861284015363234e-10,0.9157319611377209,0.9196645961357627,-43.023671161549686,standard-halo-model,scale_dependent_camb
6,0.21083225,0.2483836,3340,3359,3349.509925373134,3.9758162695246903e-07,3.638361060131148e-07,3.6540108182678704e-07,1.8877710094231616e-09,6.674278410452457e-10,0.9151230372539612,0.9190592750164253,-50.560553312409084,standard-halo-model,scale_dependent_camb
6,0.21083225,0.2483836,3360,3379,3369.5098664688426,3.938520124201893e-07,3.6100215656535987e-07,3.6255226347161474e-07,2.4228814106886205e-09,8.566179377543759e-10,0.9165934035655431,0.920529163336655,-38.348316567996875,standard-halo-model,scale_dependent_camb
6,0.21083225,0.2483836,3380,3399,3389.509808259587,3.901741599953689e-07,3.578381694717674e-07,3.5937811137963335e-07,1.5464400115789099e-09,5.467491094428251e-10,0.9171242131360382,0.9210710196285139,-59.142282932210186,standard-halo-model,scale_dependent_camb
6,0.21083225,0.2483836,3400,3419,3409.509750733138,3.8654732421094817e-07,3.5476121084056916e-07,3.562874063069843e-07,2.2912949109643057e-09,8.100950846205436e-10,0.9177691543066211,0.921717430160116,-39.23750924284145,standard-halo-model,scale_dependent_camb
6,0.21083225,0.2483836,3420,3439,3429.509693877551,3.8297078052203267e-07,3.505613975188915e-07,3.520688499096297e-07,1.7476178801104887e-09,6.178762269744926e-10,0.9153737448090334,0.919309952131909,-52.45287257908873,standard-halo-model,scale_dependent_camb
6,0.21083225,0.2483836,3440,3459,3449.5096376811593,3.794438947032341e-07,3.4744742501565336e-07,3.48937447927243e-07,2.7701108189266016e-09,9.793820723506102e-10,0.9156753603517448,0.9196022199807684,-32.67005859193046,standard-halo-model,scale_dependent_camb
6,0.21083225,0.2483836,3460,3479,3469.509582132565,3.7596592489218847e-07,3.447232014077963e-07,3.4620518836819865e-07,1.9447830570244233e-09,6.875846437793368e-10,0.9169001193569568,0.9208419312667127,-45.43836714075709,standard-halo-model,scale_dependent_camb
6,0.21083225,0.2483836,3480,3499,3489.5095272206304,3.725361864611867e-07,3.4212287612419223e-07,3.435924653711862e-07,2.012493760081145e-09,7.115239924244952e-10,0.9183614600613755,0.9223062828743054,-42.74389993984893,standard-halo-model,scale_dependent_camb
6,0.21083225,0.2483836,3500,3519,3509.509472934473,3.6915406746211066e-07,3.394256777660065e-07,3.4088600483746236e-07,1.3826255868461065e-09,4.888319641504559e-10,0.9194688821919715,0.9234247564465758,-60.81515096454319,standard-halo-model,scale_dependent_camb
6,0.21083225,0.2483836,3520,3539,3529.509419263456,3.6581881975528364e-07,3.359101328804834e-07,3.3735242000940236e-07,2.159141838691107e-09,7.633719178410362e-10,0.9182418037026968,0.9221844306290091,-39.17970543033312,standard-halo-model,scale_dependent_camb
6,0.21083225,0.2483836,3540,3559,3549.509366197183,3.6252984686181614e-07,3.3241662724418965e-07,3.338464264086616e-07,1.9713454194177857e-09,6.969758570656775e-10,0.9169358885115337,0.9208798373390544,-43.205541931402735,standard-halo-model,scale_dependent_camb
6,0.21083225,0.2483836,3560,3579,3569.5093137254903,3.592864758957665e-07,3.299653798767272e-07,3.313832401773172e-07,2.2991194660456136e-09,8.128614825994238e-10,0.9183907606153656,0.9223370831065058,-36.071454542629205,standard-halo-model,scale_dependent_camb
6,0.21083225,0.2483836,3580,3599,3589.50926183844,3.560880371034126e-07,3.2794271740782065e-07,3.2935296672790494e-07,1.7646249960996151e-09,6.238891504966614e-10,0.9209596595141494,0.924920054621932,-45.11269297308056,standard-halo-model,scale_dependent_camb
6,0.21083225,0.2483836,3600,3619,3609.5092105263157,3.529339640258264e-07,3.241928488654269e-07,3.2558701131991286e-07,1.777563590773174e-09,6.284636345130102e-10,0.9185651762370585,0.9225153839149569,-45.732344056264594,standard-halo-model,scale_dependent_camb
6,0.21083225,0.2483836,3620,3639,3629.5091597796145,3.4982353817478225e-07,3.2133016117039516e-07,3.2271168069274205e-07,1.510190730787729e-09,5.339330533125354e-10,0.918549285868377,0.9224984755928736,-53.36507419350307,standard-halo-model,scale_dependent_camb
6,0.21083225,0.2483836,3640,3659,3649.509109589041,3.4675623407848873e-07,3.1951939292151463e-07,3.208943887139268e-07,1.317832991086397e-09,4.659243222342712e-10,0.9214524830985187,0.9254177926078524,-58.45765043207846,standard-halo-model,scale_dependent_camb
6,0.21083225,0.2483836,3660,3679,3669.5090599455043,3.4373134857088654e-07,3.159523455863453e-07,3.173086655151263e-07,2.2979016348656796e-09,8.124309142565879e-10,0.9191839699811015,0.9231298420536376,-34.19244947117786,standard-halo-model,scale_dependent_camb
6,0.21083225,0.2483836,3680,3699,3689.509010840108,3.4074835291075474e-07,3.138123959892907e-07,3.151626808009225e-07,1.1198247683003303e-09,3.959178437029089e-10,0.9209505880472477,0.9249132919021522,-68.03420797996772,standard-halo-model,scale_dependent_camb
6,0.21083225,0.2483836,3700,3719,3709.508962264151,3.3780659065104424e-07,3.1114633907422125e-07,3.1248347686083547e-07,1.631587666607309e-09,5.768533515791819e-10,0.9210783557376974,0.9250366496953055,-46.21668835560794,standard-halo-model,scale_dependent_camb
6,0.21083225,0.2483836,3720,3739,3729.508914209115,3.3490551374568075e-07,3.084466696454744e-07,3.0977071076367816e-07,2.1549880405990626e-09,7.61903328441754e-10,0.9209960928851755,0.9249495695042831,-34.727298218161124,standard-halo-model,scale_dependent_camb
6,0.21083225,0.2483836,3740,3759,3749.5088666666666,3.3204451136127343e-07,3.0595806078543637e-07,3.0727256228790576e-07,2.1759953948527244e-09,7.693305497655302e-10,0.9214368866725392,0.9253956977881946,-33.90798738434014,standard-halo-model,scale_dependent_camb
6,0.21083225,0.2483836,3760,3779,3769.5088196286474,3.2922302861973505e-07,3.0321888504449196e-07,3.045240215342016e-07,1.8514354323482227e-09,6.545812745712379e-10,0.9210135946921294,0.9249778875156947,-39.72637865676231,standard-halo-model,scale_dependent_camb
6,0.21083225,0.2483836,3780,3799,3789.5087730870714,3.264404799554851e-07,3.0085082495226797e-07,3.0214418285699687e-07,1.3770999210773798e-09,4.868783462826373e-10,0.9216100435622855,0.9255720457775293,-52.55862208413369,standard-halo-model,scale_dependent_camb
6,0.21083225,0.2483836,3800,3819,3809.5087270341205,3.236963245928145e-07,2.9833773884158733e-07,2.996219979728661e-07,8.95725204229837e-10,3.1668668299531144e-10,0.9216593336883687,0.9256268150395836,-80.07468300017723,standard-halo-model,scale_dependent_camb
6,0.21083225,0.2483836,3820,3839,3829.508681462141,3.2098998326555474e-07,2.9604977713047695e-07,2.973229103026493e-07,1.3537763286259273e-09,4.786322110906106e-10,0.9223022292429456,0.9262684999633597,-52.10724551581908,standard-halo-model,scale_dependent_camb
6,0.21083225,0.2483836,3840,3859,3849.5086363636365,3.1832094832090654e-07,2.936896367611243e-07,2.9495356229516227e-07,1.0517545748278877e-09,3.7185139600238674e-10,0.9226211416819767,0.9265917428651693,-66.23966408243398,standard-halo-model,scale_dependent_camb
6,0.21083225,0.2483836,3860,3879,3869.5085917312663,3.156886283215289e-07,2.9104188059482776e-07,2.9229269006852184e-07,1.36426213548444e-09,4.82339503658544e-10,0.9219270334261188,0.9258891953840723,-51.098339530052165,standard-halo-model,scale_dependent_camb
6,0.21083225,0.2483836,3880,3899,3889.5085475578408,3.130925625794923e-07,2.893027746551683e-07,2.905488789705e-07,6.478405220666278e-10,2.2904621314037284e-10,0.9240167580848112,0.9279967450415927,-103.86457648939253,standard-halo-model,scale_dependent_camb
6,0.21083225,0.2483836,3900,3919,3909.5085038363172,3.1053213995116643e-07,2.859496037951396e-07,2.871771191344186e-07,1.9921230012993883e-09,7.043218415882474e-10,0.9208373852706756,0.9247903266295702,-34.902419184662996,standard-halo-model,scale_dependent_camb
6,0.21083225,0.2483836,3920,3939,3929.5084605597963,3.0800694226380295e-07,2.848413875760047e-07,2.860654666592798e-07,1.6251752543468698e-09,5.745862214826219e-10,0.9247888553500286,0.9287630485103462,-40.316933858983745,standard-halo-model,scale_dependent_camb
6,0.21083225,0.2483836,3940,3959,3949.508417721519,3.055163570609461e-07,2.823642392157939e-07,2.8357811790037607e-07,1.4535657046084817e-09,5.139130833144297e-10,0.9242197109579514,0.9281929145410905,-45.05064882924366,standard-halo-model,scale_dependent_camb
6,0.21083225,0.2483836,3960,3979,3969.5083753148615,3.0305997244411623e-07,2.8009465006814554e-07,2.813000546208436e-07,1.020276047984492e-09,3.607220561060228e-10,0.9242218555266137,0.9281993011225357,-63.66486880198076,standard-halo-model,scale_dependent_camb
6,0.21083225,0.2483836,3980,3999,3989.508333333333,3.0063723289640543e-07,2.785026341865376e-07,2.797019785647005e-07,1.3584850920566245e-09,4.802970103670352e-10,0.9263743931627556,0.93036373395933,-46.08523108014543,standard-halo-model,scale_dependent_camb
6,0.21083225,0.2483836,4000,4019,4009.5082917705736,2.98247664342505e-07,2.7606009248081784e-07,2.77247709408358e-07,1.6639910905224544e-09,5.883096919712128e-10,0.9256068881189724,0.9295888704428182,-37.71410222283542,standard-halo-model,scale_dependent_camb
6,0.21083225,0.2483836,4020,4039,4029.5082506203476,2.958908221728008e-07,2.7463871121153516e-07,2.7581880567104194e-07,1.8425726722071229e-09,6.514478156733371e-10,0.9281758359208101,0.9321641125792108,-32.62289081328709,standard-halo-model,scale_dependent_camb
6,0.21083225,0.2483836,4040,4059,4049.5082098765433,2.9356615241770897e-07,2.7146605913563415e-07,2.7263280986221156e-07,1.5906742089844096e-09,5.623882599157117e-10,0.9247185239167863,0.9286929287211838,-39.29686100735297,standard-halo-model,scale_dependent_camb
6,0.21083225,0.2483836,4060,4079,4069.5081695331696,2.9127327385256556e-07,2.7014985815951757e-07,2.713111114608874e-07,1.5266775255715278e-09,5.397620155083631e-10,0.9274790460049552,0.9314658632161958,-39.13468359412687,standard-halo-model,scale_dependent_camb
6,0.21083225,0.2483836,4080,4096,4088.005870123517,2.891801086171076e-07,2.687522197974915e-07,2.699067880691883e-07,1.6274157876602491e-09,5.753783696323043e-10,0.9293592878247933,0.9333518455329223,-35.503400714682016,standard-halo-model,scale_dependent_camb
7,0.17404257,0.21083225,20,39,30.608333333333334,0.0001238943836758438,0.0001196990192354748,0.00011946266495187824,3.439837722984927e-06,1.2161662900519672e-06,0.9661375736664084,0.9642298658544469,-3.449663483264055,standard-halo-model,scale_dependent_camb
7,0.17404257,0.21083225,40,59,50.165,8.03189916313279e-05,7.866057513078388e-05,7.849829378009348e-05,2.3586344243929798e-06,8.339031979141525e-07,0.9793521249848813,0.9773316644761727,-1.9887398257882043,standard-halo-model,scale_dependent_camb
7,0.17404257,0.21083225,60,79,69.975,5.429722008295874e-05,5.2495367601149917e-05,5.238885477217906e-05,1.0168392144839964e-06,3.5950695196901805e-07,0.9668150141193999,0.9648533514632248,-5.012010120917229,standard-halo-model,scale_dependent_camb
7,0.17404257,0.21083225,80,99,89.86944444444444,3.799563166832355e-05,3.792649216302823e-05,3.784906026386041e-05,5.945871958934269e-07,2.102183191114681e-07,0.9981803301521907,0.9961424143242937,-0.3288938166167014,standard-halo-model,scale_dependent_camb
7,0.17404257,0.21083225,100,119,109.80227272727272,2.8488593704418895e-05,2.8817921556582058e-05,2.876085446363393e-05,4.167145699117095e-07,1.4733084910190271e-07,1.0115599897832823,1.009556833939922,2.2352946051059535,standard-halo-model,scale_dependent_camb
7,0.17404257,0.21083225,120,139,129.75576923076923,2.152833683278261e-05,2.2197817130045388e-05,2.2152903143142047e-05,3.857409001632623e-07,1.363800031432229e-07,1.031097632040173,1.0290113590850347,4.9089329948152685,standard-halo-model,scale_dependent_camb
7,0.17404257,0.21083225,140,159,149.72166666666666,1.7168841153066615e-05,1.8198777215535875e-05,1.8162429581648665e-05,4.073599093812385e-07,1.440234771535056e-07,1.059988676771309,1.0578716070423064,7.15116787085702,standard-halo-model,scale_dependent_camb
7,0.17404257,0.21083225,160,179,169.6955882352941,1.3808344238594036e-05,1.5038921977430078e-05,1.5008094112886022e-05,4.0801682554992285e-07,1.442557320922795e-07,1.0891184140236454,1.0868858607202672,8.530529227419878,standard-halo-model,scale_dependent_camb
7,0.17404257,0.21083225,180,199,189.675,1.1511431971277906e-05,1.2664576738215802e-05,1.2639456476268653e-05,1.6552540489808527e-07,5.852206813104253e-08,1.100173876700579,1.0979916753888894,19.704443191511547,standard-halo-model,scale_dependent_camb
7,0.17404257,0.21083225,200,219,209.65833333333333,9.730708776499316e-06,1.0832364448155869e-05,1.0810165831410742e-05,1.9357787397008026e-07,6.84401136859593e-08,1.113214329701981,1.110933034756772,16.0966370791193,standard-halo-model,scale_dependent_camb
7,0.17404257,0.21083225,220,239,229.64456521739132,8.426452750835609e-06,9.512429215683648e-06,9.492749618426668e-06,2.2451736925272007e-07,7.93788771463812e-08,1.128877060960242,1.1265416064292677,13.68092500030467,standard-halo-model,scale_dependent_camb
7,0.17404257,0.21083225,240,259,249.633,7.41050638627922e-06,8.232851370874641e-06,8.216339645466544e-06,1.428260081032363e-07,5.049661942980159e-08,1.1109701472112645,1.1087419964551073,16.285149261102774,standard-halo-model,scale_dependent_camb
7,0.17404257,0.21083225,260,279,269.6231481481482,6.629902467145111e-06,7.319903268997041e-06,7.305128715450332e-06,1.168128109354904e-07,4.129956537097367e-08,1.1040740501494966,1.1018455779178271,16.707217028895894,standard-halo-model,scale_dependent_camb
7,0.17404257,0.21083225,280,299,289.6146551724138,6.0119232568833525e-06,6.627186428771531e-06,6.613777143099752e-06,8.878091272889713e-08,3.1388792715267116e-08,1.1023404899894111,1.1001100414126723,19.601364648501512,standard-halo-model,scale_dependent_camb
7,0.17404257,0.21083225,300,319,309.60725806451615,5.519118379480335e-06,5.97443527797472e-06,5.962320147127317e-06,1.1922338572666922e-07,4.215183226167362e-08,1.0824981214730272,1.080303000800775,10.801829340841726,standard-halo-model,scale_dependent_camb
7,0.17404257,0.21083225,320,339,329.6007575757576,5.118633682885235e-06,5.481077075861423e-06,5.469952022992468e-06,1.0115707600995185e-07,3.576442720581999e-08,1.0708086210951295,1.0686351792045419,10.134186992297385,standard-halo-model,scale_dependent_camb
7,0.17404257,0.21083225,340,359,349.595,4.7883226880286285e-06,4.956522513547049e-06,4.946515107393284e-06,8.402467770258952e-08,2.9707209695257573e-08,1.0351270865555782,1.0330371258729398,5.661919353714054,standard-halo-model,scale_dependent_camb
7,0.17404257,0.21083225,360,379,369.58986486486486,4.511516259176132e-06,4.589837226353831e-06,4.580492801862473e-06,7.547164292983918e-08,2.6683255251489518e-08,1.0173602316113566,1.015288993483299,2.9352103571893498,standard-halo-model,scale_dependent_camb
7,0.17404257,0.21083225,380,399,389.5852564102564,4.276202686915387e-06,4.237311698233279e-06,4.228762747667637e-06,7.029349605828573e-08,2.4852503868061842e-08,0.990905251334061,0.9889060592490365,-1.5648720502600002,standard-halo-model,scale_dependent_camb
7,0.17404257,0.21083225,400,419,409.5810975609756,4.072774265495668e-06,3.977999208286273e-06,3.969819321203912e-06,7.913484496933663e-08,2.797839275298204e-08,0.9767296071347915,0.9747211758913366,-3.3874375145903803,standard-halo-model,scale_dependent_camb
7,0.17404257,0.21083225,420,439,429.57732558139537,3.894692752155752e-06,3.741982797878443e-06,3.7343098774267667e-06,6.899400490544033e-08,2.439306436492739e-08,0.9607902435454551,0.9588201470731648,-6.260384181041091,standard-halo-model,scale_dependent_camb
7,0.17404257,0.21083225,440,459,449.5738888888889,3.737073050593748e-06,3.514692963236046e-06,3.5076139815822245e-06,4.0273111457291454e-08,1.4238695105466213e-08,0.9404935134135604,0.9385992551108769,-15.618010338063261,standard-halo-model,scale_dependent_camb
7,0.17404257,0.21083225,460,479,469.5707446808511,3.596226772068289e-06,3.322648707365816e-06,3.3158887422246106e-06,5.26874021571507e-08,1.8627809674211996e-08,0.9239263589194819,0.9220466206355368,-14.6865396140057,standard-halo-model,scale_dependent_camb
7,0.17404257,0.21083225,480,499,489.5678571428571,3.469327295067216e-06,3.1623899046187205e-06,3.1560145417304038e-06,4.509583067493e-08,1.5943783836741663e-08,0.9115282692166555,0.9096906325954635,-19.25122628300901,standard-halo-model,scale_dependent_camb
7,0.17404257,0.21083225,500,519,509.56519607843137,3.354173653589349e-06,3.0127553771545403e-06,3.0066390669008024e-06,4.566116101628335e-08,1.614365829573239e-08,0.8982109122258914,0.8963874197996144,-21.148755144616963,standard-halo-model,scale_dependent_camb
7,0.17404257,0.21083225,520,539,529.5627358490566,3.2490445612853407e-06,2.8853809942732713e-06,2.8794593235995478e-06,5.29699689077331e-08,1.8727712106949326e-08,0.8880706127132334,0.8862480243916436,-19.41847273896976,standard-halo-model,scale_dependent_camb
7,0.17404257,0.21083225,540,559,549.5604545454545,3.152572234143973e-06,2.776860043779032e-06,2.771160778827434e-06,5.3005674261510775e-08,1.8740335855839756e-08,0.8808236061030464,0.879015791871267,-20.04831681006741,standard-halo-model,scale_dependent_camb
7,0.17404257,0.21083225,560,579,569.5583333333333,3.06364858835912e-06,2.6595899344797667e-06,2.654144753536302e-06,5.283445929437356e-08,1.867980222368808e-08,0.8681119448834158,0.8663345932105918,-21.630777940837163,standard-halo-model,scale_dependent_camb
7,0.17404257,0.21083225,580,599,589.5563559322034,2.981358739169548e-06,2.578535861905656e-06,2.573331530169301e-06,3.456662479765022e-08,1.222114739857477e-08,0.864886143364251,0.863140519240599,-32.96113401846942,standard-halo-model,scale_dependent_camb
7,0.17404257,0.21083225,600,619,609.5545081967213,2.904935798050799e-06,2.516658937916275e-06,2.5114994870248303e-06,4.3126504282852545e-08,1.5247521813637858e-08,0.8663389186105055,0.8645628205311928,-25.464915865031738,standard-halo-model,scale_dependent_camb
7,0.17404257,0.21083225,620,639,629.5527777777778,2.8337269592371156e-06,2.4254564785012646e-06,2.4204461842326558e-06,4.939622669587678e-08,1.746420343084122e-08,0.8559245521503017,0.8541564586322312,-23.377560983678105,standard-halo-model,scale_dependent_camb
7,0.17404257,0.21083225,640,659,649.5511538461539,2.7671686252445697e-06,2.3710065715717443e-06,2.3661583472083397e-06,3.9771982148601423e-08,1.406151913925319e-08,0.8568348708283683,0.8550828184528192,-28.17348892033479,standard-halo-model,scale_dependent_camb
7,0.17404257,0.21083225,660,679,669.5496268656716,2.7047695074479576e-06,2.295612113610821e-06,2.29082147945181e-06,5.5299568398396607e-08,1.955134990559777e-08,0.8487274450889568,0.8469562649030595,-20.927321940056427,standard-halo-model,scale_dependent_camb
7,0.17404257,0.21083225,680,699,689.5481884057971,2.646098476621406e-06,2.249611463916233e-06,2.244991350814706e-06,3.9112263799587026e-08,1.3828273480122553e-08,0.850161656412948,0.8484156469041008,-28.672199264434788,standard-halo-model,scale_dependent_camb
7,0.17404257,0.21083225,700,719,709.5468309859154,2.59077575310547e-06,2.2163648096744053e-06,2.211722028534714e-06,5.4027398873525636e-08,1.9101570056670206e-08,0.8554830756840798,0.8536910328435806,-19.601055950912343,standard-halo-model,scale_dependent_camb
7,0.17404257,0.21083225,720,739,729.5455479452055,2.538465573879659e-06,2.1599850644270025e-06,2.1555872471533957e-06,3.805523409025259e-08,1.3454557042429541e-08,0.8509018545111855,0.849169383793891,-28.130283907459848,standard-halo-model,scale_dependent_camb
7,0.17404257,0.21083225,740,759,749.5443333333334,2.488870298767297e-06,2.1082406158664707e-06,2.1038140892595053e-06,5.330420539869596e-08,1.8845882551589243e-08,0.847067288685414,0.8452887602465645,-20.19696779171154,standard-halo-model,scale_dependent_camb
7,0.17404257,0.21083225,760,779,769.5431818181818,2.4417255872128687e-06,2.0827862337864406e-06,2.078619172863182e-06,2.538556418407099e-08,8.97515228940147e-09,0.8529976688182463,0.8512910638888959,-39.99256412064345,standard-halo-model,scale_dependent_camb
7,0.17404257,0.21083225,780,799,789.5420886075949,2.396796757017692e-06,2.043881521889887e-06,2.0396652661659703e-06,3.8828905211246274e-08,1.3728091090460956e-08,0.8527554603474458,0.850996339257361,-25.707524287410223,standard-halo-model,scale_dependent_camb
7,0.17404257,0.21083225,800,819,809.5410493827161,2.3538753804628905e-06,2.0214191282732733e-06,2.017195144220213e-06,4.513849485549943e-08,1.5958867902438866e-08,0.8587621694211188,0.8569676886732767,-20.832069932655468,standard-halo-model,scale_dependent_camb
7,0.17404257,0.21083225,820,839,829.5400602409638,2.312776223899905e-06,1.9777445168972936e-06,1.97372669267617e-06,2.5839746658062908e-08,9.135730043029355e-09,0.8551387274132097,0.8534014974211319,-36.67268028111708,standard-halo-model,scale_dependent_camb
7,0.17404257,0.21083225,840,859,849.5391176470588,2.2733344746212565e-06,1.956828545411312e-06,1.9528136055850777e-06,3.4874598083837326e-08,1.2330032398118375e-08,0.8607745878385648,0.8590084861623459,-25.669513184591857,standard-halo-model,scale_dependent_camb
7,0.17404257,0.21083225,860,879,869.5382183908046,2.2354034350181397e-06,1.9259564947511325e-06,1.9220312531265787e-06,2.7542066559650792e-08,9.73759101611016e-09,0.8615699808726043,0.8598140375994286,-31.778592852693137,standard-halo-model,scale_dependent_camb
7,0.17404257,0.21083225,880,899,889.5373595505617,2.1988524746691573e-06,1.8994408269382864e-06,1.8955649061741314e-06,2.8903068731153344e-08,1.0218777948449695e-08,0.8638327713295451,0.8620700697345969,-29.30014227154188,standard-halo-model,scale_dependent_camb
7,0.17404257,0.21083225,900,919,909.5365384615385,2.163565111747647e-06,1.8667593334346787e-06,1.8628734131670281e-06,3.936953005840907e-08,1.3919230838214334e-08,0.8628163410930492,0.8610202683765171,-21.323432434075837,standard-halo-model,scale_dependent_camb
7,0.17404257,0.21083225,920,939,929.535752688172,2.1294374785884606e-06,1.8366503400829887e-06,1.832873396293361e-06,3.189803506829369e-08,1.1277658451658383e-08,0.8625049378300829,0.860731256363684,-25.961695839655214,standard-halo-model,scale_dependent_camb
7,0.17404257,0.21083225,940,959,949.535,2.096376818735402e-06,1.8136507252016952e-06,1.8099362203014464e-06,2.8504542040028136e-08,1.0077877485560459e-08,0.8651358424654516,0.8633639735595124,-28.054130836457926,standard-halo-model,scale_dependent_camb
7,0.17404257,0.21083225,960,979,969.5342783505155,2.064300295704822e-06,1.7860875046002377e-06,1.7824314501660795e-06,2.8167389026073208e-08,9.958675894327952e-09,0.8652265895211758,0.8634555029976863,-27.9367251285929,standard-halo-model,scale_dependent_camb
7,0.17404257,0.21083225,980,999,989.5335858585859,2.0331337936394867e-06,1.771489050255279e-06,1.7678486717808853e-06,3.13715309884537e-08,1.1091511149069762e-08,0.8713096284156289,0.8695191026343043,-23.58963894709259,standard-halo-model,scale_dependent_camb
7,0.17404257,0.21083225,1000,1019,1009.5329207920792,2.0028110011426023e-06,1.7436840076262568e-06,1.740108229416533e-06,3.1791841339384354e-08,1.1240113298742743e-08,0.8706183492259061,0.8688329694733065,-23.053770600811475,standard-halo-model,scale_dependent_camb
7,0.17404257,0.21083225,1020,1039,1029.532281553398,1.9732725162624058e-06,1.723469062357282e-06,1.7199288250857884e-06,2.885699194897032e-08,1.020248734588126e-08,0.8734065103292074,0.8716124158783308,-24.484563953511724,standard-halo-model,scale_dependent_camb
7,0.17404257,0.21083225,1040,1059,1049.5316666666668,1.944465047093354e-06,1.6957060071045613e-06,1.6922115095587347e-06,3.255638414120636e-08,1.1510419998580596e-08,0.8720681349553465,0.8702709838309021,-21.61163884718963,standard-halo-model,scale_dependent_camb
7,0.17404257,0.21083225,1060,1079,1069.5310747663552,1.9163408505108938e-06,1.677574399641503e-06,1.6741783884751308e-06,2.108049723668663e-08,7.453081273422695e-09,0.8754050195163684,0.8736328863567236,-32.03593817242,standard-halo-model,scale_dependent_camb
7,0.17404257,0.21083225,1080,1099,1089.530504587156,1.888857007926467e-06,1.6639674256930394e-06,1.6605159965449988e-06,3.468289482717175e-08,1.2262255061736487e-08,0.8809387998722544,0.8791115418354858,-18.339985679728684,standard-halo-model,scale_dependent_camb
7,0.17404257,0.21083225,1100,1119,1109.529954954955,1.8619749356524294e-06,1.644520275193042e-06,1.6411386881087194e-06,3.106076852952692e-08,1.0981640028047095e-08,0.8832128959978766,0.8813967667796078,-19.80165621018431,standard-halo-model,scale_dependent_camb
7,0.17404257,0.21083225,1120,1139,1129.529424778761,1.8356599692271768e-06,1.6206400656254739e-06,1.6172663889416497e-06,3.437534456290834e-08,1.21535196230283e-08,0.8828650691270303,0.8810272142190517,-17.691986376875267,standard-halo-model,scale_dependent_camb
7,0.17404257,0.21083225,1140,1159,1149.5289130434783,1.8098808813262365e-06,1.5991713482502609e-06,1.5958748177645835e-06,2.9194934820806875e-08,1.03219681940459e-08,0.8835782314460536,0.8817568240154929,-20.413697185922427,standard-halo-model,scale_dependent_camb
7,0.17404257,0.21083225,1160,1179,1169.5284188034188,1.7846095312155366e-06,1.5830380280733715e-06,1.5798024275336599e-06,2.4247321322196872e-08,8.572722666267286e-09,0.8870500803585475,0.8852370223852956,-23.513125408258762,standard-halo-model,scale_dependent_camb
7,0.17404257,0.21083225,1180,1199,1189.5279411764707,1.7598205328290848e-06,1.5557714081306655e-06,1.5525730415194367e-06,2.546028171895218e-08,9.001568927195487e-09,0.8840511740305755,0.8822337349499626,-22.668173331645253,standard-halo-model,scale_dependent_camb
7,0.17404257,0.21083225,1200,1219,1209.527479338843,1.7354909656240468e-06,1.5470990604463186e-06,1.5439244325018694e-06,2.6455078155778606e-08,9.353282580385578e-09,0.8914474872475142,0.8896182481403503,-20.14179552030192,standard-halo-model,scale_dependent_camb
7,0.17404257,0.21083225,1220,1239,1229.5270325203253,1.7116001287671375e-06,1.5208061915491658e-06,1.51769923919225e-06,2.281583257425402e-08,8.06661496583597e-09,0.8885289069501296,0.8867136743472005,-23.652292569563485,standard-halo-model,scale_dependent_camb
7,0.17404257,0.21083225,1240,1259,1249.5266,1.688129343603225e-06,1.5062739086931778e-06,1.5031768708880772e-06,2.7519519043593497e-08,9.729619265358647e-09,0.8922739921563794,0.8904393946968683,-18.690909680045298,standard-halo-model,scale_dependent_camb
7,0.17404257,0.21083225,1260,1279,1269.5261811023622,1.6650615768058814e-06,1.4810304639662382e-06,1.4779984757933448e-06,2.4448895015084835e-08,8.643989728842232e-09,0.8894748906567926,0.8876539440833273,-21.290066116759746,standard-halo-model,scale_dependent_camb
7,0.17404257,0.21083225,1280,1299,1289.5257751937984,1.6423815521427053e-06,1.4676913523500473e-06,1.4646548767595212e-06,3.0251533901585104e-08,1.069553238155278e-08,0.8936360436070708,0.891787218900921,-16.333006489135272,standard-halo-model,scale_dependent_camb
7,0.17404257,0.21083225,1300,1319,1309.5253816793893,1.6200752552099728e-06,1.454241741567946e-06,1.4512485763547349e-06,2.6494731853619274e-08,9.367302279706706e-09,0.8976383886435365,0.8957908416215167,-17.703444245766246,standard-halo-model,scale_dependent_camb
7,0.17404257,0.21083225,1320,1339,1329.525,1.5981300220695326e-06,1.431577662188841e-06,1.4286701688260623e-06,1.8395100402229502e-08,6.503650117511934e-09,0.8957829728616129,0.8939636632168235,-25.609059047046127,standard-halo-model,scale_dependent_camb
7,0.17404257,0.21083225,1340,1359,1349.5246296296295,1.5765343091376574e-06,1.4174246157296844e-06,1.414525036003141e-06,2.356336653592002e-08,8.330908132566606e-09,0.8990762887393147,0.8972370774327562,-19.098721397009825,standard-halo-model,scale_dependent_camb
7,0.17404257,0.21083225,1360,1379,1369.5242700729927,1.5552775768738554e-06,1.3947997675229546e-06,1.3919335056545278e-06,2.2982024216048612e-08,8.125372584280711e-09,0.8968172551722471,0.8949743289248386,-19.750209321029793,standard-halo-model,scale_dependent_camb
7,0.17404257,0.21083225,1380,1399,1389.5239208633093,1.534350197291068e-06,1.3804014353429742e-06,1.3775962242467725e-06,1.855998239715152e-08,6.561944705864396e-09,0.8996651727748372,0.8978368997370689,-23.4608441321534,standard-halo-model,scale_dependent_camb
7,0.17404257,0.21083225,1400,1419,1409.5235815602837,1.5137433479645764e-06,1.3668034702127271e-06,1.3639798666749684e-06,2.544296244583772e-08,8.995445639463259e-09,0.9029294642652409,0.9010641523274178,-16.334919207028513,standard-halo-model,scale_dependent_camb
7,0.17404257,0.21083225,1420,1439,1429.5232517482518,1.493448932981715e-06,1.3465993666690874e-06,1.3438317447847145e-06,2.4049539883318157e-08,8.502796367955299e-09,0.901670848550919,0.8998176737799227,-17.270737761763087,standard-halo-model,scale_dependent_camb
7,0.17404257,0.21083225,1440,1459,1449.5229310344828,1.4734595166375575e-06,1.3301342397485482e-06,1.327432597373551e-06,1.6896011420342404e-08,5.973642125164732e-09,0.902728731077676,0.9008951941908518,-23.992946662344107,standard-halo-model,scale_dependent_camb
7,0.17404257,0.21083225,1460,1479,1469.522619047619,1.4537682406897819e-06,1.3125637123044198e-06,1.3098666882965535e-06,2.1959434099149175e-08,7.763832381263742e-09,0.9028699868155302,0.901014791515221,-18.187477710895365,standard-halo-model,scale_dependent_camb
7,0.17404257,0.21083225,1480,1499,1489.5223154362416,1.4343687426178827e-06,1.2946704658312339e-06,1.2920493337282067e-06,1.7431385679640836e-08,6.162925509776055e-09,0.9026064409827532,0.9007790642244984,-22.667526415019918,standard-halo-model,scale_dependent_camb
7,0.17404257,0.21083225,1500,1519,1509.5220198675497,1.4152551263598119e-06,1.2843040634638991e-06,1.2816686659008683e-06,2.2239152620240197e-08,7.86272781280721e-09,0.9074717621883958,0.905609626157976,-16.65466057245591,standard-halo-model,scale_dependent_camb
7,0.17404257,0.21083225,1520,1539,1529.5217320261438,1.3964219129875997e-06,1.2651540823150396e-06,1.2625888939041927e-06,1.5045024959007617e-08,5.319219585817572e-09,0.9059970131865684,0.90416004085966,-24.678024389621825,standard-halo-model,scale_dependent_camb
7,0.17404257,0.21083225,1540,1559,1549.5214516129033,1.377864014948222e-06,1.2473191958563947e-06,1.244810396533942e-06,1.559894720892376e-08,5.5150606754004795e-09,0.9052556582684738,0.9034348695003259,-23.67060432791115,standard-halo-model,scale_dependent_camb
7,0.17404257,0.21083225,1560,1579,1569.521178343949,1.3595766170644165e-06,1.2364892799343793e-06,1.2339446569577511e-06,2.0802418768327636e-08,7.354765688083389e-09,0.9094664209540423,0.9075947919890469,-16.735725154299654,standard-halo-model,scale_dependent_camb
7,0.17404257,0.21083225,1580,1599,1589.5209119496856,1.3415552117328214e-06,1.2229228428646803e-06,1.2204400781833713e-06,1.604144016541352e-08,5.6715055604810755e-09,0.9115710126347245,0.909720351059565,-20.917262198377944,standard-halo-model,scale_dependent_camb
7,0.17404257,0.21083225,1600,1619,1609.520652173913,1.3237955895490395e-06,1.2011540223089882e-06,1.1986901116840726e-06,1.9256291239670924e-08,6.80812705803721e-09,0.9073561143364816,0.9054948672947423,-18.01399506715566,standard-halo-model,scale_dependent_camb
7,0.17404257,0.21083225,1620,1639,1629.520398773006,1.3062936949025266e-06,1.184130737293458e-06,1.1817076528192224e-06,1.753444544233055e-08,6.199362638308741e-09,0.906481246839223,0.9046263159889165,-19.70572859444727,standard-halo-model,scale_dependent_camb
7,0.17404257,0.21083225,1640,1659,1649.5201515151516,1.289045749590394e-06,1.1674296419455766e-06,1.1650582281501126e-06,1.5493931969984098e-08,5.477932181609399e-09,0.905654157206242,0.9038144910840601,-22.201097715869654,standard-halo-model,scale_dependent_camb
7,0.17404257,0.21083225,1660,1679,1669.5199101796406,1.2720480833676562e-06,1.1595696208146583e-06,1.1572035976568462e-06,1.6841774440269786e-08,5.954466456964518e-09,0.9115768782456561,0.9097168674577399,-18.889763401293468,standard-halo-model,scale_dependent_camb
7,0.17404257,0.21083225,1680,1699,1689.519674556213,1.2552972391324788e-06,1.144960121553498e-06,1.1426322651014738e-06,1.4877801919250667e-08,5.260097313126189e-09,0.9121027959439841,0.9102483694548181,-20.976250249903657,standard-halo-model,scale_dependent_camb
7,0.17404257,0.21083225,1700,1719,1709.5194444444444,1.2387898786687099e-06,1.1270774158021367e-06,1.1247837982302207e-06,1.834974232853691e-08,6.487613616767138e-09,0.9098212983572104,0.9079697998816328,-17.21934588981286,standard-halo-model,scale_dependent_camb
7,0.17404257,0.21083225,1720,1739,1729.519219653179,1.2225227684540814e-06,1.1105987560923494e-06,1.1083255555519035e-06,1.8056859613440443e-08,6.384063939798619e-09,0.908448320759487,0.906588886645781,-17.531781231699657,standard-halo-model,scale_dependent_camb
7,0.17404257,0.21083225,1740,1759,1749.519,1.2064928080382888e-06,1.097824112459277e-06,1.095571838152747e-06,1.818948842287632e-08,6.4309553050650226e-09,0.9099300925334955,0.9080632978940877,-16.897753199034717,standard-halo-model,scale_dependent_camb
7,0.17404257,0.21083225,1760,1779,1769.5187853107345,1.1906969868265108e-06,1.0822003959344512e-06,1.080023186770265e-06,1.0134574367036531e-08,3.5831131296854465e-09,0.9088797636238011,0.9070512470589032,-30.279979159235815,standard-halo-model,scale_dependent_camb
7,0.17404257,0.21083225,1780,1799,1789.5185754189945,1.1751323713427989e-06,1.0716893687552375e-06,1.0695223204995605e-06,1.309599795819889e-08,4.6301344813238076e-09,0.9119733188275979,0.9101292301882893,-22.341252290794348,standard-halo-model,scale_dependent_camb
7,0.17404257,0.21083225,1800,1819,1809.5183701657459,1.1597960990064678e-06,1.0569484317866692e-06,1.0548139185180444e-06,1.1985416576680298e-08,4.237484668358147e-09,0.9113226304969447,0.9094822093483883,-24.27092373637965,standard-halo-model,scale_dependent_camb
7,0.17404257,0.21083225,1820,1839,1829.518169398907,1.1446853746442915e-06,1.0431864718556972e-06,1.041063803290077e-06,1.48310392166429e-08,5.243564201065908e-09,0.9113303052202141,0.9094759366638936,-19.35685325793506,standard-halo-model,scale_dependent_camb
7,0.17404257,0.21083225,1840,1859,1849.517972972973,1.1297974627044499e-06,1.031586177575697e-06,1.0294866135939044e-06,1.4534347195745864e-08,5.1386677311157906e-09,0.9130717775789124,0.9112134232710821,-19.112207729264394,standard-halo-model,scale_dependent_camb
7,0.17404257,0.21083225,1860,1879,1869.5177807486632,1.1151296746326337e-06,1.0184203159304582e-06,1.0163370450706569e-06,1.56029136952853e-08,5.516463040102344e-09,0.9132752352464881,0.9114070481583024,-17.531044439007285,standard-halo-model,scale_dependent_camb
7,0.17404257,0.21083225,1880,1899,1889.5175925925926,1.1006793595677913e-06,1.0020191155810594e-06,9.999767187482337e-07,1.4201972830396805e-08,5.021155647300343e-09,0.9103642281204645,0.9085086497314705,-19.64891170815969,standard-halo-model,scale_dependent_camb
7,0.17404257,0.21083225,1900,1919,1909.5174083769634,1.0864439071758796e-06,9.926615468836823e-07,9.906567896590064e-07,1.0495901595210876e-08,3.7108615963201558e-09,0.9136795193265184,0.9118342724514293,-25.272395064584423,standard-halo-model,scale_dependent_camb
7,0.17404257,0.21083225,1920,1939,1929.5172279792746,1.072420744209849e-06,9.768400728376656e-07,9.748431314212812e-07,1.4482588535168928e-08,5.120368281176248e-09,0.9108739066376356,0.9090118189941745,-18.66675717908061,standard-halo-model,scale_dependent_camb
7,0.17404257,0.21083225,1940,1959,1949.5170512820512,1.0586073220272383e-06,9.668906574040952e-07,9.649494119882702e-07,8.23226478818069e-09,2.9105451281229014e-09,0.9133610143112318,0.9115272414141131,-31.511851074542154,standard-halo-model,scale_dependent_camb
7,0.17404257,0.21083225,1960,1979,1969.5168781725888,1.0450011159059338e-06,9.528577125523076e-07,9.509194475651713e-07,1.2492814715599014e-08,4.416877000753576e-09,0.9118245885567834,0.9099697915066808,-20.861663871985883,standard-halo-model,scale_dependent_camb
7,0.17404257,0.21083225,1980,1999,1989.5167085427136,1.0315996228550642e-06,9.4636897118552e-07,9.444537255472586e-07,1.1277850648781923e-08,3.987322335481401e-09,0.9173801058266586,0.9155235273675074,-21.375410488165137,standard-halo-model,scale_dependent_camb
7,0.17404257,0.21083225,2000,2019,2009.5165422885573,1.0184003658823678e-06,9.294119710285425e-07,9.275379440797704e-07,1.0636875370879659e-08,3.76070335269259e-09,0.912619439431639,0.9107792722326137,-23.662699901631782,standard-halo-model,scale_dependent_camb
7,0.17404257,0.21083225,2020,2039,2029.5163793103447,1.0054008839755014e-06,9.183655366078168e-07,9.165090135024728e-07,9.946570429645984e-09,3.516643700176133e-09,0.9134321953015058,0.9115856451990202,-24.74954951032585,standard-halo-model,scale_dependent_camb
7,0.17404257,0.21083225,2040,2059,2049.516219512195,9.925987276991206e-07,9.06009038695117e-07,9.041795031291232e-07,9.300602393011853e-09,3.2882595106092562e-09,0.9127646584791402,0.9109214810551326,-26.332985193118194,standard-halo-model,scale_dependent_camb
7,0.17404257,0.21083225,2060,2079,2069.5160628019325,9.799914574794227e-07,8.941356419710295e-07,8.923302266542633e-07,9.971729270398701e-09,3.5255386936276527e-09,0.9123912613185243,0.9105489847323489,-24.35253814220676,standard-halo-model,scale_dependent_camb
7,0.17404257,0.21083225,2080,2099,2089.515909090909,9.675766544344496e-07,8.831897802778434e-07,8.813864231473504e-07,1.291809002486314e-08,4.567234528279511e-09,0.9127853346090388,0.9109215472571757,-18.476580003522393,standard-halo-model,scale_dependent_camb
7,0.17404257,0.21083225,2100,2119,2109.5157582938386,9.553519242555194e-07,8.749574514905869e-07,8.731742986209343e-07,1.1814073947950106e-08,4.176905901017424e-09,0.9158483164959532,0.9139818285302309,-19.24737465245502,standard-halo-model,scale_dependent_camb
7,0.17404257,0.21083225,2120,2139,2129.5156103286386,9.433148612481982e-07,8.622900828760367e-07,8.605435785227724e-07,9.557307530790124e-09,3.3790184824534773e-09,0.9141063268472744,0.912254872550293,-23.97879111727439,standard-halo-model,scale_dependent_camb
7,0.17404257,0.21083225,2140,2159,2149.515465116279,9.314630653243472e-07,8.508259066606763e-07,8.490999422247541e-07,9.917691150879227e-09,3.5064333332502577e-09,0.9134295693886778,0.9115766087076,-22.99691766531462,standard-halo-model,scale_dependent_camb
7,0.17404257,0.21083225,2160,2179,2169.5153225806453,9.197941953110554e-07,8.402370212349521e-07,8.385356145611704e-07,9.384829197556051e-09,3.3180381829346945e-09,0.9135054618938983,0.9116556930190182,-23.97717256096722,standard-halo-model,scale_dependent_camb
7,0.17404257,0.21083225,2180,2199,2189.5151826484016,9.083058588324641e-07,8.323455620904497e-07,8.3065375583687e-07,1.0847718454499602e-08,3.835247639789562e-09,0.9163714557124473,0.9145088603794673,-19.805838860038328,standard-halo-model,scale_dependent_camb
7,0.17404257,0.21083225,2200,2219,2209.515045248869,8.96995710879163e-07,8.182539207025185e-07,8.166015610493134e-07,9.974047833829352e-09,3.526358429589865e-09,0.9122160906438804,0.9103739863470989,-22.329491385764367,standard-halo-model,scale_dependent_camb
7,0.17404257,0.21083225,2220,2239,2229.5149103139015,8.858614212674351e-07,8.119191465370132e-07,8.102760811759292e-07,8.921359267007368e-09,3.1541768175511784e-09,0.9165306525882684,0.9146758869086283,-23.442653664492017,standard-halo-model,scale_dependent_camb
7,0.17404257,0.21083225,2240,2259,2249.514777777778,8.749006284720172e-07,8.017323680853793e-07,8.001146935683667e-07,8.111877207701181e-09,2.8679816908590504e-09,0.9163696332983282,0.9145206524376815,-25.51210860928533,standard-halo-model,scale_dependent_camb
7,0.17404257,0.21083225,2260,2279,2269.5146475770925,8.641110529983067e-07,7.893515080481786e-07,7.877603763464329e-07,7.553442907563618e-09,2.670545350621833e-09,0.9134838691268603,0.9116425181844962,-27.994111739282175,standard-halo-model,scale_dependent_camb
7,0.17404257,0.21083225,2280,2299,2289.514519650655,8.534903349617689e-07,7.809081552462863e-07,7.793480092706215e-07,7.274878943989346e-09,2.572058116803048e-09,0.9149584046329783,0.9131304448872657,-28.219494435724087,standard-halo-model,scale_dependent_camb
7,0.17404257,0.21083225,2300,2319,2309.514393939394,8.430362222561844e-07,7.688922656937227e-07,7.673485759129413e-07,7.51782074387076e-09,2.6579510138679545e-09,0.9120512801169645,0.9102201728169126,-27.89515539436692,standard-halo-model,scale_dependent_camb
7,0.17404257,0.21083225,2320,2339,2329.514270386266,8.327463948747703e-07,7.621422403839456e-07,7.606123751394188e-07,6.1347232462519755e-09,2.168952204063761e-09,0.9152152985286207,0.9133781662949149,-32.55219472265935,standard-halo-model,scale_dependent_camb
7,0.17404257,0.21083225,2340,2359,2349.5141489361704,8.226185894195313e-07,7.545123299436306e-07,7.529855862098621e-07,8.920954289303358e-09,3.154033636310811e-09,0.9172079742035019,0.915352018413777,-21.59338400574664,standard-halo-model,scale_dependent_camb
7,0.17404257,0.21083225,2360,2379,2369.514029535865,8.126505643591758e-07,7.426617400019445e-07,7.411613265231196e-07,8.096758907228787e-09,2.8626365644670275e-09,0.9138758681446043,0.91202954754307,-24.449077897620594,standard-halo-model,scale_dependent_camb
7,0.17404257,0.21083225,2380,2399,2389.513912133891,8.028400196707858e-07,7.360236399271842e-07,7.345419842853747e-07,7.467565907835884e-09,2.6401832461941148e-09,0.9167749762013602,0.9149294582830867,-25.307478122936715,standard-halo-model,scale_dependent_camb
7,0.17404257,0.21083225,2400,2419,2409.5137966804978,7.931847819441044e-07,7.256710697373216e-07,7.241941226321638e-07,9.712968234713657e-09,3.434052852107778e-09,0.9148827439158552,0.9130206972165505,-19.660067888979572,standard-halo-model,scale_dependent_camb
7,0.17404257,0.21083225,2420,2439,2429.513683127572,7.836825990439966e-07,7.167958668486349e-07,7.153558699998146e-07,6.58363213802792e-09,2.327665464818615e-09,0.9146507370752447,0.9128132625025325,-28.735543490384636,standard-halo-model,scale_dependent_camb
7,0.17404257,0.21083225,2440,2459,2449.5135714285716,7.743312465331972e-07,7.079638712380545e-07,7.065355369081378e-07,7.450473658083787e-09,2.6341402233413943e-09,0.9142907178390646,0.9124461140776748,-25.195080621393775,standard-halo-model,scale_dependent_camb
7,0.17404257,0.21083225,2460,2479,2469.5134615384613,7.651285787419488e-07,6.990374907656976e-07,6.976209391988171e-07,8.244375960951379e-09,2.9148270743200396e-09,0.913620939261058,0.9117695490421621,-22.67410254231588,standard-halo-model,scale_dependent_camb
7,0.17404257,0.21083225,2480,2499,2489.513353413655,7.560724042331704e-07,6.90080871973226e-07,6.886916130210055e-07,6.828209894362931e-09,2.4141367598345537e-09,0.9127179726565012,0.910880504519267,-27.335457277269985,standard-halo-model,scale_dependent_camb
7,0.17404257,0.21083225,2500,2519,2509.513247011952,7.471605417688937e-07,6.830024798490379e-07,6.816273638839083e-07,6.638959099029835e-09,2.347226499472064e-09,0.9141308215126533,0.9122903656959235,-27.333562370008217,standard-halo-model,scale_dependent_camb
7,0.17404257,0.21083225,2520,2539,2529.51314229249,7.383908672677039e-07,6.750651758234404e-07,6.737084888480514e-07,6.515203801814049e-09,2.3034723945375445e-09,0.9142382520539698,0.9124008959387604,-27.49140453970018,standard-halo-model,scale_dependent_camb
7,0.17404257,0.21083225,2540,2559,2549.513039215686,7.29761274379154e-07,6.673146214496277e-07,6.659600956973193e-07,7.975344595280264e-09,2.819710122811078e-09,0.9144286561620403,0.9125725344413299,-22.14647967687927,standard-halo-model,scale_dependent_camb
7,0.17404257,0.21083225,2560,2579,2569.512937743191,7.212696440887198e-07,6.596910432005212e-07,6.583577424291999e-07,8.297098332711626e-09,2.933467247615994e-09,0.9146247157455248,0.9127761688362676,-20.991746520518692,standard-halo-model,scale_dependent_camb
7,0.17404257,0.21083225,2580,2599,2589.5128378378377,7.129138749215001e-07,6.537301523226659e-07,6.524077078121262e-07,7.176150704927856e-09,2.537152413135555e-09,0.9169833486473369,0.915128363694652,-23.32682983191052,standard-halo-model,scale_dependent_camb
7,0.17404257,0.21083225,2600,2619,2609.5127394636015,7.046919043172184e-07,6.445648729777441e-07,6.43275447385012e-07,5.6517306373132605e-09,1.998188529541987e-09,0.9146761429056974,0.9128463707955986,-30.090769940139843,standard-halo-model,scale_dependent_camb
7,0.17404257,0.21083225,2620,2639,2629.5126425855515,6.966016867838212e-07,6.362276033560892e-07,6.349344024066526e-07,8.047914777414814e-09,2.8453675567607193e-09,0.9133305523469567,0.9114741098864062,-21.21837766944399,standard-halo-model,scale_dependent_camb
7,0.17404257,0.21083225,2640,2659,2649.512547169811,6.886411971736304e-07,6.289742920559467e-07,6.277033452805642e-07,6.573790592869464e-09,2.324185953159166e-09,0.9133555974249393,0.9115100111013229,-25.672173535246213,standard-halo-model,scale_dependent_camb
7,0.17404257,0.21083225,2660,2679,2669.5124531835204,6.808084239826237e-07,6.216400490104625e-07,6.203907664966384e-07,5.839997365040994e-09,2.064750869466028e-09,0.9130910063861498,0.911256007773007,-28.656423323101922,standard-halo-model,scale_dependent_camb
7,0.17404257,0.21083225,2680,2699,2689.5123605947956,6.731013706709433e-07,6.142766543109848e-07,6.13036592778976e-07,6.555528380375031e-09,2.3177292860120245e-09,0.9126064528715453,0.9107641426549242,-25.380322333146452,standard-halo-model,scale_dependent_camb
7,0.17404257,0.21083225,2700,2719,2709.512269372694,6.655180659067385e-07,6.049284599822502e-07,6.037256947793194e-07,3.441242951097421e-09,1.2166631132156965e-09,0.9089587360157719,0.9071514744784129,-49.79982154990066,standard-halo-model,scale_dependent_camb
7,0.17404257,0.21083225,2720,2739,2729.5121794871793,6.580565623163548e-07,6.012734490597708e-07,6.000584864599868e-07,6.252086530065638e-09,2.210446390987242e-09,0.9137108927890517,0.9118646037778042,-25.68852766034432,standard-halo-model,scale_dependent_camb
7,0.17404257,0.21083225,2740,2759,2749.512090909091,6.507149301928545e-07,5.944770251397734e-07,5.932857550139849e-07,4.58686866795906e-09,1.6217029697629787e-09,0.9135752040660667,0.9117444943796678,-34.67830182323743,standard-halo-model,scale_dependent_camb
7,0.17404257,0.21083225,2760,2779,2769.5120036101084,6.434912668121283e-07,5.875545846057883e-07,5.863729850001736e-07,5.2876502796660875e-09,1.8694666846474173e-09,0.9130731292074068,0.9112368966638504,-29.921197668676143,standard-halo-model,scale_dependent_camb
7,0.17404257,0.21083225,2780,2799,2789.511917562724,6.363836824093307e-07,5.832227689556091e-07,5.820450274888154e-07,6.110713156398713e-09,2.160463355387691e-09,0.9164640531755058,0.9146133748829154,-24.606255561405717,standard-halo-model,scale_dependent_camb
7,0.17404257,0.21083225,2800,2819,2809.5118327402133,6.293903171221464e-07,5.768514703114546e-07,5.756906372014791e-07,5.138010727548338e-09,1.8165611136293283e-09,0.9165242213275177,0.9146798441923827,-28.922146585932246,standard-halo-model,scale_dependent_camb
7,0.17404257,0.21083225,2820,2839,2829.511749116608,6.225093297139548e-07,5.70132489954772e-07,5.689884088958796e-07,4.959050720846663e-09,1.753289196479356e-09,0.9158617594000557,0.9140239057257692,-29.873474304385525,standard-halo-model,scale_dependent_camb
7,0.17404257,0.21083225,2840,2859,2849.5116666666668,6.157388997261637e-07,5.649923771579652e-07,5.6386238762883e-07,4.152510153946596e-09,1.4681340444008163e-09,0.9175843485107616,0.9157491720591233,-34.56531967345635,standard-halo-model,scale_dependent_camb
7,0.17404257,0.21083225,2860,2879,2869.5115853658535,6.090772302174028e-07,5.572473699436926e-07,5.561407995069143e-07,3.2962784559046307e-09,1.165410424424643e-09,0.9149042884837278,0.9130874902488254,-44.47348263535426,standard-halo-model,scale_dependent_camb
7,0.17404257,0.21083225,2880,2899,2889.5115051903113,6.02522546258178e-07,5.484415173904966e-07,5.473364591344598e-07,5.831982608003356e-09,2.06191722494059e-09,0.9102423150742845,0.9084082621199187,-26.228515972186788,standard-halo-model,scale_dependent_camb
7,0.17404257,0.21083225,2900,2919,2909.5114261168383,5.960730965319649e-07,5.459908951540936e-07,5.44898326508794e-07,3.918048116326163e-09,1.3852391960347044e-09,0.9159797654528338,0.9141468213866508,-36.15419020861767,standard-halo-model,scale_dependent_camb
7,0.17404257,0.21083225,2920,2939,2929.511348122867,5.897271526398284e-07,5.399761342646687e-07,5.388913525233464e-07,5.192049624938863e-09,1.8356667490256703e-09,0.9156372262113819,0.9137977624246689,-27.102423902141496,standard-halo-model,scale_dependent_camb
7,0.17404257,0.21083225,2940,2959,2949.511271186441,5.834830077451457e-07,5.3426306764171e-07,5.331967274288653e-07,4.06670284184152e-09,1.4377965782683712e-09,0.9156446041271282,0.9138170612532311,-34.232895562120696,standard-halo-model,scale_dependent_camb
7,0.17404257,0.21083225,2960,2979,2969.5111952861953,5.773389802323945e-07,5.272267605474828e-07,5.261621147462134e-07,5.276563637563172e-09,1.8655469647416376e-09,0.9132013922483804,0.911357335571589,-26.861944851574307,standard-halo-model,scale_dependent_camb
7,0.17404257,0.21083225,2980,2999,2989.511120401338,5.712934093224526e-07,5.21760053625569e-07,5.20716051132601e-07,4.067950781845082e-09,1.4382377916878875e-09,0.9132961191419493,0.9114686825289378,-34.440310206806735,standard-halo-model,scale_dependent_camb
7,0.17404257,0.21083225,3000,3019,3009.5110465116277,5.653446527794421e-07,5.169595191614279e-07,5.15922563095192e-07,4.056278923358737e-09,1.4341111665455155e-09,0.9144148027576892,0.912580601158474,-33.738760806503116,standard-halo-model,scale_dependent_camb
7,0.17404257,0.21083225,3020,3039,3029.5109735973597,5.59491091044707e-07,5.114039950227728e-07,5.103796943867486e-07,3.8960870996243825e-09,1.3774748041189143e-09,0.9140520791275804,0.9122213071056138,-34.90960116159263,standard-halo-model,scale_dependent_camb
7,0.17404257,0.21083225,3040,3059,3049.5109016393444,5.537311337298962e-07,5.059984018194094e-07,5.049803188150259e-07,4.567300393121966e-09,1.6147845398462631e-09,0.9137979986984618,0.9119594114448866,-29.5598147818725,standard-halo-model,scale_dependent_camb
7,0.17404257,0.21083225,3060,3079,3069.5108306188927,5.480632146428016e-07,5.011168941628105e-07,5.001112048531916e-07,4.339431753169541e-09,1.5342208095812055e-09,0.9143414131331762,0.91250642533843,-30.599454906889207,standard-halo-model,scale_dependent_camb
7,0.17404257,0.21083225,3080,3099,3089.5107605177996,5.424857901002023e-07,4.959445809610431e-07,4.949459078244413e-07,4.855822997831965e-09,1.7167926850042861e-09,0.9142075055448685,0.9123665851837706,-27.109393898100773,standard-halo-model,scale_dependent_camb
7,0.17404257,0.21083225,3100,3119,3109.510691318328,5.369973443378439e-07,4.903524069542045e-07,4.893713160140856e-07,3.797571393652967e-09,1.3426442422460304e-09,0.9131374896440951,0.9113104956180285,-34.74109962711331,standard-halo-model,scale_dependent_camb
7,0.17404257,0.21083225,3120,3139,3129.5106230031947,5.315963676220172e-07,4.841209245662168e-07,4.831500735077799e-07,3.9258785936868865e-09,1.388007687855552e-09,0.9106926872578688,0.9088663936306572,-34.20402024512501,standard-halo-model,scale_dependent_camb
7,0.17404257,0.21083225,3140,3159,3149.5105555555556,5.262813620891418e-07,4.813963047148668e-07,4.804372315379019e-07,3.1806313220851628e-09,1.1245229881503762e-09,0.9147128121807354,0.912890453940349,-39.91475305284984,standard-halo-model,scale_dependent_camb
7,0.17404257,0.21083225,3160,3179,3169.5104889589907,5.210508749326221e-07,4.77024435203401e-07,4.760690535731839e-07,3.5858875728427683e-09,1.2678027096648456e-09,0.9155045277778026,0.9136709608917655,-34.72657014659624,standard-halo-model,scale_dependent_camb
7,0.17404257,0.21083225,3180,3199,3189.510423197492,5.1590349079097e-07,4.7122467296185844e-07,4.7029697517124656e-07,1.6956758489774317e-09,5.995119457530989e-10,0.9133969460826653,0.9115987458239511,-74.52531704432785,standard-halo-model,scale_dependent_camb
7,0.17404257,0.21083225,3200,3219,3209.5103582554516,5.108378120806458e-07,4.6565365946668787e-07,4.647216701252026e-07,4.594102231803432e-09,1.6242604207862293e-09,0.9115489269873689,0.9097244940275431,-27.818293197150222,standard-halo-model,scale_dependent_camb
7,0.17404257,0.21083225,3220,3239,3229.510294117647,5.058524149055601e-07,4.6235506249620826e-07,4.6143369764008426e-07,3.3025320505883703e-09,1.1676214040284752e-09,0.9140117727470519,0.9121903623337083,-37.25295910068045,standard-halo-model,scale_dependent_camb
7,0.17404257,0.21083225,3240,3259,3249.510230769231,5.009459138139919e-07,4.5878329332375464e-07,4.5787030939115316e-07,2.5428910826466983e-09,8.990477641791409e-10,0.9158339866089957,0.9140114666374276,-46.89697496632239,standard-halo-model,scale_dependent_camb
7,0.17404257,0.21083225,3260,3279,3269.5101681957185,4.961170004096241e-07,4.532970428933519e-07,4.5239106679194954e-07,3.324866412385675e-09,1.1755177933686494e-09,0.9136898000251604,0.9118636660675369,-36.42646479519822,standard-halo-model,scale_dependent_camb
7,0.17404257,0.21083225,3280,3299,3289.510106382979,4.913643701914283e-07,4.4995892970112466e-07,4.4905531489591095e-07,4.0907973503632365e-09,1.4463152734509026e-09,0.915733734470465,0.9138947431637455,-28.62822598250684,standard-halo-model,scale_dependent_camb
7,0.17404257,0.21083225,3300,3319,3309.5100453172204,4.866866575975396e-07,4.454994288428523e-07,4.4460193193265725e-07,4.222359024899485e-09,1.4928293495553219e-09,0.9153721843166971,0.9135280883338209,-27.590044881523802,standard-halo-model,scale_dependent_camb
7,0.17404257,0.21083225,3320,3339,3329.509984984985,4.820825907131732e-07,4.4156494180374323e-07,4.4068549741373794e-07,2.4761136432112575e-09,8.754383740516037e-10,0.9159528892145019,0.9141286283783986,-46.28269688694458,standard-halo-model,scale_dependent_camb
7,0.17404257,0.21083225,3340,3359,3349.509925373134,4.77550962088911e-07,4.3622311956086663e-07,4.353523805921184e-07,2.7106425732846355e-09,9.583568724712595e-10,0.913458780718884,0.9116354382112289,-43.12364601870561,standard-halo-model,scale_dependent_camb
7,0.17404257,0.21083225,3360,3379,3369.5098664688426,4.730904910678856e-07,4.334183931532083e-07,4.325561360285465e-07,2.222949222599021e-09,7.859312347665658e-10,0.916142685884201,0.9143200808203886,-50.47782319843864,standard-halo-model,scale_dependent_camb
7,0.17404257,0.21083225,3380,3399,3389.509808259587,4.686999189927135e-07,4.296801898125908e-07,4.2881880066914855e-07,3.6129935507025876e-09,1.2773861200425309e-09,0.9167490165904439,0.9149111900653327,-30.54654232412006,standard-halo-model,scale_dependent_camb
7,0.17404257,0.21083225,3400,3419,3409.509750733138,4.643781294260486e-07,4.251658145238629e-07,4.2431205955219033e-07,3.938204481823769e-09,1.3923655473984202e-09,0.9155595140739069,0.9137210231597724,-28.16237084826781,standard-halo-model,scale_dependent_camb
7,0.17404257,0.21083225,3420,3439,3429.509693877551,4.601238981385794e-07,4.216576753089057e-07,4.2081974655284735e-07,2.9703767038260975e-09,1.0501867549769893e-09,0.9164002935181417,0.914579199766115,-36.627983210963784,standard-halo-model,scale_dependent_camb
7,0.17404257,0.21083225,3440,3459,3449.5096376811593,4.559360215000721e-07,4.177985994434975e-07,4.1696374404130823e-07,3.1674643820875233e-09,1.1198677718704725e-09,0.9163535666010794,0.914522486443292,-34.05529028920542,standard-halo-model,scale_dependent_camb
7,0.17404257,0.21083225,3460,3479,3469.509582132565,4.518134604213072e-07,4.1315648779232986e-07,4.12327751929785e-07,3.243694858381065e-09,1.1468193152305945e-09,0.9144404139864923,0.9126061705760103,-33.707988796129136,standard-halo-model,scale_dependent_camb
7,0.17404257,0.21083225,3480,3499,3489.5095272206304,4.477550057513823e-07,4.1032189664188054e-07,4.095089386698918e-07,1.905260624212812e-09,6.736113536542968e-10,0.9163982342381971,0.914582603007845,-55.57078114320614,standard-halo-model,scale_dependent_camb
7,0.17404257,0.21083225,3500,3519,3509.509472934473,4.4375957129719716e-07,4.067120961840411e-07,4.058965325030643e-07,3.363422415427583e-09,1.1891493989718405e-09,0.916514532847463,0.9146766825029786,-31.154601049445898,standard-halo-model,scale_dependent_camb
7,0.17404257,0.21083225,3520,3539,3529.509419263456,4.398261457887617e-07,4.027452513059185e-07,4.019417822524538e-07,2.5977172534228373e-09,9.184317427502906e-10,0.9156919277358007,0.9138651398989297,-40.37414296222231,standard-halo-model,scale_dependent_camb
7,0.17404257,0.21083225,3540,3559,3549.509366197183,4.3595353863771094e-07,4.0086481635057863e-07,4.000656519433529e-07,2.9731718252285216e-09,1.0511749796259362e-09,0.9195127022095536,0.9176795609768365,-33.380477053990326,standard-halo-model,scale_dependent_camb
7,0.17404257,0.21083225,3560,3579,3569.5093137254903,4.321408325561718e-07,3.9593364626552515e-07,3.9513883433455867e-07,3.2479235315058545e-09,1.1483143769515743e-09,0.9162143829906648,0.9143751401534049,-31.530726269199654,standard-halo-model,scale_dependent_camb
7,0.17404257,0.21083225,3580,3599,3589.50926183844,4.283869136374305e-07,3.9347255864093194e-07,3.9268507164195533e-07,2.857929258193835e-09,1.01043057931015e-09,0.9184980822592339,0.9166598211594956,-34.553937411846306,standard-halo-model,scale_dependent_camb
7,0.17404257,0.21083225,3600,3619,3609.5092105263157,4.246907957533698e-07,3.903052621651831e-07,3.895248526352015e-07,3.6414362820700056e-09,1.2874421441552151e-09,0.9190339561581754,0.9171963615180627,-26.70841073852647,standard-halo-model,scale_dependent_camb
7,0.17404257,0.21083225,3620,3639,3629.5091597796145,4.210515304616581e-07,3.8731011331098775e-07,3.865401061298288e-07,2.174369199149898e-09,7.687556027610277e-10,0.9198639246990151,0.9180351528612434,-43.89095445872033,standard-halo-model,scale_dependent_camb
7,0.17404257,0.21083225,3640,3659,3649.509109589041,4.1746804818921107e-07,3.837933109485792e-07,3.830251310468954e-07,2.805172614635548e-09,9.917782891037968e-10,0.9193357733922446,0.9174956807072696,-33.95389636030596,standard-halo-model,scale_dependent_camb
7,0.17404257,0.21083225,3660,3679,3669.5090599455043,4.1393952263752223e-07,3.8156985087612676e-07,3.8080807012687777e-07,2.786778191549683e-09,9.852748784537822e-10,0.9218009636887442,0.9199606447349147,-32.85344269834023,standard-halo-model,scale_dependent_camb
7,0.17404257,0.21083225,3680,3699,3689.509010840108,4.104648641402661e-07,3.7661199714061184e-07,3.758528696404452e-07,4.141804404323979e-09,1.464348990322897e-09,0.9175255424832516,0.9156761089105226,-23.118032124425156,standard-halo-model,scale_dependent_camb
7,0.17404257,0.21083225,3700,3719,3709.508962264151,4.0704330694820537e-07,3.7441654506525674e-07,3.7366497314922223e-07,3.4043427745908698e-09,1.203616930698315e-09,0.9198444948583806,0.9179980772826455,-27.1072639897307,standard-halo-model,scale_dependent_camb
7,0.17404257,0.21083225,3720,3739,3729.508914209115,4.0367378879844284e-07,3.71340503391937e-07,3.705987194343877e-07,2.3920885699098053e-09,8.457310244910269e-10,0.919902440277959,0.9180648576106344,-38.23116862239326,standard-halo-model,scale_dependent_camb
7,0.17404257,0.21083225,3740,3759,3749.5088666666666,4.003555730032886e-07,3.6898268015437667e-07,3.6824398867848e-07,2.7118658203495496e-09,9.58789355618593e-10,0.9216374269163621,0.9197923383857958,-32.72136123024721,standard-halo-model,scale_dependent_camb
7,0.17404257,0.21083225,3760,3779,3769.5088196286474,3.9708763438295764e-07,3.6539610190842443e-07,3.646661431039868e-07,2.5410344565835293e-09,8.983913477394437e-10,0.9201900796438063,0.9183517982639997,-35.27586563948582,standard-halo-model,scale_dependent_camb
7,0.17404257,0.21083225,3780,3799,3789.5087730870714,3.9386926513189806e-07,3.627039431440823e-07,3.619776747497621e-07,2.8691572364595526e-09,1.014400269095502e-09,0.9208739428363897,0.9190300101952454,-30.72290390420002,standard-halo-model,scale_dependent_camb
7,0.17404257,0.21083225,3800,3819,3809.5087270341205,3.906994721597918e-07,3.610714250844758e-07,3.6034784471744345e-07,2.96688987595097e-09,1.0489539751593229e-09,0.9241666570176515,0.9223146443619078,-28.24532608384068,standard-halo-model,scale_dependent_camb
7,0.17404257,0.21083225,3820,3839,3829.508681462141,3.875775793538209e-07,3.570143300210828e-07,3.5630084721977486e-07,2.711869356754786e-09,9.58790605926655e-10,0.9211428860676256,0.9193020086812261,-31.876876080986676,standard-halo-model,scale_dependent_camb
7,0.17404257,0.21083225,3840,3859,3849.5086363636365,3.845026218318447e-07,3.5409551521131223e-07,3.5338219307038597e-07,3.5929686709728326e-09,1.2703062559178536e-09,0.9209183373687618,0.9190631558942433,-23.93683135769647,standard-halo-model,scale_dependent_camb
7,0.17404257,0.21083225,3860,3879,3869.5085917312663,3.814739559967819e-07,3.5136656388515237e-07,3.5065415968774626e-07,4.156714543164687e-09,1.469620520464246e-09,0.921076153068013,0.9192086489141722,-20.48650770208268,standard-halo-model,scale_dependent_camb
7,0.17404257,0.21083225,3880,3899,3889.5085475578408,3.784906486182217e-07,3.4888544170849724e-07,3.4819180869037917e-07,1.9447871788078587e-09,6.875861010498457e-10,0.9217808761780353,0.9199482469686998,-43.056726807772165,standard-halo-model,scale_dependent_camb
7,0.17404257,0.21083225,3900,3919,3909.5085038363172,3.755520679659726e-07,3.46884021309693e-07,3.4618819476217143e-07,2.8441163613750614e-09,1.0055469828059576e-09,0.923664255634249,0.9218114458460079,-28.509902716113796,standard-halo-model,scale_dependent_camb
7,0.17404257,0.21083225,3920,3939,3929.5084605597963,3.7265734832965555e-07,3.4446485577340406e-07,3.437779540250021e-07,2.0907334803103603e-09,7.391859107906034e-10,0.9243474127570076,0.9225041598291347,-38.13992142531226,standard-halo-model,scale_dependent_camb
7,0.17404257,0.21083225,3940,3959,3949.508417721519,3.698058189643148e-07,3.4208219797802694e-07,3.4139646642368516e-07,3.076305906389909e-09,1.0876383837062665e-09,0.9250319503789012,0.9231776486908903,-25.489741261076205,standard-halo-model,scale_dependent_camb
7,0.17404257,0.21083225,3960,3979,3969.5083753148615,3.669967379256543e-07,3.389600808522314e-07,3.3828000617602414e-07,2.9887788079939327e-09,1.0566928812995779e-09,0.9236051600025325,0.9217520790186219,-26.532455711201457,standard-halo-model,scale_dependent_camb
7,0.17404257,0.21083225,3980,3999,3989.508333333333,3.6422934545545277e-07,3.3648689007724455e-07,3.3581500223236795e-07,2.178254695302293e-09,7.701293330998441e-10,0.9238324541271723,0.921987770679065,-36.02311220446856,standard-halo-model,scale_dependent_camb
7,0.17404257,0.21083225,4000,4019,4009.5082917705736,3.6150304107644083e-07,3.342715914436131e-07,3.336028642326428e-07,2.4653887915183215e-09,8.716465663719563e-10,0.9246715890639782,0.9228217368221298,-31.24138920912961,standard-halo-model,scale_dependent_camb
7,0.17404257,0.21083225,4020,4039,4029.5082506203476,3.5881700755262905e-07,3.321994900507117e-07,3.3153645491530054e-07,2.091416220401238e-09,7.394272958646271e-10,0.9258186848960517,0.9239708484739895,-35.99747757592986,standard-halo-model,scale_dependent_camb
7,0.17404257,0.21083225,4040,4059,4049.5082098765433,3.561706892491424e-07,3.295674506177007e-07,3.2891416763448266e-07,1.5546619119441159e-09,5.496559901940638e-10,0.9253076139209404,0.9234734287874157,-48.39979752071666,standard-halo-model,scale_dependent_camb
7,0.17404257,0.21083225,4060,4079,4069.5081695331696,3.535633541958958e-07,3.2763791252881795e-07,3.269883482542182e-07,1.5942020858993246e-09,5.636355527605757e-10,0.9266738439959659,0.9248366505569652,-45.99681751816424,standard-halo-model,scale_dependent_camb
7,0.17404257,0.21083225,4080,4096,4088.005870123517,3.5118555937825177e-07,3.2488246191128173e-07,3.2423962945498955e-07,1.3541236159382475e-09,4.787549956973915e-10,0.9251019958977307,0.9232715320898501,-54.94062245482141,standard-halo-model,scale_dependent_camb
8,0.13796899,0.17404257,20,39,30.608333333333334,0.00016475861319194387,0.00015896606292945477,0.00016185442362539213,5.7546004832119845e-06,2.0345585123492887e-06,0.9648422006578753,0.9823730637792614,-2.847079711558891,standard-halo-model,scale_dependent_camb
8,0.13796899,0.17404257,40,59,50.165,9.744633868710206e-05,9.363692779361773e-05,9.5353238167903e-05,2.8021578297191893e-06,9.907124016747088e-07,0.96090760366363,0.9785204806317047,-3.845122850026782,standard-halo-model,scale_dependent_camb
8,0.13796899,0.17404257,60,79,69.975,6.356895950471843e-05,6.25839737371399e-05,6.371895264010431e-05,1.9109657300734627e-06,6.756284131750235e-07,0.9845052400534349,1.002359534221647,-1.4578809126006465,standard-halo-model,scale_dependent_camb
8,0.13796899,0.17404257,80,99,89.86944444444444,4.373448210619746e-05,4.363121197136076e-05,4.443056412833725e-05,1.185158422030694e-06,4.1901677849912593e-07,0.9976387022353225,1.0159160915739107,-0.24645823302493597,standard-halo-model,scale_dependent_camb
8,0.13796899,0.17404257,100,119,109.80227272727272,3.1621149085628047e-05,3.275916838756744e-05,3.3356730543837715e-05,5.468431477208908e-07,1.933382489994194e-07,1.0359891823936478,1.0548867295590627,5.886157073569096,standard-halo-model,scale_dependent_camb
8,0.13796899,0.17404257,120,139,129.75576923076923,2.413216120277831e-05,2.5808570957375882e-05,2.627850192328136e-05,4.1974838793325546e-07,1.4840346574986326e-07,1.069467866574858,1.0889410899615548,11.296297873684365,standard-halo-model,scale_dependent_camb
8,0.13796899,0.17404257,140,159,149.72166666666666,1.9036474637297346e-05,2.0486649026710393e-05,2.0860931794669818e-05,4.2689886054492926e-07,1.5093153958606486e-07,1.0761787262107756,1.0958400750209227,9.608160053161868,standard-halo-model,scale_dependent_camb
8,0.13796899,0.17404257,160,179,169.6955882352941,1.5469511060152622e-05,1.6802780960782773e-05,1.7109598324189546e-05,2.693260390234206e-07,9.52211342717867e-08,1.0861869451106618,1.1060206271329136,14.001827544131542,standard-halo-model,scale_dependent_camb
8,0.13796899,0.17404257,180,199,189.675,1.2999593393803436e-05,1.415529643558903e-05,1.4414591768249067e-05,3.416887991672014e-07,1.2080523347330822e-07,1.0889030146386338,1.1088494333307473,9.566663699556898,standard-halo-model,scale_dependent_camb
8,0.13796899,0.17404257,200,219,209.65833333333333,1.1201682725286251e-05,1.2208643160892853e-05,1.2430923401806534e-05,2.0252001848224132e-07,7.160163919740889e-08,1.0898936758254656,1.1097371445582405,14.063371270458864,standard-halo-model,scale_dependent_camb
8,0.13796899,0.17404257,220,239,229.64456521739132,9.875178317474582e-06,1.0602601907835722e-05,1.0795798551317163e-05,1.5457711368845542e-07,5.4651262652675356e-08,1.073661818245239,1.09322568203285,13.31027967247761,standard-halo-model,scale_dependent_camb
8,0.13796899,0.17404257,240,259,249.633,8.878056285640637e-06,9.246532615155282e-06,9.415104129493731e-06,2.032198777955766e-07,7.184907683057685e-08,1.041504166864837,1.0604916016044768,5.12847688194419,standard-halo-model,scale_dependent_camb
8,0.13796899,0.17404257,260,279,269.6231481481482,8.104841187279054e-06,8.338208013152573e-06,8.490142641053149e-06,1.2838762568104955e-07,4.5391880369755136e-08,1.028793510012238,1.047539667326097,5.141157933369354,standard-halo-model,scale_dependent_camb
8,0.13796899,0.17404257,280,299,289.6146551724138,7.492542736510758e-06,7.481029210746088e-06,7.617162808494908e-06,1.528269244848233e-07,5.403247732555148e-08,0.9984633353229251,1.016632547369651,-0.21308528378775332,standard-halo-model,scale_dependent_camb
8,0.13796899,0.17404257,300,319,309.60725806451615,6.995785944691782e-06,6.797888204653948e-06,6.921691533117659e-06,1.1487480791800834e-07,4.0614377833162895e-08,0.9717118645992887,0.9894087080193835,-4.872603018831525,standard-halo-model,scale_dependent_camb
8,0.13796899,0.17404257,320,339,329.6007575757576,6.583064524116355e-06,6.263379461931803e-06,6.377337294065451e-06,1.1500713659603763e-07,4.066116308595288e-08,0.951438260856563,0.968749018136273,-7.862172105327533,standard-halo-model,scale_dependent_camb
8,0.13796899,0.17404257,340,359,349.595,6.232841129705497e-06,5.754856087801911e-06,5.859500033634822e-06,1.2550907280532246e-07,4.43741582405398e-08,0.9233118521783706,0.9401009766972329,-10.771698232844539,standard-halo-model,scale_dependent_camb
8,0.13796899,0.17404257,360,379,369.58986486486486,5.93072420804054e-06,5.349244401292404e-06,5.446520451910807e-06,9.882212332037493e-08,3.493889676554518e-08,0.9019546709051487,0.9183567235392134,-16.642763812781844,standard-halo-model,scale_dependent_camb
8,0.13796899,0.17404257,380,399,389.5852564102564,5.6665254470523275e-06,5.023124486903691e-06,5.114496453670925e-06,1.2948551266757724e-07,4.578004203633023e-08,0.8864558244447085,0.902580691017886,-14.054180195772748,standard-halo-model,scale_dependent_camb
8,0.13796899,0.17404257,400,419,409.5810975609756,5.432855135597535e-06,4.761322212676996e-06,4.847872937176953e-06,1.0494755684344493e-07,3.7104564556480285e-08,0.8763941047276462,0.892325088039322,-18.098391153420927,standard-halo-model,scale_dependent_camb
8,0.13796899,0.17404257,420,439,429.57732558139537,5.224236539242469e-06,4.554970134399545e-06,4.637670651471031e-06,1.0605380724435261e-07,3.749568313656636e-08,0.8718920171750169,0.8877221803864778,-17.84915885930998,standard-halo-model,scale_dependent_camb
8,0.13796899,0.17404257,440,459,449.5738888888889,5.036543895307251e-06,4.295536150480497e-06,4.373642330310301e-06,7.996314048033227e-08,2.8271239439307734e-08,0.8528737641863541,0.8683816563944571,-26.21065646653157,standard-halo-model,scale_dependent_camb
8,0.13796899,0.17404257,460,479,469.5707446808511,4.866579565345352e-06,4.141242435862498e-06,4.216607715244569e-06,6.797080038458464e-08,2.4031306937308495e-08,0.8509554565494131,0.866441750027227,-30.18300799765372,standard-halo-model,scale_dependent_camb
8,0.13796899,0.17404257,480,499,489.5678571428571,4.711794962690032e-06,3.981920486766018e-06,4.054121008756505e-06,1.1264309847933471e-07,3.982534939430082e-08,0.8450962994562655,0.8604196576588615,-18.32688192381462,standard-halo-model,scale_dependent_camb
8,0.13796899,0.17404257,500,519,509.56519607843137,4.570113254692762e-06,3.846535707212979e-06,3.91646124543468e-06,7.65289572258565e-08,2.7057072305769185e-08,0.8416718564388341,0.8569724703021555,-26.74264012390946,standard-halo-model,scale_dependent_camb
8,0.13796899,0.17404257,520,539,529.5627358490566,4.439806237620298e-06,3.6818883955397694e-06,3.7488346538278665e-06,7.107468958716075e-08,2.5128697488905133e-08,0.8292903335153727,0.8443689776509735,-30.161445590849507,standard-halo-model,scale_dependent_camb
8,0.13796899,0.17404257,540,559,549.5604545454545,4.3194133010764985e-06,3.586039035264953e-06,3.651289701309576e-06,7.366277353887099e-08,2.6043723345172324e-08,0.8302143798953503,0.8453207523344871,-28.15934788170331,standard-halo-model,scale_dependent_camb
8,0.13796899,0.17404257,560,579,569.5583333333333,4.207688519970754e-06,3.5271679583450676e-06,3.5914002063405485e-06,6.105792705611272e-08,2.1587237133285438e-08,0.8382673626158962,0.8535328100677735,-31.524208374789623,standard-halo-model,scale_dependent_camb
8,0.13796899,0.17404257,580,599,589.5563559322034,4.103563243363534e-06,3.4249956251678967e-06,3.4873999727121203e-06,4.229701916395339e-08,1.49542545374044e-08,0.8346394150758983,0.8498467711816308,-45.376224973191896,standard-halo-model,scale_dependent_camb
8,0.13796899,0.17404257,600,619,609.5545081967213,4.006117627832171e-06,3.3485038620874096e-06,3.4094682614625555e-06,5.8506401422762144e-08,2.068513659442869e-08,0.8358476143645798,0.8510654399600143,-31.79160856602138,standard-halo-model,scale_dependent_camb
8,0.13796899,0.17404257,620,639,629.5527777777778,3.9145570629547426e-06,3.2762068767154096e-06,3.3357973384288237e-06,6.066380447276621e-08,2.1447893757633897e-08,0.8369291401368664,0.8521519254367272,-29.762837948231002,standard-halo-model,scale_dependent_camb
8,0.13796899,0.17404257,640,659,649.5511538461539,3.828195286207146e-06,3.210316852706506e-06,3.2687879590058547e-06,4.847835777624177e-08,1.7139687762184075e-08,0.838597984871139,0.853871789347629,-36.04957348545684,standard-halo-model,scale_dependent_camb
8,0.13796899,0.17404257,660,679,669.5496268656716,3.7464392005587175e-06,3.1406863495960086e-06,3.1979490914134154e-06,3.7253175182337086e-08,1.3170986396080476e-08,0.8383123764900893,0.8535969543924524,-45.991456732729866,standard-halo-model,scale_dependent_camb
8,0.13796899,0.17404257,680,699,689.5481884057971,3.668775770822771e-06,3.0973463503800368e-06,3.153788947454427e-06,4.9538277167053395e-08,1.7514425856561082e-08,0.8442452043574787,0.8596297905519444,-32.62621481986353,standard-halo-model,scale_dependent_camb
8,0.13796899,0.17404257,700,719,709.5468309859154,3.5947608077338555e-06,3.042525228613387e-06,3.097962259832656e-06,3.9873776571329253e-08,1.40975089025521e-08,0.8463776566350741,0.8617992755366713,-39.17256466640685,standard-halo-model,scale_dependent_camb
8,0.13796899,0.17404257,720,739,729.5455479452055,3.52400925685758e-06,3.0022685577606307e-06,3.0568898278399182e-06,4.673023484802088e-08,1.652163297373774e-08,0.8519468420573348,0.8674465942140571,-31.57924521905865,standard-halo-model,scale_dependent_camb
8,0.13796899,0.17404257,740,759,749.5443333333334,3.4561870493204363e-06,2.9421578213547575e-06,2.9957386642149003e-06,4.0515999984224624e-08,1.432456916769964e-08,0.8512727405576187,0.8667756175997273,-35.88444594373975,standard-halo-model,scale_dependent_camb
8,0.13796899,0.17404257,760,779,769.5431818181818,3.3910038246680347e-06,2.8965990133976947e-06,2.949338879595887e-06,3.81566385481803e-08,1.3490408932351155e-08,0.85420104581606,0.8697539230539248,-36.648615601615674,standard-halo-model,scale_dependent_camb
8,0.13796899,0.17404257,780,799,789.5420886075949,3.3282071416664245e-06,2.8498305421942325e-06,2.9016820615260356e-06,4.682735778671623e-08,1.6555971118017862e-08,0.8562659777141545,0.8718453924334683,-28.894505557066037,standard-halo-model,scale_dependent_camb
8,0.13796899,0.17404257,800,819,809.5410493827161,3.2675770791929895e-06,2.827512955110615e-06,2.8788873599631697e-06,5.666265476516202e-08,2.003327371223915e-08,0.8653240265135353,0.8810465033235524,-21.96666058695745,standard-halo-model,scale_dependent_camb
8,0.13796899,0.17404257,820,839,829.5400602409638,3.208921823490361e-06,2.7637256050589865e-06,2.814015744564265e-06,5.2778836025446874e-08,1.8660136428363166e-08,0.8612629902129768,0.8769349642502183,-23.85814381049658,standard-halo-model,scale_dependent_camb
8,0.13796899,0.17404257,840,859,849.5391176470588,3.1520738640400082e-06,2.7230722433335726e-06,2.7725880266872215e-06,5.5639216607059244e-08,1.967143368137938e-08,0.8638986143057622,0.8796075683117399,-21.808355590905443,standard-halo-model,scale_dependent_camb
8,0.13796899,0.17404257,860,879,869.5382183908046,3.0968866581851348e-06,2.6828470629783423e-06,2.7316781484137425e-06,4.15885647774371e-08,1.4703778086970887e-08,0.866304569425401,0.8820723681294119,-28.158721707972155,standard-halo-model,scale_dependent_camb
8,0.13796899,0.17404257,880,899,889.5373595505617,3.043232068403656e-06,2.6487067361627976e-06,2.6968989709119464e-06,5.23839163297306e-08,1.8520511230930613e-08,0.8703597611444044,0.8861956335543676,-21.30207569983122,standard-halo-model,scale_dependent_camb
8,0.13796899,0.17404257,900,919,909.5365384615385,2.99099762256561e-06,2.5995891581031423e-06,2.6468806212295094e-06,4.971052289130866e-08,1.7575323916386725e-08,0.8691378216052454,0.8849490889795744,-22.270341435785983,standard-halo-model,scale_dependent_camb
8,0.13796899,0.17404257,920,939,929.535752688172,2.9400846646301077e-06,2.574240533718145e-06,2.6210544099140526e-06,5.1196495816652535e-08,1.810069468247186e-08,0.8755668041423598,0.8914894327520353,-20.21160719683509,standard-halo-model,scale_dependent_camb
8,0.13796899,0.17404257,940,959,949.535,2.8904064476788335e-06,2.5398600602336053e-06,2.5861478784469314e-06,3.239064148094545e-08,1.14518211190794e-08,0.8787207288003605,0.8947350226552948,-30.610536420377496,standard-halo-model,scale_dependent_camb
8,0.13796899,0.17404257,960,979,969.5342783505155,2.841886629756118e-06,2.484975065144648e-06,2.5301931290481046e-06,4.1474452178885804e-08,1.4663433190843666e-08,0.8744103438629784,0.8903216273849875,-24.340245559569055,standard-halo-model,scale_dependent_camb
8,0.13796899,0.17404257,980,999,989.5335858585859,2.7944579015114365e-06,2.464753368400104e-06,2.509539710123243e-06,4.9360814683508804e-08,1.745168339380079e-08,0.882014850560817,0.8980416948725225,-18.892420041750853,standard-halo-model,scale_dependent_camb
8,0.13796899,0.17404257,1000,1019,1009.5329207920792,2.7480608637455686e-06,2.4283639092024334e-06,2.472548229347142e-06,3.757621870734073e-08,1.3285199529654718e-08,0.8836645291373232,0.899742892148718,-24.06414399945742,standard-halo-model,scale_dependent_camb
8,0.13796899,0.17404257,1020,1039,1029.532281553398,2.7026429797560103e-06,2.3885642433326526e-06,2.4319441736562824e-06,5.023054704291072e-08,1.7759180218376024e-08,0.8837882995364367,0.8998392284414252,-17.68542987690219,standard-halo-model,scale_dependent_camb
8,0.13796899,0.17404257,1040,1059,1049.5316666666668,2.6581577674707157e-06,2.3512338347793785e-06,2.3940188183097944e-06,4.033202372686094e-08,1.425952373812005e-08,0.8845350955284416,0.9006308231989352,-21.524136312549913,standard-halo-model,scale_dependent_camb
8,0.13796899,0.17404257,1060,1079,1069.5310747663552,2.614563967933571e-06,2.320914063231628e-06,2.363185025670285e-06,3.258244926357231e-08,1.1519635410969304e-08,0.8876868539827578,0.9038543537865841,-25.491249872571654,standard-halo-model,scale_dependent_camb
8,0.13796899,0.17404257,1080,1099,1089.530504587156,2.571824847011464e-06,2.287897194908344e-06,2.329487205568207e-06,4.116646925301489e-08,1.4554544783157168e-08,0.889600704171961,0.9057721050775055,-19.50783458591484,standard-halo-model,scale_dependent_camb
8,0.13796899,0.17404257,1100,1119,1109.529954954955,2.5299077003836683e-06,2.242455332155826e-06,2.2833121363905667e-06,2.8686414714980196e-08,1.0142179186446029e-08,0.8863783179978268,0.9025278416458811,-28.342268751472332,standard-halo-model,scale_dependent_camb
8,0.13796899,0.17404257,1120,1139,1129.529424778761,2.4887832647540407e-06,2.2143400310009887e-06,2.254616684790799e-06,3.654643084374273e-08,1.2921114538887839e-08,0.8897279495407671,0.9059112204427395,-21.239904106342994,standard-halo-model,scale_dependent_camb
8,0.13796899,0.17404257,1140,1159,1149.5289130434783,2.4484252986559976e-06,2.1764648981492177e-06,2.2160865471544483e-06,3.4803758364008175e-08,1.23049867749841e-08,0.8889243626685014,0.9051068653680854,-22.10164102408239,standard-halo-model,scale_dependent_camb
8,0.13796899,0.17404257,1160,1179,1169.5284188034188,2.4088102126122853e-06,2.14906883837617e-06,2.1881840856042308e-06,3.2997444270956605e-08,1.1666358302909304e-08,0.8921702619508437,0.9084086716948979,-22.26413483043309,standard-halo-model,scale_dependent_camb
8,0.13796899,0.17404257,1180,1199,1189.5279411764707,2.3699166955150008e-06,2.1306935457358272e-06,2.1694531166104743e-06,4.020240259685675e-08,1.4213695748114537e-08,0.8990584140649769,0.9154132382442396,-16.830467882422962,standard-halo-model,scale_dependent_camb
8,0.13796899,0.17404257,1200,1219,1209.527479338843,2.3317254366232193e-06,2.0892744632079575e-06,2.127354434207955e-06,2.4595770249259026e-08,8.695917965878698e-09,0.8960207880365294,0.912352029443384,-27.881009729691357,standard-halo-model,scale_dependent_camb
8,0.13796899,0.17404257,1220,1239,1229.5270325203253,2.294218859143479e-06,2.056125793146683e-06,2.0935274435360703e-06,3.4857061252405914e-08,1.2323832191905536e-08,0.89622042158363,0.9125229858487283,-19.319726387801552,standard-halo-model,scale_dependent_camb
8,0.13796899,0.17404257,1240,1259,1249.5266,2.2573808786014184e-06,2.0171463047620344e-06,2.0539567076509104e-06,1.3771854568515627e-08,4.869085877456167e-09,0.8935781834086308,0.9098848701701853,-49.33874240166278,standard-halo-model,scale_dependent_camb
8,0.13796899,0.17404257,1260,1279,1269.5261811023622,2.221196706043501e-06,1.9952949910210635e-06,2.0316189830225833e-06,2.9621260774428897e-08,1.0472697180446878e-08,0.8982972942433252,0.9146506374221117,-21.570538241496095,standard-halo-model,scale_dependent_camb
8,0.13796899,0.17404257,1280,1299,1289.5257751937984,2.185652713755539e-06,1.9649234763618792e-06,2.000687151960445e-06,3.0049694663641615e-08,1.0624171434623097e-08,0.8990099222971304,0.915372849203809,-20.776136638225317,standard-halo-model,scale_dependent_camb
8,0.13796899,0.17404257,1300,1319,1309.5253816793893,2.150736236153201e-06,1.93422171818069e-06,1.9694353024053778e-06,2.676624118401366e-08,9.463295324045351e-09,0.8993300459940323,0.9157028506330942,-22.879399887517778,standard-halo-model,scale_dependent_camb
8,0.13796899,0.17404257,1320,1339,1329.525,2.1164354260643742e-06,1.9049583208478448e-06,1.9396608905648207e-06,2.301523789773466e-08,8.137115394054898e-09,0.9000786404290243,0.9164753465555643,-25.989198257043014,standard-halo-model,scale_dependent_camb
8,0.13796899,0.17404257,1340,1359,1349.5246296296295,2.082739189566683e-06,1.8736569200550251e-06,1.90780975165925e-06,2.0560225029536213e-08,7.26913727055322e-09,0.8996118810463456,0.9160099167559106,-28.763010207364758,standard-halo-model,scale_dependent_camb
8,0.13796899,0.17404257,1360,1379,1369.5242700729927,2.0496370565959258e-06,1.843185051957532e-06,1.8767276423839554e-06,3.1852609333236405e-08,1.1261598029008688e-08,0.8992738719403947,0.9156390085476199,-18.332389782213426,standard-halo-model,scale_dependent_camb
8,0.13796899,0.17404257,1380,1399,1389.5239208633093,2.0171190832246547e-06,1.824026374671502e-06,1.8572573184950035e-06,2.330374126878764e-08,8.239116739088269e-09,0.9042730247514855,0.9207474828535709,-23.436093293480884,standard-halo-model,scale_dependent_camb
8,0.13796899,0.17404257,1400,1419,1409.5235815602837,1.98517578385709e-06,1.8054803997245686e-06,1.8384238212103066e-06,1.5674816538917666e-08,5.5418845342618645e-09,0.9094813740960596,0.9260760866417318,-32.42495996110746,standard-halo-model,scale_dependent_camb
8,0.13796899,0.17404257,1420,1439,1429.5232517482518,1.953798066885158e-06,1.765859792176588e-06,1.797995527604116e-06,2.5643820238561218e-08,9.066459593107732e-09,0.9038087518388271,0.9202565802875267,-20.728959609706923,standard-halo-model,scale_dependent_camb
8,0.13796899,0.17404257,1440,1459,1449.5229310344828,1.9229771855255185e-06,1.7427352153570335e-06,1.7744577589569304e-06,2.458244246065361e-08,8.691205881028144e-09,0.906269314308465,0.9227658925511381,-20.73843062007443,standard-halo-model,scale_dependent_camb
8,0.13796899,0.17404257,1460,1479,1469.522619047619,1.8927046705574388e-06,1.7173524908240859e-06,1.7485996072675845e-06,2.6886949776145324e-08,9.505972256067242e-09,0.9073536498001517,0.9238628902165638,-18.446527615461264,standard-halo-model,scale_dependent_camb
8,0.13796899,0.17404257,1480,1499,1489.5223154362416,1.8629722895943467e-06,1.693194329292767e-06,1.7240091800431144e-06,2.6970032744740623e-08,9.535346521314665e-09,0.9088671574720266,0.9254078494202987,-17.805116984691598,standard-halo-model,scale_dependent_camb
8,0.13796899,0.17404257,1500,1519,1509.5220198675497,1.833772012004931e-06,1.65948183802084e-06,1.689684037442651e-06,2.5359375807057402e-08,8.965893299914181e-09,0.9049553745814164,0.9214253606124443,-19.43924248861621,standard-halo-model,scale_dependent_camb
8,0.13796899,0.17404257,1520,1539,1529.5217320261438,1.8050960089360968e-06,1.639119987472748e-06,1.6689766387665699e-06,2.1580302626536962e-08,7.629789163641074e-09,0.9080514163004697,0.924591617567337,-21.753683870360316,standard-halo-model,scale_dependent_camb
8,0.13796899,0.17404257,1540,1559,1549.5214516129033,1.7769365797881526e-06,1.6112521035227313e-06,1.6406084441109939e-06,1.8367219920158505e-08,6.493792878544358e-09,0.906758362594362,0.9232791213666096,-25.51428408085615,standard-halo-model,scale_dependent_camb
8,0.13796899,0.17404257,1560,1579,1569.521178343949,1.7492861361918367e-06,1.5894841635173987e-06,1.6184359190295915e-06,2.0057542794688154e-08,7.091412262031684e-09,0.9086473222600827,0.925197933914286,-22.534576579342023,standard-halo-model,scale_dependent_camb
8,0.13796899,0.17404257,1580,1599,1589.5209119496856,1.7221372263925235e-06,1.5648978895962471e-06,1.5934186406440158e-06,1.8276266431819084e-08,6.46163596435567e-09,0.9086952338138256,0.9252564872439677,-24.33429206839504,standard-halo-model,scale_dependent_camb
8,0.13796899,0.17404257,1600,1619,1609.520652173913,1.6954824675123191e-06,1.5407151686984054e-06,1.568812402762823e-06,1.5310432568177526e-08,5.413055345928848e-09,0.9087178418064125,0.9252896640474546,-28.591486493910313,standard-halo-model,scale_dependent_camb
8,0.13796899,0.17404257,1620,1639,1629.520398773006,1.6693145769515507e-06,1.5150877771105646e-06,1.5427233081144629e-06,1.6323943396910775e-08,5.771385535830487e-09,0.9076107032368758,0.9241657201195327,-26.72266458088789,standard-halo-model,scale_dependent_camb
8,0.13796899,0.17404257,1640,1659,1649.5201515151516,1.643626305299538e-06,1.4962481440442089e-06,1.5235001989104422e-06,1.7819230053076394e-08,6.30004920302672e-09,0.9103335345874313,0.9269139791680301,-23.393176228611757,standard-halo-model,scale_dependent_camb
8,0.13796899,0.17404257,1660,1679,1669.5199101796406,1.6184105028550264e-06,1.4692551755039446e-06,1.4960277469761758e-06,1.6722833601653928e-08,5.912414520191874e-09,0.9078383839650336,0.9243808936836754,-25.227481402342768,standard-halo-model,scale_dependent_camb
8,0.13796899,0.17404257,1680,1699,1689.519674556213,1.5936600287953243e-06,1.4517822153134322e-06,1.4782108263409583e-06,2.0107637678242423e-08,7.109123477963671e-09,0.9109736010702735,0.927557195155584,-19.957145760890814,standard-halo-model,scale_dependent_camb
8,0.13796899,0.17404257,1700,1719,1709.5194444444444,1.5693678354524082e-06,1.4235552890625844e-06,1.4495169514290252e-06,1.5545474048932508e-08,5.496155058379836e-09,0.9070883555175006,0.923631107178367,-26.52991861419692,standard-halo-model,scale_dependent_camb
8,0.13796899,0.17404257,1720,1739,1729.519219653179,1.5455268831375135e-06,1.4032416074839197e-06,1.428801593839753e-06,1.7272514901156314e-08,6.106756207376659e-09,0.9079373660814323,0.9244754066905643,-23.29964891700119,standard-halo-model,scale_dependent_camb
8,0.13796899,0.17404257,1740,1759,1749.519,1.522130177087685e-06,1.3808996366264755e-06,1.4060651474323507e-06,1.5292343302013444e-08,5.406659824543192e-09,0.9072152023610569,0.9237482894679854,-26.121588012639954,standard-halo-model,scale_dependent_camb
8,0.13796899,0.17404257,1760,1779,1769.5187853107345,1.4991707777034612e-06,1.3630430423330567e-06,1.3879040109653662e-06,1.4073989422499935e-08,4.9759066794987225e-09,0.9091979797132019,0.9257811262112903,-27.35737306554916,standard-halo-model,scale_dependent_camb
8,0.13796899,0.17404257,1780,1799,1789.5185754189945,1.4766417784244718e-06,1.3442252735744601e-06,1.3686975802586324e-06,1.8838219468988402e-08,6.66031636600107e-09,0.9103259119545597,0.9268988594640656,-19.881413670671634,standard-halo-model,scale_dependent_camb
8,0.13796899,0.17404257,1800,1819,1809.5183701657459,1.454536294325395e-06,1.326203624872613e-06,1.3503635106771357e-06,1.6172631220493486e-08,5.717888602820106e-09,0.9117707341140622,0.9283807602088238,-22.444066047297138,standard-halo-model,scale_dependent_camb
8,0.13796899,0.17404257,1820,1839,1829.518169398907,1.432847491510044e-06,1.3024176181007077e-06,1.3261562395563245e-06,1.4707190365880242e-08,5.19977701995769e-09,0.9089715589536475,0.9255390035674488,-25.08374357375761,standard-halo-model,scale_dependent_camb
8,0.13796899,0.17404257,1840,1859,1849.517972972973,1.4115685769824762e-06,1.2817281076460335e-06,1.3050799642810618e-06,1.4725574634442167e-08,5.206276840441336e-09,0.9080168888329861,0.924560085540402,-24.939217278625573,standard-halo-model,scale_dependent_camb
8,0.13796899,0.17404257,1860,1879,1869.5177807486632,1.390692790528806e-06,1.2681949450505793e-06,1.291325741290506e-06,1.1575697240779352e-08,4.092627007958743e-09,0.9119159556211927,0.9285485263783412,-29.931348554366387,standard-halo-model,scale_dependent_camb
8,0.13796899,0.17404257,1880,1899,1889.5175925925926,1.3702134133943392e-06,1.2462052038699384e-06,1.268901037315734e-06,1.5791877092486095e-08,5.583271689880708e-09,0.9094971569303182,0.9260608784819652,-22.210670806000206,standard-halo-model,scale_dependent_camb
8,0.13796899,0.17404257,1900,1919,1909.5174083769634,1.3501237706020404e-06,1.2284404341300031e-06,1.2508546638103282e-06,9.830745612282633e-09,3.475693443282474e-09,0.9098724582726391,0.9264740693014785,-35.00980119728812,standard-halo-model,scale_dependent_camb
8,0.13796899,0.17404257,1920,1939,1929.5172279792746,1.330417239407634e-06,1.2150979751156395e-06,1.2372533552392045e-06,1.0832521889498722e-08,3.829874842708129e-09,0.9133209786552825,0.9299739349364486,-30.110452437252878,standard-halo-model,scale_dependent_camb
8,0.13796899,0.17404257,1940,1959,1949.5170512820512,1.31108723626505e-06,1.1949628880753474e-06,1.216749933964219e-06,1.1270906848200273e-08,3.984867331242155e-09,0.9114289690436534,0.9280465100327162,-29.14133358449968,standard-halo-model,scale_dependent_camb
8,0.13796899,0.17404257,1960,1979,1969.5168781725888,1.2921272287754036e-06,1.1771134929085044e-06,1.198564193225288e-06,1.5002671859457693e-08,5.304245503869562e-09,0.9109888459080753,0.9275899203526663,-21.683335694585434,standard-halo-model,scale_dependent_camb
8,0.13796899,0.17404257,1980,1999,1989.5167085427136,1.2735307335943155e-06,1.1561869715210408e-06,1.1772898747261906e-06,8.138820182796468e-09,2.877507471056659e-09,0.9078594972403276,0.9244298890247414,-40.77965504992575,standard-halo-model,scale_dependent_camb
8,0.13796899,0.17404257,2000,2019,2009.5165422885573,1.2552913323091335e-06,1.1426980749774045e-06,1.1635061754715754e-06,1.6221178695335184e-08,5.735052727155131e-09,0.9103050786428905,0.9268813904189735,-19.63247117129485,standard-halo-model,scale_dependent_camb
8,0.13796899,0.17404257,2020,2039,2029.5163793103447,1.2374026452086045e-06,1.123462041246507e-06,1.1439603123881279e-06,9.383993563085693e-09,3.3177427415344026e-09,0.9079195406577711,0.9244851033878921,-34.34280860167045,standard-halo-model,scale_dependent_camb
8,0.13796899,0.17404257,2040,2059,2049.516219512195,1.2198583808145196e-06,1.1112779107203306e-06,1.1315176472141982e-06,1.4080707223140561e-08,4.978281780692545e-09,0.9109892821970956,0.9275811561491796,-21.810832507573327,standard-halo-model,scale_dependent_camb
8,0.13796899,0.17404257,2060,2079,2069.5160628019325,1.2026522647391743e-06,1.0973328963132959e-06,1.117341761233514e-06,1.203774630994621e-08,4.255986022983152e-09,0.9124274143792348,0.9290646964156658,-24.7461734735813,standard-halo-model,scale_dependent_camb
8,0.13796899,0.17404257,2080,2099,2089.515909090909,1.1857781183297404e-06,1.079589482889255e-06,1.0992399669836135e-06,1.5593865462997113e-08,5.51326400689798e-09,0.9104481405087317,0.9270199457989472,-19.26057509809549,standard-halo-model,scale_dependent_camb
8,0.13796899,0.17404257,2100,2119,2109.5157582938386,1.169229811412197e-06,1.064139675660888e-06,1.0835381536291999e-06,1.3319711086399668e-08,4.70922901631942e-09,0.910120205005395,0.9267110221219056,-22.315783621295164,standard-halo-model,scale_dependent_camb
8,0.13796899,0.17404257,2120,2139,2129.5156103286386,1.1530013117930664e-06,1.0510919218263662e-06,1.070245185870928e-06,1.2807540203906516e-08,4.528149264250817e-09,0.9116138126432676,0.9282254711458724,-22.505748821325813,standard-halo-model,scale_dependent_camb
8,0.13796899,0.17404257,2140,2159,2149.515465116279,1.137086592535279e-06,1.0372154889716244e-06,1.0561281842396566e-06,9.618928551554733e-09,3.4008048032766237e-09,0.9121693068766387,0.9288018970348465,-29.36690264240699,standard-halo-model,scale_dependent_camb
8,0.13796899,0.17404257,2160,2179,2169.5153225806453,1.1214797574040401e-06,1.0210760572747048e-06,1.039688696167525e-06,1.0519551355337366e-08,3.7192230491995936e-09,0.9104721244708455,0.9270686245591787,-26.995880268848904,standard-halo-model,scale_dependent_camb
8,0.13796899,0.17404257,2180,2199,2189.5151826484016,1.1061749660284014e-06,1.0061142604464885e-06,1.02445448281341e-06,1.0202788680190837e-08,3.607230531388143e-09,0.9095435092504671,0.9261233659007854,-27.73892733254486,standard-halo-model,scale_dependent_camb
8,0.13796899,0.17404257,2200,2219,2209.515045248869,1.0911664113548474e-06,9.895059702827566e-07,1.007553619702784e-06,9.08347253358469e-09,3.211492512609742e-09,0.9068332382538572,0.9233730155345915,-31.65520102348887,standard-halo-model,scale_dependent_camb
8,0.13796899,0.17404257,2220,2239,2229.5149103139015,1.0764484451452279e-06,9.797567034182368e-07,9.97615583107305e-07,1.1675114120569014e-08,4.1277761828905826e-09,0.9101752228236569,0.9267657801974091,-23.424657113865166,standard-halo-model,scale_dependent_camb
8,0.13796899,0.17404257,2240,2259,2249.514777777778,1.0620153834205059e-06,9.641567941022127e-07,9.817346193088834e-07,1.2744899060766609e-08,4.506002275703064e-09,0.9078557704097343,0.9244071551458543,-21.71738568485841,standard-halo-model,scale_dependent_camb
8,0.13796899,0.17404257,2260,2279,2269.5146475770925,1.0478617404495512e-06,9.510868906598966e-07,9.68414389952361e-07,1.1201085899371194e-08,3.960181898049194e-09,0.9076454020087263,0.9241814569323755,-24.436970897050564,standard-halo-model,scale_dependent_camb
8,0.13796899,0.17404257,2280,2299,2289.514519650655,1.0339819828825463e-06,9.398194387570913e-07,9.569660482046571e-07,7.66592680076521e-09,2.7103144124503877e-09,0.9089321229148039,0.9255152063064161,-34.7422954668654,standard-halo-model,scale_dependent_camb
8,0.13796899,0.17404257,2300,2319,2309.514393939394,1.0203707780104326e-06,9.28144799195646e-07,9.450528061000533e-07,1.0838132667455729e-08,3.831858552278695e-09,0.9096152292849731,0.9261856831521206,-24.068210649357724,standard-halo-model,scale_dependent_camb
8,0.13796899,0.17404257,2320,2339,2329.514270386266,1.0070227685064464e-06,9.154511100105816e-07,9.321595983096059e-07,7.716979728289048e-09,2.7283643480761533e-09,0.9090669433108468,0.9256589100682671,-33.5628408868612,standard-halo-model,scale_dependent_camb
8,0.13796899,0.17404257,2340,2359,2349.5141489361704,9.939327552496478e-07,9.025636485713244e-07,9.190204194946856e-07,9.069228200682351e-09,3.2064563804153804e-09,0.9080731506274043,0.9246303783034635,-28.49535307462595,standard-halo-model,scale_dependent_camb
8,0.13796899,0.17404257,2360,2379,2369.514029535865,9.810955725031431e-07,8.912826981408117e-07,9.075346019660337e-07,1.0315610358918241e-08,3.6471190184346416e-09,0.9084565491074584,0.9250216058467905,-24.625704263657266,standard-halo-model,scale_dependent_camb
8,0.13796899,0.17404257,2380,2399,2389.513912133891,9.685061416607504e-07,8.80958080839693e-07,8.970092519204787e-07,1.009532411892975e-08,3.569236071385667e-09,0.9096050535405651,0.9261781761985814,-24.528515085601782,standard-halo-model,scale_dependent_camb
8,0.13796899,0.17404257,2400,2419,2409.5137966804978,9.561595104721664e-07,8.687716714408513e-07,8.846149280802409e-07,8.473258189141776e-09,2.9957491621432974e-09,0.9086053759082922,0.9251750554082806,-29.170612858919657,standard-halo-model,scale_dependent_camb
8,0.13796899,0.17404257,2420,2439,2429.513683127572,9.440507243801125e-07,8.576960243900064e-07,8.733235983340927e-07,9.454707701522208e-09,3.3427439649415144e-09,0.9085274787042733,0.9250812226297893,-25.83347719591708,standard-halo-model,scale_dependent_camb
8,0.13796899,0.17404257,2440,2459,2449.5135714285716,9.321749817650742e-07,8.462251651936784e-07,8.616543130795307e-07,9.185389304281187e-09,3.2475255324478053e-09,0.9077964778579986,0.9243482499905623,-26.46624813650397,standard-halo-model,scale_dependent_camb
8,0.13796899,0.17404257,2460,2479,2469.5134615384613,9.205275539277339e-07,8.351146952105927e-07,8.50329679907113e-07,1.0271622385485743e-08,3.631566921282255e-09,0.9072131427759016,0.9237416916841885,-23.51956072090863,standard-halo-model,scale_dependent_camb
8,0.13796899,0.17404257,2480,2499,2489.513353413655,9.091037502955937e-07,8.244980287875822e-07,8.395400928328209e-07,6.1928675746319915e-09,2.1895093285062842e-09,0.9069350209142772,0.9234810576458911,-38.6414071894961,standard-halo-model,scale_dependent_camb
8,0.13796899,0.17404257,2500,2519,2509.513247011952,8.978990056380669e-07,8.172452962298796e-07,8.32144807286722e-07,7.678195346444915e-09,2.7146519983730955e-09,0.9101750765935275,0.9267688259609793,-29.7105151807758,standard-halo-model,scale_dependent_camb
8,0.13796899,0.17404257,2520,2539,2529.51314229249,8.869088086915265e-07,8.052781169907371e-07,8.199775703913212e-07,5.893483334139916e-09,2.0836610151901187e-09,0.9079604454248,0.9245342501457955,-39.176570039796594,standard-halo-model,scale_dependent_camb
8,0.13796899,0.17404257,2540,2559,2549.513039215686,8.761287734457439e-07,7.954758154364876e-07,8.099746253356273e-07,8.421712395844966e-09,2.9775249721523904e-09,0.9079439456233646,0.9244926657870878,-27.087248222457056,standard-halo-model,scale_dependent_camb
8,0.13796899,0.17404257,2560,2579,2569.512937743191,8.655545272504807e-07,7.872348589385243e-07,8.015913061444209e-07,7.832335593900601e-09,2.76914880548794e-09,0.9095150382255563,0.9261014539323764,-28.282939564945472,standard-halo-model,scale_dependent_camb
8,0.13796899,0.17404257,2580,2599,2589.5128378378377,8.551818190967482e-07,7.780095544912644e-07,7.921985561388841e-07,6.945583839439264e-09,2.4556347160835997e-09,0.9097592314497589,0.9263510267040199,-31.426605960581522,standard-halo-model,scale_dependent_camb
8,0.13796899,0.17404257,2600,2619,2609.5127394636015,8.450064848204312e-07,7.685084581576513e-07,7.825415028115959e-07,5.164307842850171e-09,1.8258585479071136e-09,0.9094704856862297,0.9260775116748251,-41.89701702274015,standard-halo-model,scale_dependent_camb
8,0.13796899,0.17404257,2620,2639,2629.5126425855515,8.350244090270269e-07,7.586201606542472e-07,7.724444418471627e-07,8.616608329595016e-09,3.0464310903425627e-09,0.9085005808850473,0.9250561223081101,-25.079920112090328,standard-halo-model,scale_dependent_camb
8,0.13796899,0.17404257,2640,2659,2649.512547169811,8.252315852439975e-07,7.506065138017485e-07,7.643019737199214e-07,5.365635220136933e-09,1.8970385247660992e-09,0.9095707522874509,0.9261666511394362,-39.337667879702195,standard-halo-model,scale_dependent_camb
8,0.13796899,0.17404257,2660,2679,2669.5124531835204,8.156240757115485e-07,7.404671877285183e-07,7.539776311342041e-07,6.45129173271523e-09,2.2808760658078257e-09,0.907853519505952,0.924418066590832,-32.95088633253363,standard-halo-model,scale_dependent_camb
8,0.13796899,0.17404257,2680,2699,2689.5123605947956,8.061979994985801e-07,7.333281684237221e-07,7.467159743780733e-07,3.967202392780644e-09,1.4026178571373453e-09,0.9096129845023434,0.9262190861829204,-51.95273302992211,standard-halo-model,scale_dependent_camb
8,0.13796899,0.17404257,2700,2719,2709.512269372694,7.969495644609575e-07,7.239239613782872e-07,7.371416514137093e-07,4.229198825444264e-09,1.4952475842289104e-09,0.9083686015537714,0.9249539547867107,-48.83846919594198,standard-halo-model,scale_dependent_camb
8,0.13796899,0.17404257,2720,2739,2729.5121794871793,7.878750679244151e-07,7.156068523245611e-07,7.286647007666879e-07,6.3155623579096e-09,2.2328884851421898e-09,0.9082745240432115,0.9248480253173749,-32.36534922399048,standard-halo-model,scale_dependent_camb
8,0.13796899,0.17404257,2740,2759,2749.512090909091,7.78970867152488e-07,7.078388329729373e-07,7.207523720547311e-07,5.291698498625508e-09,1.8708979461863843e-09,0.9086846027508417,0.92526229471126,-38.02026418626705,standard-halo-model,scale_dependent_camb
8,0.13796899,0.17404257,2760,2779,2769.5120036101084,7.702333964514188e-07,6.983736148144176e-07,7.110999824872559e-07,7.56446509643309e-09,2.6744422828683943e-09,0.9067038874605152,0.9232266294390773,-26.869071767714534,standard-halo-model,scale_dependent_camb
8,0.13796899,0.17404257,2780,2799,2789.511917562724,7.616591612554929e-07,6.923095129347118e-07,7.049421771015423e-07,5.3385729123522635e-09,1.8874705540915505e-09,0.9089492362877017,0.9255349544270429,-36.74210872876874,standard-halo-model,scale_dependent_camb
8,0.13796899,0.17404257,2800,2819,2809.5118327402133,7.532447449873727e-07,6.844509649204132e-07,6.969456955833222e-07,4.638593233114729e-09,1.6399903651507281e-09,0.9086700829647172,0.9252579592772409,-41.94767330882265,standard-halo-model,scale_dependent_camb
8,0.13796899,0.17404257,2820,2839,2829.511749116608,7.449867935202868e-07,6.76320057335288e-07,6.886619891642522e-07,4.630751050476759e-09,1.6372177348894223e-09,0.9078282504035705,0.9243948955257543,-41.94111431955417,standard-halo-model,scale_dependent_camb
8,0.13796899,0.17404257,2840,2859,2849.5116666666668,7.368820254011824e-07,6.67167473618574e-07,6.793468436139002e-07,4.565659535056316e-09,1.6142044089136704e-09,0.9053925195900204,0.9219207691272451,-43.18818075185724,standard-halo-model,scale_dependent_camb
8,0.13796899,0.17404257,2860,2879,2869.5115853658535,7.289272300121325e-07,6.625499945650649e-07,6.746361362022729e-07,5.378219412209608e-09,1.901487708541271e-09,0.9089384609133578,0.9255191854899482,-34.90805391426327,standard-halo-model,scale_dependent_camb
8,0.13796899,0.17404257,2880,2899,2889.5115051903113,7.211192661708411e-07,6.53405957353874e-07,6.653388580143442e-07,4.379073315662281e-09,1.5482362184089288e-09,0.9060997091694329,0.9226474582315737,-43.735773657687595,standard-halo-model,scale_dependent_camb
8,0.13796899,0.17404257,2900,2919,2909.5114261168383,7.134550511243017e-07,6.476495466284312e-07,6.59457585153219e-07,5.925383823844792e-09,2.0949395414868636e-09,0.9077650310385068,0.9243155320212668,-31.411648495195067,standard-halo-model,scale_dependent_camb
8,0.13796899,0.17404257,2920,2939,2929.511348122867,7.059315786908457e-07,6.410643355978654e-07,6.527648692372228e-07,4.477677688946844e-09,1.5830981289110107e-09,0.9081111469566542,0.9246857470914945,-40.97487193519802,standard-halo-model,scale_dependent_camb
8,0.13796899,0.17404257,2940,2959,2949.511271186441,6.98545898231564e-07,6.351248199962809e-07,6.467186778984207e-07,3.812364513329631e-09,1.347874399865167e-09,0.9092098623786359,0.9258069935499602,-47.05266176257028,standard-halo-model,scale_dependent_camb
8,0.13796899,0.17404257,2960,2979,2969.5111952861953,6.91295129090556e-07,6.28133386990253e-07,6.396000872016521e-07,4.0879101663043414e-09,1.4452944997376134e-09,0.9086327395603143,0.9252200113764548,-43.70164150750572,standard-halo-model,scale_dependent_camb
8,0.13796899,0.17404257,2980,2999,2989.511120401338,6.841764596817893e-07,6.212452040779772e-07,6.325779596080943e-07,5.285264116637041e-09,1.8686230486179895e-09,0.9080189697946032,0.9245830525977269,-33.67787615075995,standard-halo-model,scale_dependent_camb
8,0.13796899,0.17404257,3000,3019,3009.5110465116277,6.771871148557063e-07,6.160656040072351e-07,6.273136473078388e-07,3.4010493975199373e-09,1.2024525460683848e-09,0.9097420646264145,0.926352013418781,-50.83070516863049,standard-halo-model,scale_dependent_camb
8,0.13796899,0.17404257,3020,3039,3029.5109735973597,6.703243950523131e-07,6.084210704137599e-07,6.195288989385718e-07,3.9114818145876246e-09,1.3829176577913855e-09,0.9076516905912067,0.924222516010659,-44.76284201722979,standard-halo-model,scale_dependent_camb
8,0.13796899,0.17404257,3040,3059,3049.5109016393444,6.63585664339002e-07,6.030282670209411e-07,6.140291758536656e-07,4.882223090991778e-09,1.7261265274529163e-09,0.9087421555762779,0.9253201340105807,-35.082826406369996,standard-halo-model,scale_dependent_camb
8,0.13796899,0.17404257,3060,3079,3069.5108306188927,6.569683516385706e-07,5.979051578054659e-07,6.088207425038062e-07,3.510068759740123e-09,1.2409967112216475e-09,0.9100973529610781,0.9267124374946257,-47.59335242312,standard-halo-model,scale_dependent_camb
8,0.13796899,0.17404257,3080,3099,3089.5107605177996,6.504699137213202e-07,5.899551796665529e-07,6.007104127903562e-07,5.867923816018836e-09,2.074624360896481e-09,0.9069676663313078,0.9235022252662058,-29.169007746837533,standard-halo-model,scale_dependent_camb
8,0.13796899,0.17404257,3100,3119,3109.510691318328,6.440878939882762e-07,5.858001464935232e-07,5.96500401443748e-07,2.817737174202125e-09,9.962205317398712e-10,0.909503426413082,0.9261164617613594,-58.50887994945772,standard-halo-model,scale_dependent_camb
8,0.13796899,0.17404257,3120,3139,3129.5106230031947,6.378198943818283e-07,5.791945679520516e-07,5.897554899413786e-07,5.107381172904834e-09,1.8057319307327555e-09,0.9080848262241866,0.9246426697194301,-32.466240105743104,standard-halo-model,scale_dependent_camb
8,0.13796899,0.17404257,3140,3159,3149.5105555555556,6.316635114948327e-07,5.735370490257357e-07,5.839932587259372e-07,6.130968211553195e-09,2.1676245988142116e-09,0.9079787554428455,0.9245322044072425,-26.81574221887627,standard-halo-model,scale_dependent_camb
8,0.13796899,0.17404257,3160,3179,3169.5104889589907,6.256164662137203e-07,5.673056671730493e-07,5.776536460234645e-07,4.842874410820747e-09,1.712214668163078e-09,0.9067946542494758,0.9233351058028723,-34.055775905265875,standard-halo-model,scale_dependent_camb
8,0.13796899,0.17404257,3180,3199,3189.510423197492,6.196764926169187e-07,5.63490551460621e-07,5.737685599883563e-07,4.963569322599637e-09,1.7548867634498607e-09,0.909330204024648,0.9259162915238379,-32.01684708467688,standard-halo-model,scale_dependent_camb
8,0.13796899,0.17404257,3200,3219,3209.5103582554516,6.138414027078899e-07,5.582064938563981e-07,5.683915910224839e-07,4.1491523507467954e-09,1.4669468816945816e-09,0.9093659883382501,0.9259583803163008,-37.925646487774436,standard-halo-model,scale_dependent_camb
8,0.13796899,0.17404257,3220,3239,3229.510294117647,6.081090292414699e-07,5.522580020868483e-07,5.623390489114675e-07,3.496217303605465e-09,1.2360994819405852e-09,0.908156227799663,0.9247339241334831,-45.18327850679106,standard-halo-model,scale_dependent_camb
8,0.13796899,0.17404257,3240,3259,3249.510230769231,6.024772468031073e-07,5.474214493444622e-07,5.574214273674413e-07,3.2518570913766846e-09,1.1497051003810081e-09,0.908617632033766,0.9252157327521606,-47.886886333199556,standard-halo-model,scale_dependent_camb
8,0.13796899,0.17404257,3260,3279,3269.5101681957185,5.96944010179181e-07,5.436641606751541e-07,5.535760369765277e-07,5.099056892592816e-09,1.8027888532041924e-09,0.9107456501857951,0.9273500153060658,-29.554126324516478,standard-halo-model,scale_dependent_camb
8,0.13796899,0.17404257,3280,3299,3289.510106382979,5.915073292431557e-07,5.375658561037023e-07,5.473641915703235e-07,5.472123740763488e-09,1.9346879022928795e-09,0.9088067544176123,0.9253717824100098,-27.88122729021312,standard-halo-model,scale_dependent_camb
8,0.13796899,0.17404257,3300,3319,3309.5100453172204,5.861651950159205e-07,5.341637543685962e-07,5.439106121205277e-07,3.716567320334586e-09,1.3140049774724507e-09,0.9112853490970034,0.9279135246263723,-39.574766868350444,standard-halo-model,scale_dependent_camb
8,0.13796899,0.17404257,3320,3339,3329.509984984985,5.809157002465238e-07,5.271626672606234e-07,5.367904637059425e-07,3.5165774907974307e-09,1.2432978951554184e-09,0.907468445140854,0.9240419280769038,-43.23423468772221,standard-halo-model,scale_dependent_camb
8,0.13796899,0.17404257,3340,3359,3349.509925373134,5.757569674304083e-07,5.244102812233715e-07,5.339813880185963e-07,3.5083750669486846e-09,1.2403979003926113e-09,0.9108188192038804,0.9274423380436793,-41.395334667032635,standard-halo-model,scale_dependent_camb
8,0.13796899,0.17404257,3360,3379,3369.5098664688426,5.706871700150372e-07,5.21454845509893e-07,5.309714023425898e-07,3.4057139206728547e-09,1.2041017040445994e-09,0.9137315028409575,0.9304071131099707,-40.887181157349055,standard-halo-model,scale_dependent_camb
8,0.13796899,0.17404257,3380,3399,3389.509808259587,5.657044770907736e-07,5.153844155396945e-07,5.247912423923293e-07,3.498795086764021e-09,1.2370108659165069e-09,0.9110488539707903,0.9276773715689025,-40.678754679973444,standard-halo-model,scale_dependent_camb
8,0.13796899,0.17404257,3400,3419,3409.509750733138,5.608071623447878e-07,5.100739988987204e-07,5.19383993745014e-07,3.653896972459553e-09,1.2918476634915728e-09,0.909535457368363,0.9261365200355509,-39.27178480854861,standard-halo-model,scale_dependent_camb
8,0.13796899,0.17404257,3420,3439,3429.509693877551,5.559935147364257e-07,5.064408486934865e-07,5.156829801316934e-07,3.692427537207162e-09,1.3054702752995636e-09,0.9108754603613854,0.9274981928092417,-37.95771300236497,standard-halo-model,scale_dependent_camb
8,0.13796899,0.17404257,3440,3459,3449.5096376811593,5.512618213053763e-07,5.030429233791161e-07,5.122301378000363e-07,2.309613815760617e-09,8.165717955232348e-10,0.9125299520796147,0.9291957432986856,-59.05040829307961,standard-halo-model,scale_dependent_camb
8,0.13796899,0.17404257,3460,3479,3469.509582132565,5.46610481748941e-07,4.987463602604244e-07,5.078472042755688e-07,3.905863575916499e-09,1.3809313104600468e-09,0.912434680477824,0.9290842770717737,-34.660754757288416,standard-halo-model,scale_dependent_camb
8,0.13796899,0.17404257,3480,3499,3489.5095272206304,5.42037873487849e-07,4.954701251981905e-07,5.045172966163356e-07,2.3086173900157346e-09,8.162195058226572e-10,0.9140876485438016,0.9307786804082899,-57.05297160562642,standard-halo-model,scale_dependent_camb
8,0.13796899,0.17404257,3500,3519,3509.509472934473,5.3754241917915e-07,4.911595435351782e-07,5.001234217686123e-07,3.707430484468131e-09,1.3107746181725712e-09,0.9137130875833012,0.9303887543095147,-35.385851237062305,standard-halo-model,scale_dependent_camb
8,0.13796899,0.17404257,3520,3539,3529.509419263456,5.33122639711137e-07,4.865334862439437e-07,4.954178249335872e-07,2.811771189268848e-09,9.941112375384827e-10,0.9126108141037927,0.9292755325529236,-46.86513109192144,standard-halo-model,scale_dependent_camb
8,0.13796899,0.17404257,3540,3559,3549.509366197183,5.287769665911903e-07,4.834245682363553e-07,4.922534348074195e-07,2.8422606780582702e-09,1.0048908996774388e-09,0.9142315168393144,0.930928285285906,-45.13166391435396,standard-halo-model,scale_dependent_camb
8,0.13796899,0.17404257,3560,3579,3569.5093137254903,5.245039927272206e-07,4.79476495639762e-07,4.882379320204406e-07,2.7600209900700144e-09,9.75814779147858e-10,0.9141522319909658,0.9308564639933239,-46.14348752411743,standard-halo-model,scale_dependent_camb
8,0.13796899,0.17404257,3580,3599,3589.50926183844,5.203022672868676e-07,4.758235767591669e-07,4.845108370148682e-07,2.8397221798682045e-09,1.0039934050353261e-09,0.9145137484031423,0.9312103126925912,-44.30177559396983,standard-halo-model,scale_dependent_camb
8,0.13796899,0.17404257,3600,3619,3609.5092105263157,5.161703829057429e-07,4.7246507674893444e-07,4.810854504627035e-07,4.072635347005387e-09,1.4398940355837684e-09,0.9153277529974256,0.9320283890649995,-30.353140631691854,standard-halo-model,scale_dependent_camb
8,0.13796899,0.17404257,3620,3639,3629.5091597796145,5.121070168396559e-07,4.688952591161678e-07,4.774535581640076e-07,3.2924635517213284e-09,1.164061652115848e-09,0.9156196726415526,0.9323316073864722,-37.121537029370025,standard-halo-model,scale_dependent_camb
8,0.13796899,0.17404257,3640,3659,3649.509109589041,5.081107678507222e-07,4.6556080523606745e-07,4.7405511275815436e-07,3.6981176423839547e-09,1.3074820312776508e-09,0.9162584906542356,0.9329759232684219,-32.543439677771815,standard-halo-model,scale_dependent_camb
8,0.13796899,0.17404257,3660,3679,3669.5090599455043,5.041804048381925e-07,4.6171886374665725e-07,4.701494279292078e-07,2.463891418830862e-09,8.711171651813232e-10,0.9157810563757183,0.9325023809286949,-48.74377728820999,standard-halo-model,scale_dependent_camb
8,0.13796899,0.17404257,3680,3699,3689.509010840108,5.003145774122663e-07,4.583024082743066e-07,4.6666704301863563e-07,3.2769911132451417e-09,1.1585913190318464e-09,0.9160284928029568,0.9327472436088852,-36.26142233921306,standard-halo-model,scale_dependent_camb
8,0.13796899,0.17404257,3700,3719,3709.508962264151,4.965121083610045e-07,4.560071089162404e-07,4.6432825937113454e-07,3.5195665443748486e-09,1.2443546851823795e-09,0.9184209231503501,0.9351801326736836,-32.55100810652507,standard-halo-model,scale_dependent_camb
8,0.13796899,0.17404257,3720,3739,3729.508914209115,4.927717144305135e-07,4.5180624191410905e-07,4.6005243292786464e-07,3.0552728711199117e-09,1.0802020827720911e-09,0.916867240312794,0.9336015429772347,-37.92389699089998,standard-halo-model,scale_dependent_camb
8,0.13796899,0.17404257,3740,3759,3749.5088666666666,4.890922616107509e-07,4.487966524380425e-07,4.56985585320843e-07,3.392039386851863e-09,1.1992670262474053e-09,0.9176114358464782,0.9343545608671676,-33.60019769641821,standard-halo-model,scale_dependent_camb
8,0.13796899,0.17404257,3760,3779,3769.5088196286474,4.854725322555513e-07,4.453489895023051e-07,4.534791034866555e-07,2.690096356433048e-09,9.51092687839516e-10,0.9173515696823703,0.9340983749991967,-42.18678501712599,standard-halo-model,scale_dependent_camb
8,0.13796899,0.17404257,3780,3799,3789.5087730870714,4.819114353625656e-07,4.432915524525446e-07,4.5138871030297e-07,2.1786983673724735e-09,7.702861948645679e-10,0.9198610365388707,0.9366632065150479,-50.13705706722576,standard-halo-model,scale_dependent_camb
8,0.13796899,0.17404257,3800,3819,3809.5087270341205,4.7840780591848e-07,4.400819516506851e-07,4.481173577357536e-07,2.7788271885976266e-09,9.824637744014654e-10,0.9198887355230037,0.9366848788669476,-39.00994140078463,standard-halo-model,scale_dependent_camb
8,0.13796899,0.17404257,3820,3839,3829.508681462141,4.749606088927828e-07,4.3789416719791e-07,4.458863068776355e-07,3.4779946976580504e-09,1.2296568178224317e-09,0.9219589140638815,0.9387858667207695,-30.143728849902065,standard-halo-model,scale_dependent_camb
8,0.13796899,0.17404257,3840,3859,3849.5086363636365,4.7156871876039406e-07,4.3353910990292526e-07,4.414544979899052e-07,2.4821135278488267e-09,8.775596536083849e-10,0.9193551070193191,0.9361403342239288,-43.335639578571254,standard-halo-model,scale_dependent_camb
8,0.13796899,0.17404257,3860,3879,3869.5085917312663,4.682311590838705e-07,4.3063631223872905e-07,4.384930610896918e-07,3.0589019666676724e-09,1.0814851618077889e-09,0.9197087888838954,0.9364884258186416,-34.76224008686225,standard-halo-model,scale_dependent_camb
8,0.13796899,0.17404257,3880,3899,3889.5085475578408,4.6494683969126614e-07,4.291550914497157e-07,4.3699144546221465e-07,2.4152088660322012e-09,8.539052835766206e-10,0.9230196977673473,0.9398739988261574,-41.91536102415841,standard-halo-model,scale_dependent_camb
8,0.13796899,0.17404257,3900,3919,3909.5085038363172,4.617148361539311e-07,4.257290546292247e-07,4.334981256060361e-07,2.99206947036342e-09,1.057856306137608e-09,0.9220605908519928,0.9388871477838157,-34.017646173605414,standard-halo-model,scale_dependent_camb
8,0.13796899,0.17404257,3920,3939,3929.5084605597963,4.5853410440839204e-07,4.237829299378137e-07,4.3151810334052963e-07,2.923533717410425e-09,1.0336252583042134e-09,0.924212454130506,0.9410818065480235,-33.62067073282616,standard-halo-model,scale_dependent_camb
8,0.13796899,0.17404257,3940,3959,3949.508417721519,4.5540374283181064e-07,4.2069331172521244e-07,4.2837152166973273e-07,3.350402401973395e-09,1.1845461290695423e-09,0.9237809709451215,0.940641196767543,-29.302726381675946,standard-halo-model,scale_dependent_camb
8,0.13796899,0.17404257,3960,3979,3969.5083753148615,4.5232279229525174e-07,4.1793653598975633e-07,4.255734860575552e-07,1.3504839169289073e-09,4.774681677719002e-10,0.9239785018769296,0.9408623516361828,-72.01790323731628,standard-halo-model,scale_dependent_camb
8,0.13796899,0.17404257,3980,3999,3989.508333333333,4.492903362729495e-07,4.1548962191107385e-07,4.2307076566456184e-07,3.5209599190182895e-09,1.2448473175119348e-09,0.9247686592988698,0.9416422555938107,-27.152498050470033,standard-halo-model,scale_dependent_camb
8,0.13796899,0.17404257,4000,4019,4009.5082917705736,4.4630551520638324e-07,4.1323946022016055e-07,4.2078684494008834e-07,2.502952384173883e-09,8.849273019181945e-10,0.9259116146684137,0.9428224178352481,-37.36584340267018,standard-halo-model,scale_dependent_camb
8,0.13796899,0.17404257,4020,4039,4029.5082506203476,4.4336740454952346e-07,4.101814504006937e-07,4.176698517598174e-07,2.652266996156401e-09,9.377179892497328e-10,0.9251502167089892,0.9420400495705911,-35.39012211483946,standard-halo-model,scale_dependent_camb
8,0.13796899,0.17404257,4040,4059,4049.5082098765433,4.404752038435967e-07,4.076469696274698e-07,4.150901077770178e-07,2.2213850576813683e-09,7.853782189564828e-10,0.9254708688941694,0.9423688420027553,-41.799267440527096,standard-halo-model,scale_dependent_camb
8,0.13796899,0.17404257,4060,4079,4069.5081695331696,4.376280297997009e-07,4.061608943724857e-07,4.1357192384888515e-07,3.2960929343230423e-09,1.1653448326404443e-09,0.9280961609300541,0.9450307011600102,-27.002424128759202,standard-halo-model,scale_dependent_camb
8,0.13796899,0.17404257,4080,4096,4088.005870123517,4.350335980915701e-07,4.043924704078729e-07,4.1178351517858386e-07,1.0679528439140948e-09,3.775783489595575e-10,0.9295660661196848,0.9465556614133229,-81.1517073691617,standard-halo-model,scale_dependent_camb
9,0.10256817,0.13796899,20,39,30.608333333333334,0.00022542691386549782,0.0002222642506746393,0.00022573156241082915,7.798035922486935e-06,2.757022040363403e-06,0.9859703389598566,1.001351429339591,-1.147130180519581,standard-halo-model,scale_dependent_camb
9,0.10256817,0.13796899,40,59,50.165,0.00012406143391989637,0.00012203124075622905,0.0001239357768590668,3.3016637170656434e-06,1.1673144017673495e-06,0.9836355819893379,0.9989871384131292,-1.7391999624039112,standard-halo-model,scale_dependent_camb
9,0.10256817,0.13796899,60,79,69.975,7.587354185627786e-05,7.541388676160724e-05,7.656901289696982e-05,3.1957262891442973e-06,1.129859864935027e-06,0.993941826314879,1.0091661865740937,-0.4068248717703212,standard-halo-model,scale_dependent_camb
9,0.10256817,0.13796899,80,99,89.86944444444444,5.077935630961944e-05,5.332010142777599e-05,5.414816478451325e-05,1.3395492697795839e-06,4.7360218619731584e-07,1.0500350004963581,1.066342087015696,5.3647242183506485,standard-halo-model,scale_dependent_camb
9,0.10256817,0.13796899,100,119,109.80227272727272,3.654334035175444e-05,3.891519162308449e-05,3.951572981545368e-05,8.825415475036086e-07,3.120255564593356e-07,1.0649051577797588,1.0813387455850498,7.60146475899052,standard-halo-model,scale_dependent_camb
9,0.10256817,0.13796899,120,139,129.75576923076923,2.794666432041987e-05,3.0290384986625525e-05,3.0757703694867626e-05,8.52543970500294e-07,3.014198114002309e-07,1.083864057596783,1.100585863923438,7.775602590015616,standard-halo-model,scale_dependent_camb
9,0.10256817,0.13796899,140,159,149.72166666666666,2.238843948925586e-05,2.414221100452158e-05,2.4514702672556665e-05,5.737230428588872e-07,2.0284172706424967e-07,1.0783337988387869,1.0949714777718738,8.64600957923326,standard-halo-model,scale_dependent_camb
9,0.10256817,0.13796899,160,179,169.6955882352941,1.871923828011677e-05,2.0181875019019456e-05,2.0496354717496754e-05,3.919956806752583e-07,1.385914020006558e-07,1.0781354837742663,1.0949352965535786,10.553589312097195,standard-halo-model,scale_dependent_camb
9,0.10256817,0.13796899,180,199,189.675,1.6204754615952434e-05,1.7022985148077448e-05,1.7285853250662814e-05,3.8287488565329377e-07,1.35366713995734e-07,1.0504932380351828,1.0667149031461491,6.044547496002599,standard-halo-model,scale_dependent_camb
9,0.10256817,0.13796899,200,219,209.65833333333333,1.4411473279131138e-05,1.4488453335478636e-05,1.4714143340829593e-05,2.406860092137748e-07,8.5095354625894e-08,1.0053415813120905,1.0210020208091246,0.9046328872583742,standard-halo-model,scale_dependent_camb
9,0.10256817,0.13796899,220,239,229.64456521739132,1.3077876865018557e-05,1.2773969978676425e-05,1.2973218501645816e-05,1.9415623085516602e-07,6.864459372365434e-08,0.9767617565543043,0.9919972970801791,-4.427251584670804,standard-halo-model,scale_dependent_camb
9,0.10256817,0.13796899,240,259,249.633,1.204602005513121e-05,1.1353917067664605e-05,1.1529221736445485e-05,2.605975122738323e-07,9.213513404458569e-08,0.9425450908848693,0.9570980027992244,-7.511824828210329,standard-halo-model,scale_dependent_camb
9,0.10256817,0.13796899,260,279,269.6231481481482,1.121702507916658e-05,1.023704984488948e-05,1.03962804566699e-05,1.679930878606116e-07,5.939452580935297e-08,0.9126350144213182,0.9268304548929776,-16.499420122027157,standard-halo-model,scale_dependent_camb
9,0.10256817,0.13796899,280,299,289.6146551724138,1.053177588104297e-05,9.463206668185631e-06,9.610888028500562e-06,9.340539336341749e-08,3.302379352333472e-08,0.8985385537133631,0.9125610093735481,-32.357554927851766,standard-halo-model,scale_dependent_camb
9,0.10256817,0.13796899,300,319,309.60725806451615,9.952883949303217e-06,8.793008079762786e-06,8.929175700727366e-06,1.727892762435813e-07,6.109023447407598e-08,0.8834633383199819,0.8971445609342689,-18.986273002972865,standard-halo-model,scale_dependent_camb
9,0.10256817,0.13796899,320,339,329.6007575757576,9.455415449097215e-06,8.17830272220449e-06,8.304535538613202e-06,1.950114718025122e-07,6.894696706036279e-08,0.8649331979363571,0.8782835173473106,-18.523116843915954,standard-halo-model,scale_dependent_camb
9,0.10256817,0.13796899,340,359,349.595,9.022137486967396e-06,7.683677616031253e-06,7.802553459342244e-06,1.5112565579933366e-07,5.343098801348646e-08,0.8516471431665094,0.8648231608765818,-25.05025493068374,standard-halo-model,scale_dependent_camb
9,0.10256817,0.13796899,360,379,369.58986486486486,8.640675812723326e-06,7.300736796864745e-06,7.414085857174301e-06,1.4826428497105012e-07,5.241934065540213e-08,0.8449265954538496,0.858044673572537,-25.561920449689822,standard-halo-model,scale_dependent_camb
9,0.10256817,0.13796899,380,399,389.5852564102564,8.301742240161646e-06,6.970711496484278e-06,7.078273227142951e-06,1.7077508448254022e-07,6.037811014765486e-08,0.8396685050954495,0.8526250300690049,-22.0449222478532,standard-halo-model,scale_dependent_camb
9,0.10256817,0.13796899,400,419,409.5810975609756,7.998114084129522e-06,6.719301974150757e-06,6.8224307369972625e-06,1.7764487854178655e-07,6.280694912997893e-08,0.840110794053778,0.8530049290663231,-20.36099711406558,standard-halo-model,scale_dependent_camb
9,0.10256817,0.13796899,420,439,429.57732558139537,7.724012803154046e-06,6.502526857663337e-06,6.603079879848617e-06,1.367603728271944e-07,4.83520935118548e-08,0.8418586327314316,0.8548768688151703,-25.26231765313799,standard-halo-model,scale_dependent_camb
9,0.10256817,0.13796899,440,459,449.5738888888889,7.474735464731114e-06,6.282120366052963e-06,6.379004109732548e-06,1.4205062200693364e-07,5.02224790464349e-08,0.8404471831404067,0.853408677782822,-23.746639379857726,standard-halo-model,scale_dependent_camb
9,0.10256817,0.13796899,460,479,469.5707446808511,7.2464216399398746e-06,6.09532388111478e-06,6.189403489744116e-06,1.200339445889929e-07,4.243840809572358e-08,0.8411494919808937,0.8541323976554407,-27.12396177134382,standard-halo-model,scale_dependent_camb
9,0.10256817,0.13796899,480,499,489.5678571428571,7.035885049708719e-06,5.936526831314173e-06,6.0282768707602075e-06,1.1967954037287128e-07,4.2313107283473235e-08,0.8437498323768011,0.8567901306190007,-25.98150523499692,standard-halo-model,scale_dependent_camb
9,0.10256817,0.13796899,500,519,509.56519607843137,6.8404888595131e-06,5.821252553089113e-06,5.910905294128666e-06,1.3709531326536075e-07,4.847051283941531e-08,0.8509994932589459,0.8641056824335505,-21.027966215268993,standard-halo-model,scale_dependent_camb
9,0.10256817,0.13796899,520,539,529.5627358490566,6.658050174757044e-06,5.725122517290585e-06,5.813614515034115e-06,1.0863061709814382e-07,3.8406722997288405e-08,0.8598797496294773,0.8731707275315415,-24.29073830465374,standard-halo-model,scale_dependent_camb
9,0.10256817,0.13796899,540,559,549.5604545454545,6.486758997966885e-06,5.576302756456661e-06,5.661861068816781e-06,1.5538647506572202e-07,5.4937415111823206e-08,0.8596438927674691,0.8728335784621183,-16.572607933173092,standard-halo-model,scale_dependent_camb
9,0.10256817,0.13796899,560,579,569.5583333333333,6.325111996025126e-06,5.4181650343908134e-06,5.501679771056753e-06,1.224669236406557e-07,4.329859608868137e-08,0.8566117149855587,0.8698153921249393,-20.946336453421324,standard-halo-model,scale_dependent_camb
9,0.10256817,0.13796899,580,599,589.5563559322034,6.171858130764218e-06,5.314078945286805e-06,5.395536611543533e-06,1.4896139801052928e-07,5.266580733413677e-08,0.8610176761514121,0.8742159163784021,-16.287212309027307,standard-halo-model,scale_dependent_camb
9,0.10256817,0.13796899,600,619,609.5545081967213,6.02595392199551e-06,5.2252057075030715e-06,5.305647747771315e-06,1.3082778438073686e-07,4.6254606751615255e-08,0.8671167710775876,0.8804660335030137,-17.311750563406864,standard-halo-model,scale_dependent_camb
9,0.10256817,0.13796899,620,639,629.5527777777778,5.886527747420697e-06,5.132053725767351e-06,5.210856773363044e-06,1.410936873582612e-07,4.988415155682057e-08,0.8718303804846695,0.885217397581501,-15.12452348305377,standard-halo-model,scale_dependent_camb
9,0.10256817,0.13796899,640,659,649.5511538461539,5.752849466108838e-06,5.001942819769265e-06,5.07875389261514e-06,1.4466620876778605e-07,5.114722861412514e-08,0.8694722240233625,0.8828240548505699,-14.681277298613937,standard-halo-model,scale_dependent_camb
9,0.10256817,0.13796899,660,679,669.5496268656716,5.624306178392644e-06,4.900551200964795e-06,4.976010281662094e-06,1.253246828144104e-07,4.430896653406138e-08,0.8713165758634626,0.8847331784280947,-16.334278003786896,standard-halo-model,scale_dependent_camb
9,0.10256817,0.13796899,680,699,689.5481884057971,5.500382350376959e-06,4.813621966737988e-06,4.887579802184534e-06,1.2674877563702113e-07,4.481245938001495e-08,0.8751431555313777,0.8885890999649457,-15.325210736932823,standard-halo-model,scale_dependent_camb
9,0.10256817,0.13796899,700,719,709.5468309859154,5.3806432534132435e-06,4.697261909712903e-06,4.769548963567048e-06,1.1354727029838707e-07,4.014502240660567e-08,0.8729926308965321,0.8864272799616396,-17.022816347659905,standard-halo-model,scale_dependent_camb
9,0.10256817,0.13796899,720,739,729.5455479452055,5.264721783941883e-06,4.623217015495375e-06,4.694314962781642e-06,1.2225824387901788e-07,4.322481665140613e-08,0.878150300286867,0.891654897529427,-14.841121793992384,standard-halo-model,scale_dependent_camb
9,0.10256817,0.13796899,740,759,749.5443333333334,5.152306985706667e-06,4.537332329616537e-06,4.607481320684475e-06,9.391731526156087e-08,3.320478524614226e-08,0.8806409133236492,0.8942559776555189,-18.520663558924166,standard-halo-model,scale_dependent_camb
9,0.10256817,0.13796899,760,779,769.5431818181818,5.0431345727520565e-06,4.465707355887612e-06,4.534666728357893e-06,9.410907404309044e-08,3.3272582213528074e-08,0.8855023183429863,0.89917622917671,-17.354445565985333,standard-halo-model,scale_dependent_camb
9,0.10256817,0.13796899,780,799,789.5420886075949,4.936979955620337e-06,4.389186777597586e-06,4.456754757639175e-06,1.0846544373225837e-07,3.83483253937439e-08,0.8890428596131661,0.9027289552929081,-14.284670123095317,standard-halo-model,scale_dependent_camb
9,0.10256817,0.13796899,800,819,809.5410493827161,4.833651398090004e-06,4.286924878910686e-06,4.352604097739384e-06,1.3798490179863138e-07,4.878502988158604e-08,0.8868916117129683,0.900479521435761,-11.206850144529287,standard-halo-model,scale_dependent_camb
9,0.10256817,0.13796899,820,839,829.5400602409638,4.732984778573113e-06,4.227164676409753e-06,4.292169752624083e-06,1.0312048224390294e-07,3.645859613694537e-08,0.8931287283125695,0.9068632065024459,-13.873822795134636,standard-halo-model,scale_dependent_camb
9,0.10256817,0.13796899,840,859,849.5391176470588,4.634839057225015e-06,4.1403741134181325e-06,4.204102986149827e-06,9.419919387200171e-08,3.330444438459934e-08,0.8933156172842537,0.907065581834231,-14.846815581031976,standard-halo-model,scale_dependent_camb
9,0.10256817,0.13796899,860,879,869.5382183908046,4.5390924846719755e-06,4.0712527759470605e-06,4.133884797552217e-06,9.270621915700923e-08,3.277659811204372e-08,0.8969310032115981,0.9107293608825772,-14.273589563067189,standard-halo-model,scale_dependent_camb
9,0.10256817,0.13796899,880,899,889.5373595505617,4.445639861105534e-06,3.997964749637615e-06,4.059556473470374e-06,8.592177398923304e-08,3.0377934519682296e-08,0.8993001850229513,0.9131545964816077,-14.73685155183492,standard-halo-model,scale_dependent_camb
9,0.10256817,0.13796899,900,919,909.5365384615385,4.35438919716524e-06,3.921205456825911e-06,3.981594261963573e-06,9.254394659591166e-08,3.271922609786742e-08,0.9005179094644693,0.9143863999468947,-13.239425010959028,standard-halo-model,scale_dependent_camb
9,0.10256817,0.13796899,920,939,929.535752688172,4.265259961212172e-06,3.850961492805949e-06,3.910332345168459e-06,8.230931155503277e-08,2.910073617767996e-08,0.9028667719731482,0.916786404751085,-14.236700607044666,standard-halo-model,scale_dependent_camb
9,0.10256817,0.13796899,940,959,949.535,4.178181128899742e-06,3.75247609713437e-06,3.8100149714068898e-06,1.0149709911478276e-07,3.588464352741301e-08,0.8981123559194584,0.911883629231315,-11.863153424950916,standard-halo-model,scale_dependent_camb
9,0.10256817,0.13796899,960,979,969.5342783505155,4.0930895396595855e-06,3.684679352807474e-06,3.7416742591558486e-06,6.116500458841893e-08,2.162509475788866e-08,0.9002195815911522,0.9141442479821823,-18.88593744557474,standard-halo-model,scale_dependent_camb
9,0.10256817,0.13796899,980,999,989.5335858585859,4.00992863505798e-06,3.6273868673574933e-06,3.6831969952523857e-06,8.385379677791864e-08,2.9646794164952468e-08,0.9046013526634855,0.9185193379879514,-12.903309732986788,standard-halo-model,scale_dependent_camb
9,0.10256817,0.13796899,1000,1019,1009.5329207920792,3.92864727692822e-06,3.569357776058436e-06,3.6242122709229027e-06,8.677803729797755e-08,3.068066931572953e-08,0.9085462563718091,0.9225089491252692,-11.71061482304695,standard-halo-model,scale_dependent_camb
9,0.10256817,0.13796899,1020,1039,1029.532281553398,3.849198807411127e-06,3.4902210009408554e-06,3.5439784054758794e-06,7.496561709669271e-08,2.65043481024528e-08,0.9067396036341103,0.9207054721757718,-13.544110011030623,standard-halo-model,scale_dependent_camb
9,0.10256817,0.13796899,1040,1059,1049.5316666666668,3.771540459998916e-06,3.424507564854604e-06,3.4772083211030805e-06,7.878860210883218e-08,2.7855977415681975e-08,0.9079864318506048,0.9219597026685695,-12.458112309817711,standard-halo-model,scale_dependent_camb
9,0.10256817,0.13796899,1060,1079,1069.5310747663552,3.695632382145315e-06,3.349120067804466e-06,3.400615146154058e-06,8.238135596174984e-08,2.912620772194806e-08,0.9062373422164629,0.9201713792160249,-11.896925190152187,standard-halo-model,scale_dependent_camb
9,0.10256817,0.13796899,1080,1099,1089.530504587156,3.621437361228597e-06,3.2848054343940985e-06,3.3353332080871765e-06,7.560912069968357e-08,2.6731860983149202e-08,0.9070446639672669,0.9209970725423903,-12.592910274623192,standard-halo-model,scale_dependent_camb
9,0.10256817,0.13796899,1100,1119,1109.529954954955,3.5489201974173902e-06,3.2308177042639476e-06,3.280586086911368e-06,8.154814728697811e-08,2.8831623969910788e-08,0.9103664000715116,0.9243899283220588,-11.033110499964211,standard-halo-model,scale_dependent_camb
9,0.10256817,0.13796899,1120,1139,1129.529424778761,3.478047421524562e-06,3.1710959841012546e-06,3.2199636637519455e-06,6.815589876654345e-08,2.409674909784336e-08,0.9117460459211454,0.9257963660370426,-12.738292463309056,standard-halo-model,scale_dependent_camb
9,0.10256817,0.13796899,1140,1159,1149.5289130434783,3.408786943033803e-06,3.0935560831279985e-06,3.1412374334197987e-06,6.470898221554135e-08,2.2878080064144495e-08,0.9075240356250454,0.9215118122413698,-13.77872876666114,standard-halo-model,scale_dependent_camb
9,0.10256817,0.13796899,1160,1179,1169.5284188034188,3.3411077514744743e-06,3.020977790082686e-06,3.0674873618119764e-06,6.684105874469949e-08,2.3631882950032695e-08,0.9041844845469259,0.9181048891518852,-13.546527886443567,standard-halo-model,scale_dependent_camb
9,0.10256817,0.13796899,1180,1199,1189.5279411764707,3.274979755688347e-06,2.971014743658123e-06,3.0170420552748197e-06,4.4182872234917095e-08,1.5621004284804352e-08,0.907185682139786,0.9212399099672257,-19.458736870452846,standard-halo-model,scale_dependent_camb
9,0.10256817,0.13796899,1200,1219,1209.527479338843,3.2103736370826384e-06,2.922904015868973e-06,2.967931622467891e-06,6.410660279304232e-08,2.2665106776896345e-08,0.9104560235939086,0.9244816828127639,-12.683356140492453,standard-halo-model,scale_dependent_camb
9,0.10256817,0.13796899,1220,1239,1229.5270325203253,3.147260650472195e-06,2.871858455806268e-06,2.916103320122833e-06,6.166584182613217e-08,2.1802167461417544e-08,0.912494634143312,0.926552848327106,-12.631872273859736,standard-halo-model,scale_dependent_camb
9,0.10256817,0.13796899,1240,1259,1249.5266,3.0856125309766392e-06,2.813725632132046e-06,2.8570569001925324e-06,6.183620225974226e-08,2.186239897034333e-08,0.9118855993372126,0.9259286029954753,-12.436279257981326,standard-halo-model,scale_dependent_camb
9,0.10256817,0.13796899,1260,1279,1269.5261811023622,3.0254014077850534e-06,2.74773829175578e-06,2.7899782223659063e-06,6.33328756854669e-08,2.239155293461913e-08,0.9082227187060923,0.9221844794501156,-12.400351009151493,standard-halo-model,scale_dependent_camb
9,0.10256817,0.13796899,1280,1299,1289.5257751937984,2.9665997911976055e-06,2.7034837760605998e-06,2.7452992193899655e-06,4.467751493656828e-08,1.5795886889105346e-08,0.911307209041909,0.9254026200418825,-16.657248623278043,standard-halo-model,scale_dependent_camb
9,0.10256817,0.13796899,1300,1319,1309.5253816793893,2.909180415716949e-06,2.6469516204531475e-06,2.687838207022218e-06,4.4009429808785395e-08,1.5559683126972767e-08,0.90986162499682,0.9239159567076274,-16.853093544638245,standard-halo-model,scale_dependent_camb
9,0.10256817,0.13796899,1320,1339,1329.525,2.853116304978289e-06,2.5970026002201964e-06,2.637048385456952e-06,5.0032790851705937e-08,1.768926284646476e-08,0.9102336962880868,0.9242695016868647,-14.478483754865874,standard-halo-model,scale_dependent_camb
9,0.10256817,0.13796899,1340,1359,1349.5246296296295,2.798380671063976e-06,2.5493573848968657e-06,2.5885559829089276e-06,5.809932079807213e-08,2.054121185932471e-08,0.9110116472922789,0.9250192476224935,-12.123105874791214,standard-halo-model,scale_dependent_camb
9,0.10256817,0.13796899,1360,1379,1369.5242700729927,2.7449469376663283e-06,2.5077230925778963e-06,2.5463851749972327e-06,5.2390353458588526e-08,1.852278709966402e-08,0.9135779851212306,0.9276628047178548,-12.807135546719906,standard-halo-model,scale_dependent_camb
9,0.10256817,0.13796899,1380,1399,1389.5239208633093,2.6927887505530523e-06,2.460883595001113e-06,2.4990190286154483e-06,3.0494418343348944e-08,1.078140499946074e-08,0.913879187327892,0.9280412464966638,-21.50973417319345,standard-halo-model,scale_dependent_camb
9,0.10256817,0.13796899,1400,1419,1409.5235815602837,2.641879891729139e-06,2.4128660250798406e-06,2.450199566765619e-06,3.533942385804718e-08,1.2494373126625411e-08,0.9133140505871346,0.9274454809381726,-18.3293602910955,standard-halo-model,scale_dependent_camb
9,0.10256817,0.13796899,1420,1439,1429.5232517482518,2.592194387049301e-06,2.366029501595888e-06,2.4025886907068184e-06,4.2059758409163874e-08,1.4870370193093845e-08,0.9127515719564315,0.9268551396879185,-15.209095840697318,standard-halo-model,scale_dependent_camb
9,0.10256817,0.13796899,1440,1459,1449.5229310344828,2.5437064316774138e-06,2.319540354499722e-06,2.3553130202905183e-06,4.6448859543876506e-08,1.642215178092828e-08,0.9118742342331271,0.9259374395406698,-13.65022563230874,standard-halo-model,scale_dependent_camb
9,0.10256817,0.13796899,1460,1479,1469.522619047619,2.496390442141391e-06,2.2719013708419778e-06,2.30696259344442e-06,4.189964240776125e-08,1.4813760637909708e-08,0.9100745350127011,0.9241193022136068,-15.154090631444811,standard-halo-model,scale_dependent_camb
9,0.10256817,0.13796899,1480,1499,1489.5223154362416,2.450221047863636e-06,2.23234130171309e-06,2.2668965377423235e-06,3.293654139814932e-08,1.1644825885731417e-08,0.9110775142754908,0.9251804198314456,-18.71043399777386,standard-halo-model,scale_dependent_camb
9,0.10256817,0.13796899,1500,1519,1509.5220198675497,2.405173118657771e-06,2.195966845314563e-06,2.2298527016539512e-06,4.312005191486818e-08,1.524524055705963e-08,0.9130182057497976,0.9271069447584468,-13.722726942890413,standard-halo-model,scale_dependent_camb
9,0.10256817,0.13796899,1520,1539,1529.5217320261438,2.361221710544475e-06,2.1554045801572362e-06,2.188712370478491e-06,3.785191267089713e-08,1.338267206523618e-08,0.9128344748533677,0.9269406429325924,-15.379374865045419,standard-halo-model,scale_dependent_camb
9,0.10256817,0.13796899,1540,1559,1549.5214516129033,2.318342203119183e-06,2.1179213632426654e-06,2.1505045066940254e-06,4.868985639742685e-08,1.7214463816809862e-08,0.9135499325307266,0.927604433806475,-11.642583934610105,standard-halo-model,scale_dependent_camb
9,0.10256817,0.13796899,1560,1579,1569.521178343949,2.27651029548379e-06,2.083415145572612e-06,2.1156907908665306e-06,2.908369976624292e-08,1.0282640663351988e-08,0.9151793206056454,0.9293570053531943,-18.778751123666297,standard-halo-model,scale_dependent_camb
9,0.10256817,0.13796899,1580,1599,1589.5209119496856,2.2357017454265937e-06,2.0409656509184786e-06,2.072628546273895e-06,2.4466249323006127e-08,8.650125403249205e-09,0.9128971049441313,0.9270595017934369,-22.512516920849176,standard-halo-model,scale_dependent_camb
9,0.10256817,0.13796899,1600,1619,1609.520652173913,2.1958929192836725e-06,2.002314020165074e-06,2.0331941085189594e-06,3.929781993210727e-08,1.3893877479920461e-08,0.91184501875358,0.9259076754900292,-13.932676417966134,standard-halo-model,scale_dependent_camb
9,0.10256817,0.13796899,1620,1639,1629.520398773006,2.157060214524171e-06,1.9721359962700183e-06,2.0026491906657476e-06,3.162638780972823e-08,1.1181616642347196e-08,0.9142702568018272,0.9284159881960063,-16.538236300626227,standard-halo-model,scale_dependent_camb
9,0.10256817,0.13796899,1640,1659,1649.5201515151516,2.119180582449369e-06,1.9294034309332982e-06,1.959161488089689e-06,3.8435404623958035e-08,1.3588967623624754e-08,0.9104478622125141,0.9244901092030918,-13.965531214169525,standard-halo-model,scale_dependent_camb
9,0.10256817,0.13796899,1660,1679,1669.5199101796406,2.0822310436391865e-06,1.8934598914262696e-06,1.9226912672108396e-06,3.371358548784568e-08,1.1919552458284028e-08,0.9093418798122445,0.9233803679396145,-15.837100669138124,standard-halo-model,scale_dependent_camb
9,0.10256817,0.13796899,1680,1699,1689.519674556213,2.046189313369153e-06,1.8616376921530398e-06,1.890355659917016e-06,3.440424120553181e-08,1.2163736129004591e-08,0.9098071620204878,0.9238420157734334,-15.172280889590125,standard-halo-model,scale_dependent_camb
9,0.10256817,0.13796899,1700,1719,1709.5194444444444,2.0110330990994495e-06,1.8361387311830977e-06,1.8645165600118848e-06,2.982147922512666e-08,1.0543485092550403e-08,0.9130325761447335,0.927143646142286,-16.587908683052536,standard-halo-model,scale_dependent_camb
9,0.10256817,0.13796899,1720,1739,1729.519219653179,1.976740651716901e-06,1.8073152724591177e-06,1.8352257401178335e-06,3.1017323975944155e-08,1.0966280058825098e-08,0.9142905372484607,0.9284099755442604,-15.449667375714931,standard-halo-model,scale_dependent_camb
9,0.10256817,0.13796899,1740,1759,1749.519,1.9432906740332528e-06,1.7709771699355622e-06,1.79839629300134e-06,2.4526134051447322e-08,8.671297852034347e-09,0.9113290119691368,0.9254386474612221,-19.871708599799117,standard-halo-model,scale_dependent_camb
9,0.10256817,0.13796899,1760,1779,1769.5187853107345,1.910662087843006e-06,1.738061499735196e-06,1.7649182769059947e-06,2.9726879125831522e-08,1.0510038906694148e-08,0.9096645140938222,0.9237207814692417,-16.422449968084884,standard-halo-model,scale_dependent_camb
9,0.10256817,0.13796899,1780,1799,1789.5185754189945,1.8788342311699295e-06,1.70966133119371e-06,1.7360591479576467e-06,3.0090886193576785e-08,1.0638734839695402e-08,0.9099585811405632,0.9240086853626366,-15.901599440658972,standard-halo-model,scale_dependent_camb
9,0.10256817,0.13796899,1800,1819,1809.5183701657459,1.847786865294095e-06,1.6936996700039517e-06,1.719890788911754e-06,2.8976695182758592e-08,1.0244808830052082e-08,0.9166098654643166,0.930784183617419,-15.040514454319975,standard-halo-model,scale_dependent_camb
9,0.10256817,0.13796899,1820,1839,1829.518169398907,1.8175001439712003e-06,1.658023324006827e-06,1.6837001950891445e-06,2.2407399239081437e-08,7.922211975354385e-09,0.912254851536947,0.926382427354473,-20.1303399177525,standard-halo-model,scale_dependent_camb
9,0.10256817,0.13796899,1840,1859,1849.517972972973,1.7879546070588007e-06,1.6238796640775052e-06,1.6490094120952868e-06,2.3834918062249164e-08,8.426916095421054e-09,0.9082331607673194,0.9222881865037503,-19.470342545649547,standard-halo-model,scale_dependent_camb
9,0.10256817,0.13796899,1860,1879,1869.5177807486632,1.7591311907568672e-06,1.5988810162700369e-06,1.6235889012940906e-06,2.569548347936602e-08,9.084725307063307e-09,0.90890379561863,0.922949300100546,-17.639517879779703,standard-halo-model,scale_dependent_camb
9,0.10256817,0.13796899,1880,1899,1889.5175925925926,1.731011214452072e-06,1.5742171713993102e-06,1.598618281418404e-06,1.917059225806465e-08,6.777827892519921e-09,0.9094205504021574,0.9235169986604765,-23.133376287969952,standard-halo-model,scale_dependent_camb
9,0.10256817,0.13796899,1900,1919,1909.5174083769634,1.7035764121553942e-06,1.5528440217556064e-06,1.5769581744316444e-06,1.7558818044868814e-08,6.207979654573727e-09,0.9115200296715317,0.9256750464374238,-24.28042596575453,standard-halo-model,scale_dependent_camb
9,0.10256817,0.13796899,1920,1939,1929.5172279792746,1.6768089184939303e-06,1.525849035152329e-06,1.5495437301235624e-06,1.8285536386549908e-08,6.4649133882813984e-09,0.9099719224554281,0.9241027484010078,-23.350642812205038,standard-halo-model,scale_dependent_camb
9,0.10256817,0.13796899,1940,1959,1949.5170512820512,1.6506912485528052e-06,1.4965540017220927e-06,1.5197444185539799e-06,1.9235045101278427e-08,6.800615413771528e-09,0.9066226061561495,0.9206715186055363,-22.66519093530538,standard-halo-model,scale_dependent_camb
9,0.10256817,0.13796899,1960,1979,1969.5168781725888,1.625206327256651e-06,1.478173126110763e-06,1.5010942585243081e-06,2.098921449394541e-08,7.420807950223884e-09,0.9095295171573198,0.9236330386789448,-19.813637831909155,standard-halo-model,scale_dependent_camb
9,0.10256817,0.13796899,1980,1999,1989.5167085427136,1.6003374899651808e-06,1.4531287084132213e-06,1.4755989975561906e-06,2.254805991941917e-08,7.971943035810945e-09,0.9080139142680695,0.9220548833035811,-18.465859689498487,standard-halo-model,scale_dependent_camb
9,0.10256817,0.13796899,2000,2019,2009.5165422885573,1.576068465706147e-06,1.4313567985783233e-06,1.4535585407030156e-06,1.6998957026000346e-08,6.010038893091775e-09,0.9081818650162596,0.9222686528733753,-24.07832456694449,standard-halo-model,scale_dependent_camb
9,0.10256817,0.13796899,2020,2039,2029.5163793103447,1.5523833502844298e-06,1.408525221135258e-06,1.4303233579037342e-06,2.1702223224917638e-08,7.672894604581722e-09,0.9073307961446418,0.92137251899904,-18.748873347389594,standard-halo-model,scale_dependent_camb
9,0.10256817,0.13796899,2040,2059,2049.516219512195,1.5292665673500589e-06,1.3931416403277616e-06,1.414688921033209e-06,2.155910586625963e-08,7.62229497717543e-09,0.9109867894005053,0.9250767336688774,-17.85878497616746,standard-halo-model,scale_dependent_camb
9,0.10256817,0.13796899,2060,2079,2069.5160628019325,1.5067029966178612e-06,1.3666365392280175e-06,1.387791345280654e-06,2.0436450354235574e-08,7.225376314431097e-09,0.9070377787100345,0.9210782406326053,-19.385351197569012,standard-halo-model,scale_dependent_camb
9,0.10256817,0.13796899,2080,2099,2089.515909090909,1.4846779551273445e-06,1.3473143550835944e-06,1.3682359326013013e-06,1.302807114591491e-08,4.6061187265286135e-09,0.9074791946836928,0.9215708550639483,-29.821984234278254,standard-halo-model,scale_dependent_camb
9,0.10256817,0.13796899,2100,2119,2109.5157582938386,1.4631770754895473e-06,1.3303163152037758e-06,1.3509384757640133e-06,1.5835055000788042e-08,5.598537385759587e-09,0.9091970736068844,0.9232911712425638,-23.73133394156044,standard-halo-model,scale_dependent_camb
9,0.10256817,0.13796899,2120,2139,2129.5156103286386,1.4421861629206176e-06,1.3082250646614915e-06,1.3285096023176267e-06,1.567682385520216e-08,5.54259422774024e-09,0.9071124784696054,0.9211776097110925,-24.169385806498603,standard-halo-model,scale_dependent_camb
9,0.10256817,0.13796899,2140,2159,2149.515465116279,1.4216917343504313e-06,1.28918077438108e-06,1.3091839363575113e-06,1.527736894636321e-08,5.401365590331103e-09,0.9067934653007634,0.9208634366546946,-24.53286261654961,standard-halo-model,scale_dependent_camb
9,0.10256817,0.13796899,2160,2179,2169.5153225806453,1.4016804957403313e-06,1.2676340460062547e-06,1.2873108164544436e-06,1.3508303104103463e-08,4.775906363617424e-09,0.9043673289730149,0.9184053144540043,-28.06722735504922,standard-halo-model,scale_dependent_camb
9,0.10256817,0.13796899,2180,2199,2189.5151826484016,1.3821392990854504e-06,1.2483728136613791e-06,1.2677032780130792e-06,1.755684285271671e-08,6.207281318691277e-09,0.9032177975746849,0.9172036992594795,-21.54993121083066,standard-halo-model,scale_dependent_camb
9,0.10256817,0.13796899,2200,2219,2209.515045248869,1.3630558371319257e-06,1.2332014203015039e-06,1.2523142719361851e-06,1.6613605095884807e-08,5.873796411627764e-09,0.9047328705890325,0.9187549312515638,-22.10740851919248,standard-halo-model,scale_dependent_camb
9,0.10256817,0.13796899,2220,2239,2229.5149103139015,1.344417517149564e-06,1.2173887066900162e-06,1.236235303367174e-06,1.7058888574611886e-08,6.031227895306891e-09,0.9055138683934479,0.919532278921984,-21.061848874653407,standard-halo-model,scale_dependent_camb
9,0.10256817,0.13796899,2240,2259,2249.514777777778,1.3262127027604078e-06,1.2027597069058671e-06,1.2214230729273655e-06,1.4196022182946283e-08,5.019051775717986e-09,0.9069131251739763,0.9209858044528371,-24.59687633664238,standard-halo-model,scale_dependent_camb
9,0.10256817,0.13796899,2260,2279,2269.5146475770925,1.3084295137230443e-06,1.1855633981684953e-06,1.2039503485844565e-06,1.4675192397148277e-08,5.188464029620406e-09,0.9060964963982339,0.9201491833967428,-23.680633585029987,standard-halo-model,scale_dependent_camb
9,0.10256817,0.13796899,2280,2299,2289.514519650655,1.2910568987766171e-06,1.1651064783609708e-06,1.1831753005509246e-06,1.492794660079141e-08,5.277826135305138e-09,0.9024439429935313,0.9164393154725254,-23.864071529966097,standard-halo-model,scale_dependent_camb
9,0.10256817,0.13796899,2300,2319,2309.514393939394,1.2740836166489868e-06,1.1572136402872448e-06,1.175174069605008e-06,1.2652754148113396e-08,4.4734241294086e-09,0.9082713451185206,0.9223680881290002,-26.12539588934361,standard-halo-model,scale_dependent_camb
9,0.10256817,0.13796899,2320,2339,2329.514270386266,1.2574992716422454e-06,1.1405187352983557e-06,1.1582053180200908e-06,1.3546449559300157e-08,4.789393172191329e-09,0.9069736746717016,0.9210385597341296,-24.4249181760884,standard-halo-model,scale_dependent_camb
9,0.10256817,0.13796899,2340,2359,2349.5141489361704,1.2412931685561261e-06,1.1215860796356313e-06,1.139010423235679e-06,1.1792020265775747e-08,4.169108746909613e-09,0.90356259749682,0.9175998483586092,-28.712872747497585,standard-halo-model,scale_dependent_camb
9,0.10256817,0.13796899,2360,2379,2369.514029535865,1.2254555041614897e-06,1.1080193391367765e-06,1.1251890601015692e-06,1.5465367256267235e-08,5.467833030223476e-09,0.904169376508641,0.9181802654446216,-21.47764285697536,standard-halo-model,scale_dependent_camb
9,0.10256817,0.13796899,2380,2399,2389.513912133891,1.2099762793188623e-06,1.0946492494777294e-06,1.1116113702950424e-06,1.390478342745289e-08,4.916083326241131e-09,0.9046865365773498,0.9187050930624914,-23.45912837269026,standard-halo-model,scale_dependent_camb
9,0.10256817,0.13796899,2400,2419,2409.5137966804978,1.194845959854054e-06,1.0775603193821662e-06,1.0942411149234774e-06,1.5072668296279018e-08,5.32899298143719e-09,0.9018403673673435,0.9158009916668546,-22.008968839035067,standard-halo-model,scale_dependent_camb
9,0.10256817,0.13796899,2420,2439,2429.513683127572,1.1800554696776247e-06,1.0648493304968777e-06,1.0813603179836683e-06,1.3454715455049266e-08,4.75696026860039e-09,0.9023722679644715,0.9163639725165474,-24.218436286129286,standard-halo-model,scale_dependent_camb
9,0.10256817,0.13796899,2440,2459,2449.5135714285716,1.1655955966621583e-06,1.0522757000680106e-06,1.068588020008845e-06,1.3030908090793718e-08,4.607121738009442e-09,0.9027794057230015,0.9167742423434785,-24.5966794537339,standard-halo-model,scale_dependent_camb
9,0.10256817,0.13796899,2460,2479,2469.5134615384613,1.1514576399730531e-06,1.0439942042192494e-06,1.0601654914743614e-06,1.3725295935947238e-08,4.852624915050226e-09,0.9066718287992612,0.9207160165259504,-22.145423896355567,standard-halo-model,scale_dependent_camb
9,0.10256817,0.13796899,2480,2499,2489.513353413655,1.1376332372603067e-06,1.0306703382399629e-06,1.046639306921053e-06,1.3955328349309011e-08,4.933953654740635e-09,0.9059776951683162,0.9200147047756895,-21.67894279217071,standard-halo-model,scale_dependent_camb
9,0.10256817,0.13796899,2500,2519,2509.513247011952,1.1241140408050094e-06,1.018955977545707e-06,1.0347454346229132e-06,1.3773127117469028e-08,4.8695357914533375e-09,0.9064524955279487,0.9204986300873025,-21.59508991470362,standard-halo-model,scale_dependent_camb
9,0.10256817,0.13796899,2520,2539,2529.51314229249,1.1108919863267e-06,1.0031658472473714e-06,1.0187315125495152e-06,1.1665303545889411e-08,4.12430762094894e-09,0.9030273506288058,0.9170392127123677,-26.11981185209032,standard-halo-model,scale_dependent_camb
9,0.10256817,0.13796899,2540,2559,2549.513039215686,1.0979593506040171e-06,9.914133163990772e-07,1.0067774021970783e-06,1.2942474542215925e-08,4.575855757067569e-09,0.9029599464257706,0.9169532566421724,-23.28439528286613,standard-halo-model,scale_dependent_camb
9,0.10256817,0.13796899,2560,2579,2569.512937743191,1.085308621566336e-06,9.802494475366225e-07,9.954472096545897e-07,1.1924284674010268e-08,4.21587127689574e-09,0.903198802679656,0.9172019735897271,-24.91991978158104,standard-halo-model,scale_dependent_camb
9,0.10256817,0.13796899,2580,2599,2589.5128378378377,1.0729324298438307e-06,9.689982671037257e-07,9.840379644191317e-07,1.0817480122472483e-08,3.824556774975488e-09,0.903130747240781,0.917148123262862,-27.17547910915014,standard-halo-model,scale_dependent_camb
9,0.10256817,0.13796899,2600,2619,2609.5127394636015,1.0608236089122631e-06,9.634179932935684e-07,9.783556167185359e-07,1.1887899455714351e-08,4.203007159599742e-09,0.9081792535532165,0.922260410212507,-23.17522000794564,standard-halo-model,scale_dependent_camb
9,0.10256817,0.13796899,2620,2639,2629.5126425855515,1.0489752414257703e-06,9.5107661292956e-07,9.658217802955988e-07,1.3041805435648155e-08,4.6109745312311925e-09,0.9066721266336598,0.9207288619918721,-21.23165674265178,standard-halo-model,scale_dependent_camb
9,0.10256817,0.13796899,2640,2659,2649.512547169811,1.0373806340285718e-06,9.390598034742591e-07,9.536034284384986e-07,1.2453663168060883e-08,4.403034838374496e-09,0.9052220300542021,0.9192415947994593,-22.33024133658924,standard-halo-model,scale_dependent_camb
9,0.10256817,0.13796899,2660,2679,2669.5124531835204,1.0260332583909315e-06,9.287265819805888e-07,9.431023716122954e-07,1.3495430399355624e-08,4.771355175207719e-09,0.9051622590061622,0.9191732956993112,-20.39392852495129,standard-halo-model,scale_dependent_camb
9,0.10256817,0.13796899,2680,2699,2689.5123605947956,1.0149267753634587e-06,9.169097003199081e-07,9.311287778737631e-07,1.1495158142777585e-08,4.0641521367848944e-09,0.903424485960133,0.9174344400760475,-24.117471921484412,standard-halo-model,scale_dependent_camb
9,0.10256817,0.13796899,2700,2719,2709.512269372694,1.0040550432879812e-06,9.10084832141419e-07,9.24215796012154e-07,9.681707207612419e-09,3.423000409982707e-09,0.9064093031803937,0.9204831968032575,-27.452585419654348,standard-halo-model,scale_dependent_camb
9,0.10256817,0.13796899,2720,2739,2729.5121794871793,9.934120700251108e-07,9.001422349078878e-07,9.141046416559272e-07,1.101037483307602e-08,3.892755353936877e-09,0.9061116349080948,0.9201666350126199,-23.95985019271658,standard-halo-model,scale_dependent_camb
9,0.10256817,0.13796899,2740,2759,2749.512090909091,9.829920567032708e-07,8.895032616018019e-07,9.032828440661066e-07,1.2294013341028539e-08,4.346590100719581e-09,0.9048936413433402,0.9189116411535505,-21.508537252222574,standard-halo-model,scale_dependent_camb
9,0.10256817,0.13796899,2760,2779,2769.5120036101084,9.727893565239856e-07,8.785100242530814e-07,8.921646995144076e-07,8.934075186542162e-09,3.1586725740172158e-09,0.903083507607662,0.9171201283516613,-29.847769929188726,standard-halo-model,scale_dependent_camb
9,0.10256817,0.13796899,2780,2799,2789.511917562724,9.627985131860378e-07,8.716361595538819e-07,8.851669684402501e-07,1.0480583530681945e-08,3.7054458426686256e-09,0.9053152322280944,0.9193688568453499,-24.60226312915201,standard-halo-model,scale_dependent_camb
9,0.10256817,0.13796899,2800,2819,2809.5118327402133,9.530142084037013e-07,8.627610792862359e-07,8.761616168454486e-07,8.583851083982718e-09,3.034849655089838e-09,0.9052971841116205,0.9193583989823397,-29.73891275506816,standard-halo-model,scale_dependent_camb
9,0.10256817,0.13796899,2820,2839,2829.511749116608,9.43431277685003e-07,8.554982714403647e-07,8.687854153069086e-07,8.81890972161394e-09,3.1179554334125923e-09,0.9067944763709671,0.9208783255932952,-28.20213698449047,standard-halo-model,scale_dependent_camb
9,0.10256817,0.13796899,2840,2859,2849.5116666666668,9.340447079883981e-07,8.448854772104528e-07,8.580025651128413e-07,9.262792600595572e-09,3.274891730302852e-09,0.904545007304883,0.9185883264203437,-27.225092650528666,standard-halo-model,scale_dependent_camb
9,0.10256817,0.13796899,2860,2879,2869.5115853658535,9.248496322820941e-07,8.383898425933306e-07,8.513913205710688e-07,9.617850875526053e-09,3.4004237872627223e-09,0.9065147601611503,0.9205726972829468,-25.426180705070898,standard-halo-model,scale_dependent_camb
9,0.10256817,0.13796899,2880,2899,2889.5115051903113,9.158413321414175e-07,8.308667435681299e-07,8.437685819268815e-07,8.069484541578126e-09,2.8529936200149555e-09,0.9072169101883617,0.9213043267592916,-29.784359830724824,standard-halo-model,scale_dependent_camb
9,0.10256817,0.13796899,2900,2919,2909.5114261168383,9.070151992326471e-07,8.223403103506612e-07,8.350960734630996e-07,9.544035969881999e-09,3.3743262770959445e-09,0.9066444653258043,0.920707915555999,-25.093865242592905,standard-halo-model,scale_dependent_camb
9,0.10256817,0.13796899,2920,2939,2929.511348122867,8.983667855840861e-07,8.152753854433745e-07,8.279425822908613e-07,8.948244649513908e-09,3.1636822356937627e-09,0.9075083791230232,0.9216086297675871,-26.26414220848274,standard-halo-model,scale_dependent_camb
9,0.10256817,0.13796899,2940,2959,2949.511271186441,8.898917462714773e-07,8.079561037573062e-07,8.20495923688902e-07,9.058708950120617e-09,3.2027372637127793e-09,0.9079262810814123,0.9220176803826599,-25.583004713657687,standard-halo-model,scale_dependent_camb
9,0.10256817,0.13796899,2960,2979,2969.5111952861953,8.815858634415115e-07,7.998809022928943e-07,8.122921443753535e-07,9.664128586830971e-09,3.416785429003473e-09,0.9073204726427219,0.9213987860517057,-23.912815962940634,standard-halo-model,scale_dependent_camb
9,0.10256817,0.13796899,2980,2999,2989.511120401338,8.73445046258083e-07,7.918035249805568e-07,8.040953306201054e-07,8.512427672509438e-09,3.009597665795721e-09,0.9065292984060236,0.9206020848877923,-27.127054956676606,standard-halo-model,scale_dependent_camb
9,0.10256817,0.13796899,3000,3019,3009.5110465116277,8.654653196350403e-07,7.856728344165642e-07,7.978625577328096e-07,9.197588950477447e-09,3.2518387587245314e-09,0.9078039484561624,0.9218885374508846,-24.53765119946263,standard-halo-model,scale_dependent_camb
9,0.10256817,0.13796899,3020,3039,3029.5109735973597,8.57642822085444e-07,7.7849694986241e-07,7.905694055459737e-07,9.898015817484777e-09,3.499477052417597e-09,0.9077169770621026,0.9217932980813918,-22.616485559851427,standard-halo-model,scale_dependent_camb
9,0.10256817,0.13796899,3040,3059,3049.5109016393444,8.49973800149787e-07,7.730703071827019e-07,7.85083765059729e-07,6.968688017629123e-09,2.463803276619496e-09,0.9095225135721444,0.9236564290821403,-31.213325226436886,standard-halo-model,scale_dependent_camb
9,0.10256817,0.13796899,3060,3079,3069.5108306188927,8.424546131051413e-07,7.665602071777743e-07,7.784483747132153e-07,9.271115306034672e-09,3.2778342510297552e-09,0.9099127659261863,0.9240241107399125,-23.153826616926796,standard-halo-model,scale_dependent_camb
9,0.10256817,0.13796899,3080,3099,3089.5107605177996,8.350817207328425e-07,7.604785364831078e-07,7.722877032738846e-07,8.641775842406816e-09,3.055329149829974e-09,0.9106636124375167,0.9248049431571179,-24.41739681431254,standard-halo-model,scale_dependent_camb
9,0.10256817,0.13796899,3100,3119,3109.510691318328,8.278516514610309e-07,7.52316148341804e-07,7.639803762597228e-07,9.311664560647177e-09,3.2921705774840358e-09,0.9087571994500241,0.9228469556247365,-22.94398219698361,standard-halo-model,scale_dependent_camb
9,0.10256817,0.13796899,3120,3139,3129.5106230031947,8.207610223579445e-07,7.474127690185838e-07,7.590176109928843e-07,7.667439409577396e-09,2.7108492004245775e-09,0.9106338491457108,0.9247729732734151,-27.057297516908275,standard-halo-model,scale_dependent_camb
9,0.10256817,0.13796899,3140,3159,3149.5105555555556,8.138066061670747e-07,7.411059595391081e-07,7.526202868293147e-07,7.1129594855427565e-09,2.5148109432662297e-09,0.9106659419117064,0.9248146686521265,-28.908990881653782,standard-halo-model,scale_dependent_camb
9,0.10256817,0.13796899,3160,3179,3169.5104889589907,8.069852505813703e-07,7.360689715277729e-07,7.475089380676153e-07,6.500676535564403e-09,2.2983362302989308e-09,0.9121219638122162,0.9262981417926698,-30.855484988971234,standard-halo-model,scale_dependent_camb
9,0.10256817,0.13796899,3180,3199,3189.510423197492,8.002938943716165e-07,7.300058644708714e-07,7.413376313440517e-07,7.779240199393561e-09,2.750376748735088e-09,0.9121722277339944,0.9263317345762625,-25.555782469827413,standard-halo-model,scale_dependent_camb
9,0.10256817,0.13796899,3200,3219,3209.5103582554516,7.937294800003495e-07,7.240403879584673e-07,7.353070629216944e-07,5.3212938155135874e-09,1.8813614708178475e-09,0.9122004488962013,0.9263950520287726,-37.04184077480213,standard-halo-model,scale_dependent_camb
9,0.10256817,0.13796899,3220,3239,3229.510294117647,7.872890728409553e-07,7.176274771793134e-07,7.287626867082509e-07,8.050934738186387e-09,2.846435274130968e-09,0.9115171312993511,0.9256608682227606,-24.473275853043916,standard-halo-model,scale_dependent_camb
9,0.10256817,0.13796899,3240,3259,3249.510230769231,7.809698928639681e-07,7.126842786528292e-07,7.237695238414467e-07,5.8887490560170095e-09,2.0819871951077537e-09,0.9125630644214435,0.9267572674117353,-32.79828731492499,standard-halo-model,scale_dependent_camb
9,0.10256817,0.13796899,3260,3279,3269.5101681957185,7.747692247042897e-07,7.091483151075898e-07,7.201706321033549e-07,6.134464159576286e-09,2.1688606030911132e-09,0.9153026378638802,0.9295292186886054,-30.25593692060036,standard-halo-model,scale_dependent_camb
9,0.10256817,0.13796899,3280,3299,3289.510106382979,7.686842834036344e-07,7.017204120579909e-07,7.126315132592471e-07,6.212038968280304e-09,2.1962874397330434e-09,0.9128850780594392,0.927079593853288,-30.489575332536123,standard-halo-model,scale_dependent_camb
9,0.10256817,0.13796899,3300,3319,3309.5100453172204,7.627124576745131e-07,6.977225414342811e-07,7.085566537221554e-07,7.487222341260632e-09,2.6471328448784056e-09,0.9147910649861624,0.9289957789368262,-24.551059598679576,standard-halo-model,scale_dependent_camb
9,0.10256817,0.13796899,3320,3339,3329.509984984985,7.568512950751698e-07,6.915986665698714e-07,7.023494389388842e-07,5.819874771652478e-09,2.0576364583459886e-09,0.9137840829104777,0.927988686164734,-31.71241850844298,standard-halo-model,scale_dependent_camb
9,0.10256817,0.13796899,3340,3359,3349.509925373134,7.510983079021379e-07,6.873226048806975e-07,6.980166791991718e-07,5.3878842631938454e-09,1.9049047493763267e-09,0.9150900722975003,0.9293279879018417,-33.479733326467276,standard-halo-model,scale_dependent_camb
9,0.10256817,0.13796899,3360,3379,3369.5098664688426,7.454509608587539e-07,6.826756755626459e-07,6.93269136208934e-07,7.710197640842917e-09,2.7259665180642738e-09,0.9157888464939513,0.9299996547194643,-23.02863402030525,standard-halo-model,scale_dependent_camb
9,0.10256817,0.13796899,3380,3399,3389.509808259587,7.399070451709634e-07,6.784205548874424e-07,6.889651709001969e-07,6.252862868828983e-09,2.210720868189272e-09,0.9168997096529689,0.9311509809195075,-27.812869172344904,standard-halo-model,scale_dependent_camb
9,0.10256817,0.13796899,3400,3419,3409.509750733138,7.344642911556171e-07,6.761580815834425e-07,6.866524874556954e-07,7.0078791821775195e-09,2.4776594457268802e-09,0.9206139627558547,0.93490248024898,-23.532777950066123,standard-halo-model,scale_dependent_camb
9,0.10256817,0.13796899,3420,3439,3429.509693877551,7.291203167778041e-07,6.684857037804166e-07,6.788724688186843e-07,6.772133838818023e-09,2.3943108802655547e-09,0.9168386731213998,0.931084284989918,-25.324452850777046,standard-halo-model,scale_dependent_camb
9,0.10256817,0.13796899,3440,3459,3449.5096376811593,7.238731217169003e-07,6.66388792030905e-07,6.767368474433828e-07,7.155420505759153e-09,2.529823180931786e-09,0.9205878378939496,0.9348832373251842,-22.722666990830003,standard-halo-model,scale_dependent_camb
9,0.10256817,0.13796899,3460,3479,3469.509582132565,7.187205726337158e-07,6.609037273290221e-07,6.711728535944891e-07,6.386169365024249e-09,2.257851831907217e-09,0.9195558781727552,0.9338439431822712,-25.60701481277255,standard-halo-model,scale_dependent_camb
9,0.10256817,0.13796899,3480,3499,3489.5095272206304,7.136604868626763e-07,6.55475760238132e-07,6.656574826294072e-07,6.3947396512814914e-09,2.26088188567182e-09,0.9184700180329022,0.9327369174601564,-25.735411917484896,standard-halo-model,scale_dependent_camb
9,0.10256817,0.13796899,3500,3519,3509.509472934473,7.086910711001797e-07,6.513424785127154e-07,6.614637595096436e-07,6.1898869480699964e-09,2.1884555178791987e-09,0.9190781499498283,0.9333598044106581,-26.205052887270934,standard-halo-model,scale_dependent_camb
9,0.10256817,0.13796899,3520,3539,3529.509419263456,7.038102002725519e-07,6.467649474079431e-07,6.568242737873861e-07,5.394672498966058e-09,1.907304753149739e-09,0.9189479594889107,0.9332406286993704,-29.908829603870988,standard-halo-model,scale_dependent_camb
9,0.10256817,0.13796899,3540,3559,3549.509366197183,6.99016045909797e-07,6.446751563464943e-07,6.546897625029072e-07,6.313610023234249e-09,2.2321982305981463e-09,0.9222608838791735,0.9365876024359392,-24.344114612411165,standard-halo-model,scale_dependent_camb
9,0.10256817,0.13796899,3560,3579,3569.5093137254903,6.943068346830889e-07,6.400219296678744e-07,6.499776218064645e-07,5.274018609612086e-09,1.864647161480376e-09,0.9218142436405766,0.9361532817160613,-29.112695493616446,standard-halo-model,scale_dependent_camb
9,0.10256817,0.13796899,3580,3599,3589.50926183844,6.896805760527316e-07,6.366992578661014e-07,6.465865712273705e-07,6.119666105996182e-09,2.1636287010736865e-09,0.9231799183183327,0.937515994618839,-24.487250589871813,standard-halo-model,scale_dependent_camb
9,0.10256817,0.13796899,3600,3619,3609.5092105263157,6.851357511493428e-07,6.332975820452307e-07,6.431419574335228e-07,5.4898663715665485e-09,1.9409608695713466e-09,0.9243388350160512,0.9387073384429673,-26.707477681175718,standard-halo-model,scale_dependent_camb
9,0.10256817,0.13796899,3620,3639,3629.5091597796145,6.806704185728714e-07,6.290613010918708e-07,6.388384230597119e-07,5.56462623566581e-09,1.9673924730039327e-09,0.9241789916635325,0.9385429506384798,-26.23224302683271,standard-halo-model,scale_dependent_camb
9,0.10256817,0.13796899,3640,3659,3649.509109589041,6.762830992215358e-07,6.25118041915137e-07,6.34836611339949e-07,5.175942736926709e-09,1.8299721041570672e-09,0.924343729178957,0.9387142929798252,-27.959473912290477,standard-halo-model,scale_dependent_camb
9,0.10256817,0.13796899,3660,3679,3669.5090599455043,6.719720366979136e-07,6.206842072229562e-07,6.303418049256428e-07,4.6311432539088e-09,1.6373563997426227e-09,0.9236756491728628,0.9380476723751144,-31.323558806756694,standard-halo-model,scale_dependent_camb
9,0.10256817,0.13796899,3680,3699,3689.509010840108,6.677357126145213e-07,6.187938198996313e-07,6.283992698742338e-07,7.0428181611357235e-09,2.4900122402014204e-09,0.9267046950008742,0.9410898024515335,-19.655281980031955,standard-halo-model,scale_dependent_camb
9,0.10256817,0.13796899,3700,3719,3709.508962264151,6.635725720280182e-07,6.15620808932476e-07,6.251869032794161e-07,5.628653210728348e-09,1.9900294271267238e-09,0.927736972387223,0.9421530208349521,-24.096007044869015,standard-halo-model,scale_dependent_camb
9,0.10256817,0.13796899,3720,3739,3729.508914209115,6.59481067353666e-07,6.108602822340482e-07,6.203536862131833e-07,5.972269308103098e-09,2.1115160634159954e-09,0.9262741759748753,0.940669439840796,-23.026481286133098,standard-halo-model,scale_dependent_camb
9,0.10256817,0.13796899,3740,3759,3749.5088666666666,6.554598044320447e-07,6.075060176803855e-07,6.169514802140827e-07,4.968248616991775e-09,1.756541143847785e-09,0.9268394698997429,0.9412499073816899,-27.300121559700123,standard-halo-model,scale_dependent_camb
9,0.10256817,0.13796899,3760,3779,3769.5088196286474,6.515072481399629e-07,6.055231804311143e-07,6.149490447363646e-07,4.2731780912519845e-09,1.5107966027710329e-09,0.929418946849583,0.943886728032618,-30.436967904552315,standard-halo-model,scale_dependent_camb
9,0.10256817,0.13796899,3780,3799,3789.5087730870714,6.476221089900263e-07,6.014852682844791e-07,6.108265095859116e-07,5.9310554434002516e-09,2.0969447618108515e-09,0.9287596268485984,0.943183534204078,-22.001934216762564,standard-halo-model,scale_dependent_camb
9,0.10256817,0.13796899,3800,3819,3809.5087270341205,6.438029172481789e-07,5.989086184916022e-07,6.082080698637932e-07,5.884443096328704e-09,2.0804648084601956e-09,0.9302670156443692,0.944711577983322,-21.57897532032958,standard-halo-model,scale_dependent_camb
9,0.10256817,0.13796899,3820,3839,3829.508681462141,6.400484250690077e-07,5.955767126005811e-07,6.048401165456157e-07,5.333099613028996e-09,1.8855354505580775e-09,0.9305182065503375,0.9449911801289161,-23.585720679642467,standard-halo-model,scale_dependent_camb
9,0.10256817,0.13796899,3840,3859,3849.5086363636365,6.363572794845748e-07,5.92182655406172e-07,6.013848606502836e-07,5.390872832748244e-09,1.905961368275308e-09,0.9305820401486055,0.945042792843326,-23.17708260707098,standard-halo-model,scale_dependent_camb
9,0.10256817,0.13796899,3860,3879,3869.5085917312663,6.327282245003539e-07,5.882621525801291e-07,5.974125087278154e-07,4.939763913209786e-09,1.7464702802456177e-09,0.9297232679080528,0.9441850159277687,-25.460537418347137,standard-halo-model,scale_dependent_camb
9,0.10256817,0.13796899,3880,3899,3889.5085475578408,6.291600573883172e-07,5.870411738024523e-07,5.961653903874561e-07,5.213297361908503e-09,1.8431789584737204e-09,0.9330553758280478,0.9475575942665146,-22.851217670552277,standard-halo-model,scale_dependent_camb
9,0.10256817,0.13796899,3900,3919,3909.5085038363172,6.256514793111649e-07,5.839475632522409e-07,5.930226100554585e-07,5.332182534091432e-09,1.88521121419026e-09,0.9333432151317862,0.9478481705315706,-22.12161467373659,standard-halo-model,scale_dependent_camb
9,0.10256817,0.13796899,3920,3939,3929.5084605597963,6.222014556957662e-07,5.822098841386854e-07,5.912694260172536e-07,3.999797408633815e-09,1.4141419355086754e-09,0.9357256862853833,0.9502861502567149,-28.279743746299136,standard-halo-model,scale_dependent_camb
9,0.10256817,0.13796899,3940,3959,3949.508417721519,6.188086440743358e-07,5.797879933711399e-07,5.88805795256957e-07,4.358846354100094e-09,1.5410849075672175e-09,0.9369422985977092,0.9515151426783,-25.32024712693775,standard-halo-model,scale_dependent_camb
9,0.10256817,0.13796899,3960,3979,3969.5083753148615,6.15472134387404e-07,5.756667067869779e-07,5.846052562174381e-07,5.850271744669293e-09,2.0683834112198556e-09,0.9353253780692354,0.949848455445203,-19.24470452842703,standard-halo-model,scale_dependent_camb
9,0.10256817,0.13796899,3980,3999,3989.508333333333,6.12190624157028e-07,5.736746521717801e-07,5.825999852933644e-07,4.436192889526097e-09,1.568431037417724e-09,0.9370850018516971,0.9516643383677933,-24.55700701298336,standard-halo-model,scale_dependent_camb
9,0.10256817,0.13796899,4000,4019,4009.5082917705736,6.089631830493125e-07,5.714340049939119e-07,5.803169541742933e-07,4.993884894274124e-09,1.7656049366031488e-09,0.938372008193537,0.9529590134963881,-21.255705213196283,standard-halo-model,scale_dependent_camb
9,0.10256817,0.13796899,4020,4039,4029.5082506203476,6.057887204944655e-07,5.67440571062738e-07,5.762602141386603e-07,5.035715686730913e-09,1.78039435510745e-09,0.9366971550734282,0.9512560974530807,-21.53913222748513,standard-halo-model,scale_dependent_camb
9,0.10256817,0.13796899,4040,4059,4049.5082098765433,6.026661463586234e-07,5.668234669061122e-07,5.756360272297188e-07,4.976542757578531e-09,1.75947356537429e-09,0.9405264761110664,0.955149099891833,-20.371252036904774,standard-halo-model,scale_dependent_camb
9,0.10256817,0.13796899,4060,4079,4069.5081695331696,5.995946157994501e-07,5.637724493907905e-07,5.725494118384382e-07,4.0364052075193595e-09,1.4270847469268163e-09,0.9402560238789048,0.9548941847568927,-25.101639188423498,standard-halo-model,scale_dependent_camb
9,0.10256817,0.13796899,4080,4096,4088.005870123517,5.967976631076728e-07,5.61710073394052e-07,5.704408630249323e-07,5.673144644668275e-09,2.005759524448542e-09,0.9412068915771034,0.9558362880553283,-17.49341797255963,standard-halo-model,scale_dependent_camb
10,0.06779888,0.10256817,20,39,30.608333333333334,0.00031909427705567145,0.0003170354830573812,0.00031523850058216607,8.941996774732618e-06,3.1614732783808353e-06,0.9935480071366776,0.9879164975659132,-0.6512134745433138,standard-halo-model,scale_dependent_camb
10,0.06779888,0.10256817,40,59,50.165,0.00015806768269008723,0.00016393445622730663,0.00016298089416797487,7.836820742966068e-06,2.7707345451473522e-06,1.0371155788291146,1.0310829601236113,2.117407294572637,standard-halo-model,scale_dependent_camb
10,0.06779888,0.10256817,60,79,69.975,9.261978711479561e-05,9.859712653516913e-05,9.803714479102648e-05,2.8231316471057045e-06,9.981277659253954e-07,1.0645363113711872,1.058490284257687,5.988551390344044,standard-halo-model,scale_dependent_camb
10,0.06779888,0.10256817,80,99,89.86944444444444,6.164242354828857e-05,6.60000229283172e-05,6.56345631684124e-05,1.9901954939884223e-06,7.036403648430621e-07,1.0706915648216693,1.0647628595750545,6.192935479192604,standard-halo-model,scale_dependent_camb
10,0.06779888,0.10256817,100,119,109.80227272727272,4.5435991279746846e-05,4.9097067110134406e-05,4.8828630793674436e-05,1.2738804319877154e-06,4.5038474593968103e-07,1.0805765589628389,1.074668548398984,8.128774039069874,standard-halo-model,scale_dependent_camb
10,0.06779888,0.10256817,120,139,129.75576923076923,3.626156758523283e-05,3.869067989907856e-05,3.8477455315508405e-05,1.2407059775962015e-06,4.3865580510847937e-07,1.0669886184080735,1.0611084373301602,5.537627190970406,standard-halo-model,scale_dependent_camb
10,0.06779888,0.10256817,140,159,149.72166666666666,3.064499645256174e-05,3.1225325628105955e-05,3.104768767826877e-05,7.97788454568902e-07,2.820608130890032e-07,1.0189371591686285,1.0131405212048366,2.05746118785063,standard-halo-model,scale_dependent_camb
10,0.06779888,0.10256817,160,179,169.6955882352941,2.6916354289100964e-05,2.6073595264448304e-05,2.592478108850175e-05,7.292671971851496e-07,2.578348902132632e-07,0.9686897038283557,0.9631609396298991,-3.2685996218571796,standard-halo-model,scale_dependent_camb
10,0.06779888,0.10256817,180,199,189.675,2.4247978847269394e-05,2.2551550244457286e-05,2.2424239891594837e-05,6.707788292928843e-07,2.37156129434686e-07,0.9300383502683918,0.924788001211906,-7.153214242684429,standard-halo-model,scale_dependent_camb
10,0.06779888,0.10256817,200,219,209.65833333333333,2.2219136707621167e-05,2.0212195730556626e-05,2.0095096902879567e-05,5.981490579012379e-07,2.1147762750115507e-07,0.9096751145882207,0.9044049355881115,-9.490086496518785,standard-halo-model,scale_dependent_camb
10,0.06779888,0.10256817,220,239,229.64456521739132,2.060687431673337e-05,1.8166058244300064e-05,1.8062104205595857e-05,5.024206739185023e-07,1.7763253276804406e-07,0.8815533091085389,0.8765086799665155,-13.740816698372312,standard-halo-model,scale_dependent_camb
10,0.06779888,0.10256817,240,259,249.633,1.928665795472622e-05,1.68320640151229e-05,1.6734352647252775e-05,6.32182250443542e-07,2.235101781172004e-07,0.8727309860855483,0.8676647186119667,-10.982023101946718,standard-halo-model,scale_dependent_camb
10,0.06779888,0.10256817,260,279,269.6231481481482,1.818150344751678e-05,1.5699844848923452e-05,1.5609657388375685e-05,5.298602689577143e-07,1.8733389463066385e-07,0.8635064143206336,0.8585460181241307,-13.247248200791507,standard-halo-model,scale_dependent_camb
10,0.06779888,0.10256817,280,299,289.6146551724138,1.7239789851396004e-05,1.4868947219754475e-05,1.4783179478537644e-05,4.622850970257777e-07,1.6344246347420422e-07,0.8624784494429584,0.857503461815143,-14.50567117777024,standard-halo-model,scale_dependent_camb
10,0.06779888,0.10256817,300,319,309.60725806451615,1.6424787629822166e-05,1.4210928123853083e-05,1.412774126294846e-05,5.550771321247646e-07,1.9624940210350113e-07,0.8652122903586636,0.860147575807738,-11.280847137569893,standard-halo-model,scale_dependent_camb
10,0.06779888,0.10256817,320,339,329.6007575757576,1.5709308504810065e-05,1.3486643474881614e-05,1.3409724380078888e-05,3.6978863153359337e-07,1.307400244815487e-07,0.8585128664799033,0.8536164641475427,-17.000647190808316,standard-halo-model,scale_dependent_camb
10,0.06779888,0.10256817,340,359,349.595,1.5072678518727753e-05,1.3035537032286133e-05,1.296152165343384e-05,2.806897996220713e-07,9.923883036132991e-08,0.8648454231999656,0.8599348574527873,-20.527665219595598,standard-halo-model,scale_dependent_camb
10,0.06779888,0.10256817,360,379,369.58986486486486,1.450175764143726e-05,1.2530539837233543e-05,1.2460208664387218e-05,2.6969558958216773e-07,9.535179012482739e-08,0.8640704214659355,0.859220583633495,-20.67310746471719,standard-halo-model,scale_dependent_camb
10,0.06779888,0.10256817,380,399,389.5852564102564,1.4000269020134767e-05,1.2208015647912234e-05,1.213859595995862e-05,3.134781613271062e-07,1.1083126681414366e-07,0.871984361897263,0.8670259080379995,-16.17100863087686,standard-halo-model,scale_dependent_camb
10,0.06779888,0.10256817,400,419,409.5810975609756,1.3515279783248376e-05,1.191617491630483e-05,1.1846934108318614e-05,3.6617952115909235e-07,1.2946401127161852e-07,0.8816817045159827,0.8765585543410201,-12.351732742071365,standard-halo-model,scale_dependent_camb
10,0.06779888,0.10256817,420,439,429.57732558139537,1.3065137277961035e-05,1.159069995060562e-05,1.152450615437429e-05,2.804726483141212e-07,9.916205578013239e-08,0.8871471997586605,0.8820807550039629,-14.868966922434721,standard-halo-model,scale_dependent_camb
10,0.06779888,0.10256817,440,459,449.5738888888889,1.2644030688684346e-05,1.1251556821270967e-05,1.1186957663326794e-05,2.9861282166598015e-07,1.0557557557463188e-07,0.889871046527943,0.8847619828492235,-13.189356153962258,standard-halo-model,scale_dependent_camb
10,0.06779888,0.10256817,460,479,469.5707446808511,1.2247428749804194e-05,1.0929628629520617e-05,1.0867548609838664e-05,2.3179613775082924e-07,8.195231042823121e-08,0.8924018953525534,0.8873330747086329,-16.080085032350926,standard-halo-model,scale_dependent_camb
10,0.06779888,0.10256817,480,499,489.5678571428571,1.187178237948799e-05,1.0736128936901773e-05,1.0674813826040852e-05,2.5787324335205186e-07,9.117195953040232e-08,0.9043401061201733,0.8991753289282615,-12.456170169376703,standard-halo-model,scale_dependent_camb
10,0.06779888,0.10256817,500,519,509.56519607843137,1.1514298699552416e-05,1.0343202777542144e-05,1.0284879395964043e-05,2.104827125740025e-07,7.441687669180807e-08,0.8982920321447111,0.8932267317647263,-15.736966855788346,standard-halo-model,scale_dependent_camb
10,0.06779888,0.10256817,520,539,529.5627358490566,1.1172769562387989e-05,1.0077817714644818e-05,1.0021483267079618e-05,1.8300902749724065e-07,6.47034621808271e-08,0.9019981713908057,0.8969560511492101,-16.92261605233895,standard-halo-model,scale_dependent_camb
10,0.06779888,0.10256817,540,559,549.5604545454545,1.0845440774788867e-05,9.788085764274573e-06,9.731416381620386e-06,3.191802227404702e-07,1.1284724996020958e-07,0.9025069582259668,0.8972817780022252,-9.369789790066855,standard-halo-model,scale_dependent_camb
10,0.06779888,0.10256817,560,579,569.5583333333333,1.0530911375382914e-05,9.5654877888526e-06,9.510067792966232e-06,2.963589168594907e-07,1.0477869988822306e-07,0.9083247829065306,0.9030621808476131,-9.213929811690921,standard-halo-model,scale_dependent_camb
10,0.06779888,0.10256817,580,599,589.5563559322034,1.0228056428407768e-05,9.31062000233226e-06,9.25773966599004e-06,2.2382511025041606e-07,7.913412662894791e-08,0.9103019784357673,0.9051318528393395,-11.593435918959175,standard-halo-model,scale_dependent_camb
10,0.06779888,0.10256817,600,619,609.5545081967213,9.935965498800891e-06,9.056832542181656e-06,9.004510360942564e-06,2.639685939566585e-07,9.332699140351577e-08,0.9115201278904066,0.9062541895932772,-9.419921754663104,standard-halo-model,scale_dependent_camb
10,0.06779888,0.10256817,620,639,629.5527777777778,9.65389706770067e-06,8.825387775521137e-06,8.774868670823369e-06,1.909808323409172e-07,6.752192081245683e-08,0.9141787729484395,0.9089457458772487,-12.270226945716344,standard-halo-model,scale_dependent_camb
10,0.06779888,0.10256817,640,659,649.5511538461539,9.381241504662445e-06,8.6431565357249e-06,8.593363568224128e-06,2.237924874598354e-07,7.91225927307275e-08,0.9213233164746139,0.9160156002756411,-9.328371877921375,standard-halo-model,scale_dependent_camb
10,0.06779888,0.10256817,660,679,669.5496268656716,9.117492126919586e-06,8.354470714446918e-06,8.306429310798525e-06,2.025868287802653e-07,7.16252602048018e-08,0.9163123585026378,0.911043211792157,-10.652965312669329,standard-halo-model,scale_dependent_camb
10,0.06779888,0.10256817,680,699,689.5481884057971,8.862222515433063e-06,8.198584740814219e-06,8.152264744253967e-06,1.4834103309720373e-07,5.244647521562542e-08,0.9251161011289034,0.9198894216498463,-12.653620131579912,standard-halo-model,scale_dependent_camb
10,0.06779888,0.10256817,700,719,709.5468309859154,8.615069213776545e-06,7.957547745116749e-06,7.912181691562532e-06,1.9198389096679163e-07,6.787655559059856e-08,0.9236777497262193,0.9184118543017611,-9.68701877899751,standard-halo-model,scale_dependent_camb
10,0.06779888,0.10256817,720,739,729.5455479452055,8.375717494788943e-06,7.717207924931083e-06,7.67307075130531e-06,1.7259530253138895e-07,6.10216544104444e-08,0.9213787272233621,0.9161090683967321,-10.791408004584515,standard-halo-model,scale_dependent_camb
10,0.06779888,0.10256817,740,759,749.5443333333334,8.143890452071976e-06,7.529237294706579e-06,7.4867517351801885e-06,1.4993391057319417e-07,5.300964244806149e-08,0.924525856409449,0.919308993562825,-11.595119849518529,standard-halo-model,scale_dependent_camb
10,0.06779888,0.10256817,760,779,769.5431818181818,7.919340353973786e-06,7.274470212376526e-06,7.233175383279083e-06,1.3271103822849485e-07,4.692043753483792e-08,0.9185702201479855,0.9133557922724715,-13.743907249766183,standard-halo-model,scale_dependent_camb
10,0.06779888,0.10256817,780,799,789.5420886075949,7.701841970846269e-06,7.11771475372536e-06,7.077285224691842e-06,1.4093241718768007e-07,4.9827133941210054e-08,0.9241574652749301,0.9189081328182845,-11.723074777090487,standard-halo-model,scale_dependent_camb
10,0.06779888,0.10256817,800,819,809.5410493827161,7.491187502698599e-06,6.9096389937295116e-06,6.8706591286457916e-06,1.2946175781934168e-07,4.577164342919352e-08,0.9223689823863583,0.9171655530142223,-12.705432127835094,standard-halo-model,scale_dependent_camb
10,0.06779888,0.10256817,820,839,829.5400602409638,7.287182329786848e-06,6.7304924563206485e-06,6.6922650654578705e-06,1.5051300111585264e-07,5.3214381872878895e-08,0.9236069789017503,0.9183611391336796,-10.461267309203127,standard-halo-model,scale_dependent_camb
10,0.06779888,0.10256817,840,859,849.5391176470588,7.089641922263135e-06,6.593298660472687e-06,6.555989080651176e-06,1.1756319026773559e-07,4.156486452812008e-08,0.9299903623860305,0.924727814540793,-11.941414158938375,standard-halo-model,scale_dependent_camb
10,0.06779888,0.10256817,860,879,869.5382183908046,6.898389548476556e-06,6.402990033365927e-06,6.366580882339568e-06,1.207369263832417e-07,4.268694969260559e-08,0.9281862075736165,0.9229082871589308,-11.605409116324,standard-halo-model,scale_dependent_camb
10,0.06779888,0.10256817,880,899,889.5373595505617,6.713254502743614e-06,6.253554934913875e-06,6.217464972729742e-06,1.721091329975328e-07,6.084976752334641e-08,0.93152358999024,0.9261476635793788,-7.5546643239576,standard-halo-model,scale_dependent_camb
10,0.06779888,0.10256817,900,919,909.5365384615385,6.534070747840205e-06,6.055367782113518e-06,6.021283162675757e-06,1.0322556397099319e-07,3.649574813784752e-08,0.9267374070161517,0.9215209622066081,-13.11667769951132,standard-halo-model,scale_dependent_camb
10,0.06779888,0.10256817,920,939,929.535752688172,6.360675811611046e-06,5.917623095375735e-06,5.884108590836015e-06,1.255437287476838e-07,4.4386410966465866e-08,0.9303450247493287,0.9250760084478625,-9.981719778380802,standard-halo-model,scale_dependent_camb
10,0.06779888,0.10256817,940,959,949.535,6.1929103028142154e-06,5.737225048104975e-06,5.704587228973293e-06,1.118402435038555e-07,3.954149729556547e-08,0.926418237560753,0.9211480467238454,-11.524228617421256,standard-halo-model,scale_dependent_camb
10,0.06779888,0.10256817,960,979,969.5342783505155,6.030617422389245e-06,5.5672899153266955e-06,5.535791564708925e-06,9.911851383125497e-08,3.5043686635606494e-08,0.9231708008300441,0.9179477285620488,-13.221425927025063,standard-halo-model,scale_dependent_camb
10,0.06779888,0.10256817,980,999,989.5335858585859,5.873642597216675e-06,5.4940858542605475e-06,5.463000927359095e-06,1.0256867358757453e-07,3.6263502315541736e-08,0.9353796665912246,0.9300873924381833,-10.466632253373318,standard-halo-model,scale_dependent_camb
10,0.06779888,0.10256817,1000,1019,1009.5329207920792,5.721833236319519e-06,5.3136547695080895e-06,5.283160491791397e-06,1.2202582382334927e-07,4.3142643752682616e-08,0.9286629913957464,0.9233335320324204,-9.461137086343932,standard-halo-model,scale_dependent_camb
10,0.06779888,0.10256817,1020,1039,1029.532281553398,5.575038859627742e-06,5.153205216139071e-06,5.12417311326595e-06,8.119742262178409e-08,2.870762407536675e-08,0.9243352998768448,0.919127784090119,-14.694132902856095,standard-halo-model,scale_dependent_camb
10,0.06779888,0.10256817,1040,1059,1049.5316666666668,5.4331109879029836e-06,5.04008631389877e-06,5.011527264612023e-06,8.606852832914183e-08,3.0429820014141325e-08,0.9276612101465813,0.9224047282984589,-12.915773863321165,standard-halo-model,scale_dependent_camb
10,0.06779888,0.10256817,1060,1079,1069.5310747663552,5.295903215317604e-06,4.892286521545773e-06,4.864555883992401e-06,9.102581582549315e-08,3.218248581662198e-08,0.9237869958415346,0.9185507525746324,-12.541501488470054,standard-halo-model,scale_dependent_camb
10,0.06779888,0.10256817,1080,1099,1089.530504587156,5.163271145255348e-06,4.801469157707398e-06,4.77441632579137e-06,7.999878495107349e-08,2.8283841662794195e-08,0.9299277575456368,0.9246882821907764,-12.791826225780362,standard-halo-model,scale_dependent_camb
10,0.06779888,0.10256817,1100,1119,1109.529954954955,5.035072769174369e-06,4.664607547640286e-06,4.638056120791094e-06,9.591403990339034e-08,3.391073401334221e-08,0.9264230650642951,0.9211497695100093,-10.924718450161603,standard-halo-model,scale_dependent_camb
10,0.06779888,0.10256817,1120,1139,1129.529424778761,4.911168357144776e-06,4.524304592390478e-06,4.498538195884666e-06,9.667416047230508e-08,3.41794772177417e-08,0.9212277534343761,0.9159812632650203,-11.318598066604917,standard-halo-model,scale_dependent_camb
10,0.06779888,0.10256817,1140,1159,1149.5289130434783,4.7914205634124785e-06,4.456495058073773e-06,4.431263263532338e-06,7.907985216288497e-08,2.7958949859802815e-08,0.9300989130663644,0.9248328767818214,-11.979187595319338,standard-halo-model,scale_dependent_camb
10,0.06779888,0.10256817,1160,1179,1169.5284188034188,4.675694762661031e-06,4.343535020858584e-06,4.3190860243201285e-06,5.945959923758636e-08,2.1022142913765892e-08,0.9289603452186413,0.9237313904259333,-15.800470159725666,standard-halo-model,scale_dependent_camb
10,0.06779888,0.10256817,1180,1199,1189.5279411764707,4.563858941718993e-06,4.228600132820488e-06,4.204637113862987e-06,7.48279263916264e-08,2.6455667086823423e-08,0.9265404971582604,0.9212898925134824,-12.672476101178523,standard-halo-model,scale_dependent_camb
10,0.06779888,0.10256817,1200,1219,1209.527479338843,4.455783905013446e-06,4.125258567228871e-06,4.1020822863713625e-06,5.4636174672179886e-08,1.9316804804395546e-08,0.9258210575668442,0.9206196650954921,-17.110766564735574,standard-halo-model,scale_dependent_camb
10,0.06779888,0.10256817,1220,1239,1229.5270325203253,4.35134333919758e-06,4.0359309270139555e-06,4.013197782765189e-06,7.296958248184871e-08,2.5798643296633162e-08,0.9275137842278867,0.9222893874205874,-12.225930199391023,standard-halo-model,scale_dependent_camb
10,0.06779888,0.10256817,1240,1259,1249.5266,4.250413768849366e-06,3.93253704027925e-06,3.910260556773993e-06,7.213350003582771e-08,2.550304351302692e-08,0.9252127567203491,0.9199717414411971,-12.464266408350213,standard-halo-model,scale_dependent_camb
10,0.06779888,0.10256817,1260,1279,1269.5261811023622,4.152874932682733e-06,3.836207927741575e-06,3.814467457299342e-06,7.21986231929324e-08,2.5526068026027425e-08,0.9237475218795975,0.9185124809032519,-12.405631945283197,standard-halo-model,scale_dependent_camb
10,0.06779888,0.10256817,1280,1299,1289.5257751937984,4.058609471757419e-06,3.7498959165497992e-06,3.7288862745028796e-06,4.8884444727385466e-08,1.7283261180636616e-08,0.9239361270514298,0.9187595654253066,-17.861996759818027,standard-halo-model,scale_dependent_camb
10,0.06779888,0.10256817,1300,1319,1309.5253816793893,3.9675033262237075e-06,3.6670131504080957e-06,3.6463821628842688e-06,5.569608235842808e-08,1.9691538760584464e-08,0.9242621489868743,0.919062156490973,-15.259862597284041,standard-halo-model,scale_dependent_camb
10,0.06779888,0.10256817,1320,1339,1329.525,3.879445371886265e-06,3.579718307720296e-06,3.5595072962354563e-06,5.513258929196923e-08,1.949231387636214e-08,0.9227397126563389,0.9175299443654111,-15.37667955005798,standard-halo-model,scale_dependent_camb
10,0.06779888,0.10256817,1340,1359,1349.5246296296295,3.794327774048981e-06,3.51184383168834e-06,3.491756854628185e-06,7.558523772625182e-08,2.6723417076914957e-08,0.9255509910628521,0.920257042238099,-10.570652007099234,standard-halo-model,scale_dependent_camb
10,0.06779888,0.10256817,1360,1379,1369.5242700729927,3.7120458322739237e-06,3.4252012495656075e-06,3.405832682984248e-06,5.3306002506634085e-08,1.884651792519403e-08,0.9227260126439223,0.9175082520190502,-15.22003076891261,standard-halo-model,scale_dependent_camb
10,0.06779888,0.10256817,1380,1399,1389.5239208633093,3.6324980595925874e-06,3.3474449858156067e-06,3.328588236354626e-06,4.665413221659588e-08,1.649472663036436e-08,0.9215269852590227,0.9163358608174873,-17.2814669903192,standard-halo-model,scale_dependent_camb
10,0.06779888,0.10256817,1400,1419,1409.5235815602837,3.555586003290012e-06,3.280438749666656e-06,3.2621034567702383e-06,4.371531097904273e-08,1.5455696417479923e-08,0.9226154975948381,0.9174587406272238,-17.802320011421344,standard-halo-model,scale_dependent_camb
10,0.06779888,0.10256817,1420,1439,1429.5232517482518,3.4812144250795016e-06,3.2114452200291646e-06,3.1933213918114764e-06,4.984004860297819e-08,1.7621118170916496e-08,0.9225071563800107,0.9173009765804787,-15.309426021305999,standard-halo-model,scale_dependent_camb
10,0.06779888,0.10256817,1440,1459,1449.5229310344828,3.4092911005519402e-06,3.130380359697115e-06,3.1127050618478007e-06,5.303822022486565e-08,1.8751842591533996e-08,0.9181909867392457,0.9130065371489914,-14.873777843076962,standard-halo-model,scale_dependent_camb
10,0.06779888,0.10256817,1460,1479,1469.522619047619,3.3397269434031394e-06,3.0609427475344917e-06,3.0436945513148523e-06,4.629561809105143e-08,1.6367972745702537e-08,0.9165248535005769,0.9113603006757691,-17.032298391494045,standard-halo-model,scale_dependent_camb
10,0.06779888,0.10256817,1480,1499,1489.5223154362416,3.272435796115232e-06,3.0177965933164743e-06,3.000858441060243e-06,4.231073895089351e-08,1.4959105214595293e-08,0.922186646686531,0.9170106391766697,-17.022355224182224,standard-halo-model,scale_dependent_camb
10,0.06779888,0.10256817,1500,1519,1509.5220198675497,3.2073344824319717e-06,2.9587826572134362e-06,2.942112252609647e-06,4.7327500997799695e-08,1.673279844607863e-08,0.9225051747549353,0.9173075863228275,-14.854169553257492,standard-halo-model,scale_dependent_camb
10,0.06779888,0.10256817,1520,1539,1529.5217320261438,3.144342749893047e-06,2.8932187234304667e-06,2.876999595681975e-06,3.804867322328864e-08,1.3452237425669204e-08,0.9201346524735187,0.9149764591598147,-18.667825917448635,standard-halo-model,scale_dependent_camb
10,0.06779888,0.10256817,1540,1559,1549.5214516129033,3.0833831028523645e-06,2.830672609092841e-06,2.814802613772849e-06,4.095708429967687e-08,1.4480516022965295e-08,0.9180411627975301,0.9128942203675379,-17.451760238291133,standard-halo-model,scale_dependent_camb
10,0.06779888,0.10256817,1560,1579,1569.521178343949,3.0243809147563405e-06,2.7683968040228554e-06,2.7527717434634217e-06,4.551853933857316e-08,1.6093233918005853e-08,0.9153598313345697,0.910193464729359,-15.906318893872431,standard-halo-model,scale_dependent_camb
10,0.06779888,0.10256817,1580,1599,1589.5209119496856,2.967264209912082e-06,2.720033492930971e-06,2.704776820500146e-06,3.4666378393581173e-08,1.225641562064003e-08,0.9166805853839229,0.9115389224407107,-20.171535025686463,standard-halo-model,scale_dependent_camb
10,0.06779888,0.10256817,1600,1619,1609.520652173913,2.911963625394441e-06,2.6665504019819814e-06,2.651491650117051e-06,4.270162183435873e-08,1.50973031833693e-08,0.9157224282363015,0.9105510889607669,-16.255434525736955,standard-halo-model,scale_dependent_camb
10,0.06779888,0.10256817,1620,1639,1629.520398773006,2.8584124804066287e-06,2.6168456259707378e-06,2.602131673382542e-06,3.531823710711074e-08,1.2486882478996179e-08,0.9154891548746924,0.9103415588964862,-19.34564971218585,standard-halo-model,scale_dependent_camb
10,0.06779888,0.10256817,1640,1659,1649.5201515151516,2.8065464122898974e-06,2.566297159670558e-06,2.551837074395547e-06,3.5905931077923436e-08,1.2694663675008231e-08,0.9143968360661042,0.9092445659266579,-18.92521604115546,standard-halo-model,scale_dependent_camb
10,0.06779888,0.10256817,1660,1679,1669.5199101796406,2.7563036859658567e-06,2.525160573881352e-06,2.510892019477909e-06,4.1130311604610604e-08,1.4541761123967952e-08,0.9161401868519041,0.910963487899574,-15.895125089321606,standard-halo-model,scale_dependent_camb
10,0.06779888,0.10256817,1680,1699,1689.519674556213,2.707624700376325e-06,2.478280003575954e-06,2.4643965369618824e-06,2.8524994577069168e-08,1.0085108549377551e-08,0.9152967186447609,0.9101691739698501,-22.74092496649685,standard-halo-model,scale_dependent_camb
10,0.06779888,0.10256817,1700,1719,1709.5194444444444,2.660452280197268e-06,2.4299694132930644e-06,2.416301907421347e-06,3.3185934316228345e-08,1.1732999597508206e-08,0.9133670358909375,0.9082297492823974,-19.643984898214114,standard-halo-model,scale_dependent_camb
10,0.06779888,0.10256817,1720,1739,1729.519219653179,2.6147314466864754e-06,2.3777090283493836e-06,2.3643289144988724e-06,3.650500177068353e-08,1.2906467149638622e-08,0.9093511424901938,0.9042339386307048,-18.364624152297818,standard-halo-model,scale_dependent_camb
10,0.06779888,0.10256817,1740,1759,1749.519,2.570409234579713e-06,2.3464123486283528e-06,2.33325500926334e-06,2.794475195706364e-08,9.879961803707871e-09,0.9128555550851863,0.9077367828725724,-22.671837240028193,standard-halo-model,scale_dependent_camb
10,0.06779888,0.10256817,1760,1779,1769.5187853107345,2.5274348589271167e-06,2.303805321613257e-06,2.2909471157705305e-06,2.6424890713193776e-08,9.342609707706371e-09,0.9115191687239808,0.9064317158081083,-23.93651713068952,standard-halo-model,scale_dependent_camb
10,0.06779888,0.10256817,1780,1799,1789.5185754189945,2.4857594346041213e-06,2.271597567178943e-06,2.258854463447181e-06,3.1356233749723147e-08,1.108610275844986e-08,0.9138444917702644,0.9087180488995803,-19.318048198853596,standard-halo-model,scale_dependent_camb
10,0.06779888,0.10256817,1800,1819,1809.5183701657459,2.445336044555113e-06,2.227790380289896e-06,2.215342194304586e-06,2.3221924376741018e-08,8.210190099497382e-09,0.9110364954748803,0.905945912520841,-26.497031326781947,standard-halo-model,scale_dependent_camb
10,0.06779888,0.10256817,1820,1839,1829.518169398907,2.4061195992534587e-06,2.1912942767549487e-06,2.1790978416217e-06,2.213216612348953e-08,7.824902374133315e-09,0.9107171054318483,0.9056481823670792,-27.45405785619198,standard-halo-model,scale_dependent_camb
10,0.06779888,0.10256817,1840,1859,1849.517972972973,2.368066756833551e-06,2.152032933845021e-06,2.1400060387793948e-06,2.247840755393634e-08,7.94731720583165e-09,0.9087720722546696,0.9036932901506938,-27.18323899667763,standard-halo-model,scale_dependent_camb
10,0.06779888,0.10256817,1860,1879,1869.5177807486632,2.3311359086306595e-06,2.11849674861346e-06,2.1066356135794326e-06,2.49347484124678e-08,8.815764844818241e-09,0.9087830275232187,0.9036948921682127,-24.120330312824215,standard-halo-model,scale_dependent_camb
10,0.06779888,0.10256817,1880,1899,1889.5175925925926,2.2952870979676652e-06,2.0905877680204656e-06,2.078899169365827e-06,2.365874784358254e-08,8.364630517289912e-09,0.9108175486506903,0.9057251143905108,-24.472010990094624,standard-halo-model,scale_dependent_camb
10,0.06779888,0.10256817,1900,1919,1909.5174083769634,2.260481934258682e-06,2.051215398308899e-06,2.039701592782598e-06,2.5717482430262647e-08,9.092503110742305e-09,0.9074239290399766,0.902330410993314,-23.015283404472594,standard-halo-model,scale_dependent_camb
10,0.06779888,0.10256817,1920,1939,1929.5172279792746,2.226683556721656e-06,2.0259429367290195e-06,2.014645282989993e-06,1.933967585496392e-08,6.837607971497364e-09,0.9098477107864458,0.9047739526833141,-29.35831080539065,standard-halo-model,scale_dependent_camb
10,0.06779888,0.10256817,1940,1959,1949.5170512820512,2.1938565720972164e-06,1.997730302576982e-06,1.986434208441133e-06,3.1934925865487625e-08,1.1290701318087987e-08,0.9106020548404641,0.9054530882765056,-17.370601169480526,standard-halo-model,scale_dependent_camb
10,0.06779888,0.10256817,1960,1979,1969.5168781725888,2.161966968286196e-06,1.972157093188218e-06,1.9610550462288377e-06,2.9234309331625163e-08,1.0335889185848659e-08,0.9122050068838741,0.907069846577433,-18.364155389538777,standard-halo-model,scale_dependent_camb
10,0.06779888,0.10256817,1980,1999,1989.5167085427136,2.130982052741548e-06,1.9286831626332524e-06,1.917870180327944e-06,2.5134885133972974e-08,8.886523861288617e-09,0.905067764485377,0.8999935864596179,-22.764682036082498,standard-halo-model,scale_dependent_camb
10,0.06779888,0.10256817,2000,2019,2009.5165422885573,2.1008705103145097e-06,1.9046917489014727e-06,1.8939565124749602e-06,3.011031099714253e-08,1.0645602544857678e-08,0.9066202507723009,0.901510351626301,-18.428150082289193,standard-halo-model,scale_dependent_camb
10,0.06779888,0.10256817,2020,2039,2029.5163793103447,2.071602208781761e-06,1.8799179792989894e-06,1.869461100837263e-06,1.790772241667945e-08,6.331335978220193e-09,0.9074705420421931,0.9024228169444893,-30.27547900508927,standard-halo-model,scale_dependent_camb
10,0.06779888,0.10256817,2040,2059,2049.516219512195,2.0431481932425117e-06,1.8529416538794833e-06,1.842670413145564e-06,1.1606022350920944e-08,4.103348553469418e-09,0.9069051672354871,0.9018780033871229,-46.35398062935868,standard-halo-model,scale_dependent_camb
10,0.06779888,0.10256817,2060,2079,2069.5160628019325,2.0154806994028175e-06,1.8292952890643078e-06,1.8190337701476505e-06,2.1699072160907538e-08,7.671780535216975e-09,0.9076223302988334,0.9025309796747873,-24.26886555002893,standard-halo-model,scale_dependent_camb
10,0.06779888,0.10256817,2080,2099,2089.515909090909,1.988572948122574e-06,1.8035756667178661e-06,1.7934364903074836e-06,2.379836267706536e-08,8.413991815044876e-09,0.9069698290025693,0.9018711091291268,-21.986862534607937,standard-halo-model,scale_dependent_camb
10,0.06779888,0.10256817,2100,2119,2109.5157582938386,1.962399366202671e-06,1.784234122139349e-06,1.7742775271019243e-06,1.8107653397076166e-08,6.40202225422409e-09,0.909210506723675,0.9041368223305276,-27.82952588859987,standard-halo-model,scale_dependent_camb
10,0.06779888,0.10256817,2120,2139,2129.5156103286386,1.936935281131592e-06,1.7520423296976422e-06,1.7421867824309491e-06,2.3950966572076063e-08,8.467945439543651e-09,0.904543557425454,0.8994553403008554,-21.834452377377858,standard-halo-model,scale_dependent_camb
10,0.06779888,0.10256817,2140,2159,2149.515465116279,1.91215694053719e-06,1.734745696191708e-06,1.725053243815917e-06,1.7819885068184276e-08,6.300280785839002e-09,0.90721930790072,0.9021504497069632,-28.159259940326063,standard-halo-model,scale_dependent_camb
10,0.06779888,0.10256817,2160,2179,2169.5153225806453,1.8880416451392827e-06,1.7091515938693164e-06,1.6996186475252356e-06,1.8180857430789525e-08,6.427903788548553e-09,0.9052510034773257,0.9002018847946827,-27.83023162055765,standard-halo-model,scale_dependent_camb
10,0.06779888,0.10256817,2180,2199,2189.5151826484016,1.864567486245118e-06,1.68985212724098e-06,1.6804006546214953e-06,1.9664373731590052e-08,6.9524060066969696e-09,0.9062971116395572,0.9012281223488996,-25.130200801829137,standard-halo-model,scale_dependent_camb
10,0.06779888,0.10256817,2200,2219,2209.515045248869,1.8417133967189471e-06,1.6650545100661432e-06,1.6558076932511346e-06,1.1841514001555412e-08,4.1866074250076406e-09,0.9040790565092671,0.8990582878970161,-42.19619102511899,standard-halo-model,scale_dependent_camb
10,0.06779888,0.10256817,2220,2239,2229.5149103139015,1.819459182030168e-06,1.6462916339815893e-06,1.6370875331045388e-06,1.715813655521878e-08,6.066317355359993e-09,0.9048247139815707,0.8997660124905152,-28.545744956052083,standard-halo-model,scale_dependent_camb
10,0.06779888,0.10256817,2240,2259,2249.514777777778,1.7977853376964885e-06,1.629704965728363e-06,1.6205823424384512e-06,1.921730744434866e-08,6.794344205022829e-09,0.9065069847641055,0.901432617375171,-24.738277440208204,standard-halo-model,scale_dependent_camb
10,0.06779888,0.10256817,2260,2279,2269.5146475770925,1.7766732137873868e-06,1.6114970596658481e-06,1.6024784575018442e-06,1.8651074352158692e-08,6.594150575412952e-09,0.9070306498461651,0.9019545322495145,-25.048890260015735,standard-halo-model,scale_dependent_camb
10,0.06779888,0.10256817,2280,2299,2289.514519650655,1.7561047393209329e-06,1.595159535238741e-06,1.5861967514814424e-06,2.0405507172727782e-08,7.214436247693274e-09,0.9083510223060911,0.9032472357513299,-22.308770714226238,standard-halo-model,scale_dependent_camb
10,0.06779888,0.10256817,2300,2319,2309.514393939394,1.7360626681254861e-06,1.5737129891402221e-06,1.5648943522830398e-06,1.8859268352935944e-08,6.6677582702889285e-09,0.9064839755119203,0.9014042989431567,-24.348465016898253,standard-halo-model,scale_dependent_camb
10,0.06779888,0.10256817,2320,2339,2329.514270386266,1.7165302549379412e-06,1.5548870133388523e-06,1.5462319216230048e-06,1.65354138362857e-08,5.846151626681741e-09,0.9058314054563908,0.9007892037876761,-27.649512349517558,standard-halo-model,scale_dependent_camb
10,0.06779888,0.10256817,2340,2359,2349.5141489361704,1.6974915271525404e-06,1.5332588463939214e-06,1.5246688429442821e-06,1.9693948589657957e-08,6.962862298043192e-09,0.9032497787873431,0.8981893685807316,-23.5869494079718,standard-halo-model,scale_dependent_camb
10,0.06779888,0.10256817,2360,2379,2369.514029535865,1.678931005108866e-06,1.5172554536504736e-06,1.5088085781404335e-06,1.508302864968196e-08,5.332655919510544e-09,0.9037032784751575,0.8986721750621305,-30.318016744127714,standard-halo-model,scale_dependent_camb
10,0.06779888,0.10256817,2380,2399,2389.513912133891,1.6608338019898789e-06,1.5054183308690933e-06,1.4969597496993161e-06,1.9510105655132827e-08,6.897864005205215e-09,0.9064232249279975,0.9013302522538849,-22.530956105180834,standard-halo-model,scale_dependent_camb
10,0.06779888,0.10256817,2400,2419,2409.5137966804978,1.6431856729402302e-06,1.487720870144062e-06,1.4793881327944747e-06,1.810240486683413e-08,6.400166618561387e-09,0.9053881704567277,0.9003170835510848,-24.290743048047897,standard-halo-model,scale_dependent_camb
10,0.06779888,0.10256817,2420,2439,2429.513683127572,1.625972765343933e-06,1.4749583403860723e-06,1.466676091596404e-06,1.8207647715848607e-08,6.437375584666151e-09,0.9071236442721613,0.902029925013022,-23.45900483382974,standard-halo-model,scale_dependent_camb
10,0.06779888,0.10256817,2440,2459,2449.5135714285716,1.6091817851868621e-06,1.4624079982535118e-06,1.4542011181534676e-06,1.876157124653864e-08,6.633217127071009e-09,0.9087898034364672,0.903689770503214,-22.12708918186134,standard-halo-model,scale_dependent_camb
10,0.06779888,0.10256817,2460,2479,2469.5134615384613,1.5928000060880707e-06,1.4467192913317248e-06,1.4386148514488504e-06,1.7153237948317353e-08,6.06458543628081e-09,0.9082868444261742,0.9031986727461785,-24.087502153474794,standard-halo-model,scale_dependent_camb
10,0.06779888,0.10256817,2480,2499,2489.513353413655,1.576815011925085e-06,1.4342660919884528e-06,1.426251971777148e-06,1.4063787590166155e-08,4.972299787086851e-09,0.9095969287084612,0.9045144553994834,-28.66860930365344,standard-halo-model,scale_dependent_camb
10,0.06779888,0.10256817,2500,2519,2509.513247011952,1.5612149521275738e-06,1.4166446153381583e-06,1.408713929530074e-06,1.6131572402363713e-08,5.703372118456573e-09,0.9073988264124683,0.9023190096983915,-25.348220979931185,standard-halo-model,scale_dependent_camb
10,0.06779888,0.10256817,2520,2539,2529.51314229249,1.5459883463394688e-06,1.4067176357553816e-06,1.3988110424323234e-06,1.9066011885531978e-08,6.740853147221487e-09,0.9099147733462242,0.9048005088423686,-20.6606949509786,standard-halo-model,scale_dependent_camb
10,0.06779888,0.10256817,2540,2559,2549.513039215686,1.5311241644910562e-06,1.3936790366031542e-06,1.3858729129313732e-06,1.610599233621024e-08,5.6943281993364125e-09,0.9102325395448327,0.905134243891994,-24.13719811652568,standard-halo-model,scale_dependent_camb
10,0.06779888,0.10256817,2560,2579,2569.512937743191,1.5166117033598848e-06,1.3828668420511484e-06,1.3751323825445244e-06,1.509831239939602e-08,5.338059541042929e-09,0.9118133791184392,0.9067135506722461,-25.05495869433593,standard-halo-model,scale_dependent_camb
10,0.06779888,0.10256817,2580,2599,2589.5128378378377,1.5024407037049467e-06,1.3672377733288749e-06,1.3596230712931139e-06,1.4684573700652156e-08,5.191780821282387e-09,0.910011137183206,0.9049429158437658,-26.04172537905333,standard-halo-model,scale_dependent_camb
10,0.06779888,0.10256817,2600,2619,2609.5127394636015,1.4886012294898448e-06,1.3501849144072614e-06,1.342575524512164e-06,2.1247705695281464e-08,7.512198390894775e-09,0.9070158533121595,0.9019040814391072,-18.425540418414947,standard-halo-model,scale_dependent_camb
10,0.06779888,0.10256817,2620,2639,2629.5126425855515,1.4750836935206645e-06,1.341835309854281e-06,1.3343394125434205e-06,1.4106076222477199e-08,4.987251076423973e-09,0.909667238373199,0.9045855624359037,-26.717801374846154,standard-halo-model,scale_dependent_camb
10,0.06779888,0.10256817,2640,2659,2649.512547169811,1.4618788810944307e-06,1.3277528471146895e-06,1.3203437401589613e-06,1.2763144775998302e-08,4.512453110187029e-09,0.9082509257679896,0.9031827172785275,-29.723529686534967,standard-halo-model,scale_dependent_camb
10,0.06779888,0.10256817,2660,2679,2669.5124531835204,1.4489778343497948e-06,1.3207655827670025e-06,1.3134045874918189e-06,1.4712910374868538e-08,5.201799348529726e-09,0.9115153810200792,0.9064352513585466,-24.64767342843225,standard-halo-model,scale_dependent_camb
10,0.06779888,0.10256817,2680,2699,2689.5123605947956,1.4363719344258583e-06,1.30925963769934e-06,1.3019759507107407e-06,1.1177213758382105e-08,3.9517418216617815e-09,0.9115046084652669,0.9064337164393024,-32.16614406076387,standard-halo-model,scale_dependent_camb
10,0.06779888,0.10256817,2700,2719,2709.512269372694,1.4240528621405704e-06,1.2973485956752083e-06,1.2900835643060133e-06,1.4312411125514606e-08,5.060201480990582e-09,0.9110255877194713,0.90592392923309,-25.03937183950993,standard-halo-model,scale_dependent_camb
10,0.06779888,0.10256817,2720,2739,2729.5121794871793,1.4120125687438534e-06,1.288662215102293e-06,1.2814244152460509e-06,1.7360662739326194e-08,6.137921174435087e-09,0.912642170210075,0.9075162952593435,-20.096438213531314,standard-halo-model,scale_dependent_camb
10,0.06779888,0.10256817,2740,2759,2749.512090909091,1.4002432831738607e-06,1.279814109231206e-06,1.2726641708117586e-06,1.4155293459704344e-08,5.004651997521263e-09,0.9139941070313982,0.9088878954856152,-24.063446170143628,standard-halo-model,scale_dependent_camb
10,0.06779888,0.10256817,2760,2779,2769.5120036101084,1.3887374962293289e-06,1.2678807277535138e-06,1.2607881620491274e-06,1.481571131971826e-08,5.238144971137537e-09,0.9129736405879708,0.9078664365817105,-23.072436738910906,standard-halo-model,scale_dependent_camb
10,0.06779888,0.10256817,2780,2799,2789.511917562724,1.3774879407319557e-06,1.2599659254313214e-06,1.2529104645806573e-06,1.5129158643703218e-08,5.348965335304807e-09,0.9146838154980967,0.9095618390059359,-21.97098091568346,standard-halo-model,scale_dependent_camb
10,0.06779888,0.10256817,2800,2819,2809.5118327402133,1.366487598808396e-06,1.2495318759014099e-06,1.2425765360505973e-06,1.2321255052279797e-08,4.3562215000980264e-09,0.9144114275102285,0.9093214875379392,-26.84797430625471,standard-halo-model,scale_dependent_camb
10,0.06779888,0.10256817,2820,2839,2829.511749116608,1.35572968217474e-06,1.2404069703208562e-06,1.2334922449842423e-06,1.0708703845612238e-08,3.786098553475436e-09,0.9149367950188318,0.9098364232946383,-30.459511347908197,standard-halo-model,scale_dependent_camb
10,0.06779888,0.10256817,2840,2859,2849.5116666666668,1.3452076254492151e-06,1.2320118972803568e-06,1.2251454682999368e-06,1.0549793747420525e-08,3.729915349460246e-09,0.9158525970063112,0.9107482333002795,-30.34806894082431,standard-halo-model,scale_dependent_camb
10,0.06779888,0.10256817,2860,2879,2869.5115853658535,1.3349150785030393e-06,1.2239569216587968e-06,1.2171262883329926e-06,1.1841245447202935e-08,4.186512476705763e-09,0.916879988374489,0.9117630836096826,-26.50372056971679,standard-halo-model,scale_dependent_camb
10,0.06779888,0.10256817,2880,2899,2889.5115051903113,1.3248458874946428e-06,1.214370238933655e-06,1.2076017610448974e-06,1.1113026561490817e-08,3.929048220568189e-09,0.9166124531133931,0.9115035736937973,-28.117661672528843,standard-halo-model,scale_dependent_camb
10,0.06779888,0.10256817,2900,2919,2909.5114261168383,1.3149941138867455e-06,1.2055727758785186e-06,1.198820287466271e-06,1.3960458870513037e-08,4.935767567907829e-09,0.916789484566734,0.911654489405205,-22.169062157561918,standard-halo-model,scale_dependent_camb
10,0.06779888,0.10256817,2920,2939,2929.511348122867,1.3053539946082205e-06,1.1984757683715394e-06,1.1917776378174743e-06,1.22374211771284e-08,4.326581749291677e-09,0.9181231859877529,0.9129919108074326,-24.702694281502616,standard-halo-model,scale_dependent_camb
10,0.06779888,0.10256817,2940,2959,2949.511271186441,1.2959199596998326e-06,1.1885660503591763e-06,1.18192489000142e-06,1.2739431104978679e-08,4.504069061394628e-09,0.9171600772585352,0.9120354086337117,-23.83487195185581,standard-halo-model,scale_dependent_camb
10,0.06779888,0.10256817,2960,2979,2969.5111952861953,1.28668661211712e-06,1.1836595133283987e-06,1.1770198336292114e-06,1.4392189308580176e-08,5.088407328108785e-09,0.9199283665358109,0.9147680737056382,-20.247415771844953,standard-halo-model,scale_dependent_camb
10,0.06779888,0.10256817,2980,2999,2989.511120401338,1.2776487239797491e-06,1.1766531974492189e-06,1.170051667960459e-06,1.4033440118546718e-08,4.961570335599865e-09,0.9209520389799012,0.9157851027439405,-20.35555674901455,standard-halo-model,scale_dependent_camb
10,0.06779888,0.10256817,3000,3019,3009.5110465116277,1.2688012430096799e-06,1.1678127895029684e-06,1.161259931840978e-06,1.398331055316602e-08,4.943846857790553e-09,0.9204064040265595,0.9152417986968496,-20.427099870129094,standard-halo-model,scale_dependent_camb
10,0.06779888,0.10256817,3020,3039,3029.5109735973597,1.2601392559599257e-06,1.161348827791037e-06,1.1548646590929125e-06,1.1381318836387942e-08,4.0239038640280494e-09,0.9216035627001923,0.9164579657612372,-24.550891747696088,standard-halo-model,scale_dependent_camb
10,0.06779888,0.10256817,3040,3059,3049.5109016393444,1.2516579979177272e-06,1.1530357861490073e-06,1.1465607463525451e-06,1.4131508994462877e-08,4.996242919191695e-09,0.9212067418314037,0.9160335716785072,-19.73927476382098,standard-halo-model,scale_dependent_camb
10,0.06779888,0.10256817,3060,3079,3069.5108306188927,1.243352882175509e-06,1.142983622582075e-06,1.1365950634661993e-06,1.2128010342495045e-08,4.287899177739414e-09,0.9192753231746914,0.9141371526621515,-23.407560540252426,standard-halo-model,scale_dependent_camb
10,0.06779888,0.10256817,3080,3099,3089.5107605177996,1.2352194461699337e-06,1.1423039037833508e-06,1.1359571108450937e-06,9.81732207886715e-09,3.4709475075296873e-09,0.9247781091249108,0.9196399185321892,-26.769503769508734,standard-halo-model,scale_dependent_camb
10,0.06779888,0.10256817,3100,3119,3109.510691318328,1.2272533500528469e-06,1.132089826439522e-06,1.125756897131642e-06,1.2247787523527399e-08,4.330246806209107e-09,0.9224581268332028,0.9172978807376371,-21.976466439942996,standard-halo-model,scale_dependent_camb
10,0.06779888,0.10256817,3120,3139,3129.5106230031947,1.2194504055821932e-06,1.1279990271115354e-06,1.1216559029014816e-06,1.5165781007096966e-08,5.361913296054206e-09,0.925006069904912,0.9198044444997152,-17.055736156337368,standard-halo-model,scale_dependent_camb
10,0.06779888,0.10256817,3140,3159,3149.5105555555556,1.211806546038827e-06,1.1228469055120503e-06,1.1165741303451803e-06,1.1391890015298188e-08,4.0276413401743355e-09,0.9265892391672835,0.9214128558680064,-22.087279629254677,standard-halo-model,scale_dependent_camb
10,0.06779888,0.10256817,3160,3179,3169.5104889589907,1.2043177969647312e-06,1.115171220471881e-06,1.1089722752906284e-06,9.329622200747045e-09,3.2985195620283982e-09,0.9259775312483729,0.9208302643086367,-27.026238534122946,standard-halo-model,scale_dependent_camb
10,0.06779888,0.10256817,3180,3199,3189.510423197492,1.1969803643580587e-06,1.1092319656551469e-06,1.1030472079921433e-06,1.1245337366480348e-08,3.975827154284363e-09,0.9266918645319873,0.9215248978488534,-22.07047622992209,standard-halo-model,scale_dependent_camb
10,0.06779888,0.10256817,3200,3219,3209.5103582554516,1.1897905113567377e-06,1.1043390511069145e-06,1.0982024559085026e-06,8.896115520746731e-09,3.145251805469454e-09,0.92817940685005,0.9230216961944034,-27.168400349131637,standard-halo-model,scale_dependent_camb
10,0.06779888,0.10256817,3220,3239,3229.510294117647,1.1827446543092832e-06,1.0992693865889e-06,1.0931403103509472e-06,1.0000892126338165e-08,3.5358493202244333e-09,0.929422409633183,0.924240330631074,-23.608264991078496,standard-halo-model,scale_dependent_camb
10,0.06779888,0.10256817,3240,3259,3249.510230769231,1.1758392484430231e-06,1.0921906507899777e-06,1.0861139564935287e-06,1.0747457543289141e-08,3.799800054687132e-09,0.9288605157858033,0.9236925523039792,-22.013947168052464,standard-halo-model,scale_dependent_camb
10,0.06779888,0.10256817,3260,3279,3269.5101681957185,1.1690709393588109e-06,1.0883404212461808e-06,1.082280361879764e-06,9.239064020947636e-09,3.2665024105143616e-09,0.9309447225187998,0.9257610684201525,-24.714666627145633,standard-halo-model,scale_dependent_camb
10,0.06779888,0.10256817,3280,3299,3289.510106382979,1.1624364097316007e-06,1.0803813776787753e-06,1.0743393802294684e-06,1.1289886491557428e-08,3.991577648503328e-09,0.9294111648896378,0.9242134634078837,-20.557042672987343,standard-halo-model,scale_dependent_camb
10,0.06779888,0.10256817,3300,3319,3309.5100453172204,1.155932470474057e-06,1.078386858093083e-06,1.0723428037463635e-06,1.2352048070620728e-08,4.367108476139063e-09,0.9329151015636995,0.9276863754044276,-17.756740599567532,standard-halo-model,scale_dependent_camb
10,0.06779888,0.10256817,3320,3339,3329.509984984985,1.149555977114108e-06,1.070354937476033e-06,1.0643813199807958e-06,1.0291390155030159e-08,3.6385558832291495e-09,0.9311029291179846,0.925906472734683,-21.767163176778162,standard-halo-model,scale_dependent_camb
10,0.06779888,0.10256817,3340,3359,3349.509925373134,1.143303937721628e-06,1.0702045129189467e-06,1.0642544361301216e-06,8.072912475172276e-09,2.8542055775598957e-09,0.9360629991808184,0.9308587165814929,-25.611128146268666,standard-halo-model,scale_dependent_camb
10,0.06779888,0.10256817,3360,3379,3369.5098664688426,1.1371734233908762e-06,1.0653571937930831e-06,1.0594218635653021e-06,9.933698010130992e-09,3.5120926126114686e-09,0.9368467217747245,0.9316273505638825,-20.448273300057725,standard-halo-model,scale_dependent_camb
10,0.06779888,0.10256817,3380,3399,3389.509808259587,1.1311615374930257e-06,1.0575707900393108e-06,1.051679597606785e-06,9.312102923546388e-09,3.2923255621733625e-09,0.9349423181265403,0.9297342269412774,-22.352208511583363,standard-halo-model,scale_dependent_camb
10,0.06779888,0.10256817,3400,3419,3409.509750733138,1.1252655499761999e-06,1.0554174315027008e-06,1.049566693564404e-06,6.89814358226003e-09,2.438862052307265e-09,0.9379274354618105,0.9327280068127946,-28.63963478681372,standard-halo-model,scale_dependent_camb
10,0.06779888,0.10256817,3420,3439,3429.509693877551,1.1194827684785825e-06,1.0482110998883342e-06,1.042382698660974e-06,8.9331662421539e-09,3.1583512136468852e-09,0.9363351803198283,0.9311288462953384,-22.566099768224433,standard-halo-model,scale_dependent_camb
10,0.06779888,0.10256817,3440,3459,3449.5096376811593,1.113810527204295e-06,1.045484647648658e-06,1.039657012363427e-06,9.656539778260963e-09,3.414102380002983e-09,0.9386557427077498,0.9334235823511239,-20.012838500636118,standard-halo-model,scale_dependent_camb
10,0.06779888,0.10256817,3460,3479,3469.509582132565,1.1082463238000042e-06,1.0382375535441198e-06,1.0324601017772909e-06,1.0366060817420602e-08,3.6649559490951365e-09,0.9368292330392441,0.931616085345671,-19.10221329486084,standard-halo-model,scale_dependent_camb
10,0.06779888,0.10256817,3480,3499,3489.5095272206304,1.1027876765767253e-06,1.0383107439651015e-06,1.032551233292931e-06,8.349721868458739e-09,2.952072477104392e-09,0.9415327773594885,0.9363100941589932,-21.84124309673707,standard-halo-model,scale_dependent_camb
10,0.06779888,0.10256817,3500,3519,3509.509472934473,1.0974321528933445e-06,1.032246173167728e-06,1.0264939693740202e-06,1.0084683810544557e-08,3.5654741542791238e-09,0.940601357857289,0.9353598458617254,-18.28255567282216,standard-halo-model,scale_dependent_camb
10,0.06779888,0.10256817,3520,3539,3529.509419263456,1.0921774416253637e-06,1.027378991184794e-06,1.0216720867342233e-06,7.269233688131874e-09,2.570062217453872e-09,0.9406704002747599,0.9354451463617347,-25.21279446097016,standard-halo-model,scale_dependent_camb
10,0.06779888,0.10256817,3540,3559,3549.509366197183,1.0870212324875156e-06,1.02376914801866e-06,1.0180294082701823e-06,1.2127701689581492e-08,4.287790052455311e-09,0.941811546473558,0.9365313002585479,-14.751674801016803,standard-halo-model,scale_dependent_camb
10,0.06779888,0.10256817,3560,3579,3569.5093137254903,1.0819613355220895e-06,1.019875377141242e-06,1.0141707539876729e-06,1.1744530254693443e-08,4.152318492472151e-09,0.9426172115929738,0.9373447282183102,-14.95211855579113,standard-halo-model,scale_dependent_camb
10,0.06779888,0.10256817,3580,3599,3589.50926183844,1.0769955916010516e-06,1.018439830006746e-06,1.0127430632131866e-06,1.1196800705325146e-08,3.958666853164864e-09,0.9456304537818421,0.9403409550708116,-14.791788186846725,standard-halo-model,scale_dependent_camb
10,0.06779888,0.10256817,3600,3619,3609.5092105263157,1.072121877688619e-06,1.0116996998082541e-06,1.0060719830533429e-06,8.65371458131366e-09,3.059550131449897e-09,0.943642435493781,0.9383932964993935,-19.748713138990578,standard-halo-model,scale_dependent_camb
10,0.06779888,0.10256817,3620,3639,3629.5091597796145,1.0673381882225634e-06,1.0085557467154548e-06,1.002937680938437e-06,9.102467038112114e-09,3.218208084088052e-09,0.9449261329204394,0.9396625099759875,-18.26558133321135,standard-halo-model,scale_dependent_camb
10,0.06779888,0.10256817,3640,3659,3649.509109589041,1.0626424927421031e-06,1.0041033763897739e-06,9.985015570462623e-07,1.0380040763329271e-08,3.669898606371457e-09,0.9449117490104583,0.9396401554295764,-15.951153596095859,standard-halo-model,scale_dependent_camb
10,0.06779888,0.10256817,3660,3679,3669.5090599455043,1.0580328973179337e-06,1.0040229135510486e-06,9.984260673389922e-07,8.905658339462551e-09,3.148625701382249e-09,0.9489524532707839,0.943662592977929,-17.153510416679477,standard-halo-model,scale_dependent_camb
10,0.06779888,0.10256817,3680,3699,3689.509010840108,1.0535074754286991e-06,1.00045640295543e-06,9.948666756046358e-07,1.002201544195214e-08,3.5433175400803258e-09,0.949643382974875,0.9443375569782256,-14.97214739384226,standard-halo-model,scale_dependent_camb
10,0.06779888,0.10256817,3700,3719,3709.508962264151,1.0490644332008168e-06,9.956473715768922e-07,9.901213138917965e-07,7.486485961883816e-09,2.6468724954529695e-09,0.9490812385460986,0.9438136329441863,-20.18119940257385,standard-halo-model,scale_dependent_camb
10,0.06779888,0.10256817,3720,3739,3729.508914209115,1.0447019447484533e-06,9.940014847591645e-07,9.884719182833498e-07,7.979083234481532e-09,2.8210319313768908e-09,0.9514689713710673,0.9461760105379695,-17.972309857741635,standard-halo-model,scale_dependent_camb
10,0.06779888,0.10256817,3740,3759,3749.5088666666666,1.0404183042976977e-06,9.893575243429353e-07,9.83842358563813e-07,8.944752100373049e-09,3.162447433103198e-09,0.9509228358018659,0.9456219238933186,-16.145969548862418,standard-halo-model,scale_dependent_camb
10,0.06779888,0.10256817,3760,3779,3769.5088196286474,1.036211780839163e-06,9.849777948629523e-07,9.794731683480928e-07,9.815292664222238e-09,3.470230001101059e-09,0.9505564529147511,0.9452441927989651,-14.763858868131175,standard-halo-model,scale_dependent_camb
10,0.06779888,0.10256817,3780,3799,3789.5087730870714,1.0320807562893082e-06,9.83543047591464e-07,9.7805623182484e-07,9.074439528934973e-09,3.2082988631885894e-09,0.9529710166553689,0.9476547507205683,-15.128799020177532,standard-halo-model,scale_dependent_camb
10,0.06779888,0.10256817,3800,3819,3809.5087270341205,1.0280235863605137e-06,9.787843319856671e-07,9.733195213542978e-07,9.77519897905497e-09,3.4560547427687926e-09,0.9521029915771028,0.9467871498942128,-14.247243761943109,standard-halo-model,scale_dependent_camb
10,0.06779888,0.10256817,3820,3839,3829.508681462141,1.0240387354833882e-06,9.755428112982308e-07,9.700939482187258e-07,9.603884481829372e-09,3.3954859214169003e-09,0.9526424904598307,0.9473215363877829,-14.282469522041376,standard-halo-model,scale_dependent_camb
10,0.06779888,0.10256817,3840,3859,3849.5086363636365,1.020124640189858e-06,9.739048883040031e-07,9.68483263660695e-07,8.49587097575694e-09,3.003743989521851e-09,0.9546920542206953,0.9493773853756226,-15.387380564750561,standard-halo-model,scale_dependent_camb
10,0.06779888,0.10256817,3860,3879,3869.5085917312663,1.0162798448355043e-06,9.723794421712599e-07,9.669263989527414e-07,1.1662358763821007e-08,4.123266483264098e-09,0.9568028403915162,0.9514371497835311,-10.646996220698197,standard-halo-model,scale_dependent_camb
10,0.06779888,0.10256817,3880,3899,3889.5085475578408,1.012502861012464e-06,9.683043953286078e-07,9.629214796336808e-07,8.008993681120046e-09,2.831606871200097e-09,0.9563473177353203,0.9510308728123457,-15.608969639603956,standard-halo-model,scale_dependent_camb
10,0.06779888,0.10256817,3900,3919,3909.5085038363172,1.0087923078563674e-06,9.650452516695959e-07,9.596536967175092e-07,9.522130482562119e-09,3.366581517781403e-09,0.9566342290220949,0.9512896651211831,-12.994503758697366,standard-halo-model,scale_dependent_camb
10,0.06779888,0.10256817,3920,3939,3929.5084605597963,1.0051467684899683e-06,9.639109744041963e-07,9.585291734047145e-07,9.327715236050334e-09,3.2978453481941343e-09,0.9589753502886742,0.9536211063432186,-12.503859257182052,standard-halo-model,scale_dependent_camb
10,0.06779888,0.10256817,3940,3959,3949.508417721519,1.0015649291189849e-06,9.607639681130977e-07,9.554095814433802e-07,9.645984836670885e-09,3.410370644616297e-09,0.9592627898405176,0.9539167693139927,-11.96379081854246,standard-halo-model,scale_dependent_camb
10,0.06779888,0.10256817,3960,3979,3969.5083753148615,9.980454481764477e-07,9.577859957169163e-07,9.524415175229214e-07,1.0055877294481233e-08,3.555289512853756e-09,0.9596617042509533,0.9543067595400087,-11.323818303397742,standard-halo-model,scale_dependent_camb
10,0.06779888,0.10256817,3980,3999,3989.508333333333,9.945870546219219e-07,9.547750774695202e-07,9.494619461972112e-07,7.803791559064562e-09,2.7590569651904457e-09,0.9599713499513266,0.9546293024677821,-14.429559684590881,standard-halo-model,scale_dependent_camb
10,0.06779888,0.10256817,4000,4019,4009.5082917705736,9.91188507877267e-07,9.528034201280605e-07,9.475000030096055e-07,8.692406943586143e-09,3.0732299473213966e-09,0.9612736755479417,0.9559231119807624,-12.490145028901155,standard-halo-model,scale_dependent_camb
10,0.06779888,0.10256817,4020,4039,4029.5082506203476,9.87848562608395e-07,9.518310902241161e-07,9.465482300873626e-07,6.702041550894322e-09,2.3695295142156903e-09,0.9635394798883186,0.9581916357584408,-15.20026324559231,standard-halo-model,scale_dependent_camb
10,0.06779888,0.10256817,4040,4059,4049.5082098765433,9.845660676811586e-07,9.47471383150809e-07,9.421999541503947e-07,7.523983836198714e-09,2.660129996057042e-09,0.9623238239179676,0.9569697606677181,-13.944688637522566,standard-halo-model,scale_dependent_camb
10,0.06779888,0.10256817,4060,4079,4069.5081695331696,9.813398242334862e-07,9.462114814819267e-07,9.409545557787845e-07,7.314538736295155e-09,2.5860799708429917e-09,0.964203691846504,0.9588468057064268,-13.58362585365395,standard-halo-model,scale_dependent_camb
10,0.06779888,0.10256817,4080,4096,4088.005870123517,9.78404386736692e-07,9.453494510495057e-07,9.400775758557509e-07,8.617542526332532e-09,3.0467613787665925e-09,0.9662154665951207,0.9608272291084325,-10.849203983466447,standard-halo-model,scale_dependent_camb
11,0.03362193,0.06779888,20,39,30.608333333333334,0.00047017959643210427,0.0004660384366897645,0.0004752169606017283,3.568895978804259e-05,1.2617952739809461e-05,0.991192387390341,1.0107137021849724,-0.3281958513978646,standard-halo-model,scale_dependent_camb
11,0.03362193,0.06779888,40,59,50.165,0.00021132985140835854,0.00022520959124719715,0.00022974777120034605,1.1391215257669514e-05,4.0274027773268895e-06,1.0656780845031608,1.0871524759481237,3.4463252389300427,standard-halo-model,scale_dependent_camb
11,0.03362193,0.06779888,60,79,69.975,0.00012686743928996832,0.00013371905666444324,0.0001363950300906767,6.44221917765126e-06,2.277668433203615e-06,1.0540061138840744,1.0750987870018571,3.0081715470929584,standard-halo-model,scale_dependent_camb
11,0.03362193,0.06779888,80,99,89.86944444444444,9.213780028516201e-05,9.083645718574226e-05,9.2661404704165e-05,4.8391011660579135e-06,1.7108806246836399e-06,0.9858761214681472,1.0056828404561695,-0.7606276444099525,standard-halo-model,scale_dependent_camb
11,0.03362193,0.06779888,100,119,109.80227272727272,7.477985986419311e-05,6.933476959980887e-05,7.071740938106627e-05,4.089267770450084e-06,1.4457744852864243e-06,0.9271850699603743,0.9456745373620035,-3.766209958606029,standard-halo-model,scale_dependent_camb
11,0.03362193,0.06779888,120,139,129.75576923076923,6.43881608043197e-05,5.6218530972852616e-05,5.7352918091686716e-05,3.223394254885817e-06,1.1396419680337598e-06,0.8731190683284901,0.8907370139983716,-7.168593348279598,standard-halo-model,scale_dependent_camb
11,0.03362193,0.06779888,140,159,149.72166666666666,5.7296144287829557e-05,4.873484517898844e-05,4.969979262163205e-05,3.341600025118635e-06,1.1814340188872621e-06,0.8505780936002766,0.867419496361973,-7.246531733447635,standard-halo-model,scale_dependent_camb
11,0.03362193,0.06779888,160,179,169.6955882352941,5.204950610053994e-05,4.40859920571955e-05,4.4972301060979344e-05,2.703814289480857e-06,9.559427095805003e-07,0.8470011602422904,0.8640293526341996,-8.33053483596218,standard-halo-model,scale_dependent_camb
11,0.03362193,0.06779888,180,199,189.675,4.796502082116568e-05,4.051141532298316e-05,4.1327882609313976e-05,2.6566016941556297e-06,9.392505364245581e-07,0.8446033094414201,0.8616254491664286,-7.9356946939377195,standard-halo-model,scale_dependent_camb
11,0.03362193,0.06779888,200,219,209.65833333333333,4.465912047629609e-05,3.747485155563671e-05,3.8233140200368525e-05,1.9685455882898734e-06,6.959859672773154e-07,0.8391309805469052,0.8561104605869184,-10.322433581188584,standard-halo-model,scale_dependent_camb
11,0.03362193,0.06779888,220,239,229.64456521739132,4.1892669880322767e-05,3.553798646914255e-05,3.625178923503655e-05,2.0067240912675146e-06,7.094841064528359e-07,0.8483103743606218,0.8653492207252284,-8.956766407286182,standard-halo-model,scale_dependent_camb
11,0.03362193,0.06779888,240,259,249.633,3.9509763623284564e-05,3.355535617800392e-05,3.423240363969695e-05,1.6065081977437953e-06,5.679864203282083e-07,0.8492927595807864,0.8664289659157194,-10.483362334331721,standard-halo-model,scale_dependent_camb
11,0.03362193,0.06779888,260,279,269.6231481481482,3.740675772928831e-05,3.229685736654093e-05,3.2942952564325274e-05,1.8019790264509468e-06,6.370957945796988e-07,0.8633963306917004,0.8806684824900497,-8.02061543369385,standard-halo-model,scale_dependent_camb
11,0.03362193,0.06779888,280,299,289.6146551724138,3.551405938726766e-05,3.103394325621587e-05,3.1664317334347046e-05,1.4563713618571035e-06,5.149050329475225e-07,0.873849506129452,0.8915994927265114,-8.70085907959728,standard-halo-model,scale_dependent_camb
11,0.03362193,0.06779888,300,319,309.60725806451615,3.378449129462703e-05,2.9887358355307726e-05,3.0488128727421975e-05,1.7113478394280566e-06,6.050528311142628e-07,0.8846472807498187,0.9024297113590313,-6.440979595355933,standard-halo-model,scale_dependent_camb
11,0.03362193,0.06779888,320,339,329.6007575757576,3.2213691417955684e-05,2.8426178234277647e-05,2.9006270477677337e-05,9.323619503376885e-07,3.296397288020473e-07,0.8824253596231165,0.900432989853173,-11.4898565092331,standard-halo-model,scale_dependent_camb
11,0.03362193,0.06779888,340,359,349.595,3.072242640361914e-05,2.7191780748046334e-05,2.774814306095178e-05,1.1497663801372807e-06,4.065038020876905e-07,0.8850792053600007,0.9031885273776101,-8.68539393098021,standard-halo-model,scale_dependent_camb
11,0.03362193,0.06779888,360,379,369.58986486486486,2.9319482906722268e-05,2.607744971025389e-05,2.6607633059410114e-05,1.1652753792503214e-06,4.1198706130881403e-07,0.8894239299245944,0.9075069005841713,-7.869259743665203,standard-halo-model,scale_dependent_camb
11,0.03362193,0.06779888,380,399,389.5852564102564,2.7998380509942696e-05,2.510302359229609e-05,2.561442620215459e-05,1.0583744331121349e-06,3.741918693440293e-07,0.8965884145828215,0.9148538499595887,-7.73762648216345,standard-halo-model,scale_dependent_camb
11,0.03362193,0.06779888,400,419,409.5810975609756,2.6750449582374516e-05,2.3874335698965623e-05,2.4359157156810367e-05,1.0146923701188767e-06,3.587479278646539e-07,0.8924835309944128,0.9106073930383684,-8.017088490317285,standard-halo-model,scale_dependent_camb
11,0.03362193,0.06779888,420,439,429.57732558139537,2.5569148039118523e-05,2.295255395054444e-05,2.34218038956135e-05,9.723933579009489e-07,3.437929686762592e-07,0.8976659650696641,0.9160181582812311,-7.61095870764612,standard-halo-model,scale_dependent_camb
11,0.03362193,0.06779888,440,459,449.5738888888889,2.444938914101729e-05,2.18848004420451e-05,2.2332527694583856e-05,8.60482417306655e-07,3.0422647618466413e-07,0.8951062260009707,0.9134186365874434,-8.429866891057491,standard-halo-model,scale_dependent_camb
11,0.03362193,0.06779888,460,479,469.5707446808511,2.3387084937949227e-05,2.100837674454756e-05,2.1436659540695962e-05,7.528652820321511e-07,2.661780731224283e-07,0.8982896671512131,0.9166024580477582,-8.93652946502315,standard-halo-model,scale_dependent_camb
11,0.03362193,0.06779888,480,499,489.5678571428571,2.2378834501224743e-05,2.018254159399546e-05,2.0595491831351e-05,7.684415231894731e-07,2.71685105996298e-07,0.901858476717852,0.9203111909256873,-8.083965071162979,standard-halo-model,scale_dependent_camb
11,0.03362193,0.06779888,500,519,509.56519607843137,2.1421709638897433e-05,1.9199451639790874e-05,1.959280040888389e-05,6.685739443172474e-07,2.363765848756814e-07,0.8962614078630123,0.914623563625724,-9.401345739364672,standard-halo-model,scale_dependent_camb
11,0.03362193,0.06779888,520,539,529.5627358490566,2.051311060794433e-05,1.8372034153085524e-05,1.8747908241631594e-05,5.536379206351221e-07,1.9574056400155723e-07,0.8956239989253697,0.9139476016070859,-10.93833802809403,standard-halo-model,scale_dependent_camb
11,0.03362193,0.06779888,540,559,549.5604545454545,1.965066914255794e-05,1.7743585832210436e-05,1.810428655888589e-05,6.86357133461017e-07,2.426638916930227e-07,0.9029507190563152,0.9213063650680979,-7.858949665078404,standard-halo-model,scale_dependent_camb
11,0.03362193,0.06779888,560,579,569.5583333333333,1.8832183477115285e-05,1.7007513444701633e-05,1.7356383891181343e-05,5.734022715538385e-07,2.0272831728174468e-07,0.9031089499191118,0.9216341754673684,-9.000568134138799,standard-halo-model,scale_dependent_camb
11,0.03362193,0.06779888,580,599,589.5563559322034,1.8055575541462293e-05,1.6130838622687163e-05,1.6460662754660026e-05,5.209936629200759e-07,1.84199076003002e-07,0.8933993040346334,0.9116664665083781,-10.449221356266532,standard-halo-model,scale_dependent_camb
11,0.03362193,0.06779888,600,619,609.5545081967213,1.7318862507110396e-05,1.570319642045439e-05,1.6025188732582043e-05,4.921951758461047e-07,1.7401727325404292e-07,0.9067106118549829,0.925302613032627,-9.284515591146754,standard-halo-model,scale_dependent_camb
11,0.03362193,0.06779888,620,639,629.5527777777778,1.6620141325785954e-05,1.506237497348379e-05,1.537218116725803e-05,4.555643202404133e-07,1.6106631005431809e-07,0.9062723762832685,0.9249127829862837,-9.671584031302526,standard-halo-model,scale_dependent_camb
11,0.03362193,0.06779888,640,659,649.5511538461539,1.5957577889581254e-05,1.4416487673974429e-05,1.471024696110727e-05,5.122420898530674e-07,1.8110492767213635e-07,0.9034258064556898,0.921834570565476,-8.509377604549448,standard-halo-model,scale_dependent_camb
11,0.03362193,0.06779888,660,679,669.5496268656716,1.5329401384465187e-05,1.3861989999699887e-05,1.41457226065427e-05,4.109136189256003e-07,1.452799032120984e-07,0.9042747105407277,0.9227837572886554,-10.100580688183573,standard-halo-model,scale_dependent_camb
11,0.03362193,0.06779888,680,699,689.5481884057971,1.473390126140958e-05,1.3304592641560741e-05,1.357742776419857e-05,3.4287318868192936e-07,1.212239784020234e-07,0.9029918421136415,0.9215093493099484,-11.790642731660922,standard-halo-model,scale_dependent_camb
11,0.03362193,0.06779888,700,719,709.5468309859154,1.416942674124069e-05,1.2753679081639372e-05,1.3015291945630522e-05,3.389706443055409e-07,1.1984422060581057e-07,0.9000843375349317,0.9185475307726451,-11.813232648556074,standard-halo-model,scale_dependent_camb
11,0.03362193,0.06779888,720,739,729.5455479452055,1.3634386629332752e-05,1.2297893947295523e-05,1.2551161015646965e-05,3.0395167062416284e-07,1.0746314372566274e-07,0.9019763251276793,0.920551936575177,-12.43675399492401,standard-halo-model,scale_dependent_camb
11,0.03362193,0.06779888,740,759,749.5443333333334,1.3127249269572988e-05,1.1771147421813099e-05,1.2013778719007429e-05,2.652300149700503e-07,9.377297107976603e-08,0.8966956580231068,0.9151786846048229,-14.461542938704048,standard-halo-model,scale_dependent_camb
11,0.03362193,0.06779888,760,779,769.5431818181818,1.2646543229829045e-05,1.1318863896853377e-05,1.155283885016245e-05,2.877974781229654e-07,1.0175177419456794e-07,0.8950164239470507,0.913517523342908,-13.048218013741005,standard-halo-model,scale_dependent_camb
11,0.03362193,0.06779888,780,799,789.5420886075949,1.2190857433066168e-05,1.0925703283104602e-05,1.115055649889719e-05,3.014071772325001e-07,1.0656352945969819e-07,0.8962210691981358,0.9146654827291072,-11.872299616728078,standard-halo-model,scale_dependent_camb
11,0.03362193,0.06779888,800,819,809.5410493827161,1.1758841689897763e-05,1.0522517540225433e-05,1.0738381641668568e-05,3.298380180173206e-07,1.1661534961658902e-07,0.8948600395960361,0.9132176386806966,-10.601727420422348,standard-halo-model,scale_dependent_camb
11,0.03362193,0.06779888,820,839,829.5400602409638,1.1349205745238849e-05,1.021597731312354e-05,1.0425779435424775e-05,2.8026968717105617e-07,9.909029817984306e-08,0.9001490978705082,0.9186351599801189,-11.436320739075448,standard-halo-model,scale_dependent_camb
11,0.03362193,0.06779888,840,859,849.5391176470588,1.0960719793026837e-05,9.775844830336902e-06,9.975921079057445e-06,2.578997566668517e-07,9.118133340274567e-08,0.8918980701026819,0.9101520034664223,-12.994709755519493,standard-halo-model,scale_dependent_camb
11,0.03362193,0.06779888,860,879,869.5382183908046,1.0592211757207075e-05,9.477510607577352e-06,9.672067538604514e-06,2.8062117229202366e-07,9.921456693610421e-08,0.8947621917706408,0.913130114871761,-11.235256918952318,standard-halo-model,scale_dependent_camb
11,0.03362193,0.06779888,880,899,889.5373595505617,1.0242569311921332e-05,9.132700537176027e-06,9.3205518336576e-06,2.2012688014825484e-07,7.78266048371347e-08,0.8916415656124944,0.9099818170436401,-14.26078880182289,standard-halo-model,scale_dependent_camb
11,0.03362193,0.06779888,900,919,909.5365384615385,9.910735251941274e-06,8.826169056435258e-06,9.007736190580116e-06,1.728335185813466e-07,6.110587650260068e-08,0.8905665252945208,0.9088867739470408,-17.748967162918554,standard-halo-model,scale_dependent_camb
11,0.03362193,0.06779888,920,939,929.535752688172,9.595707952104058e-06,8.534371791661033e-06,8.709556397402077e-06,1.890363782668937e-07,6.683445248173292e-08,0.8893946996156438,0.9076512583412176,-15.88007563513905,standard-halo-model,scale_dependent_camb
11,0.03362193,0.06779888,940,959,949.535,9.2965392811577e-06,8.271595153250177e-06,8.441463078316076e-06,1.7685296201084324e-07,6.252696435539705e-08,0.8897499276978383,0.9080220954291347,-16.392034036417346,standard-halo-model,scale_dependent_camb
11,0.03362193,0.06779888,960,979,969.5342783505155,9.012332384017255e-06,8.051858695362057e-06,8.217457442008419e-06,1.9177525866379054e-07,6.780279293248525e-08,0.893426734864048,0.9118014174201463,-14.165695056420331,standard-halo-model,scale_dependent_camb
11,0.03362193,0.06779888,980,999,989.5335858585859,8.742240171437968e-06,7.793011192561192e-06,7.953144495438364e-06,1.8587265359413374e-07,6.571590689677503e-08,0.8914203956580797,0.9097375889331338,-14.44443246241434,standard-halo-model,scale_dependent_camb
11,0.03362193,0.06779888,1000,1019,1009.5329207920792,8.485462946312425e-06,7.539392416442273e-06,7.695162387927754e-06,1.5324020819763653e-07,5.417859518349358e-08,0.8885069045901272,0.9068641789629031,-17.462071998470503,standard-halo-model,scale_dependent_camb
11,0.03362193,0.06779888,1020,1039,1029.532281553398,8.241246737671654e-06,7.297250074895388e-06,7.447306144938121e-06,1.6725768129300543e-07,5.913452032391124e-08,0.8854546292782193,0.9036625624731824,-15.963546463309306,standard-halo-model,scale_dependent_camb
11,0.03362193,0.06779888,1040,1059,1049.5316666666668,8.00888067986995e-06,7.089613887083506e-06,7.235690015380675e-06,1.594194916181999e-07,5.636330178827055e-08,0.8852190674912925,0.9034583363899198,-16.309668944514314,standard-halo-model,scale_dependent_camb
11,0.03362193,0.06779888,1060,1079,1069.5310747663552,7.787695722480633e-06,6.886173990681684e-06,7.027697617331975e-06,1.5829871916522685e-07,5.5967048887438394e-08,0.8842376790355921,0.902410400684405,-16.1080805531144,standard-halo-model,scale_dependent_camb
11,0.03362193,0.06779888,1080,1099,1089.530504587156,7.577061741264839e-06,6.710912716948994e-06,6.849133682268481e-06,1.4716832659507577e-07,5.20318608556273e-08,0.8856880075823087,0.9039300346423144,-16.64651254198167,standard-halo-model,scale_dependent_camb
11,0.03362193,0.06779888,1100,1119,1109.529954954955,7.376386154113101e-06,6.514224411920343e-06,6.64810264382878e-06,1.391599864280695e-07,4.9200485036557925e-08,0.8831186811292392,0.9012682504591727,-17.523439891946946,standard-halo-model,scale_dependent_camb
11,0.03362193,0.06779888,1120,1139,1129.529424778761,7.18511144185749e-06,6.332852593275582e-06,6.463830503542448e-06,1.1236305068260769e-07,3.972633754623981e-08,0.881385437723763,0.8996145092318043,-21.453244905597312,standard-halo-model,scale_dependent_camb
11,0.03362193,0.06779888,1140,1159,1149.5289130434783,7.002713758269538e-06,6.174418387401627e-06,6.302049008359814e-06,1.0435948399547373e-07,3.6896649407164225e-08,0.8817179454336866,0.8999438254801855,-22.449067440445706,standard-halo-model,scale_dependent_camb
11,0.03362193,0.06779888,1160,1179,1169.5284188034188,6.8287004700007816e-06,6.060220735691188e-06,6.185117718211242e-06,1.1065612226343601e-07,3.9122847216141645e-08,0.8874632534132068,0.9057532608705173,-19.64273535778162,standard-halo-model,scale_dependent_camb
11,0.03362193,0.06779888,1180,1199,1189.5279411764707,6.6626089928679834e-06,5.897297315903318e-06,6.0189609848260945e-06,1.0484034351247148e-07,3.706665891979782e-08,0.885133334736603,0.9033939994481315,-20.6469020750047,standard-halo-model,scale_dependent_camb
11,0.03362193,0.06779888,1200,1219,1209.527479338843,6.504004505158759e-06,5.744283743911315e-06,5.8631123898767365e-06,8.741684007364105e-08,3.090652020298576e-08,0.8831918457859526,0.9014619201487809,-24.581245518997314,standard-halo-model,scale_dependent_camb
11,0.03362193,0.06779888,1220,1239,1229.5270325203253,6.3524784758966755e-06,5.613639818306145e-06,5.729546273867031e-06,1.0130928342039457e-07,3.5818240651855434e-08,0.8836928514761727,0.9019387150396105,-20.62744133001568,standard-halo-model,scale_dependent_camb
11,0.03362193,0.06779888,1240,1259,1249.5266,6.207647421936554e-06,5.465725903482353e-06,5.5784543824777765e-06,1.0158643718725061e-07,3.591622930584308e-08,0.8804826582398345,0.8986422719120067,-20.656999155908064,standard-halo-model,scale_dependent_camb
11,0.03362193,0.06779888,1260,1279,1269.5261811023622,6.069150740605863e-06,5.326208129198491e-06,5.43604129975218e-06,9.796587344385668e-08,3.4636166718507086e-08,0.8775870557248334,0.8956840144671572,-21.44990863005624,standard-halo-model,scale_dependent_camb
11,0.03362193,0.06779888,1280,1299,1289.5257751937984,5.936650013949923e-06,5.246639371020055e-06,5.354915858385449e-06,9.028972911012674e-08,3.192223986263352e-08,0.8837710423709528,0.902009693312303,-21.61535800429712,standard-halo-model,scale_dependent_camb
11,0.03362193,0.06779888,1300,1319,1309.5253816793893,5.809827015856131e-06,5.128007300278809e-06,5.233874610476848e-06,9.63889756343683e-08,3.407864915134336e-08,0.8826437149132831,0.9008658254699498,-20.00724009186394,standard-halo-model,scale_dependent_camb
11,0.03362193,0.06779888,1320,1339,1329.525,5.688382803243191e-06,5.01443359322221e-06,5.1177631591764796e-06,8.647402492200386e-08,3.057318470942172e-08,0.8815218255640718,0.8996868417959888,-22.043801338539993,standard-halo-model,scale_dependent_camb
11,0.03362193,0.06779888,1340,1359,1349.5246296296295,5.572036591204408e-06,4.918204702108627e-06,5.019621860983991e-06,8.417814935737659e-08,2.9761470119167502e-08,0.8826583640660454,0.9008594575469198,-21.96907230986177,standard-halo-model,scale_dependent_camb
11,0.03362193,0.06779888,1360,1379,1369.5242700729927,5.46052413820918e-06,4.7926684577299265e-06,4.891252514565003e-06,1.0003231926982732e-07,3.5366765646756324e-08,0.877693850704544,0.8957478056619536,-18.8837081442449,standard-halo-model,scale_dependent_camb
11,0.03362193,0.06779888,1380,1399,1389.5239208633093,5.353597218715554e-06,4.708650637001852e-06,4.805750111136875e-06,8.599870074832457e-08,3.040513223618646e-08,0.8795302381996458,0.8976674775488398,-21.211767036688716,standard-halo-model,scale_dependent_camb
11,0.03362193,0.06779888,1400,1419,1409.5235815602837,5.2510222049085714e-06,4.601894221543952e-06,4.69674214396803e-06,9.893881408979399e-08,3.498015318272423e-08,0.876380643990074,0.8944433980068854,-18.557036613699182,standard-halo-model,scale_dependent_camb
11,0.03362193,0.06779888,1420,1439,1429.5232517482518,5.152579533433109e-06,4.524070829890447e-06,4.617732937160567e-06,7.186542518081845e-08,2.5408264739105594e-08,0.878020572130035,0.8961982842182002,-24.73638833648213,standard-halo-model,scale_dependent_camb
11,0.03362193,0.06779888,1440,1459,1449.5229310344828,5.058062315780698e-06,4.442197259910003e-06,4.53402659748899e-06,7.335558955740148e-08,2.5935117406987838e-08,0.8782409117520653,0.8963959545028215,-23.746376243693398,standard-halo-model,scale_dependent_camb
11,0.03362193,0.06779888,1460,1479,1469.522619047619,4.967275860729481e-06,4.353201220384619e-06,4.442823859914341e-06,9.5504722780861e-08,3.376601855684408e-08,0.8763759739619775,0.8944185876686703,-18.186172566098836,standard-halo-model,scale_dependent_camb
11,0.03362193,0.06779888,1480,1499,1489.5223154362416,4.880036924393603e-06,4.297552371007259e-06,4.386259659376859e-06,6.982810423833203e-08,2.4687963012162838e-08,0.8806393143308595,0.898816899817187,-23.59386852205568,standard-halo-model,scale_dependent_camb
11,0.03362193,0.06779888,1500,1519,1509.5220198675497,4.796172667098361e-06,4.223410639641859e-06,4.310554082893697e-06,7.382420960383993e-08,2.610079961330613e-08,0.8805793562467763,0.8987487278062366,-21.94423297148755,standard-halo-model,scale_dependent_camb
11,0.03362193,0.06779888,1520,1539,1529.5217320261438,4.715520331538223e-06,4.139070244146261e-06,4.2245905796949965e-06,6.590375274221824e-08,2.330049523483202e-08,0.8777547233681589,0.8958906510147349,-24.739821260546574,standard-halo-model,scale_dependent_camb
11,0.03362193,0.06779888,1540,1559,1549.5214516129033,4.63792641183386e-06,4.0777397458655936e-06,4.162062087023384e-06,7.265364847395382e-08,2.56869437569382e-08,0.8792161375094423,0.8973971808616262,-21.80822566004789,standard-halo-model,scale_dependent_camb
11,0.03362193,0.06779888,1560,1579,1569.521178343949,4.563246121462681e-06,4.00424529659662e-06,4.087210716674941e-06,4.980835697679466e-08,1.7609913489025895e-08,0.8774993042262463,0.8956805326478524,-31.74353043894384,standard-halo-model,scale_dependent_camb
11,0.03362193,0.06779888,1580,1599,1589.5209119496856,4.491342587174468e-06,3.9526029413707044e-06,4.033951987142162e-06,7.890886844375707e-08,2.7898497986168898e-08,0.8800493092327905,0.8981617208764177,-19.310704327912262,standard-halo-model,scale_dependent_camb
11,0.03362193,0.06779888,1600,1619,1609.520652173913,4.422087033422085e-06,3.899287685495002e-06,3.9800421619615424e-06,4.8875214348550916e-08,1.72799977489032e-08,0.8817754277616493,0.9000370485430131,-30.254595835249255,standard-halo-model,scale_dependent_camb
11,0.03362193,0.06779888,1620,1639,1629.520398773006,4.355357336230532e-06,3.825271180773359e-06,3.904114116190995e-06,7.377635024502994e-08,2.6083878774727238e-08,0.8782910070208038,0.8963935252141497,-20.322366931515372,standard-halo-model,scale_dependent_camb
11,0.03362193,0.06779888,1640,1659,1649.5201515151516,4.291038433880106e-06,3.7834589672785343e-06,3.8618971512382735e-06,5.4226191212224876e-08,1.9171853762041288e-08,0.8817117407772549,0.8999912750131701,-26.475241930258097,standard-halo-model,scale_dependent_camb
11,0.03362193,0.06779888,1660,1679,1669.5199101796406,4.229021310027142e-06,3.722826272104695e-06,3.799727070643895e-06,5.8687790149893804e-08,2.0749267193921488e-08,0.8803044485204549,0.8984885135562269,-24.395803147724536,standard-halo-model,scale_dependent_camb
11,0.03362193,0.06779888,1680,1699,1689.519674556213,4.169202925879351e-06,3.6677482854336667e-06,3.7436651922191077e-06,5.054427897410514e-08,1.7870101206387187e-08,0.879724098500214,0.8979330722861156,-28.061096837350462,standard-halo-model,scale_dependent_camb
11,0.03362193,0.06779888,1700,1719,1709.5194444444444,4.111485860402363e-06,3.613053270798946e-06,3.68756519610271e-06,6.70840408203175e-08,2.371779008672083e-08,0.8787706910526408,0.8968935614293547,-21.01513622394696,standard-halo-model,scale_dependent_camb
11,0.03362193,0.06779888,1720,1739,1729.519219653179,4.0557776474683416e-06,3.57872489387649e-06,3.652657585909537e-06,7.025070731409453e-08,2.4837375762473813e-08,0.8823769952256547,0.9006059758205838,-19.20705142741445,standard-halo-model,scale_dependent_camb
11,0.03362193,0.06779888,1740,1759,1749.519,4.001990875140911e-06,3.5254441255545885e-06,3.598377572977456e-06,5.332989893921292e-08,1.885496658995536e-08,0.8809225796724129,0.8991468709560104,-25.27433540190911,standard-halo-model,scale_dependent_camb
11,0.03362193,0.06779888,1760,1779,1769.5187853107345,3.9500427396366135e-06,3.4776353153686044e-06,3.5494904113056177e-06,5.7450843788064044e-08,2.031194061371456e-08,0.8804044777724435,0.8985954444716098,-23.257621379073992,standard-halo-model,scale_dependent_camb
11,0.03362193,0.06779888,1780,1799,1789.5185754189945,3.899854554485587e-06,3.441984984336617e-06,3.5133812045165653e-06,3.83056365635285e-08,1.354308768586918e-08,0.8825931675779212,0.9009005734522836,-33.80835897759932,standard-halo-model,scale_dependent_camb
11,0.03362193,0.06779888,1800,1819,1809.5183701657459,3.851351772972724e-06,3.3968316771484585e-06,3.4674313308370523e-06,4.0624437742009766e-08,1.4362907704632911e-08,0.8819842687406771,0.9003154048846239,-31.64540949306911,standard-halo-model,scale_dependent_camb
11,0.03362193,0.06779888,1820,1839,1829.518169398907,3.8044636299743e-06,3.36470349063345e-06,3.434383950291599e-06,4.55717585153373e-08,1.6112049738395398e-08,0.8844094247935232,0.9027248738121855,-27.293866794172743,standard-halo-model,scale_dependent_camb
11,0.03362193,0.06779888,1840,1859,1849.517972972973,3.759122971887655e-06,3.3238815274397804e-06,3.3925781806461366e-06,5.294016253885898e-08,1.8717173964172608e-08,0.8842172901225105,0.9024919392148917,-23.253587602540325,standard-halo-model,scale_dependent_camb
11,0.03362193,0.06779888,1860,1879,1869.5177807486632,3.715265957608064e-06,3.291023984185933e-06,3.3589410547579164e-06,5.518222634412555e-08,1.950986322445106e-08,0.8858111429268274,0.9040916836329116,-21.744999877315525,standard-halo-model,scale_dependent_camb
11,0.03362193,0.06779888,1880,1899,1889.5175925925926,3.6728319450550702e-06,3.2553381684974577e-06,3.3230576511505294e-06,3.1100705421797106e-08,1.0995759851718979e-08,0.8863291915330603,0.9047671390531602,-37.968615374256764,standard-halo-model,scale_dependent_camb
11,0.03362193,0.06779888,1900,1919,1909.5174083769634,3.6317632593247236e-06,3.2245969399244382e-06,3.2912668370502143e-06,5.019075111149284e-08,1.7745110231891416e-08,0.8878874281370442,0.9062448739189515,-22.945268531977234,standard-halo-model,scale_dependent_camb
11,0.03362193,0.06779888,1920,1939,1929.5172279792746,3.5920050656008468e-06,3.1820348343093133e-06,3.2479371374204445e-06,4.265716279300304e-08,1.5081584538555468e-08,0.8858659094839121,0.9042128499551966,-27.183498540452497,standard-halo-model,scale_dependent_camb
11,0.03362193,0.06779888,1940,1959,1949.5170512820512,3.553505146297673e-06,3.147464984998229e-06,3.2124180809859924e-06,5.27324793979196e-08,1.8643746885524427e-08,0.8857353107473366,0.9040139098526275,-21.778892611694154,standard-halo-model,scale_dependent_camb
11,0.03362193,0.06779888,1960,1979,1969.5168781725888,3.516213848313789e-06,3.13454375124836e-06,3.199505865932153e-06,4.229897418287241e-08,1.495494574097189e-08,0.891454242110883,0.9099292602656934,-25.521329443527964,standard-halo-model,scale_dependent_camb
11,0.03362193,0.06779888,1980,1999,1989.5167085427136,3.4800837981974538e-06,3.1021808319446075e-06,3.1663644185201995e-06,3.929553754306818e-08,1.3893070533537035e-08,0.8914098084509962,0.9098529237026567,-27.20082398924063,standard-halo-model,scale_dependent_camb
11,0.03362193,0.06779888,2000,2019,2009.5165422885573,3.4450699660856706e-06,3.0809321480516615e-06,3.1449225945314917e-06,3.376092839148609e-08,1.1936290702386628e-08,0.8943017640806445,0.9128762624536157,-30.506781973833853,standard-halo-model,scale_dependent_camb
11,0.03362193,0.06779888,2020,2039,2029.5163793103447,3.411129303718893e-06,3.047630661269678e-06,3.1109718931396172e-06,3.399980367045936e-08,1.202074586719654e-08,0.8934374483978311,0.9120064401393295,-30.23927520514079,standard-halo-model,scale_dependent_camb
11,0.03362193,0.06779888,2040,2059,2049.516219512195,3.3782208285793403e-06,3.0156661902610396e-06,3.0780664752893433e-06,4.2416636671146964e-08,1.4996545712647e-08,0.8926788221625027,0.9111501679372979,-24.17587658286857,standard-halo-model,scale_dependent_camb
11,0.03362193,0.06779888,2060,2079,2069.5160628019325,3.3463054875086024e-06,2.988564172166377e-06,3.0505015348079493e-06,3.9617633446636393e-08,1.4006948632339782e-08,0.8930936471049534,0.911602824725699,-25.540274668835337,standard-halo-model,scale_dependent_camb
11,0.03362193,0.06779888,2080,2099,2089.515909090909,3.315345955509236e-06,2.9611889109443616e-06,3.022520811922568e-06,4.061481946473165e-08,1.4359507130089566e-08,0.8931764439314822,0.9116758409178779,-24.663593350133695,standard-halo-model,scale_dependent_camb
11,0.03362193,0.06779888,2100,2119,2109.5157582938386,3.285306571130296e-06,2.945341190794749e-06,3.0060799612016734e-06,5.3049294934634374e-08,1.8755758092722564e-08,0.8965194349522811,0.9150074418070043,-18.125920512242967,standard-halo-model,scale_dependent_camb
11,0.03362193,0.06779888,2120,2139,2129.5156103286386,3.2561533108068604e-06,2.9162594063217483e-06,2.976796542329087e-06,3.148517524341621e-08,1.1131690460733204e-08,0.895614895233269,0.9142065063243138,-30.533898304492066,standard-halo-model,scale_dependent_camb
11,0.03362193,0.06779888,2140,2159,2149.515465116279,3.2278537383387625e-06,2.8923256687799477e-06,2.952418012745158e-06,3.2870465160240696e-08,1.1621464407781175e-08,0.8960522697873242,0.9146690810918343,-28.87141050263522,standard-halo-model,scale_dependent_camb
11,0.03362193,0.06779888,2160,2179,2169.5153225806453,3.2003766744837322e-06,2.8716423066421294e-06,2.9309671107145382e-06,4.1892142208548076e-08,1.4811108917047767e-08,0.8972826009942618,0.9158194202835035,-22.19512189686388,standard-halo-model,scale_dependent_camb
11,0.03362193,0.06779888,2180,2199,2189.5151826484016,3.173692490894245e-06,2.861040502976001e-06,2.92023684393925e-06,3.9885439227950635e-08,1.4101632274343913e-08,0.9014863636551792,0.9201385617282728,-22.171333207083688,standard-halo-model,scale_dependent_camb
11,0.03362193,0.06779888,2200,2219,2209.515045248869,3.1477727737939765e-06,2.834257523847108e-06,2.893032972769317e-06,3.408344848545882e-08,1.2050318775145146e-08,0.9004009271072665,0.9190730019824067,-26.017174798190513,standard-halo-model,scale_dependent_camb
11,0.03362193,0.06779888,2220,2239,2229.5149103139015,3.1225902335277994e-06,2.814176067957227e-06,2.8723137371535855e-06,4.12502842836421e-08,1.4584177871418096e-08,0.9012313039799218,0.9198497152501948,-21.14717526690338,standard-halo-model,scale_dependent_camb
11,0.03362193,0.06779888,2240,2259,2249.514777777778,3.09811900054171e-06,2.8001066292192552e-06,2.8581996738767752e-06,3.097997702990261e-08,1.0953075919423807e-08,0.9038086105568098,0.9225596800436056,-27.208098758264793,standard-halo-model,scale_dependent_camb
11,0.03362193,0.06779888,2260,2279,2269.5146475770925,3.0743339952297222e-06,2.774641427904943e-06,2.832318255239142e-06,3.0972989077480124e-08,1.0950605305151532e-08,0.9025178891461383,0.9212786442962597,-27.367671372813867,standard-halo-model,scale_dependent_camb
11,0.03362193,0.06779888,2280,2299,2289.514519650655,3.0512115260241788e-06,2.7531319757877106e-06,2.8101566686349936e-06,3.852729386633445e-08,1.3621455376825982e-08,0.9023078053769432,0.92099700222905,-21.88309119623057,standard-halo-model,scale_dependent_camb
11,0.03362193,0.06779888,2300,2319,2309.514393939394,3.0287285468161064e-06,2.743475279841895e-06,2.800345860373406e-06,3.280253489979896e-08,1.1597447433878115e-08,0.9058174865905106,0.92459453433594,-24.596211243944765,standard-halo-model,scale_dependent_camb
11,0.03362193,0.06779888,2320,2339,2329.514270386266,3.006863286046239e-06,2.7252745665615755e-06,2.781919760380781e-06,2.935239896124507e-08,1.0377640174794682e-08,0.906351339353733,0.9251899723178837,-27.134176435273712,standard-halo-model,scale_dependent_camb
11,0.03362193,0.06779888,2340,2359,2349.5141489361704,2.985594658585272e-06,2.7187112310504625e-06,2.7750125620845213e-06,3.1976497764886115e-08,1.1305399204073725e-08,0.9106096245291139,0.9294672852206484,-23.606723010598525,standard-halo-model,scale_dependent_camb
11,0.03362193,0.06779888,2360,2379,2369.514029535865,2.9649025077649483e-06,2.707604329484636e-06,2.763723975303117e-06,3.3905686532128814e-08,1.198747043382684e-08,0.9132186715730247,0.9321466618430273,-21.463925996785417,standard-halo-model,scale_dependent_camb
11,0.03362193,0.06779888,2380,2399,2389.513912133891,2.9447675670284666e-06,2.67770662342891e-06,2.7334276283630127e-06,2.4652522885974118e-08,8.715983053014427e-09,0.9093100091872294,0.9282320475708327,-30.640369763820647,standard-halo-model,scale_dependent_camb
11,0.03362193,0.06779888,2400,2419,2409.5137966804978,2.9251711931645497e-06,2.6740610811953454e-06,2.729763495286867e-06,2.0679173215282213e-08,7.3111918049286366e-09,0.9141554133460665,0.9331978592110078,-34.345988816751515,standard-halo-model,scale_dependent_camb
11,0.03362193,0.06779888,2420,2439,2429.513683127572,2.9060956581549902e-06,2.6543241243086474e-06,2.709182068496979e-06,3.826379204560907e-08,1.3528293414681025e-08,0.9133643336413136,0.9322411878957119,-18.610738703606042,standard-halo-model,scale_dependent_camb
11,0.03362193,0.06779888,2440,2459,2449.5135714285716,2.8875238396854484e-06,2.6385151872919845e-06,2.693214391026535e-06,2.965231443358455e-08,1.0483676306931687e-08,0.913763949245666,0.9327072400274693,-23.752035555392165,standard-halo-model,scale_dependent_camb
11,0.03362193,0.06779888,2460,2479,2469.5134615384613,2.8694392762953995e-06,2.621495780177261e-06,2.6758526363112382e-06,2.98176859221254e-08,1.054214395741276e-08,0.9135916559843542,0.9325350281557127,-23.51926677531243,standard-halo-model,scale_dependent_camb
11,0.03362193,0.06779888,2480,2499,2489.513353413655,2.851826212786713e-06,2.6105701532208326e-06,2.6647769027001356e-06,2.839793425720748e-08,1.0040185942480586e-08,0.9154029588184013,0.9344106912097568,-24.02904298267152,standard-halo-model,scale_dependent_camb
11,0.03362193,0.06779888,2500,2519,2509.513247011952,2.8346695343873956e-06,2.601481250343177e-06,2.655389960873803e-06,3.121587718261765e-08,1.1036479218257679e-08,0.9177370479290761,0.9367546829220299,-21.12886541375029,standard-halo-model,scale_dependent_camb
11,0.03362193,0.06779888,2520,2539,2529.51314229249,2.8179545823686823e-06,2.587056447950195e-06,2.640644519527337e-06,3.3213346972608625e-08,1.1742691435116623e-08,0.9180617970697024,0.9370784525943977,-19.663135635837648,standard-halo-model,scale_dependent_camb
11,0.03362193,0.06779888,2540,2559,2549.513039215686,2.8016673645091833e-06,2.5697481456679513e-06,2.6231125127315684e-06,2.403154966742505e-08,8.496435866128786e-09,0.9172210014011205,0.9362683614623554,-27.296059488400616,standard-halo-model,scale_dependent_camb
11,0.03362193,0.06779888,2560,2579,2569.512937743191,2.785794405210901e-06,2.556937866408456e-06,2.6098887255531852e-06,3.126122653029005e-08,1.105251263388845e-08,0.9178487334261413,0.9368561874743234,-20.70629063121274,standard-halo-model,scale_dependent_camb
11,0.03362193,0.06779888,2580,2599,2589.5128378378377,2.7703227500195573e-06,2.5442553231662346e-06,2.5968717477619813e-06,3.5041939452706533e-08,1.2389196506468603e-08,0.918396718630807,0.9373896047829259,-18.247141913948102,standard-halo-model,scale_dependent_camb
11,0.03362193,0.06779888,2600,2619,2609.5127394636015,2.755239893555328e-06,2.543983297935343e-06,2.596857919573057e-06,2.4023186827676573e-08,8.493479155780724e-09,0.9233255165497106,0.9425160856763377,-24.87279850168377,standard-halo-model,scale_dependent_camb
11,0.03362193,0.06779888,2620,2639,2629.5126425855515,2.7405338060361364e-06,2.5293391848309723e-06,2.581792125878539e-06,2.7133137073244143e-08,9.593012609677523e-09,0.9229366845466385,0.9420763649008954,-22.015463733687685,standard-halo-model,scale_dependent_camb
11,0.03362193,0.06779888,2640,2659,2649.512547169811,2.726192941171213e-06,2.518737779555935e-06,2.571115409180057e-06,2.2224373229519205e-08,7.8575025091069e-09,0.923902978955645,0.9431157165550681,-26.40217567539253,standard-halo-model,scale_dependent_camb
11,0.03362193,0.06779888,2660,2679,2669.5124531835204,2.7122061281870882e-06,2.5053927533766443e-06,2.5573684426978645e-06,2.7551499312690448e-08,9.74092599792996e-09,0.9237471766393052,0.9429107972730961,-21.231387534860012,standard-halo-model,scale_dependent_camb
11,0.03362193,0.06779888,2680,2699,2689.5123605947956,2.6985626536654602e-06,2.495553686600308e-06,2.5472832273309654e-06,2.806218812122096e-08,9.92148175772396e-09,0.9247714457215196,0.9439407396641275,-20.461557257524348,standard-halo-model,scale_dependent_camb
11,0.03362193,0.06779888,2700,2719,2709.512269372694,2.685252161482369e-06,2.495757154878706e-06,2.547652699944561e-06,2.21894796076077e-08,7.845165750770008e-09,0.9294312060067186,0.9487573407400788,-24.154366220377675,standard-halo-model,scale_dependent_camb
11,0.03362193,0.06779888,2720,2739,2729.5121794871793,2.6722646870027695e-06,2.479215144375947e-06,2.530561283595381e-06,3.107859228071354e-08,1.0987941675712217e-08,0.9277580759249757,0.9469725420177879,-17.569217995899994,standard-halo-model,scale_dependent_camb
11,0.03362193,0.06779888,2740,2759,2749.512090909091,2.659590621996075e-06,2.470622598792283e-06,2.5215752673033177e-06,4.227612199931917e-08,1.4946866273994183e-08,0.9289484548332602,0.9481065418296692,-12.642651626085284,standard-halo-model,scale_dependent_camb
11,0.03362193,0.06779888,2760,2779,2769.5120036101084,2.647220682675383e-06,2.461121587270374e-06,2.512236984083974e-06,2.528647592154346e-08,8.940119298216866e-09,0.9297001958986923,0.949009276228913,-20.816175847018872,standard-halo-model,scale_dependent_camb
11,0.03362193,0.06779888,2780,2799,2789.511917562724,2.6351459469480395e-06,2.4595829028816543e-06,2.5106144922103176e-06,2.643026864226396e-08,9.344511092763505e-09,0.9333763489381991,0.9527421033806681,-18.787825529186133,standard-halo-model,scale_dependent_camb
11,0.03362193,0.06779888,2800,2819,2809.5118327402133,2.623357772639117e-06,2.4476616179587823e-06,2.4983119272069005e-06,3.1880075104634905e-08,1.1271308645611887e-08,0.9330262320630467,0.9523336668995707,-15.587910881025902,standard-halo-model,scale_dependent_camb
11,0.03362193,0.06779888,2820,2839,2829.511749116608,2.611847847547112e-06,2.4406995595620995e-06,2.4913358183700457e-06,2.7156746949095595e-08,9.60135996133629e-09,0.9344723360720478,0.9538594756619365,-17.82542146885538,standard-halo-model,scale_dependent_camb
11,0.03362193,0.06779888,2840,2859,2849.5116666666668,2.6006081370045938e-06,2.4331342035403157e-06,2.483599665650823e-06,2.5622299253708323e-08,9.058850775944085e-09,0.9356020112829546,0.9550072655357672,-18.487326660574613,standard-halo-model,scale_dependent_camb
11,0.03362193,0.06779888,2860,2879,2869.5115853658535,2.589630881775577e-06,2.429216120499451e-06,2.479656301955078e-06,2.3114530300419708e-08,8.17222055968435e-09,0.9380549705345891,0.9575327199739389,-19.629274577768154,standard-halo-model,scale_dependent_camb
11,0.03362193,0.06779888,2880,2899,2889.5115051903113,2.578908609747549e-06,2.4108268933715746e-06,2.4608643728080677e-06,2.4067151005291158e-08,8.509022839841006e-09,0.9348244774007606,0.9542270569444348,-19.75335118258011,standard-halo-model,scale_dependent_camb
11,0.03362193,0.06779888,2900,2919,2909.5114261168383,2.5684340753201034e-06,2.4102349317845177e-06,2.4602669847251077e-06,2.383750599700304e-08,8.427831068527922e-09,0.9384063834630954,0.9578859774387961,-18.771038746415943,standard-halo-model,scale_dependent_camb
11,0.03362193,0.06779888,2920,2939,2929.511348122867,2.5582002994748457e-06,2.4077106950608337e-06,2.457543597129833e-06,3.121184159232085e-08,1.10350524216252e-08,0.9411736428750693,0.9606533146111836,-13.6374163587207,standard-halo-model,scale_dependent_camb
11,0.03362193,0.06779888,2940,2959,2949.511271186441,2.5482005253608904e-06,2.396133916770078e-06,2.4457433529568815e-06,3.1355190040838045e-08,1.108573375163474e-08,0.9403239238523915,0.9597923431125978,-13.717324626201508,standard-halo-model,scale_dependent_camb
11,0.03362193,0.06779888,2960,2979,2969.5111952861953,2.5384282393760896e-06,2.388454061550005e-06,2.43795685629564e-06,2.719568768360107e-08,9.615127590052893e-09,0.940918488259906,0.9604198450356256,-15.597731431170704,standard-halo-model,scale_dependent_camb
11,0.03362193,0.06779888,2980,2999,2989.511120401338,2.528877129738091e-06,2.386274925584532e-06,2.4357286758967044e-06,2.8066854195975874e-08,9.923131464274322e-09,0.9436104655000269,0.9631660815996095,-14.37068577262748,standard-halo-model,scale_dependent_camb
11,0.03362193,0.06779888,3000,3019,3009.5110465116277,2.5195411043594704e-06,2.3819196582102335e-06,2.4314045270949877e-06,2.319959597722469e-08,8.202295818141862e-09,0.9453783683421098,0.9650187976247011,-16.778405607469722,standard-halo-model,scale_dependent_camb
11,0.03362193,0.06779888,3020,3039,3029.5109735973597,2.510414282536881e-06,2.3714891548938895e-06,2.42068285865308e-06,2.877345674756342e-08,1.0172953192189957e-08,0.9446604775118624,0.9642563283247721,-13.656322310580167,standard-halo-model,scale_dependent_camb
11,0.03362193,0.06779888,3040,3059,3049.5109016393444,2.501490936417054e-06,2.3655132311099583e-06,2.4146547902102192e-06,2.2184653203949425e-08,7.843459359392253e-09,0.9456413360018566,0.965286243918512,-17.336445447921815,standard-halo-model,scale_dependent_camb
11,0.03362193,0.06779888,3060,3079,3069.5108306188927,2.4927655799877593e-06,2.36117048200986e-06,2.4101353545387156e-06,2.644563001142543e-08,9.349942156914697e-09,0.9472091964706343,0.9668519871614043,-14.074429100139271,standard-halo-model,scale_dependent_camb
11,0.03362193,0.06779888,3080,3099,3089.5107605177996,2.4842328591068652e-06,2.3548818365480285e-06,2.4036264980295677e-06,2.9422311672693655e-08,1.0402358050972897e-08,0.9479312005375611,0.9675528158393826,-12.434778915030614,standard-halo-model,scale_dependent_camb
11,0.03362193,0.06779888,3100,3119,3109.510691318328,2.4758876031917025e-06,2.350960156994073e-06,2.3998344582014737e-06,2.080862801638101e-08,7.356960988785694e-09,0.9495423596626181,0.9692824727212223,-16.98084934636161,standard-halo-model,scale_dependent_camb
11,0.03362193,0.06779888,3120,3139,3129.5106230031947,2.46772482047498e-06,2.344840494651907e-06,2.3935975507954428e-06,2.087726624865284e-08,7.381228268529728e-09,0.9502033918840997,0.969961290227948,-16.648221861258094,standard-halo-model,scale_dependent_camb
11,0.03362193,0.06779888,3140,3159,3149.5105555555556,2.459739688064257e-06,2.335846944721445e-06,2.384437212884968e-06,2.0395569335470675e-08,7.21092269163586e-09,0.9496317663434084,0.9693859982238405,-17.18126079572573,standard-halo-model,scale_dependent_camb
11,0.03362193,0.06779888,3160,3179,3169.5104889589907,2.451927515394969e-06,2.3271739937065554e-06,2.375435472389769e-06,2.586045231647456e-08,9.143050598765262e-09,0.949120224433585,0.968803301677995,-13.64462772471818,standard-halo-model,scale_dependent_camb
11,0.03362193,0.06779888,3180,3199,3189.510423197492,2.4442837593527186e-06,2.3316191909434734e-06,2.3799151051033633e-06,2.7958560720799665e-08,9.884843938946645e-09,0.9539069193672176,0.9736656376318595,-11.39770836091228,standard-halo-model,scale_dependent_camb
11,0.03362193,0.06779888,3200,3219,3209.5103582554516,2.436804000354065e-06,2.3249424265293616e-06,2.373243371586577e-06,2.2093704229764987e-08,7.811304041198365e-09,0.9540949646305366,0.9739163967400526,-14.32047366671728,standard-halo-model,scale_dependent_camb
11,0.03362193,0.06779888,3220,3239,3229.510294117647,2.4294840224692965e-06,2.3144610316437334e-06,2.362468772835719e-06,2.89845038915515e-08,1.0247569625521972e-08,0.9526553828871633,0.9724158508499002,-11.22441662060962,standard-halo-model,scale_dependent_camb
11,0.03362193,0.06779888,3240,3259,3249.510230769231,2.422319673980652e-06,2.3133505761847773e-06,2.361198509317697e-06,3.0500489859740224e-08,1.078355160466692e-08,0.9550145676615822,0.9747675068160953,-10.10512137288007,standard-halo-model,scale_dependent_camb
11,0.03362193,0.06779888,3260,3279,3269.5101681957185,2.4153069863553165e-06,2.3044141966464125e-06,2.352040462094121e-06,3.232783226479015e-08,1.142961470774719e-08,0.9540874968128832,0.9738060111536115,-9.702233412447308,standard-halo-model,scale_dependent_camb
11,0.03362193,0.06779888,3280,3299,3289.510106382979,2.4084420322358852e-06,2.3033150299328592e-06,2.351150302658348e-06,2.3316753479482482e-08,8.243717250298544e-09,0.9563506196553831,0.9762121201960795,-12.752378461211642,standard-halo-model,scale_dependent_camb
11,0.03362193,0.06779888,3300,3319,3309.5100453172204,2.4017210854974116e-06,2.3021404393511127e-06,2.3499188075530256e-06,2.3419396650524688e-08,8.280007091441762e-09,0.9585377974371762,0.9784311849293452,-12.026637785035918,standard-halo-model,scale_dependent_camb
11,0.03362193,0.06779888,3320,3339,3329.509984984985,2.3951405334718144e-06,2.293311639902914e-06,2.3408808541085944e-06,2.429802035984086e-08,8.590647482926134e-09,0.9574852113494581,0.9773459308107615,-11.853459680575284,standard-halo-model,scale_dependent_camb
11,0.03362193,0.06779888,3340,3359,3349.509925373134,2.388696780660728e-06,2.2895559581550373e-06,2.337008205231362e-06,2.580020443820168e-08,9.121749757125833e-09,0.958495852923506,0.9783611817758348,-10.868618976117236,standard-halo-model,scale_dependent_camb
11,0.03362193,0.06779888,3360,3379,3369.5098664688426,2.3823864153774538e-06,2.28933896052015e-06,2.33678916842492e-06,2.5881078585224755e-08,9.15034308601718e-09,0.9609435924177893,0.9808606837840327,-10.16873946502525,standard-halo-model,scale_dependent_camb
11,0.03362193,0.06779888,3380,3399,3389.509808259587,2.376206177437584e-06,2.279256595051635e-06,2.3266704712862885e-06,1.7815247180857817e-08,6.298641045049543e-09,0.9591998441437871,0.9791534477851105,-15.392142795968248,standard-halo-model,scale_dependent_camb
11,0.03362193,0.06779888,3400,3419,3409.509750733138,2.370152750836366e-06,2.2725663823967925e-06,2.3196902065512506e-06,2.4062754646819752e-08,8.507468492397176e-09,0.9588269707911704,0.9787091594550991,-11.470670567488199,standard-halo-model,scale_dependent_camb
11,0.03362193,0.06779888,3420,3439,3429.509693877551,2.3642230391855023e-06,2.2768356608674813e-06,2.3241837778268825e-06,2.2007010253769946e-08,7.780653092041305e-09,0.9630375912637554,0.983064516039733,-11.23136802068814,standard-halo-model,scale_dependent_camb
11,0.03362193,0.06779888,3440,3459,3449.5096376811593,2.3584140608978756e-06,2.271388626150605e-06,2.318579838312677e-06,2.1801905862865815e-08,7.708137739211582e-09,0.9631000186989477,0.9831097417346498,-11.290072607884131,standard-halo-model,scale_dependent_camb
11,0.03362193,0.06779888,3460,3479,3469.509582132565,2.3527227560881748e-06,2.2691172502896587e-06,2.3161525657703347e-06,2.5004593503234156e-08,8.84045881347498e-09,0.964464361309819,0.9844562262071862,-9.457145557997647,standard-halo-model,scale_dependent_camb
11,0.03362193,0.06779888,3480,3499,3489.5095272206304,2.3471463436513053e-06,2.2628476527669665e-06,2.309832147372492e-06,2.186053829378666e-08,7.728867433962373e-09,0.9640846037945804,0.98410231369691,-10.906991432394271,standard-halo-model,scale_dependent_camb
11,0.03362193,0.06779888,3500,3519,3509.509472934473,2.3416820642178007e-06,2.258717736219943e-06,2.3055973021332685e-06,2.17367454079312e-08,7.68510003943685e-09,0.9645706267022333,0.9845902385144732,-10.795477947211861,standard-halo-model,scale_dependent_camb
11,0.03362193,0.06779888,3520,3539,3529.509419263456,2.336327095220975e-06,2.253230128610647e-06,2.2999702258103453e-06,2.4591031321683802e-08,8.694242501966702e-09,0.9644326486730797,0.9844384506411801,-9.557700580761422,standard-halo-model,scale_dependent_camb
11,0.03362193,0.06779888,3540,3559,3549.509366197183,2.3310789482428442e-06,2.2474634335206173e-06,2.294199828531991e-06,2.0363429921820067e-08,7.199559692968008e-09,0.9641301231838347,0.9841793776488555,-11.613976171889561,standard-halo-model,scale_dependent_camb
11,0.03362193,0.06779888,3560,3579,3569.5093137254903,2.325935021856773e-06,2.244229992945963e-06,2.2908797431543636e-06,2.1940548451278755e-08,7.757155296425605e-09,0.9648721790836678,0.9849285219178543,-10.53285976477208,standard-halo-model,scale_dependent_camb
11,0.03362193,0.06779888,3580,3599,3589.50926183844,2.3208928011313245e-06,2.2485217872007046e-06,2.295201337156519e-06,2.416275021511306e-08,8.542822264611576e-09,0.9688175973076643,0.9889303530252315,-8.471557956954703,standard-halo-model,scale_dependent_camb
11,0.03362193,0.06779888,3600,3619,3609.5092105263157,2.315949956367968e-06,2.2430524530254537e-06,2.289615399145802e-06,2.17626025448779e-08,7.694241917875388e-09,0.9685237139334231,0.9886290473808571,-9.474293129925867,standard-halo-model,scale_dependent_camb
11,0.03362193,0.06779888,3620,3639,3629.5091597796145,2.3111041103244103e-06,2.233402510681182e-06,2.2798352642969234e-06,1.9312979787519988e-08,6.828169486337055e-09,0.9663790136947481,0.9864701698691117,-11.379565167312677,standard-halo-model,scale_dependent_camb
11,0.03362193,0.06779888,3640,3659,3649.509109589041,2.306352977859856e-06,2.2340835998246605e-06,2.2805354184780963e-06,1.8969864861442384e-08,6.706860040859158e-09,0.9686650834763998,0.9888058941412704,-10.775441502419884,standard-halo-model,scale_dependent_camb
11,0.03362193,0.06779888,3660,3679,3669.5090599455043,2.30169434967251e-06,2.2307678263589364e-06,2.27721642888077e-06,1.6828238077693554e-08,5.949680630079391e-09,0.9691850817100607,0.9893652600766811,-11.921063956776967,standard-halo-model,scale_dependent_camb
11,0.03362193,0.06779888,3680,3699,3689.509010840108,2.2971261696243505e-06,2.2323453176745522e-06,2.2785072504906084e-06,2.9843883299616516e-08,1.0551406129049397e-08,0.9717991755061535,0.9918946902525659,-6.139546820347302,standard-halo-model,scale_dependent_camb
11,0.03362193,0.06779888,3700,3719,3709.508962264151,2.292646177249017e-06,2.228015548545366e-06,2.274236438806954e-06,2.3363184369475545e-08,8.260133048883855e-09,0.9718095930610617,0.9919700917547803,-7.824405287561816,standard-halo-model,scale_dependent_camb
11,0.03362193,0.06779888,3720,3739,3729.508914209115,2.2882524846164327e-06,2.2174166947643434e-06,2.263294623037843e-06,3.075505401800162e-08,1.087355362594376e-08,0.9690437177154587,0.9890930473160731,-6.514502276705434,standard-halo-model,scale_dependent_camb
11,0.03362193,0.06779888,3740,3759,3749.5088666666666,2.283943102673528e-06,2.2194291489413434e-06,2.2654067420478367e-06,2.7075093428439332e-08,9.57249108225439e-09,0.9717532570506392,0.9918840532393328,-6.739515678607577,standard-halo-model,scale_dependent_camb
11,0.03362193,0.06779888,3760,3779,3769.5088196286474,2.2797160319975674e-06,2.2191272758631495e-06,2.265118643425079e-06,2.745678264017522e-08,9.707438597216487e-09,0.9734226740155317,0.9935968390941666,-6.24147714432015,standard-halo-model,scale_dependent_camb
11,0.03362193,0.06779888,3780,3799,3789.5087730870714,2.2755694262117626e-06,2.2142568358122588e-06,2.2600613908019607e-06,2.973430048173725e-08,1.0512662752237418e-08,0.9730561547833882,0.993184986917486,-5.832260754912413,standard-halo-model,scale_dependent_camb
11,0.03362193,0.06779888,3800,3819,3809.5087270341205,2.2715015846003384e-06,2.215353865219619e-06,2.2613479894243688e-06,2.1408240404933116e-08,7.568955981800022e-09,0.9752816728100154,0.9955300074431794,-7.418159058624439,standard-halo-model,scale_dependent_camb
11,0.03362193,0.06779888,3820,3839,3829.508681462141,2.2675105579175645e-06,2.211112311530989e-06,2.2570116110434427e-06,2.121478259580141e-08,7.500558317444761e-09,0.9751276807997002,0.9953698355064049,-7.519206437660073,standard-halo-model,scale_dependent_camb
11,0.03362193,0.06779888,3840,3859,3849.5086363636365,2.2635947033250313e-06,2.21446315299615e-06,2.2603278696715594e-06,2.8302730623389636e-08,1.0006526374947486e-08,0.9782948995874964,0.9985567939133834,-4.909950615019401,standard-halo-model,scale_dependent_camb
11,0.03362193,0.06779888,3860,3879,3869.5085917312663,2.2597524009063817e-06,2.202639408341704e-06,2.24839212676577e-06,2.3169978794283902e-08,8.191824562693326e-09,0.974725995404731,0.9949727792584465,-6.971950159281747,standard-halo-model,scale_dependent_camb
11,0.03362193,0.06779888,3880,3899,3889.5085475578408,2.2559819709104894e-06,2.2045312412761814e-06,2.250291636219567e-06,2.1806983692940375e-08,7.7099330232513e-09,0.9771936432570234,0.9974776683660173,-6.673304356749271,standard-halo-model,scale_dependent_camb
11,0.03362193,0.06779888,3900,3919,3909.5085038363172,2.252281706413426e-06,2.2022259582941832e-06,2.24783865493507e-06,2.6220705108452658e-08,9.27041919483981e-09,0.9777755384787311,0.9980273109417421,-5.3995129095246766,standard-halo-model,scale_dependent_camb
11,0.03362193,0.06779888,3920,3939,3929.5084605597963,2.248650285663275e-06,2.198515245858702e-06,2.2440923671485876e-06,2.3453253284503398e-08,8.29197721917901e-09,0.9777043855488695,0.9979730425207747,-6.046210509191034,standard-halo-model,scale_dependent_camb
11,0.03362193,0.06779888,3940,3959,3949.508417721519,2.24508608476163e-06,2.2036040218945994e-06,2.2493489812311078e-06,2.2309120457168434e-08,7.887465178785665e-09,0.9815231749247447,1.0018987674897688,-5.25923879557677,standard-halo-model,scale_dependent_camb
11,0.03362193,0.06779888,3960,3979,3969.5083753148615,2.2415875407316247e-06,2.2027361334982165e-06,2.2484294371963697e-06,2.3059008050371823e-08,8.152590479926552e-09,0.9826679054342319,1.0030522548597463,-4.765529107474338,standard-halo-model,scale_dependent_camb
11,0.03362193,0.06779888,3980,3999,3989.508333333333,2.238153365625297e-06,2.1899557832930455e-06,2.235497465484354e-06,1.742054416757958e-08,6.15909245642764e-09,0.9784654693139021,0.9988133520330941,-7.825435755872162,standard-halo-model,scale_dependent_camb
11,0.03362193,0.06779888,4000,4019,4009.5082917705736,2.2347821805685013e-06,2.1893797019490984e-06,2.2348925369568584e-06,1.858862307769638e-08,6.5720707155799305e-09,0.9796837119007934,1.000049381272733,-6.90839776141948,standard-halo-model,scale_dependent_camb
11,0.03362193,0.06779888,4020,4039,4029.5082506203476,2.2314725016282535e-06,2.187427811862089e-06,2.232754232767052e-06,2.464090834521806e-08,8.71187669274994e-09,0.9802620512984023,1.0005743880499818,-5.055706286892064,standard-halo-model,scale_dependent_camb
11,0.03362193,0.06779888,4040,4059,4049.5082098765433,2.228223010237839e-06,2.1828257903005724e-06,2.228113296124171e-06,2.2842659399925013e-08,8.076099681010804e-09,0.9796262673311048,0.9999507616099628,-5.621181229846436,standard-halo-model,scale_dependent_camb
11,0.03362193,0.06779888,4060,4079,4069.5081695331696,2.2250326069861325e-06,2.187186884163596e-06,2.2325844560306443e-06,2.11873597910845e-08,7.49086289185752e-09,0.9829909356367592,1.0033940397191488,-5.052251438706018,standard-halo-model,scale_dependent_camb
11,0.03362193,0.06779888,4080,4096,4088.005870123517,2.2221325625014702e-06,2.182149477912495e-06,2.2274115696580955e-06,2.4984709879462588e-08,8.833428890873261e-09,0.9820068859690504,1.0023756490704958,-4.526337969424969,standard-halo-model,scale_dependent_camb
12,0.0,0.03362193,20,39,30.608333333333334,0.0010534230772452616,0.0009884341559750736,0.0011194843156089643,0.00012718840767784054,4.4967892778660094e-05,0.9383069132678048,1.0627110225612821,-1.4452294126850658,standard-halo-model,scale_dependent_camb
12,0.0,0.03362193,40,59,50.165,0.0005611099240864378,0.0004759861996732974,0.0005386274691358843,6.738363502420903e-05,2.3823712633308774e-05,0.8482940315986511,0.9599321737408977,-3.573067125319749,standard-halo-model,scale_dependent_camb
12,0.0,0.03362193,60,79,69.975,0.0004184283025485827,0.00032723157939106864,0.00037054976017588596,4.322215242885335e-05,1.5281338539960403e-05,0.7820493436938927,0.885575277577841,-5.967849146135753,standard-halo-model,scale_dependent_camb
12,0.0,0.03362193,80,99,89.86944444444444,0.00034604124504307253,0.00026386746151296184,0.0002985005412730453,3.963380648166078e-05,1.4012666663708838e-05,0.7625318232805389,0.8626154990162813,-5.864250217478672,standard-halo-model,scale_dependent_camb
12,0.0,0.03362193,100,119,109.80227272727272,0.000299541031212896,0.0002285647485555036,0.000258495350941237,3.622051225456234e-05,1.2805884916625737e-05,0.7630498821146587,0.862971426300238,-5.542473879742951,standard-halo-model,scale_dependent_camb
12,0.0,0.03362193,120,139,129.75576923076923,0.00026558794758348793,0.00020661570268788482,0.00023378306915730908,3.1604285531815156e-05,1.1173802307051193e-05,0.7779558694881472,0.880247282621208,-5.27772402581249,standard-halo-model,scale_dependent_camb
12,0.0,0.03362193,140,159,149.72166666666666,0.0002385130875118116,0.00018838883290418437,0.00021316826765877523,2.647591740379011e-05,9.36065036717746e-06,0.7898469424444267,0.8937382425533306,-5.354783336784465,standard-halo-model,scale_dependent_camb
12,0.0,0.03362193,160,179,169.6955882352941,0.00021570133871816297,0.00017294199229210482,0.00019542315316345362,2.8688819418378315e-05,1.0143029377485805e-05,0.8017659664044652,0.9059895238702946,-4.215638625770903,standard-halo-model,scale_dependent_camb
12,0.0,0.03362193,180,199,189.675,0.00019587030549515842,0.00015656476517598948,0.00017717027598117478,2.2449147218783264e-05,7.936972115128385e-06,0.7993287434774512,0.90452851203397,-4.952208442845607,standard-halo-model,scale_dependent_camb
12,0.0,0.03362193,200,219,209.65833333333333,0.00017833894261691795,0.0001429111206579882,0.00016214544779229105,1.540958642422859e-05,5.448111527926099e-06,0.8013455645801899,0.9091982121963601,-6.502771056967671,standard-halo-model,scale_dependent_camb
12,0.0,0.03362193,220,239,229.64456521739132,0.00016270847655820036,0.00013271808095869668,0.00015048351902217694,1.5523403235742154e-05,5.4883518475432354e-06,0.8156801892937876,0.9248658840976205,-5.464371897535752,standard-halo-model,scale_dependent_camb
12,0.0,0.03362193,240,259,249.633,0.0001487176637008075,0.00012036761926998441,0.00013655356891130785,1.375258446186411e-05,4.862272865912429e-06,0.8093700255548786,0.9182067920729876,-5.830615683783324,standard-halo-model,scale_dependent_camb
12,0.0,0.03362193,260,279,269.6231481481482,0.00013617488264228717,0.00011148966321294592,0.00012653200981407517,1.149989281780025e-05,4.0658260971925156e-06,0.818724136563525,0.9291875811375399,-6.071390866025131,standard-halo-model,scale_dependent_camb
12,0.0,0.03362193,280,299,289.6146551724138,0.0001249257579647431,0.00010245844647213449,0.000116364718925105,9.999053358080158e-06,3.5351992174722997e-06,0.8201546914051993,0.9314709858149972,-6.35531694552505,standard-halo-model,scale_dependent_camb
12,0.0,0.03362193,300,319,309.60725806451615,0.00011483769794515645,9.341863991464256e-05,0.00010619326206988277,7.68907375920906e-06,2.7184980980901323e-06,0.8134840874227287,0.9247247547630044,-7.879004236038179,standard-halo-model,scale_dependent_camb
12,0.0,0.03362193,320,339,329.6007575757576,0.00010579262227526748,8.596942430418493e-05,9.759972048610407e-05,8.44504966175072e-06,2.9857759416405464e-06,0.8126221134825119,0.922556964626079,-6.639211500977738,standard-halo-model,scale_dependent_camb
12,0.0,0.03362193,340,359,349.595,9.76834988602085e-05,7.926496572839152e-05,9.010266485620802e-05,6.616832329920706e-06,2.3394035052306567e-06,0.811446832405388,0.9223939140954691,-7.873174974148371,standard-halo-model,scale_dependent_camb
12,0.0,0.03362193,360,379,369.58986486486486,9.043738711741914e-05,7.288409077121952e-05,8.285859738855857e-05,6.306662595195922e-06,2.229741943859293e-06,0.805906639878822,0.9161984885850288,-7.872344328697485,standard-halo-model,scale_dependent_camb
12,0.0,0.03362193,380,399,389.5852564102564,8.391187018882595e-05,6.764831042056318e-05,7.688490963049741e-05,5.755658683327984e-06,2.0349326425882265e-06,0.8061828471744813,0.9162578483530894,-7.992185799121674,standard-halo-model,scale_dependent_camb
12,0.0,0.03362193,400,419,409.5810975609756,7.80561150951202e-05,6.349146099232631e-05,7.222284025929552e-05,4.633913763041428e-06,1.638335922640133e-06,0.8134079042360075,0.9252681890622384,-8.88990707065945,standard-halo-model,scale_dependent_camb
12,0.0,0.03362193,420,439,429.57732558139537,7.279694380996533e-05,5.926652378608273e-05,6.744531389483904e-05,4.271593068759416e-06,1.5102362126946185e-06,0.814134779350031,0.9264855138823328,-8.959141563518157,standard-halo-model,scale_dependent_camb
12,0.0,0.03362193,440,459,449.5738888888889,6.80685449718573e-05,5.482663390314951e-05,6.236924820849415e-05,4.197894302097538e-06,1.4841797638587693e-06,0.8054621106682592,0.9162712121183212,-8.922039897835353,standard-halo-model,scale_dependent_camb
12,0.0,0.03362193,460,479,469.5707446808511,6.381197564560825e-05,5.1506751861345994e-05,5.860255728130318e-05,3.645708814328273e-06,1.2889527124215446e-06,0.8071643502686452,0.9183629982993075,-9.546683649196515,standard-halo-model,scale_dependent_camb
12,0.0,0.03362193,480,499,489.5678571428571,5.997464476456434e-05,4.875413418547883e-05,5.5464618500287454e-05,3.5949072932889265e-06,1.2709916624107883e-06,0.8129124295253003,0.9248011175058829,-8.828154354531879,standard-halo-model,scale_dependent_camb
12,0.0,0.03362193,500,519,509.56519607843137,5.6509786611596054e-05,4.571675604838254e-05,5.201290089939558e-05,3.3055611627846427e-06,1.168692356915955e-06,0.809005993291103,0.9204228863381039,-9.235134036210425,standard-halo-model,scale_dependent_camb
12,0.0,0.03362193,520,539,529.5627358490566,5.337592800871758e-05,4.34088704609371e-05,4.94103222221981e-05,2.779226694404427e-06,9.826050210340213e-07,0.8132668054754454,0.9257042278333446,-10.143503579181674,standard-halo-model,scale_dependent_camb
12,0.0,0.03362193,540,559,549.5604545454545,5.0536366334923116e-05,4.0792796697454846e-05,4.641362846365075e-05,2.8603648133128647e-06,1.0112916780804597e-06,0.8071968694208436,0.918420373875924,-9.63477683902493,standard-halo-model,scale_dependent_camb
12,0.0,0.03362193,560,579,569.5583333333333,4.795868646369999e-05,3.8838845788149644e-05,4.420178924448448e-05,2.57675462871638e-06,9.110203357095883e-07,0.8098396484971879,0.9216638841420498,-10.010578598607193,standard-halo-model,scale_dependent_camb
12,0.0,0.03362193,580,599,589.5563559322034,4.561428693959202e-05,3.687170029417897e-05,4.1957101279659245e-05,2.533890178420059e-06,8.958654639714072e-07,0.80833665870978,0.9198236801382851,-9.758816470786606,standard-halo-model,scale_dependent_camb
12,0.0,0.03362193,600,619,609.5545081967213,4.347795137726562e-05,3.551157485094319e-05,4.040320994591355e-05,2.3668059898902905e-06,8.367922826021818e-07,0.8167720356187711,0.9292804436742658,-9.520136229685702,standard-halo-model,scale_dependent_camb
12,0.0,0.03362193,620,639,629.5527777777778,4.1527455824328516e-05,3.398862811837429e-05,3.869883119939516e-05,1.963146089749257e-06,6.940769562607771e-07,0.8184616043456805,0.9318854341354514,-10.861659702071645,standard-halo-model,scale_dependent_camb
12,0.0,0.03362193,640,659,649.5511538461539,3.974321807713939e-05,3.250188034011016e-05,3.699508491470669e-05,2.0575156764154285e-06,7.274416435954878e-07,0.8177968949828323,0.9308527770172328,-9.95452735045226,standard-halo-model,scale_dependent_camb
12,0.0,0.03362193,660,679,669.5496268656716,3.810797436068704e-05,3.0984792694540345e-05,3.527101332758652e-05,1.9438302167532446e-06,6.872477638707679e-07,0.8130789740035326,0.9255546619652607,-10.364794242511588,standard-halo-model,scale_dependent_camb
12,0.0,0.03362193,680,699,689.5481884057971,3.660648647721706e-05,2.998625110877147e-05,3.4136102417802984e-05,1.8536669271720592e-06,6.553702271322966e-07,0.8191513033471307,0.9325151278598787,-10.101519865212298,standard-halo-model,scale_dependent_camb
12,0.0,0.03362193,700,719,709.5468309859154,3.5225307218226894e-05,2.8616929297628543e-05,3.2602594421798564e-05,1.4196854326215975e-06,5.019345982792445e-07,0.8123968691129277,0.9255446437931636,-13.165814716207052,standard-halo-model,scale_dependent_camb
12,0.0,0.03362193,720,739,729.5455479452055,3.39525417245834e-05,2.7569336150577527e-05,3.139519544737161e-05,1.5571771741654248e-06,5.505452696806387e-07,0.8119962379905095,0.9246787973060604,-11.594333700675795,standard-halo-model,scale_dependent_camb
12,0.0,0.03362193,740,759,749.5443333333334,3.2777660596361536e-05,2.6675074856469918e-05,3.0381781214058466e-05,1.4692520894967346e-06,5.194590578778226e-07,0.8138187525021529,0.9269051134610558,-11.74796289975745,standard-halo-model,scale_dependent_camb
12,0.0,0.03362193,760,779,769.5431818181818,3.1691330161377376e-05,2.5920515118505094e-05,2.952748464109476e-05,1.334910087643776e-06,4.719619876236212e-07,0.8179055592338234,0.9317212149422581,-12.22728777783344,standard-halo-model,scale_dependent_camb
12,0.0,0.03362193,780,799,789.5420886075949,3.068525532919833e-05,2.521521006041753e-05,2.8730423537691024e-05,1.2873480277163984e-06,4.551462600726964e-07,0.8217370130997145,0.9362941005204151,-12.018214250309601,standard-halo-model,scale_dependent_camb
12,0.0,0.03362193,800,819,809.5410493827161,2.975205910935162e-05,2.442187392170388e-05,2.7837788287568977e-05,1.0623311407746697e-06,3.755907767537049e-07,0.8208465112260964,0.9356592155606147,-14.19146985907758,standard-halo-model,scale_dependent_camb
12,0.0,0.03362193,820,839,829.5400602409638,2.8885164971587544e-05,2.3848446412336655e-05,2.715891044430845e-05,1.3115373658788166e-06,4.636984825962266e-07,0.8256295726818531,0.9402373318976334,-10.862055297335743,standard-halo-model,scale_dependent_camb
12,0.0,0.03362193,840,859,849.5391176470588,2.8078699851669707e-05,2.3148468439016258e-05,2.638082889997891e-05,1.0719866527067477e-06,3.7900451573520486e-07,0.8244138283218883,0.9395317104901553,-13.008371161725162,standard-halo-model,scale_dependent_camb
12,0.0,0.03362193,860,879,869.5382183908046,2.7327407440106577e-05,2.249487580611663e-05,2.5642101374701056e-05,1.0268643037028346e-06,3.6305135625333835e-07,0.8231617234609102,0.9383290907086886,-13.310876135710652,standard-halo-model,scale_dependent_camb
12,0.0,0.03362193,880,899,889.5373595505617,2.6626575803692553e-05,2.1963646319709564e-05,2.5020521085752585e-05,1.1436625434582433e-06,4.043457699341892e-07,0.8248768629372036,0.9396822659518524,-11.532034784837547,standard-halo-model,scale_dependent_camb
12,0.0,0.03362193,900,919,909.5365384615385,2.5971973723529934e-05,2.1544050166046433e-05,2.4536322383757056e-05,1.18118832374672e-06,4.1761313678983836e-07,0.8295114724580244,0.94472305589651,-10.60293167863594,standard-halo-model,scale_dependent_camb
12,0.0,0.03362193,920,939,929.535752688172,2.5359793199651996e-05,2.0994933508416444e-05,2.39212878585325e-05,1.037986916432658e-06,3.6698379369622335e-07,0.8278826780300618,0.9432761407084645,-11.8938758773872,standard-halo-model,scale_dependent_camb
12,0.0,0.03362193,940,959,949.535,2.478659980187802e-05,2.0768545620959602e-05,2.3655992977126295e-05,1.0653238647672163e-06,3.7664886446837956e-07,0.8378940954775903,0.9543863686916,-10.667904671874407,standard-halo-model,scale_dependent_camb
12,0.0,0.03362193,960,979,969.5342783505155,2.424929264909922e-05,2.022518966358346e-05,2.304433220269991e-05,9.604666048947873e-07,3.3957622471216226e-07,0.8340527683117701,0.9503094599980396,-11.85036728919035,standard-halo-model,scale_dependent_camb
12,0.0,0.03362193,980,999,989.5335858585859,2.37450651054795e-05,1.9874463242539546e-05,2.2642100109638726e-05,1.0031159369325777e-06,3.546550406606614e-07,0.8369934196538901,0.9535497169226017,-10.913708869694021,standard-halo-model,scale_dependent_camb
12,0.0,0.03362193,1000,1019,1009.5329207920792,2.3271373476888072e-05,1.953271827676832e-05,2.226256658773147e-05,8.653405596971529e-07,3.059440888988096e-07,0.8393453139397727,0.9566503072902638,-12.220060252108041,standard-halo-model,scale_dependent_camb
12,0.0,0.03362193,1020,1039,1029.532281553398,2.282591032573228e-05,1.9214043842098337e-05,2.1896537985969997e-05,8.544175264743688e-07,3.020822134673313e-07,0.841764624845556,0.9592843252908702,-11.956567856731988,standard-halo-model,scale_dependent_camb
12,0.0,0.03362193,1040,1059,1049.5316666666668,2.2406572271849824e-05,1.8881360998915962e-05,2.1516707747015045e-05,8.652478968695337e-07,3.059113276419229e-07,0.8426706579585709,0.9602855575570233,-11.523637585137784,standard-halo-model,scale_dependent_camb
12,0.0,0.03362193,1060,1079,1069.5310747663552,2.201144921266984e-05,1.8680660935148873e-05,2.128348211561088e-05,9.049581606096752e-07,3.1995102602860305e-07,0.8486792829795252,0.9669277978916564,-10.410306598683011,standard-halo-model,scale_dependent_camb
12,0.0,0.03362193,1080,1099,1089.530504587156,2.163879471112815e-05,1.831548049151251e-05,2.0875541653591573e-05,7.893328870518553e-07,2.79071318523961e-07,0.8464187001179615,0.9647275614133878,-11.908476432451089,standard-halo-model,scale_dependent_camb
12,0.0,0.03362193,1100,1119,1109.529954954955,2.1287013814698403e-05,1.80976661468272e-05,2.062686700007037e-05,7.953152442635697e-07,2.8118640119990275e-07,0.8501740217940291,0.9689882845769465,-11.342467680731875,standard-halo-model,scale_dependent_camb
12,0.0,0.03362193,1120,1139,1129.529424778761,2.0954648164855704e-05,1.788332096496279e-05,2.0383644916540464e-05,7.757687974271092e-07,2.74275688646821e-07,0.8534297891460654,0.9727505208475462,-11.197956388500028,standard-halo-model,scale_dependent_camb
12,0.0,0.03362193,1140,1159,1149.5289130434783,2.0640361048640697e-05,1.7696634169228444e-05,2.017381798103963e-05,7.256762109342321e-07,2.565652848486775e-07,0.857380068474814,0.9773965645997365,-11.473597767322525,standard-halo-model,scale_dependent_camb
12,0.0,0.03362193,1160,1179,1169.5284188034188,2.0342925933401302e-05,1.747619760839283e-05,1.9919003211208697e-05,7.426044462375019e-07,2.625503198369093e-07,0.859079842575568,0.9791611726071047,-10.918776738833232,standard-halo-model,scale_dependent_camb
12,0.0,0.03362193,1180,1199,1189.5279411764707,2.0061216429696027e-05,1.7290586431871192e-05,1.9705364897414363e-05,7.741088462136797e-07,2.7368880726709355e-07,0.8618912264102014,0.9822617171033104,-10.123285732766451,standard-halo-model,scale_dependent_camb
12,0.0,0.03362193,1200,1219,1209.527479338843,1.9794195798519343e-05,1.7152688691206285e-05,1.9546607032882083e-05,7.987391146699328e-07,2.8239692219102445e-07,0.8665514308234412,0.9874918502293597,-9.353880654287861,standard-halo-model,scale_dependent_camb
12,0.0,0.03362193,1220,1239,1229.5270325203253,1.954090844876956e-05,1.6933629967580192e-05,1.929976541156e-05,7.410866341701555e-07,2.620136922342155e-07,0.8665733229330215,0.9876595789882662,-9.950924545037548,standard-halo-model,scale_dependent_camb
12,0.0,0.03362193,1240,1259,1249.5266,1.930047629463934e-05,1.6746196026478583e-05,1.9084046085661297e-05,7.460964836725977e-07,2.63784941512166e-07,0.8676571381365235,0.9887862762724589,-9.683192124304606,standard-halo-model,scale_dependent_camb
12,0.0,0.03362193,1260,1279,1269.5261811023622,1.9072084179202904e-05,1.662774918298917e-05,1.8957344100875044e-05,6.595921263068946e-07,2.3320103266442943e-07,0.8718370277077976,0.9939838731179166,-10.481664546190379,standard-halo-model,scale_dependent_camb
12,0.0,0.03362193,1280,1299,1289.5257751937984,1.885498347732676e-05,1.6610381270417004e-05,1.8937889996217046e-05,6.488457439183955e-07,2.2940161273436377e-07,0.8809544325716909,1.004397061338716,-9.784596455775139,standard-halo-model,scale_dependent_camb
12,0.0,0.03362193,1300,1319,1309.5253816793893,1.8648476631652415e-05,1.6367003147180678e-05,1.8657246974128063e-05,6.601000168275229e-07,2.3338059908004778e-07,0.8776589890136469,1.0004702980650313,-9.775763253093755,standard-halo-model,scale_dependent_camb
12,0.0,0.03362193,1320,1339,1329.525,1.845192169804221e-05,1.6256334001487886e-05,1.8535080986991356e-05,6.128853776304586e-07,2.1668770330628759e-07,0.8810103504402319,1.0045068091177718,-10.132497890066539,standard-halo-model,scale_dependent_camb
12,0.0,0.03362193,1340,1359,1349.5246296296295,1.8264721476997245e-05,1.6095001737132554e-05,1.8351062945926914e-05,6.155137078918339e-07,2.1761695838179575e-07,0.8812070721912044,1.0047272261467775,-9.970361482849373,standard-halo-model,scale_dependent_camb
12,0.0,0.03362193,1360,1379,1369.5242700729927,1.8086321682464506e-05,1.5998272895524847e-05,1.8240816830126055e-05,6.097957568167478e-07,2.1559535739195263e-07,0.8845509427732829,1.0085420988509421,-9.685035949747206,standard-halo-model,scale_dependent_camb
12,0.0,0.03362193,1380,1399,1389.5239208633093,1.7916207449829954e-05,1.5856531244302118e-05,1.8078762098664654e-05,6.166134071105677e-07,2.1800576076921188e-07,0.885038381515984,1.0090730501580703,-9.447806325211184,standard-halo-model,scale_dependent_camb
12,0.0,0.03362193,1400,1419,1409.5235815602837,1.7753900374520516e-05,1.578060222800442e-05,1.798592447244916e-05,6.676949284095668e-07,2.3606580582113552e-07,0.8888526968784801,1.0130689084107756,-8.35910198705883,standard-halo-model,scale_dependent_camb
12,0.0,0.03362193,1420,1439,1429.5232517482518,1.7598954724346435e-05,1.564709723453666e-05,1.7843653971554625e-05,5.491724552419179e-07,1.9416178357121294e-07,0.8890924193861599,1.0139041920978222,-10.052737742254463,standard-halo-model,scale_dependent_camb
12,0.0,0.03362193,1440,1459,1449.5229310344828,1.7450955663771108e-05,1.5615287679818015e-05,1.7805041866045224e-05,5.778244373809156e-07,2.042917890036735e-07,0.8948098878181203,1.0202903616911487,-8.985520137180275,standard-halo-model,scale_dependent_camb
12,0.0,0.03362193,1460,1479,1469.522619047619,1.730951605964494e-05,1.5515031886873905e-05,1.7689395214353224e-05,5.923858252149434e-07,2.0944001704413765e-07,0.8963296162303082,1.0219462608543937,-8.568010058903232,standard-halo-model,scale_dependent_camb
12,0.0,0.03362193,1480,1499,1489.5223154362416,1.717427472634658e-05,1.540783772120379e-05,1.7566530130990753e-05,5.954658149586664e-07,2.1052895786102346e-07,0.897146340483715,1.0228397071139443,-8.390470475367422,standard-halo-model,scale_dependent_camb
12,0.0,0.03362193,1500,1519,1509.5220198675497,1.7044893969609712e-05,1.538982068787015e-05,1.7553602994336486e-05,5.016136885503996e-07,1.7734722035499218e-07,0.9028991741051319,1.0298452443079893,-9.332389187869056,standard-halo-model,scale_dependent_camb
12,0.0,0.03362193,1520,1539,1529.5217320261438,1.69210581113828e-05,1.5260370307349197e-05,1.7402626533519456e-05,5.384616258353788e-07,1.9037493351846487e-07,0.9018567400985131,1.0284597109097275,-8.723248241463107,standard-halo-model,scale_dependent_camb
12,0.0,0.03362193,1540,1559,1549.5214516129033,1.6802472674777448e-05,1.5200906175187066e-05,1.7336838723062e-05,5.194288782304565e-07,1.836458410704386e-07,0.9046826898284722,1.03180282203861,-8.720951643963938,standard-halo-model,scale_dependent_camb
12,0.0,0.03362193,1560,1579,1569.521178343949,1.668886122064735e-05,1.5116154191725035e-05,1.723868204090326e-05,5.352981457563943e-07,1.8925647441046566e-07,0.9057630710610396,1.032945376738808,-8.309924581556864,standard-halo-model,scale_dependent_camb
12,0.0,0.03362193,1580,1599,1589.5209119496856,1.657996397806132e-05,1.5057086011799947e-05,1.717011922277389e-05,5.343304250829045e-07,1.889143334852061e-07,0.9081495009110724,1.0355944829249004,-8.061209216719545,standard-halo-model,scale_dependent_camb
12,0.0,0.03362193,1600,1619,1609.520652173913,1.6475539981156713e-05,1.5068883562081507e-05,1.7179334281865595e-05,5.862002393194484e-07,2.072530821779795e-07,0.9146215286003362,1.0427175255872536,-6.787143545914718,standard-halo-model,scale_dependent_camb
12,0.0,0.03362193,1620,1639,1629.520398773006,1.637535869994638e-05,1.4977156028239862e-05,1.7073278777612578e-05,6.105364646860955e-07,2.158572371705996e-07,0.9146154476780348,1.0426201398365997,-6.477441711168898,standard-halo-model,scale_dependent_camb
12,0.0,0.03362193,1640,1659,1649.5201515151516,1.6279209054539397e-05,1.4885865488682195e-05,1.6979193381313636e-05,4.94713143640941e-07,1.7490750930531193e-07,0.9144096275691801,1.0429986693105984,-7.9661735015906885,standard-halo-model,scale_dependent_camb
12,0.0,0.03362193,1660,1679,1669.5199101796406,1.6186888156660654e-05,1.4856719080890049e-05,1.6941579972248276e-05,5.2872388012384e-07,1.8693212050541522e-07,0.9178242869848173,1.046623650468424,-7.115786586993067,standard-halo-model,scale_dependent_camb
12,0.0,0.03362193,1680,1699,1689.519674556213,1.6098207161911985e-05,1.4780526510742103e-05,1.6857625048949385e-05,4.92089378339522e-07,1.7397986818687426e-07,0.9181473664789527,1.047174065993769,-7.573753589435656,standard-halo-model,scale_dependent_camb
12,0.0,0.03362193,1700,1719,1709.5194444444444,1.601298917170082e-05,1.4757064047128015e-05,1.6831471430423215e-05,4.920854097508855e-07,1.7397846507890598e-07,0.921568352347833,1.0511136459249513,-7.2188539196687005,standard-halo-model,scale_dependent_camb
12,0.0,0.03362193,1720,1739,1729.519219653179,1.5931065755163955e-05,1.4692224680422067e-05,1.6758558224246946e-05,4.6941303826617044e-07,1.659625712676947e-07,0.9222374012020931,1.0519420660111685,-7.464581111747539,standard-halo-model,scale_dependent_camb
12,0.0,0.03362193,1740,1759,1749.519,1.5852278646880238e-05,1.4641290131906846e-05,1.6697034041697358e-05,5.169790706557552e-07,1.8277970329610187e-07,0.9236079214888316,1.0532892093076707,-6.625399281951995,standard-halo-model,scale_dependent_camb
12,0.0,0.03362193,1760,1779,1769.5187853107345,1.5776481234027538e-05,1.4545896003375557e-05,1.6589759616181977e-05,4.867289940803044e-07,1.720846861571451e-07,0.9219987516609349,1.0515500490946181,-7.15104439640974,standard-halo-model,scale_dependent_camb
12,0.0,0.03362193,1780,1799,1789.5185754189945,1.5703531114544006e-05,1.4596165018318096e-05,1.6644521738194747e-05,5.242294192341142e-07,1.8534308861896382e-07,0.9294829877338664,1.0599222312986174,-5.974682436108963,standard-halo-model,scale_dependent_camb
12,0.0,0.03362193,1800,1819,1809.5183701657459,1.5633296022091707e-05,1.4529552568005718e-05,1.65713673660237e-05,4.853060543461332e-07,1.7158160098951896e-07,0.9293979047971542,1.060004706787768,-6.432761133598535,standard-halo-model,scale_dependent_camb
12,0.0,0.03362193,1820,1839,1829.518169398907,1.556565250807243e-05,1.4506297112273137e-05,1.6545843970463115e-05,4.6545397220575763e-07,1.64562830038453e-07,0.9319427569612063,1.062971434180633,-6.4373916974553484,standard-halo-model,scale_dependent_camb
12,0.0,0.03362193,1840,1859,1849.517972972973,1.5500479961799418e-05,1.448319419960637e-05,1.6517944204349274e-05,4.858166466501936e-07,1.7176212262983035e-07,0.9343706927333781,1.0656408217718014,-5.9226431684558944,standard-halo-model,scale_dependent_camb
12,0.0,0.03362193,1860,1879,1869.5177807486632,1.543766893090174e-05,1.4390511378419864e-05,1.641211664033236e-05,4.852081038340576e-07,1.7154697025386426e-07,0.9321686740939384,1.0631214280985166,-6.104203128345766,standard-halo-model,scale_dependent_camb
12,0.0,0.03362193,1880,1899,1889.5175925925926,1.537711250850894e-05,1.4402994473084955e-05,1.6427407118296164e-05,4.794790015955369e-07,1.6952142673237977e-07,0.936651433428418,1.068302459854283,-5.74628266290967,standard-halo-model,scale_dependent_camb
12,0.0,0.03362193,1900,1919,1909.5174083769634,1.531871022878993e-05,1.4376850627818352e-05,1.639902528906215e-05,4.6208999255973404e-07,1.633734836287146e-07,0.9385157374932618,1.0705225860491756,-5.765070194084023,standard-halo-model,scale_dependent_camb
12,0.0,0.03362193,1920,1939,1929.5172279792746,1.526236906210676e-05,1.4387405054361634e-05,1.640834867728601e-05,4.908970749823427e-07,1.7355832529232778e-07,0.942671809062888,1.0750853036324797,-5.041325481053165,standard-halo-model,scale_dependent_camb
12,0.0,0.03362193,1940,1959,1949.5170512820512,1.5207996916929879e-05,1.4253800722771939e-05,1.6255038565567694e-05,4.928422187391097e-07,1.742460374627241e-07,0.9372569445292491,1.0688480971134486,-5.476142861280665,standard-halo-model,scale_dependent_camb
12,0.0,0.03362193,1960,1979,1969.5168781725888,1.5155510799554248e-05,1.4220699495716584e-05,1.6222037956154917e-05,4.3945670401375163e-07,1.5537140772300661e-07,0.9383187200879327,1.0703722342787705,-6.016623763261699,standard-halo-model,scale_dependent_camb
12,0.0,0.03362193,1980,1999,1989.5167085427136,1.5104828867213485e-05,1.4212480793137196e-05,1.621005493760166e-05,4.6639560629252986e-07,1.6489574796252952e-07,0.9409229934399841,1.073170380154864,-5.411589353286801,standard-halo-model,scale_dependent_camb
12,0.0,0.03362193,2000,2019,2009.5165422885573,1.5055874689123905e-05,1.4188977865980156e-05,1.6183461983052193e-05,4.6903975156801836e-07,1.6583059448989967e-07,0.9424213577063059,1.0748935094912047,-5.227604868753876,standard-halo-model,scale_dependent_camb
12,0.0,0.03362193,2020,2039,2029.5163793103447,1.5008576311528093e-05,1.4174553826427203e-05,1.6167490671369993e-05,4.5984142299732194e-07,1.6257849423593897e-07,0.9444302732125047,1.0772168082959166,-5.129968074932038,standard-halo-model,scale_dependent_camb
12,0.0,0.03362193,2040,2059,2049.516219512195,1.496286298821624e-05,1.4128962478603493e-05,1.611610573279442e-05,4.4964086451596393e-07,1.5897205219890986e-07,0.9442686529797492,1.0770736686880311,-5.24557932088182,standard-halo-model,scale_dependent_camb
12,0.0,0.03362193,2060,2079,2069.5160628019325,1.4918671187785796e-05,1.4115295201072621e-05,1.6094966711776864e-05,5.136608155061065e-07,1.8160652293709e-07,0.9461496284353452,1.078847204900804,-4.42371768216426,standard-halo-model,scale_dependent_camb
12,0.0,0.03362193,2080,2099,2089.515909090909,1.4875936895853215e-05,1.4088118717434969e-05,1.606764506852952e-05,4.73328649053974e-07,1.6734694873796625e-07,0.9470407689993726,1.0801097894552445,-4.707693712729838,standard-halo-model,scale_dependent_camb
12,0.0,0.03362193,2100,2119,2109.5157582938386,1.4834602360919645e-05,1.405912982232825e-05,1.6032464345471455e-05,4.95518833841409e-07,1.7519236380745517e-07,0.9477254246710176,1.0807478323589896,-4.426406047261719,standard-halo-model,scale_dependent_camb
12,0.0,0.03362193,2120,2139,2129.5156103286386,1.479460901358366e-05,1.405048702729292e-05,1.6022108158787126e-05,5.011440745641713e-07,1.7718118673789115e-07,0.9497031664975043,1.0829693535041338,-4.19977989757761,standard-halo-model,scale_dependent_camb
12,0.0,0.03362193,2140,2159,2149.515465116279,1.4755905774193381e-05,1.4041196875884776e-05,1.6013005570029305e-05,4.780569333355079e-07,1.6901864967739145e-07,0.9515645525767343,1.0851929942541696,-4.228580098544046,standard-halo-model,scale_dependent_camb
12,0.0,0.03362193,2160,2179,2169.5153225806453,1.4718439107137692e-05,1.3997625184021152e-05,1.596543656781568e-05,4.5238565171164086e-07,1.5994248101839844e-07,0.9510264697316319,1.0847234853914136,-4.50670715201438,standard-halo-model,scale_dependent_camb
12,0.0,0.03362193,2180,2199,2189.5151826484016,1.4682161968161886e-05,1.3980622765813883e-05,1.5943330915790812e-05,4.844238222937362e-07,1.7126968485610395e-07,0.9522182629595504,1.0858980407901615,-4.096108444044935,standard-halo-model,scale_dependent_camb
12,0.0,0.03362193,2200,2219,2209.515045248869,1.4647026937466882e-05,1.3953899572292875e-05,1.5911629345360843e-05,5.009864218295043e-07,1.7712544807901333e-07,0.9526779483554443,1.0863385049602883,-3.9132003486298146,standard-halo-model,scale_dependent_camb
12,0.0,0.03362193,2220,2239,2229.5149103139015,1.4612990338278504e-05,1.3949393364365517e-05,1.5913538213271532e-05,4.169488733486572e-07,1.4741368787646321e-07,0.9545885572664271,1.0889994343995604,-4.501596720577947,standard-halo-model,scale_dependent_camb
12,0.0,0.03362193,2240,2259,2249.514777777778,1.4580009584791393e-05,1.3948982393003276e-05,1.590837653653432e-05,4.712787771915128e-07,1.6662220959071137e-07,0.956719699797293,1.0911087845325262,-3.787173350648537,standard-halo-model,scale_dependent_camb
12,0.0,0.03362193,2260,2279,2269.5146475770925,1.4548044494251596e-05,1.3922539142764851e-05,1.5875753071302982e-05,5.042201385119563e-07,1.7826873957631227e-07,0.9570041628801794,1.0912637143484134,-3.5087775510915193,standard-halo-model,scale_dependent_camb
12,0.0,0.03362193,2280,2299,2289.514519650655,1.4517056998852432e-05,1.3904364007808343e-05,1.5853659412068225e-05,5.19662614881025e-07,1.8372847945575302e-07,0.9577949586412368,1.0920711693369705,-3.33477418884122,standard-halo-model,scale_dependent_camb
12,0.0,0.03362193,2300,2319,2309.514393939394,1.4487009246430387e-05,1.3876686165622284e-05,1.5827752048841353e-05,4.4664466014569326e-07,1.579127339848903e-07,0.9578710090933029,1.0925479358509642,-3.86493897867984,standard-halo-model,scale_dependent_camb
12,0.0,0.03362193,2320,2339,2329.514270386266,1.4457868348424492e-05,1.388697748923512e-05,1.5840460910703122e-05,4.3664807772875363e-07,1.5437840837703618e-07,0.9605134833551321,1.0956290740072545,-3.69799679366491,standard-halo-model,scale_dependent_camb
12,0.0,0.03362193,2340,2359,2349.5141489361704,1.4429597416450706e-05,1.3862247456002999e-05,1.5810813197982286e-05,4.5483980906451195e-07,1.6081015667155544e-07,0.9606815114744026,1.0957210199057184,-3.528072928916323,standard-halo-model,scale_dependent_camb
12,0.0,0.03362193,2360,2379,2369.514029535865,1.4402169015665284e-05,1.3843859195926789e-05,1.579005498899009e-05,4.510086569288154e-07,1.5945563984410127e-07,0.9612343238625224,1.0963664550676497,-3.5013488408710485,standard-halo-model,scale_dependent_camb
12,0.0,0.03362193,2380,2399,2389.513912133891,1.4375546836293673e-05,1.3813733878365919e-05,1.5758553090072908e-05,4.190454677368448e-07,1.481549459311058e-07,0.9609188461263014,1.0962054709659868,-3.7920634670475684,standard-halo-model,scale_dependent_camb
12,0.0,0.03362193,2400,2419,2409.5137966804978,1.4349708321033806e-05,1.3801062260974646e-05,1.57422433633111e-05,4.3529444127710645e-07,1.5389982561992567e-07,0.9617660479373679,1.097042741993307,-3.5649556966627642,standard-halo-model,scale_dependent_camb
12,0.0,0.03362193,2420,2439,2429.513683127572,1.432461754614437e-05,1.3798404954344692e-05,1.573370472404061e-05,4.973306558790573e-07,1.7583293963201734e-07,0.9632651559383996,1.0983682233300192,-2.9926849480019766,standard-halo-model,scale_dependent_camb
12,0.0,0.03362193,2440,2459,2449.5135714285716,1.4300256808451554e-05,1.3775751642642129e-05,1.5709420670581528e-05,4.864543628955138e-07,1.7198758937059971e-07,0.9633219757634395,1.0985411577571913,-3.04966868672843,standard-halo-model,scale_dependent_camb
12,0.0,0.03362193,2460,2479,2469.5134615384613,1.4276590579058988e-05,1.3812971569742553e-05,1.5756144490607687e-05,4.3004521502583617e-07,1.5204394388079784e-07,0.9675259294753137,1.1036349612574112,-3.049243511335847,standard-halo-model,scale_dependent_camb
12,0.0,0.03362193,2480,2499,2489.513353413655,1.4253603425190885e-05,1.3743122520475582e-05,1.5673142566549085e-05,4.7258922721667577e-07,1.6708552364031075e-07,0.9641858350139648,1.0995915979288016,-3.055207259093422,standard-halo-model,scale_dependent_camb
12,0.0,0.03362193,2500,2519,2509.513247011952,1.4231264794527947e-05,1.3676204954518593e-05,1.559739870986917e-05,4.6128982352129474e-07,1.6309058115212664e-07,0.9609971532380749,1.0959952565752633,-3.403383788862757,standard-halo-model,scale_dependent_camb
12,0.0,0.03362193,2520,2539,2529.51314229249,1.420955633655054e-05,1.3699687556433251e-05,1.562487096748525e-05,4.5032012270004313e-07,1.5921220623297931e-07,0.9641178958694313,1.0996030134518813,-3.202447803349859,standard-halo-model,scale_dependent_camb
12,0.0,0.03362193,2540,2559,2549.513039215686,1.4188454726131397e-05,1.3718754596838065e-05,1.5648538824262105e-05,4.312820381203447e-07,1.5248122687942542e-07,0.9668956106665888,1.1029064916732347,-3.080380050094607,standard-halo-model,scale_dependent_camb
12,0.0,0.03362193,2560,2579,2569.512937743191,1.4167938309705516e-05,1.3699388095495177e-05,1.56262124820479e-05,4.336293705628437e-07,1.5331113422332053e-07,0.9669288358003814,1.102927761292087,-3.056204734144263,standard-halo-model,scale_dependent_camb
12,0.0,0.03362193,2580,2599,2589.5128378378377,1.4147990564787896e-05,1.3717269195197484e-05,1.5647995586188253e-05,4.1789295717808494e-07,1.4774747191536169e-07,0.9695560038990689,1.1060224782121095,-2.9152537367079585,standard-halo-model,scale_dependent_camb
12,0.0,0.03362193,2600,2619,2609.5127394636015,1.412858735273646e-05,1.3697637567469867e-05,1.5624399170640638e-05,4.2955556552005896e-07,1.5187082663782799e-07,0.9694980273322849,1.1058712934675996,-2.837607424724799,standard-halo-model,scale_dependent_camb
12,0.0,0.03362193,2620,2639,2629.5126425855515,1.4109715823696318e-05,1.3689979224260747e-05,1.5615237676673822e-05,4.354704769151538e-07,1.5396206361662257e-07,0.9702519452070997,1.1067010754709234,-2.7262339148736525,standard-halo-model,scale_dependent_camb
12,0.0,0.03362193,2640,2659,2649.512547169811,1.4091353136940001e-05,1.3652907315937387e-05,1.55743746958213e-05,4.158008711202443e-07,1.4700780779619922e-07,0.9688854706328207,1.1052433747468586,-2.9824662211849513,standard-halo-model,scale_dependent_camb
12,0.0,0.03362193,2660,2679,2669.5124531835204,1.4073486526606948e-05,1.3620380921864496e-05,1.5536062797148288e-05,4.3441742100565327e-07,1.5358975212933438e-07,0.9678043103330634,1.1039242314103357,-2.9501031055828655,standard-halo-model,scale_dependent_camb
12,0.0,0.03362193,2680,2699,2689.5123605947956,1.4056097458218486e-05,1.3638613977578454e-05,1.5557619303551977e-05,4.2530836570591783e-07,1.5036921474301126e-07,0.9702987630897555,1.106823522659596,-2.7763893118251186,standard-halo-model,scale_dependent_camb
12,0.0,0.03362193,2700,2719,2709.512269372694,1.4039170567467142e-05,1.3674187707474184e-05,1.5593841908093437e-05,4.781183259099397e-07,1.6904035523023904e-07,0.9740025339645969,1.1107381189761254,-2.1591463144752505,standard-halo-model,scale_dependent_camb
12,0.0,0.03362193,2720,2739,2729.5121794871793,1.4022692485013809e-05,1.3672644414797315e-05,1.559483921996842e-05,4.4274454501935997e-07,1.5653383505827105e-07,0.9750370286882785,1.1121144699304204,-2.2362454103688503,standard-halo-model,scale_dependent_camb
12,0.0,0.03362193,2740,2759,2749.512090909091,1.4006645722484615e-05,1.3662667903070824e-05,1.5587981117950807e-05,3.925584336958448e-07,1.3879036523915077e-07,0.9754418133913668,1.112898935747886,-2.4783984019429566,standard-halo-model,scale_dependent_camb
12,0.0,0.03362193,2760,2779,2769.5120036101084,1.3991020016872891e-05,1.364926261155809e-05,1.5569237326158528e-05,4.2616096874139726e-07,1.5067065543703515e-07,0.9755730886738316,1.112802162199921,-2.268241312971658,standard-halo-model,scale_dependent_camb
12,0.0,0.03362193,2780,2799,2789.511917562724,1.397579902490827e-05,1.3646241062871217e-05,1.556430868230697e-05,4.435418344715415e-07,1.5681571944737406e-07,0.9764193831458436,1.1136614553892477,-2.1015620321638107,standard-halo-model,scale_dependent_camb
12,0.0,0.03362193,2800,2819,2809.5118327402133,1.3960971143306243e-05,1.3619244826937538e-05,1.553403417792972e-05,4.414144386983506e-07,1.5606357145862863e-07,0.975522740297866,1.112675760051098,-2.1896610027234575,standard-halo-model,scale_dependent_camb
12,0.0,0.03362193,2820,2839,2829.511749116608,1.3946525252370481e-05,1.3593136230916867e-05,1.5505353365248515e-05,4.241386060905968e-07,1.4995564226483543e-07,0.9746611421082432,1.1117717915158172,-2.3566237062924005,standard-halo-model,scale_dependent_camb
12,0.0,0.03362193,2840,2859,2849.5116666666668,1.3932446051803266e-05,1.3579884941559042e-05,1.5488293207600436e-05,4.5091678612562627e-07,1.594231586101372e-07,0.9746949595976657,1.1116707827191477,-2.211479896132264,standard-halo-model,scale_dependent_camb
12,0.0,0.03362193,2860,2879,2869.5115853658535,1.3918726153358316e-05,1.3575822129078734e-05,1.5485417094483773e-05,4.3280306226445163e-07,1.5301899012274865e-07,0.9753638357058382,1.1125599371568529,-2.240924632978634,standard-halo-model,scale_dependent_camb
12,0.0,0.03362193,2880,2899,2889.5115051903113,1.3905352084440089e-05,1.3571515604264307e-05,1.5477444828183885e-05,4.629214107795691e-07,1.6366743435933831e-07,0.9759922310381957,1.1130566658217125,-2.039724527255865,standard-halo-model,scale_dependent_camb
12,0.0,0.03362193,2900,2919,2909.5114261168383,1.3892312258242055e-05,1.3568815806081426e-05,1.5475358514763148e-05,4.527821605612514e-07,1.600826680665785e-07,0.976713995039328,1.1139512434715035,-2.0208087238156667,standard-halo-model,scale_dependent_camb
12,0.0,0.03362193,2920,2939,2929.511348122867,1.387960087950893e-05,1.3556136902524441e-05,1.5459385357775254e-05,4.686449629088812e-07,1.6569101562089397e-07,0.9766950087547521,1.1138205984437657,-1.9522119275590955,standard-halo-model,scale_dependent_camb
12,0.0,0.03362193,2940,2959,2949.511271186441,1.3867202398119823e-05,1.353733908042405e-05,1.5439759691429693e-05,4.48161591011256e-07,1.584490500357056e-07,0.9762126989838631,1.113401192840676,-2.0818257832498164,standard-halo-model,scale_dependent_camb
12,0.0,0.03362193,2960,2979,2969.5111952861953,1.3855110526245618e-05,1.3567523085207265e-05,1.5474062325509867e-05,4.480660763597335e-07,1.5841528050680847e-07,0.9792432228892307,1.1168487105315748,-1.8154021513473428,standard-halo-model,scale_dependent_camb
12,0.0,0.03362193,2980,2999,2989.511120401338,1.3843318221829305e-05,1.3541976955176892e-05,1.544651110353969e-05,4.343356334717368e-07,1.5356083586940993e-07,0.9782320060968307,1.1158098698607055,-1.9623575565105513,standard-halo-model,scale_dependent_camb
12,0.0,0.03362193,3000,3019,3009.5110465116277,1.383180953138636e-05,1.351809882784461e-05,1.541864345782608e-05,4.371746311040851e-07,1.5456457310821295e-07,0.9773196194735118,1.1147235235446937,-2.0296417040023558,standard-halo-model,scale_dependent_camb
12,0.0,0.03362193,3020,3039,3029.5109735973597,1.3820583764623817e-05,1.352326809788594e-05,1.542354258920485e-05,4.4805748679862903e-07,1.5841224363835628e-07,0.9784874740603282,1.1159834383178577,-1.8768477733111795,standard-halo-model,scale_dependent_camb
12,0.0,0.03362193,3040,3059,3049.5109016393444,1.3809629926995283e-05,1.3538130869994967e-05,1.5441482374923937e-05,4.357524986576859e-07,1.540617733599158e-07,0.9803398745342491,1.1181677174953604,-1.7622739961979135,standard-halo-model,scale_dependent_camb
12,0.0,0.03362193,3060,3079,3069.5108306188927,1.3798934982741546e-05,1.3506446051639507e-05,1.5403063096539242e-05,4.5983281559930774e-07,1.6257545106118686e-07,0.9788035140778721,1.1162501392900244,-1.7990965375944636,standard-halo-model,scale_dependent_camb
12,0.0,0.03362193,3080,3099,3089.5107605177996,1.3788501222116535e-05,1.3491866300015732e-05,1.5389030646379353e-05,4.3062315191727635e-07,1.5224827542831546e-07,0.9784867900200056,1.1160771137109227,-1.9483631014294835,standard-halo-model,scale_dependent_camb
12,0.0,0.03362193,3100,3119,3109.510691318328,1.3778313882662096e-05,1.3521215938491387e-05,1.542441939415556e-05,4.082857384187198e-07,1.4435080714881681e-07,0.9813403914034629,1.1194707513206559,-1.7810634332349589,standard-halo-model,scale_dependent_camb
12,0.0,0.03362193,3120,3139,3129.5106230031947,1.3768363969857899e-05,1.3519606266162218e-05,1.5421926017020473e-05,4.189237779452755e-07,1.4811192209269588e-07,0.9819326606821065,1.1200986588372155,-1.6795251873106898,standard-halo-model,scale_dependent_camb
12,0.0,0.03362193,3140,3159,3149.5105555555556,1.3758655155370413e-05,1.3519082987045367e-05,1.5421062457056213e-05,4.2371610427600086e-07,1.4980626531575323e-07,0.9825875301314217,1.1208262931887578,-1.5992132760274664,standard-halo-model,scale_dependent_camb
12,0.0,0.03362193,3160,3179,3169.5104889589907,1.3749169845307482e-05,1.3454161843144755e-05,1.534597807425742e-05,4.405835193864067e-07,1.5576979711858144e-07,0.9785435771408837,1.1161385194099496,-1.8938716466206182,standard-halo-model,scale_dependent_camb
12,0.0,0.03362193,3180,3199,3189.510423197492,1.3739903536034679e-05,1.3500690488729737e-05,1.539474897080694e-05,4.852579353187163e-07,1.7156458834422366e-07,0.9825899034387269,1.1204408335496834,-1.3943031578579004,standard-halo-model,scale_dependent_camb
12,0.0,0.03362193,3200,3219,3209.5103582554516,1.373085906465657e-05,1.3484894593664792e-05,1.5381122863713307e-05,4.3207124350298054e-07,1.5276025311833076e-07,0.982086738358207,1.1201864931601069,-1.6101339580869227,standard-halo-model,scale_dependent_camb
12,0.0,0.03362193,3220,3239,3229.510294117647,1.37220181048632e-05,1.3478129108273342e-05,1.537390861764067e-05,4.3148153775333444e-07,1.5255176065109104e-07,0.9822264484184421,1.1203824758248955,-1.5987294774504066,standard-halo-model,scale_dependent_camb
12,0.0,0.03362193,3240,3259,3249.510230769231,1.3713379060293624e-05,1.3446361958124875e-05,1.5337453668032234e-05,4.2931291376255385e-07,1.5178503628622864e-07,0.9805287157166185,1.1184299362394958,-1.7591793545789423,standard-halo-model,scale_dependent_camb
12,0.0,0.03362193,3260,3279,3269.5101681957185,1.3704944447237144e-05,1.3466227909692249e-05,1.5361527330679642e-05,4.1155333714396165e-07,1.4550607775722434e-07,0.9825817216214241,1.1208748338835082,-1.640594958123957,standard-halo-model,scale_dependent_camb
12,0.0,0.03362193,3280,3299,3289.510106382979,1.369669616730019e-05,1.3500671049502084e-05,1.5399423865854985e-05,4.258914138699367e-07,1.5057535339827933e-07,0.9856881458562176,1.1243166729959249,-1.301840662326779,standard-halo-model,scale_dependent_camb
12,0.0,0.03362193,3300,3319,3309.5100453172204,1.3688633376450275e-05,1.3487139530130774e-05,1.5384813184587823e-05,4.1625844861380023e-07,1.4716958587050507e-07,0.985280207250919,1.12391155212438,-1.3691269505697694,standard-halo-model,scale_dependent_camb
12,0.0,0.03362193,3320,3339,3329.509984984985,1.3680759313753054e-05,1.3474108269465855e-05,1.5367570814350828e-05,4.442831086859098e-07,1.5707779945922337e-07,0.9848947679329862,1.1232980905454604,-1.3155967615961208,standard-halo-model,scale_dependent_camb
12,0.0,0.03362193,3340,3359,3349.509925373134,1.3673056752970712e-05,1.3479905177083156e-05,1.537558074981245e-05,4.289443127345984e-07,1.5165471614301883e-07,0.9858735629217957,1.1245167066590165,-1.2736272290101647,standard-halo-model,scale_dependent_camb
12,0.0,0.03362193,3360,3379,3369.5098664688426,1.3665524308787112e-05,1.3479766274647517e-05,1.537268695482681e-05,4.655315907191671e-07,1.6459027232704172e-07,0.986406812505529,1.12492478206211,-1.1286088267142074,standard-halo-model,scale_dependent_camb
12,0.0,0.03362193,3380,3399,3389.509808259587,1.365816607864534e-05,1.3468268351015197e-05,1.536191506364876e-05,4.353336167417501e-07,1.539136762382785e-07,0.9860963963582893,1.124742148777005,-1.2337937230227445,standard-halo-model,scale_dependent_camb
12,0.0,0.03362193,3400,3419,3409.509750733138,1.3650966625861547e-05,1.3427775494970032e-05,1.5316958168421647e-05,4.1747355446403754e-07,1.475991906637862e-07,0.9836501592151956,1.1220420200430279,-1.5121433246874558,standard-halo-model,scale_dependent_camb
12,0.0,0.03362193,3420,3439,3429.509693877551,1.3643922979263449e-05,1.344311754111203e-05,1.5334531774996656e-05,4.1760753277227635e-07,1.4764655914892998e-07,0.9852824265823978,1.1239092890147986,-1.3600414348218461,standard-halo-model,scale_dependent_camb
12,0.0,0.03362193,3440,3459,3449.5096376811593,1.3637040039250956e-05,1.3453851362294592e-05,1.534627720986578e-05,4.2513111007501467e-07,1.5030654541370372e-07,0.986566830013764,1.1253378420606812,-1.2187671298821714,standard-halo-model,scale_dependent_camb
12,0.0,0.03362193,3460,3479,3469.509582132565,1.3630304856538449e-05,1.3429706929649238e-05,1.5314720631310422e-05,4.662821264458621e-07,1.6485562677797615e-07,0.9852829464197213,1.1235787308134901,-1.2168097068313686,standard-halo-model,scale_dependent_camb
12,0.0,0.03362193,3480,3499,3489.5095272206304,1.3623712494339156e-05,1.3460635868291367e-05,1.5354693595746944e-05,4.130067224183839e-07,1.4601992704883469e-07,0.9880299421970664,1.1270564908153364,-1.1168107623643007,standard-halo-model,scale_dependent_camb
12,0.0,0.03362193,3500,3519,3509.509472934473,1.3617267988292824e-05,1.3462124364285482e-05,1.535420077462566e-05,4.403988726522994e-07,1.5570451463967583e-07,0.988606846531865,1.1275536904925518,-0.9963977240246867,standard-halo-model,scale_dependent_camb
12,0.0,0.03362193,3520,3539,3529.509419263456,1.3610961512406963e-05,1.3446244639361738e-05,1.533775435300439e-05,4.221393723047403e-07,1.4924880638125726e-07,0.9878982191746646,1.126867807173166,-1.1036394664655087,standard-halo-model,scale_dependent_camb
12,0.0,0.03362193,3540,3559,3549.509366197183,1.3604786580428845e-05,1.3403949468552942e-05,1.5288259410842765e-05,4.3384074383720776e-07,1.5338586596115272e-07,0.985237760938873,1.1237412156715254,-1.309358659726625,standard-halo-model,scale_dependent_camb
12,0.0,0.03362193,3560,3579,3569.5093137254903,1.3598746961275508e-05,1.3432122553764272e-05,1.5322000312624814e-05,4.192947896676087e-07,1.4824309454507662e-07,0.9877470764044861,1.126721480755288,-1.1239943959788947,standard-halo-model,scale_dependent_camb
12,0.0,0.03362193,3580,3599,3589.50926183844,1.3592836736469105e-05,1.343380983356684e-05,1.5321341147508234e-05,4.475836538860048e-07,1.5824471840552328e-07,0.9883006832212146,1.1271628906129367,-1.0049428790080441,standard-halo-model,scale_dependent_camb
12,0.0,0.03362193,3600,3619,3609.5092105263157,1.3587048272438412e-05,1.3422643900310544e-05,1.5309564315803012e-05,4.3364428164271513e-07,1.5331640608616648e-07,0.9878999199214324,1.1267763246899445,-1.0723208058729854,standard-halo-model,scale_dependent_camb
12,0.0,0.03362193,3620,3639,3629.5091597796145,1.3581383311300607e-05,1.3417000678294791e-05,1.5301938516551307e-05,4.5042599447145416e-07,1.592496375567298e-07,0.987896473485949,1.1266848277390922,-1.032232383871253,standard-halo-model,scale_dependent_camb
12,0.0,0.03362193,3640,3659,3649.509109589041,1.3575839696719534e-05,1.3430597975491652e-05,1.5321196364576734e-05,4.027985356402555e-07,1.4241078800161795e-07,0.9893014557867107,1.1285634411460344,-1.0198786430858888,standard-halo-model,scale_dependent_camb
12,0.0,0.03362193,3660,3679,3669.5090599455043,1.3570408995849487e-05,1.3415398671138453e-05,1.5300867654482058e-05,4.416991151352291e-07,1.5616421977810902e-07,0.9885773284535164,1.1275170600356874,-0.9926110150666112,standard-halo-model,scale_dependent_camb
12,0.0,0.03362193,3680,3699,3689.509010840108,1.356509176588153e-05,1.3422383456547334e-05,1.531121530303899e-05,4.156186388098647e-07,1.4694337894498886e-07,0.9894797387443311,1.1287218374408092,-0.9711789014163174,standard-halo-model,scale_dependent_camb
12,0.0,0.03362193,3700,3719,3709.508962264151,1.3559887143668257e-05,1.339786517588717e-05,1.5284439788470078e-05,3.9734657646904033e-07,1.4048322935125872e-07,0.9880513778570242,1.12718045707387,-1.1533189301619335,standard-halo-model,scale_dependent_camb
12,0.0,0.03362193,3720,3739,3729.508914209115,1.3554788483685659e-05,1.3406844536597178e-05,1.5291782742661736e-05,4.3072546243859254e-07,1.5228444766002017e-07,0.9890854846413469,1.1281461721860653,-0.9714974139629144,standard-halo-model,scale_dependent_camb
12,0.0,0.03362193,3740,3759,3749.5088666666666,1.3549793701305448e-05,1.340764748537655e-05,1.529402652226555e-05,4.1808946476065673e-07,1.478169478374572e-07,0.9895093446393061,1.1287276293211796,-0.9616367947551214,standard-halo-model,scale_dependent_camb
12,0.0,0.03362193,3760,3779,3769.5088196286474,1.3544903623891895e-05,1.3379163820465936e-05,1.5262446502554382e-05,4.036235260626945e-07,1.4270246616267824e-07,0.9877636779095563,1.126803624917117,-1.1614361537173334,standard-halo-model,scale_dependent_camb
12,0.0,0.03362193,3780,3799,3789.5087730870714,1.3540112908263552e-05,1.3406313866941714e-05,1.5294267136071875e-05,3.938622547563529e-07,1.3925133559582032e-07,0.9901183215953702,1.129552407700955,-0.9608456590333307,standard-halo-model,scale_dependent_camb
12,0.0,0.03362193,3800,3819,3809.5087270341205,1.3535417888496529e-05,1.3404601650905233e-05,1.5288455137062085e-05,4.4108534112673686e-07,1.559472178963486e-07,0.9903352642179984,1.1295148227418548,-0.8388494476268493,standard-halo-model,scale_dependent_camb
12,0.0,0.03362193,3820,3839,3829.508681462141,1.353081952288281e-05,1.3352778317496221e-05,1.522849379275258e-05,4.490315703287212e-07,1.5875663417314142e-07,0.9868418017781191,1.1254672170446682,-1.1214725375974848,standard-halo-model,scale_dependent_camb
12,0.0,0.03362193,3840,3859,3849.5086363636365,1.352631487204066e-05,1.3405757917248269e-05,1.52929367697957e-05,4.029567257739743e-07,1.4246671665975264e-07,0.991087228418615,1.1306062970193536,-0.8462113651451075,standard-halo-model,scale_dependent_camb
12,0.0,0.03362193,3860,3879,3869.5085917312663,1.3521898712654148e-05,1.3388400317957441e-05,1.5269511303720855e-05,4.4619459451469157e-07,1.5775361175506014e-07,0.9901272448837547,1.1292431357610484,-0.8462462013483815,standard-halo-model,scale_dependent_camb
12,0.0,0.03362193,3880,3899,3889.5085475578408,1.3517571630476072e-05,1.3363451966367012e-05,1.5242810491162544e-05,4.2524250704529403e-07,1.503459301902478e-07,0.9885985687132155,1.1276293485138138,-1.0251003396901848,standard-halo-model,scale_dependent_camb
12,0.0,0.03362193,3900,3919,3909.5085038363172,1.351333243694156e-05,1.338385887254697e-05,1.5264250229908437e-05,4.463944831906795e-07,1.5782428307419688e-07,0.9904188278502905,1.129569652869663,-0.8203652940639191,standard-halo-model,scale_dependent_camb
12,0.0,0.03362193,3920,3939,3929.5084605597963,1.3509176354968835e-05,1.3363456293032134e-05,1.5239768407361992e-05,4.630365081440228e-07,1.6370812742278928e-07,0.9892132534132546,1.1281049271191597,-0.8901211212340597,standard-halo-model,scale_dependent_camb
12,0.0,0.03362193,3940,3959,3949.508417721519,1.3505101353994645e-05,1.337826558038595e-05,1.5260386742345495e-05,4.2110560610653296e-07,1.4888331483680034e-07,0.9906083064255435,1.1299720262989108,-0.8519139552187373,standard-halo-model,scale_dependent_camb
12,0.0,0.03362193,3960,3979,3969.5083753148615,1.3501108980385444e-05,1.3407659954463257e-05,1.5292250387196225e-05,4.3507966704682436e-07,1.5382389146259737e-07,0.9930784185167344,1.132666243151801,-0.6075065780331609,standard-halo-model,scale_dependent_camb
12,0.0,0.03362193,3980,3999,3989.508333333333,1.3497195252261797e-05,1.3353585073689774e-05,1.523138134400819e-05,4.289475619568583e-07,1.5165586491656562e-07,0.9893599984376045,1.1284849229291387,-0.9469477402079467,standard-halo-model,scale_dependent_camb
12,0.0,0.03362193,4000,4019,4009.5082917705736,1.3493355978347663e-05,1.3399641872871255e-05,1.528458064780647e-05,4.2173335016197e-07,1.4910525587602486e-07,0.9930547963288905,1.1327486410595797,-0.628509739149147,standard-halo-model,scale_dependent_camb
12,0.0,0.03362193,4020,4039,4029.5082506203476,1.348959244874832e-05,1.3388503848664811e-05,1.5273392643065347e-05,4.013839061569558e-07,1.419106409513641e-07,0.9925061783395177,1.1322352918440128,-0.7123398175486655,standard-halo-model,scale_dependent_camb
12,0.0,0.03362193,4040,4059,4049.5082098765433,1.3485904213841623e-05,1.3378098184751212e-05,1.526010762347928e-05,4.2035111005785916e-07,1.4861656020060247e-07,0.9920060214442454,1.1315598406680552,-0.7253971491797007,standard-halo-model,scale_dependent_camb
12,0.0,0.03362193,4060,4079,4069.5081695331696,1.3482286064483705e-05,1.3376703412326345e-05,1.5258428823770105e-05,4.197439098439972e-07,1.4840188250622263e-07,0.9921687871290986,1.1317389907610165,-0.7114643721108629,standard-halo-model,scale_dependent_camb
12,0.0,0.03362193,4080,4096,4088.005870123517,1.3478999381783845e-05,1.3354895780238292e-05,1.5232996770705601e-05,4.3048528354919623e-07,1.5219953159932517e-07,0.9907928179213902,1.1301281600540907,-0.8154006798934397,standard-halo-model,scale_dependent_camb
