zbin,magnitude_lower,magnitude_upper,colour_lower,colour_upper,count,n_magnitude_bin,mean_measured,mean_expected,sigma_mean
0,-23.4,-23.3,0.2,0.24000000000000002,0,1,1.065977717783938,1.0284478911646737,0.04561916132598204
0,-23.4,-23.3,0.24000000000000002,0.28,0,1,1.065977717783938,1.0284478911646737,0.04561916132598204
0,-23.4,-23.3,0.28,0.32,0,1,1.065977717783938,1.0284478911646737,0.04561916132598204
0,-23.4,-23.3,0.32,0.36,0,1,1.065977717783938,1.0284478911646737,0.04561916132598204
0,-23.4,-23.3,0.36,0.4,0,1,1.065977717783938,1.0284478911646737,0.04561916132598204
0,-23.4,-23.3,0.4,0.44,0,1,1.065977717783938,1.0284478911646737,0.04561916132598204
0,-23.4,-23.3,0.44,0.48000000000000004,0,1,1.065977717783938,1.0284478911646737,0.04561916132598204
0,-23.4,-23.3,0.48000000000000004,0.52,0,1,1.065977717783938,1.0284478911646737,0.04561916132598204
0,-23.4,-23.3,0.52,0.56,0,1,1.065977717783938,1.0284478911646737,0.04561916132598204
0,-23.4,-23.3,0.56,0.6000000000000001,0,1,1.065977717783938,1.0284478911646737,0.04561916132598204
0,-23.4,-23.3,0.6000000000000001,0.64,0,1,1.065977717783938,1.0284478911646737,0.04561916132598204
0,-23.4,-23.3,0.64,0.6799999999999999,0,1,1.065977717783938,1.0284478911646737,0.04561916132598204
0,-23.4,-23.3,0.6799999999999999,0.72,0,1,1.065977717783938,1.0284478911646737,0.04561916132598204
0,-23.4,-23.3,0.72,0.76,0,1,1.065977717783938,1.0284478911646737,0.04561916132598204
0,-23.4,-23.3,0.76,0.8,0,1,1.065977717783938,1.0284478911646737,0.04561916132598204
0,-23.4,-23.3,0.8,0.8400000000000001,0,1,1.065977717783938,1.0284478911646737,0.04561916132598204
0,-23.4,-23.3,0.8400000000000001,0.8800000000000001,0,1,1.065977717783938,1.0284478911646737,0.04561916132598204
0,-23.4,-23.3,0.8800000000000001,0.9199999999999999,0,1,1.065977717783938,1.0284478911646737,0.04561916132598204
0,-23.4,-23.3,0.9199999999999999,0.96,0,1,1.065977717783938,1.0284478911646737,0.04561916132598204
0,-23.4,-23.3,0.96,1.0,0,1,1.065977717783938,1.0284478911646737,0.04561916132598204
0,-23.4,-23.3,1.0,1.04,0,1,1.065977717783938,1.0284478911646737,0.04561916132598204
0,-23.4,-23.3,1.04,1.08,1,1,1.065977717783938,1.0284478911646737,0.04561916132598204
0,-23.4,-23.3,1.08,1.12,0,1,1.065977717783938,1.0284478911646737,0.04561916132598204
0,-23.4,-23.3,1.12,1.16,0,1,1.065977717783938,1.0284478911646737,0.04561916132598204
0,-23.4,-23.3,1.16,1.2,0,1,1.065977717783938,1.0284478911646737,0.04561916132598204
0,-23.4,-23.3,1.2,1.24,0,1,1.065977717783938,1.0284478911646737,0.04561916132598204
0,-23.4,-23.3,1.24,1.28,0,1,1.065977717783938,1.0284478911646737,0.04561916132598204
0,-23.4,-23.3,1.28,1.32,0,1,1.065977717783938,1.0284478911646737,0.04561916132598204
0,-23.4,-23.3,1.32,1.3599999999999999,0,1,1.065977717783938,1.0284478911646737,0.04561916132598204
0,-23.4,-23.3,1.3599999999999999,1.4,0,1,1.065977717783938,1.0284478911646737,0.04561916132598204
0,-23.3,-23.2,0.2,0.24000000000000002,0,1,0.991648558175842,1.0146234034397372,0.052963907147647676
0,-23.3,-23.2,0.24000000000000002,0.28,0,1,0.991648558175842,1.0146234034397372,0.052963907147647676
0,-23.3,-23.2,0.28,0.32,0,1,0.991648558175842,1.0146234034397372,0.052963907147647676
0,-23.3,-23.2,0.32,0.36,0,1,0.991648558175842,1.0146234034397372,0.052963907147647676
0,-23.3,-23.2,0.36,0.4,0,1,0.991648558175842,1.0146234034397372,0.052963907147647676
0,-23.3,-23.2,0.4,0.44,0,1,0.991648558175842,1.0146234034397372,0.052963907147647676
0,-23.3,-23.2,0.44,0.48000000000000004,0,1,0.991648558175842,1.0146234034397372,0.052963907147647676
0,-23.3,-23.2,0.48000000000000004,0.52,0,1,0.991648558175842,1.0146234034397372,0.052963907147647676
0,-23.3,-23.2,0.52,0.56,0,1,0.991648558175842,1.0146234034397372,0.052963907147647676
0,-23.3,-23.2,0.56,0.6000000000000001,0,1,0.991648558175842,1.0146234034397372,0.052963907147647676
0,-23.3,-23.2,0.6000000000000001,0.64,0,1,0.991648558175842,1.0146234034397372,0.052963907147647676
0,-23.3,-23.2,0.64,0.6799999999999999,0,1,0.991648558175842,1.0146234034397372,0.052963907147647676
0,-23.3,-23.2,0.6799999999999999,0.72,0,1,0.991648558175842,1.0146234034397372,0.052963907147647676
0,-23.3,-23.2,0.72,0.76,0,1,0.991648558175842,1.0146234034397372,0.052963907147647676
0,-23.3,-23.2,0.76,0.8,0,1,0.991648558175842,1.0146234034397372,0.052963907147647676
0,-23.3,-23.2,0.8,0.8400000000000001,0,1,0.991648558175842,1.0146234034397372,0.052963907147647676
0,-23.3,-23.2,0.8400000000000001,0.8800000000000001,0,1,0.991648558175842,1.0146234034397372,0.052963907147647676
0,-23.3,-23.2,0.8800000000000001,0.9199999999999999,0,1,0.991648558175842,1.0146234034397372,0.052963907147647676
0,-23.3,-23.2,0.9199999999999999,0.96,0,1,0.991648558175842,1.0146234034397372,0.052963907147647676
0,-23.3,-23.2,0.96,1.0,1,1,0.991648558175842,1.0146234034397372,0.052963907147647676
0,-23.3,-23.2,1.0,1.04,0,1,0.991648558175842,1.0146234034397372,0.052963907147647676
0,-23.3,-23.2,1.04,1.08,0,1,0.991648558175842,1.0146234034397372,0.052963907147647676
0,-23.3,-23.2,1.08,1.12,0,1,0.991648558175842,1.0146234034397372,0.052963907147647676
0,-23.3,-23.2,1.12,1.16,0,1,0.991648558175842,1.0146234034397372,0.052963907147647676
0,-23.3,-23.2,1.16,1.2,0,1,0.991648558175842,1.0146234034397372,0.052963907147647676
0,-23.3,-23.2,1.2,1.24,0,1,0.991648558175842,1.0146234034397372,0.052963907147647676
0,-23.3,-23.2,1.24,1.28,0,1,0.991648558175842,1.0146234034397372,0.052963907147647676
0,-23.3,-23.2,1.28,1.32,0,1,0.991648558175842,1.0146234034397372,0.052963907147647676
0,-23.3,-23.2,1.32,1.3599999999999999,0,1,0.991648558175842,1.0146234034397372,0.052963907147647676
0,-23.3,-23.2,1.3599999999999999,1.4,0,1,0.991648558175842,1.0146234034397372,0.052963907147647676
0,-23.2,-23.1,0.2,0.24000000000000002,0,5,1.0202730398866795,1.012226912677244,0.024332897773825978
0,-23.2,-23.1,0.24000000000000002,0.28,0,5,1.0202730398866795,1.012226912677244,0.024332897773825978
0,-23.2,-23.1,0.28,0.32,0,5,1.0202730398866795,1.012226912677244,0.024332897773825978
0,-23.2,-23.1,0.32,0.36,0,5,1.0202730398866795,1.012226912677244,0.024332897773825978
0,-23.2,-23.1,0.36,0.4,0,5,1.0202730398866795,1.012226912677244,0.024332897773825978
0,-23.2,-23.1,0.4,0.44,0,5,1.0202730398866795,1.012226912677244,0.024332897773825978
0,-23.2,-23.1,0.44,0.48000000000000004,0,5,1.0202730398866795,1.012226912677244,0.024332897773825978
0,-23.2,-23.1,0.48000000000000004,0.52,0,5,1.0202730398866795,1.012226912677244,0.024332897773825978
0,-23.2,-23.1,0.52,0.56,0,5,1.0202730398866795,1.012226912677244,0.024332897773825978
0,-23.2,-23.1,0.56,0.6000000000000001,0,5,1.0202730398866795,1.012226912677244,0.024332897773825978
0,-23.2,-23.1,0.6000000000000001,0.64,0,5,1.0202730398866795,1.012226912677244,0.024332897773825978
0,-23.2,-23.1,0.64,0.6799999999999999,0,5,1.0202730398866795,1.012226912677244,0.024332897773825978
0,-23.2,-23.1,0.6799999999999999,0.72,0,5,1.0202730398866795,1.012226912677244,0.024332897773825978
0,-23.2,-23.1,0.72,0.76,0,5,1.0202730398866795,1.012226912677244,0.024332897773825978
0,-23.2,-23.1,0.76,0.8,0,5,1.0202730398866795,1.012226912677244,0.024332897773825978
0,-23.2,-23.1,0.8,0.8400000000000001,0,5,1.0202730398866795,1.012226912677244,0.024332897773825978
0,-23.2,-23.1,0.8400000000000001,0.8800000000000001,0,5,1.0202730398866795,1.012226912677244,0.024332897773825978
0,-23.2,-23.1,0.8800000000000001,0.9199999999999999,0,5,1.0202730398866795,1.012226912677244,0.024332897773825978
0,-23.2,-23.1,0.9199999999999999,0.96,0,5,1.0202730398866795,1.012226912677244,0.024332897773825978
0,-23.2,-23.1,0.96,1.0,1,5,1.0202730398866795,1.012226912677244,0.024332897773825978
0,-23.2,-23.1,1.0,1.04,3,5,1.0202730398866795,1.012226912677244,0.024332897773825978
0,-23.2,-23.1,1.04,1.08,1,5,1.0202730398866795,1.012226912677244,0.024332897773825978
0,-23.2,-23.1,1.08,1.12,0,5,1.0202730398866795,1.012226912677244,0.024332897773825978
0,-23.2,-23.1,1.12,1.16,0,5,1.0202730398866795,1.012226912677244,0.024332897773825978
0,-23.2,-23.1,1.16,1.2,0,5,1.0202730398866795,1.012226912677244,0.024332897773825978
0,-23.2,-23.1,1.2,1.24,0,5,1.0202730398866795,1.012226912677244,0.024332897773825978
0,-23.2,-23.1,1.24,1.28,0,5,1.0202730398866795,1.012226912677244,0.024332897773825978
0,-23.2,-23.1,1.28,1.32,0,5,1.0202730398866795,1.012226912677244,0.024332897773825978
0,-23.2,-23.1,1.32,1.3599999999999999,0,5,1.0202730398866795,1.012226912677244,0.024332897773825978
0,-23.2,-23.1,1.3599999999999999,1.4,0,5,1.0202730398866795,1.012226912677244,0.024332897773825978
0,-23.1,-23.0,0.2,0.24000000000000002,0,6,1.0127411537460438,1.0089036151737687,0.02305489569208502
0,-23.1,-23.0,0.24000000000000002,0.28,0,6,1.0127411537460438,1.0089036151737687,0.02305489569208502
0,-23.1,-23.0,0.28,0.32,0,6,1.0127411537460438,1.0089036151737687,0.02305489569208502
0,-23.1,-23.0,0.32,0.36,0,6,1.0127411537460438,1.0089036151737687,0.02305489569208502
0,-23.1,-23.0,0.36,0.4,0,6,1.0127411537460438,1.0089036151737687,0.02305489569208502
0,-23.1,-23.0,0.4,0.44,0,6,1.0127411537460438,1.0089036151737687,0.02305489569208502
0,-23.1,-23.0,0.44,0.48000000000000004,0,6,1.0127411537460438,1.0089036151737687,0.02305489569208502
0,-23.1,-23.0,0.48000000000000004,0.52,0,6,1.0127411537460438,1.0089036151737687,0.02305489569208502
0,-23.1,-23.0,0.52,0.56,0,6,1.0127411537460438,1.0089036151737687,0.02305489569208502
0,-23.1,-23.0,0.56,0.6000000000000001,0,6,1.0127411537460438,1.0089036151737687,0.02305489569208502
0,-23.1,-23.0,0.6000000000000001,0.64,0,6,1.0127411537460438,1.0089036151737687,0.02305489569208502
0,-23.1,-23.0,0.64,0.6799999999999999,0,6,1.0127411537460438,1.0089036151737687,0.02305489569208502
0,-23.1,-23.0,0.6799999999999999,0.72,0,6,1.0127411537460438,1.0089036151737687,0.02305489569208502
0,-23.1,-23.0,0.72,0.76,0,6,1.0127411537460438,1.0089036151737687,0.02305489569208502
0,-23.1,-23.0,0.76,0.8,0,6,1.0127411537460438,1.0089036151737687,0.02305489569208502
0,-23.1,-23.0,0.8,0.8400000000000001,0,6,1.0127411537460438,1.0089036151737687,0.02305489569208502
0,-23.1,-23.0,0.8400000000000001,0.8800000000000001,0,6,1.0127411537460438,1.0089036151737687,0.02305489569208502
0,-23.1,-23.0,0.8800000000000001,0.9199999999999999,1,6,1.0127411537460438,1.0089036151737687,0.02305489569208502
0,-23.1,-23.0,0.9199999999999999,0.96,0,6,1.0127411537460438,1.0089036151737687,0.02305489569208502
0,-23.1,-23.0,0.96,1.0,1,6,1.0127411537460438,1.0089036151737687,0.02305489569208502
0,-23.1,-23.0,1.0,1.04,2,6,1.0127411537460438,1.0089036151737687,0.02305489569208502
0,-23.1,-23.0,1.04,1.08,1,6,1.0127411537460438,1.0089036151737687,0.02305489569208502
0,-23.1,-23.0,1.08,1.12,0,6,1.0127411537460438,1.0089036151737687,0.02305489569208502
0,-23.1,-23.0,1.12,1.16,1,6,1.0127411537460438,1.0089036151737687,0.02305489569208502
0,-23.1,-23.0,1.16,1.2,0,6,1.0127411537460438,1.0089036151737687,0.02305489569208502
0,-23.1,-23.0,1.2,1.24,0,6,1.0127411537460438,1.0089036151737687,0.02305489569208502
0,-23.1,-23.0,1.24,1.28,0,6,1.0127411537460438,1.0089036151737687,0.02305489569208502
0,-23.1,-23.0,1.28,1.32,0,6,1.0127411537460438,1.0089036151737687,0.02305489569208502
0,-23.1,-23.0,1.32,1.3599999999999999,0,6,1.0127411537460438,1.0089036151737687,0.02305489569208502
0,-23.1,-23.0,1.3599999999999999,1.4,0,6,1.0127411537460438,1.0089036151737687,0.02305489569208502
0,-23.0,-22.9,0.2,0.24000000000000002,0,18,0.9967130863892861,1.003741384509099,0.014047042087811296
0,-23.0,-22.9,0.24000000000000002,0.28,0,18,0.9967130863892861,1.003741384509099,0.014047042087811296
0,-23.0,-22.9,0.28,0.32,0,18,0.9967130863892861,1.003741384509099,0.014047042087811296
0,-23.0,-22.9,0.32,0.36,0,18,0.9967130863892861,1.003741384509099,0.014047042087811296
0,-23.0,-22.9,0.36,0.4,0,18,0.9967130863892861,1.003741384509099,0.014047042087811296
0,-23.0,-22.9,0.4,0.44,0,18,0.9967130863892861,1.003741384509099,0.014047042087811296
0,-23.0,-22.9,0.44,0.48000000000000004,0,18,0.9967130863892861,1.003741384509099,0.014047042087811296
0,-23.0,-22.9,0.48000000000000004,0.52,0,18,0.9967130863892861,1.003741384509099,0.014047042087811296
0,-23.0,-22.9,0.52,0.56,0,18,0.9967130863892861,1.003741384509099,0.014047042087811296
0,-23.0,-22.9,0.56,0.6000000000000001,0,18,0.9967130863892861,1.003741384509099,0.014047042087811296
0,-23.0,-22.9,0.6000000000000001,0.64,0,18,0.9967130863892861,1.003741384509099,0.014047042087811296
0,-23.0,-22.9,0.64,0.6799999999999999,0,18,0.9967130863892861,1.003741384509099,0.014047042087811296
0,-23.0,-22.9,0.6799999999999999,0.72,0,18,0.9967130863892861,1.003741384509099,0.014047042087811296
0,-23.0,-22.9,0.72,0.76,0,18,0.9967130863892861,1.003741384509099,0.014047042087811296
0,-23.0,-22.9,0.76,0.8,0,18,0.9967130863892861,1.003741384509099,0.014047042087811296
0,-23.0,-22.9,0.8,0.8400000000000001,0,18,0.9967130863892861,1.003741384509099,0.014047042087811296
0,-23.0,-22.9,0.8400000000000001,0.8800000000000001,0,18,0.9967130863892861,1.003741384509099,0.014047042087811296
0,-23.0,-22.9,0.8800000000000001,0.9199999999999999,1,18,0.9967130863892861,1.003741384509099,0.014047042087811296
0,-23.0,-22.9,0.9199999999999999,0.96,4,18,0.9967130863892861,1.003741384509099,0.014047042087811296
0,-23.0,-22.9,0.96,1.0,2,18,0.9967130863892861,1.003741384509099,0.014047042087811296
0,-23.0,-22.9,1.0,1.04,8,18,0.9967130863892861,1.003741384509099,0.014047042087811296
0,-23.0,-22.9,1.04,1.08,2,18,0.9967130863892861,1.003741384509099,0.014047042087811296
0,-23.0,-22.9,1.08,1.12,1,18,0.9967130863892861,1.003741384509099,0.014047042087811296
0,-23.0,-22.9,1.12,1.16,0,18,0.9967130863892861,1.003741384509099,0.014047042087811296
0,-23.0,-22.9,1.16,1.2,0,18,0.9967130863892861,1.003741384509099,0.014047042087811296
0,-23.0,-22.9,1.2,1.24,0,18,0.9967130863892861,1.003741384509099,0.014047042087811296
0,-23.0,-22.9,1.24,1.28,0,18,0.9967130863892861,1.003741384509099,0.014047042087811296
0,-23.0,-22.9,1.28,1.32,0,18,0.9967130863892861,1.003741384509099,0.014047042087811296
0,-23.0,-22.9,1.32,1.3599999999999999,0,18,0.9967130863892861,1.003741384509099,0.014047042087811296
0,-23.0,-22.9,1.3599999999999999,1.4,0,18,0.9967130863892861,1.003741384509099,0.014047042087811296
0,-22.9,-22.8,0.2,0.24000000000000002,0,21,1.0079513739476598,0.9958062013993081,0.014002480391356539
0,-22.9,-22.8,0.24000000000000002,0.28,0,21,1.0079513739476598,0.9958062013993081,0.014002480391356539
0,-22.9,-22.8,0.28,0.32,0,21,1.0079513739476598,0.9958062013993081,0.014002480391356539
0,-22.9,-22.8,0.32,0.36,0,21,1.0079513739476598,0.9958062013993081,0.014002480391356539
0,-22.9,-22.8,0.36,0.4,0,21,1.0079513739476598,0.9958062013993081,0.014002480391356539
0,-22.9,-22.8,0.4,0.44,0,21,1.0079513739476598,0.9958062013993081,0.014002480391356539
0,-22.9,-22.8,0.44,0.48000000000000004,0,21,1.0079513739476598,0.9958062013993081,0.014002480391356539
0,-22.9,-22.8,0.48000000000000004,0.52,0,21,1.0079513739476598,0.9958062013993081,0.014002480391356539
0,-22.9,-22.8,0.52,0.56,0,21,1.0079513739476598,0.9958062013993081,0.014002480391356539
0,-22.9,-22.8,0.56,0.6000000000000001,0,21,1.0079513739476598,0.9958062013993081,0.014002480391356539
0,-22.9,-22.8,0.6000000000000001,0.64,0,21,1.0079513739476598,0.9958062013993081,0.014002480391356539
0,-22.9,-22.8,0.64,0.6799999999999999,0,21,1.0079513739476598,0.9958062013993081,0.014002480391356539
0,-22.9,-22.8,0.6799999999999999,0.72,0,21,1.0079513739476598,0.9958062013993081,0.014002480391356539
0,-22.9,-22.8,0.72,0.76,0,21,1.0079513739476598,0.9958062013993081,0.014002480391356539
0,-22.9,-22.8,0.76,0.8,0,21,1.0079513739476598,0.9958062013993081,0.014002480391356539
0,-22.9,-22.8,0.8,0.8400000000000001,0,21,1.0079513739476598,0.9958062013993081,0.014002480391356539
0,-22.9,-22.8,0.8400000000000001,0.8800000000000001,1,21,1.0079513739476598,0.9958062013993081,0.014002480391356539
0,-22.9,-22.8,0.8800000000000001,0.9199999999999999,2,21,1.0079513739476598,0.9958062013993081,0.014002480391356539
0,-22.9,-22.8,0.9199999999999999,0.96,0,21,1.0079513739476598,0.9958062013993081,0.014002480391356539
0,-22.9,-22.8,0.96,1.0,6,21,1.0079513739476598,0.9958062013993081,0.014002480391356539
0,-22.9,-22.8,1.0,1.04,7,21,1.0079513739476598,0.9958062013993081,0.014002480391356539
0,-22.9,-22.8,1.04,1.08,3,21,1.0079513739476598,0.9958062013993081,0.014002480391356539
0,-22.9,-22.8,1.08,1.12,1,21,1.0079513739476598,0.9958062013993081,0.014002480391356539
0,-22.9,-22.8,1.12,1.16,1,21,1.0079513739476598,0.9958062013993081,0.014002480391356539
0,-22.9,-22.8,1.16,1.2,0,21,1.0079513739476598,0.9958062013993081,0.014002480391356539
0,-22.9,-22.8,1.2,1.24,0,21,1.0079513739476598,0.9958062013993081,0.014002480391356539
0,-22.9,-22.8,1.24,1.28,0,21,1.0079513739476598,0.9958062013993081,0.014002480391356539
0,-22.9,-22.8,1.28,1.32,0,21,1.0079513739476598,0.9958062013993081,0.014002480391356539
0,-22.9,-22.8,1.32,1.3599999999999999,0,21,1.0079513739476598,0.9958062013993081,0.014002480391356539
0,-22.9,-22.8,1.3599999999999999,1.4,0,21,1.0079513739476598,0.9958062013993081,0.014002480391356539
0,-22.8,-22.7,0.2,0.24000000000000002,0,38,0.9826121643753073,0.9893718559917893,0.011036706767734548
0,-22.8,-22.7,0.24000000000000002,0.28,0,38,0.9826121643753073,0.9893718559917893,0.011036706767734548
0,-22.8,-22.7,0.28,0.32,0,38,0.9826121643753073,0.9893718559917893,0.011036706767734548
0,-22.8,-22.7,0.32,0.36,0,38,0.9826121643753073,0.9893718559917893,0.011036706767734548
0,-22.8,-22.7,0.36,0.4,0,38,0.9826121643753073,0.9893718559917893,0.011036706767734548
0,-22.8,-22.7,0.4,0.44,0,38,0.9826121643753073,0.9893718559917893,0.011036706767734548
0,-22.8,-22.7,0.44,0.48000000000000004,0,38,0.9826121643753073,0.9893718559917893,0.011036706767734548
0,-22.8,-22.7,0.48000000000000004,0.52,0,38,0.9826121643753073,0.9893718559917893,0.011036706767734548
0,-22.8,-22.7,0.52,0.56,0,38,0.9826121643753073,0.9893718559917893,0.011036706767734548
0,-22.8,-22.7,0.56,0.6000000000000001,0,38,0.9826121643753073,0.9893718559917893,0.011036706767734548
0,-22.8,-22.7,0.6000000000000001,0.64,0,38,0.9826121643753073,0.9893718559917893,0.011036706767734548
0,-22.8,-22.7,0.64,0.6799999999999999,0,38,0.9826121643753073,0.9893718559917893,0.011036706767734548
0,-22.8,-22.7,0.6799999999999999,0.72,0,38,0.9826121643753073,0.9893718559917893,0.011036706767734548
0,-22.8,-22.7,0.72,0.76,0,38,0.9826121643753073,0.9893718559917893,0.011036706767734548
0,-22.8,-22.7,0.76,0.8,1,38,0.9826121643753073,0.9893718559917893,0.011036706767734548
0,-22.8,-22.7,0.8,0.8400000000000001,2,38,0.9826121643753073,0.9893718559917893,0.011036706767734548
0,-22.8,-22.7,0.8400000000000001,0.8800000000000001,1,38,0.9826121643753073,0.9893718559917893,0.011036706767734548
0,-22.8,-22.7,0.8800000000000001,0.9199999999999999,3,38,0.9826121643753073,0.9893718559917893,0.011036706767734548
0,-22.8,-22.7,0.9199999999999999,0.96,6,38,0.9826121643753073,0.9893718559917893,0.011036706767734548
0,-22.8,-22.7,0.96,1.0,3,38,0.9826121643753073,0.9893718559917893,0.011036706767734548
0,-22.8,-22.7,1.0,1.04,14,38,0.9826121643753073,0.9893718559917893,0.011036706767734548
0,-22.8,-22.7,1.04,1.08,5,38,0.9826121643753073,0.9893718559917893,0.011036706767734548
0,-22.8,-22.7,1.08,1.12,1,38,0.9826121643753073,0.9893718559917893,0.011036706767734548
0,-22.8,-22.7,1.12,1.16,2,38,0.9826121643753073,0.9893718559917893,0.011036706767734548
0,-22.8,-22.7,1.16,1.2,0,38,0.9826121643753073,0.9893718559917893,0.011036706767734548
0,-22.8,-22.7,1.2,1.24,0,38,0.9826121643753073,0.9893718559917893,0.011036706767734548
0,-22.8,-22.7,1.24,1.28,0,38,0.9826121643753073,0.9893718559917893,0.011036706767734548
0,-22.8,-22.7,1.28,1.32,0,38,0.9826121643753073,0.9893718559917893,0.011036706767734548
0,-22.8,-22.7,1.32,1.3599999999999999,0,38,0.9826121643753073,0.9893718559917893,0.011036706767734548
0,-22.8,-22.7,1.3599999999999999,1.4,0,38,0.9826121643753073,0.9893718559917893,0.011036706767734548
0,-22.7,-22.6,0.2,0.24000000000000002,0,77,0.981820198105315,0.9837615753734085,0.008147265468193485
0,-22.7,-22.6,0.24000000000000002,0.28,0,77,0.981820198105315,0.9837615753734085,0.008147265468193485
0,-22.7,-22.6,0.28,0.32,0,77,0.981820198105315,0.9837615753734085,0.008147265468193485
0,-22.7,-22.6,0.32,0.36,0,77,0.981820198105315,0.9837615753734085,0.008147265468193485
0,-22.7,-22.6,0.36,0.4,0,77,0.981820198105315,0.9837615753734085,0.008147265468193485
0,-22.7,-22.6,0.4,0.44,0,77,0.981820198105315,0.9837615753734085,0.008147265468193485
0,-22.7,-22.6,0.44,0.48000000000000004,0,77,0.981820198105315,0.9837615753734085,0.008147265468193485
0,-22.7,-22.6,0.48000000000000004,0.52,0,77,0.981820198105315,0.9837615753734085,0.008147265468193485
0,-22.7,-22.6,0.52,0.56,0,77,0.981820198105315,0.9837615753734085,0.008147265468193485
0,-22.7,-22.6,0.56,0.6000000000000001,0,77,0.981820198105315,0.9837615753734085,0.008147265468193485
0,-22.7,-22.6,0.6000000000000001,0.64,0,77,0.981820198105315,0.9837615753734085,0.008147265468193485
0,-22.7,-22.6,0.64,0.6799999999999999,0,77,0.981820198105315,0.9837615753734085,0.008147265468193485
0,-22.7,-22.6,0.6799999999999999,0.72,0,77,0.981820198105315,0.9837615753734085,0.008147265468193485
0,-22.7,-22.6,0.72,0.76,0,77,0.981820198105315,0.9837615753734085,0.008147265468193485
0,-22.7,-22.6,0.76,0.8,1,77,0.981820198105315,0.9837615753734085,0.008147265468193485
0,-22.7,-22.6,0.8,0.8400000000000001,2,77,0.981820198105315,0.9837615753734085,0.008147265468193485
0,-22.7,-22.6,0.8400000000000001,0.8800000000000001,3,77,0.981820198105315,0.9837615753734085,0.008147265468193485
0,-22.7,-22.6,0.8800000000000001,0.9199999999999999,8,77,0.981820198105315,0.9837615753734085,0.008147265468193485
0,-22.7,-22.6,0.9199999999999999,0.96,10,77,0.981820198105315,0.9837615753734085,0.008147265468193485
0,-22.7,-22.6,0.96,1.0,19,77,0.981820198105315,0.9837615753734085,0.008147265468193485
0,-22.7,-22.6,1.0,1.04,19,77,0.981820198105315,0.9837615753734085,0.008147265468193485
0,-22.7,-22.6,1.04,1.08,10,77,0.981820198105315,0.9837615753734085,0.008147265468193485
0,-22.7,-22.6,1.08,1.12,5,77,0.981820198105315,0.9837615753734085,0.008147265468193485
0,-22.7,-22.6,1.12,1.16,0,77,0.981820198105315,0.9837615753734085,0.008147265468193485
0,-22.7,-22.6,1.16,1.2,0,77,0.981820198105315,0.9837615753734085,0.008147265468193485
0,-22.7,-22.6,1.2,1.24,0,77,0.981820198105315,0.9837615753734085,0.008147265468193485
0,-22.7,-22.6,1.24,1.28,0,77,0.981820198105315,0.9837615753734085,0.008147265468193485
0,-22.7,-22.6,1.28,1.32,0,77,0.981820198105315,0.9837615753734085,0.008147265468193485
0,-22.7,-22.6,1.32,1.3599999999999999,0,77,0.981820198105315,0.9837615753734085,0.008147265468193485
0,-22.7,-22.6,1.3599999999999999,1.4,0,77,0.981820198105315,0.9837615753734085,0.008147265468193485
0,-22.6,-22.5,0.2,0.24000000000000002,0,131,0.9685619541724265,0.976607951893245,0.006620727618161522
0,-22.6,-22.5,0.24000000000000002,0.28,0,131,0.9685619541724265,0.976607951893245,0.006620727618161522
0,-22.6,-22.5,0.28,0.32,0,131,0.9685619541724265,0.976607951893245,0.006620727618161522
0,-22.6,-22.5,0.32,0.36,0,131,0.9685619541724265,0.976607951893245,0.006620727618161522
0,-22.6,-22.5,0.36,0.4,0,131,0.9685619541724265,0.976607951893245,0.006620727618161522
0,-22.6,-22.5,0.4,0.44,0,131,0.9685619541724265,0.976607951893245,0.006620727618161522
0,-22.6,-22.5,0.44,0.48000000000000004,0,131,0.9685619541724265,0.976607951893245,0.006620727618161522
0,-22.6,-22.5,0.48000000000000004,0.52,0,131,0.9685619541724265,0.976607951893245,0.006620727618161522
0,-22.6,-22.5,0.52,0.56,0,131,0.9685619541724265,0.976607951893245,0.006620727618161522
0,-22.6,-22.5,0.56,0.6000000000000001,0,131,0.9685619541724265,0.976607951893245,0.006620727618161522
0,-22.6,-22.5,0.6000000000000001,0.64,0,131,0.9685619541724265,0.976607951893245,0.006620727618161522
0,-22.6,-22.5,0.64,0.6799999999999999,0,131,0.9685619541724265,0.976607951893245,0.006620727618161522
0,-22.6,-22.5,0.6799999999999999,0.72,0,131,0.9685619541724265,0.976607951893245,0.006620727618161522
0,-22.6,-22.5,0.72,0.76,0,131,0.9685619541724265,0.976607951893245,0.006620727618161522
0,-22.6,-22.5,0.76,0.8,4,131,0.9685619541724265,0.976607951893245,0.006620727618161522
0,-22.6,-22.5,0.8,0.8400000000000001,12,131,0.9685619541724265,0.976607951893245,0.006620727618161522
0,-22.6,-22.5,0.8400000000000001,0.8800000000000001,5,131,0.9685619541724265,0.976607951893245,0.006620727618161522
0,-22.6,-22.5,0.8800000000000001,0.9199999999999999,6,131,0.9685619541724265,0.976607951893245,0.006620727618161522
0,-22.6,-22.5,0.9199999999999999,0.96,21,131,0.9685619541724265,0.976607951893245,0.006620727618161522
0,-22.6,-22.5,0.96,1.0,33,131,0.9685619541724265,0.976607951893245,0.006620727618161522
0,-22.6,-22.5,1.0,1.04,29,131,0.9685619541724265,0.976607951893245,0.006620727618161522
0,-22.6,-22.5,1.04,1.08,15,131,0.9685619541724265,0.976607951893245,0.006620727618161522
0,-22.6,-22.5,1.08,1.12,5,131,0.9685619541724265,0.976607951893245,0.006620727618161522
0,-22.6,-22.5,1.12,1.16,1,131,0.9685619541724265,0.976607951893245,0.006620727618161522
0,-22.6,-22.5,1.16,1.2,0,131,0.9685619541724265,0.976607951893245,0.006620727618161522
0,-22.6,-22.5,1.2,1.24,0,131,0.9685619541724265,0.976607951893245,0.006620727618161522
0,-22.6,-22.5,1.24,1.28,0,131,0.9685619541724265,0.976607951893245,0.006620727618161522
0,-22.6,-22.5,1.28,1.32,0,131,0.9685619541724265,0.976607951893245,0.006620727618161522
0,-22.6,-22.5,1.32,1.3599999999999999,0,131,0.9685619541724265,0.976607951893245,0.006620727618161522
0,-22.6,-22.5,1.3599999999999999,1.4,0,131,0.9685619541724265,0.976607951893245,0.006620727618161522
0,-22.5,-22.4,0.2,0.24000000000000002,0,209,0.9724049616193479,0.9714324760547535,0.00546297843337287
0,-22.5,-22.4,0.24000000000000002,0.28,0,209,0.9724049616193479,0.9714324760547535,0.00546297843337287
0,-22.5,-22.4,0.28,0.32,0,209,0.9724049616193479,0.9714324760547535,0.00546297843337287
0,-22.5,-22.4,0.32,0.36,0,209,0.9724049616193479,0.9714324760547535,0.00546297843337287
0,-22.5,-22.4,0.36,0.4,0,209,0.9724049616193479,0.9714324760547535,0.00546297843337287
0,-22.5,-22.4,0.4,0.44,0,209,0.9724049616193479,0.9714324760547535,0.00546297843337287
0,-22.5,-22.4,0.44,0.48000000000000004,0,209,0.9724049616193479,0.9714324760547535,0.00546297843337287
0,-22.5,-22.4,0.48000000000000004,0.52,0,209,0.9724049616193479,0.9714324760547535,0.00546297843337287
0,-22.5,-22.4,0.52,0.56,0,209,0.9724049616193479,0.9714324760547535,0.00546297843337287
0,-22.5,-22.4,0.56,0.6000000000000001,0,209,0.9724049616193479,0.9714324760547535,0.00546297843337287
0,-22.5,-22.4,0.6000000000000001,0.64,0,209,0.9724049616193479,0.9714324760547535,0.00546297843337287
0,-22.5,-22.4,0.64,0.6799999999999999,0,209,0.9724049616193479,0.9714324760547535,0.00546297843337287
0,-22.5,-22.4,0.6799999999999999,0.72,3,209,0.9724049616193479,0.9714324760547535,0.00546297843337287
0,-22.5,-22.4,0.72,0.76,4,209,0.9724049616193479,0.9714324760547535,0.00546297843337287
0,-22.5,-22.4,0.76,0.8,3,209,0.9724049616193479,0.9714324760547535,0.00546297843337287
0,-22.5,-22.4,0.8,0.8400000000000001,15,209,0.9724049616193479,0.9714324760547535,0.00546297843337287
0,-22.5,-22.4,0.8400000000000001,0.8800000000000001,11,209,0.9724049616193479,0.9714324760547535,0.00546297843337287
0,-22.5,-22.4,0.8800000000000001,0.9199999999999999,13,209,0.9724049616193479,0.9714324760547535,0.00546297843337287
0,-22.5,-22.4,0.9199999999999999,0.96,19,209,0.9724049616193479,0.9714324760547535,0.00546297843337287
0,-22.5,-22.4,0.96,1.0,41,209,0.9724049616193479,0.9714324760547535,0.00546297843337287
0,-22.5,-22.4,1.0,1.04,59,209,0.9724049616193479,0.9714324760547535,0.00546297843337287
0,-22.5,-22.4,1.04,1.08,32,209,0.9724049616193479,0.9714324760547535,0.00546297843337287
0,-22.5,-22.4,1.08,1.12,6,209,0.9724049616193479,0.9714324760547535,0.00546297843337287
0,-22.5,-22.4,1.12,1.16,2,209,0.9724049616193479,0.9714324760547535,0.00546297843337287
0,-22.5,-22.4,1.16,1.2,1,209,0.9724049616193479,0.9714324760547535,0.00546297843337287
0,-22.5,-22.4,1.2,1.24,0,209,0.9724049616193479,0.9714324760547535,0.00546297843337287
0,-22.5,-22.4,1.24,1.28,0,209,0.9724049616193479,0.9714324760547535,0.00546297843337287
0,-22.5,-22.4,1.28,1.32,0,209,0.9724049616193479,0.9714324760547535,0.00546297843337287
0,-22.5,-22.4,1.32,1.3599999999999999,0,209,0.9724049616193479,0.9714324760547535,0.00546297843337287
0,-22.5,-22.4,1.3599999999999999,1.4,0,209,0.9724049616193479,0.9714324760547535,0.00546297843337287
0,-22.4,-22.3,0.2,0.24000000000000002,0,347,0.9660923635669518,0.9643888644675706,0.004466504512424752
0,-22.4,-22.3,0.24000000000000002,0.28,0,347,0.9660923635669518,0.9643888644675706,0.004466504512424752
0,-22.4,-22.3,0.28,0.32,0,347,0.9660923635669518,0.9643888644675706,0.004466504512424752
0,-22.4,-22.3,0.32,0.36,0,347,0.9660923635669518,0.9643888644675706,0.004466504512424752
0,-22.4,-22.3,0.36,0.4,0,347,0.9660923635669518,0.9643888644675706,0.004466504512424752
0,-22.4,-22.3,0.4,0.44,0,347,0.9660923635669518,0.9643888644675706,0.004466504512424752
0,-22.4,-22.3,0.44,0.48000000000000004,0,347,0.9660923635669518,0.9643888644675706,0.004466504512424752
0,-22.4,-22.3,0.48000000000000004,0.52,0,347,0.9660923635669518,0.9643888644675706,0.004466504512424752
0,-22.4,-22.3,0.52,0.56,0,347,0.9660923635669518,0.9643888644675706,0.004466504512424752
0,-22.4,-22.3,0.56,0.6000000000000001,0,347,0.9660923635669518,0.9643888644675706,0.004466504512424752
0,-22.4,-22.3,0.6000000000000001,0.64,0,347,0.9660923635669518,0.9643888644675706,0.004466504512424752
0,-22.4,-22.3,0.64,0.6799999999999999,0,347,0.9660923635669518,0.9643888644675706,0.004466504512424752
0,-22.4,-22.3,0.6799999999999999,0.72,4,347,0.9660923635669518,0.9643888644675706,0.004466504512424752
0,-22.4,-22.3,0.72,0.76,5,347,0.9660923635669518,0.9643888644675706,0.004466504512424752
0,-22.4,-22.3,0.76,0.8,12,347,0.9660923635669518,0.9643888644675706,0.004466504512424752
0,-22.4,-22.3,0.8,0.8400000000000001,11,347,0.9660923635669518,0.9643888644675706,0.004466504512424752
0,-22.4,-22.3,0.8400000000000001,0.8800000000000001,19,347,0.9660923635669518,0.9643888644675706,0.004466504512424752
0,-22.4,-22.3,0.8800000000000001,0.9199999999999999,32,347,0.9660923635669518,0.9643888644675706,0.004466504512424752
0,-22.4,-22.3,0.9199999999999999,0.96,46,347,0.9660923635669518,0.9643888644675706,0.004466504512424752
0,-22.4,-22.3,0.96,1.0,91,347,0.9660923635669518,0.9643888644675706,0.004466504512424752
0,-22.4,-22.3,1.0,1.04,72,347,0.9660923635669518,0.9643888644675706,0.004466504512424752
0,-22.4,-22.3,1.04,1.08,38,347,0.9660923635669518,0.9643888644675706,0.004466504512424752
0,-22.4,-22.3,1.08,1.12,16,347,0.9660923635669518,0.9643888644675706,0.004466504512424752
0,-22.4,-22.3,1.12,1.16,1,347,0.9660923635669518,0.9643888644675706,0.004466504512424752
0,-22.4,-22.3,1.16,1.2,0,347,0.9660923635669518,0.9643888644675706,0.004466504512424752
0,-22.4,-22.3,1.2,1.24,0,347,0.9660923635669518,0.9643888644675706,0.004466504512424752
0,-22.4,-22.3,1.24,1.28,0,347,0.9660923635669518,0.9643888644675706,0.004466504512424752
0,-22.4,-22.3,1.28,1.32,0,347,0.9660923635669518,0.9643888644675706,0.004466504512424752
0,-22.4,-22.3,1.32,1.3599999999999999,0,347,0.9660923635669518,0.9643888644675706,0.004466504512424752
0,-22.4,-22.3,1.3599999999999999,1.4,0,347,0.9660923635669518,0.9643888644675706,0.004466504512424752
0,-22.3,-22.2,0.2,0.24000000000000002,0,526,0.9633326618707183,0.95765984747663,0.0038049926421836575
0,-22.3,-22.2,0.24000000000000002,0.28,0,526,0.9633326618707183,0.95765984747663,0.0038049926421836575
0,-22.3,-22.2,0.28,0.32,0,526,0.9633326618707183,0.95765984747663,0.0038049926421836575
0,-22.3,-22.2,0.32,0.36,0,526,0.9633326618707183,0.95765984747663,0.0038049926421836575
0,-22.3,-22.2,0.36,0.4,0,526,0.9633326618707183,0.95765984747663,0.0038049926421836575
0,-22.3,-22.2,0.4,0.44,0,526,0.9633326618707183,0.95765984747663,0.0038049926421836575
0,-22.3,-22.2,0.44,0.48000000000000004,0,526,0.9633326618707183,0.95765984747663,0.0038049926421836575
0,-22.3,-22.2,0.48000000000000004,0.52,0,526,0.9633326618707183,0.95765984747663,0.0038049926421836575
0,-22.3,-22.2,0.52,0.56,0,526,0.9633326618707183,0.95765984747663,0.0038049926421836575
0,-22.3,-22.2,0.56,0.6000000000000001,1,526,0.9633326618707183,0.95765984747663,0.0038049926421836575
0,-22.3,-22.2,0.6000000000000001,0.64,0,526,0.9633326618707183,0.95765984747663,0.0038049926421836575
0,-22.3,-22.2,0.64,0.6799999999999999,1,526,0.9633326618707183,0.95765984747663,0.0038049926421836575
0,-22.3,-22.2,0.6799999999999999,0.72,5,526,0.9633326618707183,0.95765984747663,0.0038049926421836575
0,-22.3,-22.2,0.72,0.76,11,526,0.9633326618707183,0.95765984747663,0.0038049926421836575
0,-22.3,-22.2,0.76,0.8,15,526,0.9633326618707183,0.95765984747663,0.0038049926421836575
0,-22.3,-22.2,0.8,0.8400000000000001,23,526,0.9633326618707183,0.95765984747663,0.0038049926421836575
0,-22.3,-22.2,0.8400000000000001,0.8800000000000001,34,526,0.9633326618707183,0.95765984747663,0.0038049926421836575
0,-22.3,-22.2,0.8800000000000001,0.9199999999999999,37,526,0.9633326618707183,0.95765984747663,0.0038049926421836575
0,-22.3,-22.2,0.9199999999999999,0.96,81,526,0.9633326618707183,0.95765984747663,0.0038049926421836575
0,-22.3,-22.2,0.96,1.0,115,526,0.9633326618707183,0.95765984747663,0.0038049926421836575
0,-22.3,-22.2,1.0,1.04,113,526,0.9633326618707183,0.95765984747663,0.0038049926421836575
0,-22.3,-22.2,1.04,1.08,66,526,0.9633326618707183,0.95765984747663,0.0038049926421836575
0,-22.3,-22.2,1.08,1.12,20,526,0.9633326618707183,0.95765984747663,0.0038049926421836575
0,-22.3,-22.2,1.12,1.16,3,526,0.9633326618707183,0.95765984747663,0.0038049926421836575
0,-22.3,-22.2,1.16,1.2,1,526,0.9633326618707183,0.95765984747663,0.0038049926421836575
0,-22.3,-22.2,1.2,1.24,0,526,0.9633326618707183,0.95765984747663,0.0038049926421836575
0,-22.3,-22.2,1.24,1.28,0,526,0.9633326618707183,0.95765984747663,0.0038049926421836575
0,-22.3,-22.2,1.28,1.32,0,526,0.9633326618707183,0.95765984747663,0.0038049926421836575
0,-22.3,-22.2,1.32,1.3599999999999999,0,526,0.9633326618707183,0.95765984747663,0.0038049926421836575
0,-22.3,-22.2,1.3599999999999999,1.4,0,526,0.9633326618707183,0.95765984747663,0.0038049926421836575
0,-22.2,-22.1,0.2,0.24000000000000002,0,756,0.9542074118089009,0.950555350230069,0.0033268766747771906
0,-22.2,-22.1,0.24000000000000002,0.28,0,756,0.9542074118089009,0.950555350230069,0.0033268766747771906
0,-22.2,-22.1,0.28,0.32,0,756,0.9542074118089009,0.950555350230069,0.0033268766747771906
0,-22.2,-22.1,0.32,0.36,0,756,0.9542074118089009,0.950555350230069,0.0033268766747771906
0,-22.2,-22.1,0.36,0.4,0,756,0.9542074118089009,0.950555350230069,0.0033268766747771906
0,-22.2,-22.1,0.4,0.44,0,756,0.9542074118089009,0.950555350230069,0.0033268766747771906
0,-22.2,-22.1,0.44,0.48000000000000004,0,756,0.9542074118089009,0.950555350230069,0.0033268766747771906
0,-22.2,-22.1,0.48000000000000004,0.52,0,756,0.9542074118089009,0.950555350230069,0.0033268766747771906
0,-22.2,-22.1,0.52,0.56,0,756,0.9542074118089009,0.950555350230069,0.0033268766747771906
0,-22.2,-22.1,0.56,0.6000000000000001,0,756,0.9542074118089009,0.950555350230069,0.0033268766747771906
0,-22.2,-22.1,0.6000000000000001,0.64,2,756,0.9542074118089009,0.950555350230069,0.0033268766747771906
0,-22.2,-22.1,0.64,0.6799999999999999,5,756,0.9542074118089009,0.950555350230069,0.0033268766747771906
0,-22.2,-22.1,0.6799999999999999,0.72,5,756,0.9542074118089009,0.950555350230069,0.0033268766747771906
0,-22.2,-22.1,0.72,0.76,16,756,0.9542074118089009,0.950555350230069,0.0033268766747771906
0,-22.2,-22.1,0.76,0.8,22,756,0.9542074118089009,0.950555350230069,0.0033268766747771906
0,-22.2,-22.1,0.8,0.8400000000000001,44,756,0.9542074118089009,0.950555350230069,0.0033268766747771906
0,-22.2,-22.1,0.8400000000000001,0.8800000000000001,42,756,0.9542074118089009,0.950555350230069,0.0033268766747771906
0,-22.2,-22.1,0.8800000000000001,0.9199999999999999,70,756,0.9542074118089009,0.950555350230069,0.0033268766747771906
0,-22.2,-22.1,0.9199999999999999,0.96,114,756,0.9542074118089009,0.950555350230069,0.0033268766747771906
0,-22.2,-22.1,0.96,1.0,202,756,0.9542074118089009,0.950555350230069,0.0033268766747771906
0,-22.2,-22.1,1.0,1.04,142,756,0.9542074118089009,0.950555350230069,0.0033268766747771906
0,-22.2,-22.1,1.04,1.08,59,756,0.9542074118089009,0.950555350230069,0.0033268766747771906
0,-22.2,-22.1,1.08,1.12,29,756,0.9542074118089009,0.950555350230069,0.0033268766747771906
0,-22.2,-22.1,1.12,1.16,4,756,0.9542074118089009,0.950555350230069,0.0033268766747771906
0,-22.2,-22.1,1.16,1.2,0,756,0.9542074118089009,0.950555350230069,0.0033268766747771906
0,-22.2,-22.1,1.2,1.24,0,756,0.9542074118089009,0.950555350230069,0.0033268766747771906
0,-22.2,-22.1,1.24,1.28,0,756,0.9542074118089009,0.950555350230069,0.0033268766747771906
0,-22.2,-22.1,1.28,1.32,0,756,0.9542074118089009,0.950555350230069,0.0033268766747771906
0,-22.2,-22.1,1.32,1.3599999999999999,0,756,0.9542074118089009,0.950555350230069,0.0033268766747771906
0,-22.2,-22.1,1.3599999999999999,1.4,0,756,0.9542074118089009,0.950555350230069,0.0033268766747771906
0,-22.1,-22.0,0.2,0.24000000000000002,0,1148,0.9392458579357175,0.9447812205826998,0.0027996414140012823
0,-22.1,-22.0,0.24000000000000002,0.28,0,1148,0.9392458579357175,0.9447812205826998,0.0027996414140012823
0,-22.1,-22.0,0.28,0.32,0,1148,0.9392458579357175,0.9447812205826998,0.0027996414140012823
0,-22.1,-22.0,0.32,0.36,0,1148,0.9392458579357175,0.9447812205826998,0.0027996414140012823
0,-22.1,-22.0,0.36,0.4,0,1148,0.9392458579357175,0.9447812205826998,0.0027996414140012823
0,-22.1,-22.0,0.4,0.44,0,1148,0.9392458579357175,0.9447812205826998,0.0027996414140012823
0,-22.1,-22.0,0.44,0.48000000000000004,0,1148,0.9392458579357175,0.9447812205826998,0.0027996414140012823
0,-22.1,-22.0,0.48000000000000004,0.52,0,1148,0.9392458579357175,0.9447812205826998,0.0027996414140012823
0,-22.1,-22.0,0.52,0.56,0,1148,0.9392458579357175,0.9447812205826998,0.0027996414140012823
0,-22.1,-22.0,0.56,0.6000000000000001,0,1148,0.9392458579357175,0.9447812205826998,0.0027996414140012823
0,-22.1,-22.0,0.6000000000000001,0.64,2,1148,0.9392458579357175,0.9447812205826998,0.0027996414140012823
0,-22.1,-22.0,0.64,0.6799999999999999,10,1148,0.9392458579357175,0.9447812205826998,0.0027996414140012823
0,-22.1,-22.0,0.6799999999999999,0.72,19,1148,0.9392458579357175,0.9447812205826998,0.0027996414140012823
0,-22.1,-22.0,0.72,0.76,42,1148,0.9392458579357175,0.9447812205826998,0.0027996414140012823
0,-22.1,-22.0,0.76,0.8,59,1148,0.9392458579357175,0.9447812205826998,0.0027996414140012823
0,-22.1,-22.0,0.8,0.8400000000000001,82,1148,0.9392458579357175,0.9447812205826998,0.0027996414140012823
0,-22.1,-22.0,0.8400000000000001,0.8800000000000001,81,1148,0.9392458579357175,0.9447812205826998,0.0027996414140012823
0,-22.1,-22.0,0.8800000000000001,0.9199999999999999,97,1148,0.9392458579357175,0.9447812205826998,0.0027996414140012823
0,-22.1,-22.0,0.9199999999999999,0.96,167,1148,0.9392458579357175,0.9447812205826998,0.0027996414140012823
0,-22.1,-22.0,0.96,1.0,228,1148,0.9392458579357175,0.9447812205826998,0.0027996414140012823
0,-22.1,-22.0,1.0,1.04,224,1148,0.9392458579357175,0.9447812205826998,0.0027996414140012823
0,-22.1,-22.0,1.04,1.08,104,1148,0.9392458579357175,0.9447812205826998,0.0027996414140012823
0,-22.1,-22.0,1.08,1.12,27,1148,0.9392458579357175,0.9447812205826998,0.0027996414140012823
0,-22.1,-22.0,1.12,1.16,5,1148,0.9392458579357175,0.9447812205826998,0.0027996414140012823
0,-22.1,-22.0,1.16,1.2,1,1148,0.9392458579357175,0.9447812205826998,0.0027996414140012823
0,-22.1,-22.0,1.2,1.24,0,1148,0.9392458579357175,0.9447812205826998,0.0027996414140012823
0,-22.1,-22.0,1.24,1.28,0,1148,0.9392458579357175,0.9447812205826998,0.0027996414140012823
0,-22.1,-22.0,1.28,1.32,0,1148,0.9392458579357175,0.9447812205826998,0.0027996414140012823
0,-22.1,-22.0,1.32,1.3599999999999999,0,1148,0.9392458579357175,0.9447812205826998,0.0027996414140012823
0,-22.1,-22.0,1.3599999999999999,1.4,0,1148,0.9392458579357175,0.9447812205826998,0.0027996414140012823
0,-22.0,-21.9,0.2,0.24000000000000002,0,1674,0.9369285398806673,0.9377201665918155,0.002420686869421005
0,-22.0,-21.9,0.24000000000000002,0.28,0,1674,0.9369285398806673,0.9377201665918155,0.002420686869421005
0,-22.0,-21.9,0.28,0.32,0,1674,0.9369285398806673,0.9377201665918155,0.002420686869421005
0,-22.0,-21.9,0.32,0.36,0,1674,0.9369285398806673,0.9377201665918155,0.002420686869421005
0,-22.0,-21.9,0.36,0.4,0,1674,0.9369285398806673,0.9377201665918155,0.002420686869421005
0,-22.0,-21.9,0.4,0.44,0,1674,0.9369285398806673,0.9377201665918155,0.002420686869421005
0,-22.0,-21.9,0.44,0.48000000000000004,0,1674,0.9369285398806673,0.9377201665918155,0.002420686869421005
0,-22.0,-21.9,0.48000000000000004,0.52,0,1674,0.9369285398806673,0.9377201665918155,0.002420686869421005
0,-22.0,-21.9,0.52,0.56,1,1674,0.9369285398806673,0.9377201665918155,0.002420686869421005
0,-22.0,-21.9,0.56,0.6000000000000001,1,1674,0.9369285398806673,0.9377201665918155,0.002420686869421005
0,-22.0,-21.9,0.6000000000000001,0.64,5,1674,0.9369285398806673,0.9377201665918155,0.002420686869421005
0,-22.0,-21.9,0.64,0.6799999999999999,15,1674,0.9369285398806673,0.9377201665918155,0.002420686869421005
0,-22.0,-21.9,0.6799999999999999,0.72,29,1674,0.9369285398806673,0.9377201665918155,0.002420686869421005
0,-22.0,-21.9,0.72,0.76,64,1674,0.9369285398806673,0.9377201665918155,0.002420686869421005
0,-22.0,-21.9,0.76,0.8,93,1674,0.9369285398806673,0.9377201665918155,0.002420686869421005
0,-22.0,-21.9,0.8,0.8400000000000001,104,1674,0.9369285398806673,0.9377201665918155,0.002420686869421005
0,-22.0,-21.9,0.8400000000000001,0.8800000000000001,116,1674,0.9369285398806673,0.9377201665918155,0.002420686869421005
0,-22.0,-21.9,0.8800000000000001,0.9199999999999999,136,1674,0.9369285398806673,0.9377201665918155,0.002420686869421005
0,-22.0,-21.9,0.9199999999999999,0.96,253,1674,0.9369285398806673,0.9377201665918155,0.002420686869421005
0,-22.0,-21.9,0.96,1.0,380,1674,0.9369285398806673,0.9377201665918155,0.002420686869421005
0,-22.0,-21.9,1.0,1.04,288,1674,0.9369285398806673,0.9377201665918155,0.002420686869421005
0,-22.0,-21.9,1.04,1.08,147,1674,0.9369285398806673,0.9377201665918155,0.002420686869421005
0,-22.0,-21.9,1.08,1.12,40,1674,0.9369285398806673,0.9377201665918155,0.002420686869421005
0,-22.0,-21.9,1.12,1.16,2,1674,0.9369285398806673,0.9377201665918155,0.002420686869421005
0,-22.0,-21.9,1.16,1.2,0,1674,0.9369285398806673,0.9377201665918155,0.002420686869421005
0,-22.0,-21.9,1.2,1.24,0,1674,0.9369285398806673,0.9377201665918155,0.002420686869421005
0,-22.0,-21.9,1.24,1.28,0,1674,0.9369285398806673,0.9377201665918155,0.002420686869421005
0,-22.0,-21.9,1.28,1.32,0,1674,0.9369285398806673,0.9377201665918155,0.002420686869421005
0,-22.0,-21.9,1.32,1.3599999999999999,0,1674,0.9369285398806673,0.9377201665918155,0.002420686869421005
0,-22.0,-21.9,1.3599999999999999,1.4,0,1674,0.9369285398806673,0.9377201665918155,0.002420686869421005
0,-21.9,-21.8,0.2,0.24000000000000002,0,2388,0.9378206042968401,0.9311510255841215,0.0021058276089389047
0,-21.9,-21.8,0.24000000000000002,0.28,0,2388,0.9378206042968401,0.9311510255841215,0.0021058276089389047
0,-21.9,-21.8,0.28,0.32,0,2388,0.9378206042968401,0.9311510255841215,0.0021058276089389047
0,-21.9,-21.8,0.32,0.36,0,2388,0.9378206042968401,0.9311510255841215,0.0021058276089389047
0,-21.9,-21.8,0.36,0.4,0,2388,0.9378206042968401,0.9311510255841215,0.0021058276089389047
0,-21.9,-21.8,0.4,0.44,0,2388,0.9378206042968401,0.9311510255841215,0.0021058276089389047
0,-21.9,-21.8,0.44,0.48000000000000004,0,2388,0.9378206042968401,0.9311510255841215,0.0021058276089389047
0,-21.9,-21.8,0.48000000000000004,0.52,0,2388,0.9378206042968401,0.9311510255841215,0.0021058276089389047
0,-21.9,-21.8,0.52,0.56,0,2388,0.9378206042968401,0.9311510255841215,0.0021058276089389047
0,-21.9,-21.8,0.56,0.6000000000000001,4,2388,0.9378206042968401,0.9311510255841215,0.0021058276089389047
0,-21.9,-21.8,0.6000000000000001,0.64,13,2388,0.9378206042968401,0.9311510255841215,0.0021058276089389047
0,-21.9,-21.8,0.64,0.6799999999999999,31,2388,0.9378206042968401,0.9311510255841215,0.0021058276089389047
0,-21.9,-21.8,0.6799999999999999,0.72,53,2388,0.9378206042968401,0.9311510255841215,0.0021058276089389047
0,-21.9,-21.8,0.72,0.76,89,2388,0.9378206042968401,0.9311510255841215,0.0021058276089389047
0,-21.9,-21.8,0.76,0.8,110,2388,0.9378206042968401,0.9311510255841215,0.0021058276089389047
0,-21.9,-21.8,0.8,0.8400000000000001,163,2388,0.9378206042968401,0.9311510255841215,0.0021058276089389047
0,-21.9,-21.8,0.8400000000000001,0.8800000000000001,121,2388,0.9378206042968401,0.9311510255841215,0.0021058276089389047
0,-21.9,-21.8,0.8800000000000001,0.9199999999999999,197,2388,0.9378206042968401,0.9311510255841215,0.0021058276089389047
0,-21.9,-21.8,0.9199999999999999,0.96,362,2388,0.9378206042968401,0.9311510255841215,0.0021058276089389047
0,-21.9,-21.8,0.96,1.0,525,2388,0.9378206042968401,0.9311510255841215,0.0021058276089389047
0,-21.9,-21.8,1.0,1.04,419,2388,0.9378206042968401,0.9311510255841215,0.0021058276089389047
0,-21.9,-21.8,1.04,1.08,230,2388,0.9378206042968401,0.9311510255841215,0.0021058276089389047
0,-21.9,-21.8,1.08,1.12,61,2388,0.9378206042968401,0.9311510255841215,0.0021058276089389047
0,-21.9,-21.8,1.12,1.16,10,2388,0.9378206042968401,0.9311510255841215,0.0021058276089389047
0,-21.9,-21.8,1.16,1.2,0,2388,0.9378206042968401,0.9311510255841215,0.0021058276089389047
0,-21.9,-21.8,1.2,1.24,0,2388,0.9378206042968401,0.9311510255841215,0.0021058276089389047
0,-21.9,-21.8,1.24,1.28,0,2388,0.9378206042968401,0.9311510255841215,0.0021058276089389047
0,-21.9,-21.8,1.28,1.32,0,2388,0.9378206042968401,0.9311510255841215,0.0021058276089389047
0,-21.9,-21.8,1.32,1.3599999999999999,0,2388,0.9378206042968401,0.9311510255841215,0.0021058276089389047
0,-21.9,-21.8,1.3599999999999999,1.4,0,2388,0.9378206042968401,0.9311510255841215,0.0021058276089389047
0,-21.8,-21.7,0.2,0.24000000000000002,0,3437,0.9229170642565143,0.9247467864775513,0.0018186394195053284
0,-21.8,-21.7,0.24000000000000002,0.28,0,3437,0.9229170642565143,0.9247467864775513,0.0018186394195053284
0,-21.8,-21.7,0.28,0.32,0,3437,0.9229170642565143,0.9247467864775513,0.0018186394195053284
0,-21.8,-21.7,0.32,0.36,0,3437,0.9229170642565143,0.9247467864775513,0.0018186394195053284
0,-21.8,-21.7,0.36,0.4,0,3437,0.9229170642565143,0.9247467864775513,0.0018186394195053284
0,-21.8,-21.7,0.4,0.44,0,3437,0.9229170642565143,0.9247467864775513,0.0018186394195053284
0,-21.8,-21.7,0.44,0.48000000000000004,0,3437,0.9229170642565143,0.9247467864775513,0.0018186394195053284
0,-21.8,-21.7,0.48000000000000004,0.52,1,3437,0.9229170642565143,0.9247467864775513,0.0018186394195053284
0,-21.8,-21.7,0.52,0.56,2,3437,0.9229170642565143,0.9247467864775513,0.0018186394195053284
0,-21.8,-21.7,0.56,0.6000000000000001,3,3437,0.9229170642565143,0.9247467864775513,0.0018186394195053284
0,-21.8,-21.7,0.6000000000000001,0.64,27,3437,0.9229170642565143,0.9247467864775513,0.0018186394195053284
0,-21.8,-21.7,0.64,0.6799999999999999,55,3437,0.9229170642565143,0.9247467864775513,0.0018186394195053284
0,-21.8,-21.7,0.6799999999999999,0.72,114,3437,0.9229170642565143,0.9247467864775513,0.0018186394195053284
0,-21.8,-21.7,0.72,0.76,169,3437,0.9229170642565143,0.9247467864775513,0.0018186394195053284
0,-21.8,-21.7,0.76,0.8,193,3437,0.9229170642565143,0.9247467864775513,0.0018186394195053284
0,-21.8,-21.7,0.8,0.8400000000000001,222,3437,0.9229170642565143,0.9247467864775513,0.0018186394195053284
0,-21.8,-21.7,0.8400000000000001,0.8800000000000001,232,3437,0.9229170642565143,0.9247467864775513,0.0018186394195053284
0,-21.8,-21.7,0.8800000000000001,0.9199999999999999,303,3437,0.9229170642565143,0.9247467864775513,0.0018186394195053284
0,-21.8,-21.7,0.9199999999999999,0.96,546,3437,0.9229170642565143,0.9247467864775513,0.0018186394195053284
0,-21.8,-21.7,0.96,1.0,671,3437,0.9229170642565143,0.9247467864775513,0.0018186394195053284
0,-21.8,-21.7,1.0,1.04,552,3437,0.9229170642565143,0.9247467864775513,0.0018186394195053284
0,-21.8,-21.7,1.04,1.08,276,3437,0.9229170642565143,0.9247467864775513,0.0018186394195053284
0,-21.8,-21.7,1.08,1.12,55,3437,0.9229170642565143,0.9247467864775513,0.0018186394195053284
0,-21.8,-21.7,1.12,1.16,15,3437,0.9229170642565143,0.9247467864775513,0.0018186394195053284
0,-21.8,-21.7,1.16,1.2,1,3437,0.9229170642565143,0.9247467864775513,0.0018186394195053284
0,-21.8,-21.7,1.2,1.24,0,3437,0.9229170642565143,0.9247467864775513,0.0018186394195053284
0,-21.8,-21.7,1.24,1.28,0,3437,0.9229170642565143,0.9247467864775513,0.0018186394195053284
0,-21.8,-21.7,1.28,1.32,0,3437,0.9229170642565143,0.9247467864775513,0.0018186394195053284
0,-21.8,-21.7,1.32,1.3599999999999999,0,3437,0.9229170642565143,0.9247467864775513,0.0018186394195053284
0,-21.8,-21.7,1.3599999999999999,1.4,0,3437,0.9229170642565143,0.9247467864775513,0.0018186394195053284
0,-21.7,-21.6,0.2,0.24000000000000002,0,4588,0.9148187025070138,0.9172536182701542,0.0016379585300103157
0,-21.7,-21.6,0.24000000000000002,0.28,0,4588,0.9148187025070138,0.9172536182701542,0.0016379585300103157
0,-21.7,-21.6,0.28,0.32,0,4588,0.9148187025070138,0.9172536182701542,0.0016379585300103157
0,-21.7,-21.6,0.32,0.36,0,4588,0.9148187025070138,0.9172536182701542,0.0016379585300103157
0,-21.7,-21.6,0.36,0.4,0,4588,0.9148187025070138,0.9172536182701542,0.0016379585300103157
0,-21.7,-21.6,0.4,0.44,0,4588,0.9148187025070138,0.9172536182701542,0.0016379585300103157
0,-21.7,-21.6,0.44,0.48000000000000004,0,4588,0.9148187025070138,0.9172536182701542,0.0016379585300103157
0,-21.7,-21.6,0.48000000000000004,0.52,3,4588,0.9148187025070138,0.9172536182701542,0.0016379585300103157
0,-21.7,-21.6,0.52,0.56,7,4588,0.9148187025070138,0.9172536182701542,0.0016379585300103157
0,-21.7,-21.6,0.56,0.6000000000000001,17,4588,0.9148187025070138,0.9172536182701542,0.0016379585300103157
0,-21.7,-21.6,0.6000000000000001,0.64,37,4588,0.9148187025070138,0.9172536182701542,0.0016379585300103157
0,-21.7,-21.6,0.64,0.6799999999999999,110,4588,0.9148187025070138,0.9172536182701542,0.0016379585300103157
0,-21.7,-21.6,0.6799999999999999,0.72,156,4588,0.9148187025070138,0.9172536182701542,0.0016379585300103157
0,-21.7,-21.6,0.72,0.76,238,4588,0.9148187025070138,0.9172536182701542,0.0016379585300103157
0,-21.7,-21.6,0.76,0.8,289,4588,0.9148187025070138,0.9172536182701542,0.0016379585300103157
0,-21.7,-21.6,0.8,0.8400000000000001,288,4588,0.9148187025070138,0.9172536182701542,0.0016379585300103157
0,-21.7,-21.6,0.8400000000000001,0.8800000000000001,312,4588,0.9148187025070138,0.9172536182701542,0.0016379585300103157
0,-21.7,-21.6,0.8800000000000001,0.9199999999999999,452,4588,0.9148187025070138,0.9172536182701542,0.0016379585300103157
0,-21.7,-21.6,0.9199999999999999,0.96,707,4588,0.9148187025070138,0.9172536182701542,0.0016379585300103157
0,-21.7,-21.6,0.96,1.0,883,4588,0.9148187025070138,0.9172536182701542,0.0016379585300103157
0,-21.7,-21.6,1.0,1.04,666,4588,0.9148187025070138,0.9172536182701542,0.0016379585300103157
0,-21.7,-21.6,1.04,1.08,305,4588,0.9148187025070138,0.9172536182701542,0.0016379585300103157
0,-21.7,-21.6,1.08,1.12,95,4588,0.9148187025070138,0.9172536182701542,0.0016379585300103157
0,-21.7,-21.6,1.12,1.16,22,4588,0.9148187025070138,0.9172536182701542,0.0016379585300103157
0,-21.7,-21.6,1.16,1.2,1,4588,0.9148187025070138,0.9172536182701542,0.0016379585300103157
0,-21.7,-21.6,1.2,1.24,0,4588,0.9148187025070138,0.9172536182701542,0.0016379585300103157
0,-21.7,-21.6,1.24,1.28,0,4588,0.9148187025070138,0.9172536182701542,0.0016379585300103157
0,-21.7,-21.6,1.28,1.32,0,4588,0.9148187025070138,0.9172536182701542,0.0016379585300103157
0,-21.7,-21.6,1.32,1.3599999999999999,0,4588,0.9148187025070138,0.9172536182701542,0.0016379585300103157
0,-21.7,-21.6,1.3599999999999999,1.4,0,4588,0.9148187025070138,0.9172536182701542,0.0016379585300103157
0,-21.6,-21.5,0.2,0.24000000000000002,0,6265,0.9108259007968121,0.9112598942838747,0.0014454653488251926
0,-21.6,-21.5,0.24000000000000002,0.28,0,6265,0.9108259007968121,0.9112598942838747,0.0014454653488251926
0,-21.6,-21.5,0.28,0.32,0,6265,0.9108259007968121,0.9112598942838747,0.0014454653488251926
0,-21.6,-21.5,0.32,0.36,0,6265,0.9108259007968121,0.9112598942838747,0.0014454653488251926
0,-21.6,-21.5,0.36,0.4,0,6265,0.9108259007968121,0.9112598942838747,0.0014454653488251926
0,-21.6,-21.5,0.4,0.44,0,6265,0.9108259007968121,0.9112598942838747,0.0014454653488251926
0,-21.6,-21.5,0.44,0.48000000000000004,1,6265,0.9108259007968121,0.9112598942838747,0.0014454653488251926
0,-21.6,-21.5,0.48000000000000004,0.52,7,6265,0.9108259007968121,0.9112598942838747,0.0014454653488251926
0,-21.6,-21.5,0.52,0.56,5,6265,0.9108259007968121,0.9112598942838747,0.0014454653488251926
0,-21.6,-21.5,0.56,0.6000000000000001,36,6265,0.9108259007968121,0.9112598942838747,0.0014454653488251926
0,-21.6,-21.5,0.6000000000000001,0.64,80,6265,0.9108259007968121,0.9112598942838747,0.0014454653488251926
0,-21.6,-21.5,0.64,0.6799999999999999,159,6265,0.9108259007968121,0.9112598942838747,0.0014454653488251926
0,-21.6,-21.5,0.6799999999999999,0.72,251,6265,0.9108259007968121,0.9112598942838747,0.0014454653488251926
0,-21.6,-21.5,0.72,0.76,323,6265,0.9108259007968121,0.9112598942838747,0.0014454653488251926
0,-21.6,-21.5,0.76,0.8,348,6265,0.9108259007968121,0.9112598942838747,0.0014454653488251926
0,-21.6,-21.5,0.8,0.8400000000000001,378,6265,0.9108259007968121,0.9112598942838747,0.0014454653488251926
0,-21.6,-21.5,0.8400000000000001,0.8800000000000001,398,6265,0.9108259007968121,0.9112598942838747,0.0014454653488251926
0,-21.6,-21.5,0.8800000000000001,0.9199999999999999,605,6265,0.9108259007968121,0.9112598942838747,0.0014454653488251926
0,-21.6,-21.5,0.9199999999999999,0.96,1066,6265,0.9108259007968121,0.9112598942838747,0.0014454653488251926
0,-21.6,-21.5,0.96,1.0,1177,6265,0.9108259007968121,0.9112598942838747,0.0014454653488251926
0,-21.6,-21.5,1.0,1.04,909,6265,0.9108259007968121,0.9112598942838747,0.0014454653488251926
0,-21.6,-21.5,1.04,1.08,398,6265,0.9108259007968121,0.9112598942838747,0.0014454653488251926
0,-21.6,-21.5,1.08,1.12,105,6265,0.9108259007968121,0.9112598942838747,0.0014454653488251926
0,-21.6,-21.5,1.12,1.16,18,6265,0.9108259007968121,0.9112598942838747,0.0014454653488251926
0,-21.6,-21.5,1.16,1.2,1,6265,0.9108259007968121,0.9112598942838747,0.0014454653488251926
0,-21.6,-21.5,1.2,1.24,0,6265,0.9108259007968121,0.9112598942838747,0.0014454653488251926
0,-21.6,-21.5,1.24,1.28,0,6265,0.9108259007968121,0.9112598942838747,0.0014454653488251926
0,-21.6,-21.5,1.28,1.32,0,6265,0.9108259007968121,0.9112598942838747,0.0014454653488251926
0,-21.6,-21.5,1.32,1.3599999999999999,0,6265,0.9108259007968121,0.9112598942838747,0.0014454653488251926
0,-21.6,-21.5,1.3599999999999999,1.4,0,6265,0.9108259007968121,0.9112598942838747,0.0014454653488251926
1,-23.4,-23.3,0.2,0.24000000000000002,0,4,1.0059119471483497,1.0067219261227078,0.028694053720916716
1,-23.4,-23.3,0.24000000000000002,0.28,0,4,1.0059119471483497,1.0067219261227078,0.028694053720916716
1,-23.4,-23.3,0.28,0.32,0,4,1.0059119471483497,1.0067219261227078,0.028694053720916716
1,-23.4,-23.3,0.32,0.36,0,4,1.0059119471483497,1.0067219261227078,0.028694053720916716
1,-23.4,-23.3,0.36,0.4,0,4,1.0059119471483497,1.0067219261227078,0.028694053720916716
1,-23.4,-23.3,0.4,0.44,0,4,1.0059119471483497,1.0067219261227078,0.028694053720916716
1,-23.4,-23.3,0.44,0.48000000000000004,0,4,1.0059119471483497,1.0067219261227078,0.028694053720916716
1,-23.4,-23.3,0.48000000000000004,0.52,0,4,1.0059119471483497,1.0067219261227078,0.028694053720916716
1,-23.4,-23.3,0.52,0.56,0,4,1.0059119471483497,1.0067219261227078,0.028694053720916716
1,-23.4,-23.3,0.56,0.6000000000000001,0,4,1.0059119471483497,1.0067219261227078,0.028694053720916716
1,-23.4,-23.3,0.6000000000000001,0.64,0,4,1.0059119471483497,1.0067219261227078,0.028694053720916716
1,-23.4,-23.3,0.64,0.6799999999999999,0,4,1.0059119471483497,1.0067219261227078,0.028694053720916716
1,-23.4,-23.3,0.6799999999999999,0.72,0,4,1.0059119471483497,1.0067219261227078,0.028694053720916716
1,-23.4,-23.3,0.72,0.76,0,4,1.0059119471483497,1.0067219261227078,0.028694053720916716
1,-23.4,-23.3,0.76,0.8,0,4,1.0059119471483497,1.0067219261227078,0.028694053720916716
1,-23.4,-23.3,0.8,0.8400000000000001,0,4,1.0059119471483497,1.0067219261227078,0.028694053720916716
1,-23.4,-23.3,0.8400000000000001,0.8800000000000001,0,4,1.0059119471483497,1.0067219261227078,0.028694053720916716
1,-23.4,-23.3,0.8800000000000001,0.9199999999999999,0,4,1.0059119471483497,1.0067219261227078,0.028694053720916716
1,-23.4,-23.3,0.9199999999999999,0.96,1,4,1.0059119471483497,1.0067219261227078,0.028694053720916716
1,-23.4,-23.3,0.96,1.0,1,4,1.0059119471483497,1.0067219261227078,0.028694053720916716
1,-23.4,-23.3,1.0,1.04,0,4,1.0059119471483497,1.0067219261227078,0.028694053720916716
1,-23.4,-23.3,1.04,1.08,2,4,1.0059119471483497,1.0067219261227078,0.028694053720916716
1,-23.4,-23.3,1.08,1.12,0,4,1.0059119471483497,1.0067219261227078,0.028694053720916716
1,-23.4,-23.3,1.12,1.16,0,4,1.0059119471483497,1.0067219261227078,0.028694053720916716
1,-23.4,-23.3,1.16,1.2,0,4,1.0059119471483497,1.0067219261227078,0.028694053720916716
1,-23.4,-23.3,1.2,1.24,0,4,1.0059119471483497,1.0067219261227078,0.028694053720916716
1,-23.4,-23.3,1.24,1.28,0,4,1.0059119471483497,1.0067219261227078,0.028694053720916716
1,-23.4,-23.3,1.28,1.32,0,4,1.0059119471483497,1.0067219261227078,0.028694053720916716
1,-23.4,-23.3,1.32,1.3599999999999999,0,4,1.0059119471483497,1.0067219261227078,0.028694053720916716
1,-23.4,-23.3,1.3599999999999999,1.4,0,4,1.0059119471483497,1.0067219261227078,0.028694053720916716
1,-23.3,-23.2,0.2,0.24000000000000002,0,14,0.9935026519596372,1.000989404299719,0.016162319807382263
1,-23.3,-23.2,0.24000000000000002,0.28,0,14,0.9935026519596372,1.000989404299719,0.016162319807382263
1,-23.3,-23.2,0.28,0.32,0,14,0.9935026519596372,1.000989404299719,0.016162319807382263
1,-23.3,-23.2,0.32,0.36,0,14,0.9935026519596372,1.000989404299719,0.016162319807382263
1,-23.3,-23.2,0.36,0.4,0,14,0.9935026519596372,1.000989404299719,0.016162319807382263
1,-23.3,-23.2,0.4,0.44,0,14,0.9935026519596372,1.000989404299719,0.016162319807382263
1,-23.3,-23.2,0.44,0.48000000000000004,0,14,0.9935026519596372,1.000989404299719,0.016162319807382263
1,-23.3,-23.2,0.48000000000000004,0.52,0,14,0.9935026519596372,1.000989404299719,0.016162319807382263
1,-23.3,-23.2,0.52,0.56,0,14,0.9935026519596372,1.000989404299719,0.016162319807382263
1,-23.3,-23.2,0.56,0.6000000000000001,0,14,0.9935026519596372,1.000989404299719,0.016162319807382263
1,-23.3,-23.2,0.6000000000000001,0.64,0,14,0.9935026519596372,1.000989404299719,0.016162319807382263
1,-23.3,-23.2,0.64,0.6799999999999999,0,14,0.9935026519596372,1.000989404299719,0.016162319807382263
1,-23.3,-23.2,0.6799999999999999,0.72,0,14,0.9935026519596372,1.000989404299719,0.016162319807382263
1,-23.3,-23.2,0.72,0.76,1,14,0.9935026519596372,1.000989404299719,0.016162319807382263
1,-23.3,-23.2,0.76,0.8,0,14,0.9935026519596372,1.000989404299719,0.016162319807382263
1,-23.3,-23.2,0.8,0.8400000000000001,0,14,0.9935026519596372,1.000989404299719,0.016162319807382263
1,-23.3,-23.2,0.8400000000000001,0.8800000000000001,1,14,0.9935026519596372,1.000989404299719,0.016162319807382263
1,-23.3,-23.2,0.8800000000000001,0.9199999999999999,0,14,0.9935026519596372,1.000989404299719,0.016162319807382263
1,-23.3,-23.2,0.9199999999999999,0.96,2,14,0.9935026519596372,1.000989404299719,0.016162319807382263
1,-23.3,-23.2,0.96,1.0,2,14,0.9935026519596372,1.000989404299719,0.016162319807382263
1,-23.3,-23.2,1.0,1.04,2,14,0.9935026519596372,1.000989404299719,0.016162319807382263
1,-23.3,-23.2,1.04,1.08,4,14,0.9935026519596372,1.000989404299719,0.016162319807382263
1,-23.3,-23.2,1.08,1.12,2,14,0.9935026519596372,1.000989404299719,0.016162319807382263
1,-23.3,-23.2,1.12,1.16,0,14,0.9935026519596372,1.000989404299719,0.016162319807382263
1,-23.3,-23.2,1.16,1.2,0,14,0.9935026519596372,1.000989404299719,0.016162319807382263
1,-23.3,-23.2,1.2,1.24,0,14,0.9935026519596372,1.000989404299719,0.016162319807382263
1,-23.3,-23.2,1.24,1.28,0,14,0.9935026519596372,1.000989404299719,0.016162319807382263
1,-23.3,-23.2,1.28,1.32,0,14,0.9935026519596372,1.000989404299719,0.016162319807382263
1,-23.3,-23.2,1.32,1.3599999999999999,0,14,0.9935026519596372,1.000989404299719,0.016162319807382263
1,-23.3,-23.2,1.3599999999999999,1.4,0,14,0.9935026519596372,1.000989404299719,0.016162319807382263
1,-23.2,-23.1,0.2,0.24000000000000002,0,28,1.021243851226721,0.9971345023578643,0.011846853886222433
1,-23.2,-23.1,0.24000000000000002,0.28,0,28,1.021243851226721,0.9971345023578643,0.011846853886222433
1,-23.2,-23.1,0.28,0.32,0,28,1.021243851226721,0.9971345023578643,0.011846853886222433
1,-23.2,-23.1,0.32,0.36,0,28,1.021243851226721,0.9971345023578643,0.011846853886222433
1,-23.2,-23.1,0.36,0.4,0,28,1.021243851226721,0.9971345023578643,0.011846853886222433
1,-23.2,-23.1,0.4,0.44,0,28,1.021243851226721,0.9971345023578643,0.011846853886222433
1,-23.2,-23.1,0.44,0.48000000000000004,0,28,1.021243851226721,0.9971345023578643,0.011846853886222433
1,-23.2,-23.1,0.48000000000000004,0.52,0,28,1.021243851226721,0.9971345023578643,0.011846853886222433
1,-23.2,-23.1,0.52,0.56,0,28,1.021243851226721,0.9971345023578643,0.011846853886222433
1,-23.2,-23.1,0.56,0.6000000000000001,0,28,1.021243851226721,0.9971345023578643,0.011846853886222433
1,-23.2,-23.1,0.6000000000000001,0.64,0,28,1.021243851226721,0.9971345023578643,0.011846853886222433
1,-23.2,-23.1,0.64,0.6799999999999999,0,28,1.021243851226721,0.9971345023578643,0.011846853886222433
1,-23.2,-23.1,0.6799999999999999,0.72,0,28,1.021243851226721,0.9971345023578643,0.011846853886222433
1,-23.2,-23.1,0.72,0.76,0,28,1.021243851226721,0.9971345023578643,0.011846853886222433
1,-23.2,-23.1,0.76,0.8,0,28,1.021243851226721,0.9971345023578643,0.011846853886222433
1,-23.2,-23.1,0.8,0.8400000000000001,0,28,1.021243851226721,0.9971345023578643,0.011846853886222433
1,-23.2,-23.1,0.8400000000000001,0.8800000000000001,0,28,1.021243851226721,0.9971345023578643,0.011846853886222433
1,-23.2,-23.1,0.8800000000000001,0.9199999999999999,0,28,1.021243851226721,0.9971345023578643,0.011846853886222433
1,-23.2,-23.1,0.9199999999999999,0.96,3,28,1.021243851226721,0.9971345023578643,0.011846853886222433
1,-23.2,-23.1,0.96,1.0,7,28,1.021243851226721,0.9971345023578643,0.011846853886222433
1,-23.2,-23.1,1.0,1.04,7,28,1.021243851226721,0.9971345023578643,0.011846853886222433
1,-23.2,-23.1,1.04,1.08,6,28,1.021243851226721,0.9971345023578643,0.011846853886222433
1,-23.2,-23.1,1.08,1.12,4,28,1.021243851226721,0.9971345023578643,0.011846853886222433
1,-23.2,-23.1,1.12,1.16,1,28,1.021243851226721,0.9971345023578643,0.011846853886222433
1,-23.2,-23.1,1.16,1.2,0,28,1.021243851226721,0.9971345023578643,0.011846853886222433
1,-23.2,-23.1,1.2,1.24,0,28,1.021243851226721,0.9971345023578643,0.011846853886222433
1,-23.2,-23.1,1.24,1.28,0,28,1.021243851226721,0.9971345023578643,0.011846853886222433
1,-23.2,-23.1,1.28,1.32,0,28,1.021243851226721,0.9971345023578643,0.011846853886222433
1,-23.2,-23.1,1.32,1.3599999999999999,0,28,1.021243851226721,0.9971345023578643,0.011846853886222433
1,-23.2,-23.1,1.3599999999999999,1.4,0,28,1.021243851226721,0.9971345023578643,0.011846853886222433
1,-23.1,-23.0,0.2,0.24000000000000002,0,56,0.9931843246376809,0.990880266103599,0.008857279059631937
1,-23.1,-23.0,0.24000000000000002,0.28,0,56,0.9931843246376809,0.990880266103599,0.008857279059631937
1,-23.1,-23.0,0.28,0.32,0,56,0.9931843246376809,0.990880266103599,0.008857279059631937
1,-23.1,-23.0,0.32,0.36,0,56,0.9931843246376809,0.990880266103599,0.008857279059631937
1,-23.1,-23.0,0.36,0.4,0,56,0.9931843246376809,0.990880266103599,0.008857279059631937
1,-23.1,-23.0,0.4,0.44,0,56,0.9931843246376809,0.990880266103599,0.008857279059631937
1,-23.1,-23.0,0.44,0.48000000000000004,0,56,0.9931843246376809,0.990880266103599,0.008857279059631937
1,-23.1,-23.0,0.48000000000000004,0.52,0,56,0.9931843246376809,0.990880266103599,0.008857279059631937
1,-23.1,-23.0,0.52,0.56,0,56,0.9931843246376809,0.990880266103599,0.008857279059631937
1,-23.1,-23.0,0.56,0.6000000000000001,0,56,0.9931843246376809,0.990880266103599,0.008857279059631937
1,-23.1,-23.0,0.6000000000000001,0.64,0,56,0.9931843246376809,0.990880266103599,0.008857279059631937
1,-23.1,-23.0,0.64,0.6799999999999999,0,56,0.9931843246376809,0.990880266103599,0.008857279059631937
1,-23.1,-23.0,0.6799999999999999,0.72,0,56,0.9931843246376809,0.990880266103599,0.008857279059631937
1,-23.1,-23.0,0.72,0.76,0,56,0.9931843246376809,0.990880266103599,0.008857279059631937
1,-23.1,-23.0,0.76,0.8,0,56,0.9931843246376809,0.990880266103599,0.008857279059631937
1,-23.1,-23.0,0.8,0.8400000000000001,0,56,0.9931843246376809,0.990880266103599,0.008857279059631937
1,-23.1,-23.0,0.8400000000000001,0.8800000000000001,3,56,0.9931843246376809,0.990880266103599,0.008857279059631937
1,-23.1,-23.0,0.8800000000000001,0.9199999999999999,4,56,0.9931843246376809,0.990880266103599,0.008857279059631937
1,-23.1,-23.0,0.9199999999999999,0.96,7,56,0.9931843246376809,0.990880266103599,0.008857279059631937
1,-23.1,-23.0,0.96,1.0,14,56,0.9931843246376809,0.990880266103599,0.008857279059631937
1,-23.1,-23.0,1.0,1.04,17,56,0.9931843246376809,0.990880266103599,0.008857279059631937
1,-23.1,-23.0,1.04,1.08,10,56,0.9931843246376809,0.990880266103599,0.008857279059631937
1,-23.1,-23.0,1.08,1.12,1,56,0.9931843246376809,0.990880266103599,0.008857279059631937
1,-23.1,-23.0,1.12,1.16,0,56,0.9931843246376809,0.990880266103599,0.008857279059631937
1,-23.1,-23.0,1.16,1.2,0,56,0.9931843246376809,0.990880266103599,0.008857279059631937
1,-23.1,-23.0,1.2,1.24,0,56,0.9931843246376809,0.990880266103599,0.008857279059631937
1,-23.1,-23.0,1.24,1.28,0,56,0.9931843246376809,0.990880266103599,0.008857279059631937
1,-23.1,-23.0,1.28,1.32,0,56,0.9931843246376809,0.990880266103599,0.008857279059631937
1,-23.1,-23.0,1.32,1.3599999999999999,0,56,0.9931843246376809,0.990880266103599,0.008857279059631937
1,-23.1,-23.0,1.3599999999999999,1.4,0,56,0.9931843246376809,0.990880266103599,0.008857279059631937
1,-23.0,-22.9,0.2,0.24000000000000002,0,99,0.9839173794046857,0.9861326663534556,0.006941981052320558
1,-23.0,-22.9,0.24000000000000002,0.28,0,99,0.9839173794046857,0.9861326663534556,0.006941981052320558
1,-23.0,-22.9,0.28,0.32,0,99,0.9839173794046857,0.9861326663534556,0.006941981052320558
1,-23.0,-22.9,0.32,0.36,0,99,0.9839173794046857,0.9861326663534556,0.006941981052320558
1,-23.0,-22.9,0.36,0.4,0,99,0.9839173794046857,0.9861326663534556,0.006941981052320558
1,-23.0,-22.9,0.4,0.44,0,99,0.9839173794046857,0.9861326663534556,0.006941981052320558
1,-23.0,-22.9,0.44,0.48000000000000004,0,99,0.9839173794046857,0.9861326663534556,0.006941981052320558
1,-23.0,-22.9,0.48000000000000004,0.52,0,99,0.9839173794046857,0.9861326663534556,0.006941981052320558
1,-23.0,-22.9,0.52,0.56,0,99,0.9839173794046857,0.9861326663534556,0.006941981052320558
1,-23.0,-22.9,0.56,0.6000000000000001,0,99,0.9839173794046857,0.9861326663534556,0.006941981052320558
1,-23.0,-22.9,0.6000000000000001,0.64,0,99,0.9839173794046857,0.9861326663534556,0.006941981052320558
1,-23.0,-22.9,0.64,0.6799999999999999,0,99,0.9839173794046857,0.9861326663534556,0.006941981052320558
1,-23.0,-22.9,0.6799999999999999,0.72,0,99,0.9839173794046857,0.9861326663534556,0.006941981052320558
1,-23.0,-22.9,0.72,0.76,1,99,0.9839173794046857,0.9861326663534556,0.006941981052320558
1,-23.0,-22.9,0.76,0.8,1,99,0.9839173794046857,0.9861326663534556,0.006941981052320558
1,-23.0,-22.9,0.8,0.8400000000000001,4,99,0.9839173794046857,0.9861326663534556,0.006941981052320558
1,-23.0,-22.9,0.8400000000000001,0.8800000000000001,3,99,0.9839173794046857,0.9861326663534556,0.006941981052320558
1,-23.0,-22.9,0.8800000000000001,0.9199999999999999,4,99,0.9839173794046857,0.9861326663534556,0.006941981052320558
1,-23.0,-22.9,0.9199999999999999,0.96,16,99,0.9839173794046857,0.9861326663534556,0.006941981052320558
1,-23.0,-22.9,0.96,1.0,26,99,0.9839173794046857,0.9861326663534556,0.006941981052320558
1,-23.0,-22.9,1.0,1.04,24,99,0.9839173794046857,0.9861326663534556,0.006941981052320558
1,-23.0,-22.9,1.04,1.08,15,99,0.9839173794046857,0.9861326663534556,0.006941981052320558
1,-23.0,-22.9,1.08,1.12,5,99,0.9839173794046857,0.9861326663534556,0.006941981052320558
1,-23.0,-22.9,1.12,1.16,0,99,0.9839173794046857,0.9861326663534556,0.006941981052320558
1,-23.0,-22.9,1.16,1.2,0,99,0.9839173794046857,0.9861326663534556,0.006941981052320558
1,-23.0,-22.9,1.2,1.24,0,99,0.9839173794046857,0.9861326663534556,0.006941981052320558
1,-23.0,-22.9,1.24,1.28,0,99,0.9839173794046857,0.9861326663534556,0.006941981052320558
1,-23.0,-22.9,1.28,1.32,0,99,0.9839173794046857,0.9861326663534556,0.006941981052320558
1,-23.0,-22.9,1.32,1.3599999999999999,0,99,0.9839173794046857,0.9861326663534556,0.006941981052320558
1,-23.0,-22.9,1.3599999999999999,1.4,0,99,0.9839173794046857,0.9861326663534556,0.006941981052320558
1,-22.9,-22.8,0.2,0.24000000000000002,0,193,0.9783056543968791,0.9798087088545909,0.0052395260208752265
1,-22.9,-22.8,0.24000000000000002,0.28,0,193,0.9783056543968791,0.9798087088545909,0.0052395260208752265
1,-22.9,-22.8,0.28,0.32,0,193,0.9783056543968791,0.9798087088545909,0.0052395260208752265
1,-22.9,-22.8,0.32,0.36,0,193,0.9783056543968791,0.9798087088545909,0.0052395260208752265
1,-22.9,-22.8,0.36,0.4,0,193,0.9783056543968791,0.9798087088545909,0.0052395260208752265
1,-22.9,-22.8,0.4,0.44,0,193,0.9783056543968791,0.9798087088545909,0.0052395260208752265
1,-22.9,-22.8,0.44,0.48000000000000004,0,193,0.9783056543968791,0.9798087088545909,0.0052395260208752265
1,-22.9,-22.8,0.48000000000000004,0.52,0,193,0.9783056543968791,0.9798087088545909,0.0052395260208752265
1,-22.9,-22.8,0.52,0.56,0,193,0.9783056543968791,0.9798087088545909,0.0052395260208752265
1,-22.9,-22.8,0.56,0.6000000000000001,0,193,0.9783056543968791,0.9798087088545909,0.0052395260208752265
1,-22.9,-22.8,0.6000000000000001,0.64,0,193,0.9783056543968791,0.9798087088545909,0.0052395260208752265
1,-22.9,-22.8,0.64,0.6799999999999999,0,193,0.9783056543968791,0.9798087088545909,0.0052395260208752265
1,-22.9,-22.8,0.6799999999999999,0.72,0,193,0.9783056543968791,0.9798087088545909,0.0052395260208752265
1,-22.9,-22.8,0.72,0.76,1,193,0.9783056543968791,0.9798087088545909,0.0052395260208752265
1,-22.9,-22.8,0.76,0.8,3,193,0.9783056543968791,0.9798087088545909,0.0052395260208752265
1,-22.9,-22.8,0.8,0.8400000000000001,8,193,0.9783056543968791,0.9798087088545909,0.0052395260208752265
1,-22.9,-22.8,0.8400000000000001,0.8800000000000001,6,193,0.9783056543968791,0.9798087088545909,0.0052395260208752265
1,-22.9,-22.8,0.8800000000000001,0.9199999999999999,12,193,0.9783056543968791,0.9798087088545909,0.0052395260208752265
1,-22.9,-22.8,0.9199999999999999,0.96,31,193,0.9783056543968791,0.9798087088545909,0.0052395260208752265
1,-22.9,-22.8,0.96,1.0,55,193,0.9783056543968791,0.9798087088545909,0.0052395260208752265
1,-22.9,-22.8,1.0,1.04,51,193,0.9783056543968791,0.9798087088545909,0.0052395260208752265
1,-22.9,-22.8,1.04,1.08,18,193,0.9783056543968791,0.9798087088545909,0.0052395260208752265
1,-22.9,-22.8,1.08,1.12,5,193,0.9783056543968791,0.9798087088545909,0.0052395260208752265
1,-22.9,-22.8,1.12,1.16,2,193,0.9783056543968791,0.9798087088545909,0.0052395260208752265
1,-22.9,-22.8,1.16,1.2,1,193,0.9783056543968791,0.9798087088545909,0.0052395260208752265
1,-22.9,-22.8,1.2,1.24,0,193,0.9783056543968791,0.9798087088545909,0.0052395260208752265
1,-22.9,-22.8,1.24,1.28,0,193,0.9783056543968791,0.9798087088545909,0.0052395260208752265
1,-22.9,-22.8,1.28,1.32,0,193,0.9783056543968791,0.9798087088545909,0.0052395260208752265
1,-22.9,-22.8,1.32,1.3599999999999999,0,193,0.9783056543968791,0.9798087088545909,0.0052395260208752265
1,-22.9,-22.8,1.3599999999999999,1.4,0,193,0.9783056543968791,0.9798087088545909,0.0052395260208752265
1,-22.8,-22.7,0.2,0.24000000000000002,0,367,0.9723474539624222,0.974002144418416,0.003981678840374574
1,-22.8,-22.7,0.24000000000000002,0.28,0,367,0.9723474539624222,0.974002144418416,0.003981678840374574
1,-22.8,-22.7,0.28,0.32,0,367,0.9723474539624222,0.974002144418416,0.003981678840374574
1,-22.8,-22.7,0.32,0.36,0,367,0.9723474539624222,0.974002144418416,0.003981678840374574
1,-22.8,-22.7,0.36,0.4,0,367,0.9723474539624222,0.974002144418416,0.003981678840374574
1,-22.8,-22.7,0.4,0.44,0,367,0.9723474539624222,0.974002144418416,0.003981678840374574
1,-22.8,-22.7,0.44,0.48000000000000004,0,367,0.9723474539624222,0.974002144418416,0.003981678840374574
1,-22.8,-22.7,0.48000000000000004,0.52,0,367,0.9723474539624222,0.974002144418416,0.003981678840374574
1,-22.8,-22.7,0.52,0.56,0,367,0.9723474539624222,0.974002144418416,0.003981678840374574
1,-22.8,-22.7,0.56,0.6000000000000001,0,367,0.9723474539624222,0.974002144418416,0.003981678840374574
1,-22.8,-22.7,0.6000000000000001,0.64,0,367,0.9723474539624222,0.974002144418416,0.003981678840374574
1,-22.8,-22.7,0.64,0.6799999999999999,1,367,0.9723474539624222,0.974002144418416,0.003981678840374574
1,-22.8,-22.7,0.6799999999999999,0.72,0,367,0.9723474539624222,0.974002144418416,0.003981678840374574
1,-22.8,-22.7,0.72,0.76,1,367,0.9723474539624222,0.974002144418416,0.003981678840374574
1,-22.8,-22.7,0.76,0.8,10,367,0.9723474539624222,0.974002144418416,0.003981678840374574
1,-22.8,-22.7,0.8,0.8400000000000001,13,367,0.9723474539624222,0.974002144418416,0.003981678840374574
1,-22.8,-22.7,0.8400000000000001,0.8800000000000001,13,367,0.9723474539624222,0.974002144418416,0.003981678840374574
1,-22.8,-22.7,0.8800000000000001,0.9199999999999999,31,367,0.9723474539624222,0.974002144418416,0.003981678840374574
1,-22.8,-22.7,0.9199999999999999,0.96,53,367,0.9723474539624222,0.974002144418416,0.003981678840374574
1,-22.8,-22.7,0.96,1.0,106,367,0.9723474539624222,0.974002144418416,0.003981678840374574
1,-22.8,-22.7,1.0,1.04,89,367,0.9723474539624222,0.974002144418416,0.003981678840374574
1,-22.8,-22.7,1.04,1.08,42,367,0.9723474539624222,0.974002144418416,0.003981678840374574
1,-22.8,-22.7,1.08,1.12,7,367,0.9723474539624222,0.974002144418416,0.003981678840374574
1,-22.8,-22.7,1.12,1.16,0,367,0.9723474539624222,0.974002144418416,0.003981678840374574
1,-22.8,-22.7,1.16,1.2,1,367,0.9723474539624222,0.974002144418416,0.003981678840374574
1,-22.8,-22.7,1.2,1.24,0,367,0.9723474539624222,0.974002144418416,0.003981678840374574
1,-22.8,-22.7,1.24,1.28,0,367,0.9723474539624222,0.974002144418416,0.003981678840374574
1,-22.8,-22.7,1.28,1.32,0,367,0.9723474539624222,0.974002144418416,0.003981678840374574
1,-22.8,-22.7,1.32,1.3599999999999999,0,367,0.9723474539624222,0.974002144418416,0.003981678840374574
1,-22.8,-22.7,1.3599999999999999,1.4,0,367,0.9723474539624222,0.974002144418416,0.003981678840374574
1,-22.7,-22.6,0.2,0.24000000000000002,0,741,0.9654553655513939,0.9678655108824505,0.002936527102214814
1,-22.7,-22.6,0.24000000000000002,0.28,0,741,0.9654553655513939,0.9678655108824505,0.002936527102214814
1,-22.7,-22.6,0.28,0.32,0,741,0.9654553655513939,0.9678655108824505,0.002936527102214814
1,-22.7,-22.6,0.32,0.36,0,741,0.9654553655513939,0.9678655108824505,0.002936527102214814
1,-22.7,-22.6,0.36,0.4,0,741,0.9654553655513939,0.9678655108824505,0.002936527102214814
1,-22.7,-22.6,0.4,0.44,0,741,0.9654553655513939,0.9678655108824505,0.002936527102214814
1,-22.7,-22.6,0.44,0.48000000000000004,0,741,0.9654553655513939,0.9678655108824505,0.002936527102214814
1,-22.7,-22.6,0.48000000000000004,0.52,0,741,0.9654553655513939,0.9678655108824505,0.002936527102214814
1,-22.7,-22.6,0.52,0.56,0,741,0.9654553655513939,0.9678655108824505,0.002936527102214814
1,-22.7,-22.6,0.56,0.6000000000000001,0,741,0.9654553655513939,0.9678655108824505,0.002936527102214814
1,-22.7,-22.6,0.6000000000000001,0.64,1,741,0.9654553655513939,0.9678655108824505,0.002936527102214814
1,-22.7,-22.6,0.64,0.6799999999999999,0,741,0.9654553655513939,0.9678655108824505,0.002936527102214814
1,-22.7,-22.6,0.6799999999999999,0.72,7,741,0.9654553655513939,0.9678655108824505,0.002936527102214814
1,-22.7,-22.6,0.72,0.76,17,741,0.9654553655513939,0.9678655108824505,0.002936527102214814
1,-22.7,-22.6,0.76,0.8,9,741,0.9654553655513939,0.9678655108824505,0.002936527102214814
1,-22.7,-22.6,0.8,0.8400000000000001,30,741,0.9654553655513939,0.9678655108824505,0.002936527102214814
1,-22.7,-22.6,0.8400000000000001,0.8800000000000001,46,741,0.9654553655513939,0.9678655108824505,0.002936527102214814
1,-22.7,-22.6,0.8800000000000001,0.9199999999999999,72,741,0.9654553655513939,0.9678655108824505,0.002936527102214814
1,-22.7,-22.6,0.9199999999999999,0.96,107,741,0.9654553655513939,0.9678655108824505,0.002936527102214814
1,-22.7,-22.6,0.96,1.0,175,741,0.9654553655513939,0.9678655108824505,0.002936527102214814
1,-22.7,-22.6,1.0,1.04,153,741,0.9654553655513939,0.9678655108824505,0.002936527102214814
1,-22.7,-22.6,1.04,1.08,95,741,0.9654553655513939,0.9678655108824505,0.002936527102214814
1,-22.7,-22.6,1.08,1.12,25,741,0.9654553655513939,0.9678655108824505,0.002936527102214814
1,-22.7,-22.6,1.12,1.16,3,741,0.9654553655513939,0.9678655108824505,0.002936527102214814
1,-22.7,-22.6,1.16,1.2,1,741,0.9654553655513939,0.9678655108824505,0.002936527102214814
1,-22.7,-22.6,1.2,1.24,0,741,0.9654553655513939,0.9678655108824505,0.002936527102214814
1,-22.7,-22.6,1.24,1.28,0,741,0.9654553655513939,0.9678655108824505,0.002936527102214814
1,-22.7,-22.6,1.28,1.32,0,741,0.9654553655513939,0.9678655108824505,0.002936527102214814
1,-22.7,-22.6,1.32,1.3599999999999999,0,741,0.9654553655513939,0.9678655108824505,0.002936527102214814
1,-22.7,-22.6,1.3599999999999999,1.4,0,741,0.9654553655513939,0.9678655108824505,0.002936527102214814
1,-22.6,-22.5,0.2,0.24000000000000002,0,1129,0.9647017502510723,0.96149780211984,0.0024924640304927665
1,-22.6,-22.5,0.24000000000000002,0.28,0,1129,0.9647017502510723,0.96149780211984,0.0024924640304927665
1,-22.6,-22.5,0.28,0.32,0,1129,0.9647017502510723,0.96149780211984,0.0024924640304927665
1,-22.6,-22.5,0.32,0.36,0,1129,0.9647017502510723,0.96149780211984,0.0024924640304927665
1,-22.6,-22.5,0.36,0.4,0,1129,0.9647017502510723,0.96149780211984,0.0024924640304927665
1,-22.6,-22.5,0.4,0.44,0,1129,0.9647017502510723,0.96149780211984,0.0024924640304927665
1,-22.6,-22.5,0.44,0.48000000000000004,0,1129,0.9647017502510723,0.96149780211984,0.0024924640304927665
1,-22.6,-22.5,0.48000000000000004,0.52,0,1129,0.9647017502510723,0.96149780211984,0.0024924640304927665
1,-22.6,-22.5,0.52,0.56,0,1129,0.9647017502510723,0.96149780211984,0.0024924640304927665
1,-22.6,-22.5,0.56,0.6000000000000001,1,1129,0.9647017502510723,0.96149780211984,0.0024924640304927665
1,-22.6,-22.5,0.6000000000000001,0.64,0,1129,0.9647017502510723,0.96149780211984,0.0024924640304927665
1,-22.6,-22.5,0.64,0.6799999999999999,1,1129,0.9647017502510723,0.96149780211984,0.0024924640304927665
1,-22.6,-22.5,0.6799999999999999,0.72,7,1129,0.9647017502510723,0.96149780211984,0.0024924640304927665
1,-22.6,-22.5,0.72,0.76,15,1129,0.9647017502510723,0.96149780211984,0.0024924640304927665
1,-22.6,-22.5,0.76,0.8,30,1129,0.9647017502510723,0.96149780211984,0.0024924640304927665
1,-22.6,-22.5,0.8,0.8400000000000001,45,1129,0.9647017502510723,0.96149780211984,0.0024924640304927665
1,-22.6,-22.5,0.8400000000000001,0.8800000000000001,58,1129,0.9647017502510723,0.96149780211984,0.0024924640304927665
1,-22.6,-22.5,0.8800000000000001,0.9199999999999999,107,1129,0.9647017502510723,0.96149780211984,0.0024924640304927665
1,-22.6,-22.5,0.9199999999999999,0.96,189,1129,0.9647017502510723,0.96149780211984,0.0024924640304927665
1,-22.6,-22.5,0.96,1.0,259,1129,0.9647017502510723,0.96149780211984,0.0024924640304927665
1,-22.6,-22.5,1.0,1.04,252,1129,0.9647017502510723,0.96149780211984,0.0024924640304927665
1,-22.6,-22.5,1.04,1.08,127,1129,0.9647017502510723,0.96149780211984,0.0024924640304927665
1,-22.6,-22.5,1.08,1.12,32,1129,0.9647017502510723,0.96149780211984,0.0024924640304927665
1,-22.6,-22.5,1.12,1.16,4,1129,0.9647017502510723,0.96149780211984,0.0024924640304927665
1,-22.6,-22.5,1.16,1.2,2,1129,0.9647017502510723,0.96149780211984,0.0024924640304927665
1,-22.6,-22.5,1.2,1.24,0,1129,0.9647017502510723,0.96149780211984,0.0024924640304927665
1,-22.6,-22.5,1.24,1.28,0,1129,0.9647017502510723,0.96149780211984,0.0024924640304927665
1,-22.6,-22.5,1.28,1.32,0,1129,0.9647017502510723,0.96149780211984,0.0024924640304927665
1,-22.6,-22.5,1.32,1.3599999999999999,0,1129,0.9647017502510723,0.96149780211984,0.0024924640304927665
1,-22.6,-22.5,1.3599999999999999,1.4,0,1129,0.9647017502510723,0.96149780211984,0.0024924640304927665
1,-22.5,-22.4,0.2,0.24000000000000002,0,1848,0.9553293705139424,0.955123304320509,0.0020370532187981376
1,-22.5,-22.4,0.24000000000000002,0.28,0,1848,0.9553293705139424,0.955123304320509,0.0020370532187981376
1,-22.5,-22.4,0.28,0.32,0,1848,0.9553293705139424,0.955123304320509,0.0020370532187981376
1,-22.5,-22.4,0.32,0.36,0,1848,0.9553293705139424,0.955123304320509,0.0020370532187981376
1,-22.5,-22.4,0.36,0.4,0,1848,0.9553293705139424,0.955123304320509,0.0020370532187981376
1,-22.5,-22.4,0.4,0.44,0,1848,0.9553293705139424,0.955123304320509,0.0020370532187981376
1,-22.5,-22.4,0.44,0.48000000000000004,0,1848,0.9553293705139424,0.955123304320509,0.0020370532187981376
1,-22.5,-22.4,0.48000000000000004,0.52,0,1848,0.9553293705139424,0.955123304320509,0.0020370532187981376
1,-22.5,-22.4,0.52,0.56,1,1848,0.9553293705139424,0.955123304320509,0.0020370532187981376
1,-22.5,-22.4,0.56,0.6000000000000001,0,1848,0.9553293705139424,0.955123304320509,0.0020370532187981376
1,-22.5,-22.4,0.6000000000000001,0.64,1,1848,0.9553293705139424,0.955123304320509,0.0020370532187981376
1,-22.5,-22.4,0.64,0.6799999999999999,9,1848,0.9553293705139424,0.955123304320509,0.0020370532187981376
1,-22.5,-22.4,0.6799999999999999,0.72,15,1848,0.9553293705139424,0.955123304320509,0.0020370532187981376
1,-22.5,-22.4,0.72,0.76,36,1848,0.9553293705139424,0.955123304320509,0.0020370532187981376
1,-22.5,-22.4,0.76,0.8,56,1848,0.9553293705139424,0.955123304320509,0.0020370532187981376
1,-22.5,-22.4,0.8,0.8400000000000001,90,1848,0.9553293705139424,0.955123304320509,0.0020370532187981376
1,-22.5,-22.4,0.8400000000000001,0.8800000000000001,123,1848,0.9553293705139424,0.955123304320509,0.0020370532187981376
1,-22.5,-22.4,0.8800000000000001,0.9199999999999999,179,1848,0.9553293705139424,0.955123304320509,0.0020370532187981376
1,-22.5,-22.4,0.9199999999999999,0.96,312,1848,0.9553293705139424,0.955123304320509,0.0020370532187981376
1,-22.5,-22.4,0.96,1.0,408,1848,0.9553293705139424,0.955123304320509,0.0020370532187981376
1,-22.5,-22.4,1.0,1.04,357,1848,0.9553293705139424,0.955123304320509,0.0020370532187981376
1,-22.5,-22.4,1.04,1.08,194,1848,0.9553293705139424,0.955123304320509,0.0020370532187981376
1,-22.5,-22.4,1.08,1.12,56,1848,0.9553293705139424,0.955123304320509,0.0020370532187981376
1,-22.5,-22.4,1.12,1.16,11,1848,0.9553293705139424,0.955123304320509,0.0020370532187981376
1,-22.5,-22.4,1.16,1.2,0,1848,0.9553293705139424,0.955123304320509,0.0020370532187981376
1,-22.5,-22.4,1.2,1.24,0,1848,0.9553293705139424,0.955123304320509,0.0020370532187981376
1,-22.5,-22.4,1.24,1.28,0,1848,0.9553293705139424,0.955123304320509,0.0020370532187981376
1,-22.5,-22.4,1.28,1.32,0,1848,0.9553293705139424,0.955123304320509,0.0020370532187981376
1,-22.5,-22.4,1.32,1.3599999999999999,0,1848,0.9553293705139424,0.955123304320509,0.0020370532187981376
1,-22.5,-22.4,1.3599999999999999,1.4,0,1848,0.9553293705139424,0.955123304320509,0.0020370532187981376
1,-22.4,-22.3,0.2,0.24000000000000002,0,2836,0.9517663844076132,0.9487592385174377,0.0017151343977125516
1,-22.4,-22.3,0.24000000000000002,0.28,0,2836,0.9517663844076132,0.9487592385174377,0.0017151343977125516
1,-22.4,-22.3,0.28,0.32,0,2836,0.9517663844076132,0.9487592385174377,0.0017151343977125516
1,-22.4,-22.3,0.32,0.36,0,2836,0.9517663844076132,0.9487592385174377,0.0017151343977125516
1,-22.4,-22.3,0.36,0.4,0,2836,0.9517663844076132,0.9487592385174377,0.0017151343977125516
1,-22.4,-22.3,0.4,0.44,0,2836,0.9517663844076132,0.9487592385174377,0.0017151343977125516
1,-22.4,-22.3,0.44,0.48000000000000004,0,2836,0.9517663844076132,0.9487592385174377,0.0017151343977125516
1,-22.4,-22.3,0.48000000000000004,0.52,0,2836,0.9517663844076132,0.9487592385174377,0.0017151343977125516
1,-22.4,-22.3,0.52,0.56,0,2836,0.9517663844076132,0.9487592385174377,0.0017151343977125516
1,-22.4,-22.3,0.56,0.6000000000000001,0,2836,0.9517663844076132,0.9487592385174377,0.0017151343977125516
1,-22.4,-22.3,0.6000000000000001,0.64,5,2836,0.9517663844076132,0.9487592385174377,0.0017151343977125516
1,-22.4,-22.3,0.64,0.6799999999999999,11,2836,0.9517663844076132,0.9487592385174377,0.0017151343977125516
1,-22.4,-22.3,0.6799999999999999,0.72,36,2836,0.9517663844076132,0.9487592385174377,0.0017151343977125516
1,-22.4,-22.3,0.72,0.76,52,2836,0.9517663844076132,0.9487592385174377,0.0017151343977125516
1,-22.4,-22.3,0.76,0.8,116,2836,0.9517663844076132,0.9487592385174377,0.0017151343977125516
1,-22.4,-22.3,0.8,0.8400000000000001,142,2836,0.9517663844076132,0.9487592385174377,0.0017151343977125516
1,-22.4,-22.3,0.8400000000000001,0.8800000000000001,176,2836,0.9517663844076132,0.9487592385174377,0.0017151343977125516
1,-22.4,-22.3,0.8800000000000001,0.9199999999999999,234,2836,0.9517663844076132,0.9487592385174377,0.0017151343977125516
1,-22.4,-22.3,0.9199999999999999,0.96,502,2836,0.9517663844076132,0.9487592385174377,0.0017151343977125516
1,-22.4,-22.3,0.96,1.0,678,2836,0.9517663844076132,0.9487592385174377,0.0017151343977125516
1,-22.4,-22.3,1.0,1.04,535,2836,0.9517663844076132,0.9487592385174377,0.0017151343977125516
1,-22.4,-22.3,1.04,1.08,263,2836,0.9517663844076132,0.9487592385174377,0.0017151343977125516
1,-22.4,-22.3,1.08,1.12,72,2836,0.9517663844076132,0.9487592385174377,0.0017151343977125516
1,-22.4,-22.3,1.12,1.16,11,2836,0.9517663844076132,0.9487592385174377,0.0017151343977125516
1,-22.4,-22.3,1.16,1.2,3,2836,0.9517663844076132,0.9487592385174377,0.0017151343977125516
1,-22.4,-22.3,1.2,1.24,0,2836,0.9517663844076132,0.9487592385174377,0.0017151343977125516
1,-22.4,-22.3,1.24,1.28,0,2836,0.9517663844076132,0.9487592385174377,0.0017151343977125516
1,-22.4,-22.3,1.28,1.32,0,2836,0.9517663844076132,0.9487592385174377,0.0017151343977125516
1,-22.4,-22.3,1.32,1.3599999999999999,0,2836,0.9517663844076132,0.9487592385174377,0.0017151343977125516
1,-22.4,-22.3,1.3599999999999999,1.4,0,2836,0.9517663844076132,0.9487592385174377,0.0017151343977125516
1,-22.3,-22.2,0.2,0.24000000000000002,0,4263,0.9411392254347147,0.9423988757184694,0.0014566616576916877
1,-22.3,-22.2,0.24000000000000002,0.28,0,4263,0.9411392254347147,0.9423988757184694,0.0014566616576916877
1,-22.3,-22.2,0.28,0.32,0,4263,0.9411392254347147,0.9423988757184694,0.0014566616576916877
1,-22.3,-22.2,0.32,0.36,0,4263,0.9411392254347147,0.9423988757184694,0.0014566616576916877
1,-22.3,-22.2,0.36,0.4,0,4263,0.9411392254347147,0.9423988757184694,0.0014566616576916877
1,-22.3,-22.2,0.4,0.44,0,4263,0.9411392254347147,0.9423988757184694,0.0014566616576916877
1,-22.3,-22.2,0.44,0.48000000000000004,0,4263,0.9411392254347147,0.9423988757184694,0.0014566616576916877
1,-22.3,-22.2,0.48000000000000004,0.52,0,4263,0.9411392254347147,0.9423988757184694,0.0014566616576916877
1,-22.3,-22.2,0.52,0.56,1,4263,0.9411392254347147,0.9423988757184694,0.0014566616576916877
1,-22.3,-22.2,0.56,0.6000000000000001,8,4263,0.9411392254347147,0.9423988757184694,0.0014566616576916877
1,-22.3,-22.2,0.6000000000000001,0.64,14,4263,0.9411392254347147,0.9423988757184694,0.0014566616576916877
1,-22.3,-22.2,0.64,0.6799999999999999,42,4263,0.9411392254347147,0.9423988757184694,0.0014566616576916877
1,-22.3,-22.2,0.6799999999999999,0.72,75,4263,0.9411392254347147,0.9423988757184694,0.0014566616576916877
1,-22.3,-22.2,0.72,0.76,131,4263,0.9411392254347147,0.9423988757184694,0.0014566616576916877
1,-22.3,-22.2,0.76,0.8,174,4263,0.9411392254347147,0.9423988757184694,0.0014566616576916877
1,-22.3,-22.2,0.8,0.8400000000000001,220,4263,0.9411392254347147,0.9423988757184694,0.0014566616576916877
1,-22.3,-22.2,0.8400000000000001,0.8800000000000001,282,4263,0.9411392254347147,0.9423988757184694,0.0014566616576916877
1,-22.3,-22.2,0.8800000000000001,0.9199999999999999,444,4263,0.9411392254347147,0.9423988757184694,0.0014566616576916877
1,-22.3,-22.2,0.9199999999999999,0.96,699,4263,0.9411392254347147,0.9423988757184694,0.0014566616576916877
1,-22.3,-22.2,0.96,1.0,940,4263,0.9411392254347147,0.9423988757184694,0.0014566616576916877
1,-22.3,-22.2,1.0,1.04,748,4263,0.9411392254347147,0.9423988757184694,0.0014566616576916877
1,-22.3,-22.2,1.04,1.08,360,4263,0.9411392254347147,0.9423988757184694,0.0014566616576916877
1,-22.3,-22.2,1.08,1.12,105,4263,0.9411392254347147,0.9423988757184694,0.0014566616576916877
1,-22.3,-22.2,1.12,1.16,19,4263,0.9411392254347147,0.9423988757184694,0.0014566616576916877
1,-22.3,-22.2,1.16,1.2,1,4263,0.9411392254347147,0.9423988757184694,0.0014566616576916877
1,-22.3,-22.2,1.2,1.24,0,4263,0.9411392254347147,0.9423988757184694,0.0014566616576916877
1,-22.3,-22.2,1.24,1.28,0,4263,0.9411392254347147,0.9423988757184694,0.0014566616576916877
1,-22.3,-22.2,1.28,1.32,0,4263,0.9411392254347147,0.9423988757184694,0.0014566616576916877
1,-22.3,-22.2,1.32,1.3599999999999999,0,4263,0.9411392254347147,0.9423988757184694,0.0014566616576916877
1,-22.3,-22.2,1.3599999999999999,1.4,0,4263,0.9411392254347147,0.9423988757184694,0.0014566616576916877
1,-22.2,-22.1,0.2,0.24000000000000002,0,6234,0.9340527724370508,0.9362799153675039,0.0012497187620179667
1,-22.2,-22.1,0.24000000000000002,0.28,0,6234,0.9340527724370508,0.9362799153675039,0.0012497187620179667
1,-22.2,-22.1,0.28,0.32,0,6234,0.9340527724370508,0.9362799153675039,0.0012497187620179667
1,-22.2,-22.1,0.32,0.36,0,6234,0.9340527724370508,0.9362799153675039,0.0012497187620179667
1,-22.2,-22.1,0.36,0.4,0,6234,0.9340527724370508,0.9362799153675039,0.0012497187620179667
1,-22.2,-22.1,0.4,0.44,0,6234,0.9340527724370508,0.9362799153675039,0.0012497187620179667
1,-22.2,-22.1,0.44,0.48000000000000004,0,6234,0.9340527724370508,0.9362799153675039,0.0012497187620179667
1,-22.2,-22.1,0.48000000000000004,0.52,1,6234,0.9340527724370508,0.9362799153675039,0.0012497187620179667
1,-22.2,-22.1,0.52,0.56,4,6234,0.9340527724370508,0.9362799153675039,0.0012497187620179667
1,-22.2,-22.1,0.56,0.6000000000000001,13,6234,0.9340527724370508,0.9362799153675039,0.0012497187620179667
1,-22.2,-22.1,0.6000000000000001,0.64,30,6234,0.9340527724370508,0.9362799153675039,0.0012497187620179667
1,-22.2,-22.1,0.64,0.6799999999999999,64,6234,0.9340527724370508,0.9362799153675039,0.0012497187620179667
1,-22.2,-22.1,0.6799999999999999,0.72,134,6234,0.9340527724370508,0.9362799153675039,0.0012497187620179667
1,-22.2,-22.1,0.72,0.76,218,6234,0.9340527724370508,0.9362799153675039,0.0012497187620179667
1,-22.2,-22.1,0.76,0.8,280,6234,0.9340527724370508,0.9362799153675039,0.0012497187620179667
1,-22.2,-22.1,0.8,0.8400000000000001,352,6234,0.9340527724370508,0.9362799153675039,0.0012497187620179667
1,-22.2,-22.1,0.8400000000000001,0.8800000000000001,424,6234,0.9340527724370508,0.9362799153675039,0.0012497187620179667
1,-22.2,-22.1,0.8800000000000001,0.9199999999999999,676,6234,0.9340527724370508,0.9362799153675039,0.0012497187620179667
1,-22.2,-22.1,0.9199999999999999,0.96,1059,6234,0.9340527724370508,0.9362799153675039,0.0012497187620179667
1,-22.2,-22.1,0.96,1.0,1294,6234,0.9340527724370508,0.9362799153675039,0.0012497187620179667
1,-22.2,-22.1,1.0,1.04,1033,6234,0.9340527724370508,0.9362799153675039,0.0012497187620179667
1,-22.2,-22.1,1.04,1.08,465,6234,0.9340527724370508,0.9362799153675039,0.0012497187620179667
1,-22.2,-22.1,1.08,1.12,172,6234,0.9340527724370508,0.9362799153675039,0.0012497187620179667
1,-22.2,-22.1,1.12,1.16,12,6234,0.9340527724370508,0.9362799153675039,0.0012497187620179667
1,-22.2,-22.1,1.16,1.2,3,6234,0.9340527724370508,0.9362799153675039,0.0012497187620179667
1,-22.2,-22.1,1.2,1.24,0,6234,0.9340527724370508,0.9362799153675039,0.0012497187620179667
1,-22.2,-22.1,1.24,1.28,0,6234,0.9340527724370508,0.9362799153675039,0.0012497187620179667
1,-22.2,-22.1,1.28,1.32,0,6234,0.9340527724370508,0.9362799153675039,0.0012497187620179667
1,-22.2,-22.1,1.32,1.3599999999999999,0,6234,0.9340527724370508,0.9362799153675039,0.0012497187620179667
1,-22.2,-22.1,1.3599999999999999,1.4,0,6234,0.9340527724370508,0.9362799153675039,0.0012497187620179667
1,-22.1,-22.0,0.2,0.24000000000000002,0,8431,0.9285016152532984,0.9298383877352917,0.0011159020044420453
1,-22.1,-22.0,0.24000000000000002,0.28,0,8431,0.9285016152532984,0.9298383877352917,0.0011159020044420453
1,-22.1,-22.0,0.28,0.32,0,8431,0.9285016152532984,0.9298383877352917,0.0011159020044420453
1,-22.1,-22.0,0.32,0.36,0,8431,0.9285016152532984,0.9298383877352917,0.0011159020044420453
1,-22.1,-22.0,0.36,0.4,0,8431,0.9285016152532984,0.9298383877352917,0.0011159020044420453
1,-22.1,-22.0,0.4,0.44,0,8431,0.9285016152532984,0.9298383877352917,0.0011159020044420453
1,-22.1,-22.0,0.44,0.48000000000000004,0,8431,0.9285016152532984,0.9298383877352917,0.0011159020044420453
1,-22.1,-22.0,0.48000000000000004,0.52,6,8431,0.9285016152532984,0.9298383877352917,0.0011159020044420453
1,-22.1,-22.0,0.52,0.56,10,8431,0.9285016152532984,0.9298383877352917,0.0011159020044420453
1,-22.1,-22.0,0.56,0.6000000000000001,21,8431,0.9285016152532984,0.9298383877352917,0.0011159020044420453
1,-22.1,-22.0,0.6000000000000001,0.64,49,8431,0.9285016152532984,0.9298383877352917,0.0011159020044420453
1,-22.1,-22.0,0.64,0.6799999999999999,135,8431,0.9285016152532984,0.9298383877352917,0.0011159020044420453
1,-22.1,-22.0,0.6799999999999999,0.72,196,8431,0.9285016152532984,0.9298383877352917,0.0011159020044420453
1,-22.1,-22.0,0.72,0.76,306,8431,0.9285016152532984,0.9298383877352917,0.0011159020044420453
1,-22.1,-22.0,0.76,0.8,402,8431,0.9285016152532984,0.9298383877352917,0.0011159020044420453
1,-22.1,-22.0,0.8,0.8400000000000001,457,8431,0.9285016152532984,0.9298383877352917,0.0011159020044420453
1,-22.1,-22.0,0.8400000000000001,0.8800000000000001,568,8431,0.9285016152532984,0.9298383877352917,0.0011159020044420453
1,-22.1,-22.0,0.8800000000000001,0.9199999999999999,928,8431,0.9285016152532984,0.9298383877352917,0.0011159020044420453
1,-22.1,-22.0,0.9199999999999999,0.96,1531,8431,0.9285016152532984,0.9298383877352917,0.0011159020044420453
1,-22.1,-22.0,0.96,1.0,1657,8431,0.9285016152532984,0.9298383877352917,0.0011159020044420453
1,-22.1,-22.0,1.0,1.04,1302,8431,0.9285016152532984,0.9298383877352917,0.0011159020044420453
1,-22.1,-22.0,1.04,1.08,663,8431,0.9285016152532984,0.9298383877352917,0.0011159020044420453
1,-22.1,-22.0,1.08,1.12,165,8431,0.9285016152532984,0.9298383877352917,0.0011159020044420453
1,-22.1,-22.0,1.12,1.16,33,8431,0.9285016152532984,0.9298383877352917,0.0011159020044420453
1,-22.1,-22.0,1.16,1.2,2,8431,0.9285016152532984,0.9298383877352917,0.0011159020044420453
1,-22.1,-22.0,1.2,1.24,0,8431,0.9285016152532984,0.9298383877352917,0.0011159020044420453
1,-22.1,-22.0,1.24,1.28,0,8431,0.9285016152532984,0.9298383877352917,0.0011159020044420453
1,-22.1,-22.0,1.28,1.32,0,8431,0.9285016152532984,0.9298383877352917,0.0011159020044420453
1,-22.1,-22.0,1.32,1.3599999999999999,0,8431,0.9285016152532984,0.9298383877352917,0.0011159020044420453
1,-22.1,-22.0,1.3599999999999999,1.4,0,8431,0.9285016152532984,0.9298383877352917,0.0011159020044420453
1,-22.0,-21.9,0.2,0.24000000000000002,0,11564,0.9229832126131136,0.9233556436421531,0.0009881014213120641
1,-22.0,-21.9,0.24000000000000002,0.28,0,11564,0.9229832126131136,0.9233556436421531,0.0009881014213120641
1,-22.0,-21.9,0.28,0.32,0,11564,0.9229832126131136,0.9233556436421531,0.0009881014213120641
1,-22.0,-21.9,0.32,0.36,0,11564,0.9229832126131136,0.9233556436421531,0.0009881014213120641
1,-22.0,-21.9,0.36,0.4,0,11564,0.9229832126131136,0.9233556436421531,0.0009881014213120641
1,-22.0,-21.9,0.4,0.44,0,11564,0.9229832126131136,0.9233556436421531,0.0009881014213120641
1,-22.0,-21.9,0.44,0.48000000000000004,2,11564,0.9229832126131136,0.9233556436421531,0.0009881014213120641
1,-22.0,-21.9,0.48000000000000004,0.52,7,11564,0.9229832126131136,0.9233556436421531,0.0009881014213120641
1,-22.0,-21.9,0.52,0.56,14,11564,0.9229832126131136,0.9233556436421531,0.0009881014213120641
1,-22.0,-21.9,0.56,0.6000000000000001,53,11564,0.9229832126131136,0.9233556436421531,0.0009881014213120641
1,-22.0,-21.9,0.6000000000000001,0.64,92,11564,0.9229832126131136,0.9233556436421531,0.0009881014213120641
1,-22.0,-21.9,0.64,0.6799999999999999,215,11564,0.9229832126131136,0.9233556436421531,0.0009881014213120641
1,-22.0,-21.9,0.6799999999999999,0.72,307,11564,0.9229832126131136,0.9233556436421531,0.0009881014213120641
1,-22.0,-21.9,0.72,0.76,461,11564,0.9229832126131136,0.9233556436421531,0.0009881014213120641
1,-22.0,-21.9,0.76,0.8,582,11564,0.9229832126131136,0.9233556436421531,0.0009881014213120641
1,-22.0,-21.9,0.8,0.8400000000000001,655,11564,0.9229832126131136,0.9233556436421531,0.0009881014213120641
1,-22.0,-21.9,0.8400000000000001,0.8800000000000001,768,11564,0.9229832126131136,0.9233556436421531,0.0009881014213120641
1,-22.0,-21.9,0.8800000000000001,0.9199999999999999,1301,11564,0.9229832126131136,0.9233556436421531,0.0009881014213120641
1,-22.0,-21.9,0.9199999999999999,0.96,2063,11564,0.9229832126131136,0.9233556436421531,0.0009881014213120641
1,-22.0,-21.9,0.96,1.0,2236,11564,0.9229832126131136,0.9233556436421531,0.0009881014213120641
1,-22.0,-21.9,1.0,1.04,1726,11564,0.9229832126131136,0.9233556436421531,0.0009881014213120641
1,-22.0,-21.9,1.04,1.08,780,11564,0.9229832126131136,0.9233556436421531,0.0009881014213120641
1,-22.0,-21.9,1.08,1.12,238,11564,0.9229832126131136,0.9233556436421531,0.0009881014213120641
1,-22.0,-21.9,1.12,1.16,57,11564,0.9229832126131136,0.9233556436421531,0.0009881014213120641
1,-22.0,-21.9,1.16,1.2,5,11564,0.9229832126131136,0.9233556436421531,0.0009881014213120641
1,-22.0,-21.9,1.2,1.24,2,11564,0.9229832126131136,0.9233556436421531,0.0009881014213120641
1,-22.0,-21.9,1.24,1.28,0,11564,0.9229832126131136,0.9233556436421531,0.0009881014213120641
1,-22.0,-21.9,1.28,1.32,0,11564,0.9229832126131136,0.9233556436421531,0.0009881014213120641
1,-22.0,-21.9,1.32,1.3599999999999999,0,11564,0.9229832126131136,0.9233556436421531,0.0009881014213120641
1,-22.0,-21.9,1.3599999999999999,1.4,0,11564,0.9229832126131136,0.9233556436421531,0.0009881014213120641
1,-21.9,-21.8,0.2,0.24000000000000002,0,15590,0.9172656977909003,0.9169161695259231,0.0008811028178700174
1,-21.9,-21.8,0.24000000000000002,0.28,0,15590,0.9172656977909003,0.9169161695259231,0.0008811028178700174
1,-21.9,-21.8,0.28,0.32,0,15590,0.9172656977909003,0.9169161695259231,0.0008811028178700174
1,-21.9,-21.8,0.32,0.36,0,15590,0.9172656977909003,0.9169161695259231,0.0008811028178700174
1,-21.9,-21.8,0.36,0.4,0,15590,0.9172656977909003,0.9169161695259231,0.0008811028178700174
1,-21.9,-21.8,0.4,0.44,1,15590,0.9172656977909003,0.9169161695259231,0.0008811028178700174
1,-21.9,-21.8,0.44,0.48000000000000004,5,15590,0.9172656977909003,0.9169161695259231,0.0008811028178700174
1,-21.9,-21.8,0.48000000000000004,0.52,11,15590,0.9172656977909003,0.9169161695259231,0.0008811028178700174
1,-21.9,-21.8,0.52,0.56,28,15590,0.9172656977909003,0.9169161695259231,0.0008811028178700174
1,-21.9,-21.8,0.56,0.6000000000000001,89,15590,0.9172656977909003,0.9169161695259231,0.0008811028178700174
1,-21.9,-21.8,0.6000000000000001,0.64,182,15590,0.9172656977909003,0.9169161695259231,0.0008811028178700174
1,-21.9,-21.8,0.64,0.6799999999999999,299,15590,0.9172656977909003,0.9169161695259231,0.0008811028178700174
1,-21.9,-21.8,0.6799999999999999,0.72,505,15590,0.9172656977909003,0.9169161695259231,0.0008811028178700174
1,-21.9,-21.8,0.72,0.76,686,15590,0.9172656977909003,0.9169161695259231,0.0008811028178700174
1,-21.9,-21.8,0.76,0.8,806,15590,0.9172656977909003,0.9169161695259231,0.0008811028178700174
1,-21.9,-21.8,0.8,0.8400000000000001,807,15590,0.9172656977909003,0.9169161695259231,0.0008811028178700174
1,-21.9,-21.8,0.8400000000000001,0.8800000000000001,1087,15590,0.9172656977909003,0.9169161695259231,0.0008811028178700174
1,-21.9,-21.8,0.8800000000000001,0.9199999999999999,1769,15590,0.9172656977909003,0.9169161695259231,0.0008811028178700174
1,-21.9,-21.8,0.9199999999999999,0.96,2645,15590,0.9172656977909003,0.9169161695259231,0.0008811028178700174
1,-21.9,-21.8,0.96,1.0,3117,15590,0.9172656977909003,0.9169161695259231,0.0008811028178700174
1,-21.9,-21.8,1.0,1.04,2190,15590,0.9172656977909003,0.9169161695259231,0.0008811028178700174
1,-21.9,-21.8,1.04,1.08,1010,15590,0.9172656977909003,0.9169161695259231,0.0008811028178700174
1,-21.9,-21.8,1.08,1.12,292,15590,0.9172656977909003,0.9169161695259231,0.0008811028178700174
1,-21.9,-21.8,1.12,1.16,55,15590,0.9172656977909003,0.9169161695259231,0.0008811028178700174
1,-21.9,-21.8,1.16,1.2,5,15590,0.9172656977909003,0.9169161695259231,0.0008811028178700174
1,-21.9,-21.8,1.2,1.24,1,15590,0.9172656977909003,0.9169161695259231,0.0008811028178700174
1,-21.9,-21.8,1.24,1.28,0,15590,0.9172656977909003,0.9169161695259231,0.0008811028178700174
1,-21.9,-21.8,1.28,1.32,0,15590,0.9172656977909003,0.9169161695259231,0.0008811028178700174
1,-21.9,-21.8,1.32,1.3599999999999999,0,15590,0.9172656977909003,0.9169161695259231,0.0008811028178700174
1,-21.9,-21.8,1.3599999999999999,1.4,0,15590,0.9172656977909003,0.9169161695259231,0.0008811028178700174
1,-21.8,-21.7,0.2,0.24000000000000002,0,20243,0.909228025239444,0.9102691681722946,0.0008004332707658565
1,-21.8,-21.7,0.24000000000000002,0.28,0,20243,0.909228025239444,0.9102691681722946,0.0008004332707658565
1,-21.8,-21.7,0.28,0.32,0,20243,0.909228025239444,0.9102691681722946,0.0008004332707658565
1,-21.8,-21.7,0.32,0.36,0,20243,0.909228025239444,0.9102691681722946,0.0008004332707658565
1,-21.8,-21.7,0.36,0.4,2,20243,0.909228025239444,0.9102691681722946,0.0008004332707658565
1,-21.8,-21.7,0.4,0.44,5,20243,0.909228025239444,0.9102691681722946,0.0008004332707658565
1,-21.8,-21.7,0.44,0.48000000000000004,14,20243,0.909228025239444,0.9102691681722946,0.0008004332707658565
1,-21.8,-21.7,0.48000000000000004,0.52,28,20243,0.909228025239444,0.9102691681722946,0.0008004332707658565
1,-21.8,-21.7,0.52,0.56,60,20243,0.909228025239444,0.9102691681722946,0.0008004332707658565
1,-21.8,-21.7,0.56,0.6000000000000001,145,20243,0.909228025239444,0.9102691681722946,0.0008004332707658565
1,-21.8,-21.7,0.6000000000000001,0.64,314,20243,0.909228025239444,0.9102691681722946,0.0008004332707658565
1,-21.8,-21.7,0.64,0.6799999999999999,481,20243,0.909228025239444,0.9102691681722946,0.0008004332707658565
1,-21.8,-21.7,0.6799999999999999,0.72,710,20243,0.909228025239444,0.9102691681722946,0.0008004332707658565
1,-21.8,-21.7,0.72,0.76,908,20243,0.909228025239444,0.9102691681722946,0.0008004332707658565
1,-21.8,-21.7,0.76,0.8,1117,20243,0.909228025239444,0.9102691681722946,0.0008004332707658565
1,-21.8,-21.7,0.8,0.8400000000000001,1113,20243,0.909228025239444,0.9102691681722946,0.0008004332707658565
1,-21.8,-21.7,0.8400000000000001,0.8800000000000001,1438,20243,0.909228025239444,0.9102691681722946,0.0008004332707658565
1,-21.8,-21.7,0.8800000000000001,0.9199999999999999,2292,20243,0.909228025239444,0.9102691681722946,0.0008004332707658565
1,-21.8,-21.7,0.9199999999999999,0.96,3506,20243,0.909228025239444,0.9102691681722946,0.0008004332707658565
1,-21.8,-21.7,0.96,1.0,3779,20243,0.909228025239444,0.9102691681722946,0.0008004332707658565
1,-21.8,-21.7,1.0,1.04,2690,20243,0.909228025239444,0.9102691681722946,0.0008004332707658565
1,-21.8,-21.7,1.04,1.08,1222,20243,0.909228025239444,0.9102691681722946,0.0008004332707658565
1,-21.8,-21.7,1.08,1.12,338,20243,0.909228025239444,0.9102691681722946,0.0008004332707658565
1,-21.8,-21.7,1.12,1.16,76,20243,0.909228025239444,0.9102691681722946,0.0008004332707658565
1,-21.8,-21.7,1.16,1.2,5,20243,0.909228025239444,0.9102691681722946,0.0008004332707658565
1,-21.8,-21.7,1.2,1.24,0,20243,0.909228025239444,0.9102691681722946,0.0008004332707658565
1,-21.8,-21.7,1.24,1.28,0,20243,0.909228025239444,0.9102691681722946,0.0008004332707658565
1,-21.8,-21.7,1.28,1.32,0,20243,0.909228025239444,0.9102691681722946,0.0008004332707658565
1,-21.8,-21.7,1.32,1.3599999999999999,0,20243,0.909228025239444,0.9102691681722946,0.0008004332707658565
1,-21.8,-21.7,1.3599999999999999,1.4,0,20243,0.909228025239444,0.9102691681722946,0.0008004332707658565
1,-21.7,-21.6,0.2,0.24000000000000002,0,26029,0.9041687162107167,0.9037863050067719,0.0007291377103042975
1,-21.7,-21.6,0.24000000000000002,0.28,0,26029,0.9041687162107167,0.9037863050067719,0.0007291377103042975
1,-21.7,-21.6,0.28,0.32,0,26029,0.9041687162107167,0.9037863050067719,0.0007291377103042975
1,-21.7,-21.6,0.32,0.36,0,26029,0.9041687162107167,0.9037863050067719,0.0007291377103042975
1,-21.7,-21.6,0.36,0.4,2,26029,0.9041687162107167,0.9037863050067719,0.0007291377103042975
1,-21.7,-21.6,0.4,0.44,6,26029,0.9041687162107167,0.9037863050067719,0.0007291377103042975
1,-21.7,-21.6,0.44,0.48000000000000004,24,26029,0.9041687162107167,0.9037863050067719,0.0007291377103042975
1,-21.7,-21.6,0.48000000000000004,0.52,52,26029,0.9041687162107167,0.9037863050067719,0.0007291377103042975
1,-21.7,-21.6,0.52,0.56,103,26029,0.9041687162107167,0.9037863050067719,0.0007291377103042975
1,-21.7,-21.6,0.56,0.6000000000000001,246,26029,0.9041687162107167,0.9037863050067719,0.0007291377103042975
1,-21.7,-21.6,0.6000000000000001,0.64,401,26029,0.9041687162107167,0.9037863050067719,0.0007291377103042975
1,-21.7,-21.6,0.64,0.6799999999999999,719,26029,0.9041687162107167,0.9037863050067719,0.0007291377103042975
1,-21.7,-21.6,0.6799999999999999,0.72,991,26029,0.9041687162107167,0.9037863050067719,0.0007291377103042975
1,-21.7,-21.6,0.72,0.76,1266,26029,0.9041687162107167,0.9037863050067719,0.0007291377103042975
1,-21.7,-21.6,0.76,0.8,1351,26029,0.9041687162107167,0.9037863050067719,0.0007291377103042975
1,-21.7,-21.6,0.8,0.8400000000000001,1387,26029,0.9041687162107167,0.9037863050067719,0.0007291377103042975
1,-21.7,-21.6,0.8400000000000001,0.8800000000000001,1883,26029,0.9041687162107167,0.9037863050067719,0.0007291377103042975
1,-21.7,-21.6,0.8800000000000001,0.9199999999999999,3144,26029,0.9041687162107167,0.9037863050067719,0.0007291377103042975
1,-21.7,-21.6,0.9199999999999999,0.96,4490,26029,0.9041687162107167,0.9037863050067719,0.0007291377103042975
1,-21.7,-21.6,0.96,1.0,4717,26029,0.9041687162107167,0.9037863050067719,0.0007291377103042975
1,-21.7,-21.6,1.0,1.04,3204,26029,0.9041687162107167,0.9037863050067719,0.0007291377103042975
1,-21.7,-21.6,1.04,1.08,1526,26029,0.9041687162107167,0.9037863050067719,0.0007291377103042975
1,-21.7,-21.6,1.08,1.12,438,26029,0.9041687162107167,0.9037863050067719,0.0007291377103042975
1,-21.7,-21.6,1.12,1.16,67,26029,0.9041687162107167,0.9037863050067719,0.0007291377103042975
1,-21.7,-21.6,1.16,1.2,9,26029,0.9041687162107167,0.9037863050067719,0.0007291377103042975
1,-21.7,-21.6,1.2,1.24,3,26029,0.9041687162107167,0.9037863050067719,0.0007291377103042975
1,-21.7,-21.6,1.24,1.28,0,26029,0.9041687162107167,0.9037863050067719,0.0007291377103042975
1,-21.7,-21.6,1.28,1.32,0,26029,0.9041687162107167,0.9037863050067719,0.0007291377103042975
1,-21.7,-21.6,1.32,1.3599999999999999,0,26029,0.9041687162107167,0.9037863050067719,0.0007291377103042975
1,-21.7,-21.6,1.3599999999999999,1.4,0,26029,0.9041687162107167,0.9037863050067719,0.0007291377103042975
1,-21.6,-21.5,0.2,0.24000000000000002,0,32281,0.898007952907217,0.8967786353355193,0.0006771499565036287
1,-21.6,-21.5,0.24000000000000002,0.28,0,32281,0.898007952907217,0.8967786353355193,0.0006771499565036287
1,-21.6,-21.5,0.28,0.32,0,32281,0.898007952907217,0.8967786353355193,0.0006771499565036287
1,-21.6,-21.5,0.32,0.36,0,32281,0.898007952907217,0.8967786353355193,0.0006771499565036287
1,-21.6,-21.5,0.36,0.4,2,32281,0.898007952907217,0.8967786353355193,0.0006771499565036287
1,-21.6,-21.5,0.4,0.44,13,32281,0.898007952907217,0.8967786353355193,0.0006771499565036287
1,-21.6,-21.5,0.44,0.48000000000000004,35,32281,0.898007952907217,0.8967786353355193,0.0006771499565036287
1,-21.6,-21.5,0.48000000000000004,0.52,82,32281,0.898007952907217,0.8967786353355193,0.0006771499565036287
1,-21.6,-21.5,0.52,0.56,178,32281,0.898007952907217,0.8967786353355193,0.0006771499565036287
1,-21.6,-21.5,0.56,0.6000000000000001,366,32281,0.898007952907217,0.8967786353355193,0.0006771499565036287
1,-21.6,-21.5,0.6000000000000001,0.64,629,32281,0.898007952907217,0.8967786353355193,0.0006771499565036287
1,-21.6,-21.5,0.64,0.6799999999999999,958,32281,0.898007952907217,0.8967786353355193,0.0006771499565036287
1,-21.6,-21.5,0.6799999999999999,0.72,1316,32281,0.898007952907217,0.8967786353355193,0.0006771499565036287
1,-21.6,-21.5,0.72,0.76,1553,32281,0.898007952907217,0.8967786353355193,0.0006771499565036287
1,-21.6,-21.5,0.76,0.8,1672,32281,0.898007952907217,0.8967786353355193,0.0006771499565036287
1,-21.6,-21.5,0.8,0.8400000000000001,1850,32281,0.898007952907217,0.8967786353355193,0.0006771499565036287
1,-21.6,-21.5,0.8400000000000001,0.8800000000000001,2374,32281,0.898007952907217,0.8967786353355193,0.0006771499565036287
1,-21.6,-21.5,0.8800000000000001,0.9199999999999999,3930,32281,0.898007952907217,0.8967786353355193,0.0006771499565036287
1,-21.6,-21.5,0.9199999999999999,0.96,5619,32281,0.898007952907217,0.8967786353355193,0.0006771499565036287
1,-21.6,-21.5,0.96,1.0,5508,32281,0.898007952907217,0.8967786353355193,0.0006771499565036287
1,-21.6,-21.5,1.0,1.04,3887,32281,0.898007952907217,0.8967786353355193,0.0006771499565036287
1,-21.6,-21.5,1.04,1.08,1676,32281,0.898007952907217,0.8967786353355193,0.0006771499565036287
1,-21.6,-21.5,1.08,1.12,508,32281,0.898007952907217,0.8967786353355193,0.0006771499565036287
1,-21.6,-21.5,1.12,1.16,108,32281,0.898007952907217,0.8967786353355193,0.0006771499565036287
1,-21.6,-21.5,1.16,1.2,16,32281,0.898007952907217,0.8967786353355193,0.0006771499565036287
1,-21.6,-21.5,1.2,1.24,1,32281,0.898007952907217,0.8967786353355193,0.0006771499565036287
1,-21.6,-21.5,1.24,1.28,0,32281,0.898007952907217,0.8967786353355193,0.0006771499565036287
1,-21.6,-21.5,1.28,1.32,0,32281,0.898007952907217,0.8967786353355193,0.0006771499565036287
1,-21.6,-21.5,1.32,1.3599999999999999,0,32281,0.898007952907217,0.8967786353355193,0.0006771499565036287
1,-21.6,-21.5,1.3599999999999999,1.4,0,32281,0.898007952907217,0.8967786353355193,0.0006771499565036287
2,-23.4,-23.3,0.2,0.24000000000000002,0,19,0.9768754770394629,0.989701446035005,0.015499251601509693
2,-23.4,-23.3,0.24000000000000002,0.28,0,19,0.9768754770394629,0.989701446035005,0.015499251601509693
2,-23.4,-23.3,0.28,0.32,0,19,0.9768754770394629,0.989701446035005,0.015499251601509693
2,-23.4,-23.3,0.32,0.36,0,19,0.9768754770394629,0.989701446035005,0.015499251601509693
2,-23.4,-23.3,0.36,0.4,0,19,0.9768754770394629,0.989701446035005,0.015499251601509693
2,-23.4,-23.3,0.4,0.44,0,19,0.9768754770394629,0.989701446035005,0.015499251601509693
2,-23.4,-23.3,0.44,0.48000000000000004,0,19,0.9768754770394629,0.989701446035005,0.015499251601509693
2,-23.4,-23.3,0.48000000000000004,0.52,0,19,0.9768754770394629,0.989701446035005,0.015499251601509693
2,-23.4,-23.3,0.52,0.56,0,19,0.9768754770394629,0.989701446035005,0.015499251601509693
2,-23.4,-23.3,0.56,0.6000000000000001,0,19,0.9768754770394629,0.989701446035005,0.015499251601509693
2,-23.4,-23.3,0.6000000000000001,0.64,0,19,0.9768754770394629,0.989701446035005,0.015499251601509693
2,-23.4,-23.3,0.64,0.6799999999999999,0,19,0.9768754770394629,0.989701446035005,0.015499251601509693
2,-23.4,-23.3,0.6799999999999999,0.72,0,19,0.9768754770394629,0.989701446035005,0.015499251601509693
2,-23.4,-23.3,0.72,0.76,0,19,0.9768754770394629,0.989701446035005,0.015499251601509693
2,-23.4,-23.3,0.76,0.8,0,19,0.9768754770394629,0.989701446035005,0.015499251601509693
2,-23.4,-23.3,0.8,0.8400000000000001,0,19,0.9768754770394629,0.989701446035005,0.015499251601509693
2,-23.4,-23.3,0.8400000000000001,0.8800000000000001,0,19,0.9768754770394629,0.989701446035005,0.015499251601509693
2,-23.4,-23.3,0.8800000000000001,0.9199999999999999,2,19,0.9768754770394629,0.989701446035005,0.015499251601509693
2,-23.4,-23.3,0.9199999999999999,0.96,8,19,0.9768754770394629,0.989701446035005,0.015499251601509693
2,-23.4,-23.3,0.96,1.0,3,19,0.9768754770394629,0.989701446035005,0.015499251601509693
2,-23.4,-23.3,1.0,1.04,4,19,0.9768754770394629,0.989701446035005,0.015499251601509693
2,-23.4,-23.3,1.04,1.08,1,19,0.9768754770394629,0.989701446035005,0.015499251601509693
2,-23.4,-23.3,1.08,1.12,1,19,0.9768754770394629,0.989701446035005,0.015499251601509693
2,-23.4,-23.3,1.12,1.16,0,19,0.9768754770394629,0.989701446035005,0.015499251601509693
2,-23.4,-23.3,1.16,1.2,0,19,0.9768754770394629,0.989701446035005,0.015499251601509693
2,-23.4,-23.3,1.2,1.24,0,19,0.9768754770394629,0.989701446035005,0.015499251601509693
2,-23.4,-23.3,1.24,1.28,0,19,0.9768754770394629,0.989701446035005,0.015499251601509693
2,-23.4,-23.3,1.28,1.32,0,19,0.9768754770394629,0.989701446035005,0.015499251601509693
2,-23.4,-23.3,1.32,1.3599999999999999,0,19,0.9768754770394629,0.989701446035005,0.015499251601509693
2,-23.4,-23.3,1.3599999999999999,1.4,0,19,0.9768754770394629,0.989701446035005,0.015499251601509693
2,-23.3,-23.2,0.2,0.24000000000000002,0,37,0.9992465856794831,0.9849776983582843,0.01153712292526436
2,-23.3,-23.2,0.24000000000000002,0.28,0,37,0.9992465856794831,0.9849776983582843,0.01153712292526436
2,-23.3,-23.2,0.28,0.32,0,37,0.9992465856794831,0.9849776983582843,0.01153712292526436
2,-23.3,-23.2,0.32,0.36,0,37,0.9992465856794831,0.9849776983582843,0.01153712292526436
2,-23.3,-23.2,0.36,0.4,0,37,0.9992465856794831,0.9849776983582843,0.01153712292526436
2,-23.3,-23.2,0.4,0.44,0,37,0.9992465856794831,0.9849776983582843,0.01153712292526436
2,-23.3,-23.2,0.44,0.48000000000000004,0,37,0.9992465856794831,0.9849776983582843,0.01153712292526436
2,-23.3,-23.2,0.48000000000000004,0.52,0,37,0.9992465856794831,0.9849776983582843,0.01153712292526436
2,-23.3,-23.2,0.52,0.56,0,37,0.9992465856794831,0.9849776983582843,0.01153712292526436
2,-23.3,-23.2,0.56,0.6000000000000001,0,37,0.9992465856794831,0.9849776983582843,0.01153712292526436
2,-23.3,-23.2,0.6000000000000001,0.64,0,37,0.9992465856794831,0.9849776983582843,0.01153712292526436
2,-23.3,-23.2,0.64,0.6799999999999999,0,37,0.9992465856794831,0.9849776983582843,0.01153712292526436
2,-23.3,-23.2,0.6799999999999999,0.72,0,37,0.9992465856794831,0.9849776983582843,0.01153712292526436
2,-23.3,-23.2,0.72,0.76,0,37,0.9992465856794831,0.9849776983582843,0.01153712292526436
2,-23.3,-23.2,0.76,0.8,0,37,0.9992465856794831,0.9849776983582843,0.01153712292526436
2,-23.3,-23.2,0.8,0.8400000000000001,1,37,0.9992465856794831,0.9849776983582843,0.01153712292526436
2,-23.3,-23.2,0.8400000000000001,0.8800000000000001,1,37,0.9992465856794831,0.9849776983582843,0.01153712292526436
2,-23.3,-23.2,0.8800000000000001,0.9199999999999999,3,37,0.9992465856794831,0.9849776983582843,0.01153712292526436
2,-23.3,-23.2,0.9199999999999999,0.96,7,37,0.9992465856794831,0.9849776983582843,0.01153712292526436
2,-23.3,-23.2,0.96,1.0,6,37,0.9992465856794831,0.9849776983582843,0.01153712292526436
2,-23.3,-23.2,1.0,1.04,9,37,0.9992465856794831,0.9849776983582843,0.01153712292526436
2,-23.3,-23.2,1.04,1.08,5,37,0.9992465856794831,0.9849776983582843,0.01153712292526436
2,-23.3,-23.2,1.08,1.12,4,37,0.9992465856794831,0.9849776983582843,0.01153712292526436
2,-23.3,-23.2,1.12,1.16,1,37,0.9992465856794831,0.9849776983582843,0.01153712292526436
2,-23.3,-23.2,1.16,1.2,0,37,0.9992465856794831,0.9849776983582843,0.01153712292526436
2,-23.3,-23.2,1.2,1.24,0,37,0.9992465856794831,0.9849776983582843,0.01153712292526436
2,-23.3,-23.2,1.24,1.28,0,37,0.9992465856794831,0.9849776983582843,0.01153712292526436
2,-23.3,-23.2,1.28,1.32,0,37,0.9992465856794831,0.9849776983582843,0.01153712292526436
2,-23.3,-23.2,1.32,1.3599999999999999,0,37,0.9992465856794831,0.9849776983582843,0.01153712292526436
2,-23.3,-23.2,1.3599999999999999,1.4,0,37,0.9992465856794831,0.9849776983582843,0.01153712292526436
2,-23.2,-23.1,0.2,0.24000000000000002,0,88,0.9596238510903293,0.979892235805279,0.007779713036962289
2,-23.2,-23.1,0.24000000000000002,0.28,0,88,0.9596238510903293,0.979892235805279,0.007779713036962289
2,-23.2,-23.1,0.28,0.32,0,88,0.9596238510903293,0.979892235805279,0.007779713036962289
2,-23.2,-23.1,0.32,0.36,0,88,0.9596238510903293,0.979892235805279,0.007779713036962289
2,-23.2,-23.1,0.36,0.4,0,88,0.9596238510903293,0.979892235805279,0.007779713036962289
2,-23.2,-23.1,0.4,0.44,0,88,0.9596238510903293,0.979892235805279,0.007779713036962289
2,-23.2,-23.1,0.44,0.48000000000000004,0,88,0.9596238510903293,0.979892235805279,0.007779713036962289
2,-23.2,-23.1,0.48000000000000004,0.52,0,88,0.9596238510903293,0.979892235805279,0.007779713036962289
2,-23.2,-23.1,0.52,0.56,0,88,0.9596238510903293,0.979892235805279,0.007779713036962289
2,-23.2,-23.1,0.56,0.6000000000000001,0,88,0.9596238510903293,0.979892235805279,0.007779713036962289
2,-23.2,-23.1,0.6000000000000001,0.64,0,88,0.9596238510903293,0.979892235805279,0.007779713036962289
2,-23.2,-23.1,0.64,0.6799999999999999,0,88,0.9596238510903293,0.979892235805279,0.007779713036962289
2,-23.2,-23.1,0.6799999999999999,0.72,0,88,0.9596238510903293,0.979892235805279,0.007779713036962289
2,-23.2,-23.1,0.72,0.76,0,88,0.9596238510903293,0.979892235805279,0.007779713036962289
2,-23.2,-23.1,0.76,0.8,4,88,0.9596238510903293,0.979892235805279,0.007779713036962289
2,-23.2,-23.1,0.8,0.8400000000000001,6,88,0.9596238510903293,0.979892235805279,0.007779713036962289
2,-23.2,-23.1,0.8400000000000001,0.8800000000000001,3,88,0.9596238510903293,0.979892235805279,0.007779713036962289
2,-23.2,-23.1,0.8800000000000001,0.9199999999999999,11,88,0.9596238510903293,0.979892235805279,0.007779713036962289
2,-23.2,-23.1,0.9199999999999999,0.96,13,88,0.9596238510903293,0.979892235805279,0.007779713036962289
2,-23.2,-23.1,0.96,1.0,20,88,0.9596238510903293,0.979892235805279,0.007779713036962289
2,-23.2,-23.1,1.0,1.04,20,88,0.9596238510903293,0.979892235805279,0.007779713036962289
2,-23.2,-23.1,1.04,1.08,8,88,0.9596238510903293,0.979892235805279,0.007779713036962289
2,-23.2,-23.1,1.08,1.12,2,88,0.9596238510903293,0.979892235805279,0.007779713036962289
2,-23.2,-23.1,1.12,1.16,1,88,0.9596238510903293,0.979892235805279,0.007779713036962289
2,-23.2,-23.1,1.16,1.2,0,88,0.9596238510903293,0.979892235805279,0.007779713036962289
2,-23.2,-23.1,1.2,1.24,0,88,0.9596238510903293,0.979892235805279,0.007779713036962289
2,-23.2,-23.1,1.24,1.28,0,88,0.9596238510903293,0.979892235805279,0.007779713036962289
2,-23.2,-23.1,1.28,1.32,0,88,0.9596238510903293,0.979892235805279,0.007779713036962289
2,-23.2,-23.1,1.32,1.3599999999999999,0,88,0.9596238510903293,0.979892235805279,0.007779713036962289
2,-23.2,-23.1,1.3599999999999999,1.4,0,88,0.9596238510903293,0.979892235805279,0.007779713036962289
2,-23.1,-23.0,0.2,0.24000000000000002,0,192,0.9758821558924428,0.9741788390248347,0.005501978453053578
2,-23.1,-23.0,0.24000000000000002,0.28,0,192,0.9758821558924428,0.9741788390248347,0.005501978453053578
2,-23.1,-23.0,0.28,0.32,0,192,0.9758821558924428,0.9741788390248347,0.005501978453053578
2,-23.1,-23.0,0.32,0.36,0,192,0.9758821558924428,0.9741788390248347,0.005501978453053578
2,-23.1,-23.0,0.36,0.4,0,192,0.9758821558924428,0.9741788390248347,0.005501978453053578
2,-23.1,-23.0,0.4,0.44,0,192,0.9758821558924428,0.9741788390248347,0.005501978453053578
2,-23.1,-23.0,0.44,0.48000000000000004,0,192,0.9758821558924428,0.9741788390248347,0.005501978453053578
2,-23.1,-23.0,0.48000000000000004,0.52,0,192,0.9758821558924428,0.9741788390248347,0.005501978453053578
2,-23.1,-23.0,0.52,0.56,0,192,0.9758821558924428,0.9741788390248347,0.005501978453053578
2,-23.1,-23.0,0.56,0.6000000000000001,0,192,0.9758821558924428,0.9741788390248347,0.005501978453053578
2,-23.1,-23.0,0.6000000000000001,0.64,0,192,0.9758821558924428,0.9741788390248347,0.005501978453053578
2,-23.1,-23.0,0.64,0.6799999999999999,0,192,0.9758821558924428,0.9741788390248347,0.005501978453053578
2,-23.1,-23.0,0.6799999999999999,0.72,0,192,0.9758821558924428,0.9741788390248347,0.005501978453053578
2,-23.1,-23.0,0.72,0.76,3,192,0.9758821558924428,0.9741788390248347,0.005501978453053578
2,-23.1,-23.0,0.76,0.8,3,192,0.9758821558924428,0.9741788390248347,0.005501978453053578
2,-23.1,-23.0,0.8,0.8400000000000001,8,192,0.9758821558924428,0.9741788390248347,0.005501978453053578
2,-23.1,-23.0,0.8400000000000001,0.8800000000000001,9,192,0.9758821558924428,0.9741788390248347,0.005501978453053578
2,-23.1,-23.0,0.8800000000000001,0.9199999999999999,12,192,0.9758821558924428,0.9741788390248347,0.005501978453053578
2,-23.1,-23.0,0.9199999999999999,0.96,34,192,0.9758821558924428,0.9741788390248347,0.005501978453053578
2,-23.1,-23.0,0.96,1.0,41,192,0.9758821558924428,0.9741788390248347,0.005501978453053578
2,-23.1,-23.0,1.0,1.04,46,192,0.9758821558924428,0.9741788390248347,0.005501978453053578
2,-23.1,-23.0,1.04,1.08,27,192,0.9758821558924428,0.9741788390248347,0.005501978453053578
2,-23.1,-23.0,1.08,1.12,7,192,0.9758821558924428,0.9741788390248347,0.005501978453053578
2,-23.1,-23.0,1.12,1.16,2,192,0.9758821558924428,0.9741788390248347,0.005501978453053578
2,-23.1,-23.0,1.16,1.2,0,192,0.9758821558924428,0.9741788390248347,0.005501978453053578
2,-23.1,-23.0,1.2,1.24,0,192,0.9758821558924428,0.9741788390248347,0.005501978453053578
2,-23.1,-23.0,1.24,1.28,0,192,0.9758821558924428,0.9741788390248347,0.005501978453053578
2,-23.1,-23.0,1.28,1.32,0,192,0.9758821558924428,0.9741788390248347,0.005501978453053578
2,-23.1,-23.0,1.32,1.3599999999999999,0,192,0.9758821558924428,0.9741788390248347,0.005501978453053578
2,-23.1,-23.0,1.3599999999999999,1.4,0,192,0.9758821558924428,0.9741788390248347,0.005501978453053578
2,-23.0,-22.9,0.2,0.24000000000000002,0,357,0.9705236158430531,0.9687008410895,0.004201348183157228
2,-23.0,-22.9,0.24000000000000002,0.28,0,357,0.9705236158430531,0.9687008410895,0.004201348183157228
2,-23.0,-22.9,0.28,0.32,0,357,0.9705236158430531,0.9687008410895,0.004201348183157228
2,-23.0,-22.9,0.32,0.36,0,357,0.9705236158430531,0.9687008410895,0.004201348183157228
2,-23.0,-22.9,0.36,0.4,0,357,0.9705236158430531,0.9687008410895,0.004201348183157228
2,-23.0,-22.9,0.4,0.44,0,357,0.9705236158430531,0.9687008410895,0.004201348183157228
2,-23.0,-22.9,0.44,0.48000000000000004,0,357,0.9705236158430531,0.9687008410895,0.004201348183157228
2,-23.0,-22.9,0.48000000000000004,0.52,0,357,0.9705236158430531,0.9687008410895,0.004201348183157228
2,-23.0,-22.9,0.52,0.56,0,357,0.9705236158430531,0.9687008410895,0.004201348183157228
2,-23.0,-22.9,0.56,0.6000000000000001,0,357,0.9705236158430531,0.9687008410895,0.004201348183157228
2,-23.0,-22.9,0.6000000000000001,0.64,0,357,0.9705236158430531,0.9687008410895,0.004201348183157228
2,-23.0,-22.9,0.64,0.6799999999999999,0,357,0.9705236158430531,0.9687008410895,0.004201348183157228
2,-23.0,-22.9,0.6799999999999999,0.72,3,357,0.9705236158430531,0.9687008410895,0.004201348183157228
2,-23.0,-22.9,0.72,0.76,3,357,0.9705236158430531,0.9687008410895,0.004201348183157228
2,-23.0,-22.9,0.76,0.8,10,357,0.9705236158430531,0.9687008410895,0.004201348183157228
2,-23.0,-22.9,0.8,0.8400000000000001,14,357,0.9705236158430531,0.9687008410895,0.004201348183157228
2,-23.0,-22.9,0.8400000000000001,0.8800000000000001,11,357,0.9705236158430531,0.9687008410895,0.004201348183157228
2,-23.0,-22.9,0.8800000000000001,0.9199999999999999,24,357,0.9705236158430531,0.9687008410895,0.004201348183157228
2,-23.0,-22.9,0.9199999999999999,0.96,66,357,0.9705236158430531,0.9687008410895,0.004201348183157228
2,-23.0,-22.9,0.96,1.0,100,357,0.9705236158430531,0.9687008410895,0.004201348183157228
2,-23.0,-22.9,1.0,1.04,63,357,0.9705236158430531,0.9687008410895,0.004201348183157228
2,-23.0,-22.9,1.04,1.08,42,357,0.9705236158430531,0.9687008410895,0.004201348183157228
2,-23.0,-22.9,1.08,1.12,16,357,0.9705236158430531,0.9687008410895,0.004201348183157228
2,-23.0,-22.9,1.12,1.16,4,357,0.9705236158430531,0.9687008410895,0.004201348183157228
2,-23.0,-22.9,1.16,1.2,1,357,0.9705236158430531,0.9687008410895,0.004201348183157228
2,-23.0,-22.9,1.2,1.24,0,357,0.9705236158430531,0.9687008410895,0.004201348183157228
2,-23.0,-22.9,1.24,1.28,0,357,0.9705236158430531,0.9687008410895,0.004201348183157228
2,-23.0,-22.9,1.28,1.32,0,357,0.9705236158430531,0.9687008410895,0.004201348183157228
2,-23.0,-22.9,1.32,1.3599999999999999,0,357,0.9705236158430531,0.9687008410895,0.004201348183157228
2,-23.0,-22.9,1.3599999999999999,1.4,0,357,0.9705236158430531,0.9687008410895,0.004201348183157228
2,-22.9,-22.8,0.2,0.24000000000000002,0,719,0.9588909768880209,0.9628893884713109,0.003087092571189685
2,-22.9,-22.8,0.24000000000000002,0.28,0,719,0.9588909768880209,0.9628893884713109,0.003087092571189685
2,-22.9,-22.8,0.28,0.32,0,719,0.9588909768880209,0.9628893884713109,0.003087092571189685
2,-22.9,-22.8,0.32,0.36,0,719,0.9588909768880209,0.9628893884713109,0.003087092571189685
2,-22.9,-22.8,0.36,0.4,0,719,0.9588909768880209,0.9628893884713109,0.003087092571189685
2,-22.9,-22.8,0.4,0.44,0,719,0.9588909768880209,0.9628893884713109,0.003087092571189685
2,-22.9,-22.8,0.44,0.48000000000000004,0,719,0.9588909768880209,0.9628893884713109,0.003087092571189685
2,-22.9,-22.8,0.48000000000000004,0.52,0,719,0.9588909768880209,0.9628893884713109,0.003087092571189685
2,-22.9,-22.8,0.52,0.56,1,719,0.9588909768880209,0.9628893884713109,0.003087092571189685
2,-22.9,-22.8,0.56,0.6000000000000001,0,719,0.9588909768880209,0.9628893884713109,0.003087092571189685
2,-22.9,-22.8,0.6000000000000001,0.64,2,719,0.9588909768880209,0.9628893884713109,0.003087092571189685
2,-22.9,-22.8,0.64,0.6799999999999999,1,719,0.9588909768880209,0.9628893884713109,0.003087092571189685
2,-22.9,-22.8,0.6799999999999999,0.72,11,719,0.9588909768880209,0.9628893884713109,0.003087092571189685
2,-22.9,-22.8,0.72,0.76,16,719,0.9588909768880209,0.9628893884713109,0.003087092571189685
2,-22.9,-22.8,0.76,0.8,20,719,0.9588909768880209,0.9628893884713109,0.003087092571189685
2,-22.9,-22.8,0.8,0.8400000000000001,21,719,0.9588909768880209,0.9628893884713109,0.003087092571189685
2,-22.9,-22.8,0.8400000000000001,0.8800000000000001,38,719,0.9588909768880209,0.9628893884713109,0.003087092571189685
2,-22.9,-22.8,0.8800000000000001,0.9199999999999999,72,719,0.9588909768880209,0.9628893884713109,0.003087092571189685
2,-22.9,-22.8,0.9199999999999999,0.96,105,719,0.9588909768880209,0.9628893884713109,0.003087092571189685
2,-22.9,-22.8,0.96,1.0,180,719,0.9588909768880209,0.9628893884713109,0.003087092571189685
2,-22.9,-22.8,1.0,1.04,154,719,0.9588909768880209,0.9628893884713109,0.003087092571189685
2,-22.9,-22.8,1.04,1.08,76,719,0.9588909768880209,0.9628893884713109,0.003087092571189685
2,-22.9,-22.8,1.08,1.12,20,719,0.9588909768880209,0.9628893884713109,0.003087092571189685
2,-22.9,-22.8,1.12,1.16,0,719,0.9588909768880209,0.9628893884713109,0.003087092571189685
2,-22.9,-22.8,1.16,1.2,1,719,0.9588909768880209,0.9628893884713109,0.003087092571189685
2,-22.9,-22.8,1.2,1.24,1,719,0.9588909768880209,0.9628893884713109,0.003087092571189685
2,-22.9,-22.8,1.24,1.28,0,719,0.9588909768880209,0.9628893884713109,0.003087092571189685
2,-22.9,-22.8,1.28,1.32,0,719,0.9588909768880209,0.9628893884713109,0.003087092571189685
2,-22.9,-22.8,1.32,1.3599999999999999,0,719,0.9588909768880209,0.9628893884713109,0.003087092571189685
2,-22.9,-22.8,1.3599999999999999,1.4,0,719,0.9588909768880209,0.9628893884713109,0.003087092571189685
2,-22.8,-22.7,0.2,0.24000000000000002,0,1344,0.9561186545024034,0.9566732247683577,0.0023580223043119454
2,-22.8,-22.7,0.24000000000000002,0.28,0,1344,0.9561186545024034,0.9566732247683577,0.0023580223043119454
2,-22.8,-22.7,0.28,0.32,0,1344,0.9561186545024034,0.9566732247683577,0.0023580223043119454
2,-22.8,-22.7,0.32,0.36,0,1344,0.9561186545024034,0.9566732247683577,0.0023580223043119454
2,-22.8,-22.7,0.36,0.4,0,1344,0.9561186545024034,0.9566732247683577,0.0023580223043119454
2,-22.8,-22.7,0.4,0.44,0,1344,0.9561186545024034,0.9566732247683577,0.0023580223043119454
2,-22.8,-22.7,0.44,0.48000000000000004,0,1344,0.9561186545024034,0.9566732247683577,0.0023580223043119454
2,-22.8,-22.7,0.48000000000000004,0.52,0,1344,0.9561186545024034,0.9566732247683577,0.0023580223043119454
2,-22.8,-22.7,0.52,0.56,0,1344,0.9561186545024034,0.9566732247683577,0.0023580223043119454
2,-22.8,-22.7,0.56,0.6000000000000001,0,1344,0.9561186545024034,0.9566732247683577,0.0023580223043119454
2,-22.8,-22.7,0.6000000000000001,0.64,1,1344,0.9561186545024034,0.9566732247683577,0.0023580223043119454
2,-22.8,-22.7,0.64,0.6799999999999999,3,1344,0.9561186545024034,0.9566732247683577,0.0023580223043119454
2,-22.8,-22.7,0.6799999999999999,0.72,16,1344,0.9561186545024034,0.9566732247683577,0.0023580223043119454
2,-22.8,-22.7,0.72,0.76,20,1344,0.9561186545024034,0.9566732247683577,0.0023580223043119454
2,-22.8,-22.7,0.76,0.8,38,1344,0.9561186545024034,0.9566732247683577,0.0023580223043119454
2,-22.8,-22.7,0.8,0.8400000000000001,54,1344,0.9561186545024034,0.9566732247683577,0.0023580223043119454
2,-22.8,-22.7,0.8400000000000001,0.8800000000000001,83,1344,0.9561186545024034,0.9566732247683577,0.0023580223043119454
2,-22.8,-22.7,0.8800000000000001,0.9199999999999999,166,1344,0.9561186545024034,0.9566732247683577,0.0023580223043119454
2,-22.8,-22.7,0.9199999999999999,0.96,240,1344,0.9561186545024034,0.9566732247683577,0.0023580223043119454
2,-22.8,-22.7,0.96,1.0,282,1344,0.9561186545024034,0.9566732247683577,0.0023580223043119454
2,-22.8,-22.7,1.0,1.04,267,1344,0.9561186545024034,0.9566732247683577,0.0023580223043119454
2,-22.8,-22.7,1.04,1.08,128,1344,0.9561186545024034,0.9566732247683577,0.0023580223043119454
2,-22.8,-22.7,1.08,1.12,36,1344,0.9561186545024034,0.9566732247683577,0.0023580223043119454
2,-22.8,-22.7,1.12,1.16,9,1344,0.9561186545024034,0.9566732247683577,0.0023580223043119454
2,-22.8,-22.7,1.16,1.2,1,1344,0.9561186545024034,0.9566732247683577,0.0023580223043119454
2,-22.8,-22.7,1.2,1.24,0,1344,0.9561186545024034,0.9566732247683577,0.0023580223043119454
2,-22.8,-22.7,1.24,1.28,0,1344,0.9561186545024034,0.9566732247683577,0.0023580223043119454
2,-22.8,-22.7,1.28,1.32,0,1344,0.9561186545024034,0.9566732247683577,0.0023580223043119454
2,-22.8,-22.7,1.32,1.3599999999999999,0,1344,0.9561186545024034,0.9566732247683577,0.0023580223043119454
2,-22.8,-22.7,1.3599999999999999,1.4,0,1344,0.9561186545024034,0.9566732247683577,0.0023580223043119454
2,-22.7,-22.6,0.2,0.24000000000000002,0,2135,0.9494955105148085,0.950657154311005,0.0019471365701436345
2,-22.7,-22.6,0.24000000000000002,0.28,0,2135,0.9494955105148085,0.950657154311005,0.0019471365701436345
2,-22.7,-22.6,0.28,0.32,0,2135,0.9494955105148085,0.950657154311005,0.0019471365701436345
2,-22.7,-22.6,0.32,0.36,0,2135,0.9494955105148085,0.950657154311005,0.0019471365701436345
2,-22.7,-22.6,0.36,0.4,0,2135,0.9494955105148085,0.950657154311005,0.0019471365701436345
2,-22.7,-22.6,0.4,0.44,0,2135,0.9494955105148085,0.950657154311005,0.0019471365701436345
2,-22.7,-22.6,0.44,0.48000000000000004,0,2135,0.9494955105148085,0.950657154311005,0.0019471365701436345
2,-22.7,-22.6,0.48000000000000004,0.52,1,2135,0.9494955105148085,0.950657154311005,0.0019471365701436345
2,-22.7,-22.6,0.52,0.56,0,2135,0.9494955105148085,0.950657154311005,0.0019471365701436345
2,-22.7,-22.6,0.56,0.6000000000000001,0,2135,0.9494955105148085,0.950657154311005,0.0019471365701436345
2,-22.7,-22.6,0.6000000000000001,0.64,6,2135,0.9494955105148085,0.950657154311005,0.0019471365701436345
2,-22.7,-22.6,0.64,0.6799999999999999,11,2135,0.9494955105148085,0.950657154311005,0.0019471365701436345
2,-22.7,-22.6,0.6799999999999999,0.72,19,2135,0.9494955105148085,0.950657154311005,0.0019471365701436345
2,-22.7,-22.6,0.72,0.76,46,2135,0.9494955105148085,0.950657154311005,0.0019471365701436345
2,-22.7,-22.6,0.76,0.8,79,2135,0.9494955105148085,0.950657154311005,0.0019471365701436345
2,-22.7,-22.6,0.8,0.8400000000000001,103,2135,0.9494955105148085,0.950657154311005,0.0019471365701436345
2,-22.7,-22.6,0.8400000000000001,0.8800000000000001,133,2135,0.9494955105148085,0.950657154311005,0.0019471365701436345
2,-22.7,-22.6,0.8800000000000001,0.9199999999999999,233,2135,0.9494955105148085,0.950657154311005,0.0019471365701436345
2,-22.7,-22.6,0.9199999999999999,0.96,404,2135,0.9494955105148085,0.950657154311005,0.0019471365701436345
2,-22.7,-22.6,0.96,1.0,475,2135,0.9494955105148085,0.950657154311005,0.0019471365701436345
2,-22.7,-22.6,1.0,1.04,374,2135,0.9494955105148085,0.950657154311005,0.0019471365701436345
2,-22.7,-22.6,1.04,1.08,168,2135,0.9494955105148085,0.950657154311005,0.0019471365701436345
2,-22.7,-22.6,1.08,1.12,60,2135,0.9494955105148085,0.950657154311005,0.0019471365701436345
2,-22.7,-22.6,1.12,1.16,19,2135,0.9494955105148085,0.950657154311005,0.0019471365701436345
2,-22.7,-22.6,1.16,1.2,4,2135,0.9494955105148085,0.950657154311005,0.0019471365701436345
2,-22.7,-22.6,1.2,1.24,0,2135,0.9494955105148085,0.950657154311005,0.0019471365701436345
2,-22.7,-22.6,1.24,1.28,0,2135,0.9494955105148085,0.950657154311005,0.0019471365701436345
2,-22.7,-22.6,1.28,1.32,0,2135,0.9494955105148085,0.950657154311005,0.0019471365701436345
2,-22.7,-22.6,1.32,1.3599999999999999,0,2135,0.9494955105148085,0.950657154311005,0.0019471365701436345
2,-22.7,-22.6,1.3599999999999999,1.4,0,2135,0.9494955105148085,0.950657154311005,0.0019471365701436345
2,-22.6,-22.5,0.2,0.24000000000000002,0,3735,0.9429367979085714,0.9443996966671651,0.0015333191787755384
2,-22.6,-22.5,0.24000000000000002,0.28,0,3735,0.9429367979085714,0.9443996966671651,0.0015333191787755384
2,-22.6,-22.5,0.28,0.32,0,3735,0.9429367979085714,0.9443996966671651,0.0015333191787755384
2,-22.6,-22.5,0.32,0.36,0,3735,0.9429367979085714,0.9443996966671651,0.0015333191787755384
2,-22.6,-22.5,0.36,0.4,0,3735,0.9429367979085714,0.9443996966671651,0.0015333191787755384
2,-22.6,-22.5,0.4,0.44,0,3735,0.9429367979085714,0.9443996966671651,0.0015333191787755384
2,-22.6,-22.5,0.44,0.48000000000000004,0,3735,0.9429367979085714,0.9443996966671651,0.0015333191787755384
2,-22.6,-22.5,0.48000000000000004,0.52,0,3735,0.9429367979085714,0.9443996966671651,0.0015333191787755384
2,-22.6,-22.5,0.52,0.56,1,3735,0.9429367979085714,0.9443996966671651,0.0015333191787755384
2,-22.6,-22.5,0.56,0.6000000000000001,8,3735,0.9429367979085714,0.9443996966671651,0.0015333191787755384
2,-22.6,-22.5,0.6000000000000001,0.64,19,3735,0.9429367979085714,0.9443996966671651,0.0015333191787755384
2,-22.6,-22.5,0.64,0.6799999999999999,30,3735,0.9429367979085714,0.9443996966671651,0.0015333191787755384
2,-22.6,-22.5,0.6799999999999999,0.72,61,3735,0.9429367979085714,0.9443996966671651,0.0015333191787755384
2,-22.6,-22.5,0.72,0.76,83,3735,0.9429367979085714,0.9443996966671651,0.0015333191787755384
2,-22.6,-22.5,0.76,0.8,129,3735,0.9429367979085714,0.9443996966671651,0.0015333191787755384
2,-22.6,-22.5,0.8,0.8400000000000001,178,3735,0.9429367979085714,0.9443996966671651,0.0015333191787755384
2,-22.6,-22.5,0.8400000000000001,0.8800000000000001,256,3735,0.9429367979085714,0.9443996966671651,0.0015333191787755384
2,-22.6,-22.5,0.8800000000000001,0.9199999999999999,441,3735,0.9429367979085714,0.9443996966671651,0.0015333191787755384
2,-22.6,-22.5,0.9199999999999999,0.96,720,3735,0.9429367979085714,0.9443996966671651,0.0015333191787755384
2,-22.6,-22.5,0.96,1.0,742,3735,0.9429367979085714,0.9443996966671651,0.0015333191787755384
2,-22.6,-22.5,1.0,1.04,610,3735,0.9429367979085714,0.9443996966671651,0.0015333191787755384
2,-22.6,-22.5,1.04,1.08,311,3735,0.9429367979085714,0.9443996966671651,0.0015333191787755384
2,-22.6,-22.5,1.08,1.12,121,3735,0.9429367979085714,0.9443996966671651,0.0015333191787755384
2,-22.6,-22.5,1.12,1.16,22,3735,0.9429367979085714,0.9443996966671651,0.0015333191787755384
2,-22.6,-22.5,1.16,1.2,3,3735,0.9429367979085714,0.9443996966671651,0.0015333191787755384
2,-22.6,-22.5,1.2,1.24,0,3735,0.9429367979085714,0.9443996966671651,0.0015333191787755384
2,-22.6,-22.5,1.24,1.28,0,3735,0.9429367979085714,0.9443996966671651,0.0015333191787755384
2,-22.6,-22.5,1.28,1.32,0,3735,0.9429367979085714,0.9443996966671651,0.0015333191787755384
2,-22.6,-22.5,1.32,1.3599999999999999,0,3735,0.9429367979085714,0.9443996966671651,0.0015333191787755384
2,-22.6,-22.5,1.3599999999999999,1.4,0,3735,0.9429367979085714,0.9443996966671651,0.0015333191787755384
2,-22.5,-22.4,0.2,0.24000000000000002,0,5795,0.93776146048299,0.9382938221688539,0.0012776692321471606
2,-22.5,-22.4,0.24000000000000002,0.28,0,5795,0.93776146048299,0.9382938221688539,0.0012776692321471606
2,-22.5,-22.4,0.28,0.32,0,5795,0.93776146048299,0.9382938221688539,0.0012776692321471606
2,-22.5,-22.4,0.32,0.36,0,5795,0.93776146048299,0.9382938221688539,0.0012776692321471606
2,-22.5,-22.4,0.36,0.4,0,5795,0.93776146048299,0.9382938221688539,0.0012776692321471606
2,-22.5,-22.4,0.4,0.44,0,5795,0.93776146048299,0.9382938221688539,0.0012776692321471606
2,-22.5,-22.4,0.44,0.48000000000000004,0,5795,0.93776146048299,0.9382938221688539,0.0012776692321471606
2,-22.5,-22.4,0.48000000000000004,0.52,0,5795,0.93776146048299,0.9382938221688539,0.0012776692321471606
2,-22.5,-22.4,0.52,0.56,6,5795,0.93776146048299,0.9382938221688539,0.0012776692321471606
2,-22.5,-22.4,0.56,0.6000000000000001,20,5795,0.93776146048299,0.9382938221688539,0.0012776692321471606
2,-22.5,-22.4,0.6000000000000001,0.64,31,5795,0.93776146048299,0.9382938221688539,0.0012776692321471606
2,-22.5,-22.4,0.64,0.6799999999999999,51,5795,0.93776146048299,0.9382938221688539,0.0012776692321471606
2,-22.5,-22.4,0.6799999999999999,0.72,109,5795,0.93776146048299,0.9382938221688539,0.0012776692321471606
2,-22.5,-22.4,0.72,0.76,162,5795,0.93776146048299,0.9382938221688539,0.0012776692321471606
2,-22.5,-22.4,0.76,0.8,231,5795,0.93776146048299,0.9382938221688539,0.0012776692321471606
2,-22.5,-22.4,0.8,0.8400000000000001,250,5795,0.93776146048299,0.9382938221688539,0.0012776692321471606
2,-22.5,-22.4,0.8400000000000001,0.8800000000000001,423,5795,0.93776146048299,0.9382938221688539,0.0012776692321471606
2,-22.5,-22.4,0.8800000000000001,0.9199999999999999,671,5795,0.93776146048299,0.9382938221688539,0.0012776692321471606
2,-22.5,-22.4,0.9199999999999999,0.96,1087,5795,0.93776146048299,0.9382938221688539,0.0012776692321471606
2,-22.5,-22.4,0.96,1.0,1206,5795,0.93776146048299,0.9382938221688539,0.0012776692321471606
2,-22.5,-22.4,1.0,1.04,900,5795,0.93776146048299,0.9382938221688539,0.0012776692321471606
2,-22.5,-22.4,1.04,1.08,469,5795,0.93776146048299,0.9382938221688539,0.0012776692321471606
2,-22.5,-22.4,1.08,1.12,143,5795,0.93776146048299,0.9382938221688539,0.0012776692321471606
2,-22.5,-22.4,1.12,1.16,27,5795,0.93776146048299,0.9382938221688539,0.0012776692321471606
2,-22.5,-22.4,1.16,1.2,8,5795,0.93776146048299,0.9382938221688539,0.0012776692321471606
2,-22.5,-22.4,1.2,1.24,0,5795,0.93776146048299,0.9382938221688539,0.0012776692321471606
2,-22.5,-22.4,1.24,1.28,1,5795,0.93776146048299,0.9382938221688539,0.0012776692321471606
2,-22.5,-22.4,1.28,1.32,0,5795,0.93776146048299,0.9382938221688539,0.0012776692321471606
2,-22.5,-22.4,1.32,1.3599999999999999,0,5795,0.93776146048299,0.9382938221688539,0.0012776692321471606
2,-22.5,-22.4,1.3599999999999999,1.4,0,5795,0.93776146048299,0.9382938221688539,0.0012776692321471606
2,-22.4,-22.3,0.2,0.24000000000000002,0,8672,0.9317692386040951,0.9317625086798188,0.0010858144306012739
2,-22.4,-22.3,0.24000000000000002,0.28,0,8672,0.9317692386040951,0.9317625086798188,0.0010858144306012739
2,-22.4,-22.3,0.28,0.32,0,8672,0.9317692386040951,0.9317625086798188,0.0010858144306012739
2,-22.4,-22.3,0.32,0.36,0,8672,0.9317692386040951,0.9317625086798188,0.0010858144306012739
2,-22.4,-22.3,0.36,0.4,0,8672,0.9317692386040951,0.9317625086798188,0.0010858144306012739
2,-22.4,-22.3,0.4,0.44,0,8672,0.9317692386040951,0.9317625086798188,0.0010858144306012739
2,-22.4,-22.3,0.44,0.48000000000000004,0,8672,0.9317692386040951,0.9317625086798188,0.0010858144306012739
2,-22.4,-22.3,0.48000000000000004,0.52,2,8672,0.9317692386040951,0.9317625086798188,0.0010858144306012739
2,-22.4,-22.3,0.52,0.56,12,8672,0.9317692386040951,0.9317625086798188,0.0010858144306012739
2,-22.4,-22.3,0.56,0.6000000000000001,26,8672,0.9317692386040951,0.9317625086798188,0.0010858144306012739
2,-22.4,-22.3,0.6000000000000001,0.64,59,8672,0.9317692386040951,0.9317625086798188,0.0010858144306012739
2,-22.4,-22.3,0.64,0.6799999999999999,107,8672,0.9317692386040951,0.9317625086798188,0.0010858144306012739
2,-22.4,-22.3,0.6799999999999999,0.72,181,8672,0.9317692386040951,0.9317625086798188,0.0010858144306012739
2,-22.4,-22.3,0.72,0.76,260,8672,0.9317692386040951,0.9317625086798188,0.0010858144306012739
2,-22.4,-22.3,0.76,0.8,350,8672,0.9317692386040951,0.9317625086798188,0.0010858144306012739
2,-22.4,-22.3,0.8,0.8400000000000001,423,8672,0.9317692386040951,0.9317625086798188,0.0010858144306012739
2,-22.4,-22.3,0.8400000000000001,0.8800000000000001,705,8672,0.9317692386040951,0.9317625086798188,0.0010858144306012739
2,-22.4,-22.3,0.8800000000000001,0.9199999999999999,1060,8672,0.9317692386040951,0.9317625086798188,0.0010858144306012739
2,-22.4,-22.3,0.9199999999999999,0.96,1574,8672,0.9317692386040951,0.9317625086798188,0.0010858144306012739
2,-22.4,-22.3,0.96,1.0,1728,8672,0.9317692386040951,0.9317625086798188,0.0010858144306012739
2,-22.4,-22.3,1.0,1.04,1300,8672,0.9317692386040951,0.9317625086798188,0.0010858144306012739
2,-22.4,-22.3,1.04,1.08,621,8672,0.9317692386040951,0.9317625086798188,0.0010858144306012739
2,-22.4,-22.3,1.08,1.12,212,8672,0.9317692386040951,0.9317625086798188,0.0010858144306012739
2,-22.4,-22.3,1.12,1.16,46,8672,0.9317692386040951,0.9317625086798188,0.0010858144306012739
2,-22.4,-22.3,1.16,1.2,3,8672,0.9317692386040951,0.9317625086798188,0.0010858144306012739
2,-22.4,-22.3,1.2,1.24,2,8672,0.9317692386040951,0.9317625086798188,0.0010858144306012739
2,-22.4,-22.3,1.24,1.28,1,8672,0.9317692386040951,0.9317625086798188,0.0010858144306012739
2,-22.4,-22.3,1.28,1.32,0,8672,0.9317692386040951,0.9317625086798188,0.0010858144306012739
2,-22.4,-22.3,1.32,1.3599999999999999,0,8672,0.9317692386040951,0.9317625086798188,0.0010858144306012739
2,-22.4,-22.3,1.3599999999999999,1.4,0,8672,0.9317692386040951,0.9317625086798188,0.0010858144306012739
2,-22.3,-22.2,0.2,0.24000000000000002,0,12793,0.9265741240178517,0.9254581834895597,0.0009258608293414627
2,-22.3,-22.2,0.24000000000000002,0.28,0,12793,0.9265741240178517,0.9254581834895597,0.0009258608293414627
2,-22.3,-22.2,0.28,0.32,0,12793,0.9265741240178517,0.9254581834895597,0.0009258608293414627
2,-22.3,-22.2,0.32,0.36,0,12793,0.9265741240178517,0.9254581834895597,0.0009258608293414627
2,-22.3,-22.2,0.36,0.4,0,12793,0.9265741240178517,0.9254581834895597,0.0009258608293414627
2,-22.3,-22.2,0.4,0.44,2,12793,0.9265741240178517,0.9254581834895597,0.0009258608293414627
2,-22.3,-22.2,0.44,0.48000000000000004,6,12793,0.9265741240178517,0.9254581834895597,0.0009258608293414627
2,-22.3,-22.2,0.48000000000000004,0.52,10,12793,0.9265741240178517,0.9254581834895597,0.0009258608293414627
2,-22.3,-22.2,0.52,0.56,27,12793,0.9265741240178517,0.9254581834895597,0.0009258608293414627
2,-22.3,-22.2,0.56,0.6000000000000001,50,12793,0.9265741240178517,0.9254581834895597,0.0009258608293414627
2,-22.3,-22.2,0.6000000000000001,0.64,101,12793,0.9265741240178517,0.9254581834895597,0.0009258608293414627
2,-22.3,-22.2,0.64,0.6799999999999999,202,12793,0.9265741240178517,0.9254581834895597,0.0009258608293414627
2,-22.3,-22.2,0.6799999999999999,0.72,299,12793,0.9265741240178517,0.9254581834895597,0.0009258608293414627
2,-22.3,-22.2,0.72,0.76,413,12793,0.9265741240178517,0.9254581834895597,0.0009258608293414627
2,-22.3,-22.2,0.76,0.8,501,12793,0.9265741240178517,0.9254581834895597,0.0009258608293414627
2,-22.3,-22.2,0.8,0.8400000000000001,626,12793,0.9265741240178517,0.9254581834895597,0.0009258608293414627
2,-22.3,-22.2,0.8400000000000001,0.8800000000000001,1001,12793,0.9265741240178517,0.9254581834895597,0.0009258608293414627
2,-22.3,-22.2,0.8800000000000001,0.9199999999999999,1620,12793,0.9265741240178517,0.9254581834895597,0.0009258608293414627
2,-22.3,-22.2,0.9199999999999999,0.96,2411,12793,0.9265741240178517,0.9254581834895597,0.0009258608293414627
2,-22.3,-22.2,0.96,1.0,2510,12793,0.9265741240178517,0.9254581834895597,0.0009258608293414627
2,-22.3,-22.2,1.0,1.04,1771,12793,0.9265741240178517,0.9254581834895597,0.0009258608293414627
2,-22.3,-22.2,1.04,1.08,883,12793,0.9265741240178517,0.9254581834895597,0.0009258608293414627
2,-22.3,-22.2,1.08,1.12,283,12793,0.9265741240178517,0.9254581834895597,0.0009258608293414627
2,-22.3,-22.2,1.12,1.16,70,12793,0.9265741240178517,0.9254581834895597,0.0009258608293414627
2,-22.3,-22.2,1.16,1.2,7,12793,0.9265741240178517,0.9254581834895597,0.0009258608293414627
2,-22.3,-22.2,1.2,1.24,0,12793,0.9265741240178517,0.9254581834895597,0.0009258608293414627
2,-22.3,-22.2,1.24,1.28,0,12793,0.9265741240178517,0.9254581834895597,0.0009258608293414627
2,-22.3,-22.2,1.28,1.32,0,12793,0.9265741240178517,0.9254581834895597,0.0009258608293414627
2,-22.3,-22.2,1.32,1.3599999999999999,0,12793,0.9265741240178517,0.9254581834895597,0.0009258608293414627
2,-22.3,-22.2,1.3599999999999999,1.4,0,12793,0.9265741240178517,0.9254581834895597,0.0009258608293414627
2,-22.2,-22.1,0.2,0.24000000000000002,0,17834,0.9185683458172881,0.9194237627232207,0.0008098793396535628
2,-22.2,-22.1,0.24000000000000002,0.28,0,17834,0.9185683458172881,0.9194237627232207,0.0008098793396535628
2,-22.2,-22.1,0.28,0.32,0,17834,0.9185683458172881,0.9194237627232207,0.0008098793396535628
2,-22.2,-22.1,0.32,0.36,1,17834,0.9185683458172881,0.9194237627232207,0.0008098793396535628
2,-22.2,-22.1,0.36,0.4,0,17834,0.9185683458172881,0.9194237627232207,0.0008098793396535628
2,-22.2,-22.1,0.4,0.44,2,17834,0.9185683458172881,0.9194237627232207,0.0008098793396535628
2,-22.2,-22.1,0.44,0.48000000000000004,8,17834,0.9185683458172881,0.9194237627232207,0.0008098793396535628
2,-22.2,-22.1,0.48000000000000004,0.52,26,17834,0.9185683458172881,0.9194237627232207,0.0008098793396535628
2,-22.2,-22.1,0.52,0.56,43,17834,0.9185683458172881,0.9194237627232207,0.0008098793396535628
2,-22.2,-22.1,0.56,0.6000000000000001,89,17834,0.9185683458172881,0.9194237627232207,0.0008098793396535628
2,-22.2,-22.1,0.6000000000000001,0.64,208,17834,0.9185683458172881,0.9194237627232207,0.0008098793396535628
2,-22.2,-22.1,0.64,0.6799999999999999,331,17834,0.9185683458172881,0.9194237627232207,0.0008098793396535628
2,-22.2,-22.1,0.6799999999999999,0.72,487,17834,0.9185683458172881,0.9194237627232207,0.0008098793396535628
2,-22.2,-22.1,0.72,0.76,658,17834,0.9185683458172881,0.9194237627232207,0.0008098793396535628
2,-22.2,-22.1,0.76,0.8,738,17834,0.9185683458172881,0.9194237627232207,0.0008098793396535628
2,-22.2,-22.1,0.8,0.8400000000000001,943,17834,0.9185683458172881,0.9194237627232207,0.0008098793396535628
2,-22.2,-22.1,0.8400000000000001,0.8800000000000001,1424,17834,0.9185683458172881,0.9194237627232207,0.0008098793396535628
2,-22.2,-22.1,0.8800000000000001,0.9199999999999999,2360,17834,0.9185683458172881,0.9194237627232207,0.0008098793396535628
2,-22.2,-22.1,0.9199999999999999,0.96,3327,17834,0.9185683458172881,0.9194237627232207,0.0008098793396535628
2,-22.2,-22.1,0.96,1.0,3275,17834,0.9185683458172881,0.9194237627232207,0.0008098793396535628
2,-22.2,-22.1,1.0,1.04,2377,17834,0.9185683458172881,0.9194237627232207,0.0008098793396535628
2,-22.2,-22.1,1.04,1.08,1062,17834,0.9185683458172881,0.9194237627232207,0.0008098793396535628
2,-22.2,-22.1,1.08,1.12,378,17834,0.9185683458172881,0.9194237627232207,0.0008098793396535628
2,-22.2,-22.1,1.12,1.16,78,17834,0.9185683458172881,0.9194237627232207,0.0008098793396535628
2,-22.2,-22.1,1.16,1.2,16,17834,0.9185683458172881,0.9194237627232207,0.0008098793396535628
2,-22.2,-22.1,1.2,1.24,2,17834,0.9185683458172881,0.9194237627232207,0.0008098793396535628
2,-22.2,-22.1,1.24,1.28,1,17834,0.9185683458172881,0.9194237627232207,0.0008098793396535628
2,-22.2,-22.1,1.28,1.32,0,17834,0.9185683458172881,0.9194237627232207,0.0008098793396535628
2,-22.2,-22.1,1.32,1.3599999999999999,0,17834,0.9185683458172881,0.9194237627232207,0.0008098793396535628
2,-22.2,-22.1,1.3599999999999999,1.4,0,17834,0.9185683458172881,0.9194237627232207,0.0008098793396535628
2,-22.1,-22.0,0.2,0.24000000000000002,0,24731,0.9130937424279428,0.9128190363969034,0.000712333154494632
2,-22.1,-22.0,0.24000000000000002,0.28,0,24731,0.9130937424279428,0.9128190363969034,0.000712333154494632
2,-22.1,-22.0,0.28,0.32,0,24731,0.9130937424279428,0.9128190363969034,0.000712333154494632
2,-22.1,-22.0,0.32,0.36,1,24731,0.9130937424279428,0.9128190363969034,0.000712333154494632
2,-22.1,-22.0,0.36,0.4,3,24731,0.9130937424279428,0.9128190363969034,0.000712333154494632
2,-22.1,-22.0,0.4,0.44,4,24731,0.9130937424279428,0.9128190363969034,0.000712333154494632
2,-22.1,-22.0,0.44,0.48000000000000004,20,24731,0.9130937424279428,0.9128190363969034,0.000712333154494632
2,-22.1,-22.0,0.48000000000000004,0.52,38,24731,0.9130937424279428,0.9128190363969034,0.000712333154494632
2,-22.1,-22.0,0.52,0.56,80,24731,0.9130937424279428,0.9128190363969034,0.000712333154494632
2,-22.1,-22.0,0.56,0.6000000000000001,183,24731,0.9130937424279428,0.9128190363969034,0.000712333154494632
2,-22.1,-22.0,0.6000000000000001,0.64,327,24731,0.9130937424279428,0.9128190363969034,0.000712333154494632
2,-22.1,-22.0,0.64,0.6799999999999999,497,24731,0.9130937424279428,0.9128190363969034,0.000712333154494632
2,-22.1,-22.0,0.6799999999999999,0.72,779,24731,0.9130937424279428,0.9128190363969034,0.000712333154494632
2,-22.1,-22.0,0.72,0.76,911,24731,0.9130937424279428,0.9128190363969034,0.000712333154494632
2,-22.1,-22.0,0.76,0.8,1129,24731,0.9130937424279428,0.9128190363969034,0.000712333154494632
2,-22.1,-22.0,0.8,0.8400000000000001,1367,24731,0.9130937424279428,0.9128190363969034,0.000712333154494632
2,-22.1,-22.0,0.8400000000000001,0.8800000000000001,2059,24731,0.9130937424279428,0.9128190363969034,0.000712333154494632
2,-22.1,-22.0,0.8800000000000001,0.9199999999999999,3156,24731,0.9130937424279428,0.9128190363969034,0.000712333154494632
2,-22.1,-22.0,0.9199999999999999,0.96,4458,24731,0.9130937424279428,0.9128190363969034,0.000712333154494632
2,-22.1,-22.0,0.96,1.0,4485,24731,0.9130937424279428,0.9128190363969034,0.000712333154494632
2,-22.1,-22.0,1.0,1.04,3139,24731,0.9130937424279428,0.9128190363969034,0.000712333154494632
2,-22.1,-22.0,1.04,1.08,1480,24731,0.9130937424279428,0.9128190363969034,0.000712333154494632
2,-22.1,-22.0,1.08,1.12,490,24731,0.9130937424279428,0.9128190363969034,0.000712333154494632
2,-22.1,-22.0,1.12,1.16,107,24731,0.9130937424279428,0.9128190363969034,0.000712333154494632
2,-22.1,-22.0,1.16,1.2,15,24731,0.9130937424279428,0.9128190363969034,0.000712333154494632
2,-22.1,-22.0,1.2,1.24,3,24731,0.9130937424279428,0.9128190363969034,0.000712333154494632
2,-22.1,-22.0,1.24,1.28,0,24731,0.9130937424279428,0.9128190363969034,0.000712333154494632
2,-22.1,-22.0,1.28,1.32,0,24731,0.9130937424279428,0.9128190363969034,0.000712333154494632
2,-22.1,-22.0,1.32,1.3599999999999999,0,24731,0.9130937424279428,0.9128190363969034,0.000712333154494632
2,-22.1,-22.0,1.3599999999999999,1.4,0,24731,0.9130937424279428,0.9128190363969034,0.000712333154494632
2,-22.0,-21.9,0.2,0.24000000000000002,0,32678,0.9066457414686951,0.9066111932956481,0.000639384549298914
2,-22.0,-21.9,0.24000000000000002,0.28,0,32678,0.9066457414686951,0.9066111932956481,0.000639384549298914
2,-22.0,-21.9,0.28,0.32,1,32678,0.9066457414686951,0.9066111932956481,0.000639384549298914
2,-22.0,-21.9,0.32,0.36,3,32678,0.9066457414686951,0.9066111932956481,0.000639384549298914
2,-22.0,-21.9,0.36,0.4,3,32678,0.9066457414686951,0.9066111932956481,0.000639384549298914
2,-22.0,-21.9,0.4,0.44,14,32678,0.9066457414686951,0.9066111932956481,0.000639384549298914
2,-22.0,-21.9,0.44,0.48000000000000004,25,32678,0.9066457414686951,0.9066111932956481,0.000639384549298914
2,-22.0,-21.9,0.48000000000000004,0.52,75,32678,0.9066457414686951,0.9066111932956481,0.000639384549298914
2,-22.0,-21.9,0.52,0.56,146,32678,0.9066457414686951,0.9066111932956481,0.000639384549298914
2,-22.0,-21.9,0.56,0.6000000000000001,262,32678,0.9066457414686951,0.9066111932956481,0.000639384549298914
2,-22.0,-21.9,0.6000000000000001,0.64,497,32678,0.9066457414686951,0.9066111932956481,0.000639384549298914
2,-22.0,-21.9,0.64,0.6799999999999999,752,32678,0.9066457414686951,0.9066111932956481,0.000639384549298914
2,-22.0,-21.9,0.6799999999999999,0.72,1030,32678,0.9066457414686951,0.9066111932956481,0.000639384549298914
2,-22.0,-21.9,0.72,0.76,1316,32678,0.9066457414686951,0.9066111932956481,0.000639384549298914
2,-22.0,-21.9,0.76,0.8,1543,32678,0.9066457414686951,0.9066111932956481,0.000639384549298914
2,-22.0,-21.9,0.8,0.8400000000000001,1887,32678,0.9066457414686951,0.9066111932956481,0.000639384549298914
2,-22.0,-21.9,0.8400000000000001,0.8800000000000001,2770,32678,0.9066457414686951,0.9066111932956481,0.000639384549298914
2,-22.0,-21.9,0.8800000000000001,0.9199999999999999,4388,32678,0.9066457414686951,0.9066111932956481,0.000639384549298914
2,-22.0,-21.9,0.9199999999999999,0.96,5920,32678,0.9066457414686951,0.9066111932956481,0.000639384549298914
2,-22.0,-21.9,0.96,1.0,5664,32678,0.9066457414686951,0.9066111932956481,0.000639384549298914
2,-22.0,-21.9,1.0,1.04,3920,32678,0.9066457414686951,0.9066111932956481,0.000639384549298914
2,-22.0,-21.9,1.04,1.08,1778,32678,0.9066457414686951,0.9066111932956481,0.000639384549298914
2,-22.0,-21.9,1.08,1.12,525,32678,0.9066457414686951,0.9066111932956481,0.000639384549298914
2,-22.0,-21.9,1.12,1.16,127,32678,0.9066457414686951,0.9066111932956481,0.000639384549298914
2,-22.0,-21.9,1.16,1.2,28,32678,0.9066457414686951,0.9066111932956481,0.000639384549298914
2,-22.0,-21.9,1.2,1.24,3,32678,0.9066457414686951,0.9066111932956481,0.000639384549298914
2,-22.0,-21.9,1.24,1.28,0,32678,0.9066457414686951,0.9066111932956481,0.000639384549298914
2,-22.0,-21.9,1.28,1.32,1,32678,0.9066457414686951,0.9066111932956481,0.000639384549298914
2,-22.0,-21.9,1.32,1.3599999999999999,0,32678,0.9066457414686951,0.9066111932956481,0.000639384549298914
2,-22.0,-21.9,1.3599999999999999,1.4,0,32678,0.9066457414686951,0.9066111932956481,0.000639384549298914
2,-21.9,-21.8,0.2,0.24000000000000002,0,43228,0.900124767689034,0.9001241085838287,0.0005739294935157043
2,-21.9,-21.8,0.24000000000000002,0.28,0,43228,0.900124767689034,0.9001241085838287,0.0005739294935157043
2,-21.9,-21.8,0.28,0.32,2,43228,0.900124767689034,0.9001241085838287,0.0005739294935157043
2,-21.9,-21.8,0.32,0.36,2,43228,0.900124767689034,0.9001241085838287,0.0005739294935157043
2,-21.9,-21.8,0.36,0.4,7,43228,0.900124767689034,0.9001241085838287,0.0005739294935157043
2,-21.9,-21.8,0.4,0.44,23,43228,0.900124767689034,0.9001241085838287,0.0005739294935157043
2,-21.9,-21.8,0.44,0.48000000000000004,63,43228,0.900124767689034,0.9001241085838287,0.0005739294935157043
2,-21.9,-21.8,0.48000000000000004,0.52,123,43228,0.900124767689034,0.9001241085838287,0.0005739294935157043
2,-21.9,-21.8,0.52,0.56,258,43228,0.900124767689034,0.9001241085838287,0.0005739294935157043
2,-21.9,-21.8,0.56,0.6000000000000001,480,43228,0.900124767689034,0.9001241085838287,0.0005739294935157043
2,-21.9,-21.8,0.6000000000000001,0.64,786,43228,0.900124767689034,0.9001241085838287,0.0005739294935157043
2,-21.9,-21.8,0.64,0.6799999999999999,1122,43228,0.900124767689034,0.9001241085838287,0.0005739294935157043
2,-21.9,-21.8,0.6799999999999999,0.72,1462,43228,0.900124767689034,0.9001241085838287,0.0005739294935157043
2,-21.9,-21.8,0.72,0.76,1851,43228,0.900124767689034,0.9001241085838287,0.0005739294935157043
2,-21.9,-21.8,0.76,0.8,1995,43228,0.900124767689034,0.9001241085838287,0.0005739294935157043
2,-21.9,-21.8,0.8,0.8400000000000001,2477,43228,0.900124767689034,0.9001241085838287,0.0005739294935157043
2,-21.9,-21.8,0.8400000000000001,0.8800000000000001,3763,43228,0.900124767689034,0.9001241085838287,0.0005739294935157043
2,-21.9,-21.8,0.8800000000000001,0.9199999999999999,5865,43228,0.900124767689034,0.9001241085838287,0.0005739294935157043
2,-21.9,-21.8,0.9199999999999999,0.96,7662,43228,0.900124767689034,0.9001241085838287,0.0005739294935157043
2,-21.9,-21.8,0.96,1.0,7397,43228,0.900124767689034,0.9001241085838287,0.0005739294935157043
2,-21.9,-21.8,1.0,1.04,4791,43228,0.900124767689034,0.9001241085838287,0.0005739294935157043
2,-21.9,-21.8,1.04,1.08,2210,43228,0.900124767689034,0.9001241085838287,0.0005739294935157043
2,-21.9,-21.8,1.08,1.12,701,43228,0.900124767689034,0.9001241085838287,0.0005739294935157043
2,-21.9,-21.8,1.12,1.16,162,43228,0.900124767689034,0.9001241085838287,0.0005739294935157043
2,-21.9,-21.8,1.16,1.2,26,43228,0.900124767689034,0.9001241085838287,0.0005739294935157043
2,-21.9,-21.8,1.2,1.24,0,43228,0.900124767689034,0.9001241085838287,0.0005739294935157043
2,-21.9,-21.8,1.24,1.28,0,43228,0.900124767689034,0.9001241085838287,0.0005739294935157043
2,-21.9,-21.8,1.28,1.32,0,43228,0.900124767689034,0.9001241085838287,0.0005739294935157043
2,-21.9,-21.8,1.32,1.3599999999999999,0,43228,0.900124767689034,0.9001241085838287,0.0005739294935157043
2,-21.9,-21.8,1.3599999999999999,1.4,0,43228,0.900124767689034,0.9001241085838287,0.0005739294935157043
2,-21.8,-21.7,0.2,0.24000000000000002,0,55324,0.8945782769184996,0.8935275527711969,0.0005234688055301782
2,-21.8,-21.7,0.24000000000000002,0.28,1,55324,0.8945782769184996,0.8935275527711969,0.0005234688055301782
2,-21.8,-21.7,0.28,0.32,1,55324,0.8945782769184996,0.8935275527711969,0.0005234688055301782
2,-21.8,-21.7,0.32,0.36,3,55324,0.8945782769184996,0.8935275527711969,0.0005234688055301782
2,-21.8,-21.7,0.36,0.4,21,55324,0.8945782769184996,0.8935275527711969,0.0005234688055301782
2,-21.8,-21.7,0.4,0.44,49,55324,0.8945782769184996,0.8935275527711969,0.0005234688055301782
2,-21.8,-21.7,0.44,0.48000000000000004,86,55324,0.8945782769184996,0.8935275527711969,0.0005234688055301782
2,-21.8,-21.7,0.48000000000000004,0.52,226,55324,0.8945782769184996,0.8935275527711969,0.0005234688055301782
2,-21.8,-21.7,0.52,0.56,408,55324,0.8945782769184996,0.8935275527711969,0.0005234688055301782
2,-21.8,-21.7,0.56,0.6000000000000001,726,55324,0.8945782769184996,0.8935275527711969,0.0005234688055301782
2,-21.8,-21.7,0.6000000000000001,0.64,1113,55324,0.8945782769184996,0.8935275527711969,0.0005234688055301782
2,-21.8,-21.7,0.64,0.6799999999999999,1527,55324,0.8945782769184996,0.8935275527711969,0.0005234688055301782
2,-21.8,-21.7,0.6799999999999999,0.72,2003,55324,0.8945782769184996,0.8935275527711969,0.0005234688055301782
2,-21.8,-21.7,0.72,0.76,2342,55324,0.8945782769184996,0.8935275527711969,0.0005234688055301782
2,-21.8,-21.7,0.76,0.8,2643,55324,0.8945782769184996,0.8935275527711969,0.0005234688055301782
2,-21.8,-21.7,0.8,0.8400000000000001,3346,55324,0.8945782769184996,0.8935275527711969,0.0005234688055301782
2,-21.8,-21.7,0.8400000000000001,0.8800000000000001,4888,55324,0.8945782769184996,0.8935275527711969,0.0005234688055301782
2,-21.8,-21.7,0.8800000000000001,0.9199999999999999,7532,55324,0.8945782769184996,0.8935275527711969,0.0005234688055301782
2,-21.8,-21.7,0.9199999999999999,0.96,9721,55324,0.8945782769184996,0.8935275527711969,0.0005234688055301782
2,-21.8,-21.7,0.96,1.0,9013,55324,0.8945782769184996,0.8935275527711969,0.0005234688055301782
2,-21.8,-21.7,1.0,1.04,5873,55324,0.8945782769184996,0.8935275527711969,0.0005234688055301782
2,-21.8,-21.7,1.04,1.08,2724,55324,0.8945782769184996,0.8935275527711969,0.0005234688055301782
2,-21.8,-21.7,1.08,1.12,864,55324,0.8945782769184996,0.8935275527711969,0.0005234688055301782
2,-21.8,-21.7,1.12,1.16,173,55324,0.8945782769184996,0.8935275527711969,0.0005234688055301782
2,-21.8,-21.7,1.16,1.2,33,55324,0.8945782769184996,0.8935275527711969,0.0005234688055301782
2,-21.8,-21.7,1.2,1.24,7,55324,0.8945782769184996,0.8935275527711969,0.0005234688055301782
2,-21.8,-21.7,1.24,1.28,1,55324,0.8945782769184996,0.8935275527711969,0.0005234688055301782
2,-21.8,-21.7,1.28,1.32,0,55324,0.8945782769184996,0.8935275527711969,0.0005234688055301782
2,-21.8,-21.7,1.32,1.3599999999999999,0,55324,0.8945782769184996,0.8935275527711969,0.0005234688055301782
2,-21.8,-21.7,1.3599999999999999,1.4,0,55324,0.8945782769184996,0.8935275527711969,0.0005234688055301782
2,-21.7,-21.6,0.2,0.24000000000000002,0,69452,0.8871677185679637,0.8866345321502467,0.00048206369756991255
2,-21.7,-21.6,0.24000000000000002,0.28,2,69452,0.8871677185679637,0.8866345321502467,0.00048206369756991255
2,-21.7,-21.6,0.28,0.32,4,69452,0.8871677185679637,0.8866345321502467,0.00048206369756991255
2,-21.7,-21.6,0.32,0.36,10,69452,0.8871677185679637,0.8866345321502467,0.00048206369756991255
2,-21.7,-21.6,0.36,0.4,25,69452,0.8871677185679637,0.8866345321502467,0.00048206369756991255
2,-21.7,-21.6,0.4,0.44,83,69452,0.8871677185679637,0.8866345321502467,0.00048206369756991255
2,-21.7,-21.6,0.44,0.48000000000000004,176,69452,0.8871677185679637,0.8866345321502467,0.00048206369756991255
2,-21.7,-21.6,0.48000000000000004,0.52,356,69452,0.8871677185679637,0.8866345321502467,0.00048206369756991255
2,-21.7,-21.6,0.52,0.56,635,69452,0.8871677185679637,0.8866345321502467,0.00048206369756991255
2,-21.7,-21.6,0.56,0.6000000000000001,1054,69452,0.8871677185679637,0.8866345321502467,0.00048206369756991255
2,-21.7,-21.6,0.6000000000000001,0.64,1590,69452,0.8871677185679637,0.8866345321502467,0.00048206369756991255
2,-21.7,-21.6,0.64,0.6799999999999999,2209,69452,0.8871677185679637,0.8866345321502467,0.00048206369756991255
2,-21.7,-21.6,0.6799999999999999,0.72,2722,69452,0.8871677185679637,0.8866345321502467,0.00048206369756991255
2,-21.7,-21.6,0.72,0.76,2992,69452,0.8871677185679637,0.8866345321502467,0.00048206369756991255
2,-21.7,-21.6,0.76,0.8,3444,69452,0.8871677185679637,0.8866345321502467,0.00048206369756991255
2,-21.7,-21.6,0.8,0.8400000000000001,4235,69452,0.8871677185679637,0.8866345321502467,0.00048206369756991255
2,-21.7,-21.6,0.8400000000000001,0.8800000000000001,6324,69452,0.8871677185679637,0.8866345321502467,0.00048206369756991255
2,-21.7,-21.6,0.8800000000000001,0.9199999999999999,9616,69452,0.8871677185679637,0.8866345321502467,0.00048206369756991255
2,-21.7,-21.6,0.9199999999999999,0.96,11662,69452,0.8871677185679637,0.8866345321502467,0.00048206369756991255
2,-21.7,-21.6,0.96,1.0,10769,69452,0.8871677185679637,0.8866345321502467,0.00048206369756991255
2,-21.7,-21.6,1.0,1.04,6997,69452,0.8871677185679637,0.8866345321502467,0.00048206369756991255
2,-21.7,-21.6,1.04,1.08,3226,69452,0.8871677185679637,0.8866345321502467,0.00048206369756991255
2,-21.7,-21.6,1.08,1.12,1031,69452,0.8871677185679637,0.8866345321502467,0.00048206369756991255
2,-21.7,-21.6,1.12,1.16,237,69452,0.8871677185679637,0.8866345321502467,0.00048206369756991255
2,-21.7,-21.6,1.16,1.2,45,69452,0.8871677185679637,0.8866345321502467,0.00048206369756991255
2,-21.7,-21.6,1.2,1.24,7,69452,0.8871677185679637,0.8866345321502467,0.00048206369756991255
2,-21.7,-21.6,1.24,1.28,1,69452,0.8871677185679637,0.8866345321502467,0.00048206369756991255
2,-21.7,-21.6,1.28,1.32,0,69452,0.8871677185679637,0.8866345321502467,0.00048206369756991255
2,-21.7,-21.6,1.32,1.3599999999999999,0,69452,0.8871677185679637,0.8866345321502467,0.00048206369756991255
2,-21.7,-21.6,1.3599999999999999,1.4,0,69452,0.8871677185679637,0.8866345321502467,0.00048206369756991255
2,-21.6,-21.5,0.2,0.24000000000000002,2,85046,0.8788796047484364,0.8793041577973806,0.0004495938067356556
2,-21.6,-21.5,0.24000000000000002,0.28,3,85046,0.8788796047484364,0.8793041577973806,0.0004495938067356556
2,-21.6,-21.5,0.28,0.32,10,85046,0.8788796047484364,0.8793041577973806,0.0004495938067356556
2,-21.6,-21.5,0.32,0.36,28,85046,0.8788796047484364,0.8793041577973806,0.0004495938067356556
2,-21.6,-21.5,0.36,0.4,53,85046,0.8788796047484364,0.8793041577973806,0.0004495938067356556
2,-21.6,-21.5,0.4,0.44,140,85046,0.8788796047484364,0.8793041577973806,0.0004495938067356556
2,-21.6,-21.5,0.44,0.48000000000000004,312,85046,0.8788796047484364,0.8793041577973806,0.0004495938067356556
2,-21.6,-21.5,0.48000000000000004,0.52,572,85046,0.8788796047484364,0.8793041577973806,0.0004495938067356556
2,-21.6,-21.5,0.52,0.56,968,85046,0.8788796047484364,0.8793041577973806,0.0004495938067356556
2,-21.6,-21.5,0.56,0.6000000000000001,1558,85046,0.8788796047484364,0.8793041577973806,0.0004495938067356556
2,-21.6,-21.5,0.6000000000000001,0.64,2272,85046,0.8788796047484364,0.8793041577973806,0.0004495938067356556
2,-21.6,-21.5,0.64,0.6799999999999999,2949,85046,0.8788796047484364,0.8793041577973806,0.0004495938067356556
2,-21.6,-21.5,0.6799999999999999,0.72,3538,85046,0.8788796047484364,0.8793041577973806,0.0004495938067356556
2,-21.6,-21.5,0.72,0.76,3827,85046,0.8788796047484364,0.8793041577973806,0.0004495938067356556
2,-21.6,-21.5,0.76,0.8,3971,85046,0.8788796047484364,0.8793041577973806,0.0004495938067356556
2,-21.6,-21.5,0.8,0.8400000000000001,5249,85046,0.8788796047484364,0.8793041577973806,0.0004495938067356556
2,-21.6,-21.5,0.8400000000000001,0.8800000000000001,8044,85046,0.8788796047484364,0.8793041577973806,0.0004495938067356556
2,-21.6,-21.5,0.8800000000000001,0.9199999999999999,11837,85046,0.8788796047484364,0.8793041577973806,0.0004495938067356556
2,-21.6,-21.5,0.9199999999999999,0.96,14070,85046,0.8788796047484364,0.8793041577973806,0.0004495938067356556
2,-21.6,-21.5,0.96,1.0,12595,85046,0.8788796047484364,0.8793041577973806,0.0004495938067356556
2,-21.6,-21.5,1.0,1.04,7931,85046,0.8788796047484364,0.8793041577973806,0.0004495938067356556
2,-21.6,-21.5,1.04,1.08,3648,85046,0.8788796047484364,0.8793041577973806,0.0004495938067356556
2,-21.6,-21.5,1.08,1.12,1121,85046,0.8788796047484364,0.8793041577973806,0.0004495938067356556
2,-21.6,-21.5,1.12,1.16,281,85046,0.8788796047484364,0.8793041577973806,0.0004495938067356556
2,-21.6,-21.5,1.16,1.2,56,85046,0.8788796047484364,0.8793041577973806,0.0004495938067356556
2,-21.6,-21.5,1.2,1.24,9,85046,0.8788796047484364,0.8793041577973806,0.0004495938067356556
2,-21.6,-21.5,1.24,1.28,2,85046,0.8788796047484364,0.8793041577973806,0.0004495938067356556
2,-21.6,-21.5,1.28,1.32,0,85046,0.8788796047484364,0.8793041577973806,0.0004495938067356556
2,-21.6,-21.5,1.32,1.3599999999999999,0,85046,0.8788796047484364,0.8793041577973806,0.0004495938067356556
2,-21.6,-21.5,1.3599999999999999,1.4,0,85046,0.8788796047484364,0.8793041577973806,0.0004495938067356556
